index,question,document,old_topic,new_topic,similarity,reassigned,stage
0,Apa itu memvalidasi pikiran sendiri?,memvalidasi sendiri data dukung tolak yakin gagal bukti kuat ubah versi realistis sehat dialog internal,-1,-1,0.56278574,False,rejected
1,Kenapa aku malas mencoba lagi setelah jatuh?,malas jatuh gagal cipta ilusi hasil alternatif strategi konkret fakta patah ilusi pancing aksi,-1,9,0.66529,True,medium
2,Bagaimana cara efektif meminta bantuan?,efektif minta ungkap butuh spesifik butuh teman brainstorming rencana ulang riset heidi grant halvorson tunjuk minta rinci penuh,-1,-1,0.5712943,False,rejected
3,Apa saja contoh faktor yang bisa kukendalikan?,contoh faktor kendali jumlah mentor target minggu tangan kutak atik efektif ketimbang ratap nilai,-1,-1,0.48358527,False,rejected
5,Kenapa tertawa membantu setelah gagal?,tertawa gagal tawa turun hormon stres dopamin reward viktor frankl bahkan masuk humor strategi tahan mental,-1,-1,0.6092962,False,rejected
7,Mengapa sukses tidak selalu wajib?,sukses wajib tuju hidup tumbuh relasi kontribusi wakil angka sukses konvensional carol dweck tekan penting growth mindset,-1,-1,0.41536498,False,rejected
9,Bagaimana belajar kendali diri dari orang lain?,kendali diri role model hadap situasi rupa strategi adaptasi observational learning albert bandura efektif hemat,-1,-1,0.4983639,False,rejected
14,"Saat dikritik, aku otomatis defensif. Apakah self‑system sedang aktif?",kritik otomatis defensif self sedang betul jeda jenak detail kritik jelas self perlu serang balik,-1,-1,0.5661919,False,rejected
22,Aku sering merasa tidak layak dicintai. Bagaimana membuka diri pada intimasi?,layak cinta diri intimasi beri diri kualitas positif kecil teman percaya intimasi tumbuh lewat jujur tahap,-1,-1,0.62805927,False,rejected
24,"Mana yang lebih kuat membentuk diriku, gen atau lingkungan?",kuat bentuk diri kolaborasi siap alat hasil akhir versi diri unik,-1,-1,0.6205409,False,rejected
25,"Usiaku sudah 40‑an, terlambatkah mengubah sifat perfeksionis berlebihan?",usia lambat ubah sifat perfeksionis lambat otak tetap plastis mindful self compassion arah perfeksionisme standar sehat bukan beban,-1,-1,0.5630692,False,rejected
29,Kenapa aku suka impulsif belanja online tengah malam?,impulsif belanja tengah senang cepat tunda klik lama beri ruang nilai barang perlu,-1,-1,0.602077,False,rejected
30,Bagaimana menggali isi alam bawah sadarku secara sehat?,gali alam bawah sehat journaling bebas terapi bicara singkap pola sembunyi kelola,-1,1,0.68418944,True,medium
35,Aku sulit menolak permintaan teman. Bagaimana belajar assertive?,sulit tolak minta teman assertive singkat maaf ingat kata arti ruang prioritas,-1,35,0.66549027,True,medium
36,Berapa lama membentuk kebiasaan optimis?,berapa lama bentuk optimis studi tunjuk rata rata afirmasi pagi syukur evaluasi maju bulan,-1,-1,0.44045794,False,rejected
37,Aku ingin lebih disiplin tapi teman kurang mendukung. Apa solusinya?,disiplin teman kurang dukung solusi tuju rupa dukung sosial selaras nilai kuat tekad jalan ubah,-1,14,0.6984995,True,medium
38,Aku sering berpikir ‘semua harus sempurna’. Bagaimana mengubahnya?,sempurna ubah tantang cukup maju ulang turun tekan perfeksionis,-1,-1,0.55453515,False,rejected
41,Apa langkah praktis menuju aktualisasi diri?,praktis tuju aktualisasi diri kenal bakat refleksi feedback tantang diri proyek luar zona nyaman raya progres bukan sempurna,-1,15,0.70276415,True,medium
43,"Aku kesepian dan pengen ketemu orang baru, tapi nggak tahu mulai dari mana. Ada ide?",sepi tahu ngurangin sepi giat sukarela acara donasi buku nilai obrol alir alami grup fotografi masak diskusi interaksi kecil bahkan senyum,-1,-1,0.5874791,False,rejected
47,Aku kesal karena atasan bilang presentasiku kurang menarik. Rasanya dihina. Gimana biar nggak baper?,kesal presentasi kurang hina baper komentar nyakitin pisahin fakta presentasi bukan diri mikir hina teknik presentasi udah capai kerja bukti kecil rangin baper slide,-1,-1,0.61327004,False,rejected
50,"Aku cemas tiap buka dompet, takut nggak cukup duit. Gimana caranya biar nggak panik?",cemas dompet takut cukup duit panik dompet tipis emang khawatir panik henti fakta saldo batas atur syukur makan catat keluar sederhana pilih hemat masak tenang catat keluar sore,-1,10,0.7581317,True,high
52,"Aku stres karena putus sama pacar, rasanya dunia runtuh. Gimana caranya biar nggak lebay?",stres putus pacar runtuh lebay putus sakit bayangin diri naik balon udara hidup putus kecil panjang syukur temen kecil jalan jalan hidup drama rencana seru akhir pekan,-1,-1,0.6453153,False,rejected
59,Saya merasa sulit mandiri karena dulu dimanjakan. Bagaimana cara berubah?,sulit mandiri manja ubah mandiri kuat batin alfred adler gaya hidup manja kurang sosial ubah kecil atur jadwal sendiri hasil mandiri bangga kecil bawa ubah tugas sendiri,-1,29,0.7177304,True,medium
61,Saya sering merasa harus lindungi diri dari kritik. Bagaimana cara lebih terbuka?,lindung diri kritik peka alfred adler derita neurosis lindung harga diri takut kritik kritik peluang kritik nyata tumbuh teman dekat kritik hadap,-1,-1,0.6456049,False,rejected
71,Saya ingin hubungan yang lebih sehat. Bagaimana cara membangunnya?,sehat sehat tunjuk hati erich fromm cinta hilang diri empat unsur cinta peduli hormat erti dengar teman pasang penuh perhati tindak cinta laku kuat,-1,-1,0.63808143,False,rejected
73,Saya merasa tidak tahu siapa saya sebenarnya. Bagaimana cara temukan identitas saya?,tahu siapa identitas identitas tualang indah erich fromm sensitivitas identitas tahu unik nilai passion kreativitas eksplorasi bicara teman dekat spesial,-1,15,0.7046578,True,medium
74,Saya ingin pahami kepribadian saya lebih baik. Dari mana saya mulai?,paham pribadi kenal diri seru erich fromm pribadi kualitas unik sifat definisi sabar kreatif refleksi kapan paling autentik eksplorasi jurnal sifat bangga,-1,15,0.7414408,True,medium
75,Saya merasa selalu butuh pujian untuk bahagia. Bagaimana cara lebih mandiri?,butuh puji bahagia mandiri bijak tuju bebas erich fromm tipe reseptif validasi luar mandiri kuat bangga laku aktivitas diri baca buku favorit laku bahagia puji,-1,33,0.6995003,True,medium
77,Saya sulit melepaskan barang atau emosi lama. Bagaimana cara lebih terbuka?,sulit lepas barang emosi lama sulit lepas erich fromm tipe timbun simpan lepas barang kecil donasi baju lama emosi lama jurnal lepas raya lepas,-1,-1,0.612471,False,rejected
79,Saya ingin hubungan cinta yang lebih dalam. Bagaimana cara membangunnya?,cinta cinta indah erich fromm cinta produktif empat kualitas peduli hormat erti tunjuk peduli dengar pasang teman sepenuh hati tindak cinta laku,-1,33,0.65094215,True,medium
80,Saya merasa harus selalu tampil sempurna. Bagaimana cara terima diri apa adanya?,tampil sempurna terima diri tekan sempurna berat layak cinta erich fromm narsisme berat tampil nilai sejati batin sifat fisik bangga raya ketidaksempurnaan unik sifat harga,-1,33,0.74838245,True,medium
82,Kenapa aku merasa sulit membangun hubungan dekat dengan orang lain?,sulit dekat dekat mudah melanie klein pertama pengaruh kecil sederhana teman nyaman,-1,14,0.7261575,True,medium
83,"Aku sering merasa bersalah atas hal-hal kecil, apa yang bisa aku lakukan?",salah kecil laku salah berat melanie klein muncul diri sejak kecil takut ancam salah diri sendiri salah terlalu diri sendiri,-1,4,0.7614485,True,high
84,"Aku merasa bersalah karena kadang nggak akur sama orang tua, apa ini normal?",salah akur naik turun melanie klein sejak kecil sayang sekaligus kesal santai ringan,-1,30,0.7072014,True,medium
85,"Aku merasa sulit merasa ‘utuh’ sebagai diri sendiri, apa yang bisa membantu?",sulit utuh diri sendiri utuh butuh margaret mahler sejak kecil diri sendiri dekat aktivitas nyaman diri sendiri jurnal siapa,-1,15,0.6793864,True,medium
87,"Aku merasa hubunganku dengan temen sering bermasalah, apa yang bisa aku perbaiki?",temen teman penuh tantang melanie klein sehat butuh pola konsisten saling dengar harga temenmu jujur saling paham,-1,-1,0.638825,False,rejected
90,"Aku suka bercanda, tapi takut orang lain tersinggung. Gimana caranya bercanda yang sehat?",canda takut singgung canda sehat canda seru emang hati hati humor sakit canda ringan alam lucu situasi hindar topik sensitif senang,-1,18,0.74631315,True,medium
91,"Aku pengen hubungan yang lebih bermakna, tapi nggak tahu caranya. Ada tips?",makna tahu tips makna impi cinta sehat datang saling harga tumbuh komunikasi jujur pasang laku kecil tunjuk perhati harap,-1,33,0.6636696,True,medium
94,Saya sering merasa kaku saat berinteraksi. Bagaimana cara jadi lebih ramah?,kaku interaksi ramah ramah tunjuk hati robert mccrae paul costa agreeableness sifat ramah kooperatif senyum kabar tulus kabar nyaman interaksi tindak kecil ramah,-1,33,0.66895413,True,medium
97,Saya sering menunda-nunda tugas. Bagaimana cara lebih disiplin?,tunda nunda tugas disiplin tunda manusiawi disiplin robert mccrae paul costa conscientiousness teknik tugas seringkali lanjut tuju kecil tugas,-1,-1,0.58629775,False,rejected
98,Saya ingin lebih paham diri saya sendiri. Bagaimana teori Big Five bisa membantu?,paham diri sendiri teori five kenal diri sendiri tualang seru jalur tepat robert mccrae paul costa teori five paham pribadi lewat lima sifat refleksi paling cermin ekstrovert ramah atur stabil sifat tonjol kuis five sifat penasaran,-1,-1,0.53855395,False,rejected
99,Saya ingin tahu bagaimana saya bereaksi di situasi baru. Bagaimana Big Five membantu?,tahu reaksi situasi five penasaran diri situasi keren robert mccrae paul costa five prediksi perilaku sifat introvert situasi tenang bayang situasi presentasi reaksi refleksi sifat five dominan situasi prediksi,-1,-1,0.5720291,False,rejected
101,Saya merasa pikiran dan lingkungan bikin saya cemas. Bagaimana cara kelola ini?,cemas kelola cemas berat kuat kelola albert bandura determinis resiprokal arti perilaku saling pengaruh ubah aspek cemas sudut tenang cemas afirmasi positif kecil kurang cemas,-1,-1,0.6257148,False,rejected
102,Saya ingin lebih kontrol diri sendiri. Bagaimana cara melatihnya?,kontrol diri sendiri kontrol diri keren tuju tumbuh albert bandura atur diri kelola sosial hindar distraksi mati notifikasi ponsel kerja ruang tuju kecil distraksi kurang,-1,-1,0.6193938,False,rejected
103,Saya takut presentasi karena lihat orang lain gagal. Bagaimana cara atasi ketakutan ini?,takut presentasi gagal takut takut presentasi hadap albert bandura modeling kondisioning takut gagal sukses presentasi tiru teknik presentasi kecil percaya diri presentasi,-1,-1,0.5974027,False,rejected
104,"Apa itu tak sadar kolektif, dan kenapa saya merasa terhubung dengan hal-hal aneh?",kolektif aneh aneh kolektif waris leluhur pola universal pengaruh kagum laut mitos kolektif perhati aneh,-1,-1,0.49765402,False,rejected
105,"Saya dengar tentang arsetip Jung. Apa itu, dan apa pengaruhnya pada saya?",dengar arsetip pengaruh arsetip pola kuno penasaran keren arsetip pesona shadow pengaruh tindak pesona wajah publik shadow sisi sembunyi kapan topeng depan kenal arsetip paham diri momen sisi diri,-1,-1,0.544477,False,rejected
109,Saya penasaran dengan terapi Jung. Apa yang akan saya alami?,penasaran terapi alami keren terapi terapi empat tahap konfesi eludikasi paham emosi edukasi transformasi versi bayang ruang tumbuh siap jurnal terapi,-1,1,0.66987133,True,medium
110,Proyek timku sering mandek. Bagaimana menerapkan aktualitas?,proyek mandek terap aktualitas undang anggota brainstorming bebas peran pilih terap minggu dekat kolaborasi hidup,-1,-1,0.50719064,False,rejected
111,Standarku tinggi hingga merasa selalu kurang. Bagaimana menyehatkan ego ideal?,standar tinggi hingga kurang sehat ideal tahan tetap target tahap raya progres kecil idealisme realitas hilang motivasi,-1,29,0.7088234,True,medium
112,Aku hidup di lingkungan yang menilai kesuksesan materi. Bagaimana tetap setia pada nilai keseimbangan?,hidup nilai sukses materi tetap setia nilai imbang definisi sukses versi sehat mental kualitas relasi harga nilai rupa dukung sosial jalan,-1,-1,0.6396055,False,rejected
114,Aku pengasuh pengganti. Bisakah bayi tetap merasa aman?,asuh tetap tatap mata lembut tenang sentuh konsisten intim hangat bukan biologis,-1,-1,0.44444352,False,rejected
116,"Aku perfeksionis soal kebersihan, cemas bila ada debu. Apa langkah awal meredakan kompulsi?",perfeksionis cemas bila debu awal reda kompulsi terap zona toleransi sisih sudut ketidaksempurnaan tahap turun cemas,-1,-1,0.54446554,False,rejected
117,"Apa tanda kontrol diri masih sehat, tidak kaku?",kontrol diri sehat kaku sesuai atur situasi ubah cemas fleksibilitas otonomi sehat,-1,-1,0.5757538,False,rejected
119,Aku iri teman cepat paham coding. Bagaimana mengubah iri jadi dorongan positif?,teman cepat paham coding ubah dorong positif peta terampil asai susun rencana minta mentoring aksi bukan banding,-1,-1,0.51221025,False,rejected
121,Bagaimana menjaga self‑care dalam hubungan asmara?,jaga self care asmara jadwal time rutin komunikasi butuh jujur suatu sehat dukung belah pihak kembang,-1,-1,0.5298169,False,rejected
122,Pasangan menjauhiku dari teman. Apakah tanda elitisme berbahaya?,pasang jauh teman elitisme bahaya isolasi sosial flag kontrol bicara khawatir pola lanjut timbang profesional,-1,-1,0.5992975,False,rejected
123,"Apa itu tak sadar kolektif, dan apa hubungannya dengan perasaan saya?",kolektif kolektif simpan waris leluhur insting pola universal sulit jelas takut inspirasi kait alam mitologi kolektif perhati tunjuk,-1,-1,0.47489008,False,rejected
127,Saya tertarik dengan terapi Jung. Apa yang akan saya alami?,terapi alami keren penasaran terapi journey terapi empat tahap konfesi eludikasi paham emosi edukasi transformasi versi bayang ruang dengar tumbuh siap terapi jurnal terapi,-1,1,0.6681217,True,medium
128,Saya merasa harus selalu bersaing agar aman. Bagaimana cara lebih damai?,saing damai lelah saing terus karen horney tipe agresif tempat kompetisi cemas damai kerja teman kolaborasi proyek kecil momen saing teknik relaksasi meditasi situasi kompetisi,-1,19,0.66559166,True,medium
129,Saya susah membedakan siapa saya sebenarnya. Bagaimana cara mengenal diri aktual saya?,susah siapa kenal diri aktual diri tualang luar karen horney diri aktual nyata objektif bebas persepsi refleksi fakta sifat impi nyata diri musik kerja fakta diri bangga,-1,0,0.7332747,True,medium
132,Saya merasa hubungan dengan orang tua memengaruhi cara saya mencintai. Apakah ini normal?,pengaruh cinta pengaruh peka karen horney odipus kompleks butuh cinta bukan biologis refleksi pola masa kecil muncul bicara teman dekat pola paham,-1,-1,0.5122335,False,rejected
134,Aku takut presentasi besok bakal berantakan. Apa yang bisa aku lakuin biar lebih tenang?,takut presentasi beranta lakuin tenang presentasi grogi bayangin skenario lupa kata kata slide error terus akhir siapin cadang catat kecil slide pede riset depan temen grogi kuat takut slide,-1,-1,0.52738285,False,rejected
137,"Aku nyesel banget pernah drop out dari kuliah, susah melupain. Gimana caranya biar nggak terjebak?",drop kuliah susah melupain jebak putus lama stuck ubah masa bangga kerja lakuin kursus peluang masa ngajarin nentuin masa depan kursus gratis minggu,-1,-1,0.6196704,False,rejected
146,Aku sakit hati gara-gara dikira miskin gara-gara bajuku sederhana. Gimana caranya biar nggak baper?,sakit hati gara gara miskin gara gara baju sederhana baper miskin enak miskin baju bangga kerja abai omong balas senyum temen harga kata kata baju favorit pede,-1,-1,0.614753,False,rejected
148,Aku marah sama temen yang gossipin aku. Gimana caranya biar nggak emosi?,marah temen gossipin emosi gossip sakit hati sengaja sakit santai denger gossip syukur temen suportif kecil jaga jarak perlu temen,-1,18,0.8308979,True,high
155,Aku sakit hati gara-gara dikira nggak kompeten di kantor. Gimana caranya biar nggak baper?,sakit hati gara gara kompeten kantor baper kompeten enak kompeten kata bangga proyek abai omong balas senyum kolega harga kata kata tugas pede,-1,-1,0.55351686,False,rejected
158,"Tiap mau presentasi, aku selalu deg-degan sampe bolak-balik ke kamar mandi. Gimana caranya biar lebih tenang?",presentasi degan sampe bolak balik kamar mandi tenang degan presentasi siapin presentasi jauh jauh depan cermin temen pede lakuin teknik detik tahan detik keluar detik tenangin saraf bayangin presentasi sukses boost percaya diri nervous diri sendiri lakuin percaya,-1,7,0.68041635,True,medium
159,Aku baru balik dari luar negeri dan susah banget adaptasi di sini. Aku sering baper dan cemas. Apa yang bisa aku lakuin?,balik luar negeri susah adaptasi baper cemas lakuin adaptasi tempat emang gampang kultur udah jalanin masak makan favorit temen lama cemas luangin nulis baper atur lokal klub buku olahraga connect berat profesional salah lewatin,-1,-1,0.5825782,False,rejected
160,"Aku sering ngerasa hidupku penuh kebetulan buruk, kayak apes mulu. Gimana caranya biar nggak merasa gitu?",ngerasa hidup penuh betul apes mulu tahu apes tubi tubi adil hidup situ syukur temen curhat lakuin rencana kecil kendali kuat positif,-1,-1,0.54348373,False,rejected
163,"Aku takut ngomong di depan umum, padahal besok harus presentasi. Gimana caranya biar lebih berani?",takut ngomong depan umum padahal presentasi berani ngomong depan umum emang grogi tahu siapin presentasi depan cermin pastiin poin utama jelas pede lantang siap ingat reaksi audiens sepenuh tangan usaha udah sekali,-1,-1,0.6485116,False,rejected
166,Aku gagal lomba desain padahal udah usaha maksimal. Aku kecewa banget. Gimana caranya move on?,gagal lomba desain padahal udah usaha maksimal kecewa move gagal usaha nyesek udah lomba teknik manajemen desain lomba ingat menang nentuin nilai diri santai nonton film lucu proyek kecil bangkit,-1,-1,0.6377436,False,rejected
168,"Pitch ideku ditolak tim, aku ngerasa nggak cukup baik. Gimana caranya biar nggak kecewa?",pitch tolak ngerasa cukup kecewa tolak down udah nyoba kreativitas riset revisi feedback ingat tolak nentuin mampu istirahat denger upbeat pitch,-1,-1,0.646847,False,rejected
170,"Aku gagal audisi band, padahal udah latihan keras. Aku sedih banget. Gimana caranya move on?",gagal audisi padahal udah sedih move tahu gagal audisi nyesek udah giat proses teknik berani audisi ingat audisi nentuin bakat santai denger musik favorit kecil bangkit,-1,-1,0.5603679,False,rejected
172,Saya merasa hidup saya penuh cobaan. Bagaimana saya bisa melihat sisi positifnya?,hidup penuh sisi positif hidup lomba lari rintang seneca filsuf stoa terus datang justru berkah kuat tantang mental diri sendiri kualitas kembang situasi sabar tabah bayang diri pohon makin kokoh terpa angin hadap tangguh,-1,11,0.7398422,True,medium
174,Saya merasa marah dengan hidup yang tidak adil. Bagaimana saya bisa menerima ini semua?,marah hidup adil terima paham marah teriak langit hidup begini marcus aurelius saran bijak peristiwa hidup bahkan adil alur alam bayang hidup sungai deras tenang alir suatu tuju terima kecil damai jurnal teman dekat adil urai bareng hati ringan,-1,-1,0.63660705,False,rejected
175,Saya merasa lelah menghadapi masalah yang tidak kunjung selesai. Apa yang bisa saya lakukan untuk tetap kuat?,lelah hadap kunjung laku tetap kuat tahu lari maraton garis finish capek stoisisme analogi keren bayang diri tebing karang kokoh hantam ombak kunci tahan perlu buru buru menang tetap teguh ritual kecil stres catat kecil syukur stamina mental jaga lelah tetap diri tegak tebing,-1,29,0.6955326,True,medium
176,Saya merasa hidup saya monoton meski punya banyak hal baik. Bagaimana cara saya menghargai apa yang saya miliki?,hidup monoton harga milik tahu hidup flat nama hedonic adaptation nikmat spesial trik stoisisme laku practice poverty sekal makan makan sederhana naik transportasi umum ngeh betapa harga syukur kecil kopi enak tadi pagi hidup monoton,-1,11,0.7060398,True,medium
177,Saya baru saja gagal dalam proyek besar. Saya merasa stuck. Apa yang bisa saya lakukan?,gagal proyek stuck laku gagal proyek jatuh tangga tinggi dengar halang jalan ubah pandang gagal dekat bayang gagal plot twist film bawa arah keren detail proyek stuck gali bareng jalan temuin,-1,-1,0.5097917,False,rejected
178,Saya merasa overwhelmed dengan masalah yang nggak bisa saya kendalikan. Bagaimana cara mengatasinya?,overwhelmed kendali overwhelmed jebak tengah badai trik jitu tangan tindak kolom kertas kendali sikap respons pilih tindak kecil kolom meditasi jalan jalan overwhelmed pilah bareng kendali,-1,-1,0.6407399,False,rejected
179,Saya merasa kalah sama masalah hidup saya. Bagaimana cara saya tetap bertahan?,kalah hidup tetap tahan tahu tarung lawan raksasa kalah capek stoisisme menang ngalahin tahan pohon tetap diri tengah badai jimat tahan kecil baca kutip favorit dengar semangat pagi ingat diri sendiri perlu tahan kalah tetap kokoh,-1,30,0.6685717,True,medium
180,Saya merasa karir saya mentok dan nggak tahu harus apa. Bagaimana cara saya melihat ini sebagai peluang?,karir mentok tahu peluang karir mentok nyangkut simpang peluang ubah pandang skill situasi jalur kursus networking bayang plot twist hidup jalan keren karirmu mentok gali peluang bareng,-1,-1,0.56137365,False,rejected
183,Saya sering berprasangka buruk terhadap orang dari latar belakang tertentu. Bagaimana cara mengubah pandangan ini?,prasangka hadap latar belakang ubah pandang prasangka bayang muncul sengaja hati alam latar belakang giat agam anggap sahabat saran stoisisme luntur prasangka prasangka ubah sudut pandang,-1,-1,0.56604445,False,rejected
184,Saya merasa nggak bisa apa-apa soal masalah besar seperti polusi. Apa yang bisa saya lakukan biar nggak hopeless?,polusi laku hopeless paham polusi kecil daya kendali polusi sendiri kecil bareng ubah sederhana botol reusable daur ulang aksi kecil bareng padu hopeless kecil,-1,-1,0.58490586,False,rejected
187,Saya merasa nggak punya waktu buat bantu orang lain karena sibuk. Bagaimana cara tetap berbuat baik?,sibuk tetap tahu hidup sibuk lari treadmill habis stoisisme sisih kirim pesan semangat temen donasi kecil amal bayang tabur bintang hidup sibuk selipin,-1,-1,0.5743175,False,rejected
188,Saya sering merasa orang dari budaya lain nggak cocok sama saya. Bagaimana cara lebih menerima mereka?,cocok terima paham jarak stoisisme adil dekat diri seru makan temen tradisi favorit saudara cocok nyaman,-1,-1,0.5724876,False,rejected
189,"Saya pengin bantu atasi perubahan iklim, tapi merasa cuma setetes air di lautan. Bagaimana cara tetap termotivasi?",pengin ubah iklim tetes laut tetap motivasi semangat bumi percik nyalain ubah stoisisme bareng bareng tetes laut gabung nanam pohon matiin lampu kepake kurang plastik raya kecil hemat energi kecil semangat bara,-1,-1,0.45331103,False,rejected
190,"Saya lihat tetangga didiskriminasi karena beda suku, tapi takut ikut campur. Bagaimana cara bantu tanpa konflik?",tetangga diskriminasi suku takut campur konflik tahu tetangga diskriminasi hati tenang takut konflik ragu puisi niemoller diam risiko halus tetangga tunjukin peduli lapor diskriminasi sebut nama kecil tanam benih damai tetangga diskriminasi,-1,-1,0.6207552,False,rejected
192,"Aku ngerasa wajahku nggak cukup ekspresif, kayak orang susah tahu aku sedih. Gimana caranya biar wajahku lebih ‘bicara’?",ngerasa wajah cukup ekspresif susah tahu sedih wajah bicara wajah kurang ekspresif datar susah ngerasa emosi ekspresi wajah emang universal cermin muka sedih alis turun mata merem mulut cemberut pelan tambahin gera kecil angguk pelan tuju sedih ekspresi lembut notice rekam diri situasi wajah datar trik wajah emosi,-1,0,0.65420496,True,medium
193,"Aku sering ngerasa nggak nyaman kalau kontak mata sama orang pas ngobrol, bikin grogi. Gimana caranya biar aku lebih pede?",ngerasa nyaman kontak mata grogi pede kontak mata grogi panggung tatap tonton pandang mata emang kuat kontak mata singkat detik pandang hidung dahi kaku temen dekat kontak mata mata ngikut natural grogi pelan momen grogi mata pede,-1,-1,0.5150948,False,rejected
194,"Aku notice gerakan tanganku pas ngomong kadang bikin orang bingung, kayak terlalu heboh. Gimana caranya biar gerakanku pas?",notice gera tangan ngomong terlalu heboh gera gera tangan heboh nari koreografi gestur emang penting depan cermin gera simpel telapak tangan tuju jari nunjuk pelan jelasin rekam diri gesturmu sesuai pesan gesturku tadi jelas kurang gera natural momen gesturmu trik gera selaras,-1,-1,0.54981035,False,rejected
195,"Aku sering ngerasa orang salah tangkap sikapku pas diam, kayak dikira sombong. Gimana caranya biar aku kelihatan ramah meski nggak ngomong?",ngerasa salah tangkap sikap diam sombong ramah ngomong diam sombong panggung kosong tonton mikir drama verbal emang sinambung sikap ramah jaga ekspresi wajah lembut senyum tipis alis rileks postur tubuh penting hadap badan jangan silang tangan grup angguk pelan dengerin engaged salah tangkap diam bukan sombong momen diam salah paham vibe ramah,-1,18,0.740402,True,medium
196,"Aku sering telat ke meeting tim, bikin orang kesel. Gimana caranya biar aku lebih tepat waktu dan nggak bikin suasana tegang?",telat meeting kesel tepat suasana tegang telat meeting dateng konser udah sebel kronemik pesan verbal tepat alarm meeting siapin barang awal lupa reminder ceria dateng tepat senyum neng dateng time telat maaf telat improve telat respect,-1,-1,0.6164553,False,rejected
197,"Aku ngerasa orang nggak nyaman ngobrol sama aku, kayak aku terlalu kaku. Gimana caranya biar sikap tubuhku lebih welcoming?",ngerasa nyaman terlalu kaku sikap tubuh welcoming sikap kaku balada badan kaya patung betah postur tubuh emang ramah jauh condong badan arah lawan bicara nunjukin dengerin jangan silang tangan tambahin angguk pelan senyum tipis cermin natural nyaman kaku santai momen kaku badan ramah,-1,-1,0.6347625,False,rejected
198,"Aku pengen kelihatan lebih approachable di acara kantor, tapi nggak tahu caranya pakai non verbal. Apa yang bisa aku coba?",approachable acara kantor tahu verbal approachable acara kantor panggung ramai tonton verbal cerah biru lembut hangat jaga gera tubuh telapak tangan hadap bukan tangan saku senyum tipis angguk pelan dengerin tunjukin grogi pelan bayangin temen acara kantor ramah,-1,-1,0.5656744,False,rejected
199,"Aku sering ngerasa pipiku memerah pas grogi, bikin aku tambah malu. Gimana caranya biar nggak kelihatan nervous?",ngerasa pipi merah grogi tambah malu nervous pipi merah grogi lampu panggung nyala malu verbal emang susah kontrol otomatis nervous pelan pelan hitung jantung reda jaga postur rileks bahu turun senyum kecil vibe positif pipi udah merah santai haha grogi seru momen grogi trik tenang,-1,18,0.7112735,True,medium
200,"Aku ngerasa gerakan tanganku pas presentasi bikin orang nggak fokus, kayak ganggu. Gimana caranya biar kinesikku bantu pesan?",ngerasa gera tangan presentasi ganggu kesik pesan gera tangan ganggu nari panggung koreonya kesik arah gera simpel presentasi tangan jelasin poin penting nunjuk pelan slide depan cermin pastiin gera ngikut ritme omong jaga kontak mata pesan takut ganggu temen gesturku tadi presentasi gera selaras,-1,-1,0.5764858,False,rejected
201,"Aku sering dikira nggak antusias pas ngomong, padahal excited. Gimana caranya biar nada suaraku nunjukin semangat?",antusias ngomong padahal excited nunjukin semangat antusias upbeat flat paralanguage volume semangat sinar naikin excited guys seru volume hidup jangan teriak ngomong depan cermin tambahin gestur tangan vibe naik ngerasa antusias momen kurang semangat trik penuh energi,-1,18,0.6564442,True,medium
202,"Aku pengen nunjukin empati pas temen curhat, tapi ngerasa ekspresiku kurang ngena. Gimana caranya biar aku kelihatan peduli?",nunjukin empati temen curhat ngerasa ekspresi kurang ngena peduli nunjukin empati ekspresi kurang ngena sedih tonton merinding verbal power emosional kuat condong badan temenmu kontak mata lembut angguk pelan dengerin ekspresi wajah hangat mata merem senyum tipis berat sentuh tangan nyaman tulus momen curhat temenmu empati hati,-1,0,0.6956789,True,medium
203,"Aku sering salah gestur pas ngobrol sama klien dari budaya lain, bikin canggung. Gimana caranya biar gesturku nggak bikin salah paham?",salah gestur klien canggung gesturku salah paham gestur salah asing koreonya canggung gestur emang makna riset klien googling gestur kolega tahu gestur universal angguk pelan tuju hindar risiko jempol gestur klien ikutin pelan pelan canggung gesturku tadi momen canggung trik gesturmu selaras,-1,-1,0.57295775,False,rejected
204,"Aku ngerasa temenku salah tangkap sikapku pas aku diam di grup, kayak dikira cuek. Gimana caranya biar diamku nggak disalahartikan?",ngerasa temenku salah tangkap sikap diam grup cuek diam disalahartikan diam cuek panggung kosong tonton mikir moody verbal tata bahasa gampang salah tafsir diam ramah jaga ekspresi wajah lembut senyum tipis angguk pelan dengerin postur tangan rileks khawatir disalahartikan kecil ketik dengerin grup mikir cuek diam cuek momen diam vibe hangat,-1,18,0.79986876,True,high
205,"Aku ngerasa timku nggak nyaman pas aku presentasi, kayak aku terlalu kaku. Gimana caranya biar posturku bikin mereka betah?",ngerasa nyaman presentasi terlalu kaku postur betah presentasi postur kaku seru diri kaya patung connect postur betah rileksin bahu condong badan arah tangan jelasin poin ngajak pindah posisi pelan jalan dinamis cermin natural betah presentasi guys presentasi postur inviting,-1,-1,0.57509863,False,rejected
207,"Aku pengen kasih feedback ke tim, tapi takut dikira ngatur. Gimana caranya biar kata-kataku diterima positif?",feedback takut ngatur kata kata terima positif feedback takut ngatur saran takut bossy bahasa efektif butuh struktur empati apresiasi kerja keren masuk susun feedback jelas hasil suportif sukses bareng masuk jaga vibe kolaboratif senyum ragu temen feedbackmu kata kata positif,-1,18,0.65284264,True,medium
209,"Aku ngerasa susah ekspresiin ide di grup kuliah, kayak takut salah. Gimana caranya biar aku lebih pede ngomong?",ngerasa susah ekspresiin grup kuliah takut salah pede ngomong susah ekspresiin grup kuliah panggung akademik takut fals bahasa alat sosial kunci koneksi sederhana dengar temen respons bagus tambahin percaya diri turut takut ngomong temen dekat tadi grup kuliaimu pede,-1,22,0.6957679,True,medium
210,Apa tujuan utama dari psikologi komunikasi?,tuju utama psikologi komunikasi psikologi komunikasi detektif perilaku bincang tuju paham kepala komunikasi ramal reaksi bahkan arah interaksi positif kata ilmu komunikasi jalan bawa dampak hati,-1,-1,0.63592064,False,rejected
211,aku sering merasa canggung saat ngobrol dengan temen baru. Gimana caranya biar komunikasiku lebih efektif dan menyenangkan?,canggung temen komunikasi efektif senang canggung ubah momen seru komunikasi efektif senyum sederhana seru pintu erti obrol alir dengar tunjuk peduli jangan takut kecil diri suasana hangat senang penting diri sendiri asli magnet sosial bareng canggung,-1,14,0.79135597,True,high
213,aku merasa kesepian meskipun punya temen. Gimana caranya komunikasi bisa membantu aku merasa lebih terhubung?,sepi temen komunikasi sepi muncul keliling komunikasi hangat kunci temenmu film ikat emosional ungkap lembut kangen seru kapan catch pintu temenmu sendiri dengerin sepenuh hati,-1,14,0.71400714,True,medium
214,"aku sering merasa pikiranku memutarbalikkan kenyataan, misalnya takut orang marah padahal nggak ada bukti. Apa yang bisa aku lakukan?",memutarbalikkan nyata takut marah padahal bukti laku sutradara drama sendiri alami tafsir teknik reality check diri sendiri bukti marah fakta susah kertas banding nyata otak objektif momen drama perspektif,-1,-1,0.62880886,False,rejected
215,"aku pengen lebih dekat sama kolega di kantor, tapi nggak tahu mulai dari mana. Ada tips nggak?",dekat kolega kantor tahu tips akrab temen kantor keren komunikasi kecil hangat selamat pagi mood weekend kemarin obrol ringan suasana cair nyaman momen bawa magnet akrab penting tunjuk tari tulus situasi kantor saran spesifik,-1,-1,0.58195496,False,rejected
216,aku pengen jadi komunikator yang lebih baik di depan temen-temenku. Apa yang harus aku perhatikan?,komunikator depan temen temenku perhati komunikator tonton seru pertama perhati bahasa tubuh senyum kontak mata nyaman sesuai gaya ngomongmu audiens santai temen dekat akhir dengar respon sekal tuju libat situasi improve tips,-1,-1,0.61880636,False,rejected
217,Apa perbedaan antara respon pasif dan aktif dari komunikan dalam komunikasi?,respon pasif komunikan komunikasi respon pasif sisi koin komunikasi respon pasif dengar paham pesan tunjuk reaksi angguk pelan diam diam erti respon reaksi nyata balik bahkan tunjuk ekspresi wajah jelas penting respon obrol hidup tunjuk libat,-1,-1,0.58648443,False,rejected
218,"Aku sering nggak bisa santai di acara formal, padahal di tempat santai aku oke. Gimana caranya biar aku lebih fleksibel?",santai acara formal padahal tempat santai fleksibel acara formal kaku luwes psikologi sesuai perilaku suasana overthinking susah santai acara visualisasi diri ringan sana sederhana acara seru rileks tegang acara formal nyaman trik spesifik,-1,-1,0.6077413,False,rejected
219,"Aku merasa tertekan karena harus ikut norma temen-temenku, padahal nggak nyaman. Gimana caranya aku tetap jadi diri sendiri?",tekan norma temen temenku padahal nyaman tetap diri sendiri tekan norma temen sesak diri sendiri psikologi norma sosial lupa identitas tetap batas sopan cukup tetap lakuin norma nyaman imbang,-1,14,0.71150374,True,medium
220,"Aku sering bingung ngerti situasi sosial, kayak nggak lihat gambaran besarnya. Gimana caranya biar aku lebih paham konteks?",situasi sosial paham konteks situasi sosial puzzle pusing psikologi otak teori gestalt acara sosial siapa suasana tuju acara catat tunjuk senyum topik obrol paham konteks situasi sosial pola seluruh,-1,-1,0.59477496,False,rejected
221,"Aku nervous banget ketemu orang baru, takut nggak nyambung. Gimana caranya biar jumpa pertamaku lebih smooth?",nervous takut nyambung jumpa pertama smooth buku seru degan smooth senyum kontak mata ramah obrol topik ringan asal acara seru dengar lampu hijau antusias lanjutin nervous pelan situasi canggung trik,-1,-1,0.6284208,False,rejected
223,Aku sering ragu buat ngobrol sama orang baru karena takut nggak cocok. Gimana caranya biar aku lebih yakin buat kontak awal?,ragu takut cocok yakin kontak awal ragu panggung yakin sikap ramah lampu hijau obrol ringan seru senyum kontak mata approachable ingat obrol cocok obrol pede momen ragu trik santai,-1,-1,0.6429751,False,rejected
224,"Aku sering coba bercanda pas berantem sama temen, tapi malah bikin dia kesel. Gimana caranya pakai humor yang bener?",canda antem temen malah kesel humor canda antem tengah badai kunci humor ringan nyakitin ribut telat nyengir film drama plot twist telat hindar ejek suasana udah reda ketawa empati serius dengerin momen canda gagal humor,-1,18,0.70605946,True,medium
225,"Aku pengen bikin kesan baik pas ketemu temen baru, tapi sering kehabisan kata. Apa yang bisa aku bilang?",kesan temen habis kata kesan denger kenal simpel nama neng terus puji tulus keren jaga obrol positif ringan seru habis kata dengar lanjut momen temen asyik,-1,18,0.8177471,True,high
226,"Aku pengen obrolan sama sahabat lebih dalam, nggak cuma soal harian. Gimana caranya bikin obrolan lebih bermakna?",obrol sahabat obrol makna obrol sahabat duet hati personal lately mikirin tuju hidup mimpi excited dengar penuh perhati jangan takut neng curhat topik obrolin,-1,18,0.6957709,True,medium
227,Apa saja komponen yang dianalisis dalam psikologi komunikasi kelompok?,komponen analis psikologi komunikasi kelompok psikologi komunikasi detektif nyari tahu obrol kelompok sukses gagal komponen analis komunikator ngomong pesan terima pesan terima olah pesan proses otak terima karakteristik komunikan sifat alam tahu komunikasi nyambung malah kacau puzzle,-1,1,0.6793434,True,medium
229,"Aku harus presentasi di depan kelompok besar, tapi takut nggak bikin orang terkesan. Gimana caranya biar pesanku ngena?",presentasi depan kelompok takut pesan ngena presentasi depan panggung degan seru pesan ngena nyambung pusing gara gara gunain lantang hangat tambah gestur senyum gera tangan sisip poin libat bayangin topik presentasi trik pukau,-1,18,0.6940447,True,medium
230,"Aku ngerasa nggak dapat apa-apa dari grup belajarku, kayak cuma ngasih tapi nggak dikasih. Gimana caranya biar grup lebih adil?",ngerasa grup ngasih grup adil ngerasa ngasih grup solo backing vocal capek sendiri psikologi grup adil saling untung ngomong jujur anggota neng butuh input usulin tugas bawa ubah pikirin grup worth grup menang,-1,-1,0.58085644,False,rejected
231,Aku merasa nggak betah di grup karena kayak nggak dianggep. Gimana caranya biar aku merasa lebih diterima?,betah grup dianggep terima betah grup panggung tepuk tangan butuh terima tunjukkin tari grup seru proyek diri sukses abai jujur santai dilibatin masuk grup,-1,-1,0.5449595,False,rejected
232,"Timku susah komitmen sama aturan, kayak nggak serius. Gimana caranya biar semua patuh sama kesepakatan?",susah komitmen atur serius patuh sepakat komitmen main asal asal harmoni patuh ulang sepakat bareng sepakat atur jelas adil telat tambah contoh patuh duluan puji komitmen keren time bandel santai notice susah patuh serius atur solusi,-1,-1,0.57831913,False,rejected
233,Apa tujuan utama psikologi komunikasi dalam menganalisis proses komunikasi?,tuju utama psikologi komunikasi analis proses komunikasi psikologi komunikasi detektif perilaku tuju urai komunikasi reaksi ramal stimulus prediksi reaksi netizen postingan akhir kendali arti ngatur komunikasi efek sesuai harap pesan gerak inti komunikasi jernih makna,-1,-1,0.5527113,False,rejected
235,"Aku pengen bikin video medsos tentang self-care, tapi takut nggak ngefek. Gimana caranya biar orang terinspirasi?",medsos self care takut ngefek inspirasi self care tari keren ngefek relatable lupa jaga diri journaling tips simpel cukup visual calming pastel aksi self care interaksi tonton lewat komen inspiratif,-1,19,0.6861715,True,medium
236,"Aku baru gabung grup medsos profesional, tapi ngerasa outsider. Gimana caranya biar aku diterima dan aktif?",gabung grup medsos profesional ngerasa outsider terima gabung grup profesional masuk studio musik awal grogi grup tutup ikat kuat kenal kerja bidang komen postingan insight strategi tips anggota senior saran diskusi kenal grup,-1,-1,0.46974117,False,rejected
237,Apa yang dimaksud dengan ruang publik dalam konteks psikologi komunikasi?,ruang publik konteks psikologi komunikasi ruang publik panggung ngomong turut habermas tempat siapa sosial politik ekonomi dominasi diskusi forum medsos alir saling psikologi komunikasi ruang paham opini bentuk pengaruh perilaku sosial,-1,-1,0.53298163,False,rejected
238,"Aku ngerasa pendapatku di grup medsos nggak dihargai, kayak didominasi orang lain. Gimana caranya biar suasananya lebih adil?",ngerasa grup medsos harga dominasi suasana adil harga grup didenger sebel suasana adil tunjukkin respect bagus tambahin percaya diri dominasi usul atur gilir ngomong admin grup grup dengar,-1,-1,0.51124084,False,rejected
239,"Aku pengen bikin komunitas medsos yang kolaboratif, tapi nggak tahu topik apa yang bikin orang antusias. Ada saran?",medsos kolaboratif tahu topik antusias saran kolaboratif panggung bareng seru pilih topik hati getar sehat mental seni bahagia momen positif posting momen kecil senyum kolaborasi challenge self care ruang anggota passion topik antusias,-1,-1,0.5867036,False,rejected
240,Apa tujuan utama psikologi komunikasi dalam menganalisis proses komunikasi?,tuju utama psikologi komunikasi analis proses komunikasi psikologi komunikasi detektif nyari tahu rahasia balik obrol tuju urai komunikasi ramal reaksi hadap pesan kendali komunikasi efektif ngeliat komunikator pesan komunikan kata kata marah tuju inti komunikasi jembatan kuat saling,-1,-1,0.6161936,False,rejected
243,"Aku ngerasa orang lain harus selalu bantu aku, karena aku juga bantu mereka. Itu adil, kan?",ngerasa adil ngerasa adil situasi balas harap balas neng contoh situasi,-1,33,0.6649943,True,medium
244,"Aku ngerasa orang di kantor harus lebih sopan sama aku. Aku harus ngomong gitu ke mereka, kan?",ngerasa kantor sopan ngomong paham hormat langsung sopan malah suasana tegang tunjukin sikap sopan santai nyaman situasi kesel,-1,-1,0.6429258,False,rejected
246,"Kalau aku nggak suka sama seseorang, apa aku harus tetep deket sama dia?",deket nyaman jarak kata diri sendiri cocok harga nyaman,-1,-1,0.6291226,False,rejected
247,"Aku merasa hidupku berat banget, semua kayak nggak berjalan sesuai rencana. Aku harus gimana?",hidup berat jalan sesuai rencana lelah hidup naik turun daki gunung jalan terjal lama lakuin kecil hidup jalan jalan sebentar temen pelan pelan perlu buru buru,-1,17,0.7313308,True,medium
249,"Aku merasa hidupku penuh drama, tiap hari ada aja masalah. Aku harus gimana?",hidup penuh drama naik roller coaster hidup penuh drama paling ngelarin kecil beban ringan,-1,-1,0.64602077,False,rejected
253,Aku ngerasa hidupku berantakan setelah pindah kota. Kenapa ya aku nggak bisa ngatasin ini?,ngerasa hidup beranta pindah kota ngatasin pindah kota ubah hidup kacau hilang temen nyaman kecil kenal tetangga paling kangen kota lama,-1,17,0.719064,True,medium
255,"Aku suka menyendiri, tapi orang bilang itu nggak sehat. Apa bener gitu?",sendiri sehat sendiri recharge energi isolasi sedih perlu imbang sehat mental sosial dukung nyaman sendiri connect,-1,31,0.70584023,True,medium
256,Aku merasa nggak punya kontrol atas hidupku. Apa yang salah sama aku?,kontrol hidup salah salah kontrol datang tekan luar situasi hidup ekspektasi kecil atur putus sederhana daya kecil kendali,-1,17,0.67511547,True,medium
257,"Aku nggak suka ngobrol sama orang lain, apa itu berarti aku nggak sehat secara mental?",arti sehat mental otomatis arti sehat preferensi sosial isolasi sedih koneksi kecil chat temen nyaman,-1,14,0.7888511,True,high
259,Aku ngerasa nggak punya temen di kota baru ini. Apa aku yang salah?,ngerasa temen kota salah salah pindah tempat berat butuh koneksi imigran isolasi kecil tetangga ngerasa susah nyambung dengerin,-1,-1,0.5574559,False,rejected
262,Aku ngerasa orang-orang benci aku karena kulitku gelap. Apa aku harus pindah aja?,ngerasa benci kulit gelap pindah berat ngerasa benci ubah rasisme sumber stres bukan salah pindah bukan solusi pikirin hadap situasi ngerasa benci dengerin,-1,-1,0.5176084,False,rejected
263,Aku ngerasa takut kena teroris pas di tempat umum. Apa ini cuma aku?,ngerasa takut kena teroris tempat umum sendiri takut terorisme nyata takut cemas takut tempat umum pikirin ngurangin cemas,-1,-1,0.5567743,False,rejected
264,"Kadang aku ngerasa sendirian banget, meskipun banyak orang di sekitarku. Apa ini normal?",ngerasa sendiri emosional kurang dukung sosial harga cinta hati hati nemenin,-1,0,0.74232805,True,medium
267,"Aku merasa bosku nggak adil, cuma orang tertentu yang dipuji. Ini bikin aku nggak semangat kerja. Apa yang harus aku lakukan?",adil puji semangat kerja laku harga down konstruktif feedback kerja mempan mentor rekan kerja dukung penting jangan biarin lupa nilai diri adil,-1,-1,0.610344,False,rejected
268,Kenapa aku merasa nggak bisa sukses kayak orang lain? Apa karena aku punya fobia sosial?,sukses fobia sosial paham fobia sosial batas sulit interaksi wawancara kerja networking penting sukses fobia sosial tetap capai tuju strategi tepat terapi sosial kecil kecil kecil ngatasin fobia situ,-1,14,0.6705369,True,medium
270,Aku merasa nggak bisa ngapa-ngapain karena lingkunganku toxic. Apa aku salah?,toxic salah salah berat penuh tekan dukung jebak kecil lindung diri diri sendiri temen percaya tempat,-1,30,0.6903243,True,medium
274,"Aku merasa nggak punya kendali atas hidupku, Emilia. Semuanya kacau.",kendali hidup kacau overwhelming luar kendali dengerin kecil atur jadwal sederhana pilih tugas kecil kuasa turut,-1,17,0.65923727,True,medium
275,Aku pengen banget jadi sempurna di mata orang lain. Apa salah kalau aku berusaha keras buat itu?,sempurna mata salah usaha kejar sempurna lelah sempurna diri sendiri bahagia bukan lanjut,-1,33,0.6862016,True,medium
283,Aku ngerasa nggak betah di rumah karena orang tuaku kerja mulu. Gimana caranya aku nggak kesepian?,ngerasa betah kerja mulu sepi sepi berat manfaat sendiri baca buku giat sekolah jadwal khusus bareng butuh temen,-1,-1,0.5347166,False,rejected
284,Aku merasa malu kalau orang tahu aku depresi. Gimana caranya biar nggak malu?,malu tahu depresi malu malu depresi kondisi sehat sakit fisik perlu malu percaya bahkan ngerasa sendiri peduli dukung malu dengerin,-1,0,0.74060076,True,medium
288,Aku merasa nggak bisa ngontrol hidupku. Semua kayak kejadian begitu aja. Gimana caranya biar aku nggak gini?,ngontrol hidup kendali lelah kecil jadwal pilih tuju kecil tahu hidup kontrol kecil kendali,-1,17,0.6918574,True,medium
289,"Aku nggak punya temen deket, dan rasanya nggak ada yang peduli. Gimana caranya biar aku nggak kesepian?",temen deket peduli sepi sepi berat koneksi kecil neng situ,-1,30,0.70335966,True,medium
290,Aku sering merasa cemas tiap buka berita soal terorisme. Takut banget apa yang aku lihat di TV terjadi sama aku. Aku harus gimana?,cemas berita terorisme takut berita berita emang cemas terus terus batas berita trus aktivitas tenang denger musik jalan jalan cemas kuat teknik bareng,-1,-1,0.46843606,False,rejected
291,Aku takut keluar rumah karena berita soal serangan teroris. Aku harus tetep di rumah aja nggak sih?,takut keluar berita serang teroris cemas berita sampe berani keluar isolasi kecil pergi tempat tahu bareng temen takut terus profesional tempat deket nyaman,-1,-1,0.6497215,False,rejected
292,Aku merasa takut banget setelah dengar berita soal serangan teroris di TV. Normalkah ini?,takut dengar berita serang teroris takut reaksi alami hadap berita seram cemas berita macam bahkan libat langsung detail takut saran ngatasin cemas,-1,-1,0.6453288,False,rejected
293,"Aku nggak di tempat kejadian teroris, tapi kenapa ya aku masih merasa cemas?",tempat teroris cemas sebut papar langsung alam lokasi berita terorisme otak ancam cemas ganggu kurang tonton berita tenang rileks,-1,-1,0.5698794,False,rejected
295,Aku merasa sendirian banget karena nggak ada yang ngerti ketakutanku soal terorisme.,sendiri takut terorisme dengar sepi berat takut temen dekat keluarga gabung suportif grup forum cocok sendiri,-1,-1,0.6204191,False,rejected
296,Aku merasa dunia nggak adil karena ada terorisme. Gimana aku ngatasin perasaan ini?,adil terorisme ngatasin adil kontrol ubah kecil pandang positif hidup syukur bareng,-1,-1,0.43291226,False,rejected
297,"Emilia, aku merasa stres banget setelah dengar berita tentang serangan teroris di TV. Kenapa aku jadi takut terus?",stres dengar berita serang teroris takut terus takut berita cemas serang teroris sifat keri detail takut saran ngatasin cemas,-1,10,0.6735431,True,medium
298,"Emilia, aku pengen nggak peduli aja sama ketakutanku soal serangan teroris. Aku harus apa?",peduli takut serang teroris abai takut hilang malah tambah berat hadap pelan pelan kurang berita cemas tenang musik jalan jalan takut kuat bareng,-1,10,0.69656914,True,medium
300,"Aku sering merasa sendiri, Emilia. Apa ada cara buat merasa lebih terhubung dengan orang lain?",sendiri tahu sendiri berat salah dukung kelompok dukung aktivitas sosial kecil kecil konsep recovery koneksi penting giat lokal percaya,-1,14,0.7348697,True,medium
301,Kadang aku ngerasa nggak layak dapat bantuan. Aku harus gimana?,ngerasa layak layak muncul ingat harga dukung kecil temen gratis sendiri nemenin,-1,18,0.70148,True,medium
305,Aku merasa kesepian karena nggak ada yang ngerti pengalamanku sebagai imigran. Gimana cara ngatasinnya?,sepi alam imigran ngatasinnya sepi berat imigran dekat grup alam rupa lega siap dengerin kapan,-1,-1,0.49124736,False,rejected
307,"Emilia, aku nggak suka ngomong di depan orang, apa itu gangguan?",ngomong depan ganggu ngomong depan cukup umum gugup takut fungsi presentasi sekolah kerja perlu perhati berapa parah ngomong depan,-1,-1,0.62454945,False,rejected
310,Aku pernah denger orang bilang gangguan mental itu cuma akal-akalan. Bener nggak sih?,denger ganggu mental akal akal sekali ganggu mental kondisi nyata diabetes asma otak capek imbang akal akal kurang paham jelasin lanjut,-1,23,0.7208775,True,medium
311,"Aku pengen nyanyi di panggung, tapi takut orang ngejek karena aku punya riwayat gangguan mental. Aku harus coba gak?",panggung takut ngejek riwayat ganggu mental panggung keren dukung kejar mimpi takut ejek jangan biarin takut henti panggung kecil suportif paling excited tahu,-1,10,0.7022009,True,medium
314,Aku merasa gagal karena nggak bisa mengontrol segala sesuatu di hidupku. Apa yang harus aku lakukan?,gagal kontrol segala hidup laku paham jalan sesuai hidup sepenuh kendali terima luar kuasa gagal ubah kecil,-1,-1,0.60036623,False,rejected
323,"Aku suka hindari tempat-tempat yang bikin aku cemas, kayak taman. Apa ini salah?",hindar tempat tempat cemas taman salah salah hindar tempat taman cemas tahan lama strategi dipake ngurangin takut selesain akar dekat taman lewat dekat taman takut,-1,-1,0.49064806,False,rejected
324,"Aku ngerasa ritualku bikin hidupku nggak produktif. Aku pengen berubah, tapi nggak tahu mulai dari mana. Saranmu apa?",ngerasa ritual hidup produktif ubah tahu saran bangga ubah ritual sita energi kecil pilih ritual paling ganggu kurang frekuensi catat kapan laku picu butuh terapi papar cocok ritual paling frustrasi,-1,-1,0.6260762,False,rejected
325,Aku kadang ngerasa ritualku bikin aku lebih tenang. Apa salah kalau aku tetep lakuin?,ngerasa ritual tenang salah lakuin erti ritual tenang ritual lega lama lama malah cemas kuat terus lakuin hidup batas tenang meditasi jalan jalan ritual paling lega sehat,-1,19,0.7866389,True,high
326,Aku takut nyentuh tanah di taman karena kotor. Apa aku harus paksain diri nyentuh?,takut nyentuh tanah taman kotor paksain diri nyentuh takut nyentuh tanah bahaya bayangin langsung maksa nyentuh tanah berat ringan nyentuh daun rumput kecil bareng,-1,-1,0.6034863,False,rejected
327,Aku takut kotoran anjing di taman nempel ke sepatuku. Makanya aku nggak pernah ke taman. Apa itu wajar?,takut kotor taman nempel sepatu makanya taman takut hindar taman sekali hilang momen seru luar kotor enak bahaya jalan taman sepatu,-1,27,0.6593084,True,medium
328,Aku suka hindari rumput di taman karena takut kotor. Apa aku harus maksa jalan di rumput?,hindar rumput taman takut kotor maksa jalan rumput langsung maksa cemas ringan nyentuh rumput tangan pelan pelan jalan nemenin,-1,-1,0.48224977,False,rejected
333,Aku ngerasa nggak bisa ngapa-ngapain kalau cemas. Apa yang salah sama aku?,ngerasa cemas salah salah cemas freeze ancam kecil cemas gerakin jari jari kaki tahu tubuh terus tindak kecil cemas susah cemas siapa tahu urutin bareng,-1,30,0.74619365,True,medium
336,Aku merasa nggak pantas dicintai. Gimana caranya biar aku nggak gitu lagi?,pantas cinta pantas cinta berat skema cacat kurang harga harga kecil inget diri sisi,-1,-1,0.62810504,False,rejected
338,"Aku ngerasa suamiku nggak peka. Dia cerita soal temennya yang baru punya bayi, padahal aku masih sedih. Aku harus ngomong apa ke dia?",ngerasa suami peka temennya padahal sedih ngomong enak sengaja sakit hati tenang tahu sedih ngobrolin jujur saling,-1,-1,0.6455131,False,rejected
339,"Aku pengen balik yoga, tapi takut ketemu orang yang tahu soal kehilanganku. Gimana caranya aku nyaman lagi?",balik yoga takut tahu hilang nyaman keren balik yoga kelas privat pilih studio nanya yoga makasih cemas terap rencana nyaman,-1,19,0.70129484,True,medium
341,Aku nggak pernah ngerasa cukup baik di apa pun. Gimana caranya aku lebih percaya diri?,ngerasa cukup percaya diri cukup berat catat kecil hasil lakuin resin tempat tidur lama lama ngelakuin cukup,-1,-1,0.62387383,False,rejected
344,"Aku pengen ikut kelas renang, tapi takut orang-orang ngeliatin aku. Gimana caranya biar berani?",kelas renang takut ngeliatin berani takut nilai diri sendiri privat renang sepi temen bayangin renang bangga rencanain pertama jadwal kolam renang,-1,-1,0.45710963,False,rejected
345,"Aku kadang ngerasa orang lain benci aku, padahal nggak ada bukti. Ini kenapa ya?",ngerasa benci padahal bukti muncul terlalu diri sendiri alam masa fakta bareng tindak spesifik benci tenang teknik grounding,-1,-1,0.56322074,False,rejected
346,"Kadang aku merasa malu banget kalau gagal, sampe rasanya nggak mau coba lagi. Apa aku aja yang gitu?",malu gagal sampe sendiri malu gagal malu datang cukup gagal gagal tuju sukses malu gagal,-1,0,0.7984944,True,high
347,"Aku suka sih menyendiri, tapi kok orang bilang itu nggak sehat. Bener nggak sih?",sendiri sehat sendiri butuh sendiri recharge mikir jernih sendiri sepi hindar terus terus tutup diri rasain sendiri,-1,0,0.66927814,True,medium
352,Aku selalu merasa orang lain nggak peduli sama sakitku. Apa aku yang berlebihan?,peduli sakit valid tahu nunjukin perhati langsung butuhin butuh temen,-1,0,0.72170484,True,medium
357,Aku merasa sering mendengar suara-suara yang bilang aku tidak berharga. Apa yang bisa aku lakukan?,dengar harga laku dengar berat sekali tekan sederhana perhati senang deskripsi pandang favorit detail kurang intensitas sulit bareng,-1,-1,0.6243895,False,rejected
359,Aku kadang merasa dunia ini nggak nyata. Aku harus gimana?,nyata nyata pegang benda deskripsi tekstur bumi sulit dengerin,-1,-1,0.502558,False,rejected
362,Aku nggak suka kelompok dukungan kayak AA. Ada cara lain nggak buat berhenti minum?,kelompok dukung henti cocok kelompok dukung terapi psikolog aplikasi lacak temen dukung tuju kelompok dukung alternatif,-1,-1,0.56033695,False,rejected
364,"Aku suka minum pas mancing, soalnya seru. Gimana caranya mancing tanpa minum?",mancing seru mancing mancing emang asyik senang bawa soda simpan cooler mirip temen anak obrol kompetisi mancing berangkat mampir tempat jual alkohol mancing seru,-1,-1,0.50973976,False,rejected
367,Aku merasa nggak punya siapa-siapa buat ngomong soal masalahku. Apa yang bisa aku lakuin?,siapa siapa ngomong lakuin tahu ngerasa sendiri berat udah grup dukung pulih alam dekat hotline konselor,-1,-1,0.6360239,False,rejected
369,"Aku pengen coba hobi baru biar nggak minum, tapi nggak tahu mulai dari mana. Ada saran?",tahu saran keren pikirin penasaran masak olahraga ringan yoga simpel kelas temen bareng daftar cocok,-1,-1,0.59637463,False,rejected
376,"Aku pengen coba visual imagery, tapi bingung mulai dari mana. Bantu aku dong!",visual imagery asyik visual imagery seru bayangin tempat tenang pantai tutup mata bayangin dengar cium ombak pasir laut laku tempat tenang tempat bayangin pandu,-1,-1,0.44722706,False,rejected
377,Aku ngerasa nggak berguna karena nggak bisa ngapa-ngapain kayak dulu. Aku harus gimana?,ngerasa berat kecil laku urus temen kecil arti kecil minggu,-1,30,0.7363971,True,medium
378,Aku nggak suka orang lain tahu berat badanku. Aku malu banget. Apa yang harus aku lakuin?,tahu berat badan malu lakuin erti nyaman malu berat badan datang tekan luar sendiri bicara malu ringan,-1,-1,0.6034451,False,rejected
380,"Aku takut orang lihat badanku, jadi pakai baju longgar. Gimana cara ngatasin ini?",takut badan baju longgar ngatasin baju longgar hindar tubuh sendiri perlu baju aktivitas nyaman tubuh yoga ringan paling gampang,-1,25,0.7006438,True,medium
381,Aku ngecek badan di cermin puluhan kali sehari. Ini berlebihan nggak?,ngecek badan cermin puluh puluh udah terlalu tampil capek hitung berapa perlu praktis rencana kurang pelan pelan berapa,-1,28,0.68149626,True,medium
382,"Aku nggak suka badanku, tapi nggak tahu kenapa. Apa yang harus aku lakukan?",badan tahu laku badan datang tekan luar diri catat kapan situ tahu picu nyaman diri catat,-1,-1,0.59349966,False,rejected
383,Aku merasa badanku nggak oke meski orang bilang bagus. Kenapa gitu?,badan bagus badan tampil diri tahu percaya puji diri badan,-1,33,0.66846466,True,medium
386,"Aku ngerasa nggak aman kalau sendirian di rumah, takut ada apa-apa. Gimana caranya biar tenang?",ngerasa sendiri takut tenang nyambung cemas trauma pintu nyalain lampu teknik grounding benda teknik,-1,-1,0.61217463,False,rejected
387,"Kadang aku ngerasa mati rasa, kayak nggak bisa merasakan apa-apa. Itu apa artinya?",ngerasa mati arti salah otak lindung diri emosi terlalu berat sebut gejala hindar ptsd otak pasang kewalahan perlahan,-1,10,0.76060784,True,high
389,"Aku sering merasa telingaku capek kalau di tempat bising, bahkan sampai pusing. Apa itu berbahaya?",telinga capek tempat bising bahkan pusing bahaya papar bising otak dengar lelah dampak jangka panjang masuk turun fungsi kognitif lindung telinga bising beri istirahat hening otak pulih,-1,-1,0.63306063,False,rejected
390,Saya punya lingkaran yang kecil tapi dekat. Perlukah saya memaksakan diri untuk lebih beragam?,lingkar kecil dekat perlu paksa diri agam perlu paksa diri lingkar kecil beri dukung kuat harga tahap variasi giat tambah manfaat hidup,-1,17,0.7505207,True,high
392,"Saya ragu, tapi apakah flirting ringan bisa membantu suasana hati saya?",ragu flirting ringan suasana hati flirting ringan rangsang reward otak semangat senang laku hormat paksa respons jangan pribadi,-1,-1,0.6453151,False,rejected
393,Saya khawatir flirting malah memperumit hubungan. Bagaimana membedakan flirting sehat dan tidak sehat?,khawatir flirting malah rumit flirting sehat sehat flirting sehat ringan saling hormat pihak nyaman flirting timbul tekan salah langgar batas sehat perhati terima tuju,-1,-1,0.6099254,False,rejected
394,Saya malu menari karena nggak pandai gerak. Apakah menari tetap berfaedah untuk otak?,malu tari pandai gerak tari tetap faedah otak tari libat musik gera koordinasi rangsang area otak sekaligus manfaat bukan ahli libat tubuh musik gera sederhana nyaman,-1,-1,0.57444644,False,rejected
396,"Kalau saya merasa malu nyanyi di depan orang, apa yang bisa saya lakukan untuk mulai?",malu depan laku pribadi senandung mandi aktivitas kembang gabung kelompok suportif laku sesuai nyaman,-1,27,0.7091905,True,medium
397,"Saya sering merasa tertekan, apakah tertawa benar-benar bisa membantu saya lebih baik?",tekan tertawa tertawa terapi alami bagus turun stres lancar alir oksigen otak bahkan kuat daya tahan tubuh tonton film lucu acara komedi sekadar canda teman sehat ringan hilang tertawa beban mudah hadap,-1,-1,0.5602275,False,rejected
398,Saya takut kalau suatu hari mengalami cedera otak. Apa yang bisa saya lakukan untuk melindungi otak saya?,takut suatu alami cedera otak laku lindung otak cegah penting sabuk hati hati naik turun tangga jangan kursi tangga hindar kelahi aktivitas rawan bentur kepala cedera otak dampak jangka panjang jaga selamat aktivitas,-1,-1,0.6117269,False,rejected
405,Apakah satu sesi yoga singkat bisa membantu fokus saya?,sesi yoga singkat tunjuk sesi yoga tingkat mampu tahan sesi singkat beri manfaat nyata,-1,19,0.66820294,True,medium
406,Saya menghabiskan banyak waktu mengemudi dan merasa lelah. Apakah itu mempengaruhi otak saya?,habis kemudi lelah pengaruh otak kemudi kait turun kognitif beberapa studi kombinasi ketidakaktifan stres lelah timbang opsi kerja dekat jalan alternatif transportasi,-1,7,0.65197337,True,medium
408,Saya merasa sering kesepian dan tidak punya orang dekat untuk dipeluk. Apakah itu berpengaruh pada kesehatan saya?,sepi dekat peluk pengaruh sehat sepi berat pengaruh sosial kontak fisik peluk turun stres kurang gejala sakit kait stres tingkat suasana hati lewat hormon oksitosin peluk manusia sedia peluk hewan pelihara kelompok dukung ingat koneksi butuh manusiawi bukan lemah,-1,-1,0.5775683,False,rejected
409,Saya ingin 'melatih otak' tapi takut aplikasi latihan otak hanya iklan. Apakah pelatihan otak berguna?,otak takut aplikasi otak iklan otak beberapa bentuk mental manfaat utama bila libat tantang kognitif makna bahasa alat musik terampil aplikasi giat beri puas tantang nyata kombinasi olahraga interaksi sosial hasil,-1,-1,0.6152328,False,rejected
410,"Saya kadang merasa aneh kalau minta pelukan, seperti merepotkan. Bagaimana agar lebih nyaman meminta dukungan fisik?",aneh minta peluk repot nyaman minta dukung fisik canggung komunikasi kata dekat peluk pilih bentuk kontak duduk dekat gandeng tangan peluk bantal hewan pelihara beri efek tenang butuh cinta dekat,-1,-1,0.55174947,False,rejected
411,Meja kerja saya berantakan dan saya sering merasa cemas karenanya. Apa yang bisa saya lakukan?,meja kerja beranta cemas laku kacau otak kewalahan terus keliling sederhana tutup pintu barang beranta kotak laci simpan barang jangan paksa sekaligus laku tahap rutin butuh minta teman tegas nilai barang penting,-1,7,0.71802515,True,medium
413,Saya selalu merasa khawatir akan hal kecil—mengapa perasaan takut itu terus muncul?,khawatir kecil takut terus muncul mekanisme waspada otak masuk hormon kortisol fungsi perhati ancam butuh otak terus pindai potensi laku respons alami ancam nyata khawatir ulang,-1,10,0.68999183,True,medium
414,Saya selalu terjebak memikirkan hal negatif. Bagaimana cara mengubah bias negatif ini tanpa menutup mata pada masalah nyata?,jebak negatif ubah bias negatif tutup mata nyata bias negatif angsur angsur sengaja perhati positif kecil jalan bukan bohong diri sendiri imbang perspektif tetap jujur sulit kurang dominasi negatif,-1,0,0.6785171,True,medium
415,Saya merasa bersalah karena tidak lagi merasakan gairah seksual seperti dulu. Apakah ini artinya ada yang salah dengan otak saya?,salah gairah seksual arti salah otak terima khawatir dokumen sebut aktivitas seksual orgasme beri manfaat suasana hati sehat otak hilang gairah pengaruh stres lelah ubah hormon bukan sekadar otak rusak khawatir penting bicara tenaga medis konselor telusur hakim,-1,-1,0.6354574,False,rejected
416,Saya lelah memikirkan materi untuk diajarkan. Ada cara mudah memulai?,lelah materi mudah topik paling kuasa alam praktis seringkali harga teori struktur sederhana tuju singkat poin utama aktivitas singkat teman dekat percaya diri,-1,-1,0.61580944,False,rejected
417,Saya khawatir terhadap bahan kimia yang merusak saraf. Haruskah saya panik mengenai lingkungan sekitar saya?,khawatir hadap bahan rusak saraf panik kena penting waspada panik dokumen sebut beberapa neurotoksin timbal merkuri pestisida bahaya papar kurang risiko praktis hindar waspada sumber papar timbal merkuri produk tangga papar serius konsultasi sehat dokter perlu,-1,10,0.6837847,True,medium
418,Saya sering melakukan olahraga ekstrim tanpa helm karena merasa 'aman'. Seberapa penting memakai helm sebenarnya?,laku olahraga ekstrim helm berapa penting helm helm tindak cegah jelas masuk akal cedera kepala dampak jangka panjang helm kurang risiko cedera otak traumatis mati bukan takut rawat diri lindung sederhana efektif,-1,-1,0.4927923,False,rejected
420,Saya sering merasa nasib ‘menggiring’ saya. Apa yang bisa saya lakukan?,nasib giring laku ubah kecil pilih menu makan siang hasil ubah kecil kontrol perlahan tumbuh,-1,-1,0.6450646,False,rejected
422,Apakah bercanda di tengah kesulitan justru dianggap tidak serius?,canda tengah sulit justru anggap serius lama tertawa derita tawa justru lepas tekan pilih humor ringan meme lucu hewan jeda jenak,-1,-1,0.6322658,False,rejected
424,Apakah meminta bantuan artinya saya tidak mandiri?,minta arti mandiri kolaborasi justru tambah daya kontrol kelompok mandiri bukan arti sendiri tahu kapan kerja,-1,-1,0.604057,False,rejected
425,Bagaimana menyeimbangkan harapan tinggi dan realita?,imbang harap tinggi realita prinsip harap tinggi rencana cadang plan target semangat tetap tinggi jatuh empuk,-1,-1,0.60864866,False,rejected
426,Bagaimana pola napas yang benar?,pola lewat hidung hitung tahan hembus perlahan hitung mulut perut kempis,-1,-1,0.5376586,False,rejected
428,"Saya kaku dan baru pertama yoga, harus mulai dari mana?",kaku pertama yoga chair yoga beginner mute laku perlahan putar musik tempo,-1,-1,0.57126915,False,rejected
430,Bagaimana jika saya alergi bulu?,alergi bulu timbang ikan hias tanam perlu rawat beri positif tani,-1,-1,0.29405203,False,rejected
431,Saya perfeksionis dan cepat lelah. Bagaimana menyeimbangkan?,perfeksionis cepat lelah imbang delegasi tugas kecil tetap standar cukup ingat sehat penting hasil sempurna,-1,-1,0.6420336,False,rejected
432,Apakah tertawa pada situasi sulit tidak membuat saya tampak acuh?,tertawa situasi sulit tampak acuh jelas konteks tertawa tegang paham tawa mekanisme tahan bukan remeh,-1,-1,0.63225234,False,rejected
435,Apakah grup support online betul‑betul membantu?,grup support betul betul riset tunjuk daring moderasinya tingkat turun depresi grup milik atur positif fasilitator,-1,-1,0.55774,False,rejected
436,Aku merasa tidak punya teman cocok. Bagaimana mengubah pola pikir?,teman cocok ubah pola self talk sedang frekuensi negatif muncul bukti kontra sapa bukti turun sepi,-1,-1,0.6134066,False,rejected
438,Contoh self‑talk yang bisa diajarkan?,contoh self talk kuat pelan sebentar isyarat tangan kepal jempol ingat mantra prosedur,-1,7,0.71021014,True,medium
439,Apakah penempatan sekamar dengan pasien yang sudah sembuh lebih dulu membantu anakku?,tempat kamar pasien sembuh anak teman baya makan sendiri main ringan beri harap diskusi kepala awat atur kamar sesuai kondisi,-1,-1,0.46939498,False,rejected
441,Aku belum pernah yoga. Pose apa yang aman agar tidak cedera?,yoga pose cedera kelas mula pose mountain child dengar tubuh timbul sakit tajam henti konsultasi instruktur kondisi sehat sesi,-1,-1,0.61349034,False,rejected
442,Bagaimana teknik guided imagery sederhana di rumah?,teknik guided imagery sederhana rebah nyaman pejam mata bayang tempat damai pantai taman detail ombak aroma laut perlahan hembus tegang bayang arus bawa pergi beban,-1,-1,0.41871244,False,rejected
447,Mengapa ada testimoni kanker sembuh dengan placebo?,testimoni kanker sembuh placebo kisah sembuh spontan sulit verifikasi terapi medis ilmu dokter bukti placebo hilang kanker protokol onkologi,-1,-1,0.42162332,False,rejected
451,Apakah alat neurostimulator permanen aman?,alat neurostimulator permanen pasien manfaat risiko infeksi pindah elektroda evaluasi ahli bedah saraf monitor rutin perlu,-1,-1,0.55741686,False,rejected
453,Aku sulit visualisasi. Bagaimana caranya?,sulit visualisasi audio pandu bahasa indonesia tutup mata detail sensorik ombak hembus angin makin jelas imaji makin kuat efek relaksasi,-1,-1,0.6132339,False,rejected
457,Apakah menonton komedi saat sakit itu pantas?,tonton komedi sakit pantas tertawa vitamin gratis pilih tonton ringan hibur efek positif nyata sehat mental fisik,-1,-1,0.5709656,False,rejected
459,Bagaimana cara melakukan napas diafragma dengan benar?,laku diafragma letak tangan dada perut lewat hidung lama hitung hingga tangan perut angkat tahan buang perlahan mulut hitung,-1,-1,0.548986,False,rejected
461,Bagaimana bercanda tanpa mengurangi keseriusan kondisi?,canda kurang serius kondisi humor situasional singgung sakit canda drama sinetron favorit tawa sehat asal tetap hormat pihak,-1,-1,0.6479311,False,rejected
462,Mengapa saya merasa tabuh membahas kepergian?,tabuh bahas pergi hindar topik padahal diskusi beri jelas damai perlahan percaya konselor,-1,-1,0.4591453,False,rejected
463,Bagaimana cara mempraktikkan visualisasi?,praktik visualisasi tutup mata bayang tempat paling damai pantai gunung angin ombak,-1,-1,0.4419308,False,rejected
468,Apakah grup daring seefektif tatap muka?,grup daring efektif tatap muka grup beri fleksibilitas anonim bila butuh sedang tatap muka sentuh personal,-1,-1,0.50462383,False,rejected
470,"Saya sedang jalani pengobatan kanker, dan merasa cemas terus. Bagaimana kanker bisa memengaruhi kesehatan mental, dan apa yang bisa saya lakukan?",sedang jalan obat kanker cemas terus kanker pengaruh sehat mental laku berani hadap jalan kanker cemas ketidakpastian efek obat tubuh capek okay feel this teknik relaksasi meditasi dengar musik lembut konselor grup dukung kanker sendiri cemas kecil tenang,-1,19,0.7831776,True,high
474,"Saya tahu keluarga saya punya riwayat kanker, dan itu bikin saya cemas. Bagaimana risiko genetik memengaruhi kesehatan mental, dan apa yang bisa saya lakukan?",tahu keluarga riwayat kanker cemas risiko genetik pengaruh sehat mental laku khawatir peduli sehat risiko genetik riwayat kanker cemas ketidakpastian ganggu sehat mental proaktif dokter skrining kanker jaga relaksasi meditasi curhat temen sehat olahraga makan gizi cemas kecil,-1,-1,0.6479256,False,rejected
477,"Saya merasa nggak nyaman sama rekan kerja, dan itu bikin cemas. Bagaimana hubungan sosial memengaruhi, dan apa yang bisa saya lakukan?",nyaman rekan kerja cemas sosial pengaruh laku tahu nyaman kerja cemas sosial tingkatin stres risiko jantung kurang dukung ganggu sehat mental obrol ringan rekan kerja laku relaksasi jalan istirahat positif kerja kerja nyaman tips kerja nyaman,-1,14,0.6803988,True,medium
479,"Saya merasa lelah dan nggak semangat karena kanker, tapi takut cuma gejala biasa. Bagaimana tahu ini depresi, dan apa yang bisa saya lakukan?",lelah semangat kanker takut gejala tahu depresi laku tahu lelah paham depresi sangka gejala kanker lelah susah tidur semangat terus perlu perhati ganggu sehat mental dokter depresi laku meditasi pagi senyum info depresi kanker gejala takut,-1,-1,0.6437952,False,rejected
481,"Saya nggak mau terima saya punya jantungan, dan susah ikut pengobatan, bikin cemas. Mengapa ini penting, dan apa yang bisa saya lakukan?",terima jantung susah obat cemas penting laku tahu sulit terima jantung pikirin integrasi sakit konsep diri manager obat kurang cemas sehat mental baca info jantung paham kondisi alas obat hidup lama dokter kelola jantung pasien jantung terima,-1,3,0.69142103,True,medium
482,"Saya merasa nggak bisa ngapa-ngapain soal kanker, bikin depresi. Bagaimana rasa kontrol membantu, dan apa yang bisa saya lakukan?",kanker depresi kontrol laku paham daya depresi kuat ubah kontrol kanker obat makan sehat kurang depresi kuasa ningkatin sehat mental kontrol cukup laku meditasi pagi dokter sehat kendali forum kanker daya koping,-1,3,0.67563045,True,medium
483,"Saya sering lupa minum obat asma, bikin cemas. Mengapa kepatuhan sulit, dan apa yang bisa saya lakukan?",lupa obat asma cemas patuh sulit laku tahu lupa obat cemas patuh sulit kurang paham penting obat ganggu sehat mental asma kambuh edukasi diri baca info asma taruh obat tempat dekat sikat gigi alarm ingat alas obat lega patuh aplikasi ingat obat lupa,-1,36,0.67126215,True,medium
484,"Saya wanita dengan artritis dan merasa kurang didukung, bikin cemas. Mengapa ini terjadi, dan apa yang bisa saya lakukan?",wanita artritis kurang dukung cemas laku paham kurang dukung cemas kuat harga wanita artritis kurang dukung meni norma sosial ningkatin cemas ganggu sehat mental grup dukung artritis wanita temen dekat andal laku meditasi pagi layak dukung forum artritis wanita cemas,-1,-1,0.570636,False,rejected
485,"Saya merasa nggak punya harapan karena kanker, bikin depresi. Bagaimana keyakinan positif membantu, dan apa yang bisa saya lakukan?",harap kanker depresi yakin positif laku tahu harap berat kuat ubah yakin positif kelola kanker kurang depresi harap ningkatin sehat mental kontrol obat laku meditasi pagi konselor optimisme harap pasien kanker optimis harap koping,-1,-1,0.6251383,False,rejected
489,"Saya susah ingat pakai tabir surya, padahal tahu penting. Bagaimana pesan positif bisa bantu, dan apa yang bisa saya lakukan untuk kesehatan mental?",susah ingat tabir surya padahal tahu penting pesan positif laku sehat mental peduli kulit keren pesan positif tabir surya kulit sehat cerah semangat banding tabir surya kena kanker kulit sehat mental manfaat proaktif bahagia taruh tabir surya dekat pintu ingat diri sendiri jaga kulit gabung promosi safety motivasi lupa seru,-1,-1,0.61379397,False,rejected
490,"Saya kadang lupa pakai sabuk pengaman, dan itu bikin was-was. Bagaimana kebiasaan ini bisa bantu, dan apa yang bisa saya lakukan?",lupa sabuk laku peduli selamat keren sabuk naik mobil kurang risiko cedera tenang sehat mental otomatis taruh ingat dashboard stiker sabuk pilih anak temen contoh statistik sabuk motivasi lupa ingat,-1,7,0.6656712,True,medium
492,"Saya khawatir orang tua saya nggak mau skrining kanker, dan itu bikin stres. Mengapa ini penting, dan apa yang bisa saya lakukan?",khawatir skrining kanker stres penting laku peduli luar skrining kanker kolorektal penting deteksi dini obat gampang kurang risiko sehat mental kurang stres santai info sederhana manfaat skrining tawarin nemenin dokter tenang brosur skrining pandu ragu yakinin,-1,-1,0.6484279,False,rejected
493,"Saya sering lupa pakai tabir surya, dan itu bikin was-was. Bagaimana ini bantu kesehatan mental, dan apa yang bisa saya lakukan?",lupa tabir surya sehat mental laku peduli kulit keren tabir surya cegah kanker kulit tenang jaga diri sehat mental taruh tabir surya dekat pintu lindung kulit pilih tabir surya aroma seru tips safety inspirasi lupa ingat,-1,-1,0.62352717,False,rejected
495,"Ketika aku merasa lingkungan tidak mendukung, apa yang bisa kupelajari dari semangat Dorothea Dix?",dukung semangat dorothea bawa ubah timbang kelompok advokasi lokal alam pintu dukung,-1,-1,0.4877234,False,rejected
500,Bagaimana cara sederhana menantang pikiran negatif harian?,sederhana tantang negatif tabel kolom situasi otomatis alternatif realistis ulang bentuk jalur saraf tenang,-1,-1,0.55574363,False,rejected
503,Aku takut presentasi. Apa langkah paparan bertahap yang aman?,takut presentasi papar tahap bayang presentasi rekam diri bicara kamar lanjut presentasi teman dekat audiens,-1,-1,0.6012758,False,rejected
506,Bagaimana memastikan privasi saat sesi video call?,privasi sesi call headphone ruang tutup aplikasi enkripsi tutup dokumen layar tetap,-1,-1,0.29065388,False,rejected
509,Aku takut penelitian analog nggak ngegambarin aku. Apa itu berguna?,takut analog ngegambarin desain analog pake tiru klien mirip kondisi susah dapetin klien asli works hasil perlu nyata hati hati khawatir,-1,-1,0.55208457,False,rejected
511,Aku orang Asia. Apa DSM ngerti pengalamanku?,asia alam diagnosis alam asia udah sensitif kritik kurang libat minoritas gejala kurang wakil latar belakang psikolog khawatir,-1,1,0.75532305,True,high
514,Aku merasa nggak bisa ngerti pelajaran baru. Apa aku kurang pinter?,kurang pinter sendiri paham butuh dekat tahu susah materi terlalu abstrak butuh contoh nyata guru temen jelas internet butuh susah,-1,-1,0.5348096,False,rejected
515,Aku suka menyembunyikan perasaanku di depan orang lain. Apa itu normal?,sembunyi depan laku sesuai ekspresi wajah sesuai situasi menang tempat umum sembunyi capek sendiri ruang temen keluarga lega,-1,14,0.68483835,True,medium
516,"Kadang aku lihat orang dengan ekspresi muka yang sama, tapi kok rasanya beda, apa sih yang bikin begitu?",ekspresi muka ekspresi muka makna sendiri proses emosi pengaruh alam senyum bahagia gugup penasaran pelan pelan siapa tahu paham balik ekspresi,-1,-1,0.5922216,False,rejected
518,"Aku merasa nggak bisa ngapa-ngapain karena lingkungan di sekitarku, apa yang bisa aku lakukan?",laku emang hambat mudah ubah kuat kontrol respons hadap aspek kecil ubah sudut kecil nyaman kerja refleksi dukung hambat solusi bareng,-1,28,0.7016948,True,medium
522,Aku ngerasa nggak punya bakat apa-apa dibandingkan temenku. Apa yang salah sama aku?,ngerasa bakat banding temenku salah salah terlalu sibuk inget inget bangga neng jago dengerin unik nyelesain eksplor nulis olahraga bakat,-1,-1,0.5712962,False,rejected
526,Aku merasa nggak punya kontrol atas hidupku. Apa yang bisa aku lakukan?,kontrol hidup laku nyaman kendali kontrol kecil atur putus capai tekan pecah kecil kuat atur,-1,28,0.6897961,True,medium
527,Aku merasa hidupku nggak under control. Gimana caranya aku ngambil alih lagi?,hidup under control ngambil kendali naik perahu ombak diri daya konasi putus kecil atur jadwal makan tidur catat kacau urutin ubah overwhelming psikolog rencana balikin kendali,-1,-1,0.62871677,False,rejected
528,"Aku sering merasa pikiranku penuh, tapi nggak tahu apa yang aku pikirkan. Apa yang bisa aku lakukan?",penuh tahu laku penuh jelas proses sekaligus luang perlu rapi cukup bebas urai kacau berat percaya profesional ringan,-1,-1,0.64872795,False,rejected
531,Aku merasa orang-orang nggak ngerti aku. Apa yang bisa aku lakukan?,laku erti sepi psikologi sosial komunikasi kunci ungkapin rasain sederhana jujur dekat nyambung siapa dengerin,-1,14,0.7575202,True,high
533,"Aku nggak suka ngeliat ke dalam diri, apa metode lain yang bisa aku coba?",ngeliat diri metode introspeksi berat metode ringan kuesioner perlu sederhana diri metode eksperimental hidup gali terlalu pilih paling nyaman lega,-1,28,0.66091186,True,medium
534,"Aku merasa kuesioner itu impersonal, apa ada cara bikin itu lebih personal?",kuesioner impersonal personal kuesioner kaku personal relevan umum momen hidup susun beberapa ungkap diri,-1,11,0.6781214,True,medium
536,Metode introspeksi eksperimental itu apa? Kedengerannya rumit.,metode introspeksi eksperimental kedengerannya rumit metode introspeksi eksperimental rumit dengar introspeksi tambah kontrol kelompok minta catat laku dengar musik pola luas bukan penasaran versi sederhana catat aktivitas nyoba,-1,-1,0.57186157,False,rejected
538,Aku merasa kuesioner itu kaku dan nggak bisa bikin aku ceritain semuanya. Ada solusi nggak?,kuesioner kaku solusi kuesioner tutup pilih batas kolom komentar kuesioner langsung penting tambah dengar masuk,-1,-1,0.5456133,False,rejected
539,Apa sih kelemahan kuesioner yang harus aku waspadai?,lemah kuesioner waspada kuesioner kurang fleksibel cukup jelas cakup situasi risiko kurang akurat buru buru makanya baca tenang paham kurang jelas,-1,0,0.713846,True,medium
540,Aku merasa nggak percaya diri kalau disuruh menjawab soal dalam bahasa. Apa yang bisa aku coba?,percaya diri suruh bahasa bahasa degan bahasa tantang sederhana baca pendek temen diskusi ringan bahasa lidah lentur penting jangan takut salah tuju maju,-1,22,0.74347836,True,medium
544,Aku pengen cepet selesai kalau ngerjain tugas. Tes apa yang bisa bantu aku?,cepet ngerjain tugas ngebut cepat cocok ngukur berapa cepat tugas tugas tugas pendek batas matematika ingat cepet bagus tepat,-1,28,0.7506156,True,high
546,Aku ngerasa orang lain lebih gampang nangkap detail daripada aku. Aku ketinggalan gitu rasanya.,ngerasa gampang nangkap detail tinggal peka arti kurang perlu diri perhati kecil tekstur kain burung lama lama jago nangkap detail bandingin diri sendiri bukan,-1,30,0.69467247,True,medium
547,Aku kadang susah dengar nada tertentu. Itu kenapa ya?,susah dengar sulit dengar beberapa telinga otak proses bunyi telinga tangkap getar bunyi ganggu susah dengar periksa dokter,-1,-1,0.59554857,False,rejected
548,Aku suka bingung kenapa bunyi keras lebih bikin aku kaget dibandingkan bunyi pelan?,bunyi kaget banding bunyi pelan bunyi kaget amplitudo otak langsung respons penting potensi bahaya mekanisme alami waspada kaget kurang papar bunyi terlalu stres,-1,-1,0.6361753,False,rejected
549,Aku merasa telingaku sensitif banget sama bunyi berulang. Itu normal nggak?,telinga sensitif bunyi ulang sensitif bunyi ulang otak cenderung notice pola ulang ganggu stres peka stimulus bunyi earplug berisik konsultasi dokter ganggu,-1,-1,0.5624522,False,rejected
550,Aku suka bingung kenapa telinga bisa bikin kita seimbang. Itu beneran ada hubungannya?,telinga imbang beneran telinga struktur khusus jaga imbang tubuh dengar telinga kerja gampang jatuh pusing imbang periksa dokter,-1,-1,0.53857696,False,rejected
554,"Aku kadang ngerasa kayak lihat sesuatu, tapi cuma sebentar. Itu apa ya?",ngerasa sebentar sebut bayang iring efek sisa lampu terang cahaya sebentar langsung sebentar percaya,-1,-1,0.54978335,False,rejected
557,"Aku kadang bingung sama data yang banyak, susah nyusun pikiran. Gimana biar nggak overwhelm?",data susah nyusun overwhelm data emang pusing pilah pilah penting sisih catat diagram sederhana hadepin urutin bareng,-1,-1,0.54420817,False,rejected
558,"Aku merasa nggak bisa ngapa-ngapain dengan benar, apa aku bodoh?",bodoh jangan bodoh down mampu jago bahasa kuat logika gagal tahu percaya diri,-1,22,0.65950084,True,medium
559,"Aku nggak bisa ngomong di depan orang banyak, apa aku nggak pinter?",ngomong depan pinter ngomong depan pintar terampil bicara publik pinter grogi ngomong depan bareng simpel,-1,22,0.684446,True,medium
561,Aku merasa bangga kalo bisa bantu temen. Itu perasaan apa?,bangga kalo temen sosial positif empati bangga hati lakuin temenmu seru,-1,33,0.67751074,True,medium
562,"Aku merasa perilakuku kadang nggak nyambung sama situasi. Misalnya, tiba-tiba ketawa padahal nggak lucu. Normal nggak sih?",perilaku nyambung situasi ketawa padahal lucu perilaku nyambung muncul emosi jalan diri sepenuh respons otomatis tubuh ketawa nervous nyaman tahu picu ingat situasi ketawa,-1,0,0.6748493,True,medium
563,Aku merasa perilakuku berubah setelah aku pindah kota. Apa lingkungan beneran sebesar itu pengaruhnya?,perilaku ubah pindah kota beneran pengaruh pengaruh perilaku pindah kota arti suasana bahkan tekan tindak ubah perhati kota sesuai diri nyari nyaman ubah,-1,-1,0.4926158,False,rejected
564,"Aku pengen lebih sabar sama diri sendiri, ada saran?",sabar diri sendiri saran sabar diri sendiri bagus introspeksi paham kapan paling diri sendiri terlalu tuntut diri self talk lembut sabar diri,-1,0,0.6560942,True,medium
565,Aku suka ngerasa lingkunganku nggak mendukung buat aku berkembang. Gimana caranya biar tetep maju?,ngerasa dukung kembang maju dukung emang stuck salah dirasain kecil kontrol ruang nyaman temen suportif berat luar mentor dukung obrolin,-1,14,0.7354253,True,medium
566,"Aku pengen jadi lebih sabar, tapi rasanya susah banget. Ada saran?",sabar susah saran sabar butuh usaha sifat sabar pengaruh bawa bentuk lewat teknik sederhana kesal ingat diri sendiri langsung sempurna sabar,-1,-1,0.5805257,False,rejected
567,"Aku sering merasa bingung kenapa aku melihat sesuatu berbeda dari temenku, meskipun kita lihat hal yang sama. Apa yang bikin begitu?",temenku sendiri paham persepsi pengaruh alam unik sedih bunga cerah temenmu happy bunga super indah pandang temenmu,-1,-1,0.6448687,False,rejected
568,"Kenapa ya, aku suka ngerasa sesuatu itu lebih besar atau kecil dari yang sebenarnya?",ngerasa kecil otak mainin ukur rasain pikirin takut laba laba laba laba kecil gede ngerasa,-1,24,0.7934836,True,high
572,Aku merasa hidupku nggak adil karena aku nggak punya kesempatan yang sama seperti orang lain. Apa yang harus aku pikirkan?,hidup adil sempat paham hidup adil jalan kuat cipta milik kecil dekat tuju arti perlu banding,-1,-1,0.5657037,False,rejected
573,"Aku ngerasa orang-orang di sekitarku kayak musuh, bukan temen. Gimana cara ubah pikiran ini?",ngerasa musuh bukan temen ubah berat ngerasa kompetisi kawan bukan lawan kecil senyum sapa tulus ngerasa dekat,-1,-1,0.6007136,False,rejected
574,"Kenapa aku merasa orang lain itu seperti musuh, bukan teman?",musuh bukan teman sedang kurang percaya diri takut hadap tantang hidup hilang berani jalan tugas tugas hidup cenderung ancam teman dukung musuh,-1,-1,0.6225861,False,rejected
575,Apa sih tugas hidup itu? Aku bingung.,tugas hidup tugas hidup jalan tumbuh pertama mandiri arti diri kaki sendiri hidup harmonis masyarakat kerja sehat penting percaya mampu laku teman bukan saing konsep,-1,-1,0.6218591,False,rejected
577,"Apa sih kebebasan itu sebenarnya? Aku merasa punya banyak uang bisa bikin aku bebas, tapi kok masih ada yang kurang?",bebas uang bebas kurang bebas bukan uang uang penuh butuh hidup bebas sejati harta sepi arti bebas kurang interpersonal terima tempat hati,-1,-1,0.59221697,False,rejected
578,Aku merasa hubungan dengan orang lain sering bikin aku nggak bebas. Kenapa ya?,bebas hidup lepas interpersonal beban musuh ancam bayang teman juang pandang ubah sehat bebas bukan ikat,-1,14,0.7093719,True,medium
584,Apa yang membuat seseorang merasa hidup ini rumit?,hidup rumit hidup rumit jebak kompleks sosial perang ketidaksetaraan hilang sederhana pandang,-1,-1,0.54589385,False,rejected
585,Mengapa seseorang merasa cemas dalam masyarakat modern?,cemas masyarakat modern masyarakat modern milik pegang jelas agama masa hidup diri sendiri picu cemas bimbang,-1,-1,0.49972957,False,rejected
587,Apa peran pengalaman pribadi dalam membentuk pandangan tentang dunia?,peran alam pribadi bentuk pandang alam pribadi pengaruh pandang alam positif cenderung optimis alam negatif tempat rumit,-1,0,0.7009642,True,medium
590,Aku merasa dunia ini keras dan nggak adil. Gimana caranya aku nggak terus-terusan merasa begini?,adil terus terus begini berat ketidakadilan hilang momen ubah kecil tempat kontribusi kecil laku sisi positif,-1,-1,0.5282965,False,rejected
596,"Aku pengen ngerasa berguna, tapi nggak tahu caranya. Apa yang bisa aku lakukan?",ngerasa tahu laku ngerasa kecil dengerin temen curhat senyumin asing arti kecil laku diperhatiin situ ngerasa,-1,30,0.6637447,True,medium
597,"Aku bingung, kalau nggak ada alasan dari masa lalu, kenapa kita bisa stuck kayak gini?",alas masa stuck stuck masa tuju temenmu keluar kamar luar nyaman,-1,17,0.65033257,True,medium
599,"Aku sering kepikiran masa lalu, itu bikin aku stuck. Gimana caranya lepas?",masa stuck lepas masa sorot bayangin hidup panggung lampu sorot momen masa masa depan bayang nyata jalan,-1,-1,0.56785405,False,rejected
600,"Aku merasa nggak punya kekuatan buat hadapi hidup, apa aku lemah?",kuat hadap hidup lemah lemah justru kuat kuat mampu milih ubah selang kecil ubah betapa kuat diri,-1,0,0.7529299,True,high
602,Aku merasa nggak punya kendali atas hidupku. Semua kayaknya udah ditentuin dari aku lahir. Gimana aku bisa merasa punya kuasa atas hidupku sendiri?,kendali hidup udah ditentuin lahir kuasa hidup sendiri dengar jebak berat kuasa pilih tanggap kecil kendali respons kecil ubah,-1,11,0.70595574,True,medium
603,"Aku nggak suka sama masa laluku. Kalau bisa, aku pengen lahir lagi jadi orang lain. Apa aku salah mikir gitu?",masa lahir salah mikir salah tunjuk masa ubah ubah masa depan bayang tuju kecil capai sana bareng,-1,-1,0.60748106,False,rejected
607,"Kenapa aku merasa Tuhan kasih masalah besar banget, kayak nggak kuat gitu?",tuhan kuat tuhan mampu berat kuat diri percaya jalan keluar,-1,-1,0.5285672,False,rejected
608,"Kenapa aku merasa hidup ini nggak adil, orang lain kok kayaknya lebih mudah?",hidup adil mudah hidup adil tahu lengkap tantang ketidakadilan kendali hidup kecil rapi kecil ubah,-1,11,0.68531007,True,medium
611,"Aku dikritik habis-habisan sama orang. Rasanya sakit, tapi aku nggak mau ngaku salah. Apa yang harus aku lakukan?",kritik habis habis sakit ngaku salah laku kritik perih poin mikir kritik evaluasi diri hadiah gratis,-1,-1,0.62069654,False,rejected
612,Aku lagi di titik terendah hidupku. Apa ini akhir dari segalanya?,titik rendah hidup akhir segala bukan akhir titik rendah justru momen bangkit paling kuat bayangin superhero bangkit puruk kecil bangkit,-1,-1,0.6175535,False,rejected
613,Aku merasa nggak layak dicintai karena kekuranganku. Gimana caranya aku mengatasi perasaan ini?,layak cinta kurang layak cinta kurang cinta diri sendiri syukur diri harga diri,-1,33,0.7555209,True,high
615,Aku sering ngerasa nggak punya kontrol atas hidupku. Gimana caranya aku merasa lebih kuat?,ngerasa kontrol hidup kuat kontrol putus kecil daya rapi meja kecil,-1,17,0.68492234,True,medium
620,"Aku pengen punya hobi, tapi bingung pilih yang mana. Saran dong!",pilih saran seru penasaran simpel jurnal kelas gratis tahu,-1,-1,0.47563615,False,rejected
622,Kenapa aku selalu merasa harus membuktikan sesuatu ke orang lain?,bukti hidup bukan bukti siapa penting cukup diri sendiri diri bukan harap,-1,-1,0.58160007,False,rejected
624,Aku merasa hidupku nggak seimbang. Gimana cara memperbaikinya?,hidup imbang imbang butuh cipta daftar prioritas kurang tambah aspek hidup,-1,11,0.6615436,True,medium
625,"Aku merasa hidupku nggak adil. Kenapa orang lain bisa sukses, tapi aku enggak?",hidup adil sukses enggak tahu enak hidup adil juang bukan arti hasil kendali usaha sikap kerja bareng,-1,-1,0.59054947,False,rejected
626,Aku capek karena merasa harus kuat terus di depan orang. Apa aku boleh lemah?,capek kuat terus depan lemah manusia bukan robot sekal tunjuk sisi rapuh justru jujur diri sendiri kuat nyata percaya,-1,0,0.738579,True,medium
627,Kenapa sih aku selalu bandingin diri sama orang lain? Rasanya aku nggak pernah cukup.,bandingin diri cukup alami rumput tetangga hijau padahal rumput sendiri kecil bangga diri,-1,-1,0.47218528,False,rejected
629,Aku ngerasa nggak punya keunikan dibandingkan orang lain. Gimana caranya nemuin itu?,ngerasa banding nemuin langsung inget momen mikir ngelakuin situ gali,-1,30,0.691584,True,medium
632,"Aku pengen berdamai sama diriku sendiri, tapi nggak tahu caranya. Bisa bantu?",damai diri sendiri tahu damai diri sendiri proses indah terima diri masuk kurang syukur diri refleksi damai,-1,-1,0.6272857,False,rejected
634,Gimana caranya aku bisa berdamai dengan kekuranganku?,damai kurang nali kurang hambat terima diri justru jalan bahagia unik,-1,33,0.73795605,True,medium
635,"Aku merasa nggak punya kendali atas hidupku, apa yang bisa kulakukan?",kendali hidup laku berat kecil kendali tanggap awal kendali,-1,-1,0.59149647,False,rejected
636,Aku merasa nggak layak dicintai karena kekuranganku. Gimana caranya aku bisa merasa lebih berharga?,layak cinta kurang harga layak cinta kurang diri kecil cinta siapa bukan sempurna peluk diri sendiri,-1,33,0.6588264,True,medium
638,Aku ngerasa nggak punya keberanian buat beda dari orang lain.,ngerasa berani berani tumbuh kecil lakuin baju tren tepat harga,-1,4,0.6702274,True,medium
640,"Kadang aku merasa cuma jadi penonton di hidup ini. Aku pengen ikut berperan, tapi bingung mulai dari mana.",tonton hidup peran awal bagus tahu peran sederhana teman tindak kecil ubah,-1,14,0.7118151,True,medium
642,"Aku pengen berdamai sama diriku sendiri, tapi kok susah banget. Ada tips nggak?",damai diri sendiri susah tips damai diri sendiri butuh terima kurang hakim diri syukur ingat perlu sempurna yakin pelan pelan damai,-1,-1,0.62340534,False,rejected
643,Aku merasa stres karena pengen sempurna terus. Gimana caranya aku rileks?,stres sempurna terus rileks sempurna capek terima sempurna usaha bukan hasil beri diri istirahat nikmat hidup tekan,-1,-1,0.6373965,False,rejected
644,Aku ngerasa lingkunganku nggak mendukung aku berkembang. Apa yang bisa aku lakuin?,ngerasa dukung kembang lakuin pengaruh kuasa ubah jalan tuju kecil acara grup dukung tumbuh,-1,-1,0.563424,False,rejected
646,Gimana caranya aku tahu aku udah di jalur yang benar?,tahu udah jalur damai proses semangat jalur tepat jangan lupa evaluasi udah hasil perlu terus maju,-1,-1,0.60704446,False,rejected
648,"Aku suka membayangkan hidupku seperti di film, tapi kadang itu bikin aku lupa sama kenyataan. Apa yang salah denganku?",bayang hidup film lupa nyata salah salah imajinasi lewat liar lupa jalan hidup nyata luang momen grounded,-1,-1,0.5904416,False,rejected
649,Aku merasa aku harus selalu terlihat sempurna di depan orang lain. Capek banget. Apa yang bisa aku lakukan?,sempurna depan capek laku terus terus usaha sempurna lelah ingat sempurna jujur diri sendiri percaya,-1,-1,0.64899457,False,rejected
654,"Aku merasa ideku nggak perlu diperbaiki, udah sempurna, apa itu buruk?",perlu udah sempurna yakin bagus sempurna,-1,-1,0.53809845,False,rejected
656,"Aku merasa nggak cukup pinter buat bersaing sama orang lain, gimana caranya?",cukup pinter saing cukup cerdas akademik pelan pelan yakin kembang,-1,-1,0.64617777,False,rejected
658,Aku benci dikritik. Gimana caranya biar nggak kesal tiap dikritik?,benci kritik kesal kritik kritik panas kritik saran kembang bukan serang kritik,-1,-1,0.55320233,False,rejected
660,Aku pengen orang lain takut sama aku biar dihormati. Apa ini salah?,takut hormat salah hormat takut tahan lama sehat respek kerja tindak harga tulus,-1,-1,0.62458813,False,rejected
661,Aku suka ngontrol semua kerjaan timku. Apa ini salah?,ngontrol kerja salah kontrol percaya beri ruang kontribusi tugas delegasi percaya,-1,-1,0.5164058,False,rejected
665,Kenapa aku selalu merasa harus lebih baik dari orang lain?,main main banding penting tuju sendiri peduli standar,-1,-1,0.41702503,False,rejected
668,Aku merasa hidupku harus kayak cerita sukses di film. Apa itu realistis?,hidup sukses film realistis hidup film kejar dramatis tindak kecil hidup makna,-1,11,0.70371604,True,medium
669,Aku merasa apa yang aku lakuin selalu paling penting. Ini wajar nggak sih?,lakuin paling penting muncul lupa kerja nomor sudut,-1,7,0.6517579,True,medium
671,"Aku pengen punya kendali atas semuanya, tapi kok malah bikin aku cemas?",kendali malah cemas kendali manusiawi atur cemas kendali lepas,-1,-1,0.5043423,False,rejected
672,"Aku pengen orang lain ngikutin cara aku, tapi mereka nggak mau. Aku salah nggak?",ngikutin salah ngikutin sendiri titik tengah,-1,-1,0.6036923,False,rejected
673,"Kenapa ya aku selalu pengen ngurusin semua detail proyek, padahal capek banget?",ngurusin detail proyek padahal capek sempurna percayain nanganin detail lelah proyek tetap jalan,-1,28,0.66632676,True,medium
674,Aku sering ganti-ganti proyek karena bosan. Apa itu buruk?,proyek bosan proyek pilih tuju komitmen bosan disiplin jauh penting,-1,-1,0.54450715,False,rejected
678,"Aku ngerasa aku nggak butuh aturan, karena aku punya cara sendiri. Itu oke nggak?",ngerasa butuh atur sendiri sendiri bagus atur kerja atur atur adaptasi gaya tetap fleksibel kacau,-1,-1,0.60656893,False,rejected
680,Aku merasa lebih hebat dari orang lain di kantor. Tapi kenapa aku malah kesepian?,kantor malah sepi percaya diri jauh refleksi dekat rekan kerja rendah hati dengar hangat bahagia,-1,-1,0.5907351,False,rejected
682,Aku merasa gak bisa hidup tanpa validasi orang lain. Apa aku normal?,hidup validasi butuh validasi percaya diri laku pamrih olahraga lama lama nemu kuat diri,-1,25,0.66212064,True,medium
684,Aku sering marah kalau dikritik. Aku harus apa biar nggak gampang tersinggung?,marah kritik gampang singgung kritik panas sempat tumbuh tanyain diri sendiri kritik reagasi kritik kesal nyata,-1,-1,0.6006367,False,rejected
686,Aku merasa malu banget sama kegagalanku. Gimana cara ngatasin rasa malu ini?,malu gagal ngatasin malu malu kecil ingat gagal definisi diri malu bareng sudut beban ringan,-1,0,0.7939422,True,high
688,Aku sering merasa kesepian meski dikelilingi orang. Kenapa ya?,sepi keliling sepi koneksi batin luang jujur percaya bahkan diri sendiri lewat jurnal,-1,-1,0.47575134,False,rejected
691,Aku pengen jadi sempurna supaya nggak dikritik lagi. Gimana caranya?,sempurna kritik sempurna tekan kritik cermin terima sempurna tumbuh bukan sempurna,-1,-1,0.6375016,False,rejected
692,Aku malu banget karena proyekku gagal di depan tim. Gimana cara ngatasin rasa malu ini?,malu proyek gagal depan ngatasin malu malu jangan definisi diri ingat gagal proyek bukan arti harga bicara salah masuk nunjukin dewasa lanjut proyek malu izin,-1,-1,0.60996103,False,rejected
693,Aku takut orang lain nggak respect aku lagi setelah aku gagal. Apa yang harus aku lakukan?,takut respect gagal laku respect bonus bukan butuh utama penting respect diri sendiri tunjuk lewat tindak bangkit gagal beneran peduli ngeliat usaha bukan hasil tumbuh respect datang sendiri,-1,0,0.71236336,True,medium
694,Aku pengen jadi sempurna supaya nggak dikritik lagi. Gimana caranya?,sempurna kritik sempurna tekan kritik hindar pilih tanggap tumbuh bukan sempurna ingat sempurna,-1,-1,0.6325932,False,rejected
696,"Aku nggak suka kalau orang bilang aku salah, kenapa ya?",salah kritik datang padahal kritik tumbuh kritik saran bukan serang kesal kritik,-1,-1,0.6133785,False,rejected
697,Kenapa aku susah nerima kritik dari orang lain?,susah nerima kritik kritik enak dengar peta tanyain diri sendiri jangan anggap kritik serang pribadi,-1,18,0.6757742,True,medium
698,"Aku pengen bikin perubahan besar, tapi bingung mulai dari mana. Saran dong!",ubah saran ubah kecil pilih ubah kecil konsisten ubah,-1,-1,0.5593878,False,rejected
700,"Aku merasa kewalahan sama proyekku, rasanya pengen menyerah.",kewalahan proyek serah kewalahan jangan buru buru serah pecah proyek kecil kerja paling kecil,-1,28,0.687499,True,medium
702,"Aku takut kalau ga cerita soal rencanaku, orang ga akan respect aku.",takut rencana respect respect sejati datang tindak bukan laku diam diam hasil pertama,-1,-1,0.61600655,False,rejected
705,"Aku merasa nggak perlu dengar masukan orang lain, aku sudah cukup jago.",perlu dengar masuk cukup jago percaya diri bagus masuk lewat dengar siapa tahu minta saran siapa,-1,-1,0.5488249,False,rejected
707,"Aku merasa nggak perlu belajar lagi, aku kan sudah lulus kuliah.",perlu lulus kuliah kuliah awal terus ubah terus penting tahu kembang bidang,-1,-1,0.41090673,False,rejected
708,"Aku nggak suka dikritik, bikin aku kesal.",kritik kesal kritik nyaman tahu perlu kritik saran bukan serang kritik kesal,-1,-1,0.5553788,False,rejected
710,"Aku pengen jadi yang pertama di bidangku, pokoknya nomor satu!",pertama bidang pokok nomor ambisi keren nomor lupa proses laku pertama,-1,-1,0.54684544,False,rejected
711,"Aku merasa nggak perlu mentor, aku bisa cari tahu sendiri.",perlu mentor tahu sendiri keren mandiri mentor jalan cepat hindar salah salah bimbing mentor,-1,-1,0.5613048,False,rejected
713,"Aku nggak mau dengar omongan negatif, aku cuma mau yang positif.",dengar omong negatif positif positif bagus omong negatif ingat penting balik dengar negatif,-1,18,0.6735785,True,medium
716,"Aku pengen jadi orang hebat, tapi rasanya jauh banget. Harus mulai dari mana?",jauh datang kecil skill kuasa,-1,28,0.6909777,True,medium
722,Mengapa memikirkannya terus malah bikin sedih makin berat?,terus malah sedih makin berat memori negatif putar jalur emosi otak kortisol naik mood merosot henti teknik grounding pancaindra jalur bentuk,-1,7,0.72809196,True,medium
725,Contoh reframe kemarahan ketika proyek gagal apa?,contoh reframe marah proyek gagal becus tingkat geser salah turun tensi konflik,-1,-1,0.48957008,False,rejected
727,Kenapa kegagalan terasa seperti penyakit emosional?,gagal sakit emosional gagal ganggu self esteem mirip lemah imunitas fisik awat dukung rencana kembang pneumonia psikis keputusasaan,-1,0,0.68435746,True,medium
736,"Bagaimana keluar dari ""kotak tak terlihat"" setelah gagal?",keluar kotak gagal ubah kecil workspace mentor stimulus picu segar bongkar kotak mental,-1,-1,0.6022097,False,rejected
738,Apa manfaat menunjukkan diri berharga ke publik?,manfaat tunjuk diri harga publik sesuai laku konsistensi harga diri batas hormat,-1,-1,0.5810139,False,rejected
739,Bagaimana melihat pujian tanpa beban performa?,puji beban performa puji refleksi butuh beri ekspresi apresiasi paham terima puji jebak perfeksionisme,-1,15,0.66663086,True,medium
740,Bagaimana merespons pujian yang terasa lebay?,respons puji lebay balas senang manfaat terima cakap proses bukan sosok redam canggung,-1,33,0.71623933,True,medium
741,"Bagaimana menyiapkan ""plan B""?",siap plan potensi hambat habis dana skenario solusi mental rehearsal turun cemas kata gabriele oettingen,-1,7,0.6567296,True,medium
742,Mengapa mengambil tanggung jawab membantu pulih dari kegagalan?,pulih gagal pulih kontrol pegang kendali otak henti posisi diri korban rancang aksi,-1,-1,0.6440811,False,rejected
743,"Kak, apa artinya kepribadian cuma terlihat lewat hubungan sosial?",arti pribadi lewat sosial arti siapa diri tampak interaksi bicara beri dukung respons konflik relasi otomatis kaya pribadi,-1,-1,0.64100814,False,rejected
749,Aku mudah menilai orang ‘baik’ atau ‘jahat’. Bagaimana menyeimbangkannya?,mudah nilai jahat imbang ingat campur tantang diri kualitas positif label jahat sehat relasi,-1,-1,0.6177523,False,rejected
756,Apa indikator aku telah ‘dewasa’ secara interpersonal?,indikator dewasa interpersonal kolaborasi adil nikmat dekat takut tinggal ekspresi butuh jelas,-1,14,0.7009252,True,medium
759,"Apa sebenarnya kepribadian itu, Kak?",pribadi pribadi ibarat sidik jari psikologis pola khas tindak teman situasi paham nali kuat area tumbuh,-1,1,0.65384483,True,medium
763,Tips memperkuat ‘ego’ supaya keputusan lebih rasional?,tips kuat putus rasional teknik jeda hitung detik respons jeda singkat beri timbang risiko manfaat,-1,28,0.71360505,True,medium
768,Apakah wajar meniru mentor dalam berbicara?,tiru mentor bicara lama tetap otentik tiru kualitas positif kaya pribadi pilih selaras nilai diri bukan paksa citra palsu,-1,-1,0.5967944,False,rejected
771,Aku belanja berlebihan lalu beri hadiah ke teman agar tak merasa bersalah. Apakah sehat?,belanja beri hadiah teman salah sehat beri motif hapus salah kelola uang hadap emosi langsung,-1,-1,0.62447643,False,rejected
772,Bagaimana menetapkan batas kerja sehat?,tetap batas kerja sehat atur kerja istirahat mati notifikasi kerja,-1,-1,0.5568554,False,rejected
774,Bagaimana menemukan tujuan hidup yang cocok denganku?,tuju hidup cocok refleksi nilai keluarga kreativitas pilih aktivitas wujud nilai tetap kecil konsisten,-1,15,0.70887345,True,medium
777,Aku sering merasa nggak cukup baik setelah ditolak. Gimana cara menghentikan pikiran negatif ini?,cukup tolak henti negatif negatif kertas kritik diri lawan kritik fakta temen asyik diri adil sulit laku kuasa masak ingat,-1,0,0.6830481,True,medium
778,"Setelah ditolak, aku kehilangan rasa percaya diri. Bagaimana cara membangunnya lagi?",tolak hilang percaya diri percaya diri goyah tolak duduk jenak bangga diri mampu dengar kerja susah ingat momen hasil laku aktivitas kompeten olahraga ingat,-1,25,0.7077743,True,medium
783,"Aku kesepian, tapi susah buka diri ke orang lain. Gimana cara memulainya?",sepi susah diri mula diri gampang sepi kecil ringan film tonton takut ingat gugup kecil temen respons nyaman kuat,-1,10,0.70880485,True,medium
784,"Aku pengen hubungan yang lebih dekat sama orang lain, tapi selalu gagal. Apa yang harus aku lakukan?",dekat gagal laku erat udah luangin refleksi jauh takut sakit cukup tahu pola lakuin tindak kecil ngajak temen ngopi dengerin penuh perhati erat butuh,-1,0,0.8476981,True,high
786,"Aku kesepian, tapi susah ketemu orang baru. Ada saran?",sepi susah saran tantang sesuai grup cinta film masak ngomentarin postingan diskusi kecil nyaman acara lokal workshop pamer kecil pintu koneksi,-1,-1,0.5582124,False,rejected
788,Kehilangan bikin aku merasa nggak berharga. Gimana cara membangun rasa percaya diri lagi?,hilang harga percaya diri hilang goyah nilai bangga temen laku aktivitas kompeten masak olahraga suportif ngingetin betapa kuat,-1,0,0.67045677,True,medium
789,Aku masih nanya-nanya kenapa aku kehilangan seseorang. Gimana cara menerima kenyataan ini?,nanya nanya hilang terima nyata proses terima renung hilang kuat hidup jurnal dengerin proses cepet makna perlahan terima harap,-1,-1,0.6369598,False,rejected
790,Aku sering mikir ‘andai saja’ soal kehilangan yang aku alami. Gimana cara berhenti mikir gitu?,mikir andai hilang alami henti mikir andai jebak kontrol syukur temen momen kecil senyum muncul lakuin serap perhati nonton film jalan jalan proses butuh perlahan depan,-1,18,0.7548437,True,high
791,"Aku merasa bersalah sama seseorang, tapi takut ngomong. Apa yang bisa aku lakukan?",salah takut ngomong laku takut ngomong salah kecil kirim pesan sederhana nanya kabar pelan pelan pulih siap ungkap jujur surat perlu kirim ngeluarin penting usaha koneksi udah,-1,18,0.7399366,True,medium
795,Aku merasa kesepian meski punya temen. Gimana cara bikin hubungan yang lebih erat?,sepi temen erat sepi temen pilih temen percaya personal harap takut langsung berat kecil lakuin bareng main game jalan jalan erat butuh kecil dekat,-1,0,0.72439444,True,medium
798,Aku sering terjebak di pikiranku sendiri dan susah connect sama orang lain. Gimana caranya keluar dari situ?,jebak sendiri susah connect keluar situ jebak sendiri ngerasa jauh depan dengerin tanyain hadir lari perhati pandang kecil,-1,17,0.66843545,True,medium
799,"Aku pengen lebih peduli sama temen, tapi bingung caranya. Ada tips?",peduli temen tips peduli udah dengar temenmu penuh perhati bayangin rasain posisi tanyain nunjukin peduli gestur kecil harga erat,-1,18,0.72539985,True,medium
800,"Setelah kehilangan, aku ngerasa dunia nggak adil. Gimana cara ngatasin pandangan ini?",hilang ngerasa adil ngatasin pandang hilang ngerasa ubah momen kecil syukur matahari pagi obrol temen minggu kecil negatif muncul aktivitas baca masak proses instan perlahan sisi terang,-1,-1,0.63195336,False,rejected
801,Aku merasa lemah setelah kehilangan. Gimana cara nemuin kekuatan diriku lagi?,lemah hilang nemuin kuat diri hilang ngerasa rapuh kuat ingat momen bangga selesain kualitas diri sabar kreatif lakuin hidup olahraga proses butuh kecil dekat versi diri,-1,29,0.80870366,True,high
802,"Aku pengen nerima kehilangan yang aku alami, tapi susah. Gimana caranya?",nerima hilang alami susah terima hilang emang gampang udah usaha renung hilang tahan jurnal dengerin tanyain diri sendiri lakuin hidup proses perlahan damai,-1,17,0.81398,True,high
803,Aku merasa bersalah karena udah nyakitin temen. Gimana cara memperbaiki hubungan ini?,salah udah nyakitin temen salah nunjukin peduli awal gestur kecil kirim pesan nanya kabar siap ungkapin jujur dengerin temenmu rasain butuh hargain penting usaha udah arti,-1,18,0.78813195,True,high
805,Aku kesal banget karena temenku lupa ulang tahunku. Rasanya nggak dihargai. Apa yang bisa aku lakuin biar nggak sakit hati?,kesal temenku lupa ulang tahun harga lakuin sakit hati lupa ulang tahun sedih pisahin fakta temenmu lupa tanggal bukan arti peduli mikir makna sibuk lupa catat santai rayain ulang tahun ingat momen seru bareng temenmu inget ikat kirim pesan,-1,-1,0.61438704,False,rejected
806,"Aku cemas tiap mau presentasi, takut dikira bodoh. Gimana caranya biar lebih tenang?",cemas presentasi takut bodoh tenang presentasi degan fakta ngomong materi udah siapin takut bodoh bukan nyata hati udah pede tahu kerja kecil rangin cemas siapin slide,-1,0,0.7070001,True,medium
813,Aku takut dianggap jelek karena jerawatan. Gimana caranya biar nggak minder di depan orang?,takut anggap jelek jerawat minder depan jerawat pede fakta jerawat kondisi kulit bukan cermin diri takut anggap jelek bangga senyum rawat kulit rutin ingat notice karakter senyum rasain,-1,18,0.71963906,True,medium
814,Aku frustrasi karena proyekku gagal. Rasanya pengen nyerah. Gimana caranya biar tetep semangat?,frustrasi proyek gagal nyerah semangat proyek gagal emang down henti jenak fakta proyek jalan udah usaha proses skill tangguh nyerah pilih kecil revisi proyek inspirasi bayangin comeback keren minggu,-1,-1,0.61942124,False,rejected
817,Aku sedih karena nggak bisa ikut liburan bareng temen. Rasanya ketinggalan. Gimana caranya biar nggak down?,sedih libur bareng temen tinggal down libur sedih fakta acara bukan arti tinggal hidup seru lakuin nonton series resep mikir rencanain giat sendiri happy rencana seru akhir pekan,-1,18,0.6895292,True,medium
819,Aku sedih karena nggak diundang ke acara temen. Rasanya nggak penting. Gimana caranya biar nggak down?,sedih undang acara temen penting down undang sedih fakta acara bukan arti harga seru lakuin sendiri nonton film mikir temen arti rencanain aktivitas seru akhir pekan,-1,-1,0.5512252,False,rejected
825,"Aku stres karena gagal ujian, rasanya hidupku hancur. Gimana caranya biar nggak lebay?",stres gagal hidup hancur lebay gagal panik bayangin diri luar angkasa titik kecil hidup syukur temen sehat kecil ulang materi dosen,-1,0,0.7391795,True,medium
826,"Aku sedih karena dipecat dari kerja, rasanya malu banget. Gimana caranya biar nggak terlalu dipikirin?",sedih pecat kerja malu terlalu dipikirin pecat emang nyesek lima tahun udah capai alam lakuin update peluang drama luangin neng kirim lamar,-1,-1,0.62946534,False,rejected
830,Aku kesal karena temenku nggak ngertiin masalahku. Rasanya dia harusnya paham. Gimana biar nggak marah?,kesal temenku ngertiin paham marah temen ngertiin frustrasi paham sudut pandang sendiri marah temen suportif dengar momen bareng keluarga tenang temen,-1,0,0.7828831,True,high
832,"Aku merasa lelet banget pulih dari kegagalan, kayak nggak tangguh. Gimana caranya biar lebih kuat?",lelet pulih gagal tangguh kuat gagal berat gagal alam sabar kecil rencana sederhana temen gagal semangat sendiri tangguh tumbuh pelan pelan kecil bangkit minggu,-1,17,0.68168646,True,medium
833,"Aku takut gagal presentasi, rasanya pasti bakal memalukan. Gimana caranya biar lebih tenang?",takut gagal presentasi malu tenang presentasi degan bukti gagal hasil ngomong depan kecil diskusi kelompok presentasi depan cermin bayangin sukses poin utama cemas siap slide,-1,13,0.69794667,True,medium
844,Saya merasa tujuan hidup saya tidak realistis. Bagaimana cara menetapkan tujuan yang sehat?,tuju hidup realistis tetap tuju sehat bijak tuju tumbuh alfred adler tuju subjektif persepsi tuju sehat impi pecah kecil capai bulan refleksi bahagia sederhana skill tuju kecil excited,-1,11,0.76703453,True,high
845,Saya merasa kehilangan jati diri. Bagaimana cara menemukan keunikan saya?,hilang jati diri jati diri tualang indah sedang jalur tepat alfred adler unik nilai nilai passionmu sifat eksplorasi aktivitas bahagia kebun spesial,-1,15,0.68068504,True,medium
846,Saya merasa hidup saya tidak punya arah. Bagaimana cara menemukan tujuan saya?,hidup arah tuju arah jalan alfred adler gaya hidup cermin tuju unik refleksi semangat tuju kecil minggu kecil tunjuk arah capai dekat,-1,-1,0.6495484,False,rejected
848,"Saya ingin lebih peduli pada orang lain, tapi susah. Bagaimana cara memulainya?",peduli susah mula peduli tunjuk hati alfred adler sosial hakikat manusia perlu tindak kecil kabar teman tetangga momen kembang empati tindak kecil laku,-1,14,0.7904099,True,high
850,Saya sering merasa terisolasi tanpa alasan. Apa yang bisa saya lakukan?,isolasi alas laku isolasi berat sendiri erich fromm cemas muncul pisah alam jalan taman teman dekat momen kecil kurang sepi,-1,30,0.6507199,True,medium
851,Saya merasa sulit beradaptasi dengan perubahan. Bagaimana cara lebih fleksibel?,sulit adaptasi ubah fleksibel ubah tantang kuat adaptasi erich fromm manusia hilang alami alam adaptasi butuh usaha hadap ubah kecil ubah raya hasil ubah kecil fleksibel,-1,-1,0.57931286,False,rejected
852,Saya takut memikirkan kematian. Bagaimana cara menghadapi ketakutan ini?,takut mati hadap takut takut mati berani hadap erich fromm dikotomi hidup mati kondisi manusia hidup syukur meditasi singkat bicara teman dekat aktivitas hidup,-1,11,0.69355494,True,medium
853,Saya merasa hidup saya terlalu pendek untuk capai impian. Bagaimana cara tetap termotivasi?,hidup terlalu pendek capai impi tetap motivasi semangat impi luar erich fromm tahu hidup pendek dorong kejar aktualisasi diri pecah impi tuju kecil skill bulan minggu impi kecil semangat,-1,17,0.75836074,True,high
859,Saya merasa harus jadi apa yang orang inginkan. Bagaimana cara jadi diri sendiri?,diri sendiri autentik indah erich fromm tipe pasar ubah diri terima harga nilai jujur laku aktivitas cermin diri sifat autentik tunjuk,-1,-1,0.5749705,False,rejected
862,Saya merasa sulit mencintai orang lain. Bagaimana cara membuka hati saya?,sulit cinta hati hati berani mula erich fromm ketidakmampuan cinta produktif ketidaksehatan tunjuk peduli kecil kabar teman dekat cinta diri sendiri diri,-1,0,0.74648064,True,medium
864,Saya merasa terlalu bergantung pada orang tua. Bagaimana cara lebih mandiri?,terlalu mandiri mandiri kuat batin erich fromm simbiosis inses figur lang sendiri putus kecil atur anggar minggu hasil mandiri bangga kecil diri sendiri,-1,30,0.6932011,True,medium
865,"Aku sering merasa cemas tanpa alasan yang jelas, apa yang bisa membantu meredakannya?",cemas alas jelas reda paham cemas turut melanie klein cemas akar alam awal butuh nyaman luang tenang diri bicara percaya,-1,0,0.70588744,True,medium
866,"Aku sering merasa orang-orang di sekitarku nggak bisa dipercaya, apa yang salah denganku?",percaya salah salah melanie klein jelas sulit percaya sedang usaha paham pisah nyaman kecil laku tunjuk percaya perlahan,-1,0,0.67707425,True,medium
868,"Aku merasa terlalu bergantung pada orang lain, gimana cara jadi lebih mandiri?",terlalu mandiri paham nyaman sisi margaret mahler jelas fase dekat putus kecil sendiri pilih makan kecil tuju mandiri,-1,-1,0.62445694,False,rejected
871,"Aku merasa kesepian meski punya temen, apa yang bisa aku lakukan?",sepi temen laku sepi muncul sendiri butuh cinta terima luang temen percaya sesuai,-1,0,0.6924042,True,medium
874,"Aku sering down kalau orang lain ngejek, gimana biar nggak gampang terpengaruh?",down ngejek gampang pengaruh kritik emang goyah kuat batin tetap percaya diri hina diri ingat opini definisi siapa afirmasi positif,-1,18,0.7768457,True,high
876,"Aku merasa stuck dan nggak tahu kenapa, apa yang bisa aku lakukan?",stuck tahu laku stuck frustrasi jebak butuh sehat terlalu penting mundur selang diri sendiri bahagia situ gerak maju,-1,0,0.80038434,True,high
882,"Aku merasa hidupku cuma tentang masalahku sendiri, gimana caranya biar lebih peduli sama dunia?",hidup sendiri peduli jebak sendiri bahagia tuju luar diri kecil laku giat amal dengerin temen hidup makna,-1,11,0.7752575,True,high
888,"Aku merasa hidupku nggak seimbang, apa yang bisa bantu biar lebih teratur?",hidup imbang atur hidup imbang lelah butuh urut makan tuju diri butuh udah penuh situ tidur cukup atur uang,-1,31,0.7149043,True,medium
891,"Aku gampang banget down kalau ditolak, gimana biar lebih kuat?",gampang down tolak kuat tolak emang sakit hati udah cukup cinta tolak terlalu sakit ingat sayang keluarga temen kuat,-1,5,0.71479833,True,medium
894,"Aku merasa hidupku nggak punya arah, apa yang bisa bantu kasih tujuan?",hidup arah tuju hilang arah tuju hidup nilai nilai adil diri sendiri hidup situ kejar arah,-1,17,0.72116077,True,medium
895,Saya merasa hidup saya berantakan dan sulit fokus. Bagaimana cara lebih terorganisir?,hidup beranta sulit organisir hidup beranta stres ubah robert mccrae paul costa conscientiousness atur daftar tugas kecil rapi meja atur jadwal raya tugas kecil atur kontrol,-1,28,0.6970621,True,medium
896,Saya sering cemas tanpa alasan jelas. Apa yang bisa saya lakukan untuk lebih tenang?,cemas alas jelas laku tenang cemas berat sendiri robert mccrae paul costa neuroticism rentan emosi negatif teknik detik tahan detik keluar detik picu cemas solusi kecil jalan kaki tenang,-1,0,0.7822944,True,high
899,"Saya ingin ubah kebiasaan buruk, tapi lingkungan bikin sulit. Apa yang bisa saya lakukan?",ubah sulit laku ubah luar albert bandura perilaku pengaruh atur tindak identifikasi picu media sosial aktivitas positif baca buku kecil ubah ubah,-1,-1,0.5943733,False,rejected
908,Kenapa saya merasa stuck meskipun hidup saya cukup stabil?,stuck hidup cukup stabil stuck berani nali kejar butuh tinggi tuju pribadi butuh penuh butuh istirahat sosial perlu perhati tuju kecil semangat stuck,-1,17,0.7621193,True,high
910,Saya ingin lebih mengenal diri sendiri. Apa cara mudah untuk memulai?,kenal diri sendiri mudah kenal diri sendiri awal tualang seru saran teknik refleksi terapi analisis swot sederhana kuat bangga lemah peluang ancam hambat diri momen bangga,-1,0,0.6801762,True,medium
912,Saya capek harus selalu tampil oke di depan orang. Bagaimana cara istirahat dari ini?,capek tampil depan istirahat lelah terus tampil sebut pesona diri tunjuk perlu diri sendiri luang santai favorit teman nyaman aktivitas bebas diri sendiri,-1,2,0.69533193,True,medium
917,Hidup saya terasa tidak seimbang. Bagaimana cara memperbaikinya?,hidup imbang imbang berani prinsip kompensasi pribadi tetap harmonis terlalu kerja lupa istirahat aktivitas bahagia jalan jalan nonton film prioritas minggu kurang imbang,-1,-1,0.61635554,False,rejected
918,"Saya ingin maju, tapi merasa terhambat. Apa yang bisa saya lakukan?",maju hambat laku maju tunjuk semangat diri progres imbang luar batin hambat tuju kecil minggu skill rapi ruang kerja refleksi stuck kecil bawa ubah tuju,-1,28,0.82744586,True,high
923,Saya susah berpikir jernih akhir-akhir ini. Bagaimana cara memperbaikinya?,susah jernih akhir akhir kabut usia logis jernih laku istirahat jalan kaki penuh,-1,28,0.7184423,True,medium
924,Saya sering terpecah antara keinginan saya dan ekspektasi orang lain. Apa yang salah?,pecah ekspektasi salah peka kuat batin usia pecah salah tumbuh ekspektasi pilih kecil selaras hati tekan,-1,0,0.705145,True,medium
926,Saya ingin tahu lebih banyak tentang diri saya. Apa itu tes asosiasi kata?,tahu diri asosiasi kata kenal diri sendiri tualang seru cipta asosiasi kata ungkap sembunyi dengar kata langsung hutan main kata acak,-1,22,0.73029166,True,medium
927,Saya merasa hidup saya kurang lengkap. Bagaimana Maslow menjelaskan ini?,hidup kurang lengkap jelas kurang berani hidup lengkap butuh makan tidur puncak aktualisasi diri penuh butuh kurang eksplorasi tuju pribadi kurang,-1,17,0.77320695,True,high
929,Idenya menarik tapi terlalu ‘di awang’. Cara membuatnya lebih realistis?,terlalu awang realistis skala kecil prototipe sederhana simulasi umpan balik lapang selaras gagas nyata,-1,-1,0.51932806,False,rejected
931,Aku bingung peranku di kantor dan rumah berbeda. Apakah wajar?,peran kantor identitas fleksibel sesuai konteks kunci konsisten nilai inti jujur empati ekspresi,-1,-1,0.49782932,False,rejected
934,Saya dibesarkan dengan kata 'jangan' keras. Bagaimana membalik malu jadi keberanian?,kata jangan balik malu berani beri self talk suportif sedang raya usaha bukan hasil validasi diri netral jejak malu masa kecil,-1,4,0.78057027,True,high
935,"Aku kehilangan arah karier, bagaimana menemukan 'purpose' lagi?",hilang arah karier purpose eksplorasi lama rawan proyek singkat alam percik tuju,-1,-1,0.5925958,False,rejected
936,Aku nyaris tak pernah merasa bersalah. Apakah itu masalah?,nyaris salah salah risiko langgar nilai sosial naik refleksi tindak empati dampak kalibrasi moral,-1,0,0.6890837,True,medium
937,Aku remaja merasa 'gak punya jati diri'. Tips menemuinya?,remaja jati diri tips aktivitas klub seni olahraga refleksi resonan identitas lewat alam bukan sekadar,-1,-1,0.602969,False,rejected
938,Orang tua panik aku gonta‑ganti jurusan. Bagaimana meyakinkan mereka?,panik gonta jurus yakin jelas proses eksplorasi rencana konkret pilih jurus sesuai tunjuk komitmen mandiri timbang,-1,-1,0.59478223,False,rejected
939,Saya 28 tahun masih bingung karier. Langkah pertama?,tahun karier pertama kerja asesmen nilai kuat kerja magang singkat proyek freelance eksplorasi praktis,-1,-1,0.4377153,False,rejected
942,Kakek merasa tak berguna setelah pensiun. Bagaimana membangkitkan rasa nilai diri?,kakek pensiun bangkit nilai diri libat aktivitas sesuai ahli kebun cucu alam harga tumbuh arti,-1,-1,0.33225957,False,rejected
948,"Saya dengar tentang ‘arsetip’ Jung. Apa itu, dan bagaimana pengaruhnya pada saya?",dengar arsetip pengaruh arsetip cetak universal turut pengaruh tindak pesona sisi diri tunjuk topeng sosial shadow sisi sembunyi simpan emosi kuat kapan topeng depan kenal arsetip paham diri alam,-1,-1,0.63230056,False,rejected
949,Saya merasa capek harus selalu tampil sempurna di depan orang. Apa yang bisa saya lakukan?,capek tampil sempurna depan laku lelah terus topeng sebut pesona diri tunjuk terlalu berat luang diri sendiri tekan habis santai teman nyaman bebas diri sendiri,-1,31,0.67767847,True,medium
953,Saya merasa hidup saya tidak seimbang. Bagaimana cara memperbaikinya?,hidup imbang imbang berani prinsip kompensasi pribadi tetap harmonis hidup terlalu kerja lupa senang senang aktivitas bahagia jalan jalan nonton film prioritas minggu kurang imbang,-1,33,0.6532335,True,medium
960,Saya sering merasa terpecah antara apa yang saya inginkan dan apa yang diharapkan orang lain. Apa yang salah?,pecah harap salah keren peka usia diri individu pisah pecah salah tumbuh ekspektasi pilih kecil selaras hati tekan,-1,-1,0.58501375,False,rejected
962,Saya ingin tahu lebih banyak tentang diri saya. Apa itu tes asosiasi kata?,tahu diri asosiasi kata kenal diri sendiri tualang luar cipta asosiasi kata ungkap sembunyi alam bawah dengar kata langsung kata main sendiri kata acak,-1,22,0.7464727,True,medium
963,Saya merasa hidup saya tidak lengkap. Bagaimana Maslow menjelaskan ini?,hidup lengkap jelas tunjuk sedang berani hidup lengkap butuh penuh makan tidur puncak aktualisasi diri kejar mimpi butuh kurang eksplorasi tuju pribadi kurang,-1,11,0.7680075,True,high
966,Saya merasa rendah diri karena sering dibandingkan dengan orang lain. Bagaimana cara mengatasinya?,rendah diri banding banding kecil butuh harga diri datang cinta diri sendiri bangga kecil batas media sosial picu banding diri senyum,-1,33,0.6767289,True,medium
967,Saya ingin lebih memahami tujuan hidup saya. Bagaimana caranya?,paham tuju hidup tuju hidup jalan indah aktualisasi diri datang kenal diri kejar makna luang hidup aktivitas volunteering passion penasaran kejar,-1,11,0.7650117,True,high
972,Saya suka cerita tentang pahlawan. Apakah ini berhubungan dengan psikologi saya?,pahlawan psikologi keren pahlawan clue about diri arsetip pahlawan kolektif pengaruh inspirasi berani aspek pahlawan pikat eksplorasi pahlawan favorit,-1,-1,0.5758164,False,rejected
973,Saya sering merasa cemas dan kesepian tanpa alasan jelas. Apa yang bisa saya lakukan?,cemas sepi alas jelas laku cemas sepi berat sendiri karen horney jelas cemas sepi ketidakberdayaan muncul alam masa kecil kecil cemas teknik relaksasi lama obrol teman dekat kurang sepi kecil tenang,-1,4,0.71272695,True,medium
974,Saya merasa tidak berarti dan mudah tersakiti. Apakah ini normal?,arti mudah sakit tunjuk peka hadap manusiawi karen horney cemas kecil ancam utama khianat harga salah diri kecil ingat nilai diri percaya positif diri raya,-1,0,0.72036994,True,medium
975,"Saya selalu berusaha menyenangkan orang lain, tapi capek. Bagaimana cara berhenti?",usaha senang capek henti keren karen horney salah lindung diri cemas patuh sayang lelah tetap batas kecil perlu sendiri tekan butuh sendiri prioritas minggu momen ragu,-1,28,0.68213844,True,medium
977,Saya merasa harus selalu sukses agar dihargai. Bagaimana cara merasa cukup dengan diri saya?,sukses harga cukup diri berat karen horney kuat sukses daya cukup harga prestasi diri humor luang nikmat tekan sukses sifat diri bangga bukan prestasi,-1,33,0.7071304,True,medium
978,"Saya suka menyendiri, tapi takut jadi terlalu tertutup. Bagaimana cara seimbang?",sendiri takut terlalu tutup imbang nikmat sendiri kuat bijak imbang karen horney tari diri lindung diri cemas terlalu jauh sepi koneksi kecil kirim pesan teman acara santai tetap nikmat sendiri aktivitas bahagia baca buku kecil minggu,-1,0,0.7424282,True,medium
979,Saya selalu ingin sempurna dan takut salah. Bagaimana cara mengatasinya?,sempurna takut salah sempurna stres ubah karen horney butuh neurotik sempurna cemas tekan terima salah gagal kecil akhir tumbuh raya kecil takut hasil kecil tekan sempurna,-1,0,0.7637475,True,high
980,Saya kadang merasa ingin menjauh dari semua orang. Apakah ini buruk?,jauh jauh salah karen horney butuh neurotik sikap dingin sendiri lindung diri cemas bukan imbang koneksi kecil kirim pesan teman nikmat sendiri tenang baca buku alas jauh kecil,-1,-1,0.6266733,False,rejected
981,"Apa itu kecenderungan neurotik, dan kenapa saya selalu ingin disukai orang?",cenderung neurotik keren karen horney cenderung neurotik cemas gera tuju lawan dominasi jauh isolasi tunjuk damba koneksi terima alas harga tuju nyaman diri sendiri,-1,-1,0.53834945,False,rejected
983,Saya selalu mengalah agar orang lain senang. Bagaimana cara mempertahankan keinginan saya?,kalah senang tahan hati keren karen horney tipe kalah prioritas hindar cemas tahan nyata butuh kecil pilih film minggu berani kecil utara,-1,-1,0.59700537,False,rejected
985,"Saya suka menjaga jarak, tapi takut jadi terlalu sendiri. Bagaimana cara terbuka sedikit?",jaga jarak takut terlalu sendiri jaga jarak kuat tunjuk hati karen horney tipe pisah diri jauh lindung diri cemas koneksi kecil kirim pesan teman obrol ringan tetap nikmat sendiri aktivitas,-1,14,0.73751533,True,medium
986,"Saya merasa nyaman sendiri, tapi khawatir orang menjauh. Bagaimana cara menjaga hubungan?",nyaman sendiri khawatir jauh jaga nikmat sendiri spesial bijak karen horney tipe pisah diri butuh privasi kurang cemas penting jaga koneksi sederhana telepon teman minggu sekali kirim pesan lucu dekat kecil tetap,-1,14,0.69074035,True,medium
987,Saya merasa konflik batin antara ingin dekat dan menjauh. Apa yang bisa saya lakukan?,konflik batin dekat jauh laku konflik batin tunjuk sedang jajah sisi diri kaya karen horney konflik cenderung neurotik dekat jauh inti neurosis dengar butuh dekat teman butuh ruang nikmat sendiri pola lama minggu imbang bimbang,-1,-1,0.6422331,False,rejected
994,Saya merasa tidak berharga karena kritik orang tua dulu. Bagaimana cara move on?,harga kritik move kritik masa tinggal luka berani hadap karen horney pandang diri rendah datang evaluasi ubah narasi capai sendiri kecil ingat nilai diri bicara teman dekat jurnal capai bangga,-1,18,0.679506,True,medium
995,"Saya ingin menemukan potensi saya, tapi tidak tahu caranya. Ada saran?",potensi tahu saran potensi tuju bahagia karen horney diri nyata cakup potensi tumbuh bahagia eksplorasi olahraga aktivitas bakat excited jelajah,-1,25,0.670885,True,medium
996,Saya merasa harus sempurna agar dicintai. Bagaimana cara lepas dari tekanan ini?,sempurna cinta lepas tekan tekan sempurna berat bebas karen horney diri ideal khayal kompensasi cukup terima diri kurang sisi positif lupa kreatif raya kecil tekan terima diri,-1,33,0.77710104,True,high
998,"Saya merasa aman saat sendiri, tapi takut kehilangan teman. Bagaimana cara tetap terhubung?",sendiri takut hilang teman tetap nikmat sendiri kuat tunjuk hati karen horney tipe pisah diri jauh lindung diri koneksi harga kirim pesan teman acara kecil tetap nikmat sendiri tenang minggu,-1,14,0.77406013,True,high
1000,Saya merasa cemas dan bingung dengan diri saya. Apakah ini tanda neurosis?,cemas diri neurosis cemas paham diri sendiri karen horney neurosis muncul cemas konflik batin kurang paham diri arti rusak sedang proses cemas refleksi picu teknik teman jelajah,-1,7,0.6741725,True,medium
1002,Saya merasa terpaksa melakukan hal-hal tertentu berulang. Bagaimana cara menghentikannya?,paksa laku ulang henti paksa stres berani solusi karen horney psychasthenia libat dorong kompulsif cemas dorong aktivitas jalan kaki muncul kapan dorong kuat pola bicara teman terap dorong,-1,0,0.69092023,True,medium
1005,"Aku ngerasa miskin gara-gara gaji kecil, susah puas. Gimana caranya biar merasa cukup?",ngerasa miskin gara gara gaji kecil susah puas cukup gaji kecil kurang bahagia duit hidup kaya keluarga sehat daftar kecil udah makan enak hemat kopi kaya catat syukur,-1,-1,0.6062394,False,rejected
1008,Aku kesal gara-gara pesenan makananku salah. Gimana caranya biar nggak bete lama?,kesal gara gara makan salah bete lama salah emang jengkel worth rusak fakta makan salah bukan bencana minta santai ketawain momen senyum cuaca cerah energi seru denger minta senyum,-1,18,0.7009837,True,medium
1010,"Aku sedih gara-gara tas favoritku rusak, rasanya nyesel banget. Gimana caranya biar nggak terlalu sedih?",sedih gara gara favorit rusak terlalu sedih rusak nyesek bayangin temenmu sedih hidup temen kecil rawat bukan diri pede,-1,18,0.7231598,True,medium
1011,Aku ngerasa kurang gara-gara nggak punya mobil. Gimana caranya biar merasa cukup?,ngerasa kurang gara gara mobil cukup mobil kurang mobil bahagia lama udah hidup sehat temen nikmat jalan transportasi umum denger musik tuju kecil nabung udah catat syukur,-1,6,0.7454413,True,medium
1014,"Aku sedih gara-gara laptopku rusak, rasanya nyesel banget. Gimana caranya biar nggak terlalu sedih?",sedih gara gara laptop rusak terlalu sedih laptop rusak bete bayangin laptop temenmu sedih lama hidup temen kecil backup data servis laptop bukan diri temen ketawa bareng,-1,-1,0.61675173,False,rejected
1015,Aku ngerasa kurang gara-gara nggak punya rumah sendiri. Gimana caranya biar merasa cukup?,ngerasa kurang gara gara sendiri cukup sendiri kurang bahagia lama udah hidup tempat tinggal keluarga nikmat dekor kamar cozy tuju kecil nabung kaya catat syukur,-1,14,0.6999097,True,medium
1016,"Aku stres gara-gara kena PHK, rasanya gagal total. Gimana caranya biar bisa nerima?",stres gara gara kena gagal total nerima berat hidup kerja skill tangguh bayangin pintu peluang bisnis karir kecil update temen cinta momen sempat bangkit kirim lamar,-1,0,0.6547774,True,medium
1018,"Aku sedih gara-gara sepatuku rusak, rasanya nyesel banget. Gimana caranya biar nggak terlalu sedih?",sedih gara gara sepatu rusak terlalu sedih sepatu rusak bete bayangin sepatu temenmu sedih lama hidup temen kecil rawat sepatu sepatu bukan diri sepatu pede,-1,-1,0.6468364,False,rejected
1021,Aku ngerasa kurang gara-gara nggak punya tas branded. Gimana caranya biar merasa cukup?,ngerasa kurang gara gara branded cukup branded kurang bahagia lama udah hidup temen nikmat match outfit tuju kecil nabung kaya catat syukur,-1,18,0.7306221,True,medium
1022,"Aku stres gara-gara kena keseleo, rasanya susah banget. Gimana caranya biar bisa nerima?",stres gara gara kena keseleo susah nerima keseleo frustrasi hidup situasi sabar empati bayangin keseleo sempat istirahat refleksi kecil rawat kaki nikmat buku cinta momen peluang tumbuh baca buku,-1,0,0.76283675,True,high
1026,"Aku sedih gara-gara jaketku rusak, rasanya nyesel banget. Gimana caranya biar nggak terlalu sedih?",sedih gara gara jaket rusak terlalu sedih jaket rusak bete bayangin jaket temenmu sedih lama hidup temen kecil rawat jaket jaket bukan diri jaket pede,-1,30,0.65170884,True,medium
1027,Aku ngerasa kurang gara-gara nggak punya motor. Gimana caranya biar merasa cukup?,ngerasa kurang gara gara motor cukup motor kurang motor bahagia lama udah hidup transportasi temen nikmat jalan musik tuju kecil nabung kaya catat syukur,-1,-1,0.6225736,False,rejected
1029,"Aku sedih gara-gara bajuku rusak, rasanya nyesel banget. Gimana caranya biar nggak terlalu sedih?",sedih gara gara baju rusak terlalu sedih baju rusak bete bayangin baju temenmu sedih lama hidup temen kecil rawat baju baju bukan diri baju pede,-1,30,0.6616553,True,medium
1030,Aku ngerasa kurang gara-gara nggak punya liburan mewah. Gimana caranya biar merasa cukup?,ngerasa kurang gara gara libur mewah cukup libur mewah kurang libur bahagia lama udah hidup momen keluarga alam nikmat piknik taman tuju kecil nabung kaya rencanain piknik kecil minggu,-1,-1,0.59721327,False,rejected
1031,"Aku stres gara-gara kena sakit, rasanya hidupku susah banget. Gimana caranya biar bisa nerima?",stres gara gara kena sakit hidup susah nerima sakit berat hidup situasi sabar empati bayangin sakit sempat istirahat refleksi kecil makan sehat nikmat buku cinta momen peluang tumbuh makan porsi,-1,0,0.77193415,True,high
1034,"Aku sedih gara-gara jaketku rusak, rasanya nyesel banget. Gimana caranya biar nggak terlalu sedih?",sedih gara gara jaket rusak terlalu sedih jaket rusak bete bayangin jaket temenmu sedih lama hidup temen kecil rawat jaket jaket bukan diri jaket pede,-1,30,0.65170884,True,medium
1035,Aku ngerasa kurang gara-gara nggak punya liburan mewah. Gimana caranya biar merasa cukup?,ngerasa kurang gara gara libur mewah cukup libur mewah kurang libur bahagia lama udah hidup momen keluarga alam nikmat piknik taman tuju kecil nabung kaya rencanain piknik kecil minggu,-1,-1,0.59721327,False,rejected
1036,"Aku stres gara-gara kena keseleo, rasanya susah banget. Gimana caranya biar bisa nerima?",stres gara gara kena keseleo susah nerima keseleo frustrasi hidup situasi sabar empati bayangin keseleo sempat istirahat refleksi kecil rawat kaki nikmat buku cinta momen peluang tumbuh baca buku,-1,0,0.76283675,True,high
1039,Aku gampang emosi kalau bosku kritik kerjaanku. Gimana caranya biar lebih tenang?,gampang emosi kritik kerja tenang kritik panas stop fakta ngomong kerja bukan diri udah capai kerja proyek balas kritik kecil revisi tugas kuat emosi catat feedback,-1,0,0.7434511,True,medium
1040,Aku kesal sama adik yang selalu main HP pas makan bareng. Gimana caranya biar nggak jengkel?,kesal adik main makan bareng jengkel adik main makan bete santai seru tanyain diri ubah ubah nikmat makan enak momen seru bareng adik kesel susah tahan diri obrol seru makan,-1,12,0.7339621,True,medium
1041,Aku capek ngadepin temen yang selalu ngeluh. Gimana caranya biar nggak habis energi?,capek ngadepin temen ngeluh habis energi temen ngeluh terus lelah tanyain diri worth habisin happy temen rangin bareng pelan pelan tolak sekali semangat nikmat sendiri buku harga rencanain aktivitas seru diri sendiri minggu,-1,18,0.745974,True,medium
1044,Aku jengkel sama kolega yang selalu nyolot tiap rapat. Gimana caranya biar nggak kesel?,jengkel kolega nyolot rapat kesel kolega nyolot bete balas kalem tanyain diri santai lanjut nyolot tenang proyek balas omong sopan diskusi kecil catat rapat ramah kuat balas omong nyolot sopan,-1,18,0.65866625,True,medium
1049,Aku capek ngadepin temen yang selalu drama di medsos. Gimana caranya biar nggak habis energi?,capek ngadepin temen drama medsos habis energi drama medsos lelah tanyain diri worth habisin bahagia keluarga rangin scroll medsos mute temen semangat nikmat jalan kaki harga lakuin aktivitas seru,-1,18,0.72956336,True,medium
1051,Aku sakit hati gara-gara dikira nggak pinter di kelas. Gimana caranya biar nggak baper?,sakit hati gara gara pinter kelas baper pinter enak pinter kata bangga usaha abai omong balas senyum temen harga kata kata topik pede,-1,6,0.68133044,True,medium
1054,Aku kesal sama temen yang selalu ngutang nggak balik. Gimana caranya biar nggak jengkel?,kesal temen ngutang balik jengkel ngutang balik bete sapa santai utang kemarin balik kapan tanyain diri ubah ubah tolak pinjam sopan seru bareng temen kesel susah tahan diri utang,-1,30,0.76400024,True,high
1057,Aku sakit hati gara-gara dikira nggak gaul di kantor. Gimana caranya biar nggak baper?,sakit hati gara gara gaul kantor baper gaul enak gaul kata bangga kerja abai omong balas senyum kolega harga kata kata kolega suportif,-1,-1,0.601376,False,rejected
1058,Aku marah sama temen yang lupa ulang tahunku. Gimana caranya biar nggak emosi?,marah temen lupa ulang tahun emosi lupa ulang tahun sakit hati sengaja penting santai kemarin ultahku syukur temen ingat kecil rayain ultah seru temen,-1,-1,0.6481186,False,rejected
1061,Aku marah sama temen yang lupa bayar utang. Gimana caranya biar nggak emosi?,marah temen lupa bayar utang emosi lupa bayar utang sakit hati sengaja penting santai utang kemarin kapan balik syukur temen suportif kecil batas temen,-1,33,0.73626834,True,medium
1063,Aku capek ngadepin temen yang selalu negatif. Gimana caranya biar nggak habis energi?,capek ngadepin temen negatif habis energi temen negatif lelah tanyain diri worth habisin bahagia keluarga rangin bareng tolak sekali semangat nikmat buku harga rencanain aktivitas seru diri sendiri minggu,-1,18,0.6898311,True,medium
1065,"Aku kuliah, tapi akhir-akhir ini sering banget kehilangan motivasi belajar. Rasanya tugas numpuk dan nggak tahu harus mulai dari mana. Apa yang bisa aku lakuin?",kuliah akhir akhir hilang motivasi tugas numpuk tahu lakuin numpuknya tugas emang overwhelmd saranin pecah tugas kecil kecil pilih tugas pake teknik pomodoro reward kecil ngopi scroll medsos sebentar motivasi susah bangkit ingat excited pertama masuk jurus temen kelas sharing sendiri kecil,-1,7,0.6504302,True,medium
1066,"Aku pacaran udah lama, tapi kok rasanya hubungan ini hambar. Aku khawatir kita nggak ke mana-mana. Gimana caranya bikin hubungan ini lebih hidup lagi?",pacar udah lama hambar khawatir hidup udah lama datar arti pasang hati rasain depan bareng masak bareng jalan tempat kunjung nyalain spark luangin nulis sisi positif,-1,17,0.6563135,True,medium
1069,"Aku jomblo, tapi kadang bingung kenapa aku nggak terlalu khawatir soal ini. Normal nggak sih, apa aku harus lebih aktif cari pasangan?",jomblo terlalu khawatir pasang keren nyaman status nikmat hidup super neng sendiri sibuk hidup seru lanjutin perlu buru buru pasang perlu acara temen santai penting jalanin hidup bahagia utama,-1,17,0.6588125,True,medium
1070,"Aku merasa karierku stuck banget, kayak nggak ada kemajuan. Aku khawatir nggak bisa berkembang. Apa yang bisa aku lakuin buat move forward?",karier stuck maju khawatir kembang lakuin move forward tahu karier jalan tempat tough luangin refleksi capai karier goal kecil skill lewat kursus mentor kantor kecil kolega proyek pintu jangan lupa apresiasi diri kerja jauh udah,-1,-1,0.6329846,False,rejected
1071,"Aku sadar aku buang banyak waktu karena khawatir, tapi susah berhenti. Ada cara biar aku lebih produktif?",buang khawatir susah henti produktif khawatir nyuri daftar kecil lakuin paling gampang resin meja khawatir muncul kertas diri sendiri pikirin teknik pomodoro kerja istirahat reward kecil makan favorit lama lama tugas,-1,28,0.6953589,True,medium
1073,"Aku capek banget karena mikirin hal-hal yang bikin khawatir, padahal aku pengen lebih produktif. Gimana caranya?",capek mikirin khawatir padahal produktif khawatir energi habis nulis kosongin kepala pilih kecil lakuin resin email masak gampang teknik diselesain lakuin susah jalan kaki dengar upbeat kendali,-1,7,0.679258,True,medium
1074,Aku sering merasa sedih dan kayak nggak ada harapan. Aku takut ini tanda depresi. Apa yang harus aku lakuin?,sedih harap takut depresi lakuin sedih berat enak udah percaya temen keluarga rasain luangin aktivitas kecil neng denger favorit jalan taman langsung lama timbang konsultasi psikolog minta sendiri hadap bareng,-1,5,0.7888233,True,high
1079,Aku suka iri sama pencapaian temen di medsos. Rasanya aku kurang sukses. Gimana caranya biar nggak gitu?,capai temen medsos kurang sukses manusiawi medsos penuh highlight hidup rangin scrolling udah capai bangga kecil tuju kecil skill resin tugas ingat hidup jalur sendiri perlu bandingin bangga,-1,11,0.7493855,True,medium
1080,"Aku ngerasa hidupku nggak adil, kenapa sih aku selalu dapat masalah? Gimana caranya biar lebih ikhlas?",ngerasa hidup adil ikhlas adil datang terus adil konflik komunikasi kecil dekat lakuin tenang ikhlas proses lewatin sabar,-1,14,0.68925893,True,medium
1081,"Aku sering ngerasa minder karena aku dari kampung, nggak kayak temenku yang dari kota. Gimana caranya biar lebih percaya diri?",ngerasa minder kampung temenku kota percaya diri tahu minder nyaman asal kampung unik milik bangga diri kerja lakuin skill temen suportif harga tunjukin siapa,-1,-1,0.60465664,False,rejected
1083,"Aku baru gagal dapat proyek kerja, padahal udah usaha banget. Aku kecewa sama diriku. Gimana caranya move on?",gagal proyek kerja padahal udah usaha kecewa diri move tahu gagal padahal udah nyesek udah proses presentasi manajemen proyek tingkatin skill ingat putus klien bukan cermin nilai diri istirahat nonton film favorit bangkit,-1,0,0.6552811,True,medium
1087,Aku stres karena keuangan lagi susah. Rasanya hidupku nggak akan bahagia tanpa duit. Gimana caranya biar nggak cemas?,stres uang susah hidup bahagia duit cemas stres duit berat catat keluar sederhana rangin kopi kaya hati keluarga jalan taman tuju kecil nabung ribu ingat bahagia duit harga tenangin,-1,-1,0.62504673,False,rejected
1089,"Aku takut gagal di presentasi besok, rasanya deg-degan banget. Gimana caranya biar lebih berani?",takut gagal presentasi degan berani degan presentasi siapin presentasi depan cermin temen pastiin slide rapi pede jelas kerja ingat hasil sepenuh tangan usaha udah siapin slide,-1,-1,0.5513787,False,rejected
1093,"Aku ngerasa hidupku stuck, nggak ada kemajuan. Gimana caranya biar tetep semangat meski situasinya susah?",ngerasa hidup stuck maju semangat situasi susah stuck lelah kecil lakuin maju resin meja kerja baca artikel inspiratif sikap diri sendiri lewatin luangin neng denger masak ingat maju kecil arti tindak,-1,17,0.7752134,True,high
1096,Aku sering ngerasa nggak cukup karena aku nggak lahir dari keluarga kaya. Gimana caranya biar lebih menerima diri sendiri?,ngerasa cukup lahir keluarga kaya terima diri sendiri tahu berat kuat unik juang bangga kerja lakuin nabung skill ingat perlu kaya harga luangin neng jalan jalan denger musik udah luar,-1,-1,0.5586066,False,rejected
1097,"Aku ngerasa hidupku selalu sial, kayak nasib buruk ngejar aku. Gimana caranya biar lebih positif?",ngerasa hidup sial nasib ngejar positif sial terus capek hidup hikmah situ syukur sehat temen kecil rencana lakuin ingat kuasa ubah sudut pandang kuat positif,-1,33,0.8170939,True,high
1106,Aku masih kesal sama keputusan bodohku di masa lalu. Gimana caranya biar nggak stuck di penyesalan?,kesal putus bodoh masa stuck sesal sesal berat tahu putus udah diri berani bangkit lakuin rencana lakuin ingat masa nentuin masa depan move,-1,34,0.8102215,True,high
1110,"Aku lagi di titik rendah, rasanya nggak punya harapan. Gimana caranya biar bisa bangkit lagi?",titik rendah harap bangkit titik rendah berat struggle kecil hidup favorit kenang manis tindak kecil jalan telepon temen ingat kuasa pilih sikap situasi susah syukur kecil kuat kecil,-1,33,0.7187836,True,medium
1113,"Aku ngerasa hidupku kayak rollercoaster, penuh drama. Gimana caranya biar lebih stabil emosinya?",ngerasa hidup rollercoaster penuh drama stabil emosi hidup rollercoaster lelah drama hidup situ syukur temen cuaca cerah kecil meditasi jalan jalan ingat pilih sikap tenang situasi naik turun kuat damai,-1,11,0.6850117,True,medium
1116,"Aku lagi struggle sama keuangan, rasanya hopeless. Gimana caranya biar tetep punya semangat?",struggle uang hopeless semangat uang susah berat kecil catat keluar side hustle kecil sikap diri sendiri lewatin syukur sehat sayang ingat kuat pilih semangat kecil,-1,0,0.7558644,True,high
1122,Aku stres karena nggak punya cukup uang buat gaya hidup kayak temenku. Gimana caranya biar nggak merasa kurang terus?,stres cukup uang gaya hidup temenku kurang terus tahu temen gaya kurang udah hidup arti keluarga sederhana laku nabung minggu nikmat gratis jalan taman ingat uang nentuin bahagia harga nikmat,-1,12,0.6748525,True,medium
1124,"Proposal kerjaku ditolak klien, aku ngerasa gagal. Gimana caranya biar nggak down?",proposal kerja tolak klien ngerasa gagal down tolak klien nyesek udah usaha maksimal proposal presentasi insight klien revisi proposal klien ingat tolak bukan cermin diri istirahat denger favorit proposal,-1,-1,0.50633496,False,rejected
1127,"Aku selalu pengen disukai temen, tapi capek banget. Gimana caranya biar nggak terobsesi sama approval mereka?",temen capek obsesi approval tahu capek terus terus bangga diri humor laku autentik nikmat sendiri ingat cukup harga luangin neng diri sendiri,-1,18,0.71455944,True,medium
1130,"Aku takut kehilangan tabunganku, bikin cemas terus. Gimana caranya biar lebih santai soal harta?",takut hilang tabung cemas terus santai harta tahu takut hilang tabung tenang tabung alat bukan segala hidup harga keluarga laku atur keluar investasi ingat harta hilang bahagia luangin neng denger musik tenangin,-1,17,0.69348484,True,medium
1134,"Aku susah banget bangun pagi buat kerja, rasanya pengen di kasur terus. Gimana caranya biar lebih disiplin?",susah pagi kerja kasur terus disiplin kasur pagi nyaman taruh alarm jauh kasur diri sendiri excited kerja kolega proyek kecil siapin baju ingat disiplin kuat luangin kopi musik pagi awal,-1,-1,0.64492327,False,rejected
1135,"Aku iri banget lihat temenku kaya, rasanya aku gagal. Gimana caranya biar nggak ngiri?",temenku kaya gagal ngiri tahu temen kaya nyaman hidup harga keluarga capai laku tuju kecil nikmat udah ingat kaya aset bukan nilai diri luangin neng udah syukur,-1,-1,0.61313874,False,rejected
1139,"Aku gagal masuk univ impian, padahal udah belajar keras. Aku sedih banget. Gimana caranya move on?",gagal masuk univ impi padahal udah sedih move tahu gagal masuk univ impi nyesek udah giat lama siap disiplin topik univ eksplor jalur ingat univ nentuin nilai diri santai nonton film lucu rencana masa depan,-1,17,0.74753,True,medium
1143,"Aku sedih kalau tas favoritku rusak, rasanya nggak bisa move on. Gimana caranya biar nggak terlalu melekat?",sedih favorit rusak move terlalu lekat favorit rusak sedih ingat benda hidup temen laku rawat nikmat mikirin barang ingat bahagia luangin aktivitas neng nonton film santai,-1,18,0.78833497,True,high
1151,"Proyekku ditolak atasan, aku ngerasa nggak kompeten. Gimana caranya biar nggak kecewa?",proyek tolak ngerasa kompeten kecewa tolak down udah usaha proyek effort feedback revisi proyek ingat tolak nentuin mampu istirahat nonton series proyek,-1,-1,0.6071445,False,rejected
1152,"Aku baru dapet penghargaan kerja, tapi takut jadi sombong. Gimana caranya tetep rendah hati?",dapet harga kerja takut sombong rendah hati selamat harga keren tetap rendah hati syukur sempat ingat sukses faktor luar usaha laku kolega tingkatin skill luangin temen tetap grounded inspiratif lanjutin,-1,33,0.7278174,True,medium
1155,Aku takut banget reputasiku hancur karena fitnah. Gimana caranya biar nggak cemas?,takut reputasi hancur fitnah cemas tahu fitnah gelisah bangga diri kerja laku jujur dekat lanjutin kerja ingat reputasi sepenuh tangan karakter harga luangin tenang meditasi tetap kuat,-1,0,0.75762266,True,high
1156,Aku ngerasa nggak bahagia karena belum punya mobil. Gimana caranya biar lebih puas sama hidupku?,ngerasa bahagia mobil puas hidup mobil syukur transportasi temen laku nabung bulan nikmat jalan musik ingat mobil nentuin bahagia harga hati luangin sederhana jalan jalan senyum,-1,33,0.66161156,True,medium
1157,"Aku takut kehilangan investasiku, bikin cemas terus. Gimana caranya biar lebih santai?",takut hilang investasi cemas terus santai tahu takut hilang investasi tenang investasi alat hidup arti keluarga passion laku riset investasi diversifikasi ingat harta naik turun bahagia luangin tenang jalan kaki tenangin,-1,34,0.68650544,True,medium
1158,"Aku sedih kalau sepatu favoritku rusak, rasanya nggak bisa move on. Gimana caranya biar nggak terlalu melekat?",sedih sepatu favorit rusak move terlalu lekat sepatu favorit rusak sedih ingat sepatu benda hidup temen laku rawat sepatu nikmat mikirin barang ingat bahagia sepatu luangin aktivitas neng nonton film santai,-1,-1,0.5678263,False,rejected
1162,"Aku selalu telat mulai kerja karena males, bikin kacau jadwal. Gimana caranya biar lebih disiplin?",telat kerja males kacau jadwal disiplin males kerja kacau taruh alarm jauh kasur diri sendiri produktif excited kerja proyek kolega kecil siapin meja rapi kerja ingat disiplin kuat luangin kopi pagi awal,-1,-1,0.6362815,False,rejected
1165,Bagaimana Stoisisme memandang kesulitan hidup?,stoisisme pandang sulit hidup stoisisme pandang sulit beri sempat kebaji sabar tabah berani ubah makna tantang pribadi kuat,-1,-1,0.6427188,False,rejected
1168,Saya sulit move on dari kegagalan di masa lalu. Bagaimana caranya agar saya bisa fokus ke depan?,sulit move gagal masa depan tahu susah lepas bayang bayang masa carrying heavy backpack right trik keren energi kendali depan tuju kecil syukur gagal cipta gagal stuck susun rencana kecil lang maju bareng,-1,17,0.74115235,True,medium
1169,Apa itu latihan menderita dan bagaimana cara melakukannya?,derita laku derita practice poverty stoisisme tangguh sengaja hidup sederhana makan makan murah baju lusuh tidur nyaman lama beberapa militer siap hadap situasi sulit contoh sarap mewah roti sederhana mati tidur kipas angin laku seram bayang kuat,-1,-1,0.49106193,False,rejected
1175,Saya merasa nggak pernah puas meski hidup saya sebenarnya baik. Bagaimana cara saya lebih bersyukur?,puas hidup syukur puas lari treadmill capek stoisisme hedonic adaptation laku derita hidup sederhana beberapa makan nasi telur gadget ngeh betapa harga hidup kecil senyum kurang puas hati penuh syukur,-1,11,0.6955819,True,medium
1181,Saya merasa kesedihan saya akan bertahan selamanya. Bagaimana cara saya melihat harapan?,sedih tahan lama harap tahu jebak terowongan gelap ujung berat pola sedih abadi ilusi ingat momen masa down akhir bukti sedih permanen kecil daftar kecil senyum minggu nonton film favorit makan krim sedih lama sinar harap bareng,-1,30,0.70349854,True,medium
1188,Bagaimana cara menghadapi duka kehilangan anak menurut prinsip Stoisisme?,hadap duka hilang anak turut prinsip stoisisme hadap duka hilang anak berat stoisisme saran sedih alami kuasa lama nalar makna hilang positif syukur milik anak perlahan depan hormat kenang tindak,-1,33,0.6810472,True,medium
1191,Saya sulit menerima orang yang beda agama atau budaya. Bagaimana cara lebih terbuka?,sulit terima agama paham tembok hati stoisisme kebaji adil bijaksana acara festival makan seni latar belakang spesial tembok pelan pelan runtuh sulit jalan hati luas,-1,-1,0.5002202,False,rejected
1193,"Saya ingin peduli lingkungan, tapi bingung mulai dari mana. Apa langkah sederhana yang bisa saya coba?",peduli sederhana peduli tanam pohon masa depan keren stoisisme hidup selaras alam penting kecil bawa botol sendiri kurang plastik sekali tanam tanam bumi simpel,-1,-1,0.45861384,False,rejected
1194,Saya sering nggak peduli sama penderitaan orang yang beda dari saya. Bagaimana cara lebih empati?,peduli derita empati tahu derita jauh stoisisme adil empati baca latar belakang tonton dokumenter sosial diri sendiri posisi butuhin kecil tetangga yakin peduli hati,-1,14,0.65565306,True,medium
1195,Bagaimana pandangan Stoisisme terhadap kematian?,pandang stoisisme hadap mati stoisisme pandang mati alami alam lahir mati bukan perlu takut takut asal anggap sendiri terima mati proses alami hadap tenang jalan hidup kualitas,-1,-1,0.61981,False,rejected
1196,Mengapa kualitas hidup lebih penting daripada panjang hidup menurut Stoisisme?,kualitas hidup penting panjang hidup turut stoisisme kualitas hidup penting hidup panjang penuh cemas marah kejar luar kendali harta tenar stoisisme hidup kebaji berani bijaksana momen makna berapa lama,-1,11,0.66825694,True,medium
1197,"Saya takut banget memikirkan kematian, rasanya menyeramkan. Bagaimana cara menghadapi ketakutan ini?",takut mati seram hadap takut tahu mati jantung bayang gelap pergi stoisisme takut sendiri ubah sudut pandang bayang mati alami daun jatuh pohon kecil hidup arti mati seram hati tenang,-1,-1,0.6313256,False,rejected
1198,Saya merasa nggak siap kalau tiba-tiba harus meninggal. Bagaimana cara menerima kematian dengan tenang?,siap tinggal terima mati tenang paham suruh panggung panik marcus aurelius pilih lahir stres pergi jalan laku temen nikmat kopi pagi jurnal hidup indah udah siap peluk takut bareng,-1,0,0.6899235,True,medium
1199,Saya sering overthinking soal kematian sampai nggak bisa nikmati hidup. Bagaimana cara lebih santai?,overthinking mati nikmat hidup santai overthinking mati stuck film horor kelar kelar epictetus asyik nikmat makan siang arti jalan hidup ritual kecil jalan sore denger musik favorit senyum balik momen overthinking hidup ringan,-1,-1,0.6187245,False,rejected
1200,"Saya cemas kalau memikirkan akhir hidup, apalagi kalau tiba-tiba. Bagaimana cara tetap tenang seperti Julius Canus?",cemas akhir hidup tetap tenang julius canus tahu cemas akhir hidup awan gelap kepala julius canus tunjukkin tetap tenang nikmat momen main catur canda kendali spesial masak makan favorit telepon sayang syukur cemas santai,-1,-1,0.5909838,False,rejected
1201,Saya merasa harus terkenal biar hidup saya berarti. Tapi kenapa saya nggak puas-puas?,kenal hidup arti puas puas kejar tenar lari treadmill capek stoisisme tenar ilusi kenang dilupain makna beneran laku kecil tetangga kejar hati senang hidup arti perlu applaus puas hidup penuh,-1,11,0.77643955,True,high
1202,Bagaimana Stoisisme membantu kita menghadapi kematian orang tersayang?,stoisisme hadap mati sayang stoisisme mati sayang alami alam daun gugur duka makna hilang syukur kebaji hormat kenang tindak terima hilang tenang tetap jalan hidup makna,-1,33,0.66595066,True,medium
1203,Saya baru kehilangan orang tua dan merasa hidup nggak adil. Bagaimana cara menerima kehilangan ini?,hilang hidup adil terima hilang hilang hilang hati tahu berat marcus aurelius hidup drama alam pilih kapan tirai turun peluk kenang indah momen senyum hormatin lewat hidup laku adil pelan pelan damai,-1,-1,0.58548266,False,rejected
1204,Saya takut mati karena nggak tahu apa yang ada sesudahnya. Bagaimana cara mengatasi ketakutan ini?,takut mati tahu takut tahu takut mati diri tepi jurang gelap stoisisme takut ubah nalar tahu hidup rencana kecil nikmat makan telepon temen hidup harga takut akhir hidup tenang,-1,-1,0.637918,False,rejected
1206,"Saya cemas kalau memikirkan kematian tiba-tiba, seperti kecelakaan. Bagaimana cara lebih berani menghadapinya?",cemas mati celaka berani hadap tahu mati kilat kaget julius canus tunjukkin tetap berani nikmat hidup detik akhir bahkan canda arti telepon sayang tindak kecil hidup cemas berani,-1,11,0.66013527,True,medium
1209,Saya takut kehilangan anak saya suatu saat nanti. Bagaimana cara berdamai dengan ketakutan ini?,takut hilang anak suatu damai takut takut hilang anak peluk lepas tahu berat stoisisme mati alami lahir momen kenang indah anak main taman dongeng syukur nikmat cemas takut hati ringan,-1,11,0.654862,True,medium
1210,Saya sering cemas kapan hidup saya akan berakhir. Bagaimana cara nikmati hidup tanpa ketakutan?,cemas kapan hidup akhir nikmat hidup takut tahu cemas kapan hidup akhir bayang ikutin terus epictetus makan siang arti nikmat daftar kecil happy makan krim jalan temen laku lupa cemas bahagia cemas seru,-1,11,0.7426317,True,medium
1211,Saya takut mati karena penyakit yang mungkin datang. Bagaimana cara menghadapi ketakutan ini?,takut mati sakit datang hadap takut takut sakit monster bawah ranjang gelisah julius canus tunjukkin hadap mati tenang bahkan canda jaga sehat makan sehat jalan nikmat momen kecil nonton film favorit hidup takut sakit kuat,-1,-1,0.63199806,False,rejected
1213,Saya takut kehilangan pasangan saya suatu saat. Bagaimana cara mengurangi ketakutan ini?,takut hilang pasang suatu kurang takut takut hilang pasang takut hilang tengah hati tahu berat stoisisme mati alami kenang manis makan romantis jalan bareng syukur nikmat momen cemas takut hilang hati tenang,-1,0,0.701941,True,medium
1214,Saya sering khawatir kapan hidup saya akan berakhir. Bagaimana cara hidup lebih di saat ini?,khawatir kapan hidup akhir hidup tahu khawatir kapan hidup akhir terus detik kepala epictetus makan siang arti nikmat daftar senang main hewan pelihara denger favorit laku lupa khawatir hidup momen khawatir hidup asyik,-1,34,0.6803663,True,medium
1215,Saya takut mati karena merasa belum cukup berbuat di hidup ini. Bagaimana cara lebih damai?,takut mati cukup hidup damai takut cukup hidup julius canus tunjukkin damai nikmat detik bahkan canda laku tindak telepon keluarga tetangga hidup makna kurang hidup penuh,-1,-1,0.6332928,False,rejected
1225,"Timku lagi ribut soal ide proyek, semua keras kepala. Gimana caranya biar kita diskusi terbuka tanpa makin panas?",ribut proyek kepala diskusi makin panas ribut main chaos harmoni goncangan diskusi santai duduk bareng keluar proyek arah ngomong atur dengerin nyela sisip humor boyband bareng panas solusi ribut trik diskusi hidup,-1,18,0.6631124,True,medium
1229,"Aku pengen timku lebih terbuka share pendapat, tapi takut malah ribut. Gimana caranya biar diskusi tetap produktif?",takut malah ribut diskusi tetap produktif improvisasi seru butuh kendali dekat goncangan suasana santai salah gilir ngomong dilibatin panas catat paling puji keren maju trik diskusi ngalir ribut,-1,7,0.68724215,True,medium
1235,"Aku pengen timku diskusi santai soal masalah kerja, tapi takut malah ngelantur. Gimana caranya biar tetap on track?",diskusi santai kerja takut malah ngelantur tetap track diskusi santai session seru ngelantur irama goncangan tuju jelas kerja smooth gilir ngerasa susah lenceng arah pelan keren puji ngomong bagus lanjutin kerja trik diskusi asyik arah,-1,28,0.77513576,True,high
1236,"Aku ngerasa timku suka nyalahin aku pas proyek kacau, bikin stres. Gimana caranya biar nggak saling tuduh?",ngerasa nyalahin proyek kacau stres saling tuduh saling tuduh lempar stres jangan konflik personal tindas notice nyalahin clear fakta proyek kacau turut dengar ngerasa usul solusi tugas jelas panas jeda momen tuduh kompak,-1,0,0.7040678,True,medium
1238,Apa yang dimaksud dengan komunikasi non verbal dan mengapa dianggap lebih jujur?,komunikasi verbal anggap jujur komunikasi verbal lirik penuh makna cakup ekspresi wajah gera tangan bahkan diri senyum bahagia kata anggap jujur muncul spontan direncanain kata kata bayangin mata kaca kaca percaya mata kuat verbal emosi bicara sendiri,-1,22,0.6720123,True,medium
1243,"Aku sering ngerasa kata-kataku oke, tapi orang nggak ngerasa aku tulus. Apa hubungannya sama non verbal, dan gimana caranya biar lebih tulus?",ngerasa kata kata ngerasa tulus verbal tulus kata kata tulus bagus jiwa verbal proses otak kanan emosi alami kata kata otak kiri selaras ekspresi ngerasa kurang tulus tambahin senyum hangat kontak mata pelan ngomong nyambung pastiin wajah alis rileks peduli cermin momen tulus pesan hati,-1,22,0.69226956,True,medium
1245,"Aku sering bikin orang bingung pas nunjukin emosi di chat video, kayak nggak paham situasinya. Gimana caranya biar non verbal ku jelas?",nunjukin emosi chat paham situasi verbal jelas emosi chat panggung tahu verbal butuh konteks nyambung latar kesel kerja tunjukin ekspresi match alis kerut pelan jaga gestur simpel angguk senyum over klarifikasi ekspresi tadi begini momen verbal jelas,-1,22,0.6741398,True,medium
1249,Apa yang dimaksud dengan sifat dinamis bahasa?,sifat dinamis bahasa bahasa dinamis aransemen arti bahasa diam ubah iring ngikutin kembang masyarakat teknologi gaya hidup kata selfie bahasa kamera ponsel kata arti gembira makna ubah bahasa hidup relevan zaman,-1,-1,0.6480721,False,rejected
1266,"Aku sering bikin email yang orang bilang nggak jelas, kayak salah susun kalimat. Gimana caranya biar emailku lebih rapi dan dipahami?",email jelas salah susun email rapi paham email jelas lirik acak tata bahasa penting pesan susun email pake struktur simpel salam tuju detail tutup halo bahas proyek detail mohon konfirmasi draft subjek kata kerja objek kirim lapor baca ulang pastiin ambigu ragu minta temen email kacau trik rapi,-1,-1,0.50198734,False,rejected
1267,"Aku ngerasa susah nyanyi ekspresi diri lewat kata-kata di grup baru, kayak takut salah. Gimana caranya biar aku lebih pede ngomong?",ngerasa susah ekspresi diri lewat kata kata grup takut salah pede ngomong susah ekspresi diri grup panggung asing grogi bahasa alat sosial kunci koneksi kata kata sederhana topik dengar grup ngomong ikutin pola pelan senyum emoji ramah takut salah masuk temen dekat grup kata kata pede,-1,22,0.7533566,True,high
1278,"Aku pengen kasih saran ke kolega, tapi takut dikira nyinyir. Gimana caranya biar kata-kataku diterima baik?",saran kolega takut nyinyir kata kata terima saran takut nyinyir saran takut salah bahasa efektif butuh tata bahasa empati puji kerja keren saran susun saran jelas cepet tulus saran jaga senyum takut salah temen saran kata kata ramah,-1,0,0.700066,True,medium
1283,"Aku ngerasa susah ekspresiin pendapat di grup kerja, kayak takut nggak diterima. Gimana caranya biar aku lebih pede?",ngerasa susah ekspresiin grup kerja takut terima pede susah ekspresiin panggung takut tonton bahasa alat sosial kunci koneksi sederhana dengar respons bagus nyaman percaya diri turut takut ngomong kolega dekat tadi grup kerja pede,-1,18,0.73076,True,medium
1291,"Aku ngerasa susah ekspresiin pendapat di grup komunitas, kayak takut nggak diterima. Gimana caranya biar aku lebih pede ngomong?",ngerasa susah ekspresiin grup takut terima pede ngomong susah ekspresiin panggung takut tonton bahasa alat sosial kunci koneksi sederhana dengar respons bagus tambahin percaya diri turut takut ngomong temen dekat tadi grup pede,-1,18,0.7964963,True,high
1292,Mengapa komunikasi begitu penting dalam membentuk kepribadian seseorang?,komunikasi penting bentuk pribadi komunikasi jembatan hati luar paham siapa bentuk karakter tumbuh diri bayang obrol senyum bahkan diam interaksi cermin bentuk pribadi komunikasi mudah ekspresi diri akhir hidup makna,-1,-1,0.6459096,False,rejected
1293,Hai aku merasa sulit memahami diri sendiri. Bagaimana komunikasi bisa membantu aku lebih mengenal diriku?,sulit paham diri sendiri komunikasi kenal diri paham sesat labirin sendiri komunikasi cermin ajaib siapa bincang ringan percaya bahkan jurnal ungkap hati pola bahagia sedih semangat yakin kata bawa selang dekat kenal diri sendiri,-1,0,0.69082034,True,medium
1294,"aku merasa tertekan akhir-akhir ini, kayak nggak bisa ngomong apa yang aku rasain. Apa komunikasi bisa membantu aku merasa lebih baik?",tekan akhir akhir ngomong rasain komunikasi sayang dengar tekan nemenin komunikasi kunci pintu kunci psikoterapi hati ringan beban ngomongin kecil ganjal percaya bahkan jurnal janji kata keluar tuju lega dengerin,-1,1,0.72544485,True,medium
1298,"aku merasa perilakuku berubah-ubah tergantung situasi, dan itu bikin aku bingung. Normal nggak sih ini?",perilaku ubah ubah situasi sedang diri jeli ubah perilaku situasi bayang perilaku tari sesuai irama sikap kantor temen penting perhati nyaman situasi peta bareng situasi perilaku ubah picu sounds good,-1,18,0.65149516,True,medium
1302,aku pengen tahu kenapa temenku selalu ketus kalau aku tanya kabarnya. Gimana caranya aku ngertiin dia tanpa bikin dia kesal?,tahu temenku ketus kabar ngertiin kesal temen ketus penasaran sekaligus paham inget inget pola komunikasi masa ketus momen beban dekat lembut notice mood tunjuk peduli paksa tetap ketus ruang tetap tunjuk detail temenmu analisis,-1,18,0.7435949,True,medium
1304,aku merasa nggak punya tujuan hidup dan ini bikin aku cemas. Apa yang bisa aku lakukan untuk menemukan makna?,tuju hidup cemas laku makna cemas tuju yakin potensi makna kejar hati getar kecil psikologi manusia tumbuh kejar nilai kreativitas kecil hidup ngopi denger musik cemas bahagia titik terang bareng,-1,11,0.7960013,True,high
1305,aku sering salah tangkap omongan orang dan ini bikin aku kesal sama diri sendiri. Gimana caranya biar aku lebih paham apa yang orang bilang?,salah tangkap omong kesal diri sendiri paham salah tangkap omong gemes otak buru buru terjemah dengar jeli kata kata ulang hati ragu santai yakin harga momen salah tangkap tahu,-1,0,0.82633835,True,high
1307,Mengapa komunikasi begitu penting bagi setiap manusia?,komunikasi penting manusia komunikasi hidup sosial unik entah lewat kata kata senyum bahkan diam komunikasi paham bayang komunikasi pulau pencil nyambung komunikasi jembatan hidup makna,-1,14,0.6507078,True,medium
1308,Aku sering merasa pesanku salah dimengerti temen. Gimana caranya biar komunikasiku lebih efektif?,pesan salah erti temen komunikasi efektif main telepon rusak pesan nyampe sesuai komunikasi jernih kata kata sederhana jelas sesuai situasi temenmu sibuk pilih tepat balik yakin pesan terima momen pesan salah erti saran,-1,22,0.65585744,True,medium
1311,Aku notice temenku berubah sikap setelah aku kasih saran. Gimana caranya ngasih saran biar nggak bikin orang defensif?,notice temenku ubah sikap saran ngasih saran defensif peka ubah temenmu bagus saran terima defensif dekat sandwich puji saran tutup semangat kreatif yakin masuk siap momen saran temen ubah sikap analisis,-1,18,0.6910651,True,medium
1314,Aku sering merasa overwhelmed sama kerjaan dan nggak tahu kenapa. Apa yang bisa aku lakukan biar lebih tenang?,overwhelmed kerja tahu laku tenang badai overwhelmed psikologi tekan ruang hidup kerja ekspektasi sendiri pusing urutin paling urgent selesain reward kecil diri ngopi luang senang jalan jalan overwhelmed susun rencana,-1,29,0.80249566,True,high
1315,"Aku notice aku gampang cemas, kayaknya mirip sama mama. Apa ini cuma sifat turunan, atau bisa aku ubah?",notice gampang cemas mirip mama sifat turun ubah peka diri sendiri awal keren psikologi sifat cemas pengaruh bukan vonis kuasa ngubah pola teknik relaksasi lama detik catat picu cemas jurnal pola bareng cemas kapan muncul ngatasinnya,-1,7,0.7145667,True,medium
1317,Aku sering salah pilih waktu buat ngobrol serius sama pasangan. Kapan waktu terbaik buat komunikasi yang penting?,salah pilih serius pasang kapan komunikasi penting timing emang kunci obrol nyambung psikologi ubah pesan terima pilih momen pasang rileks makan weekend pagi bukan capek pulang kerja siap momen salah saran timing,-1,7,0.6535731,True,medium
1318,Aku susah ngomong sama atasan karena suasana kantor tegang. Gimana caranya aku komunikasi tanpa takut?,susah ngomong suasana kantor tegang komunikasi takut suasana kantor tegang lidah kaku psikologi iklim kerja pengaruh ngomong dekat momen santai coffee break topik ringan project ngomong serius minta khusus sebentar situasi kantor strategi komunikasi smooth,-1,22,0.6583725,True,medium
1319,"Aku sering beda sikap pas di depan temen versus keluarga. Normal nggak sih ini, dan gimana caranya aku lebih konsisten?",sikap depan temen versus keluarga konsisten sikap situasi super baju sesuai acara psikologi sesuai diri situasi nyaman konsisten tentuin nilai inti diri jujur ramah pegang sikap ubah drastis diri sendiri momen sikap imbang,-1,5,0.7254611,True,medium
1320,"Aku merasa nggak nyaman ngobrol di ruang tamu rumahku, kayak kaku gitu. Apa hubungannya sama ruangan?",nyaman ruang tamu kaku ruang ruang ngaruh vibe obrol psikologi tata ruang kaku sofa terlalu jauh meja formal atur ulang ruang tamu cozy taruh bantal empuk ubah posisi duduk dekat tambahin lampu hangat suasana rileks ruang tamu seru,-1,-1,0.48666748,False,rejected
1321,Aku susah nyambung sama adikku yang beda generasi. Gimana caranya biar obrolan kami lebih asyik?,susah nyambung adik generasi obrol asyik generasi adik obrol main tebak tebak nyambung panggung film game makan situ nonton film dengar antusias alam relate jangan lupa bahasa santai nyaman adik topik seru,-1,15,0.6821943,True,medium
1322,Aku sering nggak tahu apa temenku ngerti omonganku. Gimana caranya biar aku yakin pesanku nyampe?,tahu temenku omong yakin pesan nyampe penasaran tahu pesan nyampe yakin minta feedback santai jelasin perhati ekspresi mata panjang ringkas poin akhir inti momen temenmu pesan crystal clear,-1,18,0.67962897,True,medium
1324,"Aku sering ngobrol sama diri sendiri di pikiran, kayak nimbang-nimbang keputusan. Apa ini normal?",diri sendiri nimbang nimbang putus haha diri sendiri kepala super nama komunikasi intrapersonal dialog seru sahabat diri sendiri nimbang nimbang putus otak asyik proses timbang kontra bahkan ngelamun nyari solusi justru peka butuh putus debat batin dengerin urai bareng,-1,14,0.70132864,True,medium
1326,"Aku merasa bosku nggak ngerti maksudku pas presentasi, kayak kita beda bahasa. Apa ini karena pengalaman kami beda?",presentasi bahasa alam presentasi nyambung panggung psikologi persepsi pengaruh kerangka rujuk alam latar belakang sudut pandang alam sesuai presentasi istilah paham bapak data presentasi frustrasi nyambung,-1,22,0.6614107,True,medium
1327,"Aku susah fokus pas lagi sedih, pikiranku melayang kemana-mana. Apa yang bisa aku lakukan?",susah sedih layang laku sedih awan buram paham psikologi emosi perhati buyar grounding pegang pulpen tekstur lama detik sedih kosong sedih dengerin kecil,-1,0,0.71790737,True,medium
1328,"Aku lebih perhatian ke hal-hal negatif, kayak kritik, daripada pujian. Gimana caranya biar aku lebih seimbang?",perhati negatif kritik puji imbang negatif otak radar bahaya psikologi sikap emosi perhati miring imbang gratitude positif puji kecil senyum temen denger kritik diri sisi positif bayangin kritik momen kritik stuck sisi cerah,-1,18,0.76621777,True,high
1331,Apa yang dimaksud dengan komunikasi intrapersonal dan apa tujuannya?,komunikasi intrapersonal tuju komunikasi intrapersonal seru diri sendiri hati proses nalar renung nimbang nimbang putus nganalisis tuju keren kenal diri sendiri ningkatin mampu selesain rangin stres bayangin otak sahabat solusi cerdas,-1,-1,0.6108718,False,rejected
1332,Apa saja empat kuadran dalam Jendela Johari dan bagaimana mereka memengaruhi komunikasi?,empat kuadran jendela johari pengaruh komunikasi jendela johari peta hati komunikasi jelas empat kuadran info tahu favorit obrol lancar buta tahu ngomong cepet miskomunikasi gali gelap rahasia tahu takut bawah tutup rahasia tahu mimpi pribadi area kecil buta komunikasi jujur nyambung,-1,-1,0.63249993,False,rejected
1333,"Aku pengen lebih kenal sama diri sendiri, tapi nggak tahu mulai dari mana. Apa yang bisa aku lakukan?",kenal diri sendiri tahu laku kenal diri sendiri nemenin dialog diri sendiri kertas bebas muncul kepala temen terus minta temen dekat turut jendela diri akhir diri percaya mimpi takut kecil penasaran diri gali,-1,0,0.70882183,True,medium
1334,"Aku pengen lebih deket sama kolega di kantor, tapi nggak tahu caranya mulai. Apa yang bisa aku lakukan?",deket kolega kantor tahu laku deket kolega keren asyik komunikasi interpersonal kecil sapa senyum pagi mood terus topik nonton series dengar penuh perhati diri nyaman coffee break santai situasi kantor obrol seru,-1,-1,0.6451274,False,rejected
1339,"Aku merasa nggak dihargai sama temen diskusi, kayak pendapatku nggak penting. Gimana caranya biar suasananya lebih setara?",harga temen diskusi penting suasana tara harga hati kecil ubah dinamik suasana diskusi tara tunjukkin nilai tadi nambahin terus percaya diri tetap santai tuju abai jujur didenger diskusi asyik situasi diskusi harga,-1,0,0.73414433,True,medium
1344,"Aku pengen tahu kebiasaanku yang mungkin nggak aku sadari, tapi takut orang ngomong blak-blakan. Gimana caranya aku minta feedback?",tahu takut ngomong blak blakan minta feedback tahu sisi diri sembunyi keren takut blak blakan minta feedback percaya improve turut perlu ringan ngomongnya gesa dengar hati makasih nyaman masuk siapa susun,-1,0,0.79061264,True,high
1346,"Aku merasa kesepian meskipun punya temen, kayak nggak ada yang beneran nyambung. Gimana caranya aku bangun hubungan yang lebih deket?",sepi temen beneran nyambung deket sepi berat temen deket temen vibe cocok diri sendiri makanya neng aktivitas bareng nonton jalan ciptain stimulasi emosional temen dekat nyambung,-1,14,0.7403434,True,medium
1347,"Aku notice aku mulai suka nyindir temen deket, padahal dulu selalu muji. Kenapa ya, dan gimana caranya balik positif?",notice nyindir temen deket padahal muji balik positif muji nyindir favorit fals renggang negatif refleksi kesel balik positif puji kecil kangen ngeliat ketawa obrol jujur jauh deket nyindir balik hangat,-1,18,0.79059577,True,high
1351,"Aku merasa cocok sama temen yang karakternya beda banget, tapi kadang nggak yakin. Apa ini normal?",cocok temen karakter yakin cocok temen karakter duet harmoni super saling lengkap kalem heboh atur klik impulsif sabar kuat ragu ngeliatnya temenmu perspektif,-1,22,0.65530384,True,medium
1354,Apa perbedaan antara kelompok primer dan sekunder dalam komunikasi kelompok?,kelompok primer sekunder komunikasi kelompok kelompok primer sekunder sisi koin komunikasi kelompok kelompok primer dekat keluarga sahabat tempat ngomong bahkan nolak sopan contoh kelompok sekunder formal rapat kantor musyawarah sekolah tuju putus bareng penting primer hangat sekunder struktur,-1,-1,0.57297206,False,rejected
1355,"Aku merasa tegang tiap diskusi kelompok di kantor, kayak nggak seimbang. Gimana caranya biar suasananya lebih positif?",tegang diskusi kelompok kantor imbang suasana positif tegang diskusi main tali kenceng ketidakseimbangan suasana panas positif ramah tambahin dengar bahkan diam harga konflik solusi bareng situasi diskusi kantor trik suasana cair asyik,-1,18,0.655297,True,medium
1357,"Aku pengen bikin grup temenku lebih solid, tapi kadang cuma pada ngobrol biasa. Gimana caranya biar komunikasi kami lebih bermanfaat?",grup temenku solid komunikasi manfaat grup temen solid harmoni keren komunikasi kelompok giat bareng piknik main board game sosial kuat obrol makna topik seru mimpi diskusi bareng atur jadwal grup komunikasi hidup,-1,-1,0.57617354,False,rejected
1358,"Aku sering bingung ngatur diskusi di tim kecil, kayak nggak ada arah. Gimana caranya biar diskusinya lebih terarah?",ngatur diskusi kecil arah diskusi arah diskusi kecil arah main musik konduktor rapi tetap tuju rencana proyek pertama dorong umpan balik ruang lenceng arah pelan trik diskusi alir produktif,-1,-1,0.57931936,False,rejected
1359,"Aku sering ngerasa nggak nyambung sama temen di grup, kayak beda value. Gimana caranya biar komunikasinya tetep oke?",ngerasa nyambung temen grup value komunikasi nyambung temen grup main puzzle potong value titik kecil tuju bareng obrol situ nonton tegang jujur santai pandang asyik dengar sisi imbang grup komunikasi nyaman,-1,14,0.7795484,True,high
1360,"Aku ngerasa nggak cocok sama satu orang di grup, dan ini bikin aku males ikut. Gimana caranya biar aku tetep nyaman?",ngerasa cocok grup males nyaman cocok grup fals nyaman psikologi pengaruh vibe kelompok anggota koneksi seru keep short sopan tuju lanjut susah curhat temen dekat grup males enjoy grup,-1,14,0.753719,True,high
1361,"Aku merasa peranku di tim cuma numpang nama, nggak ngaruh. Gimana caranya biar aku lebih aktif dan bermanfaat?",peran numpang nama ngaruh manfaat numpang main pegang tamborin peran kecil nyatet usul rapat dengar diskusi tawarin riset tunjukkin antusiasme ketua peran sinar,-1,-1,0.59295654,False,rejected
1362,"Timku sering debat soal tugas, nggak ada sepakat. Gimana caranya biar kami bisa bikin kesepakatan yang oke?",debat tugas sepakat sepakat debat main musik tahap duduk bareng tetap atur main sepakat ngomong dengar titik tengah tuju panas humor ringan bareng debat harmoni,-1,-1,0.55699134,False,rejected
1363,"Grupku terlalu kompak, tapi kadang keputusannya buru-buru dan salah. Gimana caranya biar kami lebih kritis?",grup terlalu kompak putus buru buru salah kritis grup terlalu kompak bareng lupa tekan tuju putus buru buru usulin sesi kritis risiko dorong diam ngomong tuju cepet yakin kurang putus grup salah cerdas bareng,-1,0,0.70421875,True,medium
1364,"Aku pengen diskusi di kelompok kecil lebih hidup, tapi anggotanya pada diam. Gimana caranya biar semua ikut ngomong?",diskusi kelompok kecil hidup anggota diam ngomong diskusi sepi konser tepuk tangan kurang seru hidup proyek puji ngomong keren diam diam personal penasaran catching sorot model minim karpet merah antusias bakat kelompok diskusi rame,-1,-1,0.60435164,False,rejected
1365,"Aku pengen ngajak timku coba cara baru, tapi takut mereka nggak setuju. Gimana caranya biar persuasif tanpa bikin konflik?",ngajak takut tuju persuasif konflik ngajak butuh dekat presentasi antusias kerja cepet tunjukkin manfaat sambung nilai sesuai tuju dengar khawatir kecil kecil kata kata excited,-1,0,0.7912682,True,high
1366,"Aku sering ngerasa nggak cukup oke dibandingkan grup lain, kayak mereka lebih keren. Gimana caranya biar aku lebih pede?",ngerasa cukup banding grup keren pede ngerasa kurang banding grup panggung lupa keren grup standar bukan ukur nilai diri kuat grup kompak kerja bareng bangga diri tepat minder temen dekat grup turut spesial grup minder pede,-1,-1,0.6239612,False,rejected
1367,"Aku ngerasa grupku punya vibe negatif, kayak semua bete. Gimana caranya biar suasananya lebih positif?",ngerasa grup vibe negatif bete suasana positif vibe negatif grup awan gelap murung psikologi kelompok emosi sendiri bawa energi positif rapat keren aktivitas ringan main icebreaker bete pelan notice down dengar solusi bareng vibe grup suasana cerah,-1,-1,0.6404855,False,rejected
1368,"Aku mau ngadain FGD buat proyek, tapi takut nggak dapet input yang bagus. Gimana caranya biar FGD-nya sukses?",ngadain proyek takut dapet input bagus sukses bareng kunci sukses siapin arah tantang proyek turut terlalu rame suasana santai dorong ngomong catat poin poin penting umpan balik keren kembang proyek trik,-1,15,0.71021944,True,medium
1369,"Aku pengen timku lebih terbuka ngungkapin ide, tapi banyak yang malu-malu. Gimana caranya biar mereka lebih berani?",ngungkapin malu malu berani malu malu takut padahal potensi berani ciptain suasana salah ringan pilih puji ngomong perspektif malu diskusi kecil pede lantang,-1,0,0.8009075,True,high
1370,Aku merasa kesepian meskipun aktif di media sosial. Gimana caranya biar aku merasa lebih terhubung sama orang di sana?,sepi media sosial sana media sosial rame sepi grup sesuai passion cinta buku fotografi komen postingan tulus keren kecil diri baca novel kunci jalin interaksi arah ikat emosional sepi media sosial hangat,-1,-1,0.61748284,False,rejected
1371,"Aku gabung di grup medsos tapi kok nggak betah, kayak nggak ada ikatan. Gimana caranya biar aku merasa jadi bagian dari komunitas?",gabung grup medsos betah ikat betah grup medsos dateng pesta kenal siapa nyambung obrol komen topik alam kecil relate grup sunset grup homogen sesuai passion cinta buku ikat kuat klik grup kurang grup nyaman ngerasa,-1,-1,0.6343154,False,rejected
1375,Apa tujuan utama komunikasi menurut psikologi komunikasi?,tuju utama komunikasi turut psikologi komunikasi komunikasi jembatan nyambungin hati tuju saling paham lewat tukar nyambung komunikasi ngubah mikir sikap bahkan tindak temen peduli motivasi inti komunikasi antar manusia hidup harmonis,-1,-1,0.56567454,False,rejected
1376,"Aku pengen bikin grup medsos yang bikin anggota merasa nyaman share, tapi nggak tahu caranya. Apa yang bisa aku lakuin?",grup medsos anggota nyaman tahu lakuin grup medsos nyaman ciptain kafe virtual hangat seru pertama grup responsif anggota bahas dilibatin jaga suasana demokratis atur simpel jangan nyinyir akhir penuh makna topik nyambung sehat mental momen kuat grup trik anggota betah,-1,-1,0.59117985,False,rejected
1379,"Aku sering ngerasa pendapatku beda sama temen di medsos, kayak nggak nyambung. Kenapa ya, dan gimana caranya biar diskusi lebih oke?",ngerasa temen medsos nyambung diskusi genre harmoni pengaruh alam didik status sosial nyambung diskusi dengar temenmu mikir pandang santai jaga positif hindar nyinyir momen diskusi nyambung trik obrol asyik,-1,18,0.76489556,True,high
1380,"Aku sering gagal bikin temen ngerti pas curhat di grup chat, malah bikin canggung. Gimana caranya biar komunikasiku lebih efektif?",gagal temen curhat grup chat malah canggung komunikasi efektif gagal temen curhat fals canggung komunikasi efektif pilih grup santai ringan pusing curhat jelas lembut didenger dengar respon umpan balik makasih saran momen curhat canggung kata kata nyambung,-1,22,0.7286217,True,medium
1381,"Aku sering ngerasa minder di medsos, kayak nggak cukup keren. Gimana caranya biar aku lebih percaya diri?",ngerasa minder medsos cukup keren percaya diri minder medsos hits lupa keren sendiri konsep diri bentuk interaksi pede bangga hati autentik sunset hasil follow positif bukan minder cukup minder percaya diri,-1,33,0.73178613,True,medium
1387,"Kadang aku ragu bisa nggak ya ngerjain tugas yang berat, apa sih cara ngatasin keraguan ini?",ragu ngerjain tugas berat ngatasin ragu ragu manusiawi anggap nyata solusi minta penting jangan terlalu diri sendiri,-1,0,0.7834579,True,high
1394,Aku kadang ngerasa nggak berguna kalau nggak sibuk terus. Ini kenapa ya?,ngerasa sibuk terus ngejar produktivitas istirahat penting diri nikmat momen santai salah harga sibuk,-1,28,0.69672275,True,medium
1396,"Aku merasa nggak bisa ngapa-ngapain dengan baik, apa aku gagal?",gagal gagal capek terlalu diri sendiri istirahat udah capai kecil,-1,-1,0.6380448,False,rejected
1397,"Aku pengen hidup tenang tanpa overthinking, gimana caranya?",hidup tenang overthinking hidup tenang dengerin tubuh cukup tidur makan sehat laku bahagia sederhana berisik temen dekat,-1,11,0.77930903,True,high
1399,"Kadang aku kesel sama pasangan, tapi aku nggak mau cerai. Harus sabar sampai kapan sih?",kesel pasang cerai sabar kapan sabar emang gampang hati pedih tetap tuju kecil sabar situasi momen sisi tempat nyaman temen lakuin terlalu berat profesional dukung,-1,0,0.7509273,True,high
1402,"Aku merasa hidupku cuma buat kerja sama urus rumah, nggak ada waktu buat diri sendiri. Normal nggak sih?",hidup kerja urus diri sendiri rasain sendiri penting nyisihin diri sendiri ngopi baca buku recharge atur prioritas minta perlu bahagia,-1,-1,0.6468284,False,rejected
1403,"Aku ngerasa nggak ada yang ngerti bebanku sebagai ibu tunggal, apa yang bisa aku lakukan biar nggak kesepian?",ngerasa beban tunggal laku sepi tunggal emang berat ngerasa sendiri temen relate rasain curhat udah lega jangan lupa diri sendiri hilang semangat dengerin,-1,0,0.828585,True,high
1406,"Aku selalu khawatir sama kematian. Tiap hari kepikiran, apalagi kalau mati sendirian. Gimana biar tenang?",khawatir mati mati sendiri tenang khawatir mati manusiawi sampe ganggu berat kontrol jalan hidup bahagia makna mati hidup penting terus muncul aktivitas jalan jalan meditasi berat percaya profesional,-1,19,0.7733636,True,high
1408,Aku ngerasa hidupku nggak berarti kalau nggak ngurus orang lain. Apa ini normal?,ngerasa hidup arti ngurus sifat bagus sampe ngerasa hidup arti ngurus lupa perhati diri sendiri bahagia luar ngurus tuju pribadi harga ngurus kecil jalan jalan nemu makna,-1,11,0.830746,True,high
1410,Aku ngerasa hidupku cuma buat kerja dan ngurus anak. Aku capek. Ada saran?,ngerasa hidup kerja ngurus anak capek saran dengar capek sendiri ngerasa hidup berat kuat udah jalanin kecil senang nonton film favorit jalan pagi minta pasang keluarga tugas istirahat lakuin jarang,-1,17,0.658934,True,medium
1411,Aku pengen mati aja biar nggak ribet mikirin hidup. Apa yang salah sama aku?,mati ribet mikirin hidup salah sedih denger ngerasa muncul tekan arti salah capek manusiawi berat dengar muncul percaya profesional beban ringan sendiri,-1,0,0.75106764,True,high
1412,Aku merasa nggak punya temen deket buat curhat. Gimana biar nggak kesepian?,temen deket curhat sepi sepi berat udah awal kecil gabung sesuai klub buku kelas olahraga perlu buru buru deket cukup ringan susah temen lama keluarga harga neng kenal,-1,6,0.6519152,True,medium
1414,"Aku merasa hidupku nggak pernah cukup, selalu pengen lebih. Gimana caranya biar aku nggak terus-terusan merasa kurang?",hidup cukup terus terus kurang jebak udah kecil syukur cukup makan tempat tinggal peduli kurang muncul diri sendiri butuhin butuh,-1,17,0.77825826,True,high
1416,"Aku suka membandingkan diri sama orang lain, dan itu bikin aku merasa kecil. Gimana cara ngatasinnya?",banding diri kecil ngatasinnya banding diri padahal sendiri ingat hidup bukan ukur hidup bahagia sesuai nilai muncul diri sendiri jalan sendiri cukup,-1,11,0.7522081,True,high
1418,Aku pengen jadi orang yang tenang kayak orang-orang tertentu. Gimana caranya?,tenang tenang bukan sulap kecil buru buru ngeluh sesuai diri sendiri kendali lepas lama lama,-1,0,0.70809555,True,medium
1419,"Aku pengen punya hidup yang sempurna, tapi kok nggak pernah kesampaian. Aku harus apa?",hidup sempurna hidup sempurna ilusi tahu hidup enak justru nerima ketidaksempurnaan tahu bahagia kecil momen momen kecil bukan sempurna realistis,-1,11,0.74244326,True,medium
1425,"Aku pengen punya hubungan yang baik sama orang lain, tapi kok susah banget. Apa yang salah?",susah salah butuh usaha dengerin penuh perhati buru buru ngejudge jaga jarak sehat terlalu emosional ramah susah diri,-1,0,0.8077786,True,high
1434,"Aku baru jadi orang tua, tapi kok merasa tertinggal sama temen-temenku yang kariernya jalan. Aku salah nggak sih?",tinggal temen temenku karier jalan salah salah pilih peran prestasi fase hidup prioritas sendiri nikmat momen anak ulang tinggal temen dekat lakuin kecil diri sendiri tinggal,-1,17,0.6502594,True,medium
1436,Aku ngerasa hidupku nggak sehebat orang lain. Aku harus kejar apa biar nggak gini?,ngerasa hidup kejar hidup nilai perlu dibandingin diri sendiri bahagia kejar kecil keluarga udah cukup hidup kurang,-1,5,0.750327,True,high
1441,"Aku ngerasa orang lain selalu menilai aku, bikin aku nggak pede. Aku harus apa?",ngerasa nilai pede nilai nyaman ingat nentuin nilai diri diri bakat kritik sisa lepasin nilai,-1,15,0.75461155,True,high
1443,"Aku ngerasa nggak dihargai sama orang lain, bikin aku down. Aku harus apa?",ngerasa harga down harga berat komunikasi percaya harga diri sendiri lakuin bangga harga,-1,0,0.68705803,True,medium
1444,"Kadang aku merasa kerja cuma buat uang, apa itu salah?",kerja uang salah salah sekali kerja uang salah tahan hidup penting cukup tekan tahu kurang kerja,-1,-1,0.57406676,False,rejected
1462,"Aku merasa tertekan karena pekerjaanku sekarang bikin aku capek banget, tapi aku takut buat resign. Gimana caranya aku bisa ambil keputusan tanpa ngerasa salah?",tekan kerja capek takut resign putus ngerasa salah bimbang takut resign nyiapin kecil tahu peluang mutusin pergi penting pergi rapi ninggalin tempat lama mikir jangan sampe lelah sendiri,-1,0,0.75324,True,high
1463,"Kadang aku ngerasa bersalah kalo ninggalin pekerjaan, kayak ninggalin tanggung jawab. Apa aku salah?",ngerasa salah kalo ninggalin kerja ninggalin salah salah ingat hidup milik bukan milik kalo mutusin pergi pastiin laku hati hati nyusahin udah bentuk,-1,0,0.6617177,True,medium
1464,Aku sering ngerasa gagal kalo bandingin hidupku sama temen-temenku. Kenapa ya aku gampang iri gitu?,ngerasa gagal kalo bandingin hidup temen temenku gampang ngebandingin diri capek hati bahagia ditentuin lakuin udah capai perlu standar hidup beban,-1,17,0.8075723,True,high
1466,Aku ngerasa hidupku nggak ada artinya kalo nggak punya jabatan tinggi. Apa aku salah mikir?,ngerasa hidup arti kalo jabat tinggi salah mikir salah tekan hidup jabat prestasi diri sendiri arti kecil nikmat hidup ringan,-1,0,0.8473269,True,high
1467,Aku selalu ngerasa harus ngikutin apa yang orang lain lakuin biar diterima. Capek banget. Gimana caranya berhenti?,ngerasa ngikutin lakuin terima capek henti capek ngejar standar kecil diri sendiri lakuin nyaman perlu maksa ngikutin hidup bukan harapin,-1,0,0.78795695,True,high
1468,Kadang aku ngerasa frustasi kalo usahaku nggak dihargain orang. Apa aku terlalu ngarep pujian?,ngerasa frustasi kalo usaha dihargain terlalu ngarep puji dihargain kalo terus terus nunggu puji frustasi sendiri bangga diri sendiri notice usaha lakuin harga bukan,-1,0,0.786947,True,high
1470,Aku pengen menyerah aja sama semua ini. Apa menyerah itu salah?,serah serah salah serah nyerah arti hidup jelas nerima emang ubah nyerah kecil kalo udah mentok istirahat,-1,17,0.8469177,True,high
1472,Aku sering ngerasa kesel sama orang lain kalo mereka nggak ngelakuin apa yang aku harapin. Gimana caranya biar nggak gitu?,ngerasa kesel kalo ngelakuin harapin kesel kalo terlalu ngarep ngikutin stres sendiri kontrol reaksi sendiri biarin jalan hidup jalan hidup tenang,-1,0,0.8422323,True,high
1473,Aku ngerasa kalo aku nggak punya apa-apa dibandingkan orang lain. Apa aku kurang bersyukur?,ngerasa kalo banding kurang syukur ngebandingin diri sampe lupa udah kecil neng sederhana hidup,-1,17,0.83928275,True,high
1475,Aku ngerasa hidupku nggak akan bahagia kalo nggak punya banyak uang. Bener nggak sih?,ngerasa hidup bahagia kalo uang uang penting bahagia situ neng mahal kecil hidup ringan,-1,-1,0.6219015,False,rejected
1477,Aku ngerasa nggak pantas buat seneng kalo orang lain susah. Apa aku salah?,ngerasa pantas neng kalo susah salah nunjukin peduli bagus nikmat momen neng perlu ngerasa salah nikmat kecil senyum nyakitin siapa siapa,-1,0,0.7401751,True,medium
1478,"Aku pengen ngelupain masa lalu, tapi kok susah banget. Ada saran nggak?",ngelupain masa susah saran ngelupain masa emang gampang lakuin hidup perlu buru buru lakuin pelan pelan ganjal percaya ringanin,-1,17,0.80591494,True,high
1480,"Aku merasa kesal banget sama temen kerja yang selalu bikin suasana nggak enak. Harusnya dia berubah, kan?",kesal temen kerja suasana enak ubah kesal suasana nyaman bareng ubah sulit bahkan hampir ringan laku hati tenang tetap nyaman santai situasi,-1,0,0.77526397,True,high
1483,Aku merasa nggak bisa apa-apa tanpa dukungan dari orang lain. Gimana caranya biar aku lebih mandiri?,dukung mandiri dukung kuat diri sendiri kecil nentuin tuju kecil laku sendiri jalan hidup masing masing ngandalin diri sendiri kecil,-1,17,0.72397244,True,medium
1485,"Aku ngerasa sendirian banget, kayak nggak punya temen yang bener-bener peduli. Normal nggak sih gitu?",ngerasa sendiri temen peduli ngerasa sendiri ngerasa hidup masing masing sendiri ringan siapa,-1,-1,0.6476607,False,rejected
1501,Aku ngerasa nggak ada kesempatan buatku di hidup ini. Kayaknya cuma kebetulan doang yang bikin orang sukses.,ngerasa sempat hidup betul doang sukses hidup untung sempat datang obrol percaya siapa tahu pintu,-1,17,0.6792752,True,medium
1503,Aku ngerasa orang lain selalu dapat kesempatan lebih baik. Aku harus apa biar kayak gitu?,ngerasa sempat banding diri emang lelah capai sempat datang lang kecil pikirin,-1,17,0.76026076,True,high
1504,"Aku pengen berhenti dari kerjaan yang bikin aku nggak happy, tapi takut nggak ada yang lebih baik.",henti kerja happy takut putus takut bareng happy kerja tahu tempat putus,-1,0,0.67324966,True,medium
1506,Aku ngerasa kesempatan cuma datang ke orang yang punya privilege. Aku yang biasa-biasa aja ini apa bisa?,ngerasa sempat datang privilege adil sempat datang usaha kecil yakin kuat sendiri,-1,-1,0.6415682,False,rejected
1509,Aku ngerasa nggak punya dukungan dari siapapun. Apa aku bisa maju sendiri?,ngerasa dukung siapa maju sendiri sendiri kuat maju dukung datang tempat sangka obrol percaya nemenin,-1,0,0.7164595,True,medium
1510,"Aku pengen coba sesuatu, tapi ngerasa udah terlambat. Apa masih ada harapan?",ngerasa udah lambat harap kata lambat hati senang usia angka kecil yakin sempat,-1,-1,0.6301256,False,rejected
1515,"Aku suka sih bantu orang lain, tapi kok capek ya, kayak nggak dihargai.",capek harga bantuin bagus capek perlu batas pikirin enak nolak harga maaf jaga energi penting,-1,31,0.68900955,True,medium
1516,"Aku merasa kesepian banget, padahal banyak orang di sekitarku.",sepi padahal sepi jumlah koneksi nyaman bukan basa basi obrol tulus lanjut ngerasa,-1,14,0.6872624,True,medium
1517,"Aku pengen jadi orang yang gampang dimintain tolong, tapi takut dimanfaatin.",gampang dimintain takut dimanfaatin helpful keren jaga diri terima minta sesuai kapasitas ngerasa dimanfaatin sopan jangan payah,-1,0,0.72836035,True,medium
1519,"Aku suka ngeluh ke orang lain, tapi takut dikira lelet. Gimana caranya berhenti?",ngeluh takut lelet henti ngeluh emang lega jaga jarak keluh jurnal solusi kecil pilih tepat imbangin positif obrol asyik,-1,0,0.75082266,True,high
1520,"Aku ngerasa hubunganku sama temen cuma soal untung rugi, ini salah nggak sih?",ngerasa temen untung rugi salah untung rugi capek salah nyaman sifat bukan tulus hati senang,-1,0,0.8816366,True,high
1522,"Aku selalu pengen diakui orang lain, ini normal nggak?",manusiawi lelah bangga diri sendiri selesain tugas kecil diri sendiri tenang ketimbang nunggu,-1,0,0.7365358,True,medium
1524,"Aku ngerasa nggak punya temen yang bener-bener ngerti aku, apa yang salah?",ngerasa temen salah bukan salah vibe tempat sesuai situ gampang klik diri temen udah siapa tahu kenal,-1,18,0.69231844,True,medium
1527,"Aku pengen punya hubungan yang tulus sama orang lain, tapi kok susah?",tulus susah tulus butuh sifat bukan obrol kecil jujur jangan takut diri klik cocok alam,-1,33,0.7509886,True,high
1531,Aku ngerasa hidupku nggak pernah sesuai rencana. Apa aku salah merencanakan?,ngerasa hidup sesuai rencana salah rencana hidup emang sesuai rencana arti salah justru duga hidup arti rencana fleksibel kontrol nikmat proses terlalu ngotot,-1,17,0.72727907,True,medium
1536,"Aku bingung, harus deket atau jauh dari orang yang bikin aku nggak nyaman?",deket jauh nyaman dengerin nyaman jarak perlu maksa deket hati sreg kata diri sendiri layak tenang dukung,-1,-1,0.64778304,False,rejected
1537,Aku ngerasa hidupku stuck gara-gara rencana nggak jalan. Apa yang salah?,ngerasa hidup stuck gara gara rencana jalan salah salah hidup emang penuh kejut rencana jalan mulus laku kecil duga justru bawa tempat,-1,17,0.8112327,True,high
1540,Aku ngerasa nggak punya kendali atas hidupku. Apa yang bisa aku lakuin?,ngerasa kendali hidup lakuin berat kecil kendali respons perlu buru buru ubah pelan pelan ngerasa kuasa hidup,-1,17,0.74953353,True,medium
1541,"Aku pengen semua orang ngerti aku, tapi kok susah banget?",susah paham posisi percaya dengerin cukup paham udah hati ringan,-1,0,0.755342,True,high
1544,"Aku pengen hidup tenang, tapi kok susah banget?",hidup tenang susah hidup tenang emang gampang tekan kecil ngurangin overthinking diri sendiri perlu buru buru pelan pelan lepas hati berat,-1,9,0.7974991,True,high
1553,Aku suka ngerasa kesel sama diri sendiri kalo gagal. Gimana biar nggak gitu?,ngerasa kesel diri sendiri kalo gagal kesel diri sendiri jangan terlalu gagal proses kuat gagal akhir udah maju,-1,0,0.8206649,True,high
1554,"Aku ngerasa hidupku nggak ada progress, kayak jalan di tempat. Aku harus apa?",ngerasa hidup progress jalan tempat stuck belakang udah capai kecil lupa harga kecil kecil maju dukung,-1,17,0.84420604,True,high
1555,Aku ngerasa hidupku cuma buat ngurus masalah orang lain. Aku harus tetep lanjut nggak?,ngerasa hidup ngurus lanjut capek peduli bagus perlu jaga diri sendiri lakuin bahagia santai lakuin diri sendiri,-1,0,0.7221834,True,medium
1559,"Aku ngerasa hidup orang lain lebih enak, aku aja yang selalu susah. Gimana biar nggak iri?",ngerasa hidup enak susah berat percaya enak sendiri kecil syukur hidup positif lama lama ringan,-1,33,0.7831466,True,high
1560,"Aku sering inget kenangan buruk, bikin sedih terus. Gimana caranya move on?",inget kenang sedih terus move kenang emang stuck sibuk diri olahraga hapus kenang terlalu dominasi pelan pelan sabar diri sendiri,-1,0,0.7109115,True,medium
1564,"Aku pengen ubah hidupku biar nggak gini-gini aja, tapi bingung mulai dari mana.",ubah hidup ubah kecil pilih ubah pagi skill rencana sederhana lakuin konsistensi kunci jangan buru buru nikmat proses,-1,28,0.70538765,True,medium
1565,"Aku suka bandingin hidupku sama orang di medsos, bikin down. Gimana biar berhenti?",bandingin hidup medsos down henti medsos lupa highlight hidup rangin scrolling aktivitas happy masak jalan jalan hidup sendiri diri kecil,-1,18,0.66947156,True,medium
1567,"Aku pengen hapus masa lalu, tapi susah banget. Apa yang salah sama aku?",hapus masa susah salah salah masa emang hapus kenang terlalu berat bahagia temen lama lama masa bukan beban,-1,0,0.79077995,True,high
1569,"Aku kadang mikir buat nyerah aja, hidup kok susah banget. Apa yang bisa aku lakukan?",mikir nyerah hidup susah laku denger berat gampang kecil hidup denger favorit makan makan terlalu berat minta temen profesional sendiri,-1,0,0.70933104,True,medium
1572,Aku merasa nggak normal karena sering sedih. Apa ini cuma karena otakku bermasalah?,sedih otak sedih arti otak biologis otak atur emosi sedih muncul situasi hidup hilang stres penting sedih dengerin,-1,0,0.69801253,True,medium
1574,"Emilia, apa hubungan stres sama gangguan mental dari sisi biologis?",stres ganggu mental sisi biologis stres pengaruh tubuh biologis tingkat hormon kortisol ganggu fungsi otak masuk atur emosi stres kronis risiko ganggu mental rentan genetik stres pikirin ngatasinnya bareng,-1,-1,0.58220446,False,rejected
1575,Aku merasa nggak ada gunanya hidup. Apa ini cuma masalah kimia di otakku?,hidup otak sedih denger otak ketidakseimbangan neurotransmiter peran situasi hidup tekan sepi pengaruh penting profesional bicara dukung,-1,7,0.7334832,True,medium
1580,"Emilia, aku kadang ngerasa kaya dua orang dalam satu tubuh. Itu normal nggak?",ngerasa kaya tubuh muncul stres berat trauma pengaruh otak kerja bicara profesional serius ngerasa,-1,26,0.71352917,True,medium
1581,"Aku suka nunda-nunda, Emilia. Itu ada hubungannya sama otakku nggak?",nunda nunda otak biologis tunda kait otak atur motivasi respons hadap stres tekan kurang struktur pengaruh nunda pikirin solusi bareng,-1,7,0.7441009,True,medium
1587,Aku merasa hidupku nggak ada artinya. Apa yang salah sama aku?,hidup arti salah berat dengerin psikologi hidup arti muncul putus tuju makna pribadi bukan arti salah hidup makna kecil senang situ,-1,11,0.81972736,True,high
1588,Aku suka ngelupain hal-hal kecil. Apa ini tanda aku punya masalah mental?,ngelupain kecil mental lupain kecil stres psikologi mental penuh khawatir kecil lewat hidup atur,-1,0,0.81715524,True,high
1589,Aku ngerasa orang-orang di sekitarku nggak ngertiin aku. Apa yang bisa aku lakuin?,ngerasa ngertiin lakuin erti sepi psikologi pandang unik butuh komunikasi percaya rasain turut susun kata kata,-1,1,0.75056565,True,high
1592,Aku merasa hidupku nggak bisa dikontrol. Apa yang salah sama hidupku?,hidup kontrol salah hidup ngontrol hidup berat psikologi muncul luar kendali situasi emosi bukan arti hidup salah pola bareng ngerasa ngontrol dengar sudut pandang,-1,0,0.79224885,True,high
1596,Aku ngerasa nggak punya temen yang bener-bener ngertiin aku. Apa yang salah sama aku?,ngerasa temen ngertiin salah ngerasa temen ngertiin sedih bukan arti salah psikologi butuh nemuin frekuensi gabung sesuai temen,-1,0,0.8447039,True,high
1601,Aku merasa hidupku nggak ada artinya. Apa yang salah sama aku?,hidup arti salah waduh kosong salah muncul sedang hadap tekan kendali hidup tahu begini kecil laku makna,-1,0,0.7595409,True,high
1602,"Emilia, aku pernah dibilang gila sama temen. Apa bener aku gila?",gila temen gila aduh sakit hati sembarang ngomong mikir dampak ganggu bukan arti gila sedang juang tahu sendiri nilai,-1,0,0.70295626,True,medium
1606,"Emilia, aku suka menyendiri, tapi orang bilang itu nggak normal. Apa bener?",sendiri salah sendiri nyaman butuh sosial sendiri isolasi sedih pikirin imbang sendiri bareng sendiri tahu,-1,0,0.75278723,True,high
1609,"Kenapa ya aku merasa kesepian banget, padahal aku tinggal di kota besar yang ramai?",sepi padahal tinggal kota ramai sepi berapa berapa kuat kota susah ikat serba cepat kecil klub buku grup olahraga acara lokal,-1,-1,0.5748662,False,rejected
1611,"Aku merasa hidupku nggak teratur, kayak nggak ada aturan apa-apa. Ini kenapa ya?",hidup atur atur keren hidup atur muncul hidup ubah cepat pindah kerja hilang hilang pegang kecil tidur atur daftar tugas atur,-1,17,0.80165017,True,high
1615,Aku pengen kabur aja dari hidupku sekarang. Apa ini normal?,kabur hidup kabur tekan butuh hidup berat kabur selesain dengerin kabur hidup ringan,-1,30,0.69514143,True,medium
1616,Aku ngerasa nggak punya apa-apa dibandingkan temen-temenku. Ini kenapa ya?,ngerasa banding temen temenku banding emang ngerasa kurang jalan sendiri sukses luar bahagia bangga diri kecil bangga diri sendiri,-1,33,0.7651309,True,high
1617,Aku ngerasa nggak punya kontrol atas hidupku. Gimana caranya biar aku ngerasa lebih kuat?,ngerasa kontrol hidup ngerasa kuat ngerasa kontrol berat kendali kecil atur jadwal pilih giat happy kecil kontrol pikirin,-1,0,0.70211756,True,medium
1618,Aku suka ngelakuin hal berbahaya biar ngerasa hidup. Apa ini salah?,ngelakuin bahaya ngerasa hidup salah ngerasa hidup ngelakuin bahaya luka ngerasa excited olahraga tantang ngerasa semangat bahaya,-1,0,0.78015506,True,high
1619,Aku ngerasa dunia ini nggak adil buatku. Kenapa aku selalu dapet yang buruk?,ngerasa adil dapet adil hidup berat ketidakadilan datang luar kendali sendiri ngerasa hidup,-1,-1,0.56054103,False,rejected
1620,Aku ngerasa nggak bisa ngomong sama orang lain soal masalahku. Apa aku harus simpan sendiri aja?,ngerasa ngomong simpan sendiri simpan sendiri simpan beban tambah berat tahu ngomongin gampang percaya bahkan profesional ngerasa nyaman siapa,-1,0,0.7513482,True,high
1625,Aku nggak bisa berhenti khawatir tentang masa depan. Apa yang harus aku lakukan?,henti khawatir masa depan laku khawatir capek salah kendali kecil dukung tuju teknik relaksasi tenang khawatir begini,-1,34,0.72685313,True,medium
1626,Aku merasa masyarakat nggak nerima aku apa adanya. Aku harus berubah nggak sih?,masyarakat nerima ubah tahu terima sakit ubah terima sehat mental masuk nyaman identitas sendiri harga tempat diri sendiri,-1,0,0.73242396,True,medium
1627,"Aku pengen selalu senang, tapi kok susah banget. Apa aku salah?",senang susah salah salah senang terus terus realistis emosi datang pergi penting hidup puas hidup tahu hidup obrol temen senyum,-1,0,0.8088317,True,high
1628,Aku nggak ngerti kenapa orang-orang di sekitarku nggak peduli sama perasaanku.,peduli tahu frustrasi sehat mental komunikasi jujur percaya turut dengar,-1,0,0.6524235,True,medium
1629,Aku merasa hidupku nggak berguna buat orang lain. Apa yang bisa aku lakukan?,hidup laku dengar arti berat padahal udah ubah kecil laku senyum temen giat sosial giat penting sehat mental kecil,-1,14,0.73383594,True,medium
1631,"Aku merasa dunia ini nggak adil, kenapa aku yang selalu susah?",adil susah tahu adil sakit hati hidup berat sendiri hadap ubah dukung laku kuat harap kecil,-1,33,0.7503696,True,high
1633,Aku kadang merasa nggak layak hidup. Apa yang bisa aku lakukan biar nggak gitu lagi?,layak hidup laku sedih dengar sendiri berat harga sulit dukung dekat profesional butuh percaya,-1,32,0.7284046,True,medium
1636,"Aku pindahan dari desa ke kota, kok malah sering panik. Apa ini karena aku nggak cocok di kota?",pindah desa kota malah panik cocok kota ubah pindah desa kota cemas ritme imigran pindah stres adaptasi bukan arti cocok butuh panik nyaman,-1,-1,0.6254768,False,rejected
1638,Aku ngerasa hidupku nggak ada artinya setelah pindah ke luar negeri. Gimana caranya biar semangat lagi?,ngerasa hidup arti pindah luar negeri semangat pindah luar negeri tantang ngerasa hilang arah imigran ngalamin stres ubah koneksi semangat pikirin kecil,-1,17,0.6816886,True,medium
1640,Aku ngerasa hidupku nggak ada harapan setelah dipecat. Gimana caranya biar nggak gini terus?,ngerasa hidup harap pecat terus pecat berat ngerasa down hidup picu stres berat kecil dukung temen ngerasa harap dengerin pikirin bareng,-1,0,0.8040652,True,high
1646,"Aku merasa lingkunganku toxic, tapi nggak bisa pindah. Apa yang bisa aku lakuin?",toxic pindah lakuin toxic berat langsung pergi batas rangin interaksi stres diri sendiri recharge toxic pikirin solusi bareng,-1,-1,0.62590563,False,rejected
1654,"Aku pengen kerja, tapi gangguan mentalku bikin susah. Ada cara buat tetep bisa produktif?",kerja ganggu mental susah produktif keren tetap produktif program kerja rancang ganggu mental kerja koperasi kecil kerja fleksibel tahu supported employment daerah jenis kerja bayangin diri sendiri,-1,16,0.6943157,True,medium
1659,Aku ngerasa nggak punya temen yang bener-bener peduli. Apa aku terlalu lelet buat nyambung sama orang?,ngerasa temen peduli terlalu lelet nyambung berat ngerasa sendiri arti lelet nyambung stres hidup susah diri dukung sosial penting sehat mental pikirin deketin,-1,0,0.78130263,True,high
1660,Aku ngerasa rendah diri karena gaji kecil. Apa ini cuma aku yang ngerasa gini?,ngerasa rendah diri gaji kecil ngerasa sendiri hasil rendah ngerasa stres kronis rendah diri bukan cermin nilai ngerasa rendah dengerin pikirin ningkatin percaya diri,-1,0,0.71001834,True,medium
1662,Aku ngerasa hidupku nggak ada harapan setelah cerai. Gimana caranya biar nggak gini?,ngerasa hidup harap cerai cerai ubah ngerasa down cerai stres berat awal temuin dukung ngerasa harap pikirin kecil bangkit,-1,30,0.8028524,True,high
1663,Aku ngerasa orang-orang ngejek aku karena aku dari kampung. Apa aku harus berubah?,ngerasa ngejek kampung ubah enak ngerasa ejek perlu ubah diskriminasi stres asal usul kuat ngerasa ejek pikirin hadapin situasi,-1,0,0.7572907,True,high
1671,"Aku merasa cemas terus, apa itu artinya aku distress?",cemas terus arti distress cemas terus distress tekan stres nyaman emosional cemas sedih tekan distress hadap cemas dengerin,-1,26,0.69410515,True,medium
1672,"Hidupku kayak penuh drama, apa itu cuma tekanan biasa?",hidup penuh drama tekan hidup penuh drama hidup tekan tekan datang tengkar langsung lama drama capek tekan kronis salah drama,-1,17,0.67414415,True,medium
1675,"Aku merasa hidupku nggak adil, kayak semua pintu tertutup. Ini apa ya?",hidup adil pintu tutup adil tekan sebut kendala struktural sempat pilih hidup berat frustrasi pintu tutup pikirin kecil pintu,-1,0,0.755705,True,high
1679,"Aku nggak tahu kenapa, tapi aku merasa capek banget sama hidup.",tahu capek hidup dengar berat capek datang tekan tumpuk beban kerja salah penting tahu capek lelah,-1,2,0.7296004,True,medium
1686,"Aku pengen hidupku sempurna, tapi malah stres. Salah nggak sih?",hidup sempurna malah stres salah salah harap hidup sempurna tekan sendiri cukup tekan kronis sempurna santai,-1,0,0.66637313,True,medium
1707,"Aku ngerasa hidupku nggak adil, banyak banget tekanan. Apa semua orang juga gitu?",ngerasa hidup adil tekan emang berat tekan datang tubi tubi ngalamin tekan tantang masing masing penting hadap tekan hidup adil dengerin,-1,11,0.65723735,True,medium
1708,"Emilia, aku pernah ngalamin diskriminasi, dan itu bikin aku stres banget. Apa yang harus aku lakuin?",ngalamin diskriminasi stres lakuin sedih denger ngalamin diskriminasi stressor berat harga penting suportif bicara percaya nyaman pikirin lanjut,-1,0,0.76888275,True,high
1711,"Emilia, aku suka ngerasa bersalah kalau minta bantuan orang. Apa itu normal?",ngerasa salah minta ngerasa takut minta repot minta salah malah kuat dukung sosial penting ngerasa salah nyaman minta,-1,0,0.8164578,True,high
1712,"Emilia, aku ngerasa nggak bisa ngatasin semua masalahku. Apa aku lemah?",ngerasa ngatasin lemah lemah kewalahan hadap tekan bukan arti mampu batas pilah tangan paling stres pikirin,-1,0,0.8305677,True,high
1713,Aku susah percaya orang lain bakal bantu aku kalau aku lagi susah. Apa itu wajar?,susah percaya susah susah percaya kecewa pengaruh alam masa siap sempat ragu ngobrolin takut,-1,6,0.7600106,True,high
1715,"Aku stres banget sama kerjaan, apa dukungan dari temen bisa bantu?",stres kerja dukung temen dukung temen sekadar didengerin stres kerja ringan nama efek buffering dukung ngatasin tekan temen pikirin ngurangin stres,-1,0,0.7247668,True,medium
1718,Aku suka ngerasa ga ada yang bakal bantu aku kalau aku lagi susah. Apa itu cuma perasaan?,ngerasa susah nyata datang alam diri sendiri peduli notice momen kecil ngerasa dukung,-1,17,0.81147563,True,high
1724,"Aku sering ngerasa kerjaanku ga dihargai, bikin down. Apa itu ngaruh kesehatan mental?",ngerasa kerja harga down ngaruh sehat mental ngerasa kerja harga stres ngaruh sehat mental butuh ngerasa harga stressor tempat kerja ngatasin temen,-1,0,0.6984787,True,medium
1732,"Aku pengen kerja yang bikin aku merasa berarti, tapi kok susah banget nemuinnya?",kerja arti susah nemuinnya kerja arti gampang nilai penting hidup kreasi situ bidang sesuai volunteering kerja excited,-1,15,0.71057427,True,medium
1733,Kenapa sih aku merasa bersalah kalau nggak produktif di kerja?,salah produktif kerja tekan kerja manusia bukan mesin butuh istirahat diri izin santai salah atur khusus salah ekspektasi kerja realistis,-1,28,0.65857536,True,medium
1745,"Emilia, apa bener kalau aku stress karena miskin, aku pasti bakal gila?",stress miskin gila asumsi ekstrem stres ekonomi ningkatin risiko ganggu mental arti gila hadap tekan rupa tetap kuat sendiri teman dekat rileks stres dengerin ngatasinnya,-1,0,0.7202567,True,medium
1746,"Emilia, aku suka nyakitin diri sendiri kalau stress. Apa ini gara-gara aku miskin?",nyakitin diri sendiri stress gara gara miskin sedih dengar nyakitin diri sendiri nyakitin diri sendiri langsung gara gara miskin tekan hidup miskin stres berat picu perilaku sehat layak saranin psikolog percaya stres dengerin,-1,0,0.7758561,True,high
1747,"Emilia, aku nggak punya pekerjaan tetap, dan aku merasa gagal. Apa ini karena aku punya masalah mental?",kerja tetap gagal mental paham gagal berat mental sulit stabil kerja arti gagal faktor main kondisi ekonomi kurang dukung kecil nyari gratis konselor karir ahli modal,-1,-1,0.62162316,False,rejected
1748,Aku merasa nggak layak hidup karena aku nggak punya apa-apa. Apa aku salah mikir gitu?,layak hidup salah mikir sedih dengar salah nilai manusia ditentuin harta struggle nilai tahan saranin percaya profesional sisi positif layak,-1,0,0.7149557,True,medium
1749,Kenapa ya aku merasa lebih gampang stres dibandingkan temen-temenku yang hidupnya lebih stabil?,gampang stres banding temen temenku hidup stabil tekan hidup uang sulit stres berat bukan arti lemah pengaruh kecil kurang stres percaya kecil rileks,-1,0,0.7414226,True,medium
1751,Aku kadang merasa gangguan mentalku bikin aku susah dapat kerja. Ini beneran gitu nggak sih?,ganggu mental susah kerja beneran dengar khawatir ganggu mental depresi cemas tantang kerja berat bukan arti mampu kecil dukung konselor atur strategi,-1,0,0.7228085,True,medium
1754,Aku kadang ngerasa dunia nggak adil karena aku selalu di posisi bawah. Apa aku salah mikir gitu?,ngerasa adil posisi bawah salah mikir salah adil terus terus posisi sulit kuat temuin tuju kecil koneksi harap kecil,-1,17,0.68687916,True,medium
1757,Aku kadang pengen nyerah karena hidupku penuh tekanan. Apa aku lemah?,nyerah hidup penuh tekan lemah lemah justru kuat tahan tengah tekan nyerah sendiri kuat temen istirahat jenak bangkit,-1,0,0.78884214,True,high
1763,"Aku nggak suka ngomongin perasaanku, apa ini bikin aku lebih stres?",ngomongin stres ngomongin nyimpen emosi stres nambah tempat curhat cenderung rentan depresi nyaman,-1,0,0.7265731,True,medium
1764,Aku merasa orang-orang ngejek aku karena aku orang miskin. Apa aku harus lawan mereka?,ngejek miskin lawan betapa sakit laku lawan langsung solusi situasi tambah panas diskriminasi stres berat pikirin ningkatin percaya diri dukung peduli lanjut,-1,0,0.71758413,True,medium
1767,Kenapa ya aku merasa lebih cemas kalau harus bicara di depan orang banyak?,cemas bicara depan situasi sosial evaluasi bicara depan umum picu cemas cemas terlalu ganggu tekan ekspektasi sosial tampil kurang cemas,-1,14,0.66628736,True,medium
1768,"Aku merasa hidupku nggak ada artinya, apa yang salah sama aku?",hidup arti salah berat hidup kurang beri tuju makna tekan sukses dukung cukup kosong bukan arti salah kecil arti dekat,-1,0,0.76020336,True,high
1769,Kenapa aku merasa lebih buruk kalau bandingin hidupku sama orang lain?,bandingin hidup banding diri kurang hidup penuh tekan sukses lupa nilai diri sendiri syukur hasil kecil perlu banding bandingin,-1,33,0.7574822,True,high
1770,"Aku sering merasa sendiri, padahal punya temen. Ini kenapa ya?",sendiri padahal temen sepi jumlah temen berapa dekat ikat kuat dukung sepi obrol salah temenmu pikirin koneksi makna,-1,18,0.6960894,True,medium
1776,"Aku nggak punya tujuan hidup, apa aku gagal?",tuju hidup gagal tuju hidup arti gagal tekan sosial sulit nemuin arah eksplorasi penasaran brainstorming lakuin,-1,17,0.70255935,True,medium
1777,"Aku sering merasa cemas tanpa alasan yang jelas, kenapa ya?",cemas alas jelas cemas datang kait tekan pola terlalu negatif detail cemas tahu picu bareng,-1,-1,0.55347776,False,rejected
1778,"Aku merasa hidupku nggak ada harapan, apa yang bisa aku lakuin?",hidup harap lakuin dengar sedang berat hopelessness muncul tekan kerja sosial kecil syukur berat percaya profesional,-1,0,0.76159644,True,high
1786,"Aku nggak suka lihat orang lain senang, apa aku orang jahat?",senang jahat jahat kurang harga stres kesal senang tahu bareng,-1,0,0.7465935,True,medium
1792,Aku ngerasa orang-orang ngejauhin aku karena aku orang kulit hitam. Ini bikin aku stres banget.,ngerasa ngejauhin kulit hitam stres sedih dengerin rasisme diskriminasi stres berat pengaruh sehat mental salah pikirin ngatasin tekan bareng,-1,-1,0.595916,False,rejected
1795,"Aku merasa orang-orang di sekitarku nggak ngerti apa yang aku alami, Emilia. Aku kesepian.",alami sepi sepi berat paham dengerin percaya gabung koneksi kecil ubah laku,-1,14,0.6882322,True,medium
1798,"Aku merasa hidupku nggak ada artinya, Emilia. Apa yang salah denganku?",hidup arti salah sedih denger muncul lelah hilang arah arti salah kecil hidup terus langsung bicara profesional excited,-1,0,0.78949237,True,high
1800,"Aku merasa orang-orang selalu ngejek aku karena latar belakangku, Emilia. Aku capek.",ngejek latar belakang capek sakit hati lelah ngejek paham prasangka sendiri definisi nilai dukung batas interaksi nyaman dengerin kuat hadap,-1,0,0.71136343,True,medium
1801,"Emilia, aku merasa cemas setiap kali harus ketemu orang baru. Gimana cara ngatasinya?",cemas ngatasinya cemas situasi asing siap beberapa topik ringan masuk situasi interaksi kecil senyum sapa cemas susah konselor situasi paling cemas,-1,14,0.660377,True,medium
1804,"Aku merasa nggak punya siapa-siapa, Emilia. Aku cuma pengen punya temen.",siapa siapa temen tahu sepi berat sendiri nemenin aktivitas klub buku olahraga sapa senyum pintu teman,-1,14,0.66128916,True,medium
1808,Kenapa ya aku merasa nggak berharga kadang-kadang?,harga harga berat tekan ekspektasi tinggi kecil bangga diri hasil laku dengerin,-1,33,0.6983514,True,medium
1809,Aku sering merasa cemas kalau ketemu orang baru. Normal nggak sih?,cemas cemas situasi pelan pelan siap topik ringan susah pikirin bareng,-1,28,0.74437577,True,medium
1810,Aku sering merasa kesepian meskipun banyak orang di sekitarku. Kenapa ya?,sepi sepi jumlah koneksi percaya temen siap dengerin,-1,0,0.65662885,True,medium
1814,"Aku pernah ngalamin diskriminasi, dan itu bikin aku nggak percaya diri. Gimana cara ngatasinnya?",ngalamin diskriminasi percaya diri ngatasinnya ngalamin diskriminasi berat ngefek percaya diri salah harga suportif dekat,-1,0,0.6583366,True,medium
1815,Aku pengen lari aja dari semua masalahku. Apa itu ide yang bagus?,lari bagus lari kabur numpuk hadap paling kecil lari dengerin pikirin solusi bareng,-1,28,0.65844905,True,medium
1816,Aku ngerasa hidupku nggak ada artinya. Apa yang bisa aku lakukan?,ngerasa hidup arti laku berat makna hidup muncul kecil nikmatin excited situ nemenin,-1,30,0.7601553,True,high
1818,Aku ngerasa nggak punya siapa-siapa buat cerita. Apa yang harus aku lakukan?,ngerasa siapa siapa laku sedih sendiri udah percaya gabung dengerin kapan,-1,18,0.7010155,True,medium
1823,Aku takut kehilangan pekerjaan kalau aku ambil cuti karena sakit. Apa yang harus aku lakukan?,takut hilang kerja cuti sakit laku khawatir kerja sumber hasil utama sehat penting bijak usaha cuti sakit bicara solusi kerja jarak jauh butuh rangkai kata kata,-1,0,0.6837786,True,medium
1849,"Aku ngerasa lingkunganku toxic, apa itu bisa bikin aku depresi?",ngerasa toxic depresi toxic penuh tekan dukung pengaruh sehat mental salah faktor risiko depresi down penting lindung diri tempat nyaman toxic dengerin,-1,23,0.7115374,True,medium
1850,"Aku nggak suka ngomongin perasaanku, apa itu bikin aku susah sembuh dari depresi?",ngomongin susah sembuh depresi ngomongin simpan sendiri tambah berat percaya bahkan ringanin beban langsung kecil nyaman ngomongin dengerin,-1,0,0.7534171,True,high
1852,Aku pengen kabur aja dari hidupku sekarang. Apa itu solusi yang bagus?,kabur hidup solusi bagus lari kabur solusi tahu kabur pikirin kecil ngatasinnya lari pikirin bareng,-1,17,0.7313297,True,medium
1854,"Aku kadang merasa nggak ada harapan, kayak hidupku nggak akan berubah. Ini kenapa ya?",harap hidup ubah harap muncul tekan berat arti salah berat tekan sosial kecil temen terus bicara profesional,-1,18,0.70357174,True,medium
1863,Kenapa aku sering merasa cemas tanpa alasan yang jelas? Ini normal nggak sih?,cemas alas jelas cemas alas jelas tekan bahkan pola hidup imbang arti aneh tenang,-1,0,0.72123367,True,medium
1866,Aku kadang merasa nggak punya kendali atas hidupku. Gimana caranya biar aku nggak gampang down?,kendali hidup gampang down kendali lelah kecil kendali diri sendiri stuck pikirin solusi bareng kecil,-1,17,0.7384771,True,medium
1869,"Aku sering ngerasa kesepian, padahal aku punya temen. Ini kenapa ya?",ngerasa sepi padahal temen sepi temen emosional salah temen percaya rasain aktivitas,-1,0,0.8639207,True,high
1872,Aku merasa hidupku nggak akan pernah membaik. Apa gunanya aku berusaha?,hidup usaha tahu berat stuck walaupun suram ubah kecil iring kecil laku harap kecil,-1,17,0.8436589,True,high
1877,Aku merasa hidupku nggak ada tujuan. Gimana caranya biar aku punya semangat lagi?,hidup tuju semangat hidup tuju lelah udah lang kecil hidup excited bangkitin semangat,-1,11,0.82527626,True,high
1881,"Aku merasa hidupku nggak bahagia, apa aku punya gangguan mental?",hidup bahagia ganggu mental bahagia alami siapa arti ganggu mental tekan hidup kerja ngerasa tahu semangat kecil,-1,0,0.81408453,True,high
1886,"Emilia, apa sih bedanya gangguan mental sama stres biasa?",ganggu mental stres bagus stres reaksi hadap tekan hidup deadline konflik ganggu mental intens langsung lama ganggu fungsi depresi cemas ngerasa alami bedain bareng,-1,0,0.6628963,True,medium
1887,"Aku merasa hidupku nggak ada artinya, apalagi kalau lihat orang lain yang sukses. Apa yang salah sama aku?",hidup arti sukses salah banding diri kecil jalan sendiri nilai capai arti kecil,-1,11,0.75824416,True,high
1888,Aku pengen punya banyak uang biar hidupku nggak susah. Emang bener nggak sih uang bisa bikin bahagia?,uang hidup susah emang uang bahagia uang kurang stres butuh makan sehat bahagia situ tuju pengaruh hidup bahagia uang,-1,-1,0.6020063,False,rejected
1891,"Orang tuaku bercerai waktu aku kecil, dan sekarang aku susah percaya sama orang. Apa ini normal?",cerai kecil susah percaya alam sulit percaya pisah ninggalin luka pengaruh dewasa sendiri perlahan hati susah percaya dengerin,-1,0,0.65630716,True,medium
1894,Aku merasa orang-orang cuma manfaatin aku. Gimana caranya biar aku nggak gampang percaya?,manfaatin gampang percaya percaya muncul sakit penting jaga batas nutup diri total situasi manfaat curiga,-1,0,0.7986219,True,high
1899,"Aku pengen hidupku lebih teratur, tapi entah kenapa selalu berantakan. Ada saran nggak?",hidup atur entah beranta saran hidup atur emang tantang simpel daftar selesain jangan terlalu target kewalahan kecil,-1,17,0.7219595,True,medium
1900,Aku ngerasa orang-orang di sekitarku nggak bisa dipercaya. Apa aku harus cuek aja sama mereka?,ngerasa percaya cuek percaya capek cuek total malah sepi tulus pelan pelan susah pikirin ngecek datang alam,-1,9,0.73236954,True,medium
1901,Aku takut banget kalau nanti tua aku nggak bahagia. Gimana caranya aku siapin diri dari sekarang?,takut bahagia siapin diri khawatir masa depan nyiapin diri hidup imbang jaga sehat nabung kuat dekat turut tenang masa depan,-1,34,0.807951,True,high
1902,Aku merasa nggak punya tujuan hidup. Setiap hari kayak cuma lewat aja. Apa yang salah sama aku?,tuju hidup lewat salah penasaran neng walaupun kecil excited sebentar,-1,17,0.75249255,True,high
1903,"Aku ngerasa hidupku nggak adil, kayak semua hal buruk selalu datang ke aku. Gimana aku ngatasin perasaan ini?",ngerasa hidup adil datang ngatasin adil down sisi kecil hidup jalan sederhana positif terus percaya ringanin curhat,-1,33,0.7116598,True,medium
1904,"Aku pengen kabur aja dari semua ini, hidupku terlalu berat. Apa salah kalau aku menyerah?",kabur hidup terlalu berat salah serah denger tekan gampang serah jalan keluar khawatir malah susah kecil ringanin beban berat,-1,0,0.7890959,True,high
1905,"Aku ngerasa dunia ini nggak aman lagi, apalagi setelah denger soal terorisme. Gimana aku bisa tenang?",ngerasa denger terorisme tenang emang takut berita tempat nyaman tenang susah teknik relaksasi bareng,-1,-1,0.6243573,False,rejected
1910,"Aku merasa gampang marah akhir-akhir ini, apa ini karena aku stres gara-gara berita terorisme?",gampang marah akhir akhir stres gara gara berita terorisme stres berita takut terorisme mudah marah gelisah tubuh reaksi ancam perhati kapan marah picu bareng ngelola emosi olahraga ringan meditasi,-1,10,0.6819956,True,medium
1913,Aku pengen kabur dari kenyataan ini. Apa itu wajar?,kabur nyata kabur berat lari nyata hadap pelan pelan bareng ngelakuin kendali beres beres rencana kecil,-1,-1,0.649982,False,rejected
1914,"Aku merasa nggak berguna karena cuma bisa takut, nggak ngapa-ngapain.",takut paham stuck takut manusia emosi kecil daftar syukur sederhana daya bareng,-1,33,0.8151331,True,high
1918,Aku ngerasa temen-temen menjauh setelah aku cerita soal masalahku. Apa salah aku?,ngerasa temen temen jauh salah salah tahu respons berat jauh bukan nyaman dengerin,-1,18,0.7748743,True,high
1920,Aku ngerasa nggak ada yang peduli sama aku setelah kejadian buruk di hidupku. Apa yang salah?,ngerasa peduli hidup salah paham sendiri bukan arti peduli tahu dukung takut salah ngomong percaya butuhin didengerin,-1,0,0.8077578,True,high
1922,Aku ngerasa hidupku nggak akan pernah normal lagi setelah kejadian buruk. Apa aku salah?,ngerasa hidup salah salah ubah arti bukan balik kecil senang kecil tuju,-1,17,0.8180492,True,high
1923,"Aku ngerasa malu cerita soal masalah mentalku ke orang lain. Harusnya aku kuat, kan?",ngerasa malu mental kuat kuat sendiri mental justru berani bukan lemah percaya bahkan perlu buru buru sendiri yakin kuat rapuh,-1,0,0.86447036,True,high
1924,"Emilia, aku ngerasa hidupku lebih buruk setelah coba positif thinking. Apa aku salah coba?",ngerasa hidup positif thinking salah salah paksa positif jujur sendiri berat terima entah sedih marah bareng hadap paksa positivitas,-1,0,0.77865434,True,high
1932,Aku merasa nggak ada harapan buat aku. Apa gunanya coba-coba perawatan?,harap awat tahu harap jauh udah kuat recovery sembuh total momen momen kecil hidup kecil bareng jalan jalan sebentar,-1,17,0.67015266,True,medium
1942,Aku takut orang tahu aku ke psikolog. Apa aku harus sembunyiin?,takut tahu psikolog sembunyiin takut tahu stigma sembunyiin pilih percaya minta konselor jaga privasi penting nyaman pilih takut tahu,-1,1,0.8164071,True,high
1943,Aku cuma pengen ngelupain masalahku. Apa itu salah?,ngelupain salah ngelupain tamu undang susah usir hadap rasain dilupain balik lari dengerin,-1,0,0.72872573,True,medium
1947,Aku ngerasa nggak normal karena sering sedih. Apa ini salah?,ngerasa sedih salah sedih salah ngerasa tekan sedih dengerin saran kecil ringanin,-1,35,0.76454544,True,high
1951,Aku kadang pengen lari aja dari semua masalahku. Apa itu wajar?,lari lari hidup berat lari nunda nunda hadap ngobrolin kecil lari dengerin,-1,-1,0.5142816,False,rejected
1952,"Aku takut kalau cerita ke terapis, nanti rahasiaku disebar. Apa itu mungkin?",takut terap rahasia sebar khawatir privasi valid hukum terap wajib jaga rahasia situasi ancam bahaya diri sendiri yakin langsung bijak privasi tips nanya khawatir,-1,-1,0.5786925,False,rejected
1953,Aku merasa hidupku nggak ada artinya. Apa layanan kesehatan mental bisa bantu?,hidup arti sehat mental sedih denger senang sehat mental utama dekat daya sejahtera sosial nemuin makna lewat dukung psikologis proses instan lanjut begini dengerin,-1,0,0.72894156,True,medium
1954,Aku nggak suka ngomong sama orang asing soal masalahku. Apa aku harus ke terapis?,ngomong asing terap ngomong asing nyaman terap siap alternatif grup dukung program dijalanin ngalamin rupa penting ruang ngatasin,-1,-1,0.5663961,False,rejected
1955,Aku merasa masyarakat cuma mau aku ‘normal’ biar nggak ganggu. Apa bener gitu?,masyarakat ganggu masyarakat pandang sempit tekan mikir nerima versi diri bukan tahu tekan,-1,-1,0.6390877,False,rejected
1961,"Emilia, apa sih gangguan mental itu sebenarnya?",ganggu mental ganggu mental kondisi jalan mesti emosi perilaku derita sulit jalan hidup sedih hidup ganggu sedih hilang ganggu fungsi ganggu sulit cemas alas jelas,-1,0,0.7802431,True,high
1963,Kenapa sih orang bisa dianggap punya gangguan cuma karena perilakunya beda dari yang lain?,anggap ganggu perilaku perilaku otomatis ganggu ganggu anggap perilaku derita tekan jalan hidup sulit kerja jaga bukan doang hidup ganggu fungsi diri,-1,0,0.72072166,True,medium
1968,"Aku suka ngelakuin hal-hal berbahaya biar merasa hidup, apa itu salah?",ngelakuin bahaya hidup salah sensasi lewat bahaya salah hidup risiko waspada kosong ngelakuin bahaya,-1,0,0.7361529,True,medium
1971,"Emilia, aku nggak bisa berhenti mikirin kematian, apa itu normal?",henti mikirin mati mikirin mati sekal situasi renung muncul terus cemas susah jalan mikirin mati,-1,17,0.7334535,True,medium
1972,"Aku suka nyanyi di tempat umum biar orang perhatikan, apa itu salah?",tempat umum perhati salah tempat umum perhati salah konteks nyaman laku terus,-1,-1,0.6431374,False,rejected
1976,Aku merasa hidupku nggak berarti karena aku nggak bisa kerja kayak orang lain. Gimana caranya biar aku nggak merasa gini?,hidup arti kerja berat nilai hidup kerja kecil kerja kerja program dukung tantang sehat mental,-1,16,0.6672969,True,medium
1979,Aku merasa hidupku nggak ada gunanya karena aku cuma nyusain orang. Ada cara nggak biar aku nggak gini?,hidup nyusain sedih dengar begini nyusain siapa nilai masuk kecil temen rawat tanam terus profesional sisi positif diri ingetin betapa harga,-1,5,0.6616417,True,medium
1984,"Aku pengen nyanyi keras-keras buat ngelupain masalahku, itu gapapa kan?",ngelupain gapapa asyik lepasin emosi lama ganggu ngelupain selesaiin akar bareng lari,-1,7,0.76752055,True,high
1985,"Aku ngerasa nggak punya siapa-siapa, apa ada cara buat nemuin orang yang peduli?",ngerasa siapa siapa nemuin peduli tahu sendiri berat kelompok dukung sehat mental ngertiin dekat obrol kecil terlalu overwhelming,-1,0,0.7368551,True,medium
1986,"Aku pengen njem duit biar lupa sama masalahku, itu ide bagus nggak?",njem duit lupa bagus nyari lari beban duit sampe bablas favorit lupa dengerin,-1,-1,0.56032276,False,rejected
1993,"Aku ngerasa nggak punya kendali atas hidupku, kayak semuanya diatur orang lain. Apa yang bisa aku lakukan?",ngerasa kendali hidup atur laku frustrasi hidup kontrol kecil kendali putus sederhana ngomong konselor nemuin kendali perlahan lahan kuasa,-1,0,0.7493564,True,medium
1996,"Emilia, aku merasa kerjaanku di pelayanan kesehatan mental makin berat karena aturan baru. Aku takut ga bisa kasih perawatan terbaik buat klienku. Gimana caranya aku tetap semangat?",kerja sehat mental makin berat atur takut awat klien tetap semangat dengar tekan ubah kecil kendali dengar klien penuh perhati catat momen momen kecil khawatir rekan kerja percaya siapa tahu saling dukung kurang stres,-1,0,0.74659294,True,medium
1998,"Emilia, aku takut kualitas perawatan buat klienku menurun karena sistem baru ini. Aku harus apa biar ga merasa bersalah terus?",takut kualitas awat klien turun salah terus paham khawatir tunjuk betapa peduli klien ingat udah usaha situasi laku beri dukung emosional tahu klien bicara,-1,13,0.72534335,True,medium
2003,"Aku takut klienku ga stabil karena waktu perawatannya dipotong, Emilia. Aku harus apa biar ga khawatir terus?",takut klien stabil awat potong khawatir terus khawatir tunjuk betapa peduli berat laku klien tahu butuh bicara tahu klien diskusi khawatir,-1,13,0.6510999,True,medium
2004,"Emilia, aku merasa bersalah karena ga bisa kasih perawatan yang klienku butuh. Aku harus gimana biar ga merasa gagal terus?",salah awat klien butuh gagal terus salah ingat kendali atur raya menang kecil klien dengar dukung percaya ngerasa sendiri ngurangin,-1,0,0.6527793,True,medium
2006,"Emilia, aku merasa klienku makin parah karena ga dapat perawatan cukup. Aku takut gagal sebagai penyedia layanan. Gimana caranya aku tetap kuat?",klien makin parah awat cukup takut gagal sedia tetap kuat paham betapa berat gagal udah usaha situasi sulit ingat momen momen kecil hasil klien bukti gagal dukung luar kerja kuat,-1,0,0.76782036,True,high
2010,"Emilia, aku merasa ga ada yang dengerin kekhawatiranku soal klien. Aku cuma disuruh ikutin aturan. Gimana caranya aku tetap sabar?",dengerin khawatir klien suruh ikutin atur tetap sabar frustrasi didengerin entah rekan kerja dengerin khawatir jurnal temen luar kerja sabar berat udah kuat jauh tenang,-1,0,0.6643679,True,medium
2011,"Aku takut klienku ga dapat bantuan yang cukup, Emilia. Aku pengen bantu lebih, tapi ga bisa. Aku harus gimana?",takut klien cukup khawatir tunjuk betapa peduli udah arti laku dukung emosional klien catat bawa solusi bareng ngomongin rekan kerja,-1,0,0.69575775,True,medium
2014,"Emilia, aku merasa ga bisa ngasih perawatan yang bener karena waktu dan sumber daya terbatas. Aku takut klienku menderita. Apa aku harus cuek aja?",ngasih awat sumber daya batas takut klien derita cuek perlu cuek peduli istimewa kreatif maksimal saran sederhana klien terus berat percaya,-1,15,0.7221478,True,medium
2015,"Emilia, aku merasa sangat lelah secara emosional di tempat kerja, kayaknya aku nggak bisa ngasih yang terbaik buat klienku. Apa yang salah sama aku?",lelah emosional tempat kerja ngasih klien salah salah kerja libat emosi ngurusin capek nama emotional exhaustion detail begini bareng ngurangin beban,-1,0,0.74421954,True,medium
2022,Aku ngerasa nggak ada gunanya tes HIV karena toh nggak ada obatnya. Buat apa capek-capek?,ngerasa obat capek capek ngerasa putus awat hidup sehat lama awal tahu butuhin jelasin lanjut awat,-1,17,0.67805856,True,medium
2026,"Emilia, aku ngerasa nggak bangga lagi sama kerjaanku. Dulu aku suka bantu orang, sekarang nggak. Aku harus apa?",ngerasa bangga kerja sedih denger bangga kerja ubah kerja ngerasa ubah balikin bangga,-1,0,0.7183691,True,medium
2027,Aku ngerasa orang lain nggak ngerti betapa susahnya hidup dengan HIV. Aku capek jelasin terus. Gimana caranya biar aku nggak gitu?,ngerasa betapa susah hidup capek jelasin terus capek jelasin terus grup situasi sana perlu jelasin info grup,-1,2,0.6796361,True,medium
2029,"Aku ngerasa hidupku nggak ada harapan gara-gara HIV. Aku cuma pengen nyerah. Emilia, tolong aku.",ngerasa hidup harap gara gara nyerah sedih denger ngerasa putus berat sendiri hidup berkat awat dukung lanjut profesional bareng,-1,0,0.7115475,True,medium
2030,Aku merasa nggak punya siapa-siapa buat cerita soal HIV-ku. Sendirian banget rasanya.,siapa siapa sendiri tahu sepi enak bicara sendiri kelompok dukung sana alami siap langsung forum tahu cocok,-1,14,0.70420295,True,medium
2031,"Aku kadang pengen nyerah aja, ngapain hidup kalau cuma menderita?",nyerah hidup derita dengar betapa berat muncul sedang tekan tahu hidup harga harap awat jauh hidup sehat bahagia detail begini profesional bareng,-1,0,0.71502125,True,medium
2040,"Aku ngerasa sendiri banget, kayak nggak ada yang peduli. Gimana caranya biar nggak gitu?",ngerasa sendiri peduli sendiri janji bareng temen eksplor,-1,0,0.75042605,True,high
2042,Aku suka ngerasa bersalah kalo nggak produktif. Apa aku harus push diri terus?,ngerasa salah kalo produktif push diri terus ngerasa salah berat produktif bagus manusia bukan robot istirahat justru kuat jadwal kecil imbang kerja istirahat bareng,-1,29,0.7039981,True,medium
2044,Aku ngerasa temenku ngejauhin aku karena aku cerita soal depresi. Apa salah aku cerita?,ngerasa temenku ngejauhin depresi salah salah sekali jujur berani temenmu ngejauhin tahu nanggapin pelan pelan suportif ngobrolnya,-1,0,0.75598735,True,high
2045,Aku ngerasa malu kalo orang tahu aku nangis tiap malam. Apa aku lemah?,ngerasa malu kalo tahu nang lemah nang lemah tubuh ngeluarin emosi sehat malu percaya nang dengerin,-1,0,0.88635504,True,high
2048,Aku merasa gak layak dapat kerjaan bagus karena aku punya riwayat gangguan jiwa. Bener gak sih pikiranku ini?,layak kerja bagus riwayat ganggu jiwa tahu muncul riwayat ganggu jiwa mampu nilai diri alam rupa sukses kerja cinta kerja inklusif bicara konselor karier percaya diri layak,-1,33,0.65346694,True,medium
2049,Aku merasa bersalah karena aku gak bisa kayak orang lain yang 'normal'. Aku salah gak sih?,salah salah salah sekali juang masing masing nama sepenuh salah ingat sedang usaha kecil bahagia,-1,-1,0.6293332,False,rejected
2056,"Aku sering mikirin kematian, apa itu normal?",mikirin mati mati muncul utama stres hilang takut gelisah tahu mikirin lanjut,-1,10,0.7184069,True,medium
2058,Aku kadang pengen nyakitin diri sendiri. Apa yang harus aku lakuin?,nyakitin diri sendiri lakuin sedih denger ngerasa neng nyakitin diri sendiri serius hadapin sendiri percaya temen keluarga profesional psikolog dengerin kapan ngerasa,-1,5,0.7988366,True,high
2059,Aku kehilangan nafsu makan. Itu tanda depresi nggak?,hilang nafsu makan depresi hilang nafsu makan salah depresi stres sehat ngerasa sedih capek susah tidur,-1,12,0.75386286,True,high
2060,Aku ngerasa dunia ini nggak ada artinya lagi. Gimana caranya biar nggak gitu?,ngerasa arti arti berat muncul hilang putus ngerasa kecil ngerasa temen aktivitas,-1,18,0.8146664,True,high
2064,Aku nggak bisa berhenti mikirin hal buruk yang mungkin terjadi. Gimana caranya berhenti?,henti mikirin henti terus terus capek cemas lakuin teknik sederhana khawatir terus pikirin solusi khawatir,-1,7,0.73989856,True,medium
2066,Aku nggak suka ngeliat diri sendiri di cermin. Apa itu wajar?,ngeliat diri sendiri cermin ngeliat diri sendiri cermin percaya diri ngerasa sedih sekal tahu ngerasa ngeliat cermin dengerin,-1,0,0.7145533,True,medium
2069,"Aku sering merasa cemas tanpa alasan yang jelas, apa yang bisa aku lakukan?",cemas alas jelas laku tahu cemas nyaman cemas datang alas jelas teknik pelan lama detik tahan detik keluar lama detik tenang percaya profesional sendiri,-1,28,0.7808918,True,high
2074,"Aku merasa kesepian, padahal banyak orang di sekitarku. Kenapa gitu?",sepi padahal sepi jumlah berat obrol kecil giat sesuai siap dengerin ngerasa,-1,30,0.7971314,True,high
2077,Aku ngerasa nggak bisa bahagia kayak orang lain. Apa aku broken?,ngerasa bahagia broken sedih denger ngerasa broken bandingin diri padahal juang sendiri kecil senyum makan makan favorit hilang yakin harga,-1,18,0.7605111,True,high
2080,"Aku ngerasa orang-orang di sekitarku ngeliatin aku terus, apa ini cuma perasaan?",ngerasa ngeliatin terus ngeliatin terus nyaman ngerasa cemas perhati ngeliatin ganggu konselor jelas,-1,0,0.7779485,True,high
2083,"Aku takut kalau gangguan mentalku ini bakal bikin aku mati lebih cepat. Apa bener gitu, Emilia?",takut ganggu mental mati cepat khawatir tunjuk ganggu mental kait risiko mati awal faktor gaya hidup kurang akses awat sehat dukung tepat jalan hidup sehat takut,-1,12,0.66328156,True,medium
2096,"Aku pengen mati aja, Emilia. Apa salah sama otakku?",mati salah otak sedih denger ngerasa juang muncul otak kurang serotonin beban emosi berat hadap sendiri profesional dekat nemenin,-1,23,0.769055,True,high
2098,Aku merasa bersalah banget karena sesuatu yang pernah aku lakukan. Rasanya aku nggak pantas punya kebahagiaan. Gimana caranya aku ngatasin perasaan ini?,salah laku pantas bahagia ngatasin paham salah berat salah bukti pantas bahagia jebak sudut pandang situasi sisi sengaja laku kontrol,-1,0,0.7540339,True,high
2099,Aku sering ngerasa apa yang terjadi di masa lalu itu salahku. Kayaknya aku selalu bikin masalah. Apa aku emang orang yang buruk?,ngerasa masa salah emang diri sendiri sempurna ngerasa luar kendali murni faktor situasi lupa timbang detail bongkar bareng,-1,0,0.7220517,True,medium
2101,Aku ngerasa nggak bisa percaya sama orang lain. Kayaknya semua orang cuma mau nyakitin aku. Aku salah nggak sih mikir gitu?,ngerasa percaya nyakitin salah mikir salah ngerasa kecewa sakit niat beneran peduli sempat kecil obrol ringan,-1,18,0.7828432,True,high
2102,Aku ngerasa hidupku nggak ada artinya karena apa yang aku lakukan di masa lalu. Aku harus gimana biar bisa move on?,ngerasa hidup arti laku masa move berat masa ngerasa beban laku beneran definisi siapa kecil makna lakuin senang,-1,11,0.73638594,True,medium
2103,"Aku suka ngerasa apa yang aku pikirin itu pasti bener. Misalnya, aku yakin aku bakal gagal. Itu normal nggak sih?",ngerasa pikirin yakin gagal ngejebak percaya bukti kuat cukup umum diri bukti gagal hasil daftar udah sukses laku kuat,-1,-1,0.5603636,False,rejected
2107,Aku ngerasa apa yang aku alamin di masa lalu itu bikin aku nggak layak dicintai. Aku salah nggak sih ngerasa gitu?,ngerasa alamin masa layak cinta salah ngerasa salah ngerasa masa lupa nilai ngerasa layak cinta hidup nunjukin peduli situ bukti harga,-1,11,0.656868,True,medium
2114,Aku merasa bersalah atas sesuatu yang terjadi di masa lalu. Aku harusnya bisa mencegahnya.,salah masa cegah salah berat bareng kuasa penuh segala padahal faktor luar kendali sudut pandang,-1,-1,0.6444686,False,rejected
2122,Aku merasa orang tua aku nggak sayang aku. Aku salah apa?,sayang salah berat perilaku pengaruh sendiri bukan salah sayang situasi sudut bareng,-1,0,0.6853777,True,medium
2123,Aku pengen lari dari semua masalahku. Apa itu solusi yang bagus?,lari solusi bagus paham kabur lari numpuk hadap paling kecil lari pikirin kecil ngatasinnya bareng,-1,28,0.6721423,True,medium
2125,Aku merasa hidupku nggak ada artinya kalau aku nggak sukses.,hidup arti sukses paham tekan sukses hidup harga sukses turut sukses temuin kecil hidup udah hidup arti,-1,11,0.7497088,True,medium
2126,Aku nggak suka ngeliat diri aku di cermin. Aku merasa jelek banget.,ngeliat diri cermin jelek sedih dengar terlalu nilai diri sendiri diri senyum bareng,-1,0,0.6573529,True,medium
2128,"Kalau aku lagi di depan orang banyak, rasanya kayak semua orang notice aku gemetar. Gimana caranya biar nggak gitu?",depan notice gemetar nyaman sensasi datang terlalu diri sendiri ngerasa judge padahal seringkali terlalu perhati detail perhati bicarain depan teknik tenangin tubuh,-1,0,0.737062,True,medium
2129,"Aku suka menghindari acara sosial, tapi kok malah bikin aku kesepian. Apa yang salah sama aku?",hindar acara sosial malah sepi salah salah hindar situasi sosial ngejaga diri cemas lama lama isolasi lingkar cemas hindar sepi kecil percaya rencanain sederhana bareng,-1,14,0.75991344,True,high
2131,Aku selalu overthinking setelah ngobrol sama orang. Kayak nyesel kenapa ngomong gitu. Normal nggak sih?,overthinking ngomong utama cemas sosial proses nama postevent processing ulang ulang situasi sosial kepala negatif cemas makin parah positif obrol ingat kemarin,-1,9,0.7396303,True,medium
2132,"Aku pengen ngatasin cemas ini, tapi takut banget kalau gagal. Mulai dari mana ya?",ngatasin cemas takut gagal pertama udah kecil terlalu cemas teknik tenangin tubuh perlu buru buru atur bareng situasi sosial paling ringan,-1,0,0.79855454,True,high
2134,"Aku coba ngobrol sama orang, tapi kok malah cemas banget. Apa aku harus terus maksa diri?",malah cemas terus maksa diri perlu maksa diri terlalu cemas makin parah dekat tahap singkat kenal nama exposure direncanain overwhelming rencana kecil minggu,-1,-1,0.49840897,False,rejected
2137,Aku takut banget orang lain notice aku cemas. Gimana biar nggak kelihatan?,takut notice cemas nyaman seringkali terlalu notice khawatir diri sendiri dibicarain lawan bicara teknik,-1,0,0.70035815,True,medium
2138,Aku selalu ngerasa gagal setelah ngobrol sama orang. Apa aku emang nggak cocok buat sosial?,ngerasa gagal emang cocok sosial gagal muncul postevent processing cenderung negatif ubah nulis positif obrol momen jalan minggu,-1,-1,0.62810683,False,rejected
2141,Aku sering merasa cemas kalau mau minta izin cuti ke bosku. Takut dia marah atau kecewa. Gimana caranya aku ngatasin ini?,cemas minta izin cuti takut marah kecewa ngatasin paham cemas bareng pertama takut marah cuti terus fakta marah cuti enggak ingetin diri sendiri cuti cemas bareng percaya diri,-1,0,0.77530146,True,high
2144,"Kalau aku cemas pas ngobrol, apa aku harus sembunyiin perasaanku biar orang nggak tahu?",cemas sembunyiin tahu perlu sembunyiin cemas manusiawi malah rasain cemas lawan tenang perhati cemas tetap lanjutin obrol notice cemas bareng ngadepin cemas,-1,0,0.82980984,True,high
2145,Aku suka ngerasa gagal kalau orang nggak respon baik pas aku ngobrol. Apa salahku?,ngerasa gagal respon salah tahu enak respons sesuai harap respons sibuk mood ubah sukses bukan respons berani hasil nanya udah menang tuju kecil,-1,0,0.7748035,True,high
2149,Aku suka ngelupain apa yang mau aku bilang pas cemas. Apa aku harus nyanyi aja biar nggak cemas?,ngelupain cemas cemas haha rileks bukan solusi cemas lupa daftar topik simpel film favorit daftar bareng siap,-1,-1,0.4892591,False,rejected
2150,"Aku ngerasa cuma aku yang cemas gini, orang lain kayaknya santai aja. Apa aku salah?",ngerasa cemas santai salah salah cemas cemas manusiawi arti salah kecil ngurangin cemas nyapa simpel rencana,-1,0,0.83486354,True,high
2155,"Aku pengen punya temen ngobrol, tapi takut orang nggak suka sama aku. Gimana caranya?",temen takut tahu takut ragu kecil nyapa ramah cuaca bukan hasil nyapa daftar topik obrol simpel,-1,-1,0.57387435,False,rejected
2156,Aku ngerasa cemas itu bikin aku nggak bisa apa-apa. Apa aku harus nyerah aja?,ngerasa cemas nyerah dengar betapa frustrasi nyerah bukan jalan cemas berat kecil nyapa nanya kecil menang rencana cemas kuasa bareng,-1,0,0.8049956,True,high
2167,"Setiap kali aku mau keluar rumah, aku harus cek kunci pintu berkali-kali. Aku takut rumahku kebakaran kalau lupa. Normal nggak sih ini?",keluar kunci pintu takut bakar lupa dengar betapa lelah perilaku ulang bukan arti cemas kuat teknik nama cegah respons kurang frekuensi perlahan stres konsultasi terap kecil sekali,-1,28,0.7214146,True,medium
2169,"Aku merasa hidupku kacau karena harus ngulang-ngulang ritual. Aku pengen berhenti, tapi takut. Gimana caranya?",hidup kacau ngulang ngulang ritual henti takut paham betapa berat jebak ritual henti takut ritual lindung cemas terapi papar cegah respons tahap kurang ritual hadap takut ritual kecil dukung ritual paling kurang,-1,-1,0.6474707,False,rejected
2170,"Aku takut kalau nggak ngelakuin ritual, sesuatu yang buruk bakal terjadi. Aku tahu ini nggak masuk akal, tapi susah berhenti. Apa yang harus aku lakukan?",takut ngelakuin ritual tahu masuk akal susah henti laku paham betapa susah lawan dorong tahu rasional ciri khas otak lakuin ritual tunda ritual sebentar kurang takut ritual paling susah lepas,-1,-1,0.6208265,False,rejected
2173,Kadang aku bayangin hal buruk terjadi kalau aku nggak ngelakuin ritual tertentu. Gimana cara ngatasinnya?,bayangin ngelakuin ritual ngatasinnya stres muncul ganggu obsesif kompulsif salah hadap takut lewat imajinasi bayang skenario laku ritual cemas reda sendiri butuh berat terap teknik sebut papar imajinal,-1,-1,0.6487211,False,rejected
2175,Aku merasa nggak bisa berhenti mikirin hal-hal buruk. Apa yang bisa aku lakukan?,henti mikirin laku terus muncul capek obsesi salah teknik papar hadap laku ritual usir baca ulang cemas kurang berat terap dekat struktur,-1,7,0.67144454,True,medium
2177,Aku suka nyanyi-nyanyi dalam hati buat ngusir pikiran buruk. Itu wajar nggak?,hati ngusir paham nyaman ganggu macam ritual kompulsif perhati kapan laku picu tahan diri cemas bicara terap paham,-1,0,0.6844237,True,medium
2181,Aku kadang bayangin orang yang aku sayang kena musibah kalau aku nggak ngelakuin ritual. Apa yang bisa aku lakukan?,bayangin sayang kena musibah ngelakuin ritual laku takut muncul ganggu obsesif kompulsif salah hadap bayang ulang ulang laku ritual cemas reda butuh berat terap teknik papar imajinal,-1,-1,0.59257436,False,rejected
2182,Aku merasa harus ngulang kata-kata dalam pikiran biar nggak ada yang buruk terjadi. Gimana caranya berhenti?,ngulang kata kata henti lelah ulang kata kata ritual kompulsif catat kapan laku picu tahan diri ulang cemas terapi perilaku papar cegah respons,-1,0,0.65365756,True,medium
2185,Aku merasa bersalah kalau makan dessert setelah makan banyak. Apa aku terlalu keras sama diri sendiri?,salah makan dessert makan terlalu diri sendiri kedengerannya diri sendiri makan dessert salah nikmatin hidup salah muncul santai diri sendiri lanjut,-1,12,0.6990411,True,medium
2191,Aku suka ngulang-ngulang doa dalam hati biar nggak terjadi apa-apa. Aku salah nggak sih?,ngulang ngulang hati salah salah ngulang ngulang ngerasa paksa cemas ngelakuin takut ngerasa ngelakuin ritual pikirin bareng,-1,0,0.7819208,True,high
2194,Aku takut banget kalau lupa matiin kompor. Sampe bolak-balik ngecek. Apa yang harus aku lakuin?,takut lupa matiin kompor sampe bolak balik ngecek lakuin capek bolak balik ngecek takut ngerasa ngecek ulang ulang catet berapa ngecek terus rangin pelan pelan alihin aktivitas ulang pikirin ngatasinnya,-1,30,0.6716931,True,medium
2197,Aku ngerasa harus ulang-ulang kata-kata dalam pikiran biar nggak terjadi sesuatu. Aku capek banget. Apa ini normal?,ngerasa ulang ulang kata kata capek capek ngerasa paksa ulang ulang kata takut ngerasa ngelakuin ritual arti aneh butuh rileks ulang ulang,-1,22,0.70637286,True,medium
2199,"Aku ngerasa kalau nggak ngecek HP tiap menit, aku bakal ketinggalan sesuatu. Ini kenapa, ya?",ngerasa ngecek tinggal update ngecek terus terus takut tinggal ngerasa batasin takut tinggal ngatasinnya,-1,-1,0.5445505,False,rejected
2201,"Aku suka ngehindarin hal-hal yang bikin cemas, kayak meeting atau ketemu orang baru. Apa ini salah?",ngehindarin cemas meeting salah salah ngehindarin cemas malah cemas tambah kuat bayangin hindar otak beneran bahaya padahal kecil tempat nyaman rencana kecil kecil nyobain,-1,7,0.8201636,True,high
2202,"Aku coba nggak mikirin hal-hal yang bikin cemas, tapi malah tambah parah. Apa yang salah?",mikirin cemas malah tambah parah salah usaha mikirin otak malah makin situ suruh jangan bayangin apel malah apel kepala nama hindar alam sayang malah cemas tambah kuat dekat biarin perhati panik ajarin teknik simpel ngelakuin,-1,10,0.8271662,True,high
2209,Aku ngerasa cemas bikin aku nggak bisa ambil keputusan. Apa yang harus aku lakuin?,ngerasa cemas putus lakuin cemas emang kepala penuh kabut susah putusin putus kecil pilih makan dinner kontra perlu atur putus pecah kecil putus urutin,-1,0,0.76635534,True,high
2226,"Aku merasa kesepian banget, tapi khawatir itu kayak ngalihin aku dari rasa sedih. Apa yang harus kulakukan?",sepi khawatir ngalihin sedih laku sedih denger sepi khawatir lari sedih luangin rasain hati rasain terus kecil neng telepon temen nonton film favorit sepi terus berat percaya dengerin sedih,-1,18,0.6890136,True,medium
2227,"Kadang aku ngerasa marah banget sama orang, tapi abis itu ngerasa bersalah. Gimana ngatasinnya?",ngerasa marah abis ngerasa salah ngatasinnya rollercoaster emosi marah salah judge diri sendiri terlalu marah terus marah emosi tahu batas langgar ngungkapin tenang jujur salah siapa tahu bareng,-1,0,0.80632937,True,high
2233,"Aku ngerasa cemas itu salah, makanya aku coba ngilangin. Tapi susah banget. Aku gagal nggak?",ngerasa cemas salah makanya ngilangin susah gagal gagal sekali cemas salah just your brain trying keep safe ngilangin cemas ujung ngilangin sambut cemas dateng terus alihin lakuin jalan jalan cemas reda,-1,7,0.7632258,True,high
2235,Aku ngerasa hidupku nggak ada artinya kalau aku nggak sukses. Itu normal nggak?,ngerasa hidup arti sukses sukses sampe ngerasa hidup arti berat sukses penting hidup momen kecil ketawa temen nikmatin kopi pagi pikirin hidup luar sukses sayang bareng hidup arti,-1,11,0.7880794,True,high
2238,Aku ngerasa nggak ada yang peduli sama aku. Apa aku harus pura-pura bahagia biar orang suka?,ngerasa peduli pura pura bahagia berat ngerasa perlu pura pura bahagia diri sendiri beneran peduli ngerasa peduli nyambung nyaman,-1,18,0.73202765,True,medium
2242,Aku ngerasa hidupku nggak ada artinya. Apa aku harus nyerah aja?,ngerasa hidup arti nyerah dengerin berat ngerasa hidup nyerah bukan jalan kecil arti berat terus saranin dekat profesional nemenin kecil,-1,17,0.834495,True,high
2244,Aku ngerasa orang-orang ngejek aku di belakang. Apa aku harus konfrontasi mereka?,ngerasa ngejek belakang konfrontasi ngerasa nyaman konfrontasi pikirin bukti nyata ngejek cemas emang ngomong tenang pilih ngurangin negatif detail ngerasa,-1,0,0.7393645,True,medium
2251,"Aku sering ngerasa gak bisa terima emosi yang kuat, kayak marah atau takut. Apa aku aja yang lelet ngatasin ini?",ngerasa terima emosi kuat marah takut lelet ngatasin sendiri emosi kuat susah terima hadap terima emosi diri bukan musuh,-1,0,0.80195165,True,high
2252,"Aku suka hindarin situasi yang bikin cemas, misalnya ketemu orang baru. Tapi kok malah tambah parah?",hindarin situasi cemas malah tambah parah hindar situasi cemas makin kuat kemudian otak situasi bahaya padahal kecil sapa bareng,-1,0,0.86524606,True,high
2259,Aku suka nunda-nunda kerjaan karena cemas gagal. Tapi kok malah tambah stres?,nunda nunda kerja cemas gagal malah tambah stres nunda nunda takut gagal justru stres tambah pecah kerja kecil terus dokumen kecil menang rencana bareng,-1,0,0.748388,True,medium
2263,Aku cemas kalau harus buka diri sama orang lain. Apa harus dipaksa?,cemas diri paksa perlu paksa tambah cemas diri proses situasi nyaman kecil temen deket pelan pelan takut diri,-1,0,0.8200038,True,high
2265,"Aku sering ngerasa nggak berharga, kayak gagal di hidup. Gimana caranya aku nggak tenggelam di pikiran kayak gini?",ngerasa harga gagal hidup tenggelam berat lewat bukan fakta kecil hasil laku kecil ngingetin nilai terus muncul eksplor kuat bareng bareng,-1,0,0.71169066,True,medium
2266,Aku suka menghindar kalau harus ketemu orang baru. Rasanya takut banget dinilai jelek. Apa yang salah sama aku?,hindar takut nilai jelek salah salah takut nilai hindar terus kecil sapa senyum negatif nilai jelek nilai nemenin,-1,0,0.831054,True,high
2270,Aku suka ngelamun tentang hal-hal buruk yang mungkin terjadi. Ini bikin aku stres. Gimana caranya berhenti?,ngelamun stres henti ngelamun penuh nyiapin diri malah stres depan dengar rasain ngelamun kenal picu bareng detail kapan,-1,10,0.67412984,True,medium
2275,"Aku ngerasa hidupku nggak ada artinya, kayak nggak punya tujuan. Apa yang bisa aku lakukan?",ngerasa hidup arti tuju laku berat kecil laku temuin tuju kecil kecil,-1,17,0.7947944,True,high
2280,Aku ngerasa susah buat percaya sama orang lain. Aku takut dikecewain. Apa yang bisa aku lakukan?,ngerasa susah percaya takut dikecewain laku susah percaya alam sakit udah temen diri pelan pelan ringan dukung susah percaya,-1,0,0.7887471,True,high
2282,"Aku ngerasa kalo aku nggak pantas senang, kayak nggak berhak. Ini kenapa ya?",ngerasa kalo pantas senang pantas senang berat alam ngerasa tahu ngerasa nikmatin kecil makan makan favorit salah nemenin,-1,0,0.8063865,True,high
2291,Aku ngerasa malu banget kalau orang tahu aku cemas. Apa aku harus sembunyiin ini?,ngerasa malu tahu cemas sembunyiin malu perlu sembunyiin cemas percaya beban ringan temen deket,-1,0,0.7956271,True,high
2292,"Aku coba duduk tegak biar nggak kelihatan cemas, tapi susah banget. Apa aku emang gagal?",duduk tegak cemas susah emang gagal gagal duduk tegak butuh cemas sebentar lima bareng santai,-1,28,0.6722927,True,medium
2300,"Aku suka nunda-nunda kerjaan, tapi akhirnya malah stres sendiri. Gimana caranya berhenti gitu?",nunda nunda kerja akhir malah stres sendiri henti haha nunda nunda musuh selimut takut gagal overwhelmed kecil kerja pecah tugas kecil terapi kognitif ubah pola tugas nunda ngatasin bareng,-1,0,0.7843343,True,high
2306,Kenapa aku selalu merasa orang lain bakal ninggalin aku?,ninggalin takut tinggal nyata sakit kait pola skema bentuk alam masa andal salah momen muncul,-1,0,0.65242255,True,medium
2307,Aku ngerasa aku orang yang gagal. Apa aku emang nggak pantes berhasil?,ngerasa gagal emang pantes hasil kedengerannya sedang diri sendiri gagal muncul skema ngerasa cukup padahal gagal sisi bareng bareng,-1,0,0.7412283,True,medium
2311,Aku susah banget buat percaya sama orang lain. Mereka pasti bakal nyakitin aku. Gimana caranya biar aku bisa percaya lagi?,susah percaya nyakitin percaya susah percaya muncul skema waspada terus alam masa langsung percaya kecil dukung,-1,17,0.6877823,True,medium
2312,"Aku ngerasa harus sempurna terus, tapi capek banget. Gimana biar aku nggak gitu lagi?",ngerasa sempurna terus capek sempurna capek kedengerannya standar tinggi diri sendiri skema ngerasa ngerasa sempurna nerima cukup,-1,-1,0.6036961,False,rejected
2314,Aku ngerasa hidupku nggak ada artinya. Apa yang harus aku lakuin biar nggak gitu lagi?,ngerasa hidup arti lakuin hidup arti berat sedang struggle negatif sulit makna gampang kecil hidup kecil senyum,-1,0,0.84209573,True,high
2316,Aku ngerasa nggak bisa ngapa-ngapain sendiri. Apa aku emang nggak kompeten?,ngerasa sendiri emang kompeten sendiri frustrasi skema cukup mampu yakin mampu ngerasa kecil sendiri,-1,0,0.81232595,True,high
2321,Aku ngerasa orang lain nggak peduli sama aku. Apa aku yang salah?,ngerasa peduli salah peduli sepi skema ngerasa layak diperhatiin arti salah ngerasa peduli persepsi,-1,0,0.7205339,True,medium
2324,Aku merasa nggak ada yang peduli sama aku. Apa aku salah?,peduli salah berat sendiri tipu lupa peduli ingat ingat tunjuk perhati kecil situ koneksi,-1,-1,0.63139796,False,rejected
2327,Aku nggak yakin bisa ngelakuin apa yang orang lain harapkan. Gimana dong?,yakin ngelakuin harap yakin ragu ragu laku bukan harap kecil situ,-1,33,0.73790073,True,medium
2334,Aku merasa nggak punya temen yang ngerti aku. Apa aku harus berubah?,temen ubah erti sepi ubah konek,-1,14,0.7497062,True,medium
2336,Aku ngerasa hidupku nggak akan pernah membaik. Apa aku salah?,ngerasa hidup salah berat ngerasa stuck kuat kecil hidup sebentar situ ngerasa,-1,17,0.8591198,True,high
2338,"Aku merasa hidupku nggak ada gunanya, kayak semua sia-sia. Apa yang bisa aku lakukan?",hidup laku dengar sedang berat mudah hidup muncul jebak putus begini kecil laku aktivitas nikmat sebentar bareng,-1,29,0.78071856,True,high
2341,"Aku ngerasa stuck di rumah, nggak pengen keluar, cuma nonton TV seharian. Apa ini buruk?",ngerasa stuck keluar nonton paham tempat paling nonton produktif makin lesu tantang kecil jalan kaki luar jendela udara segar ringan,-1,-1,0.6384213,False,rejected
2344,Aku ngerasa semua orang bahagia kecuali aku. Kenapa aku beda?,ngerasa bahagia paham hidup sempurna luar struggle sendiri kecil situ,-1,33,0.6839543,True,medium
2346,Aku ngerasa nggak bisa ngapa-ngapain dengan benar. Semua kayak gagal. Apa aku emang gitu?,ngerasa gagal emang kedengerannya diri sendiri gagal otak down inget kecil lakuin yakin,-1,0,0.7683441,True,high
2349,Aku kadang ngerasa nggak pantas dicintai. Gimana caranya biar nggak gitu?,ngerasa pantas cinta aduh pantas sedih harga susah percaya ngelakuin diri sendiri self care kecil inget ngerasa sayang siapa,-1,0,0.8066776,True,high
2353,Aku ngerasa nggak bisa ngelupain masa lalu. Gimana caranya move on?,ngerasa ngelupain masa move masa emang nempel denger move masa susah dilupain ngelakuin,-1,17,0.74834603,True,medium
2354,Aku ngerasa hidupku nggak ada artinya tanpa orang yang aku sayang. Gimana biar kuat?,ngerasa hidup arti sayang kuat hilang sayang berat ngerasa kosong ngerasa utuh senang tuju kecil,-1,17,0.79765445,True,high
2355,Aku sering merasa bersalah karena merasa aku selalu jadi masalah buat orang lain. Gimana caranya aku berhenti merasa begini?,salah henti begini kedengerannya berat salah muncul terlalu diri sendiri bareng pola catat momen momen kecil sisi positif diri bareng,-1,0,0.81082714,True,high
2356,Aku suka belanja biar lupa sama perasaan sedihku. Tapi kok nggak lama kemudian sedih lagi. Apa yang salah?,belanja lupa sedih lama kemudian sedih salah belanja senang tutup sedih bukan tahu sedih jangka panjang temen aktivitas senang,-1,18,0.74454373,True,medium
2357,"Aku merasa nggak berguna banget, kayak nggak ada yang bisa aku lakuin dengan bener. Aku harus apa?",lakuin enak muncul terlalu kritis diri sendiri kecil hasil lakuin kecil nilai bareng,-1,-1,0.6208923,False,rejected
2360,Aku ngerasa hidupku nggak ada artinya. Kayak nggak ada tujuan. Aku harus mulai dari mana?,ngerasa hidup arti tuju dengar kosong berat tuju kecil hidup aktivitas excited sebentar,-1,17,0.74973917,True,medium
2362,Aku merasa orang-orang di sekitarku nggak peduli sama aku. Aku salah nggak sih merasa gitu?,peduli salah valid peduli down momen kecil perhati sisi abai pikirin nyari suportif,-1,18,0.7099935,True,medium
2368,Aku merasa orang tua aku dulu nggak pernah dengerin aku. Sekarang aku susah cerita sama orang. Apa yang bisa aku lakuin?,dengerin susah lakuin sepi didengerin percaya kecil nyaman dengerin,-1,0,0.7689506,True,high
2371,Aku ngerasa hidupku cuma buat bikin orang lain senang. Aku capek. Gimana biar aku hidup buat diri sendiri?,ngerasa hidup senang capek hidup diri sendiri capek hidup hidup diri sendiri kecil senang peduli luangin lakuin diri sendiri,-1,11,0.756792,True,high
2386,"Aku merasa kesepian banget, padahal aku punya temen. Kenapa ya?",sepi padahal temen sepi datang keliling emosi depresi isolasi sepi pikirin deketin temenmu nyaman,-1,0,0.7527902,True,high
2391,Aku kadang pengen nyakitin diri sendiri biar nggak sedih. Apa yang harus aku lakuin?,nyakitin diri sendiri sedih lakuin khawatir denger nyakitin diri sendiri bukan ngatasin sedih layak segera percaya profesional psikolog alihin perhati tenang pegang batu,-1,0,0.82869923,True,high
2397,Aku merasa bersalah banget karena nggak bisa ngelupain kematian seseorang. Apa aku salah?,salah ngelupain mati salah salah salah susah move proses duka tahu sendiri salah lepas beban,-1,0,0.7872449,True,high
2403,"Aku pengen ngelupain masa lalu, tapi kok susah banget. Gimana caranya?",ngelupain masa susah mengelupain masa gampang berat bukan melupain hidup bareng kenang paling susah dilupain kecil ringan,-1,17,0.721444,True,medium
2406,Aku nggak suka sama diri sendiri karena selalu gagal ngatasin masalah. Apa aku memang nggak berguna?,diri sendiri gagal ngatasin sedih dengar berat gagal down kecil hadap bareng,-1,0,0.7840678,True,high
2407,"Aku pengen kabur aja dari hidupku, tapi tahu itu nggak bener. Apa yang bisa aku lakukan?",kabur hidup tahu laku kabur sedang tekan senang tahu bukan solusi kabur kecil hidup ringan,-1,17,0.76459897,True,high
2408,Aku merasa orang-orang di sekitarku nggak peduli sama aku. Apa aku yang salah menilai?,peduli salah nilai perhati sakit hati bukan salah nilai tahu ngomongin dekat perhati,-1,0,0.77674484,True,high
2410,"Aku pengen nyanyi keras-keras buat ngelupain kesedihan, tapi takut orang bilang gila. Apa aku coba aja?",ngelupain sedih takut gila seru lepasin emosi perlu takut anggap aneh penting nyaman tempat privat kamar karaoke dukung,-1,0,0.6856569,True,medium
2414,Aku cuma pengen ngurung diri di kamar. Tapi aku tahu ini nggak baik. Gimana caranya aku keluar dari zona ini?,ngurung diri kamar tahu keluar zona puji syukur ngurung diri bukan solusi jangka panjang super sederhana jendela duduk teras udah siap temen jalan bareng kelas ringan yoga susah terap stuck,-1,19,0.77858305,True,high
2417,Aku ngerasa nggak pantas bahagia setelah apa yang terjadi. Aku harus apa biar nggak stuck di pikiran ini?,ngerasa pantas bahagia stuck berat bahagia jauh laku nyaman nonton film ringan makan makan favorit terus muncul terap bahagia salah,-1,18,0.7114187,True,medium
2419,Aku ngerasa kalau aku cuma pura-pura kuat di depan orang. Aku harus terus gitu nggak?,ngerasa pura pura kuat depan terus pura pura kuat terus jujur dekat usaha lemah justru tunjuk berani susah diri terap,-1,0,0.8572794,True,high
2421,"Aku ngerasa nggak ada gunanya cerita ke orang lain, mereka pasti nggak ngerti. Aku harus coba tetep cerita nggak?",ngerasa beneran peduli dengerin pilih nyata nyambung terap ngertiin,-1,18,0.71391416,True,medium
2422,"Kenapa ya aku suka menghindar dari orang-orang, padahal aku tahu itu nggak bikin aku lebih baik?",hindar padahal tahu hindar tekan justru makin isolasi pelan pelan dekat percaya ringan susah pikirin kecil hindar,-1,7,0.7520375,True,high
2423,Aku merasa hidupku nggak ada artinya. Gimana caranya aku bisa merasa lebih berarti?,hidup arti arti berat kecil tuju lakuin kecil situ pelan pelan nemuin makna excited,-1,29,0.6954577,True,medium
2427,Aku suka makan banyak banget kalau lagi sedih. Gimana caranya berhenti?,makan sedih henti makan sedih lari ngatasin aktivitas jalan jalan kecil susah catat kapan makan picu situ,-1,18,0.7182525,True,medium
2428,"Aku nggak bisa fokus kerja, pikiranku kemana-mana. Apa yang harus aku lakukan?",kerja laku susah frustrasi pecah tugas kecil trus kerjain singkat jeda sebentar terus lanjut daftar tugas bareng,-1,28,0.8156632,True,high
2429,"Aku takut buat coba hal baru, kayak ikut kelas dansa. Gimana caranya biar berani?",takut kelas dansa berani takut kecil nonton dansa temen bareng ngelangkah takut percaya diri takut kelas dansa,-1,-1,0.6195859,False,rejected
2434,"Aku nggak suka ngeliat orang lain bahagia, bikin aku iri. Aku jahat nggak?",ngeliat bahagia jahat jahat manusiawi ngerasa down neng ngelakuin,-1,0,0.6708533,True,medium
2435,"Aku merasa sering menghindari situasi yang bikin aku cemas, seperti meeting di kantor. Apa yang bisa aku lakukan?",hindar situasi cemas meeting kantor laku hindar situasi nyaman sebentar seringkali cemas tahan kecil meeting dengar bicara rencana bareng hadap situasi perlahan catat,-1,28,0.6727736,True,medium
2450,"Aku pengen balik ke grup buku yang dulu aku ikuti, tapi aku takut nggak bisa nyambung lagi. Apa yang harus aku lakukan?",balik grup buku takut nyambung laku bagus balik grup buku takut nyambung perlu langsung diskusi panjang datang dengar kontak grup ringan yakin senang balik grup dekat,-1,-1,0.6356799,False,rejected
2452,"Aku merasa kesepian, tapi nggak tahu cara deketin orang lagi. Aku takut ditolak. Apa yang bisa aku lakukan?",sepi tahu deketin takut tolak laku paham sepi berat takut tolak pertama susah ringan ngirim pesan temen lama tempat datang kafe perlu buru buru dekat cukup obrol kecil nyaman,-1,-1,0.62016064,False,rejected
2453,Aku merasa nggak bisa move on dari hal-hal yang salah di masa lalu. Aku harus apa?,move salah masa move berat masa bukan definisi diri masa stuck kecil lepas surat diri sendiri laku bangga jebak,-1,17,0.77335435,True,high
2454,Aku takut buka obrolan sama temen karena nggak tahu apa yang harus dibicarain. Aku harus mulai dari mana?,takut obrol temen tahu dibicarain paham obrol degan sederhana kabar film perlu obrol panjang cukup temen enak ringan,-1,18,0.6804442,True,medium
2456,Aku cuma pengen nggak mikir apa-apa dan mati aja. Aku capek banget. Tolong bantu aku.,mikir mati capek dengar sedang lelah putus serius hadap sendiri bicara temen dekat keluarga kecil capek,-1,-1,0.5604634,False,rejected
2461,Aku ngerasa hidupku nggak ada artinya. Apa aku harus nyerah aja?,ngerasa hidup arti nyerah dengerin rasain berat nyerah bukan kecil arti laku tahu lanjut,-1,0,0.88304573,True,high
2466,Aku pernah coba nyakitin diri sendiri. Aku takut kejadian lagi. Apa yang harus aku lakukan?,nyakitin diri sendiri takut laku sedih denger bangga datang tenang dengar musik pegang batu penting percaya profesional dukung,-1,0,0.83311737,True,high
2467,Aku merasa orang-orang di sekitarku nggak ngerti apa yang aku alamin. Gimana caranya biar aku nggak merasa sendirian?,alamin sendiri berat paham percaya jujur gabung alam rupa dengerin kapan,-1,-1,0.63670516,False,rejected
2468,Aku ngerasa hidupku kacau dan nggak tahu cara beresinnya. Apa aku orang gagal?,ngerasa hidup kacau tahu resin gagal bukan gagal hidup kacau urutin kacau pelan pelan kecil resin meja daftar prioritas,-1,17,0.77467436,True,high
2469,Aku pengen kabur aja dari hidupku sekarang. Apa ini wajar?,kabur hidup kabur hidup berat penting tahu kabur temuin hadapinnya pelan pelan dengerin,-1,17,0.8123544,True,high
2471,Aku merasa nggak punya tujuan hidup. Gimana caranya biar aku nemuin makna?,tuju hidup nemuin makna tuju hidup proses pikirin excited sederhana tahu semangat,-1,11,0.80508727,True,high
2479,Aku merasa hidupku nggak ada artinya. Aku harus ngapain biar nggak gini terus?,hidup arti terus hidup arti berat makna kecil laku nikmat daftar kecil senang bangga laku,-1,33,0.7902013,True,high
2481,Aku kadang ngerasa orang-orang cuma pura-pura peduli sama aku. Aku harus percaya sama siapa?,ngerasa pura pura peduli percaya siapa curiga muncul kecewa tindak bukan kata kata tindak perhati,-1,0,0.7699404,True,high
2484,"Aku kadang pengen nyerah aja, soalnya hidup terasa terlalu berat. Apa yang bisa aku lakukan?",nyerah hidup terlalu berat laku sedih dengar begini hidup berat kecil tempat tidur gelas rencana kecil laku,-1,17,0.70601463,True,medium
2485,Aku sering ngerasa nggak layak dicintai. Gimana cara ngubah pikiran ini?,ngerasa layak cinta ngubah layak cinta berat bukan fakta diri kecil laku ingat harga daftar bareng laku,-1,0,0.7051872,True,medium
2486,Aku merasa nggak punya tujuan hidup. Aku harus mulai dari mana?,tuju hidup tuju hilang arah eksplorasi excited kecil daftar kecil laku,-1,17,0.7725104,True,high
2488,"Aku ngerasa hidupku nggak ada artinya, kayak nggak punya tujuan. Gimana caranya biar semangat lagi?",ngerasa hidup arti tuju semangat berat hilang arah terlalu kontrol kecil nyoba neng nentuin tuju kecil hidup arti,-1,17,0.8568792,True,high
2491,"Aku suka nyakitin diri sendiri biar ngerasa lega, ini normal nggak?",nyakitin diri sendiri ngerasa lega sedih denger ngerasa perlu nyakitin diri sendiri lega bukan sehat ngerasa sendiri ngalamin rupa ngatasin sakit peduli teknik relaksasi nyakitin diri dengerin,-1,0,0.7719847,True,high
2492,Aku ngerasa hidupku nggak akan pernah jadi lebih baik. Apa aku harus nyerah aja?,ngerasa hidup nyerah berat stuck percaya gelap harap ubah nyerah bukan kuat kecil nyoba ngerasa,-1,30,0.8383595,True,high
2494,Aku ngerasa nggak pantas dicintai. Gimana caranya biar aku nggak gitu lagi?,ngerasa pantas cinta sedih denger ngerasa harga pantas datang negatif diri sendiri nulis diri kecil ngerasa pantas,-1,0,0.8158747,True,high
2497,Aku ngerasa bersalah terus karena nggak bisa bikin semua orang senang. Gimana caranya biar nggak gitu?,ngerasa salah terus senang capek senang bahagia diri sendiri ngerasa salah terus,-1,0,0.78964114,True,high
2502,"Emilia, aku kadang pengen melukai diri sendiri biar rasa sakit di hati ini hilang. Apa yang harus aku lakukan?",luka diri sendiri sakit hati hilang laku peduli dengar khawatir luka diri sendiri bukan sakit laku tenang dengar musik bicara profesional penting,-1,32,0.7740807,True,high
2510,"Emilia, aku kadang ngerasa hidup ini terlalu berat untuk dijalani. Apa yang bisa aku lakukan?",ngerasa hidup terlalu berat jalan laku dengar betapa berat hidup beban kecil laku jalan jalan kecil bareng,-1,0,0.78532493,True,high
2514,Aku merasa orang-orang cuma pura-pura peduli sama aku. Gimana caranya aku percaya mereka beneran peduli?,pura pura peduli percaya beneran peduli curiga sulit tindak kecil tawar momen tunjuk perhati arti,-1,18,0.70663816,True,medium
2517,"Emilia, aku merasa malu banget sama masa laluku. Gimana caranya aku move on?",malu masa move malu berat masa siapa laku versi diri masa bangga kecil,-1,0,0.74693155,True,medium
2533,"Aku sering ngerasa orang lain nggak ngerti aku, kayak aku cuma ngomong sama tembok. Apa yang bisa aku lakuin?",ngerasa ngomong tembok lakuin ngerasa didenger sepi emang paham rasain arti penting percaya butuhin jelas butuh didenger dengerin frustrasi,-1,0,0.759809,True,high
2536,Aku ngerasa hidupku cuma buat nyenengin orang lain. Aku capek. Gimana caranya hidup buat diri sendiri?,ngerasa hidup nyenengin capek hidup diri sendiri capek hidup hidup senang kecil luangin mikirin lakuin diri sendiri,-1,17,0.8164231,True,high
2538,"Aku suka ngelupain hal-hal penting, kayak pikiranku nggak fokus. Ini normal nggak?",ngelupain penting susah stres emosi kacau frustrasi catat kecil reminder ponsel penting tahu tenang susah,-1,0,0.7589483,True,high
2540,"Aku ngerasa nggak bisa apa-apa, kayak gagal di semua hal. Apa aku emang nggak berguna?",ngerasa gagal emang sedih denger ngerasa kuat gagal kecil lakuin kecil ngerasa gagal,-1,0,0.78410125,True,high
2541,"Aku suka nunda-nunda, padahal aku tahu itu bikin hidupku berantakan. Gimana caranya berhenti?",nunda nunda padahal tahu hidup beranta henti nunda nunda emang frustrasi ngerasa overwhelmed pecah tugas kecil paling gampang nulis tugas nunda,-1,0,0.7707463,True,high
2543,"Aku kadang pengen ngelupain masa lalu, tapi susah banget. Gimana caranya move on?",ngelupain masa susah move masa emang nempel kuat move arti ngelupain hidup bareng jebak lepasin terus bakar kertas simbol masa paling susah dilupain,-1,17,0.65860194,True,medium
2544,Aku ngerasa nggak pantas dicintai. Makanya aku selalu nyakitin orang yang sayang sama aku. Aku harus gimana?,ngerasa pantas cinta makanya nyakitin sayang ngerasa pantas cinta sakit sayang harga peduli nilai diri ngerasa pantas,-1,0,0.65699244,True,medium
2550,"Kalau aku melukai diri sendiri, apa itu artinya aku gagal?",luka diri sendiri arti gagal gagal struggling butuh penting lakuin giat tenang susah,-1,32,0.7241051,True,medium
2553,Aku pengen orang lain ngeliat aku kesakitan. Apa itu salah?,ngeliat sakit salah tunjuk perhati manusiawi sehat percaya rasain,-1,20,0.73676836,True,medium
2557,Aku merasa nggak ada harapan buat aku. Apa aku harus nyerah aja?,harap nyerah tahu berat harap hilang nyerah kecil tuju hidup,-1,17,0.6849276,True,medium
2562,Aku merasa nggak ada gunanya hidup. Aku harus ngapain biar nggak mikir gitu lagi?,hidup mikir sedih denger ngerasa senang muncul kalo ngerasa jebak harap arti beneran kecil neng kecil denger favorit makan makan enak ngerasa,-1,30,0.76429,True,high
2563,"Aku suka sih nyakitin diri sendiri, soalnya bikin aku lega. Apa salah kalo aku lanjutin?",nyakitin diri sendiri lega salah kalo lanjutin ngerasa lega nyakitin diri sendiri khawatir bukan sehat ngeluarin emosi solusi cepet malah luka fisik maupun emosi lega nyakitin diri nulis gerakin badan bareng dikit,-1,0,0.78645873,True,high
2570,"Aku ngerasa nggak ada yang ngerti aku, rasanya sendiri banget. Apa yang bisa aku lakuin?",ngerasa sendiri lakuin ngerasa sendiri susah diri kecil percaya ringan ngerasa dengerin,-1,0,0.87964404,True,high
2574,Aku kadang merasa sangat sedih sampai ingin menyakiti diri sendiri. Apa yang bisa aku lakukan saat perasaan itu muncul?,sedih sakit diri sendiri laku muncul tahu berat datang benda pegang tenang overwhelmed percaya profesional sendiri bareng,-1,32,0.76405835,True,high
2576,"Aku merasa nggak pantas bahagia, makanya aku suka melukai diri sendiri. Gimana caranya berhenti berpikir gitu?",pantas bahagia makanya luka diri sendiri henti sedih dengar pantas bahagia bukan fakta nyata kecil syukur kecil muncul ingat diri sendiri luka diri sendiri kuat segera dekat profesional,-1,0,0.7573415,True,high
2577,"Aku nggak suka sama emosiku sendiri, rasanya aku lemah kalau sedih atau marah. Gimana supaya nggak benci sama diri sendiri?",emosi sendiri lemah sedih marah benci diri sendiri emosi nyaman diri sendiri sedih marah manusia emosi tubuh perlu perhati sedih perlu istirahat temen benci peluk diri sendiri sayang dukung sahabat kuat,-1,0,0.77890813,True,high
2587,"Aku ngerasa hidupku kacau banget, kayak nggak ada harapan. Apa yang bisa aku lakukan?",ngerasa hidup kacau harap laku sedih dengar tahu berat kacau kecil tuju kecil mandi makan enak kecil harap muncul terus terap layak,-1,30,0.7660949,True,high
2592,"Aku merasa bersalah banget kalau orang muji aku, kayak nggak pantes. Ini kenapa ya?",salah muji pantes pantes datang rendah diri sendiri puji harga kecil ucapin terima puji tahu salah bareng,-1,13,0.67089653,True,medium
2594,"Aku merasa hidupku nggak ada artinya, kayak cuma buang waktu. Apa yang salah sama aku?",hidup arti buang salah salah nyari makna ingat ingat semangat kecil kosong tahu bareng,-1,0,0.7714766,True,high
2595,"Aku pengen berhenti menyakiti diri, tapi kayak ketagihan. Gimana caranya berhenti?",henti sakit diri tagih henti gampang udah berani henti coret coret kertas pegang batu dorong datang terap alternatif bareng minggu,-1,-1,0.627409,False,rejected
2600,"Aku merasa capek banget sama hidup, kayak nggak ada yang bisa bikin bahagia. Apa yang salah?",capek hidup bahagia salah capek kosong berat arti salah perlu istirahat dukung laku kecil peduli pikirin kecil,-1,0,0.8239653,True,high
2605,Aku nggak mau ketemu orang karena takut mereka nanya-nanya soal hidupku. Apa aku salah?,takut nanya nanya hidup salah salah butuh sendiri perlu jeda interaksi sosial tekan makin isolasi kecil temen nyaman takut nanya nanya,-1,5,0.74012125,True,medium
2606,Aku merasa nggak berguna kalau aku nggak bisa kerja kayak dulu. Gimana caranya biar aku nggak merasa gini?,kerja berat pulih butuh udah usaha kecil arti nyelesain tugas sederhana,-1,28,0.7062497,True,medium
2610,Aku ngerasa pasanganku nggak mau dengerin aku pas aku lagi down. Gimana caranya biar dia peduli?,ngerasa pasang dengerin down peduli sedih didengerin down pasang nanggapin fase depresi stabil butuhin didengerin hakim ngomongin tenang,-1,13,0.72128063,True,medium
2611,Aku ngerasa nggak bisa ngomong sama pasangan soal perasaanku. Gimana caranya biar aku berani?,ngerasa ngomong pasang berani gampang hati suasana hati naik turun ngomongin kecil tenang rasain depresi contoh lembut obrol bareng,-1,0,0.8342905,True,high
2631,"Aku merasa cemas terus, kayak ada yang salah sama diriku. Gimana cara ngatasinnya?",cemas terus salah diri ngatasinnya cemas terus terus lelah salah teknik relaksasi cepat lama detik tahan detik keluar perlahan turun tegang laku bareng cemas sudut,-1,28,0.7044534,True,medium
2634,Kadang aku ngerasa orang di TV ngomongin aku. Aku harus percaya nggak?,ngerasa ngomongin percaya bukti nyata beneran ngomongin nyebut nama reaksi stres giat jalan jalan sebentar,-1,0,0.7422601,True,medium
2636,Aku pengen lari dari pikiran-pikiran ini. Apa aku harus pindah kota?,lari pindah kota lari pindah kota pergi hadap teknik bareng,-1,-1,0.5428482,False,rejected
2637,Aku kadang ngerasa orang-orang di sekitarku bukan manusia. Ini normal nggak?,ngerasa bukan manusia takut kewalahan nyata gera percaya aneh dengerin,-1,0,0.7731705,True,high
2639,Kadang aku pengen nyanyi keras-keras biar suara-suara ini hilang. Apa boleh?,hilang seru perhati lama ganggu pilih favorit bareng semangat,-1,0,0.69994855,True,medium
2642,Aku kadang dengar suara-suara yang bilang orang-orang mau nyakitin aku. Apa artinya ini?,dengar nyakitin arti cemas dengar bukan arti sakit ungkap khawatir stres dengerin saranin psikolog tenang,-1,20,0.77424514,True,high
2643,Aku merasa suara-suara itu bikin aku spesial. Apa ini salah?,spesial salah salah spesial perlu hati hati nyaman cemas ngomong diri sendiri bukan kurang spesial spesial detail spesial,-1,35,0.6987107,True,medium
2646,Aku merasa cemas terus di tempat umum. Apa yang salah sama aku?,cemas terus tempat umum salah salah cemas tempat umum datang stres alam tahu cemas saranin teknik relaksasi bicara psikolog detail situasi cemas,-1,1,0.75356066,True,high
2647,Aku kadang ngerasa orang-orang di sekitar aku berubah jadi jahat. Apa ini cuma perasaanku?,ngerasa ubah jahat utama stres cemas salah tangkap perhati bukti nyata ubah tahu psikolog ngerasa situasi,-1,1,0.7826427,True,high
2648,Aku pengen nggak takut lagi sama suara-suara itu. Gimana caranya?,takut neng ngatasin takut salah perhati muncul dengerin musik temen jangka panjang bicara psikolog muncul ngelolanya sendiri tenang,-1,0,0.8772143,True,high
2651,Aku ngerasa orang-orang di sekitar aku ngomongin aku. Apa bener gitu?,ngerasa ngomongin muncul cemas yakin diri sendiri beneran ngomongin perhati bukti nyata ngomongin stres tahu psikolog ngerasa situasi,-1,1,0.76233965,True,high
2656,Aku merasa nggak punya alasan buat berhenti minum. Hidupku udah berantakan. Buat apa?,alas henti hidup udah beranta sedih denger hidup beranta nilai sempat ubah kecil henti jernih kecil,-1,17,0.79111,True,high
2662,"Aku minum banyak sekali seminggu lalu, sekarang nggak minum sama sekali. Apa aku udah aman?",sekali minggu sekali udah penting pola depan henti tubuh kaget dorong rencana tetap kuat,-1,34,0.70860815,True,medium
2663,Aku merasa nggak punya siapa-siapa yang mendukungku untuk berhenti minum. Aku harus apa?,siapa siapa dukung henti berat sendiri juang sendiri dengar kelompok dukung daerah alam rupa semangat tahu kelompok,-1,14,0.6788976,True,medium
2665,"Aku merasa bersalah karena minum, tapi nggak bisa berhenti. Aku harus mulai dari mana?",salah henti salah tunjuk peduli diri sendiri udah awal bagus henti gampang kecil catat kapan tahu pola situ rencana bareng catat lama beberapa bahas,-1,0,0.7352116,True,medium
2670,Aku kadang minum biar nggak kepikiran masalah. Tapi kok nggak selesai juga masalahnya?,paham olah olah hilang sebentar sayang hadap numpuk daftar pikirin kecil ngatasinnya terlalu berat konselor ganggu,-1,7,0.76460904,True,high
2672,Aku merasa nggak ada yang peduli kalau aku berhenti minum atau nggak. Aku harus tetep coba nggak?,peduli henti tahu sepi dukung peduli layak hidup sehat henti diri sendiri sehat bahagia dukung peduli,-1,0,0.68013525,True,medium
2674,"Aku pernah nyoba berhenti, tapi gagal. Aku takut coba lagi. Apa aku emang nggak bisa sembuh?",nyoba henti gagal takut emang sembuh gagal arti sembuh pulih proses panjang akhir hasil beberapa gagal kuat pikirin gagal ulang takut,-1,6,0.6507392,True,medium
2679,"Aku udah coba kurangin minum, tapi kadang masih keterusan. Aku gagal, ya?",udah rangin terus gagal gagal ubah proses sulit penting udah usaha udah terus tempat emosi rencana bareng giat bareng,-1,0,0.78240013,True,high
2680,Aku merasa nggak punya waktu buat hobi karena kerja mulu. Gimana caranya biar seimbang?,kerja mulu imbang kerja nyedot diri sendiri sisih baca buku jalan santai jadwal kecil patuh janji diri sendiri ngatur tips prioritas,-1,-1,0.61719155,False,rejected
2684,"Aku merasa nggak punya tujuan hidup, makanya minum. Gimana caranya biar punya tujuan lagi?",tuju hidup makanya tuju tahu kosong berat tuju kecil arti diri sendiri excited situ daftar kecil capai minggu daftar bareng,-1,17,0.752433,True,high
2688,Aku suka ngecek jam atau ny cubit diri sendiri biar yakin aku nggak kehilangan kenyataan. Ini buruk nggak sih?,ngecek cubit diri sendiri yakin hilang nyata sebut perilaku laku tenang terlalu takut tahan kurang pelan pelan ngecek lama turut,-1,0,0.8476194,True,high
2693,Aku takut cemas ku bakal balik lagi meskipun aku udah lumayan baikan. Apa yang harus aku lakuin biar nggak balik?,takut cemas balik udah lumayan lakuin balik khawatir cemas balik arti mundur terus teknik udah kognitif rencana hadap situasi sulit susun rencana bareng,-1,0,0.78015214,True,high
2694,Aku pengen sembuh total dari sakit ini. Apa mungkin?,sembuh total sakit tahu bebas sakit ngerasa sakit udah lama kelola tetap jalan hidup makna rencana kecil laku senang,-1,17,0.78245664,True,high
2698,Kadang aku ngerasa hidupku nggak ada artinya karena sakit ini. Aku harus gimana?,ngerasa hidup arti sakit dengar betapa berat ngerasa hidup tetap makna sulit kecil arti nikmat momen sederhana,-1,11,0.81989956,True,high
2701,Aku ngerasa nggak punya harapan lagi karena sakitku nggak sembuh-sembuh. Aku salah nggak sih ngerasa gitu?,ngerasa harap sakit sembuh sembuh salah ngerasa salah tunjuk betapa berat hadap harap pelan pelan kecil cahaya sayang,-1,0,0.7352129,True,medium
2704,"Aku coba relaksasi, tapi pikiranku malah kemana-mana. Apa aku salah melakukannya?",relaksasi malah salah laku salah lari lari layang perhati bawa bayangin awan lewat diafragma catat susah obrolin bareng,-1,19,0.67341983,True,medium
2705,Aku merasa kesepian karena nggak bisa ketemu temen seperti dulu. Apa yang bisa aku lakukan?,sepi temen laku sepi berat ringan telepon kirim pesan teman percaya perlu langsung cukup singkat visual imagery bayangin tempat favorit tenang suasana kurang sendiri,-1,-1,0.59503007,False,rejected
2707,"Aku pengen balik kerja, tapi takut nggak kuat. Apa yang bisa aku lakukan?",balik kerja takut kuat laku keren udah mikirin balik kerja tuju kecil simulasi kerja duduk meja lama tugas ringan catat khawatir obrolin atasin dokter atur beban kerja kecil minggu,-1,28,0.69358975,True,medium
2708,Aku merasa orang-orang nggak ngerti sakitku. Apa aku harus cerita ke mereka?,sakit frustrasi paham pilih percaya sederhana usaha sakit butuh nyaman jernih dengerin,-1,0,0.8164531,True,high
2709,Aku merasa nggak ada yang peduli sama aku. Apa aku salah merasa gitu?,peduli salah peduli berat muncul struggle lupa peduli ingat kecil ringan dengerin,-1,7,0.7578763,True,high
2710,Aku takut kalau sakitku bikin aku nggak bisa bahagia lagi. Apa yang bisa aku lakukan?,takut sakit bahagia laku takut hilang bahagia sakit segala kecil senyum nonton film favorit temen bahagia kecil tambah pelan pelan senyum akhir akhir,-1,18,0.6787137,True,medium
2718,"Aku sering makan banyak banget dalam sekali duduk, lalu merasa bersalah. Kenapa gitu?",makan sekali duduk salah dengar berat makan sekali duduk salah sedang juang makan emosi tekan picu tahu balik pola bareng,-1,0,0.76039714,True,high
2719,"Aku nggak suka lihat tubuhku di cermin, bikin aku sedih. Gimana cara ngatasinnya?",tubuh cermin sedih ngatasinnya paham enak nyaman tubuh sendiri sedih sendiri kecil diri bukan tampil sedih cermin,-1,0,0.67614937,True,medium
2720,Aku suka ngecek badanku di cermin berkali-kali sehari. Itu wajar nggak?,ngecek badan cermin ngecek badan cermin sedang tampil capek emosional laku ganggu aktivitas kurang bareng pikirin ngecek cermin,-1,-1,0.62154233,False,rejected
2723,"Aku pengen sembuh dari masalah makanku, tapi takut gagal. Gimana caranya mulai?",sembuh makan takut gagal sembuh bangga takut gagal perlu lang sendiri kecil bicara kurang nyaman takut sembuh,-1,0,0.8477386,True,high
2724,"Aku ngerasa penampilanku jelek banget, makanya aku selalu cek badan di cermin. Ini salah nggak sih?",ngerasa tampil jelek makanya badan cermin salah salah badan cermin makin nyaman perhati giat senang bangga catat kapan jelek pola ngerasa,-1,-1,0.5827592,False,rejected
2725,"Aku ngerasa nggak punya kendali sama makanan, kayaknya aku lelet banget progressnya. Aku salah apa?",ngerasa kendali makan lelet progressnya salah salah ngerasa kendali progress cepet udah hasil kecil tahu hilang kendali rencana kecil ngerasa,-1,17,0.73054045,True,medium
2728,Aku ngerasa hidupku nggak ada artinya kalau aku nggak kurus. Ini normal nggak?,ngerasa hidup arti kurus sedih denger ngerasa berat hidup nilai jauh sekadar berat badan arti sayang tahu semangat ngerasa,-1,0,0.81022894,True,high
2730,"Aku suka banget ngecek badan di cermin, tapi kok malah bikin aku makin insecure?",ngecek badan cermin malah makin insecure cermin campur aduk ngecek terus terus malah insecure kurang frekuensi cermin perlu praktis rapi rambut susah tahu ngecek terus,-1,-1,0.61136425,False,rejected
2732,Aku menghindari cermin karena takut lihat badanku. Apa yang harus aku lakukan?,hindar cermin takut badan laku hindar cermin lindung diri lama lama takut makin kuat kecil cermin kilas netral rambut atur pelan pelan nyaman,-1,-1,0.5792751,False,rejected
2738,"Aku merasa pasanganku terlalu menuntut, aku capek harus nurutin dia terus. Apa yang bisa aku lakukan?",pasang terlalu tuntut capek nurutin terus laku berat terus terus tuntut situasi pola jebak pasang bicara harap jelas tekan bukan salah terus ulang terapi pasang akar siap bicara,-1,18,0.73124623,True,medium
2739,"Aku dan pasanganku kayak nggak cocok lagi, apa artinya kami harus putus?",pasang cocok arti putus cocok pasang sedih arti putus perlu paham pola berat cocok terapi pasang saling paham usaha,-1,0,0.73699653,True,medium
2740,Aku suka nunda-nunda buat ngurusin kesehatan mentalku. Gimana caranya biar aku mulai peduli sama diri sendiri?,nunda nunda ngurusin sehat mental peduli diri sendiri senang mikirin sehat tunda overwhelmed tahu kecil luang refleksi tuju kecil spesifik janji psikolog minggu ingat peduli diri sendiri sempurna penting kecil,-1,0,0.79665726,True,high
2742,"Aku merasa pasanganku nggak respek sama aku, aku harus ganti dia aja nggak sih?",pasang respek respek sakit hati mikir pasang respek komunikasi jujur udah bicara ubah sehat nyaman bicara,-1,35,0.66278845,True,medium
2743,Aku merasa pasanganku nggak pernah bikin aku merasa dicintai. Apa aku yang salah minta terlalu banyak?,pasang cinta salah minta terlalu cinta sedih salah cinta pasang nunjukin cinta nyampe cinta lewat perhati kecil bareng terus ulang terapi pasang paham butuh masing masing,-1,-1,0.64553905,False,rejected
2744,Aku merasa hidupku nggak ada artinya kalau aku nggak kurus. Gimana caranya biar aku nggak mikir gitu?,hidup arti kurus mikir betapa berat hidup arti kurus sedang juang diri sendiri tahu terapi pola tubuh nilai diri luar tampil diri sifat prestasi siap bicara psikolog,-1,29,0.72195196,True,medium
2746,"Aku kadang ngerasa mati rasa, nggak bisa seneng atau sedih. Apa ini salah aku?",ngerasa mati neng sedih salah salah mati ptsd otak lindung diri emosi berat lama kecil neng,-1,0,0.76111627,True,high
2751,Aku suka nyanyi keras-keras biar nggak denger pikiran burukku. Apa ini salah?,denger salah salah bagus ngalihin kreatif ngatasin tambah aktivitas jalan kaki tenang,-1,15,0.7336008,True,medium
2752,Aku cuma pengen lari dari semua masalahku. Apa ini buruk?,lari lari hindar hadap pelan pelan kecil cemas nemenin hadap,-1,-1,0.6098263,False,rejected
2753,Aku merasa pasanganku nggak pernah ngerti apa yang aku rasakan. Apa yang bisa aku lakukan?,pasang laku paham berat dengar lanjut pikirin ngomongin pilih tenang bicara hati hati ngungkapin jujur paham,-1,0,0.7906922,True,high
2757,"Aku pengen pasanganku berubah, tapi dia nggak mau. Aku harus apa?",pasang ubah capek ubah jalan tengah kendali ngomongin minta ubah diskusi detail ubah,-1,-1,0.636327,False,rejected
2761,Aku pengen hubunganku sama pasangan kayak dulu lagi. Mungkinkah?,pasang kangen masa masa indah ubah iring bukan balik momen indah spesial pikirin bawa,-1,15,0.6681979,True,medium
2767,Aku suka sengaja cuekin pasanganku pas marah. Apa ini buruk?,sengaja cuekin pasang marah cuekin pasang strategi ngelindungin diri malah tambah rumit jeda emosi pasang ngerasa abai tahu butuh sebentar tenang cuekin,-1,0,0.7520071,True,high
2768,"Aku nggak suka ngomongin masa lalu sama pasangan, tapi dia selalu nanya. Aku harus apa?",ngomongin masa pasang nanya nyaman paksa ngomongin jujur siap ngomongin masa hargain tahu terus nanya batas bareng lanjut ngomongin masa,-1,-1,0.5855453,False,rejected
2769,Aku merasa hubunganku nggak akan pernah membaik. Apa aku harus nyerah aja?,nyerah berat udah harap nyerah pikirin bareng ngomongin pasang profesional lanjut ngerasa stuck pikirin kecil,-1,-1,0.6237621,False,rejected
2770,"Aku merasa hubunganku sama pasangan kok gini banget, kayak susah nyambung. Apa sih yang bikin hubungan jadi kacau?",pasang susah nyambung kacau susah nyambung pola komunikasi kurang sehat saling jauh kritis salah harga insecure siklus negatif tutup diri makin serang detail nyambung,-1,-1,0.6082208,False,rejected
2773,Aku ngerasa hubunganku udah nggak bisa diselametin. Apa aja sih tanda-tanda hubungan yang masih bisa diperbaiki?,ngerasa udah diselametin tantang usaha jujur duduk bareng dengerin masing masing buru buru ngehakimi fondasi kuat ngerasa udah diselametin,-1,0,0.695649,True,medium
2774,Aku suka ngerasa bersalah kalau lagi bahagia. Kayak nggak pantes gitu. Ini kenapa ya?,ngerasa salah bahagia pantes salah bahagia datang alam masa pola ngerasa bahagia bayar aneh gali ngerasa salah pola bareng,-1,0,0.73487735,True,medium
2777,Aku kadang ngerasa pasanganku nggak ngerti aku sama sekali. Gimana caranya biar dia lebih peka?,ngerasa pasang sekali peka erti frustrasi pasang bukan peka nunjukin perhati spesifik butuhin butuh dengerin saran jujur butuh ngungkapin,-1,0,0.7755125,True,high
2778,"Kalau aku sama pasangan beda banget cara ngatasin masalah, itu bakal bikin hubungan gagal nggak sih?",pasang ngatasin gagal ngatasin otomatis gagal justru saling lengkap nerima kerja bareng emosional logis tengah dengerin masing masing solusi,-1,0,0.71538085,True,medium
2779,Aku suka ngerasa nggak dihargai sama pasangan. Apa yang bisa aku lakuin biar dia lebih ngehargain aku?,ngerasa harga pasang lakuin ngehargain harga berat pertama ngerasa contoh ngasih perhati kata kata kecil terus tenang rasain butuhin ngerasa harga ngasih tahu kecil udah,-1,30,0.7083291,True,medium
2787,Aku ngerasa kayak nggak punya hak buat minta apa-apa dari pasangan. Ini normal nggak?,ngerasa minta pasang ngerasa minta ngerasa kurang percaya diri imbang sehat pihak butuh ngungkapin minta kecil luangin reaksi ngerasa,-1,0,0.86241853,True,high
2791,Aku kadang pengen nyakitin diri sendiri biar nggak kepikiran trauma. Ini salah nggak?,nyakitin diri sendiri trauma salah sedih dengar salah lepas sakit sakit diri sendiri bukan sehat hadap,-1,26,0.809803,True,high
2794,Kadang aku ngerasa nggak ada gunanya hidup karena aku cuma bikin masalah. Apa aku harus nyerah aja?,ngerasa hidup nyerah sedih denger ngerasa sendiri muncul puruk arti beneran kecil arti momen ngerasa bangga diri sendiri datang konselor nemenin pertama,-1,0,0.8082117,True,high
2804,Aku ngerasa kayak nggak punya kendali atas hidupku lagi setelah kejadian itu. Apa yang bisa aku lakuin biar ngerasa lebih kuat?,ngerasa kendali hidup lakuin ngerasa kuat hilang kendali frustrasi yakin pelan pelan kendali kecil kontrol putus sederhana makan situ diri ngerasa kuat ngerasa hilang kendali bareng,-1,0,0.7904413,True,high
2805,Aku merasa sulit untuk percaya pada orang lain setelah dikhianati. Apa itu wajar?,sulit percaya khianat betapa berat khianat mudah percaya tubuh hormon nama oksitosin dukung percaya empati luka batin butuh pulih jangan paksa kecil percaya lewat sederhana dukung,-1,-1,0.55397123,False,rejected
2806,Aku sering merasa komunikasiku membosankan karena banyak pakai kata-kata klise. Apa itu normal?,komunikasi bosan kata kata klise salah otomatis kata klise komunikasi hidup eksplorasi metafora unik alam dengar,-1,22,0.7334861,True,medium
2809,Kadang aku merasa terlalu bergantung pada orang lain untuk ambil keputusan. Apakah itu salah?,terlalu putus salah sepenuh salah minta penting diri putus sendiri kendali hidup pola makan gaya hidup hingga atur emosi pilih percaya diri kuat hadap tantang,-1,0,0.78915906,True,high
2810,Saya sering merasa pengap dan sulit fokus di rumah. Apakah membuka jendela benar-benar bisa membantu?,pengap sulit jendela jendela ventilasi udara segar hilang polutan ruang kurang gejala pusing lelah susah konsentrasi luang istirahat luar hirup udara segar beberapa,-1,-1,0.507628,False,rejected
2811,"Kalau di kantor nggak bisa buka jendela, apa yang bisa saya lakukan saat merasa kepala berat dan kurang fokus?",kantor jendela laku kepala berat kurang jendela istirahat singkat beberapa keluar jenak jalan santai diri luar gedung lama kipas ventilasi mekanis udara ruang,-1,-1,0.4271335,False,rejected
2817,"Saya benci pekerjaan saya, tapi saya tetap bertahan karena butuh uang. Apakah ini bisa memengaruhi kesehatan mental saya?",benci kerja tetap tahan butuh uang pengaruh sehat mental benci kerja jangka panjang dampak negatif tingkat risiko depresi insomnia cemas situasi terlalu berat perlu opsi entah kerja sisi kerja makna sehat mental penting stabilitas finansial,-1,-1,0.6095731,False,rejected
2819,"Akhir-akhir ini aku merasa gampang marah, emosiku naik turun, dan sering sakit kepala. Apa mungkin ini karena stres?",akhir akhir gampang marah emosi naik turun sakit kepala stres kait stres stres tubuh hasil otak terus siaga sulit tenang emosi stabil bahkan muncul sakit kepala salah nyaman diri sedang stres perlahan urus kendali luar kendali izin diri terus otak lega,-1,20,0.7223984,True,medium
2820,"Aku pengen bisa lebih bahagia, tapi kadang kepikiran terus sama masalah-masalahku. Apa ada cara sederhana buat mulai merasa lebih positif?",bahagia terus sederhana positif sendiri sulit lepas kecil tetap sibuk aktivitas manfaat terlalu lama jebak khawatir afirmasi positif raya hasil kecil kurang kata kata negatif diri sendiri bukan arti hilang otak sisi tenang,-1,0,0.8482611,True,high
2822,"Saya merasa bahagia setelah jatuh cinta, tapi takut itu berlebihan. Apa yang sebaiknya saya lakukan?",bahagia jatuh cinta takut laku bahagia jatuh cinta otak stimulasi bahagia tetap jaga imbang beri ruang teman sehat fisik ganggu fungsi putus risiko bicara percaya profesional situasi jernih,-1,0,0.8168261,True,high
2825,Saya biasanya makan siang di depan komputer. Apa masalahnya?,makan siang depan komputer makan siang meja kurang aktivitas fisik kurang sempat sosial otak jenuh istirahat makan sekadar pindah jenak segar tingkat produktivitas,-1,-1,0.6214711,False,rejected
2826,Bagaimana saya bisa mulai meninggalkan meja untuk makan siang jika rekan kerja sering sibuk?,tinggal meja makan siang rekan kerja sibuk jadwal singkat jalan area rekan rehat kecil konsistensi mudah,-1,-1,0.5448761,False,rejected
2828,Kadang saya merasa orang lain mengecilkan masalah saya dengan mengatakan 'yaudah santai saja'. Bagaimana menghadapi komentar seperti itu?,kecil kata yaudah santai hadap komentar abai sakit valid ungkap tenang sedang sulit butuh dengar terus remeh dukung tunjuk empati erti profesional pilih butuh penuh,-1,0,0.7491744,True,medium
2829,Saya khawatir kalau begitu banyak tips ini malah membuat saya merasa harus sempurna. Bagaimana saya bisa mengambil langkah tanpa menekan diri?,khawatir tips malah sempurna tekan diri khawatir ubah kecil bukan sekaligus ingat maju kecil lanjut usaha cepat padam beri diri izin gagal proses,-1,0,0.70088464,True,medium
2830,"Kalau saya bereaksi marah di meeting karena merasa idenya buruk, apa pilihan yang lebih sehat?",reaksi marah meeting pilih sehat pilih nyata langsung tunggu bicara pribadi timbang tuju malu dialog tindak bijaksana seringkali hasil konsekuensi sosial tetap jaga integritas,-1,0,0.71253455,True,medium
2833,Saya takut mencoba hal baru karena khawatir gagal. Cara menghadapi rasa takut itu?,takut khawatir gagal hadap takut kecil kendali pecah tuju tugas kecil ingat otak alam gagal kecil beri penting kembang proses bukan hasil beri diri izin nilai diri,-1,7,0.78023684,True,high
2834,"Saya sering merasa orang lain yang mengendalikan hidup saya, sulit memilih untuk diri sendiri. Apa yang bisa saya lakukan?",kendali hidup sulit pilih diri sendiri laku sendiri pilih kecil pilih aktivitas akhir pekan istirahat pilih kecil diri sendiri bahagia takut salah ingat putus beri sempat capai hasil sempurna,-1,0,0.7533256,True,high
2835,Saya merasa usaha belajar tidak ada artinya dan cepat menyerah. Bagaimana agar tetap konsisten?,usaha arti cepat serah tetap konsisten putus hasil konsistensi pecah tuju kecil capai teman kecil beri dukung ingat diri proses konsisten arti kilas maju instan,-1,28,0.771827,True,high
2837,"Kalau aku mencoba hal baru dan merasa canggung, apakah harus terus dipaksa sampai merasa nyaman?",canggung terus paksa nyaman canggung perlu paksa diri terus terus jeda dekat tahap laku giat beberapa intensitas tingkat perlahan nyaman tekan evaluasi tuju tepat,-1,-1,0.6490527,False,rejected
2839,"Kalau saya merasa sangat sedih dan terus menangis, apakah itu tanda saya butuh bantuan profesional?",sedih terus menang butuh profesional menang respons manusiawi sedih bila sedih terus ganggu fungsi tidur makan kerja perlu profesional dukung bukan lemah bijak rawat diri,-1,0,0.70772195,True,medium
2841,"Saya ingin melakukan perjalanan ke tempat baru untuk 'menyegarkan' pikiran, tapi takut biayanya. Ada alternatif murah?",laku jalan tempat segar takut biaya alternatif murah jalan mahal beri efek segar libur murah staycation giat sukarela kunjung singkat tempat dekat kota alam istirahat bukan keluar,-1,-1,0.59220636,False,rejected
2842,Terkadang saya merasa semua usaha untuk jadi lebih baik terasa sia-sia. Apa yang bisa saya lakukan saat merasa putus asa?,terkadang usaha laku putus putus jangan tetap standar seluruh jalan kecil kontrol kecil laku kecil bukti usaha sepenuh putus lekat lama timbang bicara profesional,-1,28,0.708267,True,medium
2843,"Bagaimana caranya agar saya tidak membandingkan diri terus dengan orang lain, sehingga merasa gagal?",banding diri terus gagal banding picu kurang banding diri hadap diri maju kecil batas papar media sosial picu banding ingat tampil luar seringkali tunjuk lengkap nilai tuju sendiri,-1,-1,0.624635,False,rejected
2847,Saya mudah frustrasi saat kalah catur. Bagaimana saya bisa menikmati prosesnya tanpa terlalu memikirkan hasil?,mudah frustrasi kalah catur nikmat proses terlalu hasil proses nikmat pola analisis kalah data kembang bukan ukur harga diri beri diri puji usaha bukan hasil catur picu tekan batas durasi main teman dukung suasana,-1,29,0.82612634,True,high
2849,Saya merasa tidak punya teman yang 'cerdas' untuk diajak diskusi. Bagaimana saya bisa tetap menstimulasi otak?,teman cerdas diskusi tetap stimulasi otak tantang arti pintar gabung klub baca forum diskusi kursus singkat penting libat mampu kritis reguler,-1,-1,0.61215496,False,rejected
2851,Saya cenderung menunda masalah. Bagaimana mulai berani menghadapi?,cenderung tunda berani hadap kerja raya tubuh hadap nyata lega tunda,-1,0,0.7536693,True,high
2852,"Stres kuliah menumpuk, apa langkah problem‑focused pertama?",stres kuliah tumpuk problem focused pertama identifikasi tugas dekat jatuh tempo prioritas alokasi spesifik kalender,-1,-1,0.5718514,False,rejected
2854,Saya takut kalau menangis malah makin lemah.,takut menang malah makin lemah menang mekanisme biologis lepas hormon stres ringan bukan lemah,-1,-1,0.6080891,False,rejected
2858,Bagaimana saya memulai program manajemen stres pribadi?,program manajemen stres pribadi edukasi baca artikel percaya pilih teknik praktik jadwal catat ubah,-1,-1,0.57849467,False,rejected
2861,Kalimat apa yang efektif untuk menyemangati diri sebelum presentasi?,efektif semangat diri presentasi cukup materi penting audiens dengar perlahan diri tegap,-1,-1,0.6410034,False,rejected
2862,Apa contoh kecil ACT yang bisa saya praktikkan?,contoh kecil praktik sanggup muncul sedang milik sanggup lanjut kecil sesuai nilai jurnal,-1,-1,0.6142838,False,rejected
2864,Bagaimana melakukan self‑affirmation sebelum wawancara kerja?,laku self affirmation wawancara kerja nilai pribadi paling penting keluarga kreativitas contoh tindak nyata baca ulang tepat wawancara,-1,-1,0.6271564,False,rejected
2866,Saya sering overthinking tugas kuliah. Tips CSN versi rumah?,overthinking tugas kuliah tips versi edukasi stres catat picu atur jadwal realistik relaksasi evaluasi minggu,-1,-1,0.5647318,False,rejected
2870,Bagaimana cara menemukan makna di balik pengalaman pahit?,makna balik alam pahit kemudian kisah inspirasi,-1,11,0.70528316,True,medium
2871,Bagaimana memilih teman sebagai buddy olahraga?,pilih teman buddy olahraga pilih jadwal mirip milik semangat saling dukung bukan hakim sepakat target realistis,-1,-1,0.53723776,False,rejected
2874,Pasanganku enggan cek kesehatan mental. Cara halus mengajak?,pasang enggan sehat mental halus obrol santai sayang sehat sesi konseling bareng tawar tani dukung bukan hakim,-1,13,0.77079284,True,high
2876,Aku tahu sedang cemas berat tapi belum juga ke konselor. Bagaimana memutuskan?,tahu sedang cemas berat konselor putus kontra takut manfaat sesi klien sesal tunda lega curhat profesional jadwal anggap,-1,13,0.67269886,True,medium
2878,"Sebagai perawat, aku mulai merasa lelah dan sinis. Langkah apa yang bisa kuambil?",awat lelah sinis luang micro break beberapa pasien manfaat kelompok dukung rekan jawat beban emosional bicara supervisor rotasi cuti gejala burnout makin berat,-1,20,0.6683066,True,medium
2880,"Aku kadang merasa berlebihan mengeluh, tapi sakitnya nyata. Bagaimana bersikap?",keluh sakit nyata sikap validasi nyeri jujur awat tepat lepas norma tegar vokal sehat prioritas,-1,-1,0.64510286,False,rejected
2883,Bagaimana cara keluar dari kesedihan yang membuat saya malas bangun?,keluar sedih malas target kecil duduk tepi tempat tidur hirup sedih psikolog sahabat ringan beban,-1,-1,0.643995,False,rejected
2889,Saya takut masa depan; bagaimana iman dapat membantu?,takut masa depan iman luang hening baca suci tenang tenang makna sandar yakin spiritual,-1,-1,0.6032218,False,rejected
2891,Bagaimana mempraktikkan self‑compassion setiap hari?,praktik self compassion andai sahabat situasi beri tahu kemudian kata diri,-1,-1,0.63679,False,rejected
2893,Saya khawatir curhat di internet malah menambah stres. Bagaimana menulis dengan aman?,khawatir curhat internet malah tambah stres batas privasi nyaman alam hindar detail medis sensitif timbul cemas,-1,-1,0.5765543,False,rejected
2900,"Saya punya penyakit kronis, dan kadang merasa hidup nggak bermakna. Apa itu kualitas hidup, dan bagaimana saya bisa meningkatkannya?",sakit kronis hidup makna kualitas hidup tingkat tahu hidup sakit kronis berat luar tetap juang kualitas hidup berapa nyaman bahagia jalan tantang sehat makna kecil nikmat bareng sayang daftar giat senang nonton film tanam bunga laku dokter konselor bahagia kapan,-1,11,0.66680247,True,medium
2905,"Saya punya penyakit serius, dan ingin hidup tetap bermakna. Bagaimana saya bisa jaga kualitas hidup saya?",sakit serius hidup tetap makna jaga kualitas hidup inspiratif semangat hidup makna kualitas hidup bahagia nyaman tantang sehat senang bareng keluarga nikmat alam jaga komunikasi dokter atur gejala timbang konseling tetap kuat catat kecil bahagia hidup harga,-1,11,0.73034406,True,medium
2912,"Saya ibu bekerja tapi merasa bersalah, bikin cemas. Bagaimana peran ganda bisa positif, dan apa yang bisa saya lakukan?",kerja salah cemas peran ganda positif laku tahu salah berat peran ganda kerja keluarga ningkatin harga diri puas kuat jalan sehat mental keren laku kerja laku relaksasi kurang cemas minta dukung pasang tugas bangga kerja kerja salah koping,-1,0,0.7916118,True,high
2913,"Saya punya penyakit kronis dan merasa hidup saya nggak lagi sama, bikin cemas. Apa itu kualitas hidup, dan apa yang bisa saya lakukan untuk kesehatan mental saya?",sakit kronis hidup cemas kualitas hidup laku sehat mental tahu hidup sakit kronis cemas hidup kualitas hidup berapa jalan aktivitas bahagia sakit sehat mental kecil senang jalan denger musik syukur nikmat hidup grup dukung cemas aktivitas,-1,11,0.6949953,True,medium
2914,"Saya stres karena penyakit ginjal, bikin cemas. Bagaimana menulis membantu, dan apa yang bisa saya lakukan?",stres sakit ginjal cemas laku tahu stres berat luar ekspresif keluar emosi sakit ginjal kurang cemas naikin kualitas hidup sehat mental sensor simpan jurnal tempat spesial syukur lepas stres tips ekspresif cemas sisih,-1,-1,0.62369037,False,rejected
2915,"Saya takut kena kecelakaan mobil, dan itu bikin cemas. Bagaimana kebiasaan aman bisa bantu, dan apa yang bisa saya lakukan?",takut kena celaka mobil cemas laku takut celaka peduli selamat sabuk main ponsel nyetir kurang risiko tenang sehat mental atur pribadi sabuk jalan taruh ponsel tempat susah jangkau pilih tips selamat motivasi takut,-1,-1,0.61770934,False,rejected
2917,Aku sering menyalahkan diri sendiri. Apa pelajaran empati Pinel yang bisa kugunakan?,salah diri sendiri empati bicara diri sendiri sahabat validasi nilai sikap lembut mudah otak solusi ketimbang jebak salah,-1,0,0.6856766,True,medium
2920,Aku sering khawatir soal kecerdasan. Apa pesan Binet tentang potensi diri?,khawatir cerdas pesan potensi diri tuju akses bukan nilai harga diri cerdas kembang terus strategi sesuai gaya,-1,0,0.66388535,True,medium
2927,Apa manfaat memahami mekanisme otak saat cemas?,manfaat paham mekanisme otak cemas tahu peran amigdala korteks gejala fisik respons biologis bukan bahaya nyata turun intensitas panik,-1,23,0.7187544,True,medium
2930,Bagaimana menjaga martabat diri saat merasa terpuruk?,jaga martabat diri puruk ingat nilai manusia hilang sulit laku self care sederhana mandi hangat rapi bentuk harga diri,-1,33,0.694517,True,medium
2934,Apa itu multiple relationships? Aku takut psikologku jadi temenku.,multiple relationships takut psikolog temenku khawatir multiple relationships psikolog klien luar terapi temen partner bisnis bahkan pacar susah psikolog objektif kode etik hati hati salah asal nyakitin khawatir batas psikolog takut,-1,1,0.729972,True,medium
2935,Apa artinya keamanan tes? Aku takut orang lain tahu hasilku.,arti takut tahu hasil khawatir privasi arti psikolog jaga materi bocor publik bocor nyontek hasil akurat jaga privasi data psikolog serius takut khawatir,-1,1,0.764832,True,high
2936,Aku tinggal di kota kecil. Apa psikologku bakal kenal temenku?,tinggal kota kecil psikolog kenal temenku tinggal kota kecil emang situasi unik psikolog tempat susah pisahin hidup pribadi kerja kenal temen keluarga kode etik hati hati ngerasa nyaman ngobrolin awal khawatir takut,-1,1,0.7600515,True,high
2941,Aku di desa kecil dan takut psikologku kenal temenku. Apa harus gitu?,desa kecil takut psikolog kenal temenku tinggal desa kecil emang situasi unik psikolog situ pisahin hidup pribadi kerja kenal temen keluarga kode etik atur batas ngerasa nyaman ngobrolin awal khawatir takut,-1,1,0.7182982,True,medium
2945,Aku di kota kecil dan takut psikologku tahu urusan pribadiku. Apa solusinya?,kota kecil takut psikolog tahu urus pribadi solusi kota kecil emang susah pisahin urus pribadi profesional psikolog situ kenal deket kode etik jaga batas nyaman ngobrolin awal sepakat canggung khawatir privasi takut,-1,1,0.77385145,True,high
2947,Aku takut psikologku jadi temen deket keluargaku. Apa itu buruk?,takut psikolog temen deket keluarga batas jelas multiple relationships psikolog deket keluarga susah objektif kode etik hati hati nyakitin asal bahas awal jelas khawatir takut,-1,5,0.76923305,True,high
2949,Aku di desa dan takut psikologku tahu urusan keluargaku. Apa harus gitu?,desa takut psikolog tahu urus keluarga desa emang susah pisahin urus pribadi kerja psikolog kenal keluarga kode etik jaga batas nyaman ngobrolin awal canggung khawatir privasi takut,-1,1,0.7222556,True,medium
2955,Aku takut dikira sakit padahal cuma hidup biasa. Apa DSM kelewatan?,takut sakit padahal hidup lewat khawatir label beberapa masukin ganggu masuk hidup sedih sekal ngerasa sakit padahal susah ngerasa psikolog bedain khawatir,-1,0,0.7864273,True,high
2957,Aku takut gangguan mental cuma omong kosong. Apa Wakefield bilang gitu?,takut ganggu mental omong kosong wakefield tahu ganggu mental beneran jerome wakefield ganggu mental nyata jalan hidup susah turut nilai nilai bukan omong kosong derita khawatir dengerin,-1,0,0.6886866,True,medium
2963,Aku takut tes kecerdasan bikin aku ngerasa bodoh. Apa gunanya?,takut cerdas ngerasa bodoh takut ngerasa kurang cerdas potensi mampu pola bukan nilai bodoh pinter psikolog kuat perlu prestasi udah lengkap takut dengerin,-1,0,0.7760035,True,high
2967,Aku orang dewasa dan merasa nggak percaya diri. Apa psikolog klinis bisa bantu?,dewasa percaya diri psikolog klinis percaya diri berat psikolog klinis walaupun awal lightner witmer anak anak kerja dewasa tahu ngerasa kurang percaya diri alam pola ngebangun percaya diri ngerasa dengerin,-1,1,0.78030574,True,high
2969,"Aku merasa sulit memahami hal-hal baru, apakah ini berarti aku tidak cukup pintar?",sulit paham arti cukup pintar perlu khawatir sulit paham cepat sendiri perlu dekat diskusi tahu paling nyaman jangan ragu minta perlu,-1,22,0.7131883,True,medium
2975,"Aku pengen lebih pinter ngomong sama orang lain, ada saran?",pinter ngomong saran keren improve mampu ngomong dengar podcast kosa kata nambah penting santai genuine,-1,-1,0.60724986,False,rejected
2976,"Aku pengen bisa ngerjain tugas lebih cepet, apa yang salah sama caraku?",ngerjain tugas cepet salah bukan salah sesuai daftar prioritas tugas loncat distraksi ubah kecil,-1,28,0.725405,True,medium
2977,"Aku nggak suka sama pelajaran tertentu, apa itu berarti aku nggak bisa?",arti arti mampu relevan tahu seru dekat nonton kait hubungin,-1,-1,0.6233093,False,rejected
2979,Kenapa aku nggak bisa langsung paham kayak orang lain?,langsung paham ritme sendiri butuh tahu cocok catat warni diskusi penting terus usaha udah,-1,28,0.69707537,True,medium
2982,"Aku pengen belajar lebih baik, tapi nggak tahu mulai dari mana, saran dong?",tahu saran keren tuju kecil topik jadwal realistis metode seru mind temen bareng kecil bawa jauh,-1,28,0.7417755,True,medium
2983,Aku gampang emosi kalau belajar nggak berhasil. Gimana cara ngatasinnya?,gampang emosi hasil ngatasinnya emosi hasil lelah kesal beberapa jalan jalan sebentar otak butuh jeda ubah mindset gagal sesi penting terus emosi muncul temen kesal tenang,-1,0,0.79205555,True,high
2986,Aku kadang merasa sedih tanpa alasan. Apa yang bisa aku lakukan?,sedih alas laku sedih alas alami siapa luang diri sendiri lakuin nonton film makan makan favorit temen keluarga lega catat kapan sedih muncul tahu picu,-1,5,0.73963,True,medium
3004,Aku merasa malu kalau menangis di depan orang. Apa yang bisa aku lakukan?,malu menang depan laku menang manusiawi malu tempat nyaman ekspresi emosi sahabat keluarga bebas,-1,0,0.7439931,True,medium
3005,Aku merasa cemas setiap mau ngomong sama orang baru. Gimana caranya aku lebih tenang?,cemas ngomong tenang cemas ingat manusia obrol ringan kabar cemas susah temen profesional bareng,-1,0,0.7341006,True,medium
3008,"Aku sering merasa kayak nggak punya tujuan, ini kenapa ya?",tuju tuju yakin penting luang refleksi hidup arti perlu sederhana senyum susah percaya perspektif,-1,11,0.75979084,True,high
3009,"Aku merasa dorongan buat ngelakuin sesuatu itu naik-turun, kenapa ya?",dorong ngelakuin naik turun dorong naik turun hadap butuh ubah ubah butuh istirahat butuh tantang perhati kapan paling semangat situ temuin dorong muncul hilang atur ritme imbang bareng,-1,28,0.72118235,True,medium
3010,"Aku pengen punya temen lebih banyak, tapi kok susah ya, apa yang bisa aku coba?",temen susah temen koneksi bagus susah tahu giat acara sesuai ringan senang nunjukin tari ngerasa canggung pelan pelan obrol kecil pintu,-1,14,0.66794133,True,medium
3013,"Aku pengen jadi lebih mandiri, tapi kok rasanya susah, ada tips?",mandiri susah tips mandiri proses susah awal kecil putus sederhana sendiri pilih menu makan atur jadwal hasil nambah percaya diri ragu diri sendiri kecil udah mandiri inspirasi,-1,29,0.6686888,True,medium
3015,"Aku merasa orang lain lebih sukses, apa yang bisa aku lakukan biar nggak iri?",sukses laku manusiawi bandingin diri diri sendiri udah capai kecil jalan sendiri tuju excited bukan ngejar ngejar muncul ingat syukur tenang,-1,33,0.8064575,True,high
3016,"Aku pengen lebih pede, tapi kok susah, ada saran?",pede susah saran pede butuh udah jalur kecil puji diri sendiri lakuin ingat momen bangga diri sendiri naikin semangat ngerasa susah ngomong depan cermin minta dukung temen dekat kecil bareng,-1,0,0.8168331,True,high
3018,"Aku pengen lebih produktif, tapi kok selalu tunda-tunda, apa solusinya?",produktif tunda tunda solusi tunda nunda musuh daftar tugas kecil pilih paling gampang lanjut jangan lupa reward kecil diri sendiri ngopi nonton lucu susah tahu nunda takut gagal bareng,-1,0,0.8119745,True,high
3019,Aku susah ngontrol pikiran negatif. Ada cara buat ngatasinnya nggak?,susah ngontrol negatif ngatasinnya negatif datang terus lelah perhati ringan dengar numpuk kepala perlu buru buru buang diri sendiri percaya beban ringan,-1,0,0.8549435,True,high
3020,Kenapa aku merasa orang lain nggak ngerti apa yang aku rasain?,rasain erti sepi pandang sendiri susah masuk posisi dekat kecil kesal langsung bukan arti salah butuh nyambung dengar,-1,0,0.7707435,True,high
3026,Aku merasa kesepian meskipun ada orang di sekitarku. Apa yang salah?,sepi salah sepi jumlah butuh obrol temen film koneksi perlu langsung susah nyambung kecil sesuai kecil,-1,-1,0.6393873,False,rejected
3027,Aku ngerasa capek sama hidup. Apa yang bisa aku lakukan?,ngerasa capek hidup laku capek hidup berat luang lupa nonton film jalan taman perlu sekaligus terus temen profesional minta kuat bukan lemah layak ringan,-1,0,0.7330436,True,medium
3028,"Aku pengen lebih peduli sama diri sendiri, tapi bingung mulai dari mana.",peduli diri sendiri peduli diri sendiri cukup tidur atur luang senang denger doodle self care ribet penting rutin tanyain diri sendiri butuh sederhana istirahat,-1,2,0.6755586,True,medium
3029,Aku ngerasa nggak punya tujuan hidup. Gimana caranya nemuinnya?,ngerasa tuju hidup nemuinnya tuju langsung tahu arah diri sendiri penasaran senang kecil situ tuju ubah kenal sisi,-1,17,0.7944645,True,high
3031,Kenapa aku merasa nggak nyaman kalau harus menghindari dua hal yang sama-sama nggak enak?,nyaman hindar enak nyaman muncul jebak pilih senang pilih jalan tengah solusi pilih salah opsi ubah situasi nyaman,-1,-1,0.64232844,False,rejected
3036,"Aku merasa bersalah karena nggak bisa capai apa yang aku mau, kenapa ya?",salah capai salah muncul terlalu diri sendiri padahal tuju gampang diri ekspektasimu realistis cepet tuju lupa proses perlu salah bareng syukur jalan jauh,-1,0,0.688503,True,medium
3039,"Aku merasa stuck dan nggak tahu apa yang aku mau, apa yang bisa aku lakukan?",stuck tahu laku stuck frustrasi terlalu tuju lupa nikmatin proses kecil luang refleksi semangat eksplorasi workshop baca buku stuck lang pelan pelan,-1,29,0.7212675,True,medium
3043,"Aku susah buat kompromi sama keinginan orang lain, apa yang bisa aku lakukan?",susah kompromi laku kompromi gampang dengar terus titik tengah hilang diri sendiri rencana opsi nyambungin situasi susah kompromi,-1,-1,0.5892205,False,rejected
3049,Aku ngerasa hidupku gak berkembang. Apa yang salah?,ngerasa hidup kembang salah stuck yakin arah tuju renungin hidup kembang dengerin,-1,17,0.8942645,True,high
3053,Aku ngerasa orang tuaku ngatur hidupku banget. Gimana ngatasinnya?,ngerasa ngatur hidup ngatasinnya ngatur kepala dingin jelasin susah ruang ekspresi diri luar atur dengerin,-1,30,0.73502773,True,medium
3055,Aku ngerasa hidupku ditentuin sama orang lain. Gimana caranya ambil alih?,ngerasa hidup ditentuin hidup ditentuin berat kendali pilih kecil tuju terus rencana kecil capai dengerin,-1,17,0.82663774,True,high
3058,"Aku merasa orang tua aku ngatur hidupku banget, aku pengen bebas tapi takut mengecewakan mereka. Apa yang harus aku lakukan?",ngatur hidup bebas takut kecewa laku situasi dilema diri sendiri kecewa obrol jujur lembut rasain sendiri tunjukkin tetap harga butuh ruang tumbuh langsung ubah komunikasi erti,-1,0,0.8739737,True,high
3060,Aku ngerasa lingkunganku nggak mendukung aku buat berkembang. Apa yang bisa aku lakukan?,ngerasa dukung kembang laku kurang dukung emang berat kuat milih responmu dengar temen toxic batas interaksi cukup tumbuh baca buku kursus ubah ciptain ruang positif diri sendiri,-1,0,0.7530874,True,high
3063,Aku ngerasa orang-orang di sekitarku nggak ngertiin aku. Gimana cara ngatasin kesepian ini?,ngerasa ngertiin ngatasin sepi sepi berat jujur temen lama keluarga susah rasain jurnal diri sendiri gabung klub buku olahraga koneksi kecil sendiri,-1,5,0.6776676,True,medium
3065,Aku sering ngerasa nggak punya kontrol atas hidupku. Gimana cara ngambil kendali lagi?,ngerasa kontrol hidup ngambil kendali kontrol frustrasi kecil atur pagi makan daftar prioritas arah overwhelmed pecah kecil ingat bebas milih respons hadap situasi kuat,-1,0,0.75222486,True,high
3066,Aku ngerasa orang tua aku nggak ngerti cita-citaku. Gimana cara ngomong sama mereka?,ngerasa cita cita ngomong cita cita emang tricky pandang suasana santai cita cita penting dengar khawatir tunjukkin udah matang rencana kecil butuh konsisten dukung,-1,28,0.7887367,True,high
3067,Aku ngerasa lingkunganku bikin aku jadi orang yang nggak aku suka. Apa yang harus aku lakukan?,ngerasa laku emang pengaruh kuasa milih tanggap tahu nyaman terus batas interaksi positif temen terima ubah ciptain ruang versi,-1,15,0.678168,True,medium
3068,"Aku ngerasa hidupku nggak seimbang, kayak cuma kerja atau belajar doang. Gimana cara bikin hidup lebih seimbang?",ngerasa hidup imbang kerja doang hidup imbang hidup imbang emang capek jiwa luangin rileks jalan jalan temen jadwal sederhana ruang kerja istirahat terlalu sibuk rangin prioritasin bahagia sehat penting produktivitas,-1,31,0.6987377,True,medium
3069,Aku ngerasa nggak punya tujuan hidup. Gimana cara nemuin tujuan itu?,ngerasa tuju hidup nemuin tuju tuju sendiri penasaran peduli sosial capai bulan skill tuju tuju kecil senyum hidup makna eksplorasi pelan pelan jalan,-1,11,0.78434336,True,high
3074,"Aku sering ngerasa nggak cukup baik di satu bidang, makanya aku push diri keras banget di bidang lain. Tapi kok capek ya?",ngerasa cukup bidang makanya push diri bidang capek capek terus push diri buktiin usaha tutup cukup manusiawi diri jeda diri prestasi kecil perhati nilai diri terus lari berat dekat ngerasa sendiri,-1,29,0.84273446,True,high
3080,"Aku suka ngerasa orang lain lebih baik dari aku, bikin aku minder. Gimana cara ngatasinnya?",ngerasa minder ngatasinnya banding emang gampang minder jalan sendiri bangga diri kecil tepat ngingetin kuat ngerasa minder temen konselor perspektif,-1,0,0.8519834,True,high
3081,Aku ngerasa kadang berbicara bebas tanpa mikir bikin aku ngeluarin perasaan yang tersembunyi. Itu wajar nggak?,ngerasa bicara bebas mikir ngeluarin sembunyi ngomong filter ngeluarin hati tubuh perlu didenger luangin temen dekat nulis jurnal tempat ngerasa perlu konselor eksplorasi,-1,0,0.7000976,True,medium
3083,Aku ngerasa kadang dorongan buat bikin orang lain senang bikin aku lupa sama kebutuhanku sendiri. Apa yang harus aku lakuin?,ngerasa dorong senang lupa butuh sendiri lakuin peduli lupa perhati diri sendiri time kecil nikmatin kopi baca buku diri sendiri penting susah nyeimbangin temen profesional imbang,-1,0,0.7290336,True,medium
3090,Aku sering merasa nggak yakin sama keputusan yang aku ambil. Apa yang bisa bantu?,yakin putus yakin datang terlalu putus kontra pilih jernih ragu diri sendiri putus bawa dekat tuju ingat putus sempurna pilih,-1,0,0.8096786,True,high
3091,Aku merasa hidupku kayak nggak ada arah. Gimana caranya nemuin tujuan?,hidup arah nemuin tuju sendiri kecil excited pola tunjuk tuju perlu buru buru arah jalan kecil cukup,-1,17,0.7135261,True,medium
3092,Kadang aku merasa orang lain nggak ngerti aku. Apa yang bisa aku lakukan?,laku berat paham obrol percaya jujur santai butuh konteks sudut pandang dengar penuh perhati komunikasi sulit jurnal paham diri sendiri,-1,0,0.65182793,True,medium
3094,"Aku suka spontan, tapi kadang keputusanku bikin masalah. Apa yang harus aku lakukan?",spontan putus laku sifat spontan seru hidup penuh tambah jeda tindak hitung kepala konsekuensi pilih hilang spontanitas putus bijak tetap diri sendiri arah,-1,29,0.73431313,True,medium
3096,"Aku orangnya suka mikir logis, tapi kadang susah ngerti perasaan orang lain. Gimana caranya?",mikir logis susah logis kuat paham butuh dengar penuh perhati buru buru tawar solusi sederhana perhati ekspresi wajah lama lama peka hadap emosi hilang sisi logis,-1,0,0.69635713,True,medium
3098,Aku sering merasa bersalah kalau nggak produktif. Gimana caranya santai tanpa rasa bersalah?,salah produktif santai salah salah produktif muncul sibuk ubah pandang istirahat produktivitas segar jadwal kecil santai gadget nikmatin musik salah muncul diri sendiri layak istirahat lama lama nyaman,-1,7,0.68868566,True,medium
3100,Kadang aku merasa nggak nyaman sama keputusan yang aku ambil. Kenapa ya bisa gitu?,nyaman putus nyaman putus putus sepenuh selaras harap nilai pegang pilih hati otak ngasih ulang putus diri sendiri tenang malah gelisah putus nyaman,-1,0,0.8646722,True,high
3102,"Aku sering merasa nggak seimbang, kayak apa yang aku pikirkan sama kenyataan nggak nyambung. Ini normal nggak sih?",imbang nyata nyambung imbang lumrah utama sedang hadap situasi harap sikap dingin kacau harap nyata nyambung laku terima tahu imbang dengar,-1,30,0.6545018,True,medium
3103,Aku merasa orang-orang di sekitarku nggak ngerti apa yang aku mau. Gimana caranya biar mereka paham?,paham sulit paham jelas pandang butuh harap tahu sendiri dengar nyambung paham,-1,22,0.7637448,True,high
3105,Aku bingung kenapa aku suka ngerasa nggak nyaman sama orang yang aku sukai. Apa artinya ini?,ngerasa nyaman arti nyaman muncul imbang balik gelisah perhati nyaman sikap takut tolak detail sudut pandang,-1,0,0.7394515,True,medium
3107,Aku suka ngerasa nggak enak kalau ada temen yang tiba-tiba berubah sikap. Apa yang harus aku lakuin?,ngerasa enak temen ubah sikap lakuin ngerasa enak temen ubah sendiri tahu pelan pelan kabar rasain jangan buru buru asumsi ubah sikap enak,-1,0,0.7672906,True,high
3108,Aku sering merasa apa yang aku pikirkan nggak sama sama apa yang aku lakuin. Ini kenapa ya?,lakuin tindak nyambung konflik batin laku takut salah yakin contoh takut tolak laku kecil diri sendiri kecil lakuin sesuai contoh,-1,13,0.6924445,True,medium
3109,Aku merasa susah buat nerima kenyataan kalau ada hal yang nggak sesuai harapan. Apa yang bisa aku lakuin?,susah nerima nyata sesuai harap lakuin nerima nyata sesuai harap gampang diri sendiri kecewa kecil kontrol syukur situasi harap penuh susah dengerin,-1,0,0.86974174,True,high
3111,Aku suka ngerasa nggak enak kalau harus milih antara dua hal. Gimana caranya biar nggak bingung?,ngerasa enak milih pilih penting daftar kontra masing masing pilih sesuai butuh diri sendiri tenang jangka panjang pilih pusing perspektif,-1,-1,0.5913917,False,rejected
3112,Aku merasa orang-orang di sekitarku nggak peduli sama apa yang aku rasain. Apa yang salah?,peduli rasain salah peduli berat sengaja cuek sibuk sendiri bukan arti peduli tahu rasain ngerasa down ngerasa dengerin,-1,0,0.74480784,True,medium
3113,Aku sering ngerasa apa yang aku pikirin nggak penting buat orang lain. Gimana caranya biar lebih percaya diri?,ngerasa pikirin penting percaya diri penting down percaya nilai kecil temen keluarga reaksi remeh diri sendiri padahal justru harga ingat momen ubah kecil ngerasa penting,-1,5,0.803748,True,high
3115,"Aku merasa hidupku nggak seimbang, kayak ada yang kurang tapi nggak tahu apa. Gimana caranya tahu?",hidup imbang kurang tahu tahu hidup imbang muncul hidup selaras kerja diri sendiri luang refleksi senang berat perlu jelas kecil istirahat cukup temen ngerasa kurang pikirin,-1,11,0.81322986,True,high
3116,"Kenapa aku merasa nggak pernah cukup, meskipun sudah punya banyak hal?",cukup butuh diri penuh makna harga tuju jelas renung cukup masa situ tahu kecil utuh,-1,17,0.7556673,True,high
3117,"Aku merasa kesepian banget, padahal aku punya temen. Apa yang salah sama aku?",sepi padahal temen salah sepi jumlah temen kurang emosional jujur temen temenmu salah temen dekat hati hati salah butuh hangat,-1,0,0.7656872,True,high
3121,Aku merasa dunia ini nggak adil. Kenapa hidupku susah banget?,adil hidup susah berat adil langsung hidup penuh tantang kendali kecil peduli laku tenang situ,-1,11,0.6720935,True,medium
3123,Aku merasa nggak dihargai sama orang lain. Apa yang harus aku lakukan?,harga laku enak harga pertama diri sendiri harga diri sendiri laku diri pengaruh komunikasi dekat jujur tetap santai harap tetap ubah suportif,-1,33,0.6976939,True,medium
3125,Aku merasa orang lain selalu lebih baik dari aku. Gimana biar nggak gitu?,banding emang kecil inget jalan tantang sendiri masuk udah capai kecil unik susah kurang scrolling media sosial laku bangga diri sendiri,-1,18,0.74597925,True,medium
3126,Aku sering merasa nggak berguna. Apa yang bisa aku lakukan?,laku berat sendiri nilai laku kecil makna tugas sederhana arti muncul temen dekat profesional sisi diri,-1,29,0.66095525,True,medium
3127,Aku merasa hidupku nggak seimbang. Apa yang harus aku ubah?,hidup imbang ubah hidup imbang emang capek kewalahan terlalu kerja lupa diri sendiri daftar prioritas sisih bahagia olahraga temen ubah kecil tidur atur atur bareng,-1,25,0.770968,True,high
3129,Aku merasa nggak bisa move on dari masa lalu. Apa yang harus aku lakukan?,move masa laku susah move masa tinggal luka terima perlu buru buru buang diri sendiri laku hidup temen aktivitas berat profesional kecil,-1,17,0.7232968,True,medium
3131,"Aku sering merasa gelisah tanpa tahu kenapa, apa ini normal?",gelisah tahu gelisah alas nyaman arti tubuh respons paham tekan kecil tumpuk dokumen kata tubuh natur konkret abstrak saling interaksi teknik sederhana pelan jalan jalan sebentar gelisah muncul tahu picu bareng,-1,24,0.75064,True,high
3134,"Aku merasa nggak bisa fokus, pikiranku melayang terus. Apa yang salah?",layang terus salah layang layang frustrasi arti salah beban kurang stimulasi libat dokumen sebut sisi interaksi tubuh jiwa aktivitas susun puzzle tahu susah diam,-1,7,0.7767445,True,high
3135,"Aku merasa nggak nyaman sama diri sendiri, kayak nggak suka sama aku. Kenapa ya?",nyaman diri sendiri nyaman diri sendiri sendiri dokumen manusia sisi fisik rohani saling pengaruh muncul terlalu nilai diri sendiri alam ragu apresiasi kecil diri terus langsung eksplor nyaman,-1,0,0.75935614,True,high
3138,"Aku merasa nggak bisa berhenti khawatir, apa yang bisa aku lakukan?",henti khawatir laku khawatir terus terus lelah dokumen sisi makna khawatir stuck teknik sederhana khawatir sisih khusus sisa perhati aktivitas rileks jalan jalan terus ganggu tahu picu bareng,-1,-1,0.6396539,False,rejected
3147,"Aku merasa nggak bisa menikmati apa pun, semua kayak hambar. Apa yang terjadi sama aku?",nikmat hambar hambar hidup kait qalbu imbang inget kapan akhir ngerasa senang situ laku kecil bahagia datar langsung lama jangan ragu psikolog butuh,-1,0,0.8387378,True,high
3151,"Hidupku rasanya berantakan, nggak ada keseimbangan. Apa yang bisa aku lakukan?",hidup beranta imbang laku hidup beranta puzzle cerai berai diri qalbu akal hawa nafsu perlu imbang daftar paling urgent urus atur istirahat senang kerja kacau psikolog peta hidup rapi,-1,11,0.8040198,True,high
3153,"Aku sering merasa bersalah kalau nggak produktif, apa ini wajar?",salah produktif salah produktif muncul zaman serba cepat tubuh batas terus dokumen jaga jiwa masuk penuh butuh hidup sehat beri diri izin istirahat salah tetap tuju kecil harga usaha kecil,-1,28,0.74016595,True,medium
3168,Aku merasa terjebak dalam pola pikir negatif. Gimana cara keluar dari situ?,jebak pola negatif keluar situ pola negatif lingkar susah lepas tantang bukti aktivitas nikmat olahraga seni picu negatif,-1,-1,0.6451018,False,rejected
3169,Aku merasa sulit merasa bahagia meski hidupku sepertinya baik-baik saja. Kenapa ya?,sulit bahagia hidup luar hampa perlu dieksplor butuh emosional tuju pribadi laku kecil senang nonton film favorit langsung lama psikolog paham senyum,-1,0,0.74135363,True,medium
3175,Aku merasa nggak punya tujuan hidup. Apa yang bisa aku lakukan?,tuju hidup laku hilang arah utama hidup berat psikologi utama psikologi kembang dewasa tuju proses bukan instan diri sendiri kecil excited situ ketimbang langsung tuju lakuin,-1,29,0.7464769,True,medium
3177,Aku merasa nggak produktif di kerja. Apa yang salah denganku?,produktif kerja salah salah perlu ngatur energi psikologi industri produktivitas pengaruh stres kurang istirahat kerja tugas kurang tidur tahu produktif rencana kecil ngatasinnya,-1,31,0.73611885,True,medium
3181,Aku merasa tertekan sama ekspektasi orang lain. Gimana cara ngatasinnya?,tekan ekspektasi ngatasinnya ekspektasi lega psikologi sosial diajarin bedain ekspektasi realistis beban diri sendiri ekspektasi siapa paling tekan nyaman ngomongin ngelepas tekan,-1,1,0.73059094,True,medium
3183,Aku merasa capek banget sama rutinitas. Apa yang bisa aku lakukan?,capek laku capek nyedot energi psikologi industri diajarin nyari imbang kerja diri sendiri sisih neng jalan jalan nonton film paling capek ringan,-1,29,0.67310774,True,medium
3184,Aku merasa susah buat nerima diri sendiri. Apa yang bisa aku coba?,susah nerima diri sendiri nerima diri sendiri proses gampang psikologi klinis awal kenal diri sendiri diri kecil nyaman susah nerima diri sendiri dengerin bareng,-1,0,0.7359665,True,medium
3185,Aku merasa orang-orang di sekitarku toxic. Gimana cara ngadepinnya?,toxic ngadepinnya toxic berat psikologi sosial saran batas jelas nyaman rangin interaksi tenang toxic saran ngadepinnya,-1,-1,0.6244223,False,rejected
3187,Metode non-eksperimental itu seperti apa? Aku nggak suka hal-hal yang terlalu terkontrol.,metode eksperimental terlalu kontrol metode eksperimental santai atur ketat eksperimen bayangin temen ubah tahu cemas ramai perhati situasi cocok alur natural situasi nyaman bareng,-1,-1,0.61008465,False,rejected
3191,Metode kuesioner itu seperti apa? Aku suka nulis jawaban untuk pertanyaan.,metode kuesioner nulis metode kuesioner ngisi kuis angket diri rasain jelas stres nulis beberapa sederhana topik eksplor lewat kuesioner,-1,28,0.6501194,True,medium
3195,Aku merasa cemas saat harus mengisi kuesioner untuk penelitian. Apa yang bisa aku lakukan supaya lebih tenang?,cemas kuesioner laku tenang cemas kuesioner formal beberapa bayang kuesioner obrol ringan teman perlu jujur lewat penting santai sesuai mampu salah,-1,14,0.70449334,True,medium
3198,Aku takut jawabanku di kuesioner nanti salah. Apa yang harus aku lakukan?,takut kuesioner salah laku tenang kuesioner bukan salah tuju tahu jujur sesuai alam baca ulang perlahan penting nyaman sendiri,-1,0,0.74361956,True,medium
3200,"Aku pernah ikut wawancara, tapi kok rasanya kaku. Gimana supaya lebih enak?",wawancara kaku enak wawancara kaku nyaman ringan santai suasana rileks terlalu formal nyaman gaya obrol santai,-1,-1,0.48535562,False,rejected
3203,Aku diminta ikut tes kelompok. Apa bedanya sama tes perorangan?,minta kelompok kelompok laku bareng sekaligus cepat praktis sekolah kantor personal suasana santai berat bareng kelompok senang butuh penuh cocok,-1,-1,0.6065881,False,rejected
3204,Aku sering merasa cemas sebelum tes. Ada cara nggak sih biar lebih tenang?,cemas tenang cemas arti peduli hasil beberapa tenang siap diri mirip siap panik ingat diri sendiri usaha laku,-1,10,0.8158796,True,high
3211,"Aku merasa orang lain lebih cepat ngerti sesuatu. Aku ketinggalan, ya?",cepat tinggal tinggal sendiri paham cocok peta temen maju sendiri bukan cepat tuju,-1,-1,0.5747643,False,rejected
3217,Aku susah banget bedain hal-hal yang mirip. Apa ini normal?,susah bedain mirip mampu bedain berapa peka hampir perlu notice diri banding detail kecil frustrasi temen profesional saran,-1,0,0.72195864,True,medium
3220,Aku merasa sulit nangkap apa yang orang bilang kalau suasananya rame. Ada saran?,sulit nangkap suasana rame saran susah campur tempat tenang sumber ngomong sulit minta ngomong ulang pelan pelan arti kurang suasana dukung,-1,0,0.7447151,True,medium
3222,Aku ngerasa dunia ini terlalu penuh sama distraksi. Apa yang bisa aku lakukan?,ngerasa terlalu penuh distraksi laku terlalu batas matiin notifikasi pilih khusus tempat minim distraksi taman sudut cozy tenangin,-1,-1,0.61845684,False,rejected
3227,"Kenapa perilaku kita bisa beda-beda, padahal kita sama-sama manusia?",perilaku padahal manusia sendiri tindak perilaku pengaruh alam hidup kota ramai hiruk pikuk banding temen tumbuh desa bentuk tanggap reaksi,-1,-1,0.6161453,False,rejected
3230,"Aku susah nerima kenyataan, ada cara nggak biar aku lebih kuat menghadapinya?",susah nerima nyata kuat hadap susah terima nyata situasi berat sulit terima takut hilang kelola bicara percaya ringan hadap nyata,-1,0,0.8403579,True,high
3233,Kenapa aku suka bertindak impulsif? Aku benci sifat ini!,tindak impulsif benci sifat tindak impulsif kesal diri sendiri muncul emosi kuat stres gembira langsung tindak panjang teknik sederhana hitung lima tindak mikir pelan pelan kenal picu,-1,0,0.764392,True,high
3234,"Aku merasa hidupku nggak ada artinya, apa yang bisa aku lakukan?",hidup arti laku berat sendiri kait butuh makna koneksi hidup kecil laku bicara peduli terus bicara profesional hidup arti,-1,11,0.7877025,True,high
3236,"Aku pengen lebih mengenal diri sendiri, apa yang bisa aku coba?",kenal diri sendiri kenal diri sendiri keren senang takut jurnal laku pola diri,-1,0,0.65832436,True,medium
3237,"Aku sering merasa orang lain nggak ngerti aku, kenapa ya?",erti sepi sendiri miskomunikasi spesifik sedih abai butuh jelas jelas siapa,-1,-1,0.58032095,False,rejected
3240,"Aku pengen hidup lebih teratur, apa yang bisa aku lakukan?",hidup atur laku hidup atur tuju bagus kecil perilaku pengaruh dukung rapi meja kerja hidup atur,-1,28,0.6844617,True,medium
3243,Kadang aku teringat momen memalukan dari masa lalu. Kenapa ya itu kebawa terus?,ingat momen malu masa bawa terus momen malu emang nempel kepala otak cenderung ingat emosi kuat nyaman ingat senang lama lama momen,-1,7,0.7051611,True,medium
3245,"Aku pernah lupa sesuatu yang penting banget, dan itu bikin aku takut. Kenapa ini terjadi?",lupa penting takut lupa penting panik otak simpan sedang stres cemas terlalu bukan arti salah perhati diri sendiri penting buku catat ponsel takut tahu tekan lanjut,-1,10,0.82268435,True,high
3251,"Aku pengen bisa lebih cepat paham sesuatu, tapi kok lambat banget. Normal nggak sih?",cepat paham lambat totally cepat sendiri paham penting tetap serah cocok nempel kepala lambat perlu istirahat cukup pikirin seru paham,-1,28,0.7808804,True,high
3259,"Aku merasa belajar cuma buat nilai, nggak bikin aku pinter. Gimana biar belajar lebih bermakna?",nilai pinter makna nilai emang kosong tahu materi relate hidup sejarah bayangin masa putus tuju kaya wawas sisi seru,-1,-1,0.60278606,False,rejected
3261,"Kadang aku coba selesaikan sesuatu, tapi malah gagal terus. Apa aku harus terus coba-coba aja gitu?",malah gagal terus terus gagal terus jeda gagal pola paham arah,-1,7,0.66449547,True,medium
3262,Aku merasa nggak cukup pinter buat selesain masalah yang ribet. Apa aku emang nggak mampu?,cukup pinter selesain ribet emang mampu jangan buru buru diri sendiri sendiri selesain emang rumit bukan arti mampu kecil paham pelan pelan kembangin yakin asal diri sendiri pikirin awal,-1,28,0.73056436,True,medium
3274,Kenapa aku selalu lambat nangkap kalau orang ngomong cepat?,lambat nangkap ngomong cepat cepat proses cepat tangkap detail lisan kuat baca visual minta bicara pelan catat poin penting sulit situasi,-1,28,0.71658456,True,medium
3275,"Aku nggak bisa fokus belajar, apa otakku bermasalah?",otak arti otak pengaruh suasana hati kurang cocok tahu nyaman,-1,7,0.71406996,True,medium
3280,Aku ngerasa nggak berguna kalau nggak menang lomba. Apa aku salah?,ngerasa menang lomba salah salah ngerasa hasil nilai diri menang lomba usaha peduli ngerasa menang,-1,-1,0.62495625,False,rejected
3289,"Aku suka banget lihat lukisan, rasanya damai. Itu perasaan apa ya?",lukis damai estetika senang indah bagus arti peka indah lukis ingat hati tenang,-1,-1,0.5297147,False,rejected
3294,Aku suka merasa harap-harap cemas nunggu hasil tes. Itu apa sih?,harap harap cemas nunggu hasil sebut expectancy feeling campur aduk harap cemas nunggu hasil penting harap harap cemas pikirin ngelupain jenak nunggu,-1,0,0.6703837,True,medium
3296,Aku merasa bersalah kalo gak sholat. Itu perasaan apa?,salah kalo sholat tuhan yakin salah peduli nilai nilai pegang luangin refleksi lakuin hati tenang ibadah lanjut,-1,-1,0.60049343,False,rejected
3297,"Aku gak suka ngeliat orang miskin di jalan, rasanya gak enak. Itu normal gak?",ngeliat miskin jalan enak sosial simpati empati sentuh kondisi hati peduli ganggu pikirin kecil enak,-1,14,0.73939973,True,medium
3300,Aku gak punya harapan lagi sama apa-apa. Ini kenapa ya?,harap hilang harap stuck lelah tekan harap pasif yakin bangkit kecil balikin semangat,-1,17,0.7353455,True,medium
3301,Aku merasa jijik lihat sampah di jalan. Itu perasaan apa?,jijik sampah jalan estetika nyaman turut indah kotor arti peka kesel pikirin ngatasin nyaman notice,-1,15,0.6690383,True,medium
3308,Aku ngerasa hidupku nggak ada tujuan. Gimana caranya biar semangat lagi?,ngerasa hidup tuju semangat tuju berat semangat pikirin kecil arti excited pikirin kecil,-1,11,0.7774192,True,high
3318,Aku kadang ngerasa orang lain nggak suka sama aku. Apa aku harus berubah?,ngerasa ubah insecure seringkali bukan fakta ubah paham ngerasa situasi sisi,-1,0,0.7651939,True,high
3320,Aku ngerasa semua yang aku lakuin nggak ada gunanya. Apa aku harus berhenti aja?,ngerasa lakuin henti berat ngerasa down lakuin arti ngerasa kecil arti,-1,0,0.8105358,True,high
3322,"Aku suka banget kerja keras, tapi sekarang rasanya aku cuma pengen menang. Itu normal nggak?",kerja menang semangat kerja keren menang butuh prestasi sedang kuat bukti stres lanjut,-1,29,0.6937542,True,medium
3325,"Aku suka bantu orang, tapi kadang merasa dimanfaatin. Harusnya aku berhenti nggak?",dimanfaatin henti hati dimanfaatin perlu batas lelah situasi tetap rugi,-1,0,0.6887867,True,medium
3329,"Aku nggak suka main-main, lebih suka serius. Apa aku terlalu kaku?",main main serius terlalu kaku salah serius nikmat hidup kaku ringan sekal nonton film lucu rileks,-1,-1,0.52599454,False,rejected
3333,"Aku suka ngoleksi barang, apa itu cuma buang-buang duit?",ngoleksi barang buang buang duit ngoleksi barang ekspresi diri kendali buang buang duit lama bahagia ngoleksi,-1,0,0.68184876,True,medium
3335,"Aku pengen berhenti bantu orang karena capek, apa itu egois?",henti capek egois egois capek butuh istirahat jaga diri sendiri capek lelah,-1,-1,0.63310647,False,rejected
3337,"Aku pengen jadi yang terbaik di segala hal, tapi capek. Harusnya aku terus nggak?",segala capek terus semangat capek terlalu diri sendiri paling penting dengerin,-1,31,0.71147513,True,medium
3340,"Kenapa ya, kadang aku nggak sadar kenapa aku bertindak begitu? Kayak refleks gitu.",tindak refleks perilaku refleksif kaget tangan langsung tutup muka otomatis perilaku respons langsung tubuh hadap bahaya tindak ganggu pola muncul stres paham bareng,-1,10,0.6712728,True,medium
3341,"Aku pengen banget punya kebiasaan baru, misalnya bangun pagi lebih rajin. Tapi susah banget! Gimana caranya supaya bisa konsisten?",pagi rajin susah konsisten bentuk gampang salah diri pagi alarm awal tingkat pelan pelan penting jangan terlalu diri sendiri gagal reward kecil ngopi enak pagi makin semangat pagi tuju,-1,2,0.7160243,True,medium
3343,"Aku pengen jadi lebih disiplin, tapi selalu gagal. Ada saran nggak supaya aku bisa berubah?",disiplin gagal saran ubah disiplin butuh langsung hasil kecil jadwal sederhana tugas hasil diri puji hadiah kecil penting paham disiplin tuju tuju jelas gampang motivasi gagal jangan patah semangat anggap proses susah disiplin,-1,-1,0.60763407,False,rejected
3345,"Aku pengen ngubah kebiasaan buruk, seperti ngelamun berlebihan. Gimana caranya supaya berhasil?",ngubah ngelamun hasil ubah butuh usaha seru anggap tualang kenal diri sendiri ngelamun perhati kapan paling laku bosan stres justru nyaman diri aktivitas jalan jalan sebentar pelan pelan kurang kurang ngelamun bareng,-1,0,0.66412556,True,medium
3346,Kenapa sih perilaku kita bisa beda-beda di situasi yang berbeda?,perilaku situasi perilaku cermin diri santai temen tegang presentasi tekan situasi pengaruh tindak perhati situasi paling diri sendiri situ nyaman,-1,0,0.7177289,True,medium
3347,Aku sering ngerasa perilakuku dipengaruhi lingkungan. Gimana caranya supaya aku lebih kuat ngendalin diri?,ngerasa perilaku pengaruh kuat ngendalin diri pengaruh kuat ngatur diri sendiri kenal pengaruh temen ngajak kerja batas kecil distraksi diri tindak kesal paling susah kontrol,-1,0,0.83388233,True,high
3349,"Kenapa ya, aku kadang nggak bisa nahan diri buat ngelakuin sesuatu, padahal tahu itu nggak baik?",nahan diri ngelakuin padahal tahu tindak mikir panjang dorong kuat emosi lama tahu media sosial kerja tangan gatal perhati tahan positif taruh ponsel jauh jauh reminder kecil susah nahan diri,-1,18,0.7248942,True,medium
3351,"Aku suka ngikutin orang lain, padahal kadang nggak sesuai sama keinginanku. Gimana caranya supaya lebih mandiri?",ngikutin padahal sesuai mandiri ngikutin yakin diri sendiri mandiri kenal putus diri sendiri beneran putus kecil pilih makan pelan pelan percaya pilih ngikutin solusi,-1,0,0.7233758,True,medium
3352,"Aku merasa perilakuku kadang nggak konsisten, kayak gampang berubah-ubah. Itu kenapa ya?",perilaku konsisten gampang ubah ubah perilaku ubah ubah sesuai diri situasi emosi rasain super ramah temen diam capek lama diri sendiri perhati kapan paling konsisten pola stres tekan ngerasa,-1,0,0.7384826,True,medium
3353,"Aku pengen belajar lebih sabar, tapi susah banget. Ada tips nggak supaya aku bisa lebih tenang?",sabar susah tips tenang sabar instan niat sederhana kesal hitung reaksi situasi sabar diri sendiri buru buru ngasih diri sendiri mikir tenang sabar,-1,0,0.7032492,True,medium
3362,"Aku merasa susah nerima kenyataan, apa yang bisa aku coba?",susah nerima nyata susah terima nyata utama situasi berat renung sulit terima takut sedih bicara percaya pelan pelan ingat butuh susah move,-1,0,0.84433603,True,high
3363,"Aku pengen tahu kenapa aku bertindak impulsif, ada saran?",tahu tindak impulsif saran tindak impulsif kesal diri sendiri retrospeksi belakang tindak panjang emosi kuat marah excited teknik sederhana hitung lima tindak jeda impulsif,-1,0,0.6698138,True,medium
3366,"Aku merasa hidupku nggak ada arah, apa yang bisa aku lakukan?",hidup arah laku hilang sendiri luang renung kosong kecil senang jalan jalan temen terus bicara peduli profesional arah tuju,-1,17,0.69920564,True,medium
3369,Aku merasa lingkunganku bikin aku susah berkembang. Apa bener lingkungan punya pengaruh besar gitu?,susah kembang pengaruh emang pengaruh tindak tekan susah kembang perhati ngerasa stuck ruang kecil diri sendiri luangin senang ngerasa hambat obrolin,-1,0,0.80013186,True,high
3371,"Aku susah banget ngerjain tugas kelompok, soalnya nggak nyaman sama timku. Gimana caranya biar bisa kerja sama?",susah ngerjain tugas kelompok nyaman kerja kerja emang challenging nyaman komunikasi kecil tugas suasana kurang enak tuju bareng alas saling dukung susah minta ketua dosen nyaman solusi,-1,14,0.71674645,True,medium
3373,Aku sering ngerasa apa yang aku kerjain nggak ada hasilnya. Gimana caranya biar tahu aku udah bikin kemajuan?,ngerasa kerjain hasil tahu udah maju down tahu maju catat udah lakuin kecil berapa halaman udah baca paham maju langsung ngerasa kembang udah capai jauh,-1,17,0.69235474,True,medium
3375,Aku pengen ngerti kenapa aku susah fokus waktu belajar. Apa ada cara buat tahu apa masalahnya?,susah tahu susah datang pertama nyalahin diri sendiri perhati berisik penuh tempat tenang teknik sederhana pomodoro istirahat susah tahu bareng,-1,-1,0.6437907,False,rejected
3377,Aku sering ngerasa apa yang aku pikirin nggak sesuai sama kenyataan. Gimana caranya biar lebih realistis?,ngerasa pikirin sesuai nyata realistis lari realistis pikirin bandingin fakta ngerasa gagal diri sendiri gagal sesuai ekspektasi temen objektif perspektif sinkron nyata,-1,0,0.67762315,True,medium
3380,Aku merasa nggak punya tujuan jelas dalam hidup. Gimana caranya biar tahu apa yang aku mau?,tuju jelas hidup tahu tuju sendiri diri sendiri senang arti perlu tuju cukup kecil senyum nilai nilai penting tunjuk percaya ngerasa lost,-1,17,0.7464102,True,medium
3381,"Aku merasa sifatku nggak bisa diubah, bener nggak sih ini?",sifat ubah stuck sifat sifat ubah diri bawa temperamen alam peran ubah kecil fleksibel,-1,17,0.6760642,True,medium
3384,"Aku sering ngerasa nggak cocok sama lingkunganku, apa yang bisa aku lakukan?",ngerasa cocok laku cocok sepi nilai sesuai jalan ubah dukung nyaman,-1,0,0.69003814,True,medium
3387,"Aku merasa lingkunganku bikin aku jadi orang yang nggak aku suka, apa yang salah?",salah ubah berat pengaruh perilaku kuasa pengaruh tahu begini keliling diri dukung versi diri,-1,29,0.723168,True,medium
3395,"Aku merasa lingkunganku bikin aku nggak jadi diri sendiri, apa yang bisa aku lakukan?",diri sendiri laku diri sendiri nyaman pengaruh kuasa pilih dukung tahu begini teman tempat autentik,-1,-1,0.58840764,False,rejected
3398,"Aku merasa sifatku bikin aku susah dekat sama orang lain, apa yang salah?",sifat susah dekat salah susah dekat sepi salah sifat pengaruh bawa interaksi ringan nyaman perhati jauh situasi,-1,0,0.71213126,True,medium
3399,Aku sering merasa susah fokus karena pikiranku penuh sama hal-hal kecil. Gimana caranya biar bisa lebih sadar sama apa yang lagi aku lakuin?,susah penuh kecil lakuin penuh kecil stres tekan diri perhati lama tenang catat sibuk pola tenang pikirin bareng,-1,0,0.8227285,True,high
3401,"Aku pengen belajar lebih konsisten, tapi selalu gagal di tengah jalan. Ada tips nggak biar aku bisa terus semangat?",konsisten gagal tengah jalan tips terus semangat konsisten gampang niat tuju kecil reward kecil hasil dengerin favorit gagal jangan terlalu diri sendiri henti kurang materi terlalu berat susah konsisten cocok,-1,29,0.7990968,True,high
3412,"Aku pengen banget jadi lebih disiplin, tapi kok susah banget buat konsisten. Ada saran?",disiplin susah konsisten saran disiplin tantang niat awal keren pecah tuju kecil pagi alarm awal hadiah kecil diri sendiri hasil ngopi enak nonton serial favorit gagal jangan terlalu diri sendiri konsistensi pelan pelan,-1,-1,0.6417091,False,rejected
3413,Aku sering ngerasa bersalah kalau nggak produktif. Gimana cara ngatasin perasaan ini?,ngerasa salah produktif ngatasin salah produktif dirasain zaman serba cepat ingat luang istirahat salah anggap jaga diri terus muncul daftar kecil udah capai kecil udah usaha harga laku,-1,28,0.7648078,True,high
3416,Aku merasa orang lain selalu lebih baik dari aku. Gimana cara berhenti membandingkan diri?,henti banding diri banding diri jebak lupa diri sendiri hidup udah capai kecil daftar syukur media sosial banding makin parah kurang scroll nilai ukur cukup,-1,18,0.7020328,True,medium
3418,Aku merasa hidupku nggak punya tujuan. Apa yang bisa aku lakukan?,hidup tuju laku hidup tuju sendiri tahu penasaran senang kecil masak baca buku tanyain diri sendiri takut gagal buntu percaya tuju cukup hidup,-1,11,0.73768795,True,medium
3419,"Aku merasa nggak bisa nyanyi, padahal pengen banget. Gimana cara mulai belajar?",padahal semangat keren perlu langsung jago sederhana favorit kamar sendiri rekam berani dengar progres serius vokal tonton tutorial gratis internet penting nikmat proses jangan terlalu khawatir bagus unik masuk,-1,-1,0.56976914,False,rejected
3420,Aku merasa orang tua terlalu ngatur hidupku. Gimana cara ngatasinnya?,terlalu ngatur hidup ngatasinnya nyaman kontrol terus tenang nyalahin putus sendiri mandiri ngatur tetap batas kecil pilih giat situasi berat temen konselor sudut pandang,-1,0,0.7910435,True,high
3421,Aku merasa nggak dihargai sama temen. Apa yang harus aku lakukan?,harga temen laku harga sakit sengaja sengaja temenmu jujur kurang harga begini bicara ubah lingkar dukung keliling harga,-1,0,0.7075754,True,medium
3424,"Aku pengen jadi lebih sabar, tapi kok susah banget. Ada tips?",sabar susah tips sabar emang butuh gagal perhati kapan paling gampang kesal capek stres hitung reaksi situasi sudut pandang sengaja kesal sabar makin makin kuat pelan pelan,-1,28,0.707475,True,medium
3426,"Kenapa ya, aku kadang merasa apa yang aku lihat itu gak sama kayak kenyataannya?",nyata depan mata diri alam bahkan harap pengaruh takut balik pintu bayang seram perhatiin rasain ngerasa dengerin,-1,0,0.6633512,True,medium
3428,"Aku ngerasa hidupku kayak gak teratur, susah ngerti apa yang aku mau. Apa yang salah?",ngerasa hidup atur susah salah campur aduk salah hidup sekaligus kecil diri sendiri neng atur dengerin ngerasa atur,-1,0,0.8216557,True,high
3430,Aku merasa gak bisa ngerti apa yang aku rasain kadang-kadang. Apa yang bisa aku lakuin?,rasain lakuin kusut nama sedih susah percaya jelas susah dengerin,-1,0,0.749374,True,medium
3431,Aku suka ngerasa orang lain gak ngerti apa yang aku lihat atau rasain. Gimana cara ngatasinnya?,ngerasa rasain ngatasinnya dinding pandang sendiri rasain contoh sederhana sudut nyambung ngerasa erti dengerin,-1,30,0.65037036,True,medium
3436,"Aku sering merasa harus bikin orang lain senang, tapi kok malah aku yang capek. Apa yang salah?",senang malah capek salah bahagia usaha senang habis energi laku harap balas ruang diri sendiri cukup diri sendiri,-1,29,0.824345,True,high
3439,Aku ngerasa sikap temenku bikin aku kesal. Apa aku harus ngomong ke dia biar dia berubah?,ngerasa sikap temenku kesal ngomong ubah sikap luar kendali harap ubah kecewa diri sendiri ubah respons batas interaksi perlu ngomong tenang jangan harap ubah laku temenmu kesal,-1,0,0.79426646,True,high
3442,Aku sering ngerasa nggak bisa ngontrol pikiran negatif. Gimana caranya biar lebih positif?,ngerasa ngontrol negatif positif negatif datang kuasa kenal netral diri sendiri tenang aktivitas nulis olahraga keluar negatif,-1,0,0.78505635,True,high
3443,Aku ngerasa masa lalu aku bikin aku susah percaya sama orang. Gimana caranya biar nggak gitu?,ngerasa masa susah percaya masa ninggalin luka susah percaya kecil diri perlahan percaya kendali pilih temen percaya,-1,0,0.7127678,True,medium
3446,Aku ngerasa orang lain bikin aku kesal karena sikapnya. Apa aku salah kalau kesal?,ngerasa kesal sikap salah kesal kesal sikap ubah kendali tanggap jaga jarak perlu jaga nyaman tenang kesal,-1,0,0.8065961,True,high
3449,Kenapa aku merasa nggak punya kendali atas hidupku?,kendali hidup muncul terlalu luar kendali kendali kata kata tindak situ pilih tindak positif jurnal jalan jalan sebentar kuasa hidup,-1,17,0.7040325,True,medium
3451,"Aku pengen merencanakan karier, tapi takut nggak tercapai, gimana caranya biar nggak stres?",rencana karier takut capai stres rencana karier bagus takut hasil sesuai rencana fleksibel peta jalur laku skill jaga kolega ingat hasil akhir sepenuh tangan usaha kecil laku bawa dekat tuju,-1,-1,0.63939893,False,rejected
3453,"Aku merasa hidupku nggak berjalan sesuai rencana, apa yang salah?",hidup jalan sesuai rencana salah hidup sesuai rencana sesat salah hidup penuh kejut diri sendiri laku tindak kecil tugas laku kendali,-1,17,0.785092,True,high
3455,"Aku merasa orang lain bikin hidupku susah, apa yang harus kulakukan?",hidup susah laku sikap frustrasi luar kendali ubah tanggap sinis pilih tetap tenang batas interaksi diri sendiri sudut tindak damai,-1,0,0.79222393,True,high
3460,"Aku sering merasa hidup ini seperti kompetisi, dan aku harus lebih baik dari orang lain. Apa salahnya sih berpikir begitu?",hidup kompetisi salah hidup lomba terus terus banding diri lupa nikmat jalan sendiri bukan salah bayang jalan jalan rata kejar kalah siapa sendiri tuju tuju penting jauh ringan bukan,-1,-1,0.615196,False,rejected
3462,Aku merasa minder karena aku nggak sehebat temen-temenku. Gimana cara ngatasin perasaan ini?,minder temen temenku ngatasin minder sudut jalan masing masing tara laku bangga diri kecil situ ringan,-1,30,0.7625096,True,high
3463,"Aku sering merasa orang lain nggak peduli sama aku, kayak aku nggak cukup penting. Apa yang bisa aku lakukan?",peduli cukup penting laku tahu perhati berat sedang sibuk sendiri bukan arti peduli tunggu perhati laku arti kerja beri justru harga,-1,29,0.65369606,True,medium
3468,Aku merasa nggak punya apa-apa dibandingkan temenku yang sukses. Gimana caranya aku nggak terjebak di pikiran ini?,banding temenku sukses jebak stuck capai kecil sekadar tahan berat arti sukses bukan arti gagal sendiri jalan harga,-1,29,0.70288193,True,medium
3469,Aku merasa masa laluku selalu menghantuiku dan bikin aku susah move on. Gimana caranya aku bisa lepas dari itu?,masa hantu susah move lepas masa ubah pandang ubah makna ikan masa kuasa sudut kuat bukan beban masa,-1,-1,0.5891958,False,rejected
3477,"Kadang aku ngerasa hidup ini kayak kompetisi, dan aku harus menang. Tapi capek banget. Gimana caranya berhenti ngerasa gitu?",ngerasa hidup kompetisi menang capek henti ngerasa hidup lomba bayangin lepas kacamata menang kalah bahagia bukan ngalahin lakuin bukan pamer lakuin diri sendiri mikirin menang kalah,-1,0,0.6811907,True,medium
3480,Aku merasa sulit jadi mandiri. Rasanya selalu butuh orang lain.,sulit mandiri butuh proses mandiri bukan arti sendiri percaya diri putus hadap tantang kecil tugas sederhana sendiri sulit mandiri,-1,-1,0.64122784,False,rejected
3484,Aku susah banget bikin temen dekat. Apa aku nggak menarik?,susah temen dekat temen dekat gampang bukan arti teman butuh usaha obrol ringan giat bareng susah temen dekat,-1,14,0.773669,True,high
3487,"Kalau aku nggak suka pasanganku ngobrol sama lawan jenis, apa itu salah?",pasang lawan jenis salah salah nyaman datang percaya kontrol percaya khawatir jujur pasang,-1,13,0.6738013,True,medium
3493,"Jadi, maksudnya aku sengaja cari-cari alasan untuk nggak dekat sama orang lain?",sengaja alas dekat hindar tantang makanya kurang lindung diri tugas tugas hidup berat,-1,-1,0.6199304,False,rejected
3494,Aku memang sering merasa hubungan sama orang lain itu ribet. Aku nggak salah kan kalau menghindarinya?,ribet salah hindar salah ribet hindar lari tumbuh bayangin hadap nemuin sisi positif koneksi,-1,0,0.7439896,True,medium
3497,"Aku merasa hidup ini berat banget, kayak ada beban yang nggak bisa aku lepas. Apa yang salah sama aku?",hidup berat beban lepas salah salah hidup berat hadap sendiri beban muncul jebak hindar tantang paling beban,-1,0,0.71182513,True,medium
3498,"Aku sering ngerasa minder, kayak nggak pernah cukup baik. Gimana cara aku ngatasin ini?",ngerasa minder cukup ngatasin minder jangan biarin ngatur hidup cukup terlalu diri sendiri padahal penting berani diri sendiri kecil diri situ,-1,0,0.81923306,True,high
3502,Aku sering merasa harus bikin orang tua aku bangga. Tapi itu bikin aku capek. Harusnya aku hidup buat siapa sih?,bangga capek hidup siapa hidup penuh ekspektasi masuk bangga capek diri sendiri hidup milik arti bukan kejar,-1,11,0.74184716,True,medium
3503,Kenapa aku selalu pengen orang lain ngeliat aku hebat? Aku nggak bisa lepas dari keinginan itu.,ngeliat lepas harga malah jebak bayang laku bukan puji bahagia turut bahagia sejati datang bukan,-1,0,0.773445,True,high
3504,"Aku suka sih bantu orang, tapi kalau nggak ada yang ngucapin terima kasih, aku jadi males. Itu salah nggak sih?",ngucapin terima males salah salah manusiawi kontribusi bukan puji terlalu terima hadiah diri sendiri tahu laku,-1,-1,0.5975919,False,rejected
3507,"Aku merasa kalau nggak ada yang ngeliat usahaku, aku nggak ada artinya. Gimana cara ngatasin ini?",ngeliat usaha arti ngatasin berat usaha harga usaha siapa laku percaya penting arti harga diri sendiri raya capai kecil harga,-1,29,0.74358565,True,medium
3508,"Aku sering ngerasa orang lain itu musuh, bukan temen. Itu bikin aku susah percaya sama orang. Apa yang bisa aku lakuin?",ngerasa musuh bukan temen susah percaya lakuin kecewa teman juang bukan musuh perlu langsung percaya penuh obrol kecil kecil lama lama seram nemenin,-1,0,0.71334344,True,medium
3509,"Aku sering merasa orang tua selalu ikut campur dalam hidupku, apa yang harus aku lakukan?",campur hidup laku paham terlalu atur tugas siapa sedang putus pilih hidup tugas bukan bicara lembut harga perhati putus sendiri yakin khawatir tunjuk mampu,-1,0,0.8067696,True,high
3510,Kenapa aku merasa bersalah kalau nggak memenuhi harapan orang tua?,salah penuh harap senang sayang ingat hidup milik bukan penuh ekspektasi siapa bahkan harap peduli perlu salah pilih jalan bahagia tetap jaga komunikasi,-1,0,0.8194151,True,high
3512,Orang tua bilang mereka ikut campur demi kebaikanku sendiri. Apa bener gitu?,campur sendiri paham sayang khawatir bukan butuh obrol tanyain khawatir jelasin rasain saling erti paksa hendak,-1,0,0.7230966,True,medium
3514,Aku merasa nggak enak kalau nggak bantu orang lain selesaikan masalah mereka. Apa salahnya membantu?,enak salah salah tugas temen curhat dengerin dukung solusi mandiri capek sendiri kuat bukan,-1,0,0.7667066,True,high
3515,Aku merasa hidupku berat karena selalu berusaha bikin orang lain senang. Gimana caranya berhenti?,hidup berat usaha senang henti tahu capek usaha senang nali tugas sendiri berat penuh ekspektasi tanyain diri sendiri tugas siapa bukan tugas lepas bahagia jaga batas sehat,-1,29,0.77913284,True,high
3516,Aku susah percaya sama orang lain kalau aku nggak bisa mengendalikan mereka. Apa yang salah denganku?,susah percaya kendali salah salah susah percaya kendali situasi percaya tugas sedang sikap tugas batas kendali sikap sendiri perlahan percaya atur,-1,0,0.70191574,True,medium
3517,Aku merasa orang tua nggak setuju sama pilihan karirku. Harusnya aku nurut nggak?,tuju pilih karirku nurut tahu sedih tuju karir pilih jalan bukan tugas putus dengerin saran peduli akhir pilih sesuai nilai mimpi jelasin penting sudut pandang,-1,0,0.65161407,True,medium
3519,Aku merasa hidupku nggak akan bahagia kalau orang lain nggak setuju sama pilihanku. Gimana caranya biar nggak gitu?,hidup bahagia tuju pilih paham berat tuju tanyain diri sendiri siapa jalan hidup tugas pilih bahagia bukan senang kecil pilih opini betapa ringan yakin,-1,11,0.73345566,True,medium
3520,Apakah semua persoalan dalam hidup juga sederhana?,hidup sederhana hidup sederhana tampak rumit pandang tanggap,-1,11,0.8443347,True,high
3522,Mengapa seseorang merasa sulit untuk percaya bahwa dunia ini sederhana?,sulit percaya sederhana lensa alam pribadi sosial kompleks sulit terima pandang sederhana,-1,14,0.6812112,True,medium
3525,Apakah tanggung jawab sosial membuat hidup menjadi lebih rumit?,sosial hidup rumit sosial hidup rumit pandang beban hidup rumit hidup sederhana,-1,11,0.7513828,True,high
3526,Apa yang bisa dilakukan untuk mengurangi rasa cemas di dunia modern?,laku kurang cemas modern paham cemas asal pandang kontrol terima ketidakpastian kurang cemas,-1,-1,0.61137074,False,rejected
3527,Bagaimana seseorang bisa belajar dari pandangan orang lain tentang dunia?,pandang hadap perspektif dengar penuh perhati sedia asumsi sendiri,-1,-1,0.61426485,False,rejected
3528,Bagaimana cara seseorang mengatasi perasaan bahwa dunia penuh dengan kemustahilan?,penuh mustahil mustahil hasil persepsi ubah pandang tantang peluang bukan hambat,-1,-1,0.5355401,False,rejected
3529,Apa yang bisa dilakukan untuk menghadapi hubungan yang rumit dengan orang lain?,laku hadap rumit terima rumit hidup komunikasi jujur empati sederhana interaksi,-1,-1,0.6334133,False,rejected
3530,Apa yang bisa dilakukan untuk tetap tenang di tengah kesadaran akan masalah sosial?,laku tetap tenang tengah sosial kontrol tindak kecil terima sendiri,-1,14,0.7277673,True,medium
3534,Aku merasa pembagian tugas yang kamu bilang itu bikin aku nggak peduli sama orang lain. Apa bener gitu?,tugas peduli tugas justru sehat tahu tugas tugas beban ekspektasi perlu tetap peduli korban diri sendiri imbang bukan abai,-1,-1,0.6114283,False,rejected
3536,Aku dengar tentang kisah simpul Gordian. Apa hubungannya sama masalahku yang susah ngatur hubungan sama orang lain?,dengar kisah simpul gordian susah ngatur simpul gordian rumit otak atik pake perlu dekat potong simpul tegas arti berani tugas sendiri jebak drama perlu jernih solusi sederhana,-1,30,0.71710503,True,medium
3537,"Tapi kalau aku motong simpul kayak gitu, bukannya aku bakal menyakiti orang lain atau bikin mereka menjauh?",motong simpul bukan sakit jauh khawatir motong simpul bukan arti sakit bebas diri beban perlu henti usaha ubah justru tulus harga tetap kuat saling hormat batas masing masing,-1,0,0.83484536,True,high
3541,Aku masih susah nerima konsep ini. Rasanya kayak nggak manusiawi. Apa aku salah mikir?,susah nerima konsep manusiawi salah mikir salah awal konsep asing diajarin tugas justru hormat individu kendali hidup bukan dingin beri bebas diri sendiri,-1,-1,0.6362625,False,rejected
3548,"Kalau aku nggak peduli sama pendapat orang lain, apa nggak jadi orang yang sombong?",peduli sombong peduli bukan arti sombong percaya diri sendiri tetap rendah hati jalan hidup sesuai hati putus mikirin omong dukung,-1,0,0.79771256,True,high
3549,Aku merasa hidupku cuma buat menyenangkan orang lain. Gimana caranya berhenti dari kebiasaan ini?,hidup senang henti tetap batas kecil luang laku murni diri sendiri tonton film favorit jalan jalan senang,-1,-1,0.55957097,False,rejected
3552,"Aku merasa bersalah karena nggak bisa bikin orang tuaku senang, apa aku egois?",salah senang egois egois bahagia bukan tugas sendiri bahagia autentik bahagia tunjuk peduli,-1,33,0.7637578,True,high
3555,"Aku merasa kesepian kalau terlalu memisahkan tugas dalam hubungan, apa aku salah paham?",sepi terlalu pisah tugas salah paham salah pisah tugas bukan arti putus beri bebas diri sendiri tetap peduli beban kontrol luang percaya kurang sepi,-1,0,0.76013005,True,high
3557,"Aku merasa masa laluku bikin aku sulit percaya sama orang, apa yang bisa aku lakukan?",masa sulit percaya laku masa ragu kuat ubah pandang masa sulit percaya percaya kecil ringan awal percaya,-1,0,0.7030252,True,medium
3560,"Aku merasa hidupku nggak berarti kalau orang lain nggak menyukaiku, apa yang salah denganku?",hidup arti salah salah manusiawi makna hidup opini hidup kejar harga,-1,11,0.74070275,True,medium
3564,"Aku pengen punya hubungan yang baik sama orang lain, tapi kok rasanya sulit banget. Apa yang salah?",sulit salah salah butuh usaha salah kunci tempat saling dukung diri sendiri laku harga sederhana dengar penuh perhati ringan hakim situ alami,-1,13,0.7769772,True,high
3567,Aku merasa dunia ini cuma tentang aku dan masalahku. Apa ini bikin aku jadi orang yang egois?,egois perlu salah sendiri berat sekal perhati dengerin temen kecil luas pelan pelan ringan,-1,0,0.7266836,True,medium
3569,Kadang aku ngerasa orang lain cuma bikin hidupku tambah susah. Apa bener semua masalah itu dari hubungan sama orang lain?,ngerasa hidup tambah susah hehe pusing datang muncul sendiri sempat bukan beban konflik diri sendiri sumber kuat bukan,-1,0,0.7317544,True,medium
3572,Kenapa aku sering merasa kecewa kalau orang lain nggak memenuhi harapanku?,kecewa penuh harap kecewa harap ngasih lupa butuh batas ubah mikirin laku kurang kecewa,-1,35,0.7873335,True,high
3573,Aku merasa nggak nyaman kalau nggak jadi pusat perhatian. Gimana cara ngatasin ini?,nyaman pusat perhati ngatasin perhati pusat sepi diri bukan pusat kecil dengerin temen minta balas nyaman diri sendiri,-1,14,0.7714753,True,high
3574,Aku susah ngerasa punya tempat di kelompok atau komunitas. Apa yang bisa aku lakukan?,susah ngerasa tempat kelompok laku tempat penting datang kecil kontribusi proyek bareng temen butuh didenger beri terima peran,-1,-1,0.5534186,False,rejected
3577,Aku merasa nggak cukup baik kalau nggak jadi yang terbaik di kelompokku. Gimana caranya aku lepas dari perasaan ini?,cukup kelompok lepas perlu cukup udah nilai diri sendiri nikmat kelompok situ ketawa udah kontribusi harga diri perlu banding bandingin,-1,33,0.71930146,True,medium
3579,Aku sering merasa orang lain nggak ngerti aku. Gimana caranya biar aku nggak kesepian?,sepi sepi berat butuh diri jujur dengerin nunjukin perhati balik perhati kecil kabar temen hangat,-1,14,0.74439263,True,medium
3583,Aku merasa nggak ada yang peduli sama aku. Apa yang bisa aku lakukan biar nggak merasa begini?,peduli laku begini berat sisi peduli duluan kabar kecil nunjukin perhati balas perhati kecil ngerasa,-1,18,0.77427924,True,high
3584,"Aku merasa terjebak di zona nyamanku, seperti nggak bisa keluar dari rutinitas yang bikin aku aman tapi nggak berkembang. Apa yang bisa aku lakukan?",jebak zona nyaman keluar kembang laku nyaman tempat kecil peluang luar sosial tuju luas kecil jelajah luar zona minggu,-1,14,0.67123675,True,medium
3585,"Sulit banget buatku untuk berani keluar dari kebiasaan lama, meskipun aku tahu itu nggak baik buatku. Kenapa ya rasanya berat?",sulit berani keluar lama tahu berat putus ubah mudah tempat ingat terus situ tunda badai reda sendiri kecil catat takut hadap penuh sabar,-1,7,0.7829455,True,high
3586,"Aku sering merasa nggak pede sama orang lain, kayak mereka lebih berkuasa atau lebih tahu. Gimana cara aku ngatasin perasaan ini?",pede kuasa tahu ngatasin muncul vertikal tinggi rendah manusia tara peran alam bawa bukan kurang,-1,-1,0.51037407,False,rejected
3587,"Aku suka ngebantu orang, tapi kadang merasa capek karena kayaknya aku yang selalu ngalah. Harusnya aku gimana?",ngebantu capek ngalah bagus capek sedang campur tugas pisah tugas tugas korban diri beri dukung moral saran bukan,-1,0,0.725842,True,medium
3588,Aku sering ngerasa orang lain harusnya ngelakuin sesuatu sesuai caraku. Ini salah nggak sih?,ngerasa ngelakuin sesuai salah harap atur bentuk intervensi tugas sendiri kontrol tindak sikap sendiri jalan proses,-1,0,0.6921811,True,medium
3591,"Aku pengen bantu temen yang lagi susah, tapi takut malah bikin dia kesel. Apa yang harus aku lakukan?",temen susah takut malah kesel laku paksa solusi intervensi dengar penuh perhati butuh hadir penuh empati cukup dukung,-1,0,0.7001171,True,medium
3592,"Aku sering ngerasa orang lain nggak ngerti aku, dan itu bikin aku kesepian. Apa yang bisa aku ubah?",ngerasa sepi ubah sepi muncul tara saling diri percaya jangan takut pertama pintu koneksi,-1,14,0.68673784,True,medium
3594,Apa sih cara terbaik untuk membantu seseorang yang sedang menghadapi masalah tanpa memaksa mereka?,sedang hadap paksa damping alami paksa solusi bayang bawa kuda tunjuk jalan kuda sendiri pilih dengar beri dukung solusi usaha sendiri,-1,-1,0.57318956,False,rejected
3596,Aku sering merasa nggak punya keberanian buat hadapi masalahku. Ada saran nggak?,berani hadap saran berani mampu semangat kecil laku hadap kecil berani tumbuh,-1,0,0.71964467,True,medium
3597,"Aku suka sih dipuji, tapi kok rasanya kadang nggak nyaman?",puji nyaman puji nilai kekang terima bukan nilai terima tulus kontribusi,-1,33,0.7763705,True,high
3602,"Aku bingung, apa bedanya merasa berguna sama dinilai 'baik' sama orang lain?",nilai datang diri tahu nilai standar hilang bebas kontribusi bukan nilai,-1,-1,0.5817461,False,rejected
3605,Aku pengen hidup dengan lebih berani. Apa yang bisa aku mulai?,hidup berani tempat kecil saran temen sederhana tindak percaya diri berani,-1,0,0.69457644,True,medium
3607,Kadang aku merasa nggak pantas ada di sini. Apa yang salah sama aku?,pantas salah salah inget udah ubah kecil hidup senyum bukti pantas,-1,17,0.72666526,True,medium
3608,Kadang aku merasa hidupku nggak berarti karena aku cuma melakukan pekerjaan rutin yang biasa-biasa aja. Gimana caranya aku bisa merasa lebih berharga?,hidup arti laku kerja rutin harga tahu nilai diri berapa kerja kecil laku rapi buku pustaka sisi momen kecil kerja situ nilai diri,-1,29,0.6579592,True,medium
3610,Aku susah banget nerima orang lain apa adanya. Aku selalu punya ekspektasi tinggi. Gimana caranya berubah?,susah nerima ekspektasi tinggi ubah ekspektasi tinggi lupa harga kecil perhati sifat positif banding ideal temenmu lupa janji ingat momen ketawa lama lama mudah terima bareng,-1,0,0.7628172,True,high
3617,Aku ngerasa hidupku nggak berguna karena aku nggak punya prestasi besar. Gimana caranya aku bisa merasa lebih baik?,ngerasa hidup prestasi nilai hidup ukur prestasi hidup sempat ubah kecil temen sekadar senyum kecil syukur pagi makan enak nilai diri,-1,33,0.7994937,True,high
3619,Aku ngerasa susah buat nerima kritik dari orang lain tanpa merasa diserang. Gimana caranya biar aku lebih terbuka?,ngerasa susah nerima kritik serang terima kritik emang gampang serang kritik saran tumbuh bukan nilai diri ngomong hati ingat tetap harga kritik kritik nyaman sudut,-1,0,0.7074524,True,medium
3621,"Kadang aku terlalu memikirkan diri sendiri, sampai nggak bisa bertindak bebas. Apa yang salah denganku?",terlalu diri sendiri tindak bebas salah salah terlalu perhati dengar kecil lama lama ringan bebas,-1,9,0.74314797,True,medium
3622,"Aku sering merasa nggak percaya diri, apalagi di depan orang lain. Aku harus punya keberanian kayak apa sih?",percaya diri depan berani berani berani terima diri masuk kurang kelas takut angkat tangan sekali sederhana kecil tuju berani,-1,0,0.72151,True,medium
3628,"Aku kadang merasa kesepian, meskipun ada orang di sekitarku. Kenapa ya?",sepi sepi diri rasain laku makna,-1,0,0.7466461,True,medium
3633,Aku merasa kepasrahan itu kok terdengar suram ya? Kayak nggak ada harapan gitu.,pasrah dengar suram harap paham pasrah berat pasrah positif paksa harap realistis justru hati ringan suram,-1,33,0.8256656,True,high
3635,Aku pernah disakiti orang yang aku percaya banget. Sekarang susah buat percaya lagi. Gimana caranya?,sakit percaya susah percaya alam hati hati terima diri masuk luka hati perlu buru buru percaya kecil percaya,-1,0,0.7253938,True,medium
3636,"Kalau aku terus percaya sama orang yang nyakitin aku, bukannya aku bodoh?",terus percaya nyakitin bukan bodoh bodoh terus percaya sakit kuat tetap hati percaya diri sakit terus tetap yakin lindung diri batas sehat rasain,-1,0,0.7275871,True,medium
3638,Aku takut orang lain cuma lihat aku sebagai musuh. Gimana caranya nggak gitu?,takut musuh takut muncul terlalu nyari bukti terima diri cukup teman juang bukan musuh interaksi kecil senyum sapa ngerasa musuh,-1,0,0.6923108,True,medium
3639,"Aku pengen merasa nyaman di lingkunganku, tapi susah banget. Apa yang salah?",nyaman susah salah nyaman diri perlu terima diri hati percaya cukup kecil ringan ngerasa nyaman,-1,0,0.80520093,True,high
3640,"Kalau aku udah terima diri sendiri dan percaya sama orang lain, apa yang bakal berubah?",udah terima diri sendiri percaya ubah keren teman juang bukan ancam tulus nyaman ubah hidup,-1,14,0.6744665,True,medium
3641,Aku merasa nggak punya tempat di mana-mana. Gimana caranya biar ngerasa punya tempat?,tempat ngerasa tempat paham sepi nerima diri hati percaya pelan pelan terus kontribusi temen giat kecil ngerasa tempat ngerasa tempat,-1,17,0.7489487,True,medium
3643,Aku ngerasa capek banget sama hubungan yang nggak seimbang. Harusnya aku ngapain?,ngerasa capek imbang capek udah balas tara sehat percaya batas bahkan akhir imbang ngerasa capek,-1,2,0.7528498,True,high
3647,Aku sering merasa orang lain nggak menghargai apa yang aku lakukan. Buat apa capek-capek bantu?,harga laku capek capek sisi bukan terima tunjuk peduli ubah suasana bahkan harga tetap bangga udah,-1,0,0.7055091,True,medium
3652,Aku merasa hidupku nggak harmonis. Apa maksudnya harmoni dalam hidup?,hidup harmonis harmoni hidup harmoni hidup segala imbang nyebelin jangan samain perhati tenang,-1,-1,0.63019603,False,rejected
3657,Aku sering banget ngerasa nggak berguna kalau nggak kerja keras. Gimana caranya biar aku nggak terus-terusan begini?,ngerasa kerja terus terus begini ngejar hasil tindak tahu nilai manusia laku harga dengar temen sekadar keluarga kecil ngasih perhati ngerasa hasil,-1,5,0.67162335,True,medium
3661,"Aku selalu pengen diakui orang lain, tapi kok malah bikin aku capek sendiri. Kenapa ya?",malah capek sendiri ngerasa arti bahagia lelah udah kontribusi harap lama lama ngerasa bebas terlalu opini,-1,0,0.77374387,True,high
3662,Aku ngerasa bersalah kalau nggak produktif. Apa aku salah punya perasaan gitu?,ngerasa salah produktif salah salah ngejar produktivitas tahu produktif harga istirahat sekadar nikmatin momen kecil sayang kontribusi diri sendiri diri izin santai salah,-1,29,0.7287986,True,medium
3663,"Aku bingung, apa bedanya ngerasa berguna sama diakui orang lain?",ngerasa paham ngerasa datang udah ubah kecil harap ngasih validasi ngejar kecewa udah arti perlu applaus,-1,18,0.77502835,True,high
3665,Aku ngerasa hidupku cuma buat nyenengin orang lain. Gimana caranya biar aku hidup buat diri sendiri?,ngerasa hidup nyenengin hidup diri sendiri berat ngerasa hidup diri sendiri neng ekspektasi mimpi kecil sekadar santai situ ruang diri nikmatin mikirin kata lama lama ngerasa bebas,-1,11,0.82106674,True,high
3669,"Aku pengen jadi orang yang spesial, tapi kok rasanya sulit banget. Apa aku salah punya keinginan kayak gitu?",spesial sulit salah spesial terkadang jebak mikirin spesial mata padahal spesial arti versi diri sendiri laku cinta tulus hidup peduli kata,-1,33,0.6518432,True,medium
3671,Aku sering merasa orang lain nggak notice aku. Apa aku harus melakukan sesuatu yang ekstrem biar diperhatiin?,notice laku ekstrem diperhatiin perhati laku ekstrem capek sendiri perhati positif perhati tulus datang harga diri harga,-1,0,0.72934365,True,medium
3673,"Aku pengen punya tujuan besar dalam hidup, tapi aku bingung mulai dari mana. Apa aku terlalu idealis?",tuju hidup terlalu idealis tuju bagus tahu idealisme bahan bakar jalan kecil diri sendiri penasaran excited situ bawa,-1,-1,0.6127828,False,rejected
3679,"Aku pengen orang lain notice aku, tapi aku nggak mau kelihatan desperate. Gimana caranya?",notice desperate notice usaha tricky lakuin entah kerja laku tulus notice paksa paling percaya diri lakuin,-1,18,0.72287023,True,medium
3680,Aku sering merasa nggak layak kalau nggak punya prestasi. Gimana caranya aku lepas dari pikiran itu?,layak prestasi lepas datang ukur diri prestasi nilai diri capai harga syukur diri bukan prestasi sifat momen kecil muncul,-1,33,0.82640815,True,high
3681,"Aku merasa orang tua aku pengen aku jadi orang lain, bukan diri aku sendiri. Aku harus ngapain?",bukan diri sendiri berat terima impi pelan pelan butuh penting tetap setia diri sendiri sempat,-1,0,0.73424876,True,medium
3684,"Tapi kenapa ya, banyak orang pengen berubah tapi nggak bisa? Apa karena mereka nggak cukup kuat?",ubah cukup kuat bukan kuat jebak pandang masa alas padahal penting tuju stuck,-1,17,0.71002024,True,medium
3685,Jadi maksudnya masa lalu nggak penting buat perubahan kita?,masa penting ubah bukan penting masa hidup makna alam pilih masa bukan beban alam masa susah move,-1,-1,0.53174096,False,rejected
3686,Jadi temenku sengaja bikin dirinya cemas supaya nggak keluar? Kok kayak nggak masuk akal?,temenku sengaja diri cemas keluar masuk akal bukan sengaja pura pura alas tetap zona nyaman cemas nyata capai tuju keluar pelan pelan tetap kamar,-1,-1,0.62756926,False,rejected
3688,"Temenku kayak nggak bahagia, tapi dia tetep nggak mau keluar. Apa dia sengaja gitu?",temenku bahagia keluar sengaja sengaja nyaman situasi pilih bahagia pilih kenal tetap kamar judgement,-1,33,0.70692873,True,medium
3689,Jadi hidup kita ditentukan sama pilihan kita sendiri? Tapi aku ngerasa nggak punya pilihan.,hidup pilih sendiri ngerasa pilih pilih kuasa pilih kecil pilih udah kecil pilih,-1,17,0.68060213,True,medium
3690,"Aku merasa hidupku nggak punya arah, seperti berjalan tanpa tahu ke mana. Apa yang harus kulakukan?",hidup arah jalan tahu laku hidup momen laku capai kecil hidup tari nikmat gera terlalu tuju,-1,11,0.794099,True,high
3691,"Tapi kalau aku nggak tahu tujuanku, bagaimana aku bisa melangkah?",tahu tuju lang tuju jelas bayang hidup tari proses laku nikmat kecil baca buku jalan jalan proses sendiri bawa jelas,-1,-1,0.59112656,False,rejected
3692,Aku merasa masa laluku menghantuiku. Aku nggak bisa move on. Apa yang salah denganku?,masa hantu move salah salah masa bayang sentuh perhati syukur nikmat situ,-1,30,0.6571994,True,medium
3696,"Aku bingung, apa sih arti hidup kalau kita nggak melihat ke masa lalu atau masa depan?",arti hidup masa masa depan arti hidup momen bayang sedang tari tari indah diri hidup jalan jalan sekadar,-1,11,0.7209022,True,medium
3698,Aku sering merasa nggak cukup baik. Gimana caranya aku bisa lebih percaya diri?,cukup percaya diri datang ingat perlu sempurna harga laku kecil hadir raya,-1,33,0.7149247,True,medium
3699,"Aku merasa kesepian, meski ada orang di sekitarku. Apa yang bisa kulakukan?",sepi laku sepi laku diri sendiri laku kecil pintu koneksi,-1,14,0.7391229,True,medium
3702,"Tapi kalau aku nggak serius menjalani hidup, apa nggak sia-sia?",serius jalan hidup sungguh sungguh terlalu serius tahu hidup sederhana perlu rumit beban berat jalan momen hati hidup lengkap perlu serius,-1,11,0.6584501,True,medium
3708,"Aku nyesel banget sama masa lalu, andai aku tahu ini dari dulu. Apa yang bisa kulakukan sekarang?",masa andai tahu laku jangan biarin masa terus kepala momen kecil syukur depan masa bukan beban,-1,33,0.779099,True,high
3709,"Aku sering merasa hidup ini rumit banget, apa sih cara buat bikin hidup lebih sederhana?",hidup rumit hidup sederhana hidup berat kendali terima diri ubah respons situasi pilih kecil ringan syukur lama lama hidup sederhana,-1,17,0.8130312,True,high
3711,"Aku merasa masa lalu bikin aku susah move on, gimana cara lepas dari itu?",masa susah move lepas masa nempel sudut siapa tuju capai daftar kecil excited masa depan bebas,-1,34,0.7727828,True,high
3715,"Aku merasa orang-orang sekitar nggak ngerti aku, apa yang harus aku lakuin?",lakuin butuh komunikasi jujur tetap santai temen deket resah peduli dengerin support,-1,14,0.6679449,True,medium
3718,Aku merasa nggak punya keberanian buat ngelakuin apa yang aku mau. Apa yang bisa bantu?,berani ngelakuin berani datang takut terlalu ngomong grup kecil lang berani tumbuh percaya,-1,0,0.7412087,True,medium
3727,"Jadi, aku bisa lepas dari masa lalu gitu aja?",lepas masa bukan arti lupa pilih masa kendali balik putus makna ikan alam lang depan,-1,-1,0.589617,False,rejected
3733,"Aku pengen hidup lebih bebas, nggak terikat sama apa yang orang pikir. Mungkinkah?",hidup bebas ikat hidup bebas arti pilih penting bukan harap bahagia kecil arah tuju berani diri sendiri kunci,-1,11,0.72167903,True,medium
3738,"Kamu bilang menerima diri sendiri, tapi aku nggak tahu caranya. Aku merasa aku harus berubah total biar bisa bahagia. Apa aku salah?",terima diri sendiri tahu ubah total bahagia salah salah terlalu diri ubah bukan arti buang diri kecil depan laku,-1,0,0.7853719,True,high
3739,"Aku merasa hidupku nggak adil. Ada orang yang lahir dengan keadaan enak, tapi aku enggak. Gimana aku bisa bahagia dengan keadaan kayak gini?",hidup adil lahir enak enggak bahagia paham adil bahagia lahir manfaat kecil syukur,-1,33,0.8282716,True,high
3747,Aku merasa hidupku rumit banget. Gimana caranya supaya terasa lebih sederhana?,hidup rumit sederhana hidup rumit sulit sendiri overthinking pegang alas alas lama kendali putus kecil ringan kecil sederhana,-1,17,0.8277205,True,high
3750,Aku merasa masa laluku bikin aku nggak bisa maju. Gimana caranya lepas dari itu?,masa maju lepas masa siapa kuasa pilih hidup wujud depan bukan tuju kecil kejar lang,-1,34,0.6915666,True,medium
3753,"Aku pengen berubah, tapi kok rasanya nggak punya cukup keberanian?",ubah cukup berani berani datang sekaligus kecil diri laku takut kecil berani percaya nemenin,-1,0,0.82825714,True,high
3756,"Aku merasa kesepian, meskipun ada banyak orang di sekitarku. Apa yang salah sama aku?",sepi salah salah sepi bukan diri personal temen dekat kabar dengar butuh kecil arah sana ubah nemenin,-1,18,0.71989906,True,medium
3762,Aku merasa hidupku bakal lebih gampang kalau aku nggak deket sama siapa-siapa. Bener nggak sih?,hidup gampang deket siapa siapa mikir rumit bayangin hidup sendiri ngerasa sepi hilang momen bahagia kecil temen kerja keluarga pelan pelan hidup arti nemenin,-1,17,0.79776466,True,high
3764,Kenapa aku selalu merasa nggak berharga setiap kali gagal dalam sesuatu?,harga gagal sedang ukur nilai diri hasil banding padahal nilai diri gagal momen bukan cermin siapa usaha laku arti,-1,-1,0.5779615,False,rejected
3766,"Aku merasa pendiam dan nggak menarik, makanya susah punya temen. Apa ini salahku?",diam makanya susah temen salah salah sifat diam diri unik harga dengar diri kecil sempurna penting saling harga,-1,0,0.7939687,True,high
3767,"Aku merasa pendiam dan nggak menarik, makanya susah punya temen. Apa ini salahku?",diam makanya susah temen salah salah sifat diam diri unik harga dengar diri kecil sempurna penting saling harga,-1,0,0.7939687,True,high
3769,Aku merasa nggak pantas bahagia kalau lihat temenku lebih sukses. Ini normal nggak sih?,pantas bahagia temenku sukses sedang banding diri bahagia temenmu kurang nilai diri bahagia kecil momen sederhana pantas bahagia sendiri,-1,33,0.81020635,True,high
3771,"Kalau aku nggak punya prestasi besar, apa aku tetap bisa merasa berharga?",prestasi tetap harga nilai diri ukur prestasi kecil usaha peduli arti ingat ingat momen bangga diri bukti harga,-1,33,0.7129046,True,medium
3772,Aku merasa hidupku nggak berarti karena nggak punya pencapaian seperti orang lain. Apa yang salah denganku?,hidup arti capai salah salah sedang banding diri standar padahal jalan sendiri hidup arti potensi cipta arti diri sendiri kecil laku,-1,0,0.7106081,True,medium
3773,"Aku pengen berubah, tapi takut nggak bisa. Gimana caranya mulai?",ubah takut ubah kecil jurnal jalan kaki perlu buru buru penting konsisten percaya kecil bawa ubah,-1,17,0.69800055,True,medium
3774,Aku merasa nggak punya keberanian buat maju. Apa aku bisa berubah?,berani maju ubah berani datang ingat momen hadap sulit kecil bukti berani kecil degan yakin makin kuat,-1,0,0.7445456,True,medium
3775,Aku sering ngerasa orang lain nggak suka sama aku. Apa aku harus berubah biar disukai?,ngerasa ubah perlu ubah penting nyaman diri sendiri tepat harga terima ingat harga,-1,0,0.66944396,True,medium
3780,Aku suka ngerasa orang lain nggak ngerti aku. Apa yang salah sama aku?,ngerasa salah salah erti usaha tunjuk sisi spesial malah sudut,-1,30,0.6941395,True,medium
3782,Aku merasa lemah dibandingkan orang lain. Apa aku bisa berubah?,lemah banding ubah lemah definisi siapa justru lemah kuat manfaat lemah empati kecil kuat,-1,0,0.7352065,True,medium
3784,Kenapa aku merasa hidup ini kayak kompetisi sama orang lain?,hidup kompetisi muncul terlalu ketimbang diri sendiri hidup kompetisi bayangin tuju sendiri bandingin capai dukung,-1,-1,0.59434676,False,rejected
3785,Aku suka banget pamer barang branded. Apa itu buruk?,pamer barang branded percaya diri lewat barang barang bangga diri perlu barang branded yakin sisi keren diri perlu tunjuk lewat barang,-1,-1,0.512601,False,rejected
3789,"Aku sering banget menilai orang lain buruk, apa aku orang yang jahat?",nilai jahat bukan arti jahat sedang jebak pola cepat nilai kurang insecure diri terima pelan pelan paham sudut pandang,-1,0,0.6500473,True,medium
3790,"Aku merasa hidup orang lain selalu lebih baik dari aku, apa yang salah denganku?",hidup salah salah jemur jauh tahu balik hidup tantang masing masing kecil syukur indah hidup sendiri,-1,11,0.7909924,True,high
3793,"Aku merasa masalah hidupku bikin aku jauh dari Tuhan, kenapa gitu?",hidup jauh tuhan justru tuhan ingat dekat terlalu nyaman lupa syukur gedor pintu manfaat momen khusyuk renung damai tengah tantang,-1,33,0.6742964,True,medium
3794,"Aku benci banget sama masalah hidupku, tapi kenapa aku juga merasa bersyukur karenanya?",benci hidup syukur sedang tumbuh berat berkah sembunyi kuat peka bawa dekat benci syukur tunjuk sisi tantang hidup,-1,33,0.6942271,True,medium
3795,"Aku merasa doaku lebih khusyuk pas lagi ada masalah, itu normal nggak sih?",khusyuk ingat serius renung hidup berat mudah hati tuhan bawa khusyuk sisih singkat,-1,33,0.70250726,True,medium
3800,"Aku ngerasa hidup ini penuh cobaan, apa artinya aku nggak cukup kuat?",ngerasa hidup penuh arti cukup kuat enggak justru datang potensi kuat bayangin hidup gampang kecil kuat,-1,11,0.8380276,True,high
3802,"Aku ngerasa hidupku kayak gelas yang dihancurkan terus, apa aku bisa utuh lagi?",ngerasa hidup gelas hancur terus utuh gelas keramik bentuk lewat proses panas bentuk kuat utuh sayang,-1,-1,0.45367846,False,rejected
3804,"Aku ngerasa hidup ini nggak adil, kenapa aku yang selalu kena masalah?",ngerasa hidup adil kena hidup berat balik bijak momen tumbuh,-1,17,0.75639224,True,high
3805,"Aku ngerasa lelet banget berkembang, apa aku cuma males aja?",ngerasa lelet kembang males enggak males butuh proses kecil lakuin maju baca artikel jalan jalan,-1,-1,0.64723724,False,rejected
3806,"Aku ngerasa bersalah karena sering nggak dengerin ibu, gimana caranya berubah?",ngerasa salah dengerin ubah bagus kecil dengarin kerja kecil ingat momen perhati,-1,7,0.76031166,True,high
3807,"Aku ngerasa ibuku lebih peduli daripada siapa pun, tapi kenapa aku malah cuek?",ngerasa peduli siapa malah cuek hati sayang luangin peluk hangat kapan akhir,-1,33,0.6687056,True,medium
3808,"Aku ngerasa hidupku penuh kesalahan, apa aku bisa mulai lagi dari awal?",ngerasa hidup penuh salah awal sempat pilih kecil ubah sabar atur ubah,-1,17,0.80364966,True,high
3809,"Aku ngerasa nggak layak dapat kebaikan dari orang lain, kenapa gitu ya?",ngerasa layak terlalu kurang lupa inget terima bukti layak momen,-1,13,0.6671742,True,medium
3812,"Aku ngerasa hidupku nggak berarti kalau nggak sukses, apa itu salah?",ngerasa hidup arti sukses salah enggak salah sukses capai hidup arti ngerasa kecil arti,-1,17,0.8179221,True,high
3813,"Aku merasa wajahku nggak secantik orang lain, apa yang salah denganku?",wajah cantik salah salah wajah indah kurang banding diri cermin diri kecil harga,-1,-1,0.5243813,False,rejected
3815,Kenapa rumput tetangga selalu terlihat lebih hijau?,rumput tetangga hijau jauh gunung hijau jauh dekat nyata kering sempurna juang kebun sendiri rawat cinta,-1,-1,0.36704373,False,rejected
3824,Kenapa aku merasa hidupku nggak akan maju kalau nggak kayak orang lain?,hidup maju perlu maju jalur sukses masing masing kuasa semangat tuju kecil realistis nikmat proses hidup lesat sendiri,-1,11,0.76525354,True,high
3826,"Aku merasa hidupku cuma buang waktu karena nggak sekeren orang lain, apa aku salah?",hidup buang keren salah salah sedang jebak banding hidup keren arti hidup situ hidup makna sendiri,-1,17,0.77601826,True,high
3827,"Kenapa aku selalu iri sama kesuksesan orang lain, tapi susah banget mensyukuri apa yang aku punya?",sukses susah syukur gampang kilau hidup hidup sendiri kecil bangga syukur sederhana favorit enak lama lama notice betapa keren,-1,33,0.8862617,True,high
3829,Aku ngerasa hancur banget setelah ditolak orang yang aku suka. Apa yang salah sama aku?,ngerasa hancur tolak salah aduh tolak sakit bukan arti salah alas sendiri nilai diri sempat kenal diri sendiri istimewa terus peluk diri sendiri laku nonton film favorit jalan jalan harga,-1,6,0.6809311,True,medium
3837,"Aku pengen berdamai sama diri sendiri, tapi nggak tahu caranya. Ada saran nggak?",damai diri sendiri tahu saran damai diri sendiri jalan bukan tuju buru buru sederhana diri sendiri cermin cinta diri terus tidur bangga cukup senyum luka lama jurnal percaya ngerasa ringan,-1,33,0.7037729,True,medium
3840,Aku nggak bisa lepas dari pikiran tentang kegagalan masa lalu. Rasanya berat banget buat move on. Apa yang harus aku lakukan?,lepas gagal masa berat move laku gampang ingat diri sendiri nyambung kemarin syukur positif,-1,33,0.8041197,True,high
3841,Kenapa sih aku selalu ngerasa masa lalu dan masa sekarang tuh nyambung? Padahal aku pengen pisahin keduanya.,ngerasa masa masa nyambung padahal pisahin otak nyambung nyambungin bayangin hidup tiket teater nonton film sekaligus film biarin masa udah,-1,-1,0.6252494,False,rejected
3845,Aku ngerasa stuck karena kegagalan masa lalu. Gimana caranya aku lepas dari perasaan ini?,ngerasa stuck gagal masa lepas lepasin beban laku bayangin masa sempat menang masa tindak kecil ringan,-1,17,0.7913234,True,high
3850,Aku ngerasa masa laluku bikin aku nggak layak buat sukses. Gimana caranya aku lepas dari pikiran ini?,ngerasa masa layak sukses lepas masa nilai diri laku masa depan cerah tuju kecil kejar minggu,-1,17,0.6860682,True,medium
3851,Aku ngerasa hidupku nggak akan pernah baik-baik aja. Apa yang salah sama aku?,ngerasa hidup salah salah hidup berat momen datang ngasah bukan hancurin kecil senyum situ,-1,30,0.7845726,True,high
3853,"Aku sering nggak enakan sama temen, tapi kok malah bikin aku capek sendiri?",enak temen malah capek sendiri temen lupa jaga diri sendiri capek butuh,-1,0,0.7398957,True,medium
3854,"Aku ngerasa nggak pernah cukup buat orang-orang di sekitarku, kenapa ya?",ngerasa cukup terlalu diri sendiri ngerasa sempurna padahal expect nuntut,-1,-1,0.642065,False,rejected
3856,"Kadang aku ngerasa nggak ada yang peduli sama aku, apa aku salah?",ngerasa peduli salah enggak salah muncul sendiri momen kecil nunjukin peduli,-1,0,0.6895846,True,medium
3857,"Aku ngerasa kecewa sama diri sendiri, apa yang harus aku lakuin?",ngerasa kecewa diri sendiri lakuin pertama kecewa jangan lupa udah capai diri,-1,0,0.8009113,True,high
3861,"Aku ngerasa nggak pantas dicintai, kenapa gitu ya?",ngerasa pantas cinta terlalu kurang lupa nunjukin sayang bukti pantas cinta siapa,-1,-1,0.55882025,False,rejected
3862,"Aku ngerasa stuck, kayak nggak bisa maju, apa yang salah sama aku?",ngerasa stuck maju salah salah hidup emang ngerasa jalan tempat inget semangat situ kecil,-1,17,0.873942,True,high
3864,"Aku ngerasa nggak punya siapa-siapa, apa aku bakal gini selamanya?",ngerasa siapa siapa lama sepi berat lama kecil percaya tempat dekat,-1,30,0.707822,True,medium
3866,"Aku ngerasa nggak bisa ngelupain kesalahan masa lalu, apa yang harus aku lakuin?",ngerasa ngelupain salah masa lakuin salah masa bayang susah hilang ngatur hidup sesal terus diri sendiri udah usaha move salah nempel,-1,0,0.7882538,True,high
3867,"Aku ngerasa hidup ini nggak adil, kenapa aku yang selalu susah?",ngerasa hidup adil susah hidup imbang tengah susah momen kecil kuat syukur kecil,-1,33,0.8773048,True,high
3868,"Aku ngerasa nggak punya tujuan hidup, apa aku aja yang bingung?",ngerasa tuju hidup enggak ngerasa tuju hidup penasaran senang kecil,-1,11,0.8246633,True,high
3871,Aku sering merasa nggak cukup cantik atau ganteng. Gimana cara aku menerima diri sendiri?,cukup cantik ganteng terima diri sendiri cantik ganteng relatif standar cukup diri sudut pandang fitur sifat diri bangga,-1,-1,0.5824937,False,rejected
3873,Aku merasa capek banget mengejar sesuatu yang sepertinya nggak pernah cukup. Apa yang salah?,capek kejar cukup salah sedang jebak pola kejar habis diri butuh cukup syukur hati ringan,-1,33,0.8153276,True,high
3874,Aku sering ngerasa bersalah kalau nggak bisa bikin semua orang senang. Gimana caranya aku lepas dari ini?,ngerasa salah senang lepas bahagia penting usaha versi diri tetap batas kecil terlalu beban situasi salah,-1,0,0.84509236,True,high
3877,Aku sering ngerasa stres karena merasa harus sempurna. Apa yang bisa aku lakukan biar nggak begini?,ngerasa stres sempurna laku begini perfeksionisme capek terima kurang manusia raya kecil capai kecil hasil laku,-1,0,0.7426374,True,medium
3880,Aku sering ngerasa kesepian meskipun ada orang di sekitarku. Apa yang bisa aku lakukan?,ngerasa sepi laku sepi bukan diri sendiri luang laku nikmat jalan jalan laku diri nyaman,-1,14,0.77113104,True,high
3886,"Aku sering ngerasa salah ambil keputusan, dan sekarang kayak terjebak. Apa yang bisa aku lakukan?",ngerasa salah putus jebak laku salah pilih penting hikmah putus situ rencana sesuai kecil arah udah cukup,-1,0,0.728513,True,medium
3888,"Aku pengen jadi lebih baik, tapi kok susah banget nemuin kelebihan diriku sendiri?",susah nemuin diri sendiri tenang butuh dengar kata hati bangga senang temen dekat yakin harta karun diri,-1,0,0.8283545,True,high
3893,Aku ngerasa nggak punya tujuan hidup yang jelas. Gimana caranya nemuin tujuan itu?,ngerasa tuju hidup jelas nemuin tuju perlu tuju diri sendiri hidup nyantol hati yakin tuju sana tinggal jelajah,-1,17,0.7459004,True,medium
3895,"Aku pengen lebih disiplin buat wujudin potensiku, tapi susah banget. Ada tips nggak?",disiplin wujudin potensi susah tips disiplin tantang kecil luang kerja arah potensi jadwal sederhana raya kecil ingetin lupa,-1,28,0.71962166,True,medium
3896,"Aku ngerasa hidupku nggak seimbang, kayak terlalu fokus ke kerja. Gimana caranya balance?",ngerasa hidup imbang terlalu kerja balance imbang penting sisih luar kerja temen olahraga sekadar santai prioritas jelas jangan lupa diri sendiri yakin atur ulang,-1,25,0.7362652,True,medium
3897,"Aku pengen jadi versi terbaik dari diriku, tapi nggak tahu caranya. Dari mana aku mulai?",versi diri tahu versi jalan bukan tuju instan kenal sinar dukung potensi nikmat proses dukung,-1,33,0.7443094,True,medium
3899,Kenapa aku selalu fokus sama kekuranganku? Aku pengen berhenti merasa kurang terus.,kurang henti kurang terus jebak kurang diri gelas tengah bukan tengah kosong situ harga diri sendiri,-1,30,0.7142992,True,medium
3900,Aku iri sama temen-temenku yang keliatannya sukses. Aku merasa ketinggalan. Apa yang bisa aku lakuin?,temen temenku liat sukses tinggal lakuin manusiawi jangan biarin ngatur hidup jalan sendiri tuju kecil capai skill nyelesain tugas maju,-1,11,0.7077199,True,medium
3903,"Hidupku kok rasanya penuh drama. Aku pengen tenang, tapi susah. Ada saran?",hidup penuh drama tenang susah saran paham hidup rollercoaster luangin diri sendiri meditasi singkat jalan jalan santai tenang kapan akhir nyoba rileks,-1,19,0.7599026,True,high
3906,"Aku merasa kesepian, kayak nggak ada yang ngerti aku. Apa yang bisa aku lakuin?",sepi lakuin aktivitas grup,-1,-1,0.56019974,False,rejected
3908,Aku ngerasa nggak bisa ngelupain masa lalu. Gimana caranya aku move on?,ngerasa ngelupain masa move masa emang nempel kontrol rencana kecil cerah,-1,28,0.7242167,True,medium
3910,Aku ngerasa hidupku nggak adil. Kenapa orang lain kayaknya lebih gampang?,ngerasa hidup adil gampang adil juang sendiri udah capai kecil capai bangga,-1,33,0.7374621,True,medium
3914,Kenapa aku merasa nggak punya tujuan setelah berhenti dari aktivitas kampus?,tuju henti aktivitas kampus ritme hidup ubah diri semangat giat,-1,-1,0.60074615,False,rejected
3920,"Aku pengen jadi lebih mandiri, tapi nggak tahu mulai dari mana. Ada saran?",mandiri tahu saran keren mandiri kecil tugas sendiri giat kecil kuat,-1,15,0.7397678,True,medium
3923,Aku merasa orang lain selalu lebih bahagia. Apa yang salah sama aku?,bahagia salah salah medsos mikir bahagia padahal kecil senang jalan jalan ngopi,-1,4,0.7607953,True,high
3925,"Aku pengen ikut komunitas, tapi malu buat mulai. Apa yang harus aku lakukan?",malu laku malu ramah datang dengar perlu buru buru penting nyaman,-1,0,0.7723167,True,high
3927,"Aku merasa sulit buat nerima kegagalan, selalu ngerasa bersalah. Gimana caranya biar aku bisa lebih legowo?",sulit nerima gagal ngerasa salah legowo gagal proses visioner imbang percaya potensi diri manusia salah gagal bukan salah diri lama lama hati lapang,-1,0,0.7217034,True,medium
3928,"Kadang aku terlalu ambisius, tapi malah bikin stres. Apa yang salah sama aku?",terlalu ambisius malah stres salah salah ambisi bagus lupa nikmat proses titik tengah mimpi siap hasil sesuai harap tetap semangat tekan,-1,29,0.8177233,True,high
3930,"Aku bingung, apa sih visi hidup itu? Aku kayaknya nggak punya.",hidup hidup pandang jauh depan capai kecil semangat tahu potensi diri bayangin bawa,-1,11,0.829692,True,high
3933,"Aku pengen punya temen yang sefrekuensi, tapi susah nemuinnya. Gimana caranya?",temen frekuensi susah nemuinnya temen frekuensi butuh tempat sesuai giat situ gampang semangat diri sendiri penting asli,-1,-1,0.5747823,False,rejected
3937,Aku sering ngerasa bersalah kalau nggak bisa nyenengin orang lain. Apa yang salah?,ngerasa salah nyenengin salah salah ingat nyenengin bahagia sesuai pandang hidup milik,-1,11,0.73446155,True,medium
3940,Aku bingung bedain visi sama ambisi. Apa sih bedanya?,bedain ambisi pandang jauh wujudin sesuai nilai potensi ambisi dorong kuat capai lupa proses arah ambisi motivasi imbang penting,-1,29,0.7314679,True,medium
3942,Aku ngerasa hidupku nggak punya tujuan. Gimana caranya nemuin arah?,ngerasa hidup tuju nemuin arah tuju sederhana penasaran bahagia eksplor potensi giat hidup pelan pelan arah,-1,17,0.8099204,True,high
3943,Aku merasa hidupku nggak ada artinya kalau dibandingkan dengan orang lain. Apa yang harus aku lakukan?,hidup arti banding laku jalan hidup unik perlu banding bahagia makna kecil laku dekat mimpi,-1,11,0.79390705,True,high
3944,Aku capek banget berusaha memenuhi ekspektasi orang lain. Gimana cara berhentinya?,capek usaha penuh ekspektasi henti lelah tetap batas diri sendiri penting prioritas jalan hidup sesuai nilai nilai sendiri,-1,29,0.71633047,True,medium
3946,Aku merasa kesepian meskipun dikelilingi orang. Apa yang salah denganku?,sepi keliling salah salah sepi muncul rindu koneksi masuk diri sendiri luang laku nikmat utuh,-1,14,0.80995613,True,high
3947,Aku bingung apa tujuan hidupku. Gimana cara menemukannya?,tuju hidup tuju hidup proses bukan langsung eksplor penasaran semangat aktivitas lupa laku,-1,11,0.7339263,True,medium
3948,Aku merasa stuck dan nggak berkembang. Apa yang bisa aku coba?,stuck kembang perlu ubah perspektif laku luar baca buku jalan jalan tempat kunjung,-1,-1,0.5718024,False,rejected
3954,Aku sering merasa bersalah kalau nggak produktif. Gimana cara menghilangkan rasa ini?,salah produktif hilang istirahat produktivitas beri diri izin henti jenak salah aktivitas santai nikmat tekan,-1,31,0.7215158,True,medium
3956,"Aku merasa hidup ini penuh kompetisi, kadang capek banget. Gimana caranya biar aku tetap kuat?",hidup penuh kompetisi capek tetap kuat paham kompetisi lelah siap mental kuat menang sombong kalah gampang patah bayangin mental akar pohon kuat tancap badai goyahin,-1,0,0.6777315,True,medium
3958,"Kadang aku iri lihat orang lain sukses. Aku tahu ini nggak baik, tapi susah ngatasinnya.",sukses tahu susah ngatasinnya manusiawi time zone sendiri depan jalur bukan arti tinggal sendiri syukur proses awan sebentar hilang sibuk gerak,-1,-1,0.61804724,False,rejected
3959,"Aku pengen jadi orang yang seimbang, tapi kok susah banget?",imbang susah imbang gampang hidup condong sisi kecil diri sendiri istirahat refleksi bayangin hidup tali pelan pelan putus nemu titik tengah,-1,17,0.8091924,True,high
3961,Aku sering ngerasa hidupku nggak adil. Kenapa orang lain kayaknya lebih gampang sukses?,ngerasa hidup adil gampang sukses adil sisi rintang hadap kuat gampang tahu juang balik layar jalur sendiri investasi masa depan,-1,-1,0.64814186,False,rejected
3962,"Aku pengen berdamai sama diriku sendiri, tapi kok susah banget?",damai diri sendiri susah damai diri sendiri proses bukan tombol langsung tekan nerima kurang diri lama lama diri mata lembut,-1,0,0.72679543,True,medium
3964,"Aku pengen jadi pemenang, tapi takut kecewa. Apa saranmu?",menang takut kecewa saran menang trofi hati kuat siap mental menang rendah hati kalah anggun bayangin kecewa guru bukan musuh udah menang,-1,0,0.7289481,True,medium
3968,Kadang aku ngerasa nggak punya dukungan dari orang terdekat. Ini bikin aku kesepian. Apa yang bisa aku lakukan?,ngerasa dukung dekat sepi laku tahu sepi berat bahkan kecil dengerin judgement dukung datang tempat sangka jangan lupa dukung diri sendiri raya kecil,-1,0,0.82952297,True,high
3969,Aku merasa usahaku nggak dihargai orang lain. Ini bikin aku males nerusin. Gimana caranya tetep semangat?,usaha harga males nerusin semangat kecewa usaha harga tuju kecil diri sendiri bukan selesain tugas rayain lama lama semangat balik kuat,-1,0,0.7702155,True,high
3971,Aku merasa kecewa banget karena gagal mencapai mimpiku. Gimana caranya aku bisa menerima kenyataan ini?,kecewa gagal capai mimpi terima nyata paham berat ingat gagal bukan akhir segala bukan bawa harga sisi positif alam,-1,0,0.73438716,True,medium
3972,"Aku iri lihat temenku berhasil, padahal aku juga berusaha keras. Kenapa aku merasa gini?",temenku hasil padahal usaha manusiawi diri jalan sendiri kalah harga tinggal jalan masing masing daftar capai ingat betapa,-1,17,0.6976322,True,medium
3975,Aku ngerasa bersalah karena iri sama kesuksesan orang lain. Apa yang salah sama aku?,ngerasa salah sukses salah salah hasil salah ubah energi motivasi kecil laku dekat mimpi,-1,29,0.83282447,True,high
3977,Aku ngerasa kesepian karena nggak ada yang ngerti perjuanganku. Apa yang bisa aku lakuin?,ngerasa sepi juang lakuin sepi berat rasain beban ringan yakin peduli,-1,0,0.7772945,True,high
3978,Aku merasa nggak punya tujuan hidup lagi setelah gagal. Gimana caranya aku bangkit?,tuju hidup gagal bangkit gagal hilang arah arti tuju eksplorasi ingat ingat excited impi kecil,-1,17,0.7551458,True,high
3987,Aku merasa lelah banget karena selalu berusaha memenuhi harapan orang lain. Apa yang bisa aku lakukan?,lelah usaha penuh harap laku paham berat terus terus kejar ekspektasi luang diri sendiri kecil tolak sesuai nilai ingat prioritas sendiri,-1,29,0.7818289,True,high
3988,Kenapa aku selalu merasa gagal meskipun sudah berusaha keras?,gagal usaha terlalu diri sendiri capai kecil raih arti gagal hidup jalan cocok,-1,0,0.8063888,True,high
3992,Aku merasa nggak punya tujuan hidup yang jelas. Gimana caranya nemuin makna?,tuju hidup jelas nemuin makna tuju hidup senang penasaran kecil eksplorasi bawa arah jelas brainstorming bareng,-1,11,0.7836857,True,high
3996,Aku merasa tertekan karena pekerjaan dan kehidupan pribadi nggak seimbang. Apa yang harus aku lakukan?,tekan kerja hidup pribadi imbang laku imbang sulit tetap batas henti kerja luang rileks prioritas sehat layak,-1,-1,0.5968289,False,rejected
4000,Aku merasa nggak dihargai sama orang-orang di sekitarku. Apa yang bisa aku lakukan?,harga laku sakit komunikasi tenang penting harga diri sendiri laku bangga percaya diri,-1,0,0.7146697,True,medium
4001,Aku sering merasa cemas tanpa alasan yang jelas. Gimana caranya ngatasin ini?,cemas alas jelas ngatasin cemas alas laku grounding lima dengar sentuh,-1,-1,0.61078495,False,rejected
4002,Aku merasa nggak bisa bahagia meskipun semuanya kelihatan baik-baik aja. Kenapa gitu?,bahagia kosong tampak butuh emosional penuh tahu hidup dekat ngulik bareng hilang,-1,11,0.7474448,True,medium
4008,Aku ngerasa nggak punya identitas yang kuat. Gimana caranya biar lebih percaya diri?,ngerasa identitas kuat percaya diri identitas bentuk kecil lakuin tahu hidup nilai pegang situ percaya diri spesial,-1,11,0.73080593,True,medium
4010,Aku ngerasa nggak cocok sama pilihan karier yang lagi aku jalanin. Apa yang harus aku lakuin?,ngerasa cocok pilih karier jalanin lakuin penting diri refleksi cocok terus excited luar karier situ eksplor jalan,-1,15,0.7184048,True,medium
4013,Aku ngerasa orang lain selalu punya hidup yang lebih baik. Ini normal nggak?,ngerasa hidup sisi doang hidup hidup syukur kecil hidup nilai,-1,33,0.82947135,True,high
4018,"Aku merasa nggak punya identitas diri, gimana caranya menemukan jati diriku?",identitas diri jati diri jati diri tualang instan seru semangat gali potensi lama abai kecil daftar nikmat,-1,11,0.7546909,True,high
4028,Aku merasa nggak dihargai sama orang lain. Apa yang salah sama aku?,harga salah salah nilai sibuk sendiri harga diri sendiri raya capai daftar patut syukur,-1,33,0.8168669,True,high
4029,Aku pengen punya keberanian buat ngelakuin sesuatu yang beda. Gimana caranya?,berani ngelakuin berani datang rutinitasmu kelas kecil kuat dukung,-1,4,0.66516596,True,medium
4036,Aku suka kesel sama diri sendiri karena sering gagal. Apa yang harus aku lakuin?,kesel diri sendiri gagal lakuin gagal proses gagal bukan akhir segala damai diri sendiri dengerin hati kecil improve terus caci diri sendiri tambah berat udah capai kecil,-1,0,0.79861933,True,high
4038,Aku merasa hidupku nggak ada artinya. Apa yang bisa aku lakuin?,hidup arti lakuin waduh berat makna kecil senyum hidup puzzle perlu nemuin potong renungin lakuin hidup tahu,-1,11,0.8484023,True,high
4043,"Aku merasa hidupku penuh kekurangan, apa yang harus kulakukan?",hidup penuh kurang laku kurang sudut kurang terima ubah kembang,-1,17,0.7363614,True,medium
4045,"Aku sering menyalahkan takdir atas masalahku, salah nggak sih?",salah takdir salah diri pola tindak ubah maksimal terima makna,-1,0,0.7602563,True,high
4048,Kenapa aku susah banget nerima kenyataan pahit dalam hidupku?,susah nerima nyata pahit hidup terima nyata berat adil emosi kecil laku lang maju,-1,0,0.8603753,True,high
4049,"Aku merasa capek berusaha tapi hasilnya nggak kelihatan, apa aku harus menyerah?",capek usaha hasil serah capek jangan serah perlu istirahat jenak tuju hasil datang pelan pelan usaha makna,-1,28,0.7655591,True,high
4054,"Aku merasa terjebak sama pikiran negatif, gimana cara keluar dari situ?",jebak negatif keluar situ negatif awan datang pergi perhati aktivitas jebak urai bareng,-1,-1,0.45030543,False,rejected
4058,"Aku merasa sendirian dengan masalahku, apa yang bisa membantuku?",sendiri sendiri bareng beban ringan bicara,-1,-1,0.5954832,False,rejected
4060,Kenapa ya aku merasa apa yang aku punya selalu kurang?,kurang terpa gaya hidup ekspektasi diri sendiri butuh bahagia bahagia datang terima bukan kejar perlu,-1,33,0.70592517,True,medium
4062,Aku merasa tertekan karena orang tua punya ekspektasi tinggi. Apa yang harus aku lakukan?,tekan ekspektasi tinggi laku berat bicara hati hati tahu bahagia penting dengerin kata hati sendiri,-1,33,0.7822021,True,high
4064,Aku capek banget menuruti apa yang orang lain harapkan dari aku. Gimana caranya berhenti begini?,capek turut harap henti begini lelah tetap batas kecil nyaman dengar hati bahagia diri sendiri perlu penuh harap,-1,0,0.77031034,True,high
4065,Aku merasa hidupku nggak berarti kalau nggak diakui orang lain. Gimana cara mengatasinya?,hidup arti manusiawi nilai diri hidup arti kejar sekadar nikmat momen kecil arti,-1,11,0.81778175,True,high
4067,Aku merasa nggak punya tujuan hidup yang jelas. Apa yang bisa aku lakukan?,tuju hidup jelas laku jelas eksplorasi penasaran mimpi kecil tuju muncul kecil,-1,21,0.8008689,True,high
4068,Aku merasa malu dengan tubuhku karena nggak seperti model di iklan. Gimana caranya aku bisa nerima diri sendiri?,malu tubuh model iklan nerima diri sendiri tubuh udah luar bawa jauh iklan realistis usah bandingin syukur tubuh laku jalan ketawa peluk sayang cantik sendiri,-1,18,0.6606191,True,medium
4070,Aku merasa hidupku dikendalikan oleh pendapat orang lain. Gimana caranya aku lepas dari ini?,hidup kendali lepas lelah kenal diri sendiri jurnal bahagia pelan pelan kuat hidup sesuai kata hati,-1,11,0.74739265,True,medium
4072,Aku sering merasa kekuranganku bikin aku nggak layak diterima orang lain. Gimana caranya aku bisa nerima diri sendiri?,kurang layak terima nerima diri sendiri kurang apresiasi kecil diri hati ketawa lama lama kurang justru istimewa,-1,0,0.7681773,True,high
4076,Kok aku susah banget percaya sama keputusanku sendiri?,susah percaya putus sendiri denger putus kecil pilih makan favorit siapa lama lama percaya insting sendiri,-1,0,0.68267715,True,medium
4080,Aku ngerasa hidupku nggak berarti karena aku nggak sempurna.,ngerasa hidup arti sempurna sempurna hidup arti syukur diri hidup betapa harga,-1,33,0.77910614,True,high
4084,Aku ngerasa tekanan buat ikut apa yang orang lain lakuin. Aku capek.,ngerasa tekan lakuin capek tekan berat putus kecil pilih film awal diri sendiri kuat,-1,17,0.6540416,True,medium
4087,"Aku merasa lemah dan sering sakit, apa aku bisa berhasil di hidup ini?",lemah sakit hasil hidup awal lemah justru kuat diri penting terus usaha percaya kecil bawa dekat tuju,-1,0,0.79036975,True,high
4090,"Kenapa hidupku penuh rintangan, apa aku kurang beruntung?",hidup penuh rintang kurang untung hidup mulus rintang hidup siap kuat tantang sempat tumbuh kurang untung sedang bentuk,-1,17,0.8471673,True,high
4092,"Aku merasa sendirian, kayak nggak ada yang peduli, apa yang bisa aku lakukan?",sendiri peduli laku sepi datang percaya laku senang harga yakin peduli,-1,-1,0.62985957,False,rejected
4093,"Aku sering dikritik, itu bikin aku down, gimana caranya tetap kuat?",kritik down tetap kuat kritik sakit kembang omong negatif lepas kuat kata kata percaya,-1,0,0.66159654,True,medium
4094,"Aku merasa hidupku nggak punya tujuan, apa yang harus aku cari?",hidup tuju tuju langsung jelas diri sendiri hidup kecil kejar,-1,17,0.69525087,True,medium
4104,Aku merasa hidup ini begitu dinamis dan aku bingung harus berbuat apa. Apa yang bisa kulakukan?,hidup dinamis laku hidup penuh ubah peluang kecil percaya peran penting,-1,11,0.8026794,True,high
4107,"Aku pengen bikin perubahan di hidupku, tapi takut nggak berhasil. Apa yang harus kulakukan?",ubah hidup takut hasil laku ubah gampang tetap tuju kecil pagi baca buku raya kecil semangat terus,-1,17,0.77279663,True,high
4111,"Aku sering dikritik orang, dan itu bikin aku down. Gimana caranya tetap optimis?",kritik down tetap optimis kritik sakit hati sempat optimis kritik masuk akal rencana kecil,-1,0,0.7574121,True,high
4119,"Aku merasa hidupku nggak punya tujuan, kayak cuma menjalani rutinitas biasa aja. Apa yang bisa aku lakukan?",hidup tuju jalan laku paham hampa kenal semangat kecil hidup arah,-1,11,0.83744395,True,high
4123,"Aku pengen jadi versi yang lebih baik dari diriku sendiri, tapi nggak tahu mulai dari mana. Saran dong!",versi diri sendiri tahu saran keren kenal kurang terima pilih kembang skill positif dukung,-1,0,0.73021924,True,medium
4124,"Aku sering merasa nggak nyaman sama hidupku, kayak ada yang kurang. Ini kenapa ya?",nyaman hidup kurang nyaman kembang diri sendiri kurang butuh ruang ekspresi diri seni percaya,-1,0,0.706616,True,medium
4125,"Aku ngerasa orang lain lebih sukses, aku kok gini-gini aja. Gimana supaya nggak iri?",ngerasa sukses banding lelah jalan sendiri udah capai kecil ingat jalan masing masing sedang tuju sana,-1,17,0.7526296,True,high
4131,Aku sering ngerasa nggak layak dapat hal baik. Apa yang salah sama aku?,ngerasa layak salah salah layak datang diri sendiri ingat harga laku kecil ingetin diri pantas bahagia,-1,35,0.8094162,True,high
4134,Gimana caranya tahu apa yang sebenarnya aku inginkan dalam hidup?,tahu hidup diri sendiri bahagia laku paksa intuisi dengar hati kecil ganggu,-1,0,0.7739666,True,high
4138,"Aku merasa capek banget memenuhi harapan orang lain, gimana caranya berhenti?",capek penuh harap henti perlu penuh ekspektasi bahagia sesuai nilai pegang perlahan selaras diri,-1,29,0.7372186,True,medium
4141,"Aku merasa nggak punya kelebihan, apa yang bisa aku lakukan?",laku masuk perhati laku enjoy kecil benih tinggal kembang,-1,-1,0.6127863,False,rejected
4148,"Aku merasa terjebak dalam pikiranku sendiri, seperti semua yang aku lakukan cuma tentang diriku. Gimana caranya keluar dari situasi ini?",jebak sendiri laku diri keluar situasi perhati kecil terlalu tenggelam sendiri,-1,4,0.6653753,True,medium
4149,Kenapa aku selalu merasa semua orang memperhatikanku? Aku takut salah langkah.,perhati takut salah terlalu persepsi fakta sibuk urus sendiri laku nyaman nilai jurnal jalan jalan santai,-1,0,0.6874952,True,medium
4150,"Kadang aku merasa aku paling hebat, tapi di lain waktu aku merasa nggak berguna. Kenapa gitu?",paling sisi main imbang laku bukan diri daftar kecil tuju nikmat proses,-1,-1,0.63932604,False,rejected
4153,Aku merasa semua yang aku lakukan harus bikin orang lain kagum. Apa itu salah?,laku kagum salah salah laku hilang diri sendiri bahagia perlu situ,-1,35,0.7962419,True,high
4155,"Aku suka ngelamun tentang kesuksesan, tapi nggak pernah action. Apa yang salah?",ngelamun sukses action salah ngimpi bagus henti lamun maju kecil tuju tuju riset lamun nyata,-1,-1,0.589116,False,rejected
4156,Kadang aku merasa dunia ini cuma tentang aku. Itu buruk nggak sih?,laku temen giat perspektif,-1,0,0.7443379,True,medium
4159,Aku merasa aku harus selalu menang dalam segala hal. Apa itu salah?,menang segala salah menang salah terima kalah nyakitin kalah bukan akhir segala,-1,-1,0.5943558,False,rejected
4161,Aku kadang merasa aku nggak layak sukses. Apa yang bisa aku lakukan?,layak sukses laku layak datang ragu diri inget hasil kecil raih situ percaya diri mampu,-1,33,0.6803249,True,medium
4162,Aku merasa aku harus jadi orang lain biar diterima. Aku capek.,terima capek lari tempat capek terima diri harga asli kecil ungkapin jujur,-1,18,0.7667581,True,high
4163,"Aku merasa bangga banget karena baru saja menang lomba, tapi kok malah jadi sombong ya?",bangga menang lomba malah sombong bangga capai sombong lupa diri diri sendiri menang usaha bukan puji,-1,-1,0.55578583,False,rejected
4167,"Aku merasa nggak perlu denger kritik karena aku udah cukup bagus, bener nggak sih?",perlu denger kritik udah cukup bagus bagus tutup diri kritik stuck kritik cermin kurang kritik akhir dengar pikirin beneran,-1,18,0.7860657,True,high
4171,"Aku merasa nggak perlu belajar lagi karena aku udah cukup tahu, bener nggak?",perlu udah cukup tahu tahu henti tumbuh rendah hati nyari,-1,0,0.65953517,True,medium
4174,"Aku nggak suka denger orang bilang aku salah, padahal aku yakin aku bener.",denger salah padahal yakin yakin diri sendiri bagus lewatin dengar pikirin,-1,-1,0.64297605,False,rejected
4176,"Aku merasa aku nggak butuh bantuan karena aku bisa sendiri, bener nggak?",butuh sendiri mandiri terima jalan susah inget mudah,-1,0,0.66115165,True,medium
4181,"Aku suka banget dipuji, tapi kok rasanya nggak pernah cukup?",puji cukup puji terus validasi lupa nilai diri sendiri laku percaya bukan puji,-1,0,0.673223,True,medium
4182,"Aku takut kalau rendah hati nanti orang nggak notice aku, gimana dong?",takut rendah hati notice rendah hati bukan arti justru kerja kualitas notice hasil alami percaya proses perlu buru buru perhati,-1,0,0.7249013,True,medium
4183,"Aku sering nunda kerjaan, apa aku cuma nggak disiplin?",nunda kerja disiplin nunda kerja disiplin kewalahan takut gagal pecah tugas kecil paling gampang susah nunda,-1,0,0.6659585,True,medium
4185,"Aku merasa orang lain lebih beruntung dari aku, kenapa ya hidupku gini?",untung hidup banding diri capek jalan sendiri kontrol usaha pandang kecil syukur,-1,33,0.88537365,True,high
4190,"Aku sering merasa hasil kerjaku jelek dibandingkan orang lain, apa aku harus menyerah?",hasil kerja jelek banding serah bandingin diri emang down arti serah hasil jelek awal proses capai percaya,-1,0,0.7478001,True,medium
4191,"Aku merasa nggak punya tujuan hidup, apa yang salah sama aku?",tuju hidup salah tuju hidup arti salah ngalamin fase kecil penasaran eksplor situ tahu semangat,-1,11,0.7859124,True,high
4195,Kenapa ya aku selalu pengen jadi pusat perhatian? Apa ini salah?,pusat perhati salah pusat perhati manusiawi terlalu kuat lupa tuju diri sendiri perlu harga,-1,7,0.73411536,True,medium
4196,Aku merasa aku lebih baik dari orang lain di timku. Gimana caranya biar ga sombong?,sombong percaya diri bagus renggang rendah hati,-1,33,0.68846637,True,medium
4199,Aku selalu merasa harus menang di setiap diskusi. Apa ini buruk?,menang diskusi menang lupa dengar diskusi saling bukan menang dengar sudut pandang situ,-1,-1,0.61854684,False,rejected
4204,Aku merasa nggak ada yang bisa ngalahin aku di pekerjaanku. Ini bahaya nggak?,ngalahin kerja bahaya yakin diri penting saing lengah tantang inspirasi terus kembang,-1,29,0.81339246,True,high
4206,Aku merasa kesuksesanku bikin aku berhak atas semuanya. Ini wajar nggak?,sukses sukses lupa syukur tetap rendah hati sukses jaga imbang,-1,33,0.8574734,True,high
4208,Aku merasa susah banget untuk terus belajar hal baru. Kayaknya aku udah cukup tahu banyak. Gimana caranya supaya aku tetap semangat belajar?,susah terus udah cukup tahu tetap semangat udah cukup tahu justru situ tantang tualang bukan beban kecil penasaran baca artikel pendek tonton topik ingat kecil tumbuh sempat,-1,7,0.7661201,True,high
4210,Aku suka banget ceritain keberhasilan aku ke orang lain. Tapi kok kadang aku merasa kosong setelahnya?,hasil kosong bangga capai terlalu lupa nikmatin proses refleksi bahagia hasil luang syukur jalan sendiri perlu validasi momen kecil bangga akhir akhir,-1,33,0.8290717,True,high
4211,Aku susah nerima kritik. Rasanya kayak diserang. Gimana caranya biar ga gitu?,susah nerima kritik serang kritik emang defensif hadiah kritik diri sendiri kritik dengar saring manfaat kritik kesal,-1,18,0.69209486,True,medium
4217,Aku merasa capek banget karena selalu pengen menang di setiap situasi. Gimana caranya rileks?,capek menang situasi rileks menang capek proses bukan hasil kompetisi diri sendiri nikmat jalan nomor situasi menang,-1,-1,0.55437124,False,rejected
4218,"Aku pengen bikin perubahan besar di hidupku, tapi takut ga berhasil. Apa langkah pertamanya?",ubah hidup takut hasil pertama ubah kecil pilih sederhana pagi baca halaman buku konsisten kecil percaya diri ubah capai,-1,0,0.7078493,True,medium
4219,"Aku pengen jadi orang yang lebih sabar, tapi susah banget. Gimana caranya?",sabar susah sabar emang perlu situasi kecil antri lama hasil sabar diri puji lama lama gampang kesal,-1,28,0.7061964,True,medium
4226,Aku pengen jadi nomor satu di semua hal. Apa itu buruk?,nomor korban sehat nilai nilai sehat pilih penting kejar penuh makna,-1,-1,0.557865,False,rejected
4227,Aku suka ceritain kehebatanku ke orang lain. Apa itu salah?,salah bangga pamer lena usaha juang inspirasi tetap rendah hati,-1,33,0.7712987,True,high
4228,Aku takut kehilangan kesuksesanku kalau berhenti sebentar. Gimana caranya istirahat?,takut hilang sukses henti sebentar istirahat istirahat bukan arti serah justru istirahat penting atur refleksi energi,-1,31,0.79254586,True,high
4229,Aku pengen orang lain kagum sama aku. Apa itu ego?,kagum bangga diri sendiri kejar puas datang bukan luar,-1,33,0.7043401,True,medium
4230,Aku merasa harus selalu bilang 'ya' biar nggak ketinggalan. Apa itu salah?,tinggal salah terus hilang penting sesuai tuju hidup arah,-1,17,0.7224225,True,medium
4231,Aku pengen punya lebih banyak uang. Apa itu salah?,uang salah salah uang tuju lupa bahagia berapa butuh tuju,-1,-1,0.63325703,False,rejected
4232,Aku suka pamer di medsos biar orang kagum. Apa itu buruk?,pamer medsos kagum pamer medsos jebak validasi beneran makna juang autentik,-1,-1,0.6480648,False,rejected
4235,Aku takut orang lupa kehebatanku kalau nggak terus menang. Gimana caranya tenang?,takut lupa terus menang tenang perlu terus menang harga beneran peduli usaha bukan trofi utuh tenang,-1,0,0.6690306,True,medium
4236,"Aku merasa harus punya segalanya, tapi kok malah bikin aku capek?",segala malah capek kewalahan sekaligus bareng paling penting lepas perlu hati ringan,-1,31,0.70184577,True,medium
4239,"Aku suka ngatur semuanya, tapi orang-orang malah kesal sama aku. Salahku apa?",ngatur malah kesal salah ngatur salah butuh ruang atur penting,-1,0,0.6773176,True,medium
4251,Aku ngerasa aku harus selalu jadi yang terbaik. Ini bikin aku capek. Apa yang harus aku lakuin?,ngerasa capek lakuin bagus capek tekan terlalu ngerasa nomor imbang,-1,2,0.6720721,True,medium
4252,"Aku merasa ide-ideku selalu yang terbaik, tapi kenapa timku sering nggak setuju?",tuju sudut pandang harga dengar siapa tahu lengkap terlalu yakin sendiri paling malah solusi,-1,0,0.6542023,True,medium
4253,"Aku pengen jadi pemimpin hebat, tapi kok susah banget ngatur orang lain?",pimpin susah ngatur pimpin ngatur diri sendiri disiplin tuju mudah arah diri contoh jelas,-1,-1,0.64903307,False,rejected
4254,"Aku merasa timku nggak kompeten, makanya aku harus turun tangan terus. Apa salah?",kompeten makanya turun tangan terus salah ngerasa kurang arah percaya komunikasi ekspektasimu jelas ruang ngurusin sendiri malah burnout,-1,7,0.6657814,True,medium
4255,"Aku pengen timku nurut aja sama visiku, kenapa mereka malah debat terus?",nurut malah debat terus ngerasa didenger diskusi harga input kuat bagus fleksibel malah frustrasi,-1,-1,0.57199216,False,rejected
4259,Aku pengen semua orang tahu aku yang bikin proyek ini sukses. Itu salah ya?,tahu proyek sukses salah salah terlalu kredit lupa harga rayain hasil bareng ngerasa harga,-1,-1,0.4494323,False,rejected
4261,Aku merasa orang lain nggak bisa ngerjain apa-apa tanpa aku. Aku harus gimanain?,ngerjain gimanain terlalu ngontrol delegasi tugas percaya pegang capek kembang,-1,-1,0.59392965,False,rejected
4263,"Aku suka ngomongin ide besar, tapi susah banget wujudinnya. Kenapa ya?",ngomongin susah wujudinnya keren rencana eksekusi omong pecah kecil selesain,-1,28,0.65367305,True,medium
4264,Aku ngerasa nggak perlu dengerin orang lain karena aku udah tahu semuanya. Apa itu buruk?,ngerasa perlu dengerin udah tahu ngerasa hilang sempat perspektif dengerin rugi,-1,17,0.7783124,True,high
4268,Kadang aku merasa hidupku gak ada artinya kalau gak sukses besar. Apa aku terlalu keras sama diri sendiri?,hidup arti sukses terlalu diri sendiri kedengerannya nuntut diri sendiri sukses bukan hidup arti momen kecil senyum temen selesain tugas kecil makna hidup datang sederhana,-1,11,0.7912234,True,high
4269,"Aku suka ngerasa orang lain gak sebanding sama aku. Tapi aku gak bilang sih, cuma dalam hati. Itu buruk gak?",ngerasa banding hati muncul lama lama isolasi sisi harga nyaman diri sendiri,-1,0,0.74942446,True,medium
4273,"Aku suka ngebandingin diri sama orang lain, tapi kok malah gak puas. Gimana caranya berhenti?",ngebandingin diri malah puas henti bandingin diri emang tenang jalan sendiri udah capai kecil syukur ngalihin banding,-1,0,0.83044803,True,high
4274,Aku merasa dunia gak adil kalau aku gak dapat apa yang aku mau. Gimana biar gak gitu?,adil kecewa manusiawi diri nerima ketidakpastian kontrol usaha sikap kuat hadap,-1,0,0.83014446,True,high
4277,"Aku merasa harus selalu jadi yang terbaik di segala hal, tapi capek banget. Gimana caranya supaya aku nggak terus-terusan begini?",segala capek terus terus begini berat kejar posisi puncak proses bukan hasil nikmat bukan piala capek istirahat jenak bukan kalah peduli diri sendiri,-1,29,0.72658634,True,medium
4278,Kadang aku pengen orang lain kagum sama aku. Itu salah nggak sih?,kagum salah harga lupa tuju asli perlu ulang diri sendiri bahagia perlu tetap penting,-1,17,0.7207869,True,medium
4282,"Kalau aku nggak jadi nomor satu, rasanya aku nggak berharga. Gimana cara ngatasin pikiran ini?",nomor harga ngatasin berat nilai peringkat harga usaha diri prestasi diri sudut,-1,-1,0.63168764,False,rejected
4284,Aku ngerasa harus selalu kuat dan nggak boleh kelihatan lemah. Tapi aku capek. Apa yang salah?,ngerasa kuat lemah capek salah salah capek manusia tunjuk lemah bukan arti kalah berani jujur rasain dekat jurnal kuat,-1,0,0.84495807,True,high
4285,Aku sering ngerasa aku paling benar. Gimana caranya supaya nggak gitu?,ngerasa paling dengar diri sendiri sudut pandang situasi paling,-1,-1,0.6119396,False,rejected
4289,"Aku ngerasa nggak perlu dengerin saran orang lain, aku udah tahu semua. Ini buruk nggak?",ngerasa perlu dengerin saran udah tahu percaya diri bagus saran dengar siapa tahu saran masa,-1,-1,0.6133621,False,rejected
4292,Aku pengen ngalahin semua orang di hidup ini. Tapi kok rasanya nggak tenang. Kenapa ya?,ngalahin hidup tenang menang bagus tenang terlalu kompetisi saing diri sendiri versi kemarin tingkat diri,-1,-1,0.6039418,False,rejected
4295,Kadang aku merasa ego-ku bikin aku nggak bisa menerima kegagalan. Gimana caranya mengendalikan ego?,terima gagal kendali sulit terima nyata diri gagal proses bukan akhir segala kesal diri sendiri jaga tetap tempat,-1,0,0.79047585,True,high
4296,"Kenapa hidupku penuh dengan kegagalan, sedangkan orang lain kelihatan sukses terus?",hidup penuh gagal sedang sukses terus berat banding diri ingat hidup highlight bukan juang balik layar tantang masing masing progres kecil sendiri udah capai jauh,-1,17,0.74719656,True,medium
4301,"Aku pengen orang lain ngelihat aku kuat, tapi dalam hati aku rapuh. Gimana caranya biar nggak pura-pura?",ngelihat kuat hati rapuh pura pura berat kuat terus perlu pura pura percaya siap jurnal jujur diri sendiri,-1,0,0.77825445,True,high
4302,Aku merasa hidupku nggak akan pernah lebih baik setelah gagal besar. Apa yang bisa aku lakukan?,hidup gagal laku tahu stuck titik rendah ingat gagal masa depan kecil laku senang,-1,17,0.8084606,True,high
4304,Aku pengen nyerah aja karena semua usahaku gagal. Apa salah kalau aku nyerah?,nyerah usaha gagal salah nyerah nyerah manusiawi udah usaha nyerah tuju tuju penting perlu istirahat nyerah,-1,17,0.72977275,True,medium
4309,"Aku ngerasa hidup nggak adil, kenapa aku yang selalu apes? Gimana caranya biar nggak kesal terus?",ngerasa hidup adil apes kesal terus berat hidup adil kontrol respons situasi kecil syukur kesal hidup adil,-1,-1,0.59515655,False,rejected
4311,Aku ngerasa nggak pantas sukses karena pernah gagal besar. Gimana cara ngatasin pikiran ini?,ngerasa pantas sukses gagal ngatasin berat gagal nilai diri capai kecil raih kecil ingetin diri sendiri mampu bangga kecil,-1,0,0.73508376,True,medium
4312,"Aku sering nyalahin orang lain kalau ada masalah. Aku tahu ini salah, tapi susah berhenti. Apa yang bisa aku lakuin?",nyalahin tahu salah susah henti lakuin udah diri sendiri laku muncul solusi bukan salah situasi nyalahin,-1,0,0.7173624,True,medium
4315,Aku ngerasa nggak ada gunanya usaha lagi karena pasti gagal. Gimana caranya biar semangat lagi?,ngerasa usaha gagal semangat putus berat ingat hasil kecil bukti sederhana jalan pagi baca buku kecil semangat,-1,0,0.73041,True,medium
4316,Aku ngerasa kegagalan ini karena aku nggak cukup baik. Gimana caranya biar nggak terus mikir gitu?,ngerasa gagal cukup terus mikir tipu gagal arti cukup perlu kuat ingetin nilai diri kuat diri,-1,0,0.8392956,True,high
4317,"Aku pengen cepet bangkit dari kegagalan, tapi nggak tahu caranya. Apa yang bisa aku coba?",cepet bangkit gagal tahu bangkit butuh kecil rencana sederhana tugas jangan lupa istirahat penting kecil,-1,28,0.6686813,True,medium
4324,Aku pengen nyerah aja karena gagal terus. Apa yang bisa bikin aku tetep lanjut?,nyerah gagal terus lanjut nyerah berat udah kuat jauh alas kecil lanjut tuju pribadi sayang istirahat perlu jangan henti terus juang,-1,0,0.74784994,True,medium
4325,Aku ngerasa hidupku nggak akan berarti kalau aku nggak sukses. Gimana caranya biar nggak mikir gitu?,ngerasa hidup arti sukses mikir makna hidup sukses hidup nikmat momen sederhana hidup arti perlu sukses,-1,11,0.81672883,True,high
4326,"Aku merasa waktu hidupku banyak terbuang sia-sia, apa yang bisa aku lakukan?",hidup buang laku sempat refleksi kecil laku dekat tuju situ pelan pelan momentum,-1,29,0.6729102,True,medium
4327,"Kadang aku merasa stuck di situasi yang gak bisa kuubah, kayak di penjara gitu. Gimana cara menghadapinya?",stuck situasi ubah penjara hadap tahu berat situasi luar kendali kuasa situasi kuat diri,-1,-1,0.63261056,False,rejected
4335,Aku pengen orang lain kagum sama aku. Itu salah gak sih?,kagum salah harga manusiawi motivasi hilang arah tuju bangga diri bukan,-1,29,0.80040634,True,high
4336,Aku pengen jadi orang jahat aja biar gak disakitin lagi. Apa itu solusi?,jahat disakitin solusi lindung diri jahat jebak lingkar sakit hati jaga batas hilang nilai nilai istimewa,-1,0,0.78834903,True,high
4337,Aku merasa semua usahaku sia-sia karena gak ada hasil. Apa aku harus berhenti?,usaha hasil henti usaha langsung hasil arti udah usaha maju istirahat perlu jangan serah,-1,28,0.7472933,True,medium
4339,Aku merasa dunia ini gak adil. Kenapa aku yang selalu susah?,adil susah tahu frustrasi adil kuat hadap kendali kecil situ,-1,0,0.78630877,True,high
4343,Aku merasa hancur banget setelah gagal dalam proyek besar. Apa yang harus aku lakukan?,hancur gagal proyek laku hancur momen titik balik diri gagal istirahat jenak sudut pandang,-1,-1,0.634193,False,rejected
4346,Aku merasa dunia nggak adil. Kenapa aku yang selalu kena masalah?,adil kena stuck adil kontrol ubah tanggap kuat,-1,-1,0.5250329,False,rejected
4347,Aku nggak bisa lepas dari pikiran bahwa aku nggak cukup baik.,lepas cukup musuh bukti cukup terlalu diri sendiri catat kecil laku ubah pandang,-1,13,0.6651834,True,medium
4349,Aku nggak bisa nerima kenyataan bahwa aku salah. Susah banget.,nerima nyata salah susah terima salah sulit takut lemah justru kuat salah kecil awal bebas beban,-1,0,0.8761894,True,high
4351,Aku ngerasa hidupku nggak berarti setelah kehilangan pekerjaan.,ngerasa hidup arti hilang kerja hilang kerja kosong hidup sekadar kerja tahu hidup dekat tuju nilai,-1,17,0.7943779,True,high
4352,Aku nggak bisa berhenti mikirin kesalahan masa lalu. Gimana caranya move on?,henti mikirin salah masa move masa beban berat sesal kecil ubah masa cipta masa depan,-1,17,0.7056186,True,medium
4353,Aku merasa semua orang lebih baik dari aku. Aku nggak pantes ada di sini.,pantes datang banding diri juang sendiri bawa tempat,-1,-1,0.46542016,False,rejected
4357,Aku ngerasa semua yang aku lakuin sia-sia. Buat apa capek-capek?,ngerasa lakuin capek capek stuck belakang kecil bangga bukti usaha kecil beri,-1,30,0.703724,True,medium
4358,Aku merasa sulit untuk rendah hati saat aku sedang merasa sukses. Gimana caranya supaya aku nggak terbawa ego?,sulit rendah hati sedang sukses bawa proses bukan hasil bangga ingat kecil bawa situ syukur kerja diri sendiri tetap rendah hati,-1,33,0.77317286,True,high
4362,Aku merasa susah nerima kritik. Aku harus gimana?,susah nerima kritik kritik nyaman kunci kembang dengar kritik anggap saran temen tanyain diri sendiri pelan pelan,-1,18,0.69642055,True,medium
4369,"Aku pengen jadi pemimpin, tapi takut ego bikin aku sombong. Apa yang harus aku lakukan?",pimpin takut sombong laku pimpin keren rendah hati kunci dengar tahu harga kontribusi hormat perlu sombong,-1,33,0.70618165,True,medium
4370,Aku merasa kesuksesan bikin aku lupa diri. Gimana caranya tetap membumi?,sukses lupa diri tetap bumi sukses asyik lupa darat hehe rutin refleksi minggu diri tetap rendah hati habis ingat diri sendiri,-1,29,0.71122557,True,medium
4373,Kadang aku merasa nggak perlu bantuan orang lain. Ini salah nggak?,perlu salah salah hilang sempat sekal minta saran percaya walaupun kecil kaget betapa manfaat pandang,-1,0,0.72243154,True,medium
4376,Aku merasa gagal banget setelah dipecat dari kerjaan. Apa yang harus aku lakukan biar nggak terus-terusan ngerasa down?,gagal pecat kerja laku terus terus ngerasa down sedih hilang kerja terima jangan lama lama tenggelam refleksi alam putus kecil depan peluang gagal terus gerak,-1,0,0.76543045,True,high
4379,Aku merasa nggak bisa lepas dari kesalahan masa lalu. Gimana caranya move on?,lepas salah masa move salah masa bayang nyakitin ngasih kuasa stuck diri sendiri kendali tuju kecil kecil depan masa makin jauh,-1,17,0.6580585,True,medium
4385,Aku ngerasa hidupku nggak akan pernah lebih baik setelah gagal. Apa yang salah sama aku?,ngerasa hidup gagal salah salah jebak lubang gagal gagal bukan akhir proses ingat momen masa bangkit sulit kecil laku tuju kecil tunjuk maju,-1,17,0.8291086,True,high
4386,Aku ngerasa nggak punya apa-apa lagi setelah kehilangan sesuatu yang penting. Gimana caranya bangkit?,ngerasa hilang penting bangkit hilang berat diri sendiri udah cukup kecil syukur berani situ tuju sederhana kecil bawa tempat,-1,17,0.7999259,True,high
4387,Aku ngerasa kegagalanku bikin aku nggak layak dihargai. Gimana cara ngubah pikiran ini?,ngerasa gagal layak harga ngubah gagal nilai diri momen laku bukti mampu laku harga kejar nilai diri bukan gagal,-1,0,0.73377085,True,medium
4389,Aku pengen nyerah aja karena gagal terus. Apa gunanya coba lagi?,nyerah gagal terus capek nyerah stuck tempat gagal langsung pilih kecil laku baca artikel jalan jalan tuju ubah kuat,-1,17,0.67267525,True,medium
4395,Aku ngerasa hidupku cuma buat nunjukin ke orang lain bahwa aku sukses. Salah nggak?,ngerasa hidup nunjukin sukses salah salah hidup hilang diri sendiri bahagia kejar kecil hidup makna,-1,17,0.7991469,True,high
4397,Aku ngerasa dunia nggak adil. Kenapa aku yang selalu kena masalah?,ngerasa adil kena stuck adil kontrol hadap kecil kuat,-1,-1,0.6261213,False,rejected
4399,Aku benci sama orang yang ngejek aku. Harus balas nggak?,benci ngejek balas kesal balas situasi makin ejek cermin bukan kuat kata kata,-1,0,0.7243748,True,medium
4400,Aku nggak bisa nerima kenyataan bahwa aku salah. Susah banget.,nerima nyata salah susah terima salah sulit takut lemah justru berani salah kecil awal ringan,-1,0,0.84713745,True,high
4402,Aku ngerasa hidupku cuma buat membuktikan bahwa aku lebih baik dari orang lain.,ngerasa hidup bukti hidup bukti diri lelah cukup diri sendiri kejar tuju bahagia bukan pamer,-1,0,0.8340509,True,high
4404,Aku ngerasa semua orang lebih sukses dari aku. Aku nggak pantes ada di sini.,ngerasa sukses pantes banding diri kecil jalan sendiri unik diri bawa tempat sendiri,-1,-1,0.61472404,False,rejected
4408,Kenapa sih aku selalu merasa harus jadi yang terbaik?,datang ambisi main diri sendiri bahagia versi diri sendiri arti turut nomor,-1,29,0.7071984,True,medium
4410,"Aku merasa kesepian, kayak nggak ada yang ngerti aku.",sepi sepi berat dengerin kuat sendiri padahal minta dukung kuat rasain,-1,0,0.8040898,True,high
4414,"Aku pengen menyerah aja, capek banget berjuang.",serah capek juang capek udah usaha luar serah bukan jalan istirahat jenak diri pulih serah dengerin,-1,2,0.68731457,True,medium
4418,"Aku merasa hidupku nggak ada artinya, apa yang harus aku lakukan?",hidup arti laku kosong berat nemenin makna datang kecil nikmat momen sederhana hidup,-1,11,0.83986425,True,high
4420,"Aku nggak bisa berhenti mikirin kegagalan masa lalu, gimana caranya move on?",henti mikirin gagal masa move gagal masa jebak bukan definisi diri udah capai sejak kecil bukti maju susah lepas masa,-1,17,0.7445183,True,medium
4421,"Aku merasa harus selalu kuat, tapi aku capek. Apa yang salah?",kuat capek salah salah capek manusia kuat beban izin diri istirahat dekat kuat,-1,2,0.7432704,True,medium
4422,"Aku pengen jadi orang yang lebih baik, dari mana mulai?",kecil syukur dengar penuh perhati versi bayang diri,-1,33,0.74644697,True,medium
4430,Aku sering ragu sama kemampuanku sendiri. Gimana cara ngatasinnya?,ragu mampu sendiri ngatasinnya ragu manusiawi inget kecil udah capai bukti mampu kecil percaya kembang,-1,0,0.7309867,True,medium
4437,Aku merasa beban hidupku berat banget. Apa yang bisa bikin aku kuat?,beban hidup berat kuat beban berat hadap sendiri percaya rasain kecil jaga diri sendiri kuat,-1,0,0.78279066,True,high
4438,Aku sering ngerasa nggak pantas dapat apa yang aku punya. Normalkah ini?,ngerasa pantas nama sindrom imposter inget hasil usaha capai betapa pantas,-1,-1,0.6151783,False,rejected
4439,Gimana caranya biar nggak terlalu ngikutin apa kata orang?,terlalu ngikutin kata dengerin jangan lupa diri sendiri penting percaya nilai tuju sendiri,-1,0,0.6885997,True,medium
4442,"Aku suka banget cerita tentang rencanaku, tapi kok ga pernah jadi kenyataan?",rencana nyata bicara rencana mudah laku kurang bicara tindak kecil pertama,-1,-1,0.606211,False,rejected
4450,"Aku sering cerita soal ideku, tapi ga pernah eksekusi, gimana caranya berubah?",eksekusi ubah mudah eksekusi butuh komitmen pilih kecil mula,-1,28,0.6808349,True,medium
4451,"Aku takut kalau diam, orang lupa aku ada, apa yang harus aku lakukan?",takut diam lupa laku diam bukan arti hilang justru diam karya nyata proyek kecil siapa proyek,-1,-1,0.622774,False,rejected
4452,"Aku suka bilang ‘aku sibuk’ padahal ga ngapa-ngapain, kenapa ya?",sibuk padahal alas penting diri sendiri capai kecil tuju tuju,-1,17,0.67735094,True,medium
4462,"Aku merasa harus selalu jadi yang terbaik. Kalau nggak, aku ngerasa gagal. Gimana caranya biar aku nggak terlalu keras sama diri sendiri?",ngerasa gagal terlalu diri sendiri berat tuntut diri ubah mindset bukan nomor kembang diri ruang salah sempurna ringanin beban,-1,0,0.7853693,True,high
4464,Aku merasa orang lain nggak ngerti perjuanganku. Ini bikin aku kesepian. Apa yang bisa aku lakuin?,juang sepi lakuin sepi berat paham percaya juang proses dengerin,-1,30,0.6694647,True,medium
4466,Aku sering ngerasa harus buktikan diri ke orang lain. Ini bikin capek. Gimana caranya biar aku bebas dari ini?,ngerasa bukti diri capek bebas terus terus bukti diri lelah bukti siapa validasi bangga diri sendiri bukti diri jalan keluar bareng,-1,0,0.71686506,True,medium
4468,"Aku pengen jadi orang yang rendah hati, tapi takut dianggap lemah. Gimana caranya?",rendah hati takut anggap lemah rendah hati lemah justru kuat ngaku tahu segala praktik kecil dengerin buru buru ngebela diri takut anggap lemah tunjukin rendah hati tetap percaya diri,-1,0,0.78026605,True,high
4471,"Aku ngerasa nggak pernah cukup baik, meski udah usaha keras. Gimana caranya biar aku nggak terus ngerasa gini?",ngerasa cukup udah usaha terus ngerasa cukup berat udah usaha luar daftar kecil udah capai kecil progress standar cukup datang sendiri harga diri,-1,0,0.78439844,True,high
4478,"Aku merasa udah capek belajar, pengen cepet selesai.",udah capek cepet lelah makin makin kuat jeda senang capek,-1,2,0.6969008,True,medium
4479,Aku nggak mau dengerin orang yang nggak sepaham sama aku.,dengerin paham nyaman paham dengar siapa tahu manfaat dengar,-1,-1,0.5495291,False,rejected
4481,"Aku nggak suka kalau disuruh sabar, aku mau hasil sekarang!",suruh sabar hasil cepat hasil butuh target kecil capai sabar,-1,28,0.77839255,True,high
4482,"Aku suka banget sama ideku, tapi orang bilang aku terlalu nafsu. Itu buruk ya?",terlalu nafsu semangat lewat lupa nyata keren diri sendiri pertama realistis lewat terlalu excited,-1,29,0.76539004,True,high
4485,"Aku suka ngomongin rencanaku, tapi susah banget wujudinnya. Kenapa ya?",ngomongin rencana susah wujudinnya ngomongin rencana gampang proses tantang rangin ngomong tambah action kecil rencana,-1,28,0.68476987,True,medium
4486,Aku ngerasa rendah diri karena harus mulai dari bawah. Apa ini normal?,ngerasa rendah diri bawah bawah justru sempat kuatin fondasi posisi,-1,0,0.72305787,True,medium
4489,"Aku ngerasa passionku bikin aku lupa waktu, tapi kok nggak produktif?",ngerasa passionku lupa produktif passion lupa arah capek jadwal kecil tugas penting tugas prioritas,-1,29,0.68590945,True,medium
4491,Aku ngerasa harus selalu kelihatan semangat di depan orang lain. Capek banget. Apa salah kalau aku santai?,ngerasa semangat depan capek salah santai salah sekali semangat terus terus lelah diri izin santai luangin refleksi laku recharge,-1,29,0.778755,True,high
4497,Aku merasa nggak dihargai di tim. Apa aku harus ngomong langsung ke atasan?,harga ngomong langsung ngomong tuju perlu tenang contoh konkret hasil kerja situasi dukung tunjuk nilai diri lewat tindak,-1,0,0.7466669,True,medium
4502,Aku capek terus-terusan sabar sama orang yang nggak menghargai. Sampai kapan aku harus tahan?,capek terus terus sabar harga kapan tahan sabar berat harga batas diri sendiri berapa lama stay situasi nunggu kembang diri peluang pindah situasi sehat,-1,-1,0.57587814,False,rejected
4510,Kenapa bahaya mendiagnosis diri lewat internet?,bahaya diagnosis diri lewat internet cenderung confirmation bias salah diagnosis strategi tangan keliru tunda profesional,-1,-1,0.5910282,False,rejected
4514,Apa bedanya terapi interpersonal dengan curhat ke teman?,terapi interpersonal curhat teman terap meta pola beri umpan balik profesional tetap empatik teman kerangka objektif,-1,-1,0.6324252,False,rejected
4515,Bagaimana mempersiapkan sesi terapi pertamaku?,siap sesi terapi pertama utama harap contoh situasi sikap cepat terap paham peta,-1,-1,0.58952296,False,rejected
4522,"Apa itu kebutuhan neurotik, dan kenapa saya merasa selalu butuh validasi orang lain?",butuh neurotik butuh validasi bagus karen horney butuh neurotik validasi cemas sehat butuh alas harga validasi sifat laku diri sendiri jalan jalan cukup tuju,-1,-1,0.6091846,False,rejected
4525,"Aku pengen gabung komunitas medsos yang peduli kesehatan mental, tapi takut nggak diterima. Gimana caranya biar aku pede ikutan?",gabung medsos peduli sehat mental takut terima pede gabung sehat mental masuk circle penuh empati terima pede baca postingan komen sederhana baca sendiri kecil nyaman meditasi jangan takut hangat takut gabung masuk percaya diri,-1,19,0.78307074,True,high
4531,"Kalau aku minum obat antidepresan, apa aku bakal ketergantungan?",obat antidepresan obat antidepresan sesuai saran dokter atur otak khawatir dokter konselor mikir obat penasaran,-1,23,0.7016096,True,medium
4540,Pernah nggak sih kerjaan bikin kamu depresi? Aku kayaknya lagi gitu.,kerja depresi depresi kerja tekan depresi penting diperhatiin depresi temuin pola solusi kecil berat saranin konselor psikolog dengerin kapan,-1,-1,0.64470303,False,rejected
4547,Aku dengar orang bilang kalau orang kulit hitam lebih gampang kena gangguan jiwa. Bener nggak sih?,dengar kulit hitam gampang kena ganggu jiwa mitos data tunjuk bukti rentan kena ganggu jiwa akses sehat tekan sosial khawatir sehat mental perspektif,-1,-1,0.5881142,False,rejected
4548,Kenapa sih orang Latin sering dibilang punya masalah mental lebih banyak?,latin mental latin mental data tunjuk tingkat ganggu mental kelompok latin variasi subgrupnya puerto rico kuba faktor sosial miskin diskriminasi tekan dengerin,-1,-1,0.44426888,False,rejected
4552,Aku nggak punya waktu ke dokter buat cek kesehatan mental. Apa aku bisa sembuh sendiri?,dokter sehat mental sembuh sendiri erti batas sehat mental penting sembuh sendiri sulit tahu akar kecil konselor fleksibel info,-1,16,0.7700964,True,high
4555,Aku pengen coba tes depresi online. Apa itu bisa dipercaya?,depresi percaya depresi awal akurat gantiin diagnosis profesional penasaran hasil didiskusiin ahli psikolog pikirin lanjut,-1,1,0.70619905,True,medium
4563,"Aku pengen ke psikiater, tapi takut dikasih obat mulu. Ada saran?",psikiater takut obat mulu saran khawatir obat psikiater awal eksplor opsi terapi bicara psikiater dengerin preferensi rencana sesuai siapin psikiater,-1,23,0.756356,True,high
4578,"Aku pengen ke psikolog, tapi takut malah dipaksa minum obat. Apa iya gitu?",psikolog takut malah paksa obat psikolog terapi bicara bukan ngasih obat psikiater khawatir awal nyaman terapi dengerin preferensi solusi cocok,-1,1,0.87712157,True,high
4583,"Aku sering merasa cemas, tapi nggak tahu harus ke mana. Apa aku harus langsung ke psikiater?",cemas tahu langsung psikiater cemas nyaman langsung psikiater percaya psikolog paham cemas ganggu aktivitas psikiater opsi cemas siapa tahu pikirin kecil,-1,1,0.8344581,True,high
4587,"Aku suka sih doa buat tenangin pikiran, tapi apa itu cukup buat masalahku?",tenangin cukup hati tenang bagus sehat mental berat terus muncul perlu tambah konselor terap kombinasi profesional saling dukung tenang,-1,0,0.6906156,True,medium
4595,"Aku orang Asia, tapi merasa layanan kesehatan mental di sini nggak ngerti kebutuhanku. Apa yang bisa aku lakukan?",asia sehat mental butuh laku frustrasi erti dekat sensitif staf bilingual paham nilai nilai susah nemu lokal kelompok dukung tempat info,-1,-1,0.6110158,False,rejected
4600,Aku merasa komunitasku nggak ngerti pentingnya kesehatan mental. Gimana caranya aku edukasi mereka?,penting sehat mental edukasi keren kecil santai temen keluarga acara ngomongin sehat mental kampanye sederhana saran,-1,5,0.67640656,True,medium
4608,Aku nggak yakin layanan kesehatan mental bisa bantu aku kerja lagi. Apa mereka cuma ngomongin perasaan doang?,yakin sehat mental kerja ngomongin doang khawatir dekat sehat mental mandiri kerja terampil sosial vokasional tuju kerja program spesifik tangan alam,-1,16,0.7354896,True,medium
4617,"Aku pengen ikut komunitas kesehatan mental, tapi takut malah jadi kayak pasien yang cuma dikasih obat. Gimana caranya pilih yang bener?",sehat mental takut malah pasien obat pilih bagus cocok pulih holistik bukan ngandalin obat konsumen sehat mental tawar konseling baya pusat drop dukung otonomi libat alam rupa jalan program peduli butuh anggota,-1,16,0.79127777,True,high
4618,Aku dengar ada orang yang dipaksa perawatan di rumah sendiri. Itu beneran ada? Aku takut banget kalau aku juga gitu.,dengar paksa awat sendiri beneran takut sayang bijak beberapa tempat nama awat rawat jalan paksa assisted outpatient treatment terap anggap patuh obat kontroversial hilang kendali tubuh khawatir penting tahu tahu atur tempat konsultasi advokat sehat mental info perlu paling takut situasi,-1,3,0.78808105,True,high
4621,"Aku takut kalau aku ceritain masalahku, nanti malah dikira bahaya dan dikunci di rumah sakit. Apa iya gitu?",takut malah bahaya kunci sakit khawatir valid alami awat paksa alas jelas atur ketat rawat inap paksa laku risiko nyata terap konselor dekat pulih dukung bukan hakim takut,-1,3,0.7548021,True,high
4631,Aku merasa nggak ada yang peduli kalau aku sedang nggak baik-baik saja. Apa yang bisa aku lakukan?,peduli sedang laku tahu sendiri percaya ringan diri ubah daring hotline sehat mental tempat harga dengar kapan,-1,0,0.67932713,True,medium
4633,"Aku takut kalau aku ke dokter jiwa, aku bakal dikurung di rumah sakit. Bener nggak sih itu?",takut dokter jiwa kurung sakit paham takut ganggu mental rawat lama sakit awat laku konseling terapi rawat inap kasus serius diskusi dokter psikolog khawatir jelasin proses tenang,-1,3,0.80876446,True,high
4639,"Emilia, aku takut kalau aku masuk rumah sakit jiwa, nanti malah dikurung selamanya. Apa bener gitu?",takut masuk sakit jiwa malah kurung lama khawatir rawat inap fasilitas sehat mental pulih bukan urung rawat kondisi khawatir bicara dokter konselor opsi awat fleksibel terapi rawat jalan dengerin khawatir,-1,16,0.72474784,True,medium
4642,"Emilia, aku takut kalau aku masuk penjara, nggak akan ada yang bantu aku dengan masalah mentalku. Bener nggak?",takut masuk penjara mental khawatir sayang beberapa tempat sehat mental penjara batas sedia evaluasi awat tahan ganggu mental khawatir bicara konselor keluarga rencanain dukung butuhin info daerah,-1,16,0.72123075,True,medium
4647,"Emilia, aku takut kalau gangguan mentalku bikin aku melakukan sesuatu yang nggak aku sadari, kayak menyakiti orang.",takut ganggu mental laku sakit paham takut ganggu mental otomatis sakit khawatir peduli bicara profesional evaluasi gejala rencana cegah terapi obat nemenin pikirin,-1,3,0.8194911,True,high
4654,"Aku takut cerita ke konselor nanti malah bikin aku tambah stres, gimana dong?",takut konselor malah tambah stres takut pertama konselor bukan tambah stres tahu konselor reputasi bagus sesi singkat nyaman info,-1,0,0.77549094,True,high
4666,"Aku merasa layanan kesehatan mental cuma buang-buang waktu. Emilia, apa bener gitu?",sehat mental buang buang erti alam muas program butuh spesifik case management kecewa perspektif saran,-1,16,0.7630503,True,high
4670,"Emilia, kenapa sih layanan buat orang dengan gangguan mental berat sering nggak cukup?",ganggu mental berat cukup rasain kurang dana batas pecah pecah kurang tenaga ahli stigma ragu minta imbang sedia sulit akses solusi,-1,0,0.7950703,True,high
4672,"Aku merasa nggak ada perubahan meski udah ikut layanan kesehatan mental. Apa aku salah, Emilia?",ubah udah sehat mental salah salah ubah butuh butuh penting sedia hasil dekat case management detail saran,-1,16,0.6970328,True,medium
4676,"Emilia, aku merasa nggak dilibatin sama sekali sama penyedia layanan kesehatan mental. Apa yang salah?",dilibatin sekali sedia sehat mental salah paham dilibatin frustrasi ideal sedia libat rencana awat paling tahu butuh komunikasi rasain sedia kolaboratif detail saran,-1,1,0.69874865,True,medium
4679,"Kadang aku ngerasa layanan kesehatan mental nggak bener-bener bantu aku sembuh, kenapa gitu ya?",ngerasa sehat mental sembuh frustrasi usaha lakuin ngasih hasil harap ubah dapet akses dokter tempat tinggal kurang tangan butuh emosional klinis langsung dekat bukti terapi khusus program personal alam saran,-1,16,0.7137852,True,medium
4686,"Aku baru tahu aku HIV positif, dan rasanya dunia runtuh. Gimana aku bisa hadapi ini?",tahu positif runtuh hadap tahu berat kewalahan diagnosis takut sendiri akurat awat maju haart hidup sehat panjang bicara dokter konselor jelasin,-1,3,0.8015712,True,high
4695,Aku kadang ngerasa kayak bukan diri sendiri. Itu apa sih?,ngerasa bukan diri sendiri bukan diri sendiri stres berat sehat mental dokter saranin profesional psikolog info hubungin psikolog,-1,1,0.7821223,True,high
4700,Orang bilang aku cuma cari perhatian karena aku bilang aku depresi. Aku harus buktikan apa?,perhati depresi bukti kesal perlu bukti depresi nyata valid paham alami sehat dukung profesional,-1,-1,0.6316657,False,rejected
4707,Aku takut kalau gangguan mentalku bikin aku nggak bisa hidup normal. Apa iya gangguan mental selalu bikin orang nggak berfungsi?,takut ganggu mental hidup ganggu mental fungsi ganggu mental pengaruh fungsi ganggu mental tetap hidup produktif dukung tepat terapi obat jalan hidup makna khawatir,-1,23,0.79531217,True,high
4710,"Aku pengen nggak cemas lagi, tapi ngerasa mustahil. Apa aku bisa sembuh?",cemas ngerasa mustahil sembuh mudah cemas sosial kelola lewat teknik exposure cognitive reappraisal penting kecil konsisten kecil rangin cemas minggu,-1,7,0.71557087,True,medium
4715,Aku kadang ngerasa pikiran burukku bikin aku orang jahat. Aku harus apa biar nggak merasa gitu?,ngerasa jahat tahu berat intrusi bukan cermin siapa tamu datang pergi perlu anggap serius terapi kognitif ubah jahat,-1,1,0.6718235,True,medium
4725,"Aku pengen cepet sembuh dari depresi, tapi kok lama banget. Apa aku gak cocok terapi?",cepet sembuh depresi lama cocok terapi cepet sembuh frustrasi lama depresi butuh proses jalan bukan arti cocok perlu sesuai udah terapi pikirin lanjut bareng,-1,19,0.686712,True,medium
4751,"Aku ngerasa nggak ada yang ngerti aku, makanya aku suka nyakitin diri sendiri. Apa yang salah sama aku?",ngerasa makanya nyakitin diri sendiri salah salah tahu berat nyakitin diri sendiri sakit solusi jangka panjang percaya susah terap tempat harga yakin sempat,-1,0,0.8042753,True,high
4757,Aku pengin banget sembuh cepet dari masalah mentalku. Berapa lama sih biasanya?,pengin sembuh cepet mental berapa lama pengin cepet proses pulih butuh beberapa bulan situasi penting udah usaha kecil tidur cukup pengin cepet sembuh,-1,-1,0.57508636,False,rejected
4758,"Aku nggak suka kalau orang bilang aku sakit jiwa. Aku cuma lagi susah aja, kok. Gimana caranya biar orang nggak label aku?",sakit jiwa susah label enak label nyaman jelas rasain sendiri hadap tantang bukan arti sakit dukung,-1,0,0.76861405,True,high
4765,Aku takut kalau aku gila karena denger suara-suara. Apa aku gila?,takut gila denger gila gila denger stres cemas bahkan kondisi sehat mental penting sendiri ngatasin saranin bicara psikolog paham jauh tenang percaya,-1,1,0.8260544,True,high
4768,"Kadang aku dengar suara-suara aneh di kepalaku, dan aku takut banget. Apa ini normal?",dengar aneh kepala takut dengar sumber takut dengerin bukan arti ngalamin rupa terapi konsultasi profesional sehat mental paham info lanjut,-1,1,0.8127816,True,high
4769,"Aku pernah coba terapi CBT, tapi kok nggak berhasil. Aku harus nyerah aja nggak?",terapi hasil nyerah frustrasi diharapin hasil butuh dekat kurang cocok terap dekat motivasi interviewing jangan nyerah yakin temuin,-1,0,0.7443013,True,medium
4771,Aku takut kalau aku punya gangguan psikologis serius. Gimana cara tahu pasti?,takut ganggu psikologis serius tahu takut cemas tahu profesional sehat mental psikolog psikiater nilai jelas saran treatment terapi periksa lanjut info tempat konsultasi,-1,1,0.85214657,True,high
4776,"Aku nggak mau ke kelompok dukungan kayak AA, soalnya malu. Apa ada cara lain?",kelompok dukung malu kelompok dukung malu siap alternatif konseling pribadi aplikasi sehat mental sendiri temen dekat dukung suatu kelompok anonim percaya,-1,1,0.7188915,True,medium
4777,"Aku udah coba berhenti minum, tapi selalu gagal. Aku merasa nggak punya harapan lagi.",udah henti gagal harap tahu frustasi udah hasil henti proses kambuh jalan bukan akhir tahu kambuh strategi hindar situasi minta profesional kambuh akhir,-1,0,0.71572435,True,medium
4787,Aku takut kalau treatment nggak berhasil buatku. Apa yang harus aku pikirin sebelum mulai?,takut treatment hasil pikirin takut gagal treatment peluang hasil komitmen pastiin paham harap jadwal klinik atur obat tanyain dokter treatment hasil takut treatment hasil,-1,3,0.8361666,True,high
4792,"Aku coba teknik kognitif, tapi pikiran burukku tetep muncul. Aku nggak cocok sama terapi ini ya?",teknik kognitif muncul cocok terapi muncul arti cocok teknik kognitif butuh naik sepeda bareng pilih bukti paling muncul,-1,-1,0.61369336,False,rejected
4798,"Aku pengen coba terapi buat masalah makanku, tapi takut nggak berhasil. Apa yang harus aku lakuin?",terapi makan takut hasil lakuin terapi takut takut hasil terapi proses kecil udah maju terap nyaman khawatir siapin daftar terap yakin takut terapi hasil,-1,12,0.7209743,True,medium
4800,"Aku merasa hubunganku sama pasangan kayak perangkap, aku nggak bisa jadi diri sendiri. Apa yang harus aku lakukan?",pasang perangkap diri sendiri laku jebak berat muncul jebak pola jujur masing masing diri sendiri nyaman bicarain pasang psikolog paham butuh,-1,1,0.8268186,True,high
4806,Bagaimana saya tahu apakah HDL dan LDL saya dalam batas aman?,tahu batas kurang bawah optimal bawah kategori hingga tinggi minta hasil lengkap dokter jelas risiko,-1,-1,0.6154007,False,rejected
4809,Apakah jawaban-jawaban ini bisa digunakan untuk dataset finetuning model Emilia yang fokus pada kesehatan mental?,dataset finetuning model sehat mental susun empatik manusiawi realistis hindar toxic positivity tegas beri praktis saran profesional bila perlu tinjau regulasi etika data model klinis,-1,1,0.677759,True,medium
4810,Bagaimana saya tahu kalau saya perlu bantuan profesional dan bukan sekadar teknik self-help?,tahu perlu profesional bukan sekadar teknik self help gejala cemas depresi ganggu fungsi langsung terus terus ganggu mampu kerja jelas profesional teknik self help dukung kondisi serius,-1,16,0.68267715,True,medium
4812,Saya sering merasa bingung tentang informasi toksin di internet. Bagaimana memilih sumber yang dapat dipercaya?,toksin internet pilih sumber percaya sumber lembaga sehat resmi publikasi medis pandu perintah hindar klaim sensasional situs jelas ragu suatu produk papar profesional sehat instansi kait,-1,-1,0.5510119,False,rejected
4817,Temanku bilang cukup pakai herbal tanpa ke psikolog. Apa aman?,teman cukup herbal psikolog dukung teman harga putus medis ideal bukti herbal konsultasi profesional tangan seluruh masuk terapi bicara obat bila perlu,-1,1,0.72213286,True,medium
4818,Aku suka self‑diagnose lewat internet dan malah makin cemas. Tipsnya dong!,self diagnose lewat internet malah makin cemas tipsnya batas sumber situs percaya kemenkes rule three minimal sumber kredibel simpul artikel cemas diskusi profesional bukan simpan sendiri,-1,-1,0.5726286,False,rejected
4829,"Aku merasa dokter fokus obat, bukan emosiku. Bagaimana menyuarakan kebutuhan dukungan emosional?",dokter obat bukan emosi butuh dukung emosional visite langsung obat butuh tips kelola cemas dokter batas minta rujuk psikolog klinis awat konselor sesi edukasi tambah,-1,3,0.7577348,True,high
4830,Bagaimana menyeimbangkan rasa takut agar tidak berlebihan tapi tetap waspada?,imbang takut tetap waspada kolom fakta medis takut banding khawatir data fakta strategi pulih kendali mobilisasi dini,-1,3,0.6887899,True,medium
4833,Adakah cara meminta layanan badut medis di RS?,minta badut medis humas psikolog anak beberapa bekerjasama clown doctor jadwal kunjung rutin,-1,-1,0.48020682,False,rejected
4834,Apakah aman menggabungkan jamu herbal dengan obat resep psikiatri?,gabung jamu herbal obat resep psikiatri konsultasi tambah herbal beberapa john wort turun efektivitas antidepresan ssri tingkat risiko serotonin syndrome catat suplemen beri dokter,-1,23,0.65882003,True,medium
4846,Aku gampang yakin setelah baca testimoni kesehatan. Bagaimana menjaga agar tetap kritis?,gampang yakin baca testimoni sehat jaga tetap kritis atur fakta sumber percaya percaya klaim produk diskusi tenaga medis putus imbang harap positif bukti ilmiah,-1,3,0.66566616,True,medium
4850,Cara menghentikan pikiran katastrofik?,henti katastrofik tantang bukti objektif nyata realistis nyeri fluktuatif strategi kelola,-1,26,0.6927819,True,medium
4853,Kenapa saya merasa diagnosis ini tidak nyata dan sulit dipercaya?,diagnosis nyata sulit percaya sangkal beri diri ruang proses kabar perlahan tetap tenaga medis dekat dukung nyata,-1,3,0.6880417,True,medium
4863,"Saya ingin bantuan profesional untuk atasi stres, tapi nggak tahu apa yang dilakukan psikolog kesehatan. Apa yang mereka lakukan, dan bagaimana mereka bisa bantu saya?",profesional stres tahu laku psikolog sehat laku keren step psikolog sehat ahli stres kelola sakit ubah sehat suportif ajarin teknik relaksasi paham emosi rencana hidup sehat bayang kuat mental psikolog sakit stres capai,-1,1,0.7695086,True,high
4874,"Apakah label diagnosis itu penting, atau justru menakutkan?",label diagnosis penting justru takut label profesional pilih intervensi bukan identitas rencana pulih label peta jalan bukan definisi diri,-1,-1,0.50358963,False,rejected
4875,Aku takut ‘dicap’ suatu gangguan. Apa manfaat kriteria jelas bagiku sebagai klien?,takut suatu ganggu manfaat kriteria jelas klien kriteria transparan lindung salah diagnosis terapi tepat sasar gejala objektif tebak nebak,-1,3,0.67245436,True,medium
4876,"Jika daftar gangguan semakin banyak, bagaimana aku tetap merasa normal dengan perasaanku?",daftar ganggu makin tetap manusia spektrum luas diagnosis alat praktis penting fungsi butuh bukan label,-1,-1,0.45445862,False,rejected
4881,Apakah hasil BDI menentukan diagnosis akhir depresiku?,hasil diagnosis akhir depresi alat skrining diagnosis perlu wawancara seluruh skor awal bukan vonis mutlak,-1,-1,0.5183022,False,rejected
4887,Aku remaja dan pengen terapi. Apa ceritaku bakal diceritain ke orang tuaku?,remaja terapi diceritain remaja privasi psikolog tahu bawah umur tahu kilas kembang terapi psikolog sepakat bahaya nyakitin diri sendiri percaya khawatir terapi dengerin,-1,1,0.7448484,True,medium
4889,"Jadi, informed consent itu cuma sekali di awal terapi?",informed consent sekali awal terapi sekali terapi informed consent jalan terus psikolog info iring kenal tuju terapi dekat tahu nentuin jalan kedengeran nyaman mikirin terapi,-1,1,0.7252932,True,medium
4894,Aku takut dikasi diagnosis cuma biar asuransi bayar. Bener nggak?,takut kasi diagnosis asuransi bayar khawatir masuk akal managed care minta diagnosis resmi bayarin terapi psikolog diagnosis gejala ringan psikolog etis hati hati jelasin diagnosis mending langsung awal takut diagnosis khawatir,-1,3,0.73775893,True,medium
4896,Apa yang bakal psikolog jelasin sebelum terapi dimulai?,psikolog jelasin terapi terapi psikolog jelasin paham tuju terapi berapa biaya batas rahasia pihak libat asuransi informed consent tahu keren nyaman awal terapi,-1,1,0.722572,True,medium
4897,Aku takut psikologku kenal keluargaku. Apa itu salah?,takut psikolog kenal keluarga salah mikirin multiple relationships psikolog klien deket klien kenal keluarga salah psikolog hati hati kurang objektif nyakitin ngobrolin awal jelas khawatir takut,-1,1,0.8173733,True,high
4901,Aku pake asuransi. Apa aku bakal dikasi diagnosis yang nggak bener?,pake asuransi kasi diagnosis takut diagnosis managed care minta diagnosis resmi bayarin terapi psikolog label gejala ringan psikolog etis jelasin diagnosis pastiin cermin kondisi awal khawatir terapi,-1,-1,0.6144987,False,rejected
4911,Aku takut diagnosisku salah. Apa psikolog ngecek soal diagnosis?,takut diagnosis salah psikolog ngecek diagnosis takut diagnosis psikolog klinis neliti diagnosis yakin label tepat kategori ganggu valid ganggu berapa muncul diagnosis ngegambarin kondisi psikolog proses diagnosis khawatir,-1,1,0.73275834,True,medium
4917,Apa itu desain analog? Bisa dipercaya nggak?,desain analog percaya desain analog tiru situasi klinis pake mahasiswa ngecek terapi susah dapetin klien beneran hasil nyata psikolog pake neliti terus setting asli percaya hati hati penasaran,-1,-1,0.59805316,False,rejected
4920,Apa bedanya cross-sectional sama longitudinal? Mana yang lebih baik?,cross sectional longitudinal cross sectional longitudinal ulang ulang cross sectional gampang cepet longitudinal ubah mood terapi psikolog penasaran,-1,-1,0.61314607,False,rejected
4923,Aku khawatir diagnosisku nggak tepat. Apa psikolog cek ini?,khawatir diagnosis tepat psikolog khawatir diagnosis psikolog klinis neliti pastiin diagnosis kategori ganggu valid ganggu berapa ganggu muncul diagnosis kondisi psikolog proses khawatir,-1,1,0.7842995,True,high
4926,Aku takut penelitian terapi nggak adil. Apa kuasi-eksperimental bantu?,takut terapi adil kuasi eksperimental adil desain kuasi eksperimental dipake psikolog kontrol etis terapi terapi situasi nyata langgar etika hasil percaya khawatir,-1,1,0.8190281,True,high
4928,Aku takut penelitian analog nggak bener. Apa itu akurat?,takut analog akurat desain analog pake tiru klien mahasiswa susah dapetin klien asli hasil psikolog works nyata perlu khawatir,-1,-1,0.6330851,False,rejected
4931,Aku pengen tahu terapi works lama-lama. Desain apa yang dipake?,tahu terapi works lama lama desain dipake tahu terapi jangka panjang desain longitudinal ubah mood lama tahun cross sectional snapshot longitudinal detail progres psikolog terapi tahan lama penasaran,-1,-1,0.6187531,False,rejected
4933,Aku takut terapi nggak works. Gimana psikolog tahu aku membaik?,takut terapi works psikolog tahu takut terapi psikolog ngecek lewat kuesioner ubah perilaku mikir kapan ngecek lama terapi siapa nilai yakin terapi khawatir,-1,1,0.8868109,True,high
4935,Aku takut dikira punya gangguan yang salah. Apa psikolog teliti ini?,takut ganggu salah psikolog khawatir diagnosis psikolog klinis neliti diagnosis kategori ganggu valid ganggu berapa ganggu muncul salah label diagnosis psikolog proses khawatir,-1,1,0.8074114,True,high
4938,Aku pengen penelitian terapi yang nggak nyakitin orang. Apa kuasi-eksperimental aman?,terapi nyakitin kuasi eksperimental desain kuasi eksperimental dipake psikolog langgar etika nahan terapi butuh terapi situasi nyata hati hati hasil nyakitin khawatir,-1,1,0.7966484,True,high
4941,Aku pengen terapi yang bantu jangka panjang. Apa longitudinal bantu?,terapi jangka panjang longitudinal terapi tahan lama desain longitudinal ubah mood lama beberapa tahun cross sectional longitudinal psikolog tahu terapi works jangka panjang psikolog penasaran,-1,1,0.65794355,True,medium
4942,Aku takut dikira punya gangguan mental. Apa sih definisi gangguan mental di DSM?,takut ganggu mental definisi ganggu mental khawatir label ganggu mental turut ganggu mental pola perilaku susah stres berat susah jalanin hidup ngerasa risiko bukan reaksi pastiin beneran serius ngerasa ganggu psikolog takut,-1,10,0.7365847,True,medium
4944,Aku takut kalo didiagnosis gangguan mental. Apa dampaknya buat aku?,takut kalo diagnosis ganggu mental dampak takut kalo diagnosis diagnosis rasain akses awat kondisi risiko takut ngerasa malu psikolog ngerasa sendiri hadap takut diagnosis dengerin,-1,1,0.7563238,True,high
4945,Dulu orang pikir gangguan mental itu apa sih?,ganggu mental jaman hippocrates ganggu mental bukan setan dewa ketidakseimbangan cair tubuh darah empedu teori udah tinggal ubah mental ilmiah keren kembang penasaran sehat mental,-1,-1,0.6481415,False,rejected
4948,Apa yang bikin DSM-III beda sama DSM sebelumnya?,tahun revolusioner pake data daftar gejala spesifik ganggu pake istilah psikoanalisis plus lima sumbu lengkap kondisi mental sehat fisik stres hidup diagnosis akurat tahu diagnosis,-1,-1,0.5494863,False,rejected
4949,DSM-IV ngerti budayaku nggak sih?,diagnosis nyambung keluar tahun udah perhatiin masukin info sindrom khusus ganggu psikolog kondisi latar belakang psikolog penasaran,-1,1,0.7179588,True,medium
4951,Aku takut diagnosisku salah gara-gara aturan DSM. Bener nggak?,takut diagnosis salah gara gara atur takut diagnosis tepat beberapa pake batas subjektif lima gejala depresi bukan gejala minggu batas ahli bukan data psikolog lengkap atur kaku proses diagnosis takut,-1,3,0.6548732,True,medium
4952,Aku dari budaya minoritas. Apa DSM beneran ngerti aku?,minoritas beneran diagnosis udah usaha sensitif kritik kurang libat minoritas gejala kurang wakil psikolog kompeten latar belakang khawatir,-1,1,0.706101,True,medium
4954,Aku takut PMDD bikin aku dikira sakit padahal cuma PMS. Bener nggak?,takut pmdd sakit padahal takut gejala sakit premenstrual dysphoric disorder pmdd diusulin alam perempuan ganggu mental pmdd gejala parah ganggu hidup psikolog hati hati label gejala khawatir,-1,-1,0.56482506,False,rejected
4955,Aku takut DSM dipengaruhi politik atau duit. Apa itu bener?,takut pengaruh politik duit khawatir beberapa putus pengaruh politik penting usaha obat bukan data ilmiah makin diagnosis makin obat laku usaha pake ngerasa ragu psikolog proses diagnosis penasaran,-1,3,0.6546756,True,medium
4958,Aku takut diagnosis bikin aku dikira aneh. Apa efeknya buatku?,takut diagnosis aneh efek takut label ganggu diagnosis nama rasain jalan awat kondisi takut stigma ngerasa malu psikolog diagnosis hadap stigma takut dengerin,-1,1,0.69480777,True,medium
4960,Apa hubungan diagnosis jaman dulu sama sekarang?,diagnosis jaman penasaran akar diagnosis modern akhir emil kraepelin kategori mania depresi demensia praecox mirip bipolar skizofrenia kerja diagnosis atur akhir keren ngaruh penasaran diagnosis,-1,-1,0.6426947,False,rejected
4962,Kenapa DSM-III disebut revolusioner?,sebut revolusioner tahun ubah main pake data bukan daftar gejala jelas ganggu buang istilah psikoanalisis plus lima sumbu ganggu mental sehat fisik stres hidup diagnosis akurat psikolog lengkap tahu,-1,1,0.670041,True,medium
4963,Aku takut gejalaku salah diartikan gara-gara budaya. DSM-IV bantu nggak?,takut gejala salah arti gara gara takut gejala disalahartikan keluar tahun udah masukin info sindrom khusus ganggu muncul psikolog gejala latar belakang takut,-1,10,0.75305045,True,high
4964,"Aku ngerasa cemas, tapi nggak yakin itu gangguan. Apa batasan DSM bener?",ngerasa cemas yakin ganggu batas cemas batas sekian gejala lama sekian lama diagnosis batas subjektif ahli data psikolog seluruh kondisi batas kaku cemas takut,-1,1,0.74389374,True,medium
4966,Aku takut PMDD bikin aku dikira lemah. Apa itu bener?,takut pmdd lemah takut gejala lemah premenstrual dysphoric disorder pmdd diusulin kritik alam perempuan ganggu mental pmdd gejala parah bukan psikolog hati hati label gejala takut,-1,-1,0.53095883,False,rejected
4967,Aku takut DSM cuma bisnis obat. Apa itu bener?,takut bisnis obat khawatir penting balik beberapa pengaruh politik usaha obat makin diagnosis makin obat laku usaha pake data ragu psikolog pilih diagnosis penasaran,-1,3,0.75041354,True,high
4971,Aku takut psikolog nggak ngerti aku. Apa yang bikin mereka jago wawancara?,takut psikolog jago wawancara psikolog paham john sommers flanagan rita sommers flanagan psikolog jago wawancara tenang dengerin tahu ngaruh nyaman ngerasa didenger harga takut wawancara dengerin,-1,1,0.7896341,True,high
4976,Aku takut nggak nyaman sama psikolog. Gimana caranya mereka bikin aku betah?,takut nyaman psikolog betah takut klik psikolog john sommers flanagan rita sommers flanagan rapport kunci arti psikolog suasana nyaman ngerasa ringan nunjukin empati ngerasa didenger gampang diri takut wawancara dengerin,-1,1,0.8468476,True,high
4979,Aku takut ditanya hal yang susah. Pertanyaan psikolog kayak apa sih?,takut susah psikolog takut john sommers flanagan rita sommers flanagan psikolog pake jenis biarin panjang tutup cemas singkat pilih nyaman takut wawancara dengerin,-1,1,0.7305049,True,medium
4981,Aku takut psikolog bilang aku bohong. Apa mereka bakal konfrontasi?,takut psikolog bohong konfrontasi takut john sommers flanagan rita sommers flanagan konfrontasi dipake psikolog konsisten tadi cemas cemas terus lakuin lembut bukan nuduh khawatir enak takut,-1,1,0.7676432,True,high
4983,Aku takut psikolog nggak tahu perasaanku. Apa mereka perhatiin itu?,takut psikolog tahu perhatiin paham john sommers flanagan rita sommers flanagan psikolog pake refleksi kedengerannya sedih nunjukin emosi langsung ngerasa diperhatiin berat dengerin,-1,1,0.7814387,True,high
4985,Aku takut wawancara cuma buang waktu. Apa psikolog kasih solusi?,takut wawancara buang psikolog solusi wawancara manfaat john sommers flanagan rita sommers flanagan psikolog simpul akhir diagnosis saran terapi lanjut wawancara hidup khawatir dengerin,-1,1,0.77348983,True,high
4987,Aku takut wawancaraku direkam. Apa itu biasa?,takut wawancara rekam khawatir rekam john sommers flanagan rita sommers flanagan rekam audio izin psikolog lakuin rekam inget detail nyaman wajib jelasin tuju takut dengerin,-1,-1,0.5800369,False,rejected
4988,Aku takut ruang wawancara bikin nggak nyaman. Kayak apa sih biasanya?,takut ruang wawancara nyaman ruang betah john sommers flanagan rita sommers flanagan ruang wawancara campur profesional santai kursi nyaman terlalu kaku ngerasa atur baku tuju rileks khawatir psikolog ruang takut,-1,-1,0.64965403,False,rejected
4989,Aku mau coba wawancara masuk. Apa yang bakal terjadi?,wawancara masuk keren awal john sommers flanagan rita sommers flanagan wawancara masuk butuh jenis tempat cocok psikolog sejarah hidup peta susah dengerin,-1,-1,0.5786005,False,rejected
4990,Aku takut didiagnosis salah. Apa wawancara diagnostik bantu?,takut diagnosis salah wawancara diagnostik khawatir diagnosis james morrison wawancara diagnostik khusus diagnosis psikolog gejala spesifik yakin peluang salah kecil khawatir psikolog proses takut dengerin,-1,3,0.7394025,True,medium
4991,Aku dengar ada wawancara SCID. Apa itu dan apa bagus?,dengar wawancara scid bagus penasaran scid john sommers flanagan rita sommers flanagan scid wawancara struktur pake daftar super akurat konsisten diagnosis kaku obrol kurang santai psikolog pake kondisi khawatir psikolog gaya wawancara penasaran,-1,1,0.7243563,True,medium
4992,Aku pengen cerita bebas di wawancara. Apa itu mungkin?,bebas wawancara sendiri mark maruish wawancara struktur bebas penting psikolog pake daftar kaku obrol alami kurang konsisten psikolog campur gaya struktur imbang psikolog bebas diceritain dengerin,-1,1,0.7871759,True,high
4994,Aku dengar ada ujian status mental. Apa itu dan buat apa?,dengar status mental penasaran status mental lukas singkat kondisi dipake sakit cepet diagnosis detail psikolog tahu khawatir psikolog tuju penasaran,-1,1,0.80764985,True,high
4996,Aku beda budaya sama psikologku. Apa mereka bakal ngomongin ini?,psikolog ngomongin psikolog nyambung john sommers flanagan rita sommers flanagan psikolog ngomongin ngerasa nyaman paham obrol enak khawatir penasaran,-1,1,0.75252426,True,high
4997,Aku baru mau coba wawancara psikolog. Apa yang harus aku harapkan?,wawancara psikolog harap keren wawancara turut john norcross marla hedges raymond castle plus wawancara klinis obrol alamin psikolog sejarah hidup nyaman awal degan dengerin,-1,1,0.6540684,True,medium
4999,Aku takut nggak bisa buka diri di wawancara. Gimana psikolog bantu?,takut diri wawancara psikolog diri gampang john sommers flanagan rita sommers flanagan psikolog rapport ngerasa nyaman gampang ringan nunjukin takut diri dengerin,-1,1,0.8266775,True,high
5001,Aku takut nggak tahu jawab apa di wawancara. Pertanyaan mereka susah nggak?,takut tahu wawancara susah takut john sommers flanagan rita sommers flanagan psikolog pake biarin leluasa tutup cemas simpel pilih nyaman usah takut susah degan dengerin,-1,0,0.72554135,True,medium
5002,Aku takut wawancara masuk nggak bantu. Apa gunanya?,takut wawancara masuk wawancara manfaat john sommers flanagan rita sommers flanagan wawancara masuk butuh jenis tempat awal nemuin solusi tepat khawatir psikolog rencana wawancara takut,-1,-1,0.59762937,False,rejected
5003,Aku takut diagnosis bikin aku dikira aneh. Apa wawancara diagnostik perlu?,takut diagnosis aneh wawancara diagnostik perlu takut label diagnosis james morrison wawancara diagnostik penting diagnosis awat diagnosis bukan ngerasa aneh khawatir psikolog proses takut,-1,3,0.6865466,True,medium
5004,Aku takut wawancara SCID kaku banget. Apa itu bikin nggak nyaman?,takut wawancara scid kaku nyaman takut wawancara kaku john sommers flanagan rita sommers flanagan scid wawancara struktur akurat diagnosis pake kurang santai kaku psikolog campur obrol bebas nyaman khawatir psikolog sesuain takut,-1,1,0.7510197,True,high
5005,Aku takut ujian status mental bikin aku kelihatan buruk. Apa itu perlu?,takut status mental perlu takut ngerasa lukas status mental cepet kondisi sakit bukan nilai psikolog tahu khawatir tuju takut dengerin,-1,10,0.75931287,True,high
5007,Aku beda agama sama psikologku. Apa mereka bakal ngomongin ini?,agama psikolog ngomongin nyambung agama john sommers flanagan rita sommers flanagan psikolog ngomongin masuk agama ngerasa nyaman paham obrol alami khawatir agama takut,-1,1,0.6969289,True,medium
5008,Aku dengar kecerdasan cuma satu hal. Bener nggak sih?,dengar cerdas keren charles spearman cerdas paket sebut cerdas umum ngaruh mampu cerdas aspek cerdas skor umum skor spesifik psikolog kuat penasaran cerdas,-1,-1,0.587283,False,rejected
5009,Aku takut tes kecerdasan cuma lihat satu sisi. Apa bener gitu?,takut cerdas sisi khawatir louis thurstone cerdas mampu verbal matematika ruang nyambung modern wechsler stanford sisi hasil lengkap takut dengerin,-1,-1,0.5808767,False,rejected
5010,Apa sih kecerdasan cair dan kristal itu?,cerdas cair kristal keren penasaran tipe cerdas james cattell cerdas cair mampu ngatasin teka teki cerdas kristal tahu udah kumpulin fakta sekolah alam cerdas lengkap mampu penasaran dengerin,-1,-1,0.45984566,False,rejected
5011,Aku bingung sama model kecerdasan Carroll. Apa artinya?,model cerdas carroll arti teori cerdas john carroll cerdas piramida cerdas umum bawah mampu verbal visual bawah mampu kecil cerdas lapis kuasa psikolog saran dengerin,-1,-1,0.6022985,False,rejected
5012,Aku takut tes Wechsler ribet. Apa yang mereka ukur?,takut wechsler ribet ukur takut rumit wechsler wais dewasa wisc anak ngukur cerdas seluruh plus empat area mampu verbal visual memori cepat subtes mampu spesifik psikolog kuat lemah takut dengerin,-1,4,0.69552094,True,medium
5013,Aku takut tes Wechsler nggak adil buatku. Apa mereka beneran akurat?,takut wechsler adil beneran akurat khawatir adil wechsler data normatif ribu pilih mirip populasi masuk gender usia latar belakang bandingin hasil umur sebackground akurat adil khawatir psikolog takut,-1,-1,0.57288015,False,rejected
5014,Aku takut hasil tes Wechsler nggak bener. Apa tes ini bisa dipercaya?,takut hasil wechsler percaya khawatir hasil gary groth marnat wechsler reliabilitas validitas kuat arti konsisten ngukur cerdas udah buktiin percaya hasil psikolog khawatir psikolog detail takut,-1,1,0.7009536,True,medium
5015,Aku takut dites buat gangguan belajar. Apa tes Wechsler bantu?,takut ganggu wechsler takut ganggu wechsler dipake ganggu lambat kembang bahkan bakat ngukur mampu detail psikolog susah saran khawatir psikolog proses susah dengerin,-1,1,0.7567688,True,high
5020,Aku takut otakku bermasalah. Apa tes neuropsikologi bantu?,takut otak neuropsikologi khawatir otak neuropsikologi otak kerja efek cedera kepala sakit alzheimer psikolog saran terapi rencana pulih khawatir psikolog takut dengerin,-1,23,0.6873197,True,medium
5022,Aku takut tes cuma lihat satu sisi kecerdasanku. Apa bener cuma 'g'?,takut sisi cerdas khawatir charles spearman cerdas ngaruh mampu modern wechsler sisi spesifik verbal visual sisi psikolog kuat khawatir psikolog hasil takut,-1,1,0.7491871,True,medium
5024,Aku takut nggak pinter di tes kecerdasan cair. Apa itu penting?,takut pinter cerdas cair penting takut susah james cattell cerdas cair mampu nyelesain teka teki penting berapa lincah cerdas kristal tahu udah kumpulin psikolog lengkap khawatir psikolog takut dengerin,-1,1,0.6720202,True,medium
5025,Aku takut nggak ngerti hasil tes Wechsler. Apa yang mereka kasih tahu?,takut hasil wechsler tahu hasil wechsler skor cerdas seluruh nunjukin berapa pinter umum plus empat skor indeks verbal visual memori cepat skor subtes detail psikolog kuasa perlu khawatir minta psikolog jelasin hasil,-1,1,0.6746935,True,medium
5026,Aku takut tes Wechsler bohongin. Apa bener bisa dipercaya?,takut wechsler bohongin percaya khawatir gary groth marnat wechsler reliabilitas validitas arti hasil konsisten ngukur cerdas udah buktiin percaya ragu psikolog pastiin hasil takut,-1,-1,0.6171048,False,rejected
5027,Aku takut ada masalah sama otakku. Apa tes neuropsikologi perlu?,takut otak neuropsikologi perlu takut otak neuropsikologi otak kerja cedera kepala khawatir sakit otak susah psikolog saran terapi khawatir psikolog perlu takut dengerin,-1,10,0.7291135,True,medium
5028,Aku takut HRB terlalu lama. Apa bener bantu otakku?,takut terlalu lama otak khawatir durasi panjang delapan tuju detail rusa otak psikolog rencana awat khawatir psikolog proses takut dengerin,-1,1,0.76887447,True,high
5036,Anakku remaja takut dites MMPI-A. Apa tes ini cocok buat dia?,anak remaja takut mmpi cocok khawatir anak robert archer mmpi khusus remaja tahun sekolah keluarga temen relevan psikolog anak alamin ngerasa aneh khawatir psikolog takut dengerin,-1,4,0.7524111,True,high
5048,Aku takut tes nggak bener-bener bantu. Apa penilaian berbasis bukti beda?,takut nilai bukti john hunsley eric mash nilai bukti pake udah bukti akurat solusi data ilmiah kuat percaya hasil ragu psikolog khawatir,-1,1,0.71005064,True,medium
5052,Aku takut MMPI-A bikin anakku stres. Apa tes ini aman buat remaja?,takut mmpi anak stres remaja khawatir anak robert archer mmpi khusus remaja tahun alami sekolah temen psikolog anak rasain stres khawatir psikolog takut dengerin,-1,4,0.75459903,True,high
5063,Apa sih psikologi klinis itu? Aku merasa bingung dengan istilah ini.,psikologi klinis istilah paham istilah psikologi klinis teman paham emosi perilaku berat bayang dengar tahu tawar paham diri susah maupun senang,-1,1,0.78078914,True,high
5074,Apa bedanya psikolog klinis sama psikiater? Aku bingung.,psikolog klinis psikiater nanya psikolog klinis lewat terapi konseling emosi perilaku obat psikiater sisi dokter resepin obat lulus dokter mental sisi biologis solusi obat psikolog klinis cocok butuh obat psikiater mikirin,-1,1,0.80662286,True,high
5088,Aku lagi stres berat. Harus ke psikolog atau psikiater ya?,stres berat psikolog psikiater stres berat enak pilih psikolog psikiater psikolog klinis terapi stres obat teknik relaksasi ngobrolin stres psikiater dokter obat stres butuh dekat biologis psikolog rasain terus perlu obat saranin psikiater stres,-1,1,0.73758686,True,medium
5101,Aku lagi depresi. Harus ke psikolog klinis atau psikiater ya?,depresi psikolog klinis psikiater depresi berat senang psikolog klinis lewat terapi paham depresi ngerasa obat psikiater dokter obat depresi butuh dekat biologis psikolog rasain perlu obat saranin psikiater ngerasa depresi,-1,1,0.7483746,True,medium
5103,Aku dengar psikolog mungkin bisa kasih resep obat. Benar nggak sih?,dengar psikolog resep obat dengar kabar hangat bahas psikiater resep obat beberapa psikolog klinis utama tempat mexico louisiana udah khusus daerah kurang psikiater kontra mikirin obat sehat mental penasaran,-1,1,0.68419325,True,medium
5104,Kenapa sih psikolog pengen bisa kasih resep obat?,psikolog resep obat bagus beberapa alas psikolog klinis preskripsi pertama daerah utama pelosok psikiater langka susah dapetin obat butuhin psikolog klinis khusus sehat mental banding dokter umum resep obat psikiatri mikirin obat dengerin,-1,1,0.7671946,True,high
5105,Siapa aja sih yang ngedukung psikolog bisa kasih resep obat?,siapa ngedukung psikolog resep obat beberapa keren dorong patrick deleon presiden american psychological association morgan sammons program contoh psikolog resep obat robert mcgrath ngelatih psikolog farmakologi tokoh utama balik gera percaya psikolog preskripsi,-1,1,0.7356733,True,medium
5106,Apa untungnya kalau psikolog bisa kasih resep obat buat klien?,untung psikolog resep obat klien bayangin stres cemas perlu dapetin terapi sekaligus obat salah untung psikolog klinis resep perlu bolak balik psikiater hemat duit plus psikolog udah kenal koordinasi gampang kedengeran praktis butuh sehat mental,-1,1,0.8266084,True,high
5107,Kenapa ada yang nggak setuju psikolog bisa kasih resep obat?,tuju psikolog resep obat topik panas beberapa khawatir psikolog klinis cukup obat obat sepenuh butuh tahu medis terus takut psikolog resep obat ketimbang terapi inti kerja khawatir,-1,3,0.8238187,True,high
5108,Apa risiko kalau psikolog mulai bisa kasih resep obat?,risiko psikolog resep obat nanya perhati salah risiko identitas psikolog klinis psikolog psikiater terus khawatir industri farmasi pengaruh psikolog promosi obat geser sejahtera klien untung mikir mikirin obat khawatir dengerin,-1,3,0.7847408,True,high
5109,Apa manfaat lain kalau psikolog bisa kasih resep obat?,manfaat psikolog resep obat klien gampang preskripsi psikolog klinis mandiri perlu rujuk psikiater atur awat klien sendiri plus ningkatin resep obat bayar profesi makin kembang kedengeran mikirin sehat mental,-1,1,0.78272784,True,high
5120,Kenapa cara bayar bisa ngaruh ke diagnosis yang dikasih psikolog?,bayar ngaruh diagnosis psikolog bayar terapi pake managed care minta diagnosis resmi buku bayarin psikolog gampang diagnosis gejala ringan terapi bayar sendiri santai diagnosis mikir diagnosis ngegambarin kondisi mikirin terapi penasaran diagnosis,-1,-1,0.6402123,False,rejected
5122,Aku dengar sekarang terapi bisa online. Itu kayak apa sih?,dengar terapi keren teknologi terapi lewat call zoom bahkan chat email situs khusus psikolog dateng kantor terapi gampang akses tinggal jauh sibuk kedengeran praktis mikirin terapi penasaran,-1,1,0.67071724,True,medium
5123,Apa manfaat terapi pake teknologi buat orang kayak aku?,manfaat terapi pake teknologi terapi pake teknologi pintu masuk tinggal tempat jauh psikolog susah teknologi psikolog lewat chat murah ngerasa nyaman anonim sehat mental deket mikirin terapi obrolin,-1,1,0.8117091,True,high
5127,Apa yang bikin terapi online berhasil atau nggak?,terapi hasil terapi resep masakan enak bahan hasil hadap cemas depresi terus pake perangkat laptop ponsel ngerjainnya tempat umum klop hasil bagus mikirin terapi penasaran,-1,-1,0.556148,False,rejected
5128,Aku lagi cemas dan mikir butuh obat. Apa psikolog bisa bantu?,cemas mikir butuh obat psikolog cemas nyaman psikolog preskripsi beberapa tempat terapi sekaligus obat perlu dokter gampang hemat tempat terapi rujuk psikiater perlu obat cemas dengerin,-1,1,0.7713813,True,high
5129,Aku takut psikolog cuma kasih obat tanpa dengerin aku. Bener nggak sih risiko itu?,takut psikolog obat dengerin risiko khawatir takut psikolog resep obat ketimbang inti terapi makanya beberapa tuju psikolog preskripsi khawatir terapi dengerin abai psikolog jaga imbang mikirin terapi dapetin psikolog,-1,1,0.81915057,True,high
5130,Aku lagi depresi. Apa terapi berbasis bukti bisa bantu?,depresi terapi bukti depresi berat senang terapi bukti pake pandu khusus udah bukti manjur depresi terapi kognitif dapet dekat udah hasil paling penting psikolog dengerin depresi denger,-1,23,0.70047694,True,medium
5134,Aku takut salah diagnosis kalau pake asuransi. Bener nggak sih?,takut salah diagnosis pake asuransi khawatir pake asuransi minta diagnosis resmi bayarin terapi psikolog gampang diagnosis gejala ringan terapi ngerasa bayar sendiri diagnosis fleksibel mending psikolog mikirin terapi khawatir,-1,3,0.77756095,True,high
5135,"Aku tinggal di desa, susah ketemu psikolog. Bisa nggak terapi online bantu?",tinggal desa susah psikolog terapi tinggal desa emang susah akses kabar terapi psikolog lewat call chat gampang daerah pencil plus murah nyaman mikirin terapi obrolin,-1,1,0.7201419,True,medium
5136,Aku cemas banget akhir-akhir ini. Apa terapi online bisa bantu?,cemas akhir akhir terapi cemas tenang senang kabar terapi masuk pake komputer manjur cemas terapi tatap muka lewat call program khusus hasil bagus gampang cemas denger,-1,-1,0.63603604,False,rejected
5137,"Kalau psikolog bisa kasih resep, apa bedanya buat aku sebagai klien?",psikolog resep klien psikolog resep hidup gampang klien dapet terapi obat perlu psikiater hemat tenaga psikolog bebas koordinasi dokter awat simpel mikirin obat,-1,1,0.8085407,True,high
5138,Aku takut psikolog cuma jadi penutup resep doang. Apa risiko itu nyata?,takut psikolog tutup resep doang risiko nyata khawatir masuk akal takut psikolog resep obat ketimbang inti psikologi klinis terus risiko industri farmasi pengaruh promosi obat makanya debat psikolog jaga esensi terapi mikirin sehat mental khawatir,-1,1,0.8387923,True,high
5139,Aku punya depresi dan cemas barengan. Apa terapi berbasis bukti masih oke?,depresi cemas bareng terapi bukti depresi cemas bareng berat terapi bukti butuh psikolog sesuain dekat kondisi psikolog jago terapi tetap efektif kompleks rasain dengerin,-1,1,0.7955142,True,high
5140,Aku pengen terapi yang bener-bener terbukti. Apa terapi manual bisa bantu?,terapi bukti terapi manual terapi manual rancang solid ngandalin feeling psikolog peluang hasil depresi cemas psikolog dengerin terapi ngerasa personal kedengeran cocok,-1,1,0.80612564,True,high
5142,Aku tinggal di tempat terpencil dan susah ke psikolog. Apa teknologi bisa bantu?,tinggal tempat pencil susah psikolog teknologi tinggal tempat pencil emang susah untung teknologi terapi gampang psikolog lewat call chat program rancang jauh sehat mental plus murah mikirin terapi,-1,1,0.7052044,True,medium
5144,Aku lagi depresi dan mikir butuh obat. Apa psikolog bisa bantu?,depresi mikir butuh obat psikolog depresi berat senang psikolog preskripsi terapi sekaligus obat perlu psikiater simpel hemat tempat lewat terapi rujuk psikiater perlu obat depresi dengerin,-1,23,0.7299403,True,medium
5147,Aku di daerah susah akses layanan kesehatan. Apa terapi online solusi?,daerah susah akses sehat terapi solusi tinggal daerah susah akses frustrasi terapi solusi keren psikolog lewat call chat program khusus jauh sehat mental plus murah nyaman mikirin terapi,-1,16,0.83881867,True,high
5149,Apa DSM-IV ngerti budaya yang beda-beda?,buku dipake psikolog diagnosis udah masukin info usia gender ngaruh ganggu mental plus daftar sindrom khusus kelompok psikolog sudut mikirin sehat mental bahas,-1,-1,0.60143423,False,rejected
5157,Aku takut diagnosis nggak cocok sama budayaku. Apa DSM-IV bantu?,takut diagnosis cocok khawatir diagnosis udah masukin info usia gender ganggu plus daftar sindrom khusus psikolog unik ngungkapin emosi psikolog takut,-1,1,0.708266,True,medium
5167,Aku takut gejalaku salah diartikan karena budayaku. Apa DSM-IV bantu?,takut gejala salah arti takut gejala disalahartikan udah masukin info usia gender ganggu plus sindrom khusus psikolog gejala ngungkapin psikolog takut gejala,-1,10,0.6768384,True,medium
5171,"Aku pengen lebih sabar sama orang lain, tapi kok gampang kesel. Ada saran?",sabar gampang kesel saran sabar butuh tekan akal ngelola reaksi langsung kesel marah kesel jeda ngomong susah psikolog ningkatin sabar,-1,0,0.73135877,True,medium
5172,Aku merasa kesepian meski ada orang di sekitarku. Kenapa ya?,sepi sepi jumlah koneksi percaya giat sesuai kecil ubah terus psikolog paham,-1,1,0.7879995,True,high
5173,"Aku merasa bingung, apa sih metode penelitian dalam psikologi itu?",metode psikologi metode psikologi tahu perilaku dekat longitudinal ngeliat ubah diary tahun tahun cross sectional cepat ngambil suasana momen metode paham sendiri sudut paling,-1,-1,0.57833195,False,rejected
5174,"Aku suka bereksperimen dengan cara berpikirku, apa metode eksperimental itu cocok untukku?",eksperimen metode eksperimental cocok metode eksperimental seru sengaja efek tahu rileks teknik lama minggu banding minggu psikologi metode kelompok kontrol hasil jelas eksplorasi eksperimen kecil,-1,-1,0.618708,False,rejected
5175,"Aku nggak yakin apa aku perlu metode penelitian untuk masalahku, apa saranmu?",yakin perlu metode saran butuh metode formal cukup catat rasain arah metode introspeksi kuesioner kenal diri penting nyaman yakin,-1,-1,0.606438,False,rejected
5176,"Aku pengen coba metode eksperimental, tapi takut gagal.",metode eksperimental takut gagal takut gagal nyoba metode eksperimental tuju bukan hasil kurang stres meditasi efek langsung hasil penting situ eksperimen,-1,-1,0.6296289,False,rejected
5177,Kenapa sih kuesioner itu penting dalam penelitian psikologi?,kuesioner penting psikologi kuesioner paham hati masuk jembatan tahu langsung hasil rupa kuesioner kontribusi,-1,-1,0.5481814,False,rejected
5179,"Aku dengar wawancara butuh keahlian khusus. Apa bener, dan apa artinya buatku?",dengar wawancara butuh ahli khusus arti wawancara perlu ahli utama tahu nyaman arti alam wawancara senang dengar hakim kurang nyaman suasana santai,-1,-1,0.5709717,False,rejected
5188,Kenapa ditolak rasanya seperti dunia runtuh? Apa ini normal?,tolak runtuh otak rancang reaksi kuat hadap tolak arti hilang penting tahan hidup ingat tolak definisi nilai diri laku tenang jalan jalan dengar musik percaya beban ringan,-1,7,0.7223681,True,medium
5189,"Aku sering kesepian, tapi takut perasaanku ini nggak valid. Gimana cara menghadapinya?",sepi takut valid hadap valid sepi nyata buku catat ingat diri lakuin senang jalan jalan denger musik siap kecil hati ringan,-1,0,0.6601427,True,medium
5203,Saya ingin lingkungan yang lebih mendukung kesehatan mental. Bagaimana cara menciptakannya?,dukung sehat mental cipta sehat luar albert bandura ubah cipta sudut tenang tanam musik relaksasi dekat positif suportif ubah kecil ruang tenang,-1,19,0.72374225,True,medium
5208,Saya merasa kehilangan diri sendiri karena selalu berusaha aman. Bagaimana cara kembali ke diri saya?,hilang diri sendiri usaha diri sedang jati diri luar karen horney mekanisme tahan kurang cemas lupa siapa ingat bahagia luang aktivitas dengar musik diri,-1,-1,0.64282894,False,rejected
5215,"Aku suka ngeluh kalau cuaca panas, bikin stres sendiri. Apa yang bisa aku coba?",ngeluh cuaca panas stres sendiri cuaca panas ngeluh tantang diri stop ngomel ngeluh ngeluh udara dingin nikmat denger musik syukur sehat complaint panas siapin dingin,-1,18,0.71655715,True,medium
5216,Aku kesal gara-gara antrean dokter lama. Gimana caranya biar nggak bete lama?,kesal gara gara antre dokter lama bete lama antre dokter lama emang jengkel layak rusak fakta antre bukan bencana bawa buku denger podcast santai senyum sehat energi seru antre bawa buku antre,-1,-1,0.64503956,False,rejected
5217,Aku kesal gara-gara antrean panjang di dokter mata. Gimana caranya biar nggak bete lama?,kesal gara gara antre panjang dokter mata bete lama antre panjang emang jengkel layak rusak fakta antre bukan bencana bawa buku denger podcast santai senyum sehat energi seru antre bawa buku antre,-1,-1,0.59999645,False,rejected
5218,Aku kesal gara-gara antrean panjang di ATM. Gimana caranya biar nggak bete lama?,kesal gara gara antre panjang bete lama antre lama emang jengkel layak rusak fakta antre bukan bencana bawa buku denger podcast santai senyum cuaca cerah energi seru antre bawa buku antre,-1,-1,0.6317514,False,rejected
5220,Aku kesal sama temen yang selalu telat janjian. Gimana caranya biar nggak jengkel?,kesal temen telat janji jengkel temen telat bete sapa santai tanyain diri ubah ubah bawa buku denger musik santai nunggu seru bareng temen kesel susah tahan diri bawa buku nunggu,-1,18,0.7008391,True,medium
5222,Aku kesal sama kolega yang selalu nyanyi keras di kantor. Gimana caranya biar nggak jengkel?,kesal kolega kantor jengkel kolega bete sapa santai pelan dikit kantor tanyain diri ubah ubah earphone kerja seru kantor proyek susah tahan diri bawa earphone,-1,-1,0.48311585,False,rejected
5226,Aku kesal sama temen yang selalu nyanyi keras di kosan. Gimana caranya biar nggak jengkel?,kesal temen kosan jengkel kosan bete sapa santai pelan dikit tanyain diri ubah ubah earphone seru kosan temen susah tahan diri bawa earphone,-1,18,0.6614739,True,medium
5227,"Aku sering merasa khawatir tentang hidupku secara keseluruhan, rasanya semua serba nggak pasti. Gimana caranya aku bisa lebih tenang?",khawatir hidup seluruh serba tenang paham khawatir penuh nali khawatir buku catat pilih paling kendali kecil jalan kaki dengar musik favorit rileks berat temen dekat teknik detik tahan keluar perlahan ringan,-1,0,0.67839503,True,medium
5231,"Aku ngerasa stres, tapi nggak tahu kenapa. Aku pengen lebih happy, tapi bingung mulai dari mana. Ada saran?",ngerasa stres tahu happy saran tahu stres datang alas jelas luangin nulis perlu rapi penting keluar pikirin neng nonton film lucu temen makan krim lakuin jalan kaki dengar musik jernih layak bahagia kecil,-1,0,0.7379808,True,medium
5235,Aku gampang banget marah kalau ada yang nyalip di jalan. Rasanya pengen ngejar! Gimana caranya biar bisa lebih sabar?,gampang marah nyalip jalan ngejar sabar tahu salip jalan darah naik diri sendiri kesel ingat kontrol kontrol reaksi panas putar santai bayangin tempat favorit tuju tuju selamat jernih sabar jalan,-1,-1,0.6484942,False,rejected
5237,"Aku notice aku jadi gampang kesal kalau di rumah, tapi nggak di luar. Kenapa ya perilakuku beda gitu?",notice gampang kesal luar perilaku jeli ubah perilaku psikologi perilaku ubah situasi tegang bising ekspektasi keluarga kesal ciptain zona tenang denger musik favorit situasi tahu picu,-1,14,0.6663902,True,medium
5238,Aku gampang banget terganggu kalau lagi kerja di tempat rame. Gimana caranya biar aku lebih fokus?,gampang ganggu kerja tempat rame tempat rame otak pasar penuh ganggu psikologi otak gampang stimulus tonjol lalang ciptain zona headphone musik instrumental sudut tenang atur kerja pendek istirahat suasana tempat kerja trik ngatasin ganggu,-1,7,0.7381938,True,medium
5241,"Aku merasa nggak punya waktu buat diri sendiri, apa itu normal?",diri sendiri ngalamin penting diri sendiri sisih baca jalan santai segar,-1,19,0.6917572,True,medium
5242,"Pernah nggak sih ngerasa hidup ini cuma buat sabar terus, capek banget?",ngerasa hidup sabar terus capek sabar terus terus emang lelah beban ringan tetap tuju kecil giat senang jalan jalan temen sabar berat kuat perlu dengerin,-1,17,0.7413268,True,medium
5245,Aku ngerasa bersalah kalau nggak kerja keras setiap hari. Tapi aku juga capek. Harus gimana?,ngerasa salah kerja capek terlalu diri sendiri kerja bagus istirahat penting diri izin santai nonton film jalan jalan imbang kunci terus kerja,-1,28,0.7122249,True,medium
5247,"Aku ngerasa orang lain harus ngerti perasaan aku tanpa aku bilang. Itu wajar, kan?",ngerasa paham baca pandang sendiri langsung rasain santai,-1,19,0.6870092,True,medium
5249,"Aku pengen jadi orang yang lebih santai, tapi kok susah banget?",santai susah santai proses kecil stres beberapa luang ketawa berat susah santai pikirin bareng,-1,0,0.7691445,True,high
5253,"Aku sering ngerasa bersalah kalo nggak produktif. Harusnya aku terus kerja keras, kan?",ngerasa salah kalo produktif terus kerja jangan terlalu diri sendiri produktif bagus istirahat penting diri izin rileks nonton film tidur awal rileks,-1,2,0.79518986,True,high
5255,"Aku ngerasa hidupku nggak ada artinya, apa yang salah sama aku?",ngerasa hidup arti salah muncul capek hilang arah salah kecil senang denger musik jalan taman berat percaya perspektif,-1,17,0.80877167,True,high
5256,"Aku ngerasa capek banget sama hidup, apa aku harus push diri terus?",ngerasa capek hidup push diri terus udah capek jangan push terlalu burnout istirahat lakuin rileks tidur cukup nonton film istirahat justru kuat lanjutin hidup,-1,31,0.7376647,True,medium
5260,"Aku pengen nyanyi keras-keras buat ngelupain masalah, boleh nggak?",ngelupain seru lepasin emosi sehat lama ganggu ngelupain tetap situ lari dengerin,-1,0,0.81264675,True,high
5263,"Aku sering merasa capek banget meskipun nggak ngapa-ngapain, kenapa ya?",capek capek fisik kait sehat mental depresi stres kurang motivasi energi emosional aktivitas kecil semangat jalan pagi langsung lama perlu dokter psikolog,-1,20,0.7141528,True,medium
5264,"Emilia, aku merasa nggak punya energi buat ngapa-ngapain. Ini kenapa ya?",energi kurang energi datang stres kurang tidur butuh istirahat mental kecil putih jalan kaki sebentar langsung lama dokter konselor semangat,-1,31,0.8132292,True,high
5267,"Emilia, aku ngerasa lingkungan rumahku bikin aku nggak bisa konsentrasi belajar. Apa yang harus aku lakukan?",ngerasa konsentrasi laku dukung tempat tenang pustaka sudut sepi earphone bising jadwal atur susah guru konselor dukung,-1,7,0.663213,True,medium
5268,Aku ngerasa hidupku nggak adil karena keluargaku susah. Gimana caranya aku tetap semangat?,ngerasa hidup adil keluarga susah tetap semangat hidup adil kuat kecil senang dengerin musik temen tuju arah ingetin,-1,5,0.732133,True,medium
5270,Aku ngerasa nggak ada yang peduli sama masalahku. Apa aku harus minum obat biar nggak sedih?,ngerasa peduli obat sedih tahu berat ngerasa sendiri obat ngerasa kurang dengar sedih dengerin bareng kecil,-1,0,0.7655337,True,high
5271,Aku merasa nggak punya harapan lagi setelah lihat dunia begini kacau. Apa yang harus aku lakuin?,harap begini kacau lakuin dengar sedang berat ingat kecil hidup temen nikmatin cangkir hangat kecil lakuin,-1,30,0.67759985,True,medium
5275,Aku ngerasa capek ngadepin hidup. Apa ini cuma fase?,ngerasa capek ngadepin hidup fase ngerasa capek ngadepin hidup berat fase butuh istirahat dukung ngerasa capek hidup ringan,-1,31,0.660225,True,medium
5276,"Aku suka ngebayangin hal-hal buruk, kayak kecelakaan atau orang rumah sakit. Aku nggak mau gitu, tapi susah berhenti. Kenapa ya?",ngebayangin celaka sakit susah henti capek skenario cemas otak nyiapin diri malah stres alihin neng denger musik jalan jalan rileks,-1,7,0.7595078,True,high
5280,"Kadang aku merasa khawatir terus-terusan, kayak nggak bisa berhenti. Itu normal nggak sih?",khawatir terus terus henti diam khawatir fungsi antisipasi bahaya ganggu perhatiin khawatir perlu diri sendiri ancam nyata susah alihin dengerin musik jalan jalan rileks,-1,0,0.79656744,True,high
5282,"Aku akhir-akhir ini merasa cemas banget, kayak nggak bisa tenang. Apa sih yang bisa aku lakukan?",akhir akhir cemas tenang laku dengar berat cemas udah ganggu perlahan rasain udara masuk keluar sebentar tenang ajarin sederhana ngurangin cemas obrolin cemas,-1,10,0.67713594,True,medium
5296,Aku nggak suka ngomong sama orang soal masalahku. Itu buruk nggak?,ngomong nyaman sendiri nyimpan sendiri berat buku ngomongin,-1,-1,0.54562885,False,rejected
5299,Aku merasa sering menghindari masalah dengan menonton TV sepanjang malam. Apa yang bisa aku lakukan?,hindar tonton panjang laku paham lari mudah tumpuk tagih bayar beranta kecil tonton aktivitas baca buku buku nikmat,-1,-1,0.5999288,False,rejected
5300,"Kalau aku coba berhenti menonton TV, aku takut pikiranku malah kemana-mana. Gimana caranya biar nggak begitu?",henti tonton takut malah berisik henti tonton aktivitas salur jurnal dengar musik tenang putar putar kecil lama,-1,18,0.66568834,True,medium
5302,"Aku coba baca buku, tapi susah banget mulai. Aku merasa gagal terus. Apa yang salah sama aku?",baca buku susah gagal terus salah salah sulit sedang down kecil pilih buku baca paragraf hasil sekali dukung buku penasaran,-1,7,0.65868926,True,medium
5303,"Aku merasa nggak bisa fokus apa-apa, pikiranku cuma muter-muter ke masa lalu. Apa yang bisa aku lakukan?",muter muter masa laku muter muter masa lelah teknik bawa perhati lima dengar sentuh pandu aktivitas lupa dengerin musik,-1,-1,0.5758295,False,rejected
5304,"Aku coba baca buku, tapi nggak selesai-selesai. Aku merasa nggak berguna. Gimana caranya biar nggak gitu?",baca buku buku baca buru buru penting atur target ringan baca halaman audiobook susah buku baca rencana mudah,-1,-1,0.59966195,False,rejected
5308,"Kadang aku ngerasa kosong banget, kayak nggak bisa nikmatin apa-apa. Gimana caranya biar aku bisa ngerasa ‘hidup’ lagi?",ngerasa kosong nikmatin ngerasa hidup kosong berat struggle emosi koneksi diri sendiri kecil senang datar nonton film favorit jalan taman langsung ngerasa hidup lakuin,-1,17,0.76726705,True,high
5311,"Aku pengen coba sesuatu biar nggak kepikiran hal-hal negatif, ada saran?",negatif saran bagus pikirin giat lupa main alat musik bahkan resep masakan negatif datang diri sendiri bareng ngatasin,-1,-1,0.556136,False,rejected
5312,"Aku takut nyetir sendirian, soalnya takut panik. Gimana biar percaya diri?",takut nyetir sendiri takut panik percaya diri takut nyetir sendiri pelan pelan rute pendek familiar bawa teknik musik tenang ingat panik hilang kendali mobil sensasi rute pendek minggu rencanain bareng,-1,10,0.7925198,True,high
5315,Aku suka ngelakuin hal berulang-ulang biar suara-suara ini berhenti. Apa ini salah?,ngelakuin ulang ulang henti salah laku ulang ulang kurang stres capek perhati giat senang dengar favorit pelan pelan,-1,0,0.75901663,True,high
5316,Aku takut banget kalau dengar suara-suara itu lagi. Apa yang bisa aku lakuin?,takut dengar lakuin takut dengar musik laku kurang takut muncul saranin bicara profesional strategi spesifik aktivitas rileks,-1,-1,0.64659965,False,rejected
5320,Aku minum tiap abis kerja buat rileks. Apa ada cara lain buat ngilangin capek abis kerja?,abis kerja rileks ngilangin capek abis kerja abis kerja emang enak rileks alkohol bukan giat tubuh segar olahraga ringan mandi hangat nonton serial favorit teknik ngurangin stres rileks situ,-1,31,0.6822883,True,medium
5324,"Aku merasa hidupku monoton, makanya aku minum. Gimana caranya biar nggak gitu?",hidup monoton makanya hidup monoton lari aktivitas excited lama giat simpel jalan pagi rencana kecil minggu sekali neng,-1,17,0.67765254,True,medium
5325,Aku merasa nggak berguna karena nggak bisa melakukan hal-hal seperti dulu. Gimana caranya aku nggak merasa gini?,laku paham berat tubuh tetap nilai kuat bentuk kecil nikmat dengar musik obrol teman percaya diri,-1,-1,0.63765657,False,rejected
5328,Kadang aku merasa nggak ada gunanya ngomongin perasaanku. Buat apa sih?,ngomongin tahu buang buang ngomongin jendela ruang pengap lega berat buku aplikasi catat dengerin sesak,-1,-1,0.5309235,False,rejected
5329,Aku merasa hidupku nggak akan pernah normal lagi. Apa aku salah berpikir gitu?,hidup salah muncul berat arti kecil kopi dengar musik situ kacamata buram bersihin perlahan,-1,-1,0.5953363,False,rejected
5332,"Aku suka ngelamun tentang kejadian buruk di masa lalu, susah banget ngelupain. Apa yang harus aku lakuin?",ngelamun masa susah ngelupain lakuin kedengeran ngalamin memori intrusif trauma gampang tenang dengar musik jalan jalan profesional aktivitas rileks,-1,26,0.8099582,True,high
5335,Aku sering merasa kosong dan nggak punya semangat. Apa ada aktivitas ringan yang bisa bikin aku lebih hidup?,kosong semangat aktivitas ringan hidup kosong berat butuh aktivitas sederhana otak sekaligus senang main ping pong olahraga tubuh otak sekaligus seru tenang baca novel baca beri otak alam perspektif hibur penting giat hadir hidup,-1,11,0.70686185,True,medium
5338,"Aku sering merasa terjebak di pikiran sendiri, kayak overthinking gitu. Ada cara supaya aku bisa lebih menikmati hidup?",jebak sendiri overthinking nikmat hidup salah masuk kondisi flow larut aktivitas bahkan rapi kamar dengar musik flow otak hasil hormon rileks bahagia pilih aktivitas tantang sesuai mampu tetap stres,-1,0,0.7051545,True,medium
5340,Saya merasa aneh membaca catatan dengan suara keras di tempat umum. Adakah alternatif?,aneh baca catat tempat umum alternatif nyaman rekam baca poin penting dengar ulang baca kamar tutup gera tubuh ulang penting tambah jalur sensorik,-1,-1,0.58368826,False,rejected
5342,Saya sulit duduk diam. Ada versi singkat?,sulit duduk diam versi singkat mindful mute detik sensasi lubang hidung pasang timer terpa,-1,7,0.67824745,True,medium
5343,Aku antri BPJS berjam‑jam bikin tambah stres. Saran?,antri bpjs tambah stres saran opsi daftar datang sepi pagi sekali bawa buku musik relaksasi tetap tuju awat penting sejahtera jangka panjang,-1,2,0.6895884,True,medium
5345,Apakah playlist tertentu bisa membantu mengurangi stres?,playlist kurang stres pilih musik tempo lambat genre klasik instrumental akustik dengar atur efek relaksasi maksimal,-1,-1,0.39817774,False,rejected
5346,Target apa yang realistis bagi saya saat ini?,target realistis pilih sederhana makna buku favorit bulan rawat tanam mini tuju kecil beri capai sejuk,-1,-1,0.41511732,False,rejected
5352,"Aku merasa capek banget belajar, apa aku kurang motivasi?",capek kurang motivasi capek push diri terlalu jeda nonton film jalan jalan motivasi balik otak istirahat kurang motivasi butuh recharge,-1,29,0.7907083,True,high
5353,"Aku sering merasa nggak siap buat ujian, padahal udah belajar. Ini kenapa ya?",siap padahal udah siap tekan nyaman baca buku cukup ajarin temen siap materi mental rileks dengerin musik pede,-1,-1,0.6149001,False,rejected
5354,Aku merasa lingkunganku bikin susah fokus belajar. Apa yang bisa aku ubah?,susah ubah ngaruh tempat tenang sudut terlalu ramai bising earplug musik instrumental atur suasana sepi dukung susah,-1,-1,0.52862906,False,rejected
5355,Aku suka nunda-nunda belajar. Gimana cara ngatasinnya?,nunda nunda ngatasinnya nunda nunda musuh selimut kecil timer lama minim distraksi matiin notif susah temen ingetin akhir kerja,-1,28,0.76386076,True,high
5360,"Aku suka sih sama kerjaan, tapi kadang ngerasa capek banget, apa yang salah?",kerja ngerasa capek salah kerja bagus capek tubuh butuh istirahat imbang terlalu recharge atur rileks nonton film jalan jalan santai jangan lupa cukup tidur makan tubuh kuat kecil ubah,-1,2,0.7712195,True,high
5366,Aku ngerasa gak punya kendali atas hidupku. Gimana caranya ambil kendali?,ngerasa kendali hidup kendali kendali berat kecil atur capai terus pecah kecil daya dengerin,-1,17,0.67919,True,medium
5370,"Aku suka menyendiri, tapi kadang orang bilang aku terlalu tertutup. Apa aku salah?",sendiri terlalu tutup salah salah nikmat sendiri nyaman energi bahagia sendiri kenal diri sendiri tutup dekat sekal obrol ringan favorit tetap diri sendiri jaga,-1,0,0.8179202,True,high
5371,"Aku suka bergaul, tapi kadang merasa capek banget setelah ketemu banyak orang. Kenapa ya?",gaul capek sisi sosial butuh recharge luang sendiri nonton film favorit sekadar rebah denger musik ulang energi atur jadwal sosialisasi terlalu padat overwhelmed,-1,-1,0.6041244,False,rejected
5373,Aku merasa sulit buka diri sama orang lain. Apa yang bisa aku coba?,sulit diri diri gampang kecil alam sederhana temen dekat film tonton perlu buru buru berat cukup nyaman respons positif percaya diri ritme sendiri santai,-1,0,0.712124,True,medium
5374,Aku suka bingung kenapa aku bisa tiba-tiba kesal sama hal kecil. Apa yang bikin gitu?,kesal kecil kesal kecil diri imbang stres capek bahkan harap penuh capek telepon bunyi terus jengkel padahal perhati sensitif butuh istirahat tenang kecil tadi kesal,-1,2,0.72815377,True,medium
5375,"Aku merasa hidupku stuck, kayak nggak bisa berkembang. Apa yang bisa aku lakukan?",hidup stuck kembang laku enak stuck kecil hidup hambat butuh istirahat cukup penuh tahu excited lang nyoba semangat,-1,17,0.850089,True,high
5380,"Aku merasa nggak bisa relaks, selalu tegang, apa yang bisa aku lakukan?",relaks tegang laku tegang tubuh capek dokumen tubuh vitalitas pengaruh sehat fisik batin tegang butuh jeda teknik sederhana lama beberapa dengar musik tenang tahu terus terus tegang tekan perlu ubah,-1,-1,0.63526636,False,rejected
5386,"Aku merasa nggak bisa rileks, selalu tegang. Apa yang salah?",rileks tegang salah tegang tubuh capek psikologi tegang muncul jiwa beban dokumen jaga jiwa masuk hindar rusak imbang teknik sederhana dengar musik tenang tahu terus terus tegang,-1,7,0.74494624,True,medium
5388,"Aku merasa hidupku cuma refleks aja, seperti nggak punya makna. Gimana cara mengubahnya?",hidup refleks makna ubah hidup jalan otomatis hampa tahu hidup kecil dengar musik situ laku kecil langsung lama makna semangat,-1,11,0.7448061,True,medium
5395,Aku merasa susah fokus kalau ada gangguan. Apa yang bisa aku lakukan?,susah ganggu laku ganggu perhati buyar ciptain tenang headphone kerja tempat ramai susah teknik kecil atur timer istirahat stres temen profesional solusi cocok,-1,28,0.73717976,True,medium
5396,Aku sering merasa overwhelmed dengan banyaknya hal di sekitarku. Apa yang bisa aku lakukan biar lebih fokus?,overwhelmed laku kewalahan perhati perhati paling tonjol energi musik situ latar belakang susah atur sederhana mati notifikasi pilih tempat tenang,-1,-1,0.5554127,False,rejected
5397,"Kalau aku nggak bisa fokus karena semua terasa terlalu 'berisik', apa yang bisa aku lakukan?",terlalu berisik laku keren udah suasana pengaruh tempat tenang earplug pindah berisik beberapa terus pilih diperhatiin situ pelan pelan,-1,-1,0.5831506,False,rejected
5398,Aku suka nggak sadar kalau ada perubahan kecil di sekitarku. Gimana caranya biar lebih aware?,ubah kecil aware ubah kecil lolos perhati main spot difference hidup perhatiin kamar denger musik bedain kecil peka ubah,-1,-1,0.56355953,False,rejected
5399,Aku ngerasa dunia ini terlalu ramai buat aku. Ada cara biar nggak kewalahan?,ngerasa terlalu ramai kewalahan terlalu penuh safe space diri sendiri sudut tenang headphone rangin luangin istirahat stimulasi meditasi singkat jalan jalan tempat sepi,-1,19,0.75916237,True,high
5401,Kadang aku merasa susah fokus karena perhatianku berpindah-pindah. Ada saran nggak?,susah perhati pindah pindah saran susah distraksi cipta tenang earphone jauh otak gampang ubah kurang stimulus perlu susah teknik pomodoro kerja istirahat,-1,7,0.8245014,True,high
5402,Aku merasa warna oranye bikin aku lebih semangat. Itu cuma perasaan atau beneran ada efeknya?,oranye semangat beneran efek bukan oranye campur merah kuning cenderung semangat sifat cerah energik hidup oranye dekorasi ruang boost mood,-1,-1,0.5338719,False,rejected
5406,Aku kadang ngerasa nggak ada ide sama sekali pas lagi butuh. Gimana biar otakku nyala lagi?,ngerasa sekali butuh otak nyala otak blank ubah suasana jalan jalan denger musik otak butuh jeda nyala susah pikirin lempar,-1,24,0.77470255,True,high
5408,Kenapa aku gampang kesal sama hal-hal kecil? Aku capek begini.,gampang kesal kecil capek begini gampang kesal kecil lelah emosi balik stres lelah perhati kapan paling gampang kesal capek luang istirahat dengar musik kelola kecil tenang stres akhir akhir,-1,2,0.7024543,True,medium
5409,"Kadang aku ngerasa otakku kayak stuck, nggak bisa mikir jernih. Apa yang bisa aku lakuin biar lebih fokus?",ngerasa otak stuck mikir jernih lakuin otak stuck capek terlalu penuh otak istirahat sebentar jalan jalan dengerin musik rileks kerjain tugas distraksi matiin notif otak ngerasa stuck refresh,-1,7,0.8264894,True,high
5411,Aku merasa susah banget fokus ke satu hal. Pikiranku kayak lari ke mana-mana. Ada saran gak?,susah lari saran remote sendiri loncat loncat salah perhati kecil nafas lama tahan keluarin perhatiin lari pelan pelan nafas lama lama tenang susah,-1,30,0.67503405,True,medium
5412,"Aku sering banget kesal sama cuaca, apalagi kalau lagi hujan pas aku mau ke mana-mana. Gimana caranya biar nggak stres karena ini?",kesal cuaca hujan stres cuaca susah prediksi kendali hujan kesal atur bawa payung hujan basah nikmat momen hujan dengerin musik favorit terima hati ringan laku cuaca sesuai rencana,-1,-1,0.509907,False,rejected
5414,Aku suka ngeluh pas hujan atau panas. Tapi aku pengen lebih santai. Gimana caranya?,ngeluh hujan panas santai cuaca luar kendali ngeluh hati tambah sebal sisi positif hujan suasana cozy panas jalan jalan santai nikmat kopi hangat krim nikmat cuaca,-1,-1,0.5732673,False,rejected
5415,Aku ngerasa orang lain nggak ngertiin aku. Apa aku harus berusaha bikin mereka ngerti?,ngerasa ngertiin usaha luar kendali capek ekspresi diri dengerin dengar nyaman,-1,0,0.8253546,True,high
5416,"Aku ngerasa macet bikin aku buang waktu. Aku pengen lebih santai, tapi susah. Ada tips?",ngerasa macet buang santai susah tips macet sebal luar kendali manfaat jalan rileks dengerin audiobook berangkat pagi jalan produktif,-1,-1,0.56542265,False,rejected
5422,"Aku capek terus-terusan mencoba, tapi nggak ada hasil. Harusnya aku menyerah nggak?",capek terus terus hasil serah capek usaha tari gera makna langsung bawa tuju istirahat sebentar perlu kecil kecil laku tetap gerak,-1,28,0.67790645,True,medium
5432,Aku ngerasa hidupku nggak ada artinya. Gimana caranya aku nemuin makna?,ngerasa hidup arti nemuin makna makna jalan instan hidup kecil karaoke situ bareng,-1,11,0.692073,True,medium
5434,Aku merasa nggak punya ruang buat ngelakuin apa yang aku suka. Apa solusinya?,ruang ngelakuin solusi paham sesak ekspresi lakuin denger musik ringan,-1,-1,0.5535212,False,rejected
5438,Aku merasa hidupku nggak punya tujuan jelas. Apa yang bisa aku coba?,hidup tuju jelas tuju jelas lirik duduk sebentar tanyain diri sendiri senang penasaran situ kecil baca buku workshop tuju muncul iring jalan,-1,-1,0.6069932,False,rejected
5440,Aku sering ngerasa nggak punya energi buat ngelakuin apa-apa. Apa yang bisa kulakukan?,ngerasa energi ngelakuin laku lelah butuh ulang energi laku rileks jalan jalan dengar musik kecil daftar senang lelah,-1,31,0.8626951,True,high
5444,Aku sering denger orang bilang aku harus begini-begitu. Aku capek nurutin mereka.,denger begini capek nurutin tekan berat jeda diri nurutin pilih nyaman situ,-1,0,0.82126415,True,high
5452,"Aku merasa gak pernah cukup, meskipun udah banyak yang aku capai. Apa yang salah sama aku?",cukup udah capai salah kedengerannya ngerasa hampa padahal udah usaha istirahat penting luang nikmat momen kecil ngopi santai jalan jalan bahagia situ,-1,19,0.71707594,True,medium
5453,Aku merasa capek banget menghadapi masalah yang nggak kunjung selesai. Apa aku harus menyerah aja?,capek hadap kunjung serah tahu lelah putus serah istirahat jenak otak butuh jeda solusi favorit recharge jalan jalan denger musik,-1,7,0.69590294,True,medium
5454,Aku merasa hidupku gak ada artinya. Apa yang harus aku lakukan?,hidup arti laku berat kecil hidup entah temen jalan jalan dengerin musik situ pelan pelan makna cocok,-1,17,0.78890127,True,high
5455,Langkah pertama menata ulang hidup setelah kesalahan apa?,pertama tata ulang hidup salah simpel tidur cukup atur tuju kecil capai minggu ubah kecil beri otak gerak maju salah makin kecil,-1,2,0.8004526,True,high
5461,Apa contoh teknik grounding cepat?,contoh teknik grounding cepat sentuh muka meja sebut benda tekstur indera tenang,-1,-1,0.5487061,False,rejected
5465,"Aku merasa mataku sering lelah akhir-akhir ini, apa karena aku terlalu lama main gadget ya?",mata lelah akhir akhir terlalu lama main gadget gadget mata lelah bahkan ganggu kurang layar istirahat jauh jauh main gadget berapa,-1,7,0.6703191,True,medium
5466,"Aku suka main game di HP sampai lupa waktu, apa itu bahaya?",main game lupa bahaya lupa hati hati main game stres kurang tidur bahkan ganggu sehat fisik sakit punggung obesitas atur jadwal main sisih aktivitas happy,-1,25,0.6913306,True,medium
5468,"Aku sering sakit kepala setelah main HP lama, apa ini normal?",sakit kepala main lama terlalu sakit kepala salah efek terlalu lama tatap layar gadget kurang durasi cahaya ruang terlalu silau atur jarak layar mata konsultasi dokter,-1,-1,0.6110194,False,rejected
5470,"Aku nggak apa-apa kok main gadget seharian, nggak ada masalah, kan?",main gadget main gadget jangka panjang ganggu mata kurang gerak bahkan stres mending imbang aktivitas fisik temen tubuh tetap sehat,-1,-1,0.59284604,False,rejected
5473,"Aku pengen kerja keras terus biar dianggap hebat, tapi capek banget. Salah nggak sih?",kerja terus anggap capek salah salah prestasi capek perlu istirahat perlu bukti penting sehat bahagia diri sendiri,-1,31,0.6565424,True,medium
5483,"Aku ngerasa bersalah kalau nggak produktif, tapi aku capek. Gimana sih?",ngerasa salah produktif capek salah produktif muncul tekan hasil capek tubuh butuh istirahat salah diri izin rehat salah terus produktif,-1,31,0.7206991,True,medium
5488,"Emilia, kenapa aku merasa sedih terus padahal nggak ada masalah besar?",sedih terus padahal sedih alas jelas tubuh butuh perhati perhati pola tidur makan aktivitas kecil jalan jalan sebentar temen langsung lama profesional kecil bareng,-1,2,0.7605349,True,high
5494,"Aku merasa nggak bisa ngontrol hidupku, kayak semuanya berjalan di luar kendaliku. Apa yang bisa aku lakukan?",ngontrol hidup jalan luar kendali laku paham hilang kendali berat kecil sederhana kontrol atur tidur makan kecil atur,-1,2,0.70449245,True,medium
5498,"Aku merasa kehabisan tenaga, Emilia. Kerjaan ini bikin aku stres, dan aku ga tahu caranya lanjutin. Apa aku harus istirahat?",habis tenaga kerja stres tahu lanjutin istirahat kedengerannya capek tubuh butuh perhati istirahat bagus entah cuti lakuin rileks segar dengerin,-1,31,0.7008418,True,medium
5507,Aku suka ngelamun soal hal-hal buruk yang mungkin terjadi. Gimana caranya biar berhenti?,ngelamun henti ngelamun sendiri ngurangin perhati lakuin makan makan teknik grounding pegang deskripsiin tekstur contoh teknik grounding simpel,-1,-1,0.49052495,False,rejected
5528,"Aku suka overthinking, apalagi pas malam. Gimana caranya berhenti mikir berlebihan?",overthinking henti mikir overthinking capek tidur laku rileks baca buku ringan dengar musik pelan lari kepala kertas diri sendiri pikirin teknik otak istirahat overthinking terap strategi tambah,-1,9,0.86143076,True,high
5557,"Aku suka minum kopi malam, apa ini bikin susah tidur?",kopi susah tidur kopi ganggu tidur kafein otak tetap kurang hindar kafein sore notice kopi herbal,-1,2,0.702179,True,medium
5577,"Aku minum kopi sore, apa itu bikin susah tidur?",kopi sore susah tidur kafein tahan tubuh lama kopi sore otak tetap nyala tidur hindar kafein siang herbal putih kopi butuh energi,-1,2,0.7010517,True,medium
5607,"Aku suka bayangin tempat yang tenang, tapi apa itu beneran membantu?",bayangin tempat tenang beneran visual imagery libur singkat bayangin tempat nyaman perhati detail tubuh rileks kurang stres laku tidur tempat bayangin,-1,-1,0.6209191,False,rejected
5615,Saya tidak bisa nyanyi tapi ingin manfaatnya. Apa yang bisa saya lakukan?,manfaat laku senandung humming sendiri kamar alternatif bagus aktivitas rangsang area memori otak tenang suasana hati penting nikmat proses nilai,-1,-1,0.6483383,False,rejected
5618,"Saya sering merasa cemas setiap hari, bahkan ketika tidak ada alasan jelas. Rasanya menguras energi. Apa yang bisa saya lakukan sekarang?",cemas bahkan alas jelas uras energi laku dengar betapa lelah cemas ganggu sulit nikmat sederhana kecil perlahan lama beberapa cemas naik catat kapan cemas muncul picu timbang teknik relaksasi singkat regang jalan sebentar cemas ganggu tidur aktivitas profesional dokter psikolog pandu obat terapi tepat jangan paksa diri langsung rawat cemas proses,-1,2,0.8428873,True,high
5619,Saya merasa stres kerja tinggi dan sulit tidur. Apa kaitannya stres dengan otak saya?,stres kerja tinggi sulit tidur kait stres otak stres ulang pengaruh area otak penting korteks prefrontal putus hippocampus memori sulit liput teknik manajemen stres istirahat jadwal batas beban kerja dukung bila stres terus terus ganggu fungsi,-1,2,0.72437096,True,medium
5620,Saya merasa stres dan sulit tidur. Bisa pijat benar-benar membantu?,stres sulit tidur pijat dokumen sebut pijat tingkat waspada cepat pecah tidur turun hormon stres tingkat hormon nyaman pijat angkat suasana hati nyaman pijat sesi singkat sehat khusus konsultasi,-1,2,0.7517121,True,high
5626,Kapan tepatnya saya boleh ‘mengalihkan diri’ dan kapan harus bertindak?,kapan tepat diri kapan tindak atur diri tonton film tidur maksimal turun emosi rencana aksi konkrit kecil,-1,2,0.7410785,True,medium
5627,Bagaimana menilai apakah coping saya efektif?,nilai coping efektif perhati tidur nyenyak makan atur mampu nikmat minggu sekali coping kerja,-1,2,0.6682509,True,medium
5629,Sudah sering ke dokter tapi hasil lab normal. Kenapa aku tetap lelah?,dokter hasil tetap lelah lelah stres emosional evaluasi pola tidur beban kerja psikolog gali akar cemas beri strategi pulih energi,-1,2,0.69589686,True,medium
5636,Aroma apa yang paling baik untuk relaksasi?,aroma paling relaksasi lavender chamomile sandalwood kenal turun cemas pilih aroma favorit harum otak kerja efektif,-1,-1,0.446111,False,rejected
5642,"Saya baru didiagnosis diabetes dan merasa cemas terus, bikin susah tidur. Bagaimana emosi ini memengaruhi saya, dan apa yang bisa saya lakukan?",diagnosis diabetes cemas terus susah tidur emosi pengaruh laku paham cemas diagnosis berat sendiri cemas susah tidur ganggu sehat mental terus khawatir kendali teknik tidur detik tahan keluar ulang khawatir jurnal kurang beban kuat hadap info diabetes paham kondisi cemas koping,-1,2,0.6611016,True,medium
5650,Aku sering merasa cemas tanpa alasan yang jelas. Apa yang bisa membantu?,cemas alas jelas cemas alas frustrasi laku teknik grounding lima empat sentuh dengar cium perhati rutin olahraga ringan meditasi singkat tenang percaya ringan beban,-1,19,0.78535634,True,high
5653,"Aku merasa pikiranku nggak jernih, kayak susah mikir. Kenapa ya?",jernih susah mikir jernih frustrasi psikologi akal perlu rawat kerja ganggu stres kurang tidur tekan dokumen sebut jaga akal masuk hindar rusak lelah mental istirahat cukup kurang distraksi gadget tidur tahu berat,-1,2,0.7934009,True,high
5656,Aku kadang lupa sama hal yang baru aja terjadi. Ini serius nggak?,lupa serius lupa khawatir utama stres ingat jangka pendek nyimpan sebentar perhati pola hidup tidur makan imbang khawatir dekat profesional jelas,-1,2,0.75504756,True,high
5666,Bagaimana menjadikan kegagalan sebagai guru?,gagal guru gagal maksimal penting reflection otak kait gagal bukan malu,-1,-1,0.6272842,False,rejected
5668,Anak kecewa kalah lomba. Cara menumbuhkan sportivitas?,anak kecewa kalah lomba tumbuh sportivitas beri peluk puji usaha diskusi kalah proses bukan gagal diri,-1,4,0.6660119,True,medium
5669,Anak meniru teman mengejek. Bagaimana mengajarinya empati?,anak tiru teman ejek empati bayang korban role play puji pilih kata beri contoh konsisten kunci,-1,4,0.697781,True,medium
5670,Apa cara orang tua mendukung self‑esteem anak pra‑remaja?,dukung self esteem anak remaja ikan puji spesifik hadap usaha dengar curhat koreksi langsung libat putus sederhana,-1,4,0.6796696,True,medium
5675,Aku sedih karena nggak bisa beli gadget baru. Rasanya ketinggalan. Gimana caranya biar nggak down?,sedih beli gadget tinggal down beli gadget sedih fakta gadgetmu jalan bukan arti tinggal seru lakuin gadgetmu chat temen mikir nikmat nabung eksplor fitur gadgetmu,-1,18,0.66456425,True,medium
5684,Anakku suka bertanya 'kenapa' tak henti. Bagaimana merespons tanpa lelah?,anak henti respons lelah proyek mini buku dukung tahu tumbuh inisiatif,-1,-1,0.60969216,False,rejected
5686,Anakku cepat putus asa saat tugas sulit. Apa strategi menumbuhkan ketekunan?,anak cepat putus tugas sulit strategi tumbuh tekun bahas tugas kecil puji usaha bukan nilai tekun tumbuh proses harga,-1,29,0.7038405,True,medium
5688,Saya 40 tahun belum punya anak. Bagaimana tetap generatif?,tahun anak tetap generatif mentoring junior volunteering karya bentuk generativitas kontribusi sosial kaya makna hidup,-1,-1,0.5172932,False,rejected
5693,Aku ngerasa kurang gara-gara nggak punya gadget canggih. Gimana caranya biar merasa cukup?,ngerasa kurang gara gara gadget canggih cukup gadget canggih kurang gadget bahagia lama udah hidup gadget temen nikmat eksplor fitur gadgetmu tuju kecil nabung kaya catat syukur,-1,-1,0.5995694,False,rejected
5696,Aku sakit hati gara-gara dikira cupu di sekolah. Gimana caranya biar nggak terlalu peduli?,sakit hati gara gara cupu sekolah terlalu peduli cupu enak cupu kata bangga prestasi abai omong balas senyum temen keren kata kata lakuin pede outfit favorit,-1,-1,0.5199822,False,rejected
5699,"Aku sedih banget kalau gadgetku rusak, rasanya dunia runtuh. Gimana caranya biar nggak terlalu melekat?",sedih gadgetku rusak runtuh terlalu lekat gadget rusak panik ingat gadget alat hidup temen laku backup data nikmat gadget ingat bahagia barang luangin aktivitas jalan jalan santai gadget,-1,-1,0.57166183,False,rejected
5700,"Aku selalu pengen gadget baru, tapi nggak pernah cukup. Gimana caranya biar merasa cukup?",gadget cukup cukup tahu gadget goda udah hidup gadget temen laku nikmat fitur gadgetmu daftar butuh ingat puas hati bukan barang luangin sederhana jalan jalan udah syukur,-1,-1,0.5627321,False,rejected
5743,Anak saya takut coba olahraga baru karena takut jatuh. Bagaimana cara mendukungnya?,anak takut olahraga takut jatuh dukung anak takut burung kecil ragu terbang dukung inisiatif jatuh penting seru olahraga ringan sepeda jatuh ketawa bareng haha tualang puji berani anak takut semangat,-1,4,0.67425966,True,medium
5745,"Aku pengen ngomong ke anakku biar dia lebih disiplin, tapi kata-kataku kayak nggak didenger. Gimana caranya biar dia nurut?",ngomong anak disiplin kata kata didenger nurut anak disiplin atur butuh nyentuh bahasa ngaruh trust koneksi tahu main disiplin hidup asyik kata kata jelas main bareng alas disiplin jago nurut susah nurut jaga sabar peluk situasi anak kata kata nurut,-1,4,0.72442055,True,medium
5748,"Anakku kok susah banget lepas dari gadget, apa ini wajar?",anak susah lepas gadget terlalu susah lepas udah ganggu aktivitas gadget kontrol anak bahkan pengaruh sehat mental sosial atur batas gadget main luar bareng keluarga,-1,4,0.71149164,True,medium
5749,"Anakku jadi jarang ngobrol sama temennya gara-gara asik sama gadget, apa yang harus aku lakukan?",anak jarang temennya gara gara gadget laku sayang interaksi sosial ganggu gadget anak layar giat libat temen temen main taman klub olahraga batas gadgetnya,-1,-1,0.60301566,False,rejected
5750,"Aku kasih anakku gadget biar dia anteng, apa salah sih?",anak gadget anteng salah erti anak anteng gadget batas riskan gadget awas ganggu sehat fisik mental anak obesitas susah atur emosi aktivitas buku main edukatif atur gadgetnya,-1,4,0.65009725,True,medium
5751,"Anakku kayaknya susah konsentrasi di sekolah, apa gara-gara gadget?",anak susah konsentrasi sekolah gara gara gadget salah gadget main game media sosial anak hilang motivasi susah berapa lama gadget diskusi atur layar imbang,-1,4,0.71317625,True,medium
5753,"Aku merasa anakku kurang aktif gara-gara gadget, apa bener?",anak kurang gara gara gadget terlalu lama gadget anak kurang gerak akhir obesitas sehat main luar sepeda jalan jalan sehat,-1,-1,0.5505183,False,rejected
5754,"Aku kasih anakku HP biar dia belajar online, tapi kok malah main game?",anak malah main game gadget alat awas anak gampang game medsos atur aplikasi batas aktivitas layar,-1,-1,0.49369103,False,rejected
5755,"Aku ngerasa kesepian kalau nggak buka HP, apa ini aneh?",ngerasa sepi aneh aneh terlalu gadget ngisi gadget lupa padahal interaksi sosial penting luang temen keluarga libat layar,-1,14,0.7014512,True,medium
5756,"Apa sih literasi digital itu, dan kenapa penting buat anakku?",literasi digital penting anak literasi digital mampu teknologi bijak paham risiko penting anak tahu gadget sehat asal main literasi digital hindar dampak candu stres teknologi manfaat,-1,-1,0.4840433,False,rejected
5757,"Aku nggak tahu cara batasi gadget buat anakku, mulai dari mana?",tahu batas gadget anak sederhana atur layar aktivitas main luar baca buku contoh kurang gadget depan anak penting imbang paham,-1,-1,0.56805176,False,rejected
5758,"Aku suka kasih anakku gadget biar dia nggak rewel, apa itu oke?",anak gadget rewel erti hati hati gadget anteng solusi anak susah atur emosi kurang interaksi sosial aktivitas main batas gadgetnya,-1,4,0.7226542,True,medium
5759,Apa gadget bikin anakku susah ngomong sama orang lain?,gadget anak susah ngomong terlalu lama gadget anak kurang interaksi sosial bahkan pengaruh kembang bahasa main temen baya batas layar nyata,-1,-1,0.6256864,False,rejected
5760,"Aku nggak suka batasi gadget anakku, soalnya dia nangis, apa salah?",batas gadget anak nang salah erti anak nang batas riskan gadget kontrol ganggu sehat mental fisik anak cemas kurang gerak atur perlahan gadget aktivitas seru,-1,4,0.6717235,True,medium
5761,"Aku merasa gadget bikin hidupku lebih gampang, apa salah kalau aku pakai terus?",gadget hidup gampang salah terus gadget hidup gampang terus jeda ganggu mata kurang interaksi sosial imbang olahraga keluarga istirahat layar tetap sehat,-1,-1,0.5922979,False,rejected
5762,"Sekolah anakku nggak ngajarin soal bahaya gadget, apa yang bisa aku lakukan?",sekolah anak ngajarin bahaya gadget laku sekolah ngajarin anak efek gadget ganggu sehat kurang sumber edukasi literasi digital anak bareng diskusi guru masukin topik,-1,-1,0.6385981,False,rejected
5763,"Aku merasa bersalah kalau ninggalin anak demi kerja, apa aku ibu yang buruk?",salah ninggalin anak kerja salah tunjuk peduli anak kerja sayang hidup khusus anak sebentar tetap dekat,-1,4,0.6995661,True,medium
5776,Aku sering merasa bersalah karena nggak bisa selalu ada buat anakku. Aku kerja terus. Gimana biar nggak gitu?,salah anak kerja terus salah peduli jangan nyiksa kerja keluarga bentuk sayang kualitas anak bukan kuantitas weekend main bareng distraksi anak sayang tahu penting jangan terlalu diri sendiri,-1,4,0.76100636,True,high
5805,"Aku nggak punya anak, dan kadang merasa nggak lengkap. Apa aku egois kalau nggak mau punya anak?",anak lengkap egois anak egois pilih alas sendiri anak kurang harga lengkap hidup penuh,-1,4,0.6881198,True,medium
5806,Aku ngerasa orang tua nggak bakal ngerti kalau aku bilang aku butuh bantuan mental. Gimana ya?,ngerasa butuh mental ngomongin sehat mental jelasin sederhana akhir akhir ngerasa berat butuh ahli dukung dukung konselor sekolah,-1,4,0.7383324,True,medium
5808,"Emilia, aku dengar ada program buat anak-anak dengan masalah mental. Apa itu?",dengar program anak anak mental program khusus child adolescent service program anak anak remaja nyediain sesuai libat keluarga sekolah anak anak awat dukung bagus anak anak serius nyari info,-1,-1,0.6312055,False,rejected
5817,Bagaimana mengajar orang dewasa bisa membantu saya sendiri? Saya tidak percaya diri untuk mengajar.,dewasa sendiri percaya diri paksa rapi tahu jelas justru kuat paham kelas kecil sesi alam perlu gelar ahli praktis pimpin sesi singkat tingkat tuju koneksi sosial,-1,14,0.68455297,True,medium
5823,"Anak saya dengan diabetes sering marah dan nggak mau pakai insulin, bikin saya cemas. Mengapa ini terjadi, dan apa yang bisa saya lakukan?",anak diabetes marah insulin cemas laku tahu cemas anak marah berat peduli anak diabetes marah tolak insulin hukum bebas ganggu sehat mental anak kesal dengar libat pilih makan sehat kendali positif anak bareng forum anak diabetes marah koping,-1,4,0.6880088,True,medium
5828,Aku takut dites kecerdasan. Apa bedanya sama tes prestasi?,takut cerdas prestasi degan cerdas berapa potensi mampu pecah sedang prestasi udah baca matematika cerdas ngukur prestasi udah psikolog pake takut dengerin,-1,0,0.7127421,True,medium
5830,Aku takut nilaiku jelek di tes prestasi. Buat apa sih tes ini?,takut nilai jelek prestasi takut nilai jelek prestasi udah baca matematika berapa jauh dipake ganggu psikolog tahu butuh ekstra bukan nilai jelek sukses susah sekolah dengerin,-1,0,0.7294527,True,medium
5831,Aku takut dikira nggak pinter kalau prestasiku jelek. Apa itu gangguan belajar?,takut pinter prestasi jelek ganggu takut pinter turut ganggu prestasi nilai matematika jauh rendah cerdas ukur arti potensi susah bukan arti pinter butuh khusus khawatir psikolog takut,-1,0,0.70299494,True,medium
5832,Aku takut WIAT-II susah. Apa aja yang dites di situ?,takut wiat susah situ takut susah wiat prestasi empat bidang baca baca kata paham teks matematika hitung bahasa nulis bahasa lisan lisan psikolog tahu kuasa perlu khawatir psikolog susah dengerin,-1,1,0.7156619,True,medium
5834,Anakku nggak jago bahasa. Apa UNIT bantu dia?,anak jago bahasa unit khawatir bahasa anak universal nonverbal intelligence test unit bahasa cocok anak tahun susah kata kata pake gera tangan adil psikolog mampu anak bahasa penasaran psikolog unit dengerin,-1,22,0.65031147,True,medium
5835,Aku takut anakku dikira nggak pinter. Apa gangguan belajar itu?,takut anak pinter ganggu anak turut ganggu prestasi anak matematika jauh rendah cerdas ukur bukan arti pinter area butuh khusus diagnosis dapetin dukung sekolah khawatir psikolog takut,-1,4,0.69143367,True,medium
5836,Aku takut WIAT-II bikin anakku stres. Apa yang mereka tes?,takut wiat anak stres khawatir anak wiat prestasi anak baca matematika nulis ngomong baca kata hitung lisan psikolog tahu anak kuasa perlu terlalu stres khawatir psikolog susah dengerin,-1,4,0.75833863,True,high
5837,Siapa yang memulai psikologi klinis? Aku penasaran soal sejarahnya.,siapa psikologi klinis penasaran sejarah penasaran sejarah psikologi klinis lightner witmer psikolog amerika tahun pertama istilah bahkan klinik khusus utama anak anak perilaku keren bukan,-1,1,0.6875905,True,medium
5838,Apakah psikologi klinis cuma untuk anak-anak? Aku orang dewasa dan merasa butuh bantuan.,psikologi klinis anak anak dewasa butuh anak anak lightner witmer anak anak psikologi klinis usia masuk dewasa hadap stres cemas paham diri sendiri psikolog klinis lanjut,-1,4,0.7070829,True,medium
5839,Psikolog sekolah itu ngapain aja? Bedanya apa sama psikolog klinis?,psikolog sekolah psikolog klinis psikolog sekolah sahabat anak anak sekolah ngelakuin ganggu adhd terus guru anak kembang program anak anak happy sekolah psikolog klinis luas segala usia lewat terapi anak butuh sekolah psikolog sekolah personal psikolog klinis,-1,1,0.7009,True,medium
5840,Aku orang dewasa dan merasa stuck. Bisa nggak sih psikolog klinis bantu?,dewasa stuck psikolog klinis stuck frustrasi tenang psikolog klinis anak anak lightner witmer awal anak anak psikologi klinis segala usia masuk dewasa tahu ngerasa stuck maju lewat ngerasa stuck lanjut,-1,1,0.7290254,True,medium
5841,Anakku kayaknya susah fokus di sekolah. Harus ke psikolog sekolah atau klinis?,anak susah sekolah psikolog sekolah klinis khawatir anak susah psikolog sekolah awal bagus kerja sekolah ngelakuin adhd ganggu guru saran ngerasa anak butuh emosi perilaku luar sekolah psikolog klinis anak khawatir,-1,4,0.7931486,True,high
5842,Anakku kayaknya bermasalah di sekolah. Harus ke psikolog sekolah atau klinis?,anak sekolah psikolog sekolah klinis khawatir anak tenang psikolog sekolah awal bagus kerja sekolah ngelakuin ganggu adhd guru anak emosi perilaku luar sekolah psikolog klinis lewat terapi anak saran,-1,1,0.74279577,True,medium
5847,Aku pengen tahu seberapa kuat kemampuan logikaku. Tes apa yang bisa aku coba?,tahu berapa kuat mampu logika penasaran kuat logika mampu sebut power test ngukur berapa jauh pecah logika main teka teki logika matematika rumit seru formal nalar pola urut angka diri rutin,-1,-1,0.5114039,False,rejected
5850,"Aku takut salah jawab di kelas, makanya aku diem aja. Apa aku penutup?",takut salah kelas makanya diem tutup tutup takut nilai takut salah peduli kecil simpel guru pikirin berani,-1,13,0.71296144,True,medium
5860,"Aku merasa terjebak dalam hubungan yang nggak sehat, tapi nggak tahu cara keluar, apa saranmu?",jebak sehat tahu keluar saran berat kuat tugas laku tetap batas dukung teman kecil jalan keluar,-1,4,0.6755297,True,medium
5869,"Setelah kehilangan, aku sulit terhubung sama orang lain. Gimana cara membuka diri lagi?",hilang sulit diri tutup diri hilang protecting yourself kecil kirim pesan temen nanya kabar perlu berat cukup ringan siap ngopi bareng tanam butuh usaha tumbuh laku perlahan,-1,17,0.67983514,True,medium
5873,"Aku orang tua baru, dan aku khawatir banget soal biaya sekolah anak nanti. Rasanya nggak siap. Apa yang bisa aku lakuin dari sekarang?",khawatir biaya sekolah anak siap lakuin penuh tantang mikirin masa depan anak saranin rencana uang sederhana bulan sisih tabung didik kecil info investasi reksadana jaga sehat anak pola hidup sehat biaya sehat bengkak overwhelmd pasang,-1,-1,0.6466478,False,rejected
5875,"Aku baru punya anak, dan aku stres mikirin biaya kesehatan mereka nanti. Gimana caranya biar lebih siap?",anak stres mikirin biaya sehat siap emang mikir jauh depan biaya sehat kecil pastiin anak keluarga pola hidup sehat makan cukup tidur gampang sakit sisih tabung bulan dana darurat sehat ribu asuransi sehat jangkau pasang sendiri kecil,-1,4,0.6655133,True,medium
5877,"Aku notice aku susah konsen kalau lagi laper atau capek. Kenapa ya, dan apa yang bisa aku lakukan?",notice susah konsen laper capek laku laper capek otak mobil habis bensin psikologi butuh biologis lapar lelah otak tubuh tugas solusi jaga bahan bakar tubuh makan sehat kacang kerja istirahat capek putih otak segar susah konsen saran ngepas,-1,31,0.73526406,True,medium
5882,Aku merasa nggak punya kontrol atas hidupku sejak tahu aku HIV positif. Gimana caranya aku balik lagi?,kontrol hidup sejak tahu positif balik hilang kontrol berat kecil daya sederhana obat tepat makan sehat teknik problem focused coping daftar tuju kecil kecil kontrol,-1,12,0.6809,True,medium
5896,"Kadang aku makan banyak, terus muntahin. Aku tahu ini nggak baik, tapi susah berhenti. Aku harus apa?",makan terus muntahin tahu susah henti sayang denger ngalamin senang lakuin bahaya tubuh susah henti susah ubah sendiri terap dokter paham muntahin makan,-1,3,0.74125856,True,medium
5905,"Aku suka muntah setelah makan banyak. Ini membantu aku tenang, normal nggak?",muntah makan tenang paham tenang muntah makan bahaya tubuh sulit hadap emosi sehat tenang bicara relaksasi muntah,-1,12,0.74533224,True,medium
5916,"Aku sering merasa kalau aku terlalu berlebihan dalam banyak hal, entah makan manis, kopi, atau main medsos. Aku bingung bagaimana cara menyeimbangkannya.",terlalu entah makan manis kopi main medsos imbang cenderung enak terlalu justru lelah hilang dekat moderasi henti total nali batas sehat kopi segar cangkir cukup situ medsos atur penting bukan siksa diri imbang nyaman,-1,-1,0.602563,False,rejected
5918,Aku suka minum cokelat hangat saat lagi capek. Apakah itu ada manfaatnya atau cuma sugesti?,cokelat hangat capek manfaat sugesti bukan sekadar sugesti cokelat hangat manfaat otak kandung alir darah otak dukung daya ingat nikmat cangkir cokelat hangat tenang dukung sehat mental,-1,-1,0.62054914,False,rejected
5919,Saya minum suplemen vitamin D. Apa ada risiko kelebihan?,suplemen vitamin risiko vitamin bahaya asal suplemen bukan sinar matahari batas umum dewasa konsumsi suplemen konsultasi dosis sedia sehat,-1,-1,0.41279447,False,rejected
5928,"Aku dengar peradangan bisa bikin orang gampang kena depresi atau pikun, apa itu benar?",dengar adang gampang kena depresi pikun adang kronis tubuh pengaruh sehat otak masuk tingkat risiko depresi turun daya ingat cegah jaga pola hidup sehat makan hindar rokok alkohol jaga pola tidur kecil tubuh kuat,-1,36,0.7354374,True,medium
5930,"Aku gampang capek dan susah fokus. Temanku bilang coba minum vitamin C, apa benar bisa bantu otak juga?",gampang capek susah teman vitamin otak vitamin penting otak produksi neurotransmitter dukung suasana hati segar jeruk kiwi tomat mangga ingat jangan efek cukup sesuai butuh tubuh,-1,-1,0.61057436,False,rejected
5931,Aku khawatir dengan racun dari makanan atau polusi. Apa ada cara alami buat bersihin tubuh dan otak dari racun?,khawatir racun makan polusi alami bersihin tubuh otak racun khawatir valid tubuh lawan racun makan segar olahraga sekadar tempat jangan lupa cuci bahan makan papar serius konsultasi dokter,-1,-1,0.6396038,False,rejected
5940,Bagaimana cara sederhana melindungi saraf saya dalam kehidupan sehari-hari?,sederhana lindung saraf hidup praktik sederhana kurang papar bahan bahaya baca label produk hindar pestisida sendiri alat lindung konsumsi makan rendah cemar jaga pola hidup sehat kecil turun risiko signifikan,-1,-1,0.49932182,False,rejected
5943,Apakah konsumsi garam (sodium) berpengaruh pada suasana hati atau kondisi neurologis?,konsumsi garam sodium pengaruh suasana hati kondisi neurologis sodium peran kuat fungsi tubuh otak konsumsi pengaruh tekan darah kondisi neurologis kurang makan olah baca label turun asupan sodium jangan salah konkret makan kemas bahan segar tambah makan kaya kalium pisang bayam imbang,-1,-1,0.56430054,False,rejected
5947,Cara menganggarkan biaya pijat rutin agar tidak mengganggu keuangan?,anggar biaya pijat rutin ganggu uang masuk wellness hasil bulan banding paket bundling promo membership prioritas stress tinggi tunda budget ketat,-1,-1,0.5225545,False,rejected
5948,Apakah diet bisa memengaruhi nyeri artritis?,diet pengaruh nyeri artritis kurang gula rafinasi tingkat ikan lemak kunyit hijau pasien lapor kaku sendi turun minggu,-1,-1,0.52484596,False,rejected
5952,"Saya sering merasa kesehatan saya dipengaruhi oleh banyak hal, tapi saya tidak yakin bagaimana. Apa itu model biopsikososial, dan bagaimana ini bisa membantu saya memahami diri saya?",sehat pengaruh yakin model biopsikososial paham diri keren peka tubuh model biopsikososial peta tunjuk sehat padu elemen biologis genetik hormon psikologis stres pola sosial dukung keluarga teman sedang stres badan lelah susah tidur teman dengar keluh kesah ringan paham imbang meditasi sayang tekan,-1,12,0.65541565,True,medium
5957,Saya khawatir tentang kesehatan mental orang tua saya yang sudah lansia. Bagaimana saya bisa bantu mereka tetap sehat secara mental?,khawatir sehat mental lansia tetap sehat mental anak super peduli bangga sehat mental lansia penting tetap bahagia rutin dengerin jalan jalan ringan aktivitas main kartu tanam bunga segar lansia senang laku bareng minggu,-1,4,0.6564906,True,medium
5960,"Saya sering merasa sedih tanpa alasan, dan dengar itu bisa dari peradangan. Bagaimana ini terjadi, dan apa yang bisa saya lakukan?",sedih alas dengar adang laku peka strength adang kronis stres pola makan sehat ganggu otak sedih depresi inflamasi saraf makan makan anti inflamasi ikan hijau laku olahraga ringan relaksasi meditasi kurang inflamasi sedih sehat,-1,12,0.757378,True,high
5961,"Saya nggak suka lihat tubuh saya karena diabetes, bikin minder. Bagaimana ini memengaruhi kesehatan mental, dan apa yang bisa saya lakukan?",tubuh diabetes minder pengaruh sehat mental laku paham minder berat harga citra tubuh diabetes ningkatin depresi cemas nyaman diri sendiri sehat mental diri laku olahraga ringan jalan naikin percaya diri positif tubuh sayang diri pasien diabetes minder koping,-1,25,0.67341,True,medium
5962,"Saya ingin lebih baik hadapi diabetes, tapi bingung mulai dari mana, bikin cemas. Bagaimana koping aktif membantu, dan apa yang bisa saya lakukan?",hadap diabetes cemas koping laku diabetes inspiratif sendiri koping info diabetes kurang cemas kendali ningkatin sehat mental baca artikel diabetes sumber percaya minggu sekali tuju sehat makan dokter pandu kelola diabetes forum diabetes,-1,-1,0.4517628,False,rejected
5964,"Saya punya diabetes dan ingin lihat sisi positif, tapi susah, bikin down. Bagaimana ini membantu, dan apa yang bisa saya lakukan?",diabetes sisi positif susah down laku sisi positif inspiratif diabetes empati makna harga hidup naikin sehat mental positif diabetes peduli sehat laku jalan santai naikin mood alam temen inspirasi positif diabetes susah positif,-1,-1,0.642782,False,rejected
5965,"Saya punya diabetes dan merasa keluarga nggak paham, bikin cemas. Bagaimana dukungan keluarga membantu, dan apa yang bisa saya lakukan?",diabetes keluarga paham cemas dukung keluarga laku tahu cemas keluarga paham ubah dukung keluarga kurang cemas patuh obat diabetes naikin sehat mental keluarga baca info diabetes bareng libat masak makan sehat salad keluarga ingat obat kuat bareng forum keluarga diabetes cemas,-1,-1,0.5992744,False,rejected
5966,"Saya ingin hidup lebih sehat, tapi bingung mulai dari mana. Apa itu kebiasaan kesehatan, dan bagaimana saya bisa memulainya untuk bantu kesehatan mental saya?",hidup sehat sehat mula sehat mental semangat hidup sehat luar sehat kecil laku jaga tubuh jalan kaki makan tidur cukup tanam benih taman batin tenang bahagia sehat mental olahraga ringan ningkatin mood makan sehat jernih jalan denger musik favorit sehat kapan,-1,25,0.6811609,True,medium
5967,"Saya merasa hidup saya kacau karena stres, dan ingin lebih sehat. Apa itu promosi kesehatan, dan bagaimana ini bisa bantu saya?",hidup kacau stres sehat promosi sehat tahu stres hidup berat ubah promosi sehat peta hidup pilih sehat olahraga makan gizi hindar stres tambah parah begadang sehat mental kurang cemas kuat hadap pagi tambah makan stres kecil,-1,25,0.74664277,True,medium
5968,"Saya merasa kebiasaan buruk saya dari kecil susah diubah. Bagaimana kebiasaan masa kecil memengaruhi saya sekarang, dan apa yang bisa saya lakukan?",kecil susah ubah masa kecil pengaruh laku kecil tempel sehat makan berapa masa kanak kanak bentuk pola kabar ubah pola jarang olahraga jalan kaki nikmat udara segar alas ubah happy motivasi lama ubah,-1,4,0.6529411,True,medium
5972,"Saya merasa kebiasaan buruk saya karena orang tua dulu nggak ngajarin. Bagaimana ini memengaruhi saya sekarang, dan apa yang bisa saya lakukan?",ngajarin pengaruh laku paham kecil bekas ubah peran bentuk sehat makan sehat olahraga lewat contoh diajarin susah kuasa pilih sehat makan porsi laku pelan pelan inspirasi temen pertama,-1,-1,0.6497341,False,rejected
5975,"Keluarga saya punya riwayat diabetes, dan itu bikin saya cemas. Bagaimana fokus pada risiko bisa bantu, dan apa yang bisa saya lakukan?",keluarga riwayat diabetes cemas risiko laku tahu cemas riwayat keluarga berat peduli risiko arti perhati ekstra riwayat sakit diabetes cegah sehat mental proaktif gula darah rutin makan rendah gula jalan dokter saran spesifik cemas sehat,-1,-1,0.51439893,False,rejected
5981,"Saya sering cemas, dan itu bikin saya makan nggak sehat. Bagaimana pelatihan relaksasi bisa bantu, dan apa yang bisa saya lakukan?",cemas makan sehat relaksasi laku cemas berat luar ubah relaksasi meditasi tenangin kurang dorong makan sehat ningkatin sehat mental teknik detik tahan detik keluar detik bayangin tempat damai pantai relaksasi pandu cemas kapan teknik,-1,19,0.81269836,True,high
5987,"Saya dari keluarga dengan ekonomi terbatas dan merasa sulit hidup sehat, yang bikin saya stres. Bagaimana faktor sosial memengaruhi saya, dan apa yang bisa saya lakukan?",keluarga ekonomi batas sulit hidup sehat stres faktor sosial pengaruh laku tahu hidup batas ekonomi tantang kuat ubah faktor sosial rendah sehat makan gizi olahraga sulit akses batas tambah stres kecil jalan kaki masak murah kolplay lokal gratis dukung kelompok olahraga paling stres kecil,-1,12,0.65316623,True,medium
5988,"Saya merasa berat badan saya bikin cemas, tapi susah menurunkannya. Mengapa obesitas memengaruhi kesehatan mental, dan apa yang bisa saya lakukan?",berat badan cemas susah turun obesitas pengaruh sehat mental laku paham cemas berat obesitas pengaruh sehat mental tekan sosial stigma nyaman tubuh cemas depresi kuasa ubah kecil tambah porsi jalan tuju positif energik resep sehat inspirasi cemas berat badan ubah,-1,12,0.77415806,True,high
5990,"Anak saya kelebihan berat badan dan kelihatan kurang percaya diri. Bagaimana obesitas memengaruhi kesehatan mentalnya, dan apa yang bisa saya lakukan?",anak berat badan kurang percaya diri obesitas pengaruh sehat mental laku peduli luar obesitas anak kurang percaya diri tekan teman nyaman tubuh ganggu sehat mental anak main main bola sepeda seru musik masak makan sehat bareng smoothie puji usaha bukan tampil anak kurang percaya diri aktivitas bareng,-1,12,0.72824574,True,medium
5992,"Saya dari keluarga sederhana dan merasa sulit jaga berat badan, yang bikin cemas. Mengapa ini terjadi, dan apa yang bisa saya lakukan?",keluarga sederhana sulit jaga berat badan cemas laku paham betapa sulit jaga sehat sumber daya batas usaha wanita rendah hadap tantang akses makan sehat batas obesitas tingkat cemas kecil masak lokal murah bayam jalan kaki gratis kelompok jalan kaki cemas sehat,-1,12,0.6649133,True,medium
5994,"Saya sering diet tapi berat badan balik lagi, dan itu bikin depresi. Mengapa diet yo-yo bikin susah, dan apa yang bisa saya lakukan?",diet berat badan balik depresi diet susah laku paham betapa frustrasi diet kuat terus usaha diet tubuh efisien simpan lemak turun metabolisme berat badan gampang naik depresi tambah diet ketat ubah gaya hidup makan kurang porsi jalan tuju jangka panjang sehat bahagia resep sehat enak diet gagal ubah kecil,-1,12,0.76787806,True,high
6000,"Saya merasa sendiri coba turunkan berat badan, dan itu bikin down. Bagaimana dukungan sosial membantu, dan apa yang bisa saya lakukan?",sendiri turun berat badan down dukung sosial laku tahu sendiri sulit sendiri dukung sosial temen keluarga makan sehat semangat kurang stres sehat mental temen masak resep sehat gabung grup olahraga lokal sehat bareng forum diet motivasi siapa dukung aktivitas sehat bareng,-1,12,0.7452015,True,medium
6008,"Saya merasa makan banyak saat sedih, dan itu bikin saya merasa buruk. Bagaimana emosi negatif memengaruhi, dan apa yang bisa saya lakukan?",makan sedih emosi negatif pengaruh laku paham betapa sulit makan sendiri emosi negatif sedih picu makan otak nyaman sehat mental drop makan aktivitas sedih simpan sehat kacang temen curhat sedih aktivitas,-1,12,0.8000802,True,high
6010,"Saya coba atasi bulimia, tapi kambuh saat stres, dan itu bikin down. Bagaimana pencegahan kekambuhan membantu, dan apa yang bisa saya lakukan?",bulimia kambuh stres down cegah kambuh laku kuat udah usaha bulimia kambuh cegah kambuh ajarin koping situasi stres rencana stres meditasi sehat mental siap picu stres solusi denger musik jalan kaki simpan jurnal lacak progres hadap situasi kambuh koping,-1,19,0.66600126,True,medium
6014,Aku nggak yakin aku bisa pilih gaya hidup baru. Aku nggak tahu caranya mulai dari mana. Kamu punya saran?,yakin pilih gaya hidup tahu saran paham berat sederhana syukur sudut positif daftar bareng turut pertama,-1,33,0.7321145,True,medium
6020,"Mengapa penting mengumpulkan fakta sebelum mengambil keputusan besar, Kak?",penting kumpul fakta putus fakta tindak peta putus mudah sesat asumsi luang ecek data beri kokoh solusi kreatif,-1,-1,0.6019944,False,rejected
6021,"Sebagai dewasa, bagaimana memulihkan harapan saat hidup terasa berat?",dewasa pulih harap hidup berat ingat momen kecil catat otak nali positif,-1,7,0.65547824,True,medium
6025,"Aku sering lupa nama orang yang baru ketemu, padahal pengen banget inget. Ada tips nggak biar memoriku lebih tajam?",lupa nama padahal inget tips memori tajam lupa nama otak main petak umpet memori tajam trik encoding ulang nama hati sambung unik dina jaket merah sebut nama sekali nyimpan memori jangka panjang visualisasi wajah bayangin nama dahi kocak works momen lupa nama frustrasi,-1,7,0.6872629,True,medium
6026,Aku susah banget nginget daftar belanjaan kalau lebih dari lima barang. Ada cara nggak biar aku lebih gampang nginget?,susah nginget daftar belanja lima barang gampang nginget daftar belanja emang kabur otak panjang otak nyimpen tujuh memori jangka pendek teknik chunking kelompok barang kategori bayam kolplay dapur garam minyak pendek daftar kocak nempel dadak lupa daftar pusing trik seru,-1,-1,0.64140403,False,rejected
6034,Aku suka mikirin hal buruk kalo lagi nggak ada kerjaan. Gimana caranya biar nggak gitu?,mikirin kalo kerja kosong emang lari sibuk berat baca buku aktivitas lupa overthinking,-1,7,0.7086396,True,medium
6042,Aku nggak bisa berhenti nangis tiap inget kehilangan yang aku alami. Apa aku lemah?,henti nang inget hilang alami lemah nang bukan lemah sedang hilang mudah mata proses kenang tenang nemenin,-1,17,0.7575579,True,high
6048,"Aku coba lupain trauma itu, tapi kenapa malah makin sering kepikiran?",lupain trauma malah makin otak butuh proses kenang dorong lupa malah kenang muncul kuat hadap siap kenang,-1,7,0.83329105,True,high
6050,"Akhir-akhir ini aku gampang stres. Rasanya nggak tenang, bahkan di rumah.",akhir akhir gampang stres tenang bahkan lelah salah luang hewan pelihara sekadar elus kucing main bahkan ikan akuarium tenang otak tonton hewan reda tegang inti beri ruang kecil tubuh rileks tuntut,-1,-1,0.6429791,False,rejected
6052,"Kenapa aku suka tidur siang, padahal orang lain bilang itu kebiasaan malas?",tidur siang padahal malas tidur siang bukan malas balik tidur siang singkat otak simpan memori segar laku tepat tidur siang justru dukung mampu perlu salah butuh istirahat sebentar,-1,2,0.88930476,True,high
6056,Kenapa sih aku sering cepat lupa dan susah ambil keputusan ketika lagi banyak tekanan?,cepat lupa susah putus tekan stres ganggu kerja otak rentan lupa sulit bahkan susah putus bukan lemah tubuh sedang kerja hadap tekan ringan istirahat sebentar atur laku kecil tenang otak pelan pelan jernih,-1,7,0.85327125,True,high
6062,Saya mudah lupa nama orang baru. Apa latihan sederhana untuk menguatkan memori?,mudah lupa nama sederhana kuat memori ulang nama kenal nama cakap diri esok hafal baris puisi favorit ulang beberapa kuat jejak memori,-1,-1,0.5422988,False,rejected
6067,Kadang saya rindu masa lalu dan merasa lebih baik setelah melihat foto lama. Apakah itu buruk?,rindu masa lama sekali nostalgia beri nyaman optimisme hadap masa depan unjung kenang lewat stimulasi memori mood jaga imbang apresiasi masa rawat butuh hidup,-1,7,0.65871334,True,medium
6073,Saya sering menunda dan merasa terjebak dalam pola lama. Bagaimana cara mempelajari respons yang lebih tepat?,tunda jebak pola lama respons tepat pola respons lewat praktik kala jalur saraf bentuk ulang perilaku konteks kecil alami beri diri apresiasi maju kecil bukan tunggu ubah sekaligus,-1,7,0.6717473,True,medium
6075,Saya merasa sulit merasakan kebahagiaan. Apakah ada cara realistis untuk melatih otak saya supaya bisa menikmati hal-hal kecil lagi?,sulit bahagia realistis otak nikmat kecil dengar sedang lelah susah bahagia berat salah dekat tahap laku aktivitas kecil nyaman senang lama turut turut tuju bukan paksa diri langsung bahagia beri otak sesuai diri suatu sulit ulang tindak kecil,-1,0,0.85152483,True,high
6077,"Saya ingin belajar bahasa baru, tapi takut mulai karena terasa sulit. Apakah itu benar-benar berguna untuk otak?",bahasa takut sulit otak putus bahasa bagus bahasa tantang otak sehat memori konsentrasi fleksibilitas target kecil hadiah diri capai tonggak kecil proses motivasi,-1,7,0.7644894,True,high
6080,Orang tua saya menyuruh saya belajar catur untuk meningkatkan IQ. Apakah bermain catur benar-benar membantu?,suruh catur tingkat main catur dokumen sebut main catur tingkat terampil konsentrasi mampu kenal pola khusus main beberapa minggu lama beberapa bulan beberapa main catur aktivitas sosial tantang senang manfaat muncul konsisten bukan janji instan,-1,-1,0.47231397,False,rejected
6081,Saya merasa sendirian dalam mencari stimulasi mental. Apa lagi selain catur yang bisa membantu?,sendiri stimulasi mental catur timbang aktivitas tantang otak teka teki logika bahasa main strategi gabung diskusi rangsang penting aktivitas paksa beri capai kecil konsisten,-1,24,0.72654223,True,medium
6083,Saya sudah mencoba membaca keras tapi tetap lupa. Apa yang harus dilakukan?,baca tetap lupa laku kombinasi teknik kecil ulang kala spaced repetition kenal tidur cukup memori signifikan konsultasi profesional medis,-1,2,0.738536,True,medium
6087,Saya selalu memakai kalkulator untuk hal kecil dan merasa kemampuan berpikir cepat saya menurun. Apa yang bisa saya lakukan?,kalkulator kecil mampu cepat turun laku kurang kalkulator tugas bagus otak tantang kecil hitung mental belanja sederhana laku tahap frustasi bukan tolak teknologi beri ruang mampu kognitif,-1,28,0.69748807,True,medium
6089,Mengapa nostalgia justru membuat saya senang?,nostalgia justru senang nostalgia otak produksi hormon bahagia ingat hidup penuh momen harga layak syukur,-1,-1,0.5800354,False,rejected
6090,Bagaimana menghentikan pikiran negatif di malam hari?,henti negatif khawatir kertas parking simpan kata diri tinjau teknik beri otak izin istirahat,-1,7,0.7131984,True,medium
6092,"Mengapa beberapa kuesioner terasa panjang dan melelahkan, dan apakah hasilnya sepadan?",beberapa kuesioner panjang lelah hasil padan kuesioner detail gali pola seluruh hasil pandu terap paham nuansa karakter tebak intervensi tepat,-1,-1,0.62187755,False,rejected
6093,Bagaimana membuat ‘reward’ kecil bisa membantuku keluar dari siklus malas?,reward kecil keluar siklus malas tugas mini pasang hadiah sederhana tonton favorit kerja otak asosiasi usaha senang mudah konsistensi,-1,28,0.73991436,True,medium
6096,Kenapa aku susah ngerti pelajaran yang pake angka-angka?,susah pake angka angka langsung klik angka perlu visual diagram hubungin angka minta jelas temen guru sudut pandang,-1,-1,0.40736842,False,rejected
6098,"Aku merasa sulit untuk belajar akhir-akhir ini, rasanya otakku nggak bisa nyambung. Apa yang bisa aku lakukan?",sulit akhir akhir otak nyambung laku tahu otak kerja sisi proses cipta suasana nyaman tempat stres pecah materi kecil overwhelning stuck istirahat sebentar metode catat visual,-1,7,0.7535875,True,high
6101,Aku merasa belajar itu nggak ada hasilnya. Apa yang salah?,hasil salah jalan tempat pengin paham ngejar nilai otak tuju kecil paham topik reward diri sendiri nonton serial favorit hasil,-1,7,0.7343788,True,medium
6103,"Aku merasa nggak bisa tenang, selalu khawatir. Apa yang bisa membantu?",tenang khawatir khawatir tubuh lelah psikologi akal perlu rawat jebak cemas dokumen jaga akal masuk hindar rusak teknik sederhana khawatir sisih khusus sisa perhati aktivitas rileks terus ganggu tahu picu,-1,7,0.7759836,True,high
6111,Aku takut lupa sama kenangan penting dalam hidupku. Apa yang bisa aku lakuin?,takut lupa kenang penting hidup lakuin kenang penting harga takut hilang ingat kerja simpan jejak jejak alam jejak pudar kenang jurnal simpan ingat ingat kabur bangkit momen,-1,0,0.7089089,True,medium
6114,Aku susah nginget nama orang baru. Ada tips nggak?,susah nginget nama tips lupa nama sekaligus otak butuh simpan ulang nama hati obrol senang budi otak cepat simpan nama,-1,7,0.6976867,True,medium
6116,Aku pengen bisa belajar lebih cepat. Gimana caranya?,cepat cepat semangat keren cepat trik sederhana ringkas kata kata sendiri temen diskusi materi otak simpan jangan lupa istirahat otak lelah,-1,7,0.78249073,True,high
6117,Kenapa aku lupa sama pelajaran padahal udah belajar keras?,lupa padahal udah tahu frustrasi udah lupa ingat simpan otak ulang materi porsi kecil sekaligus otak simpan kuat sabun sabun,-1,7,0.7662582,True,high
6118,Aku takut lupa sama orang-orang yang aku sayang. Apa yang bisa aku lakuin?,takut lupa sayang lakuin sayang dekat harga takut lupa kenang ingat pudar otak simpan momen bareng catat kecil kenang kuat hati,-1,0,0.8450824,True,high
6125,Kenapa ya aku gampang lupa nama orang yang baru ketemu?,gampang lupa nama nama ulang ulang nama hati nama obrol senang budi otak simpan sulit penuh santai jenak,-1,-1,0.6422154,False,rejected
6132,Aku merasa lambat nangkap pelajaran baru. Apa yang salah?,lambat nangkap salah salah cepat sendiri pecah materi kecil baca topik ringkas istirahat otak cerna konsisten,-1,7,0.81530595,True,high
6138,Aku suka notice gerakan di keramaian lebih cepat. Itu bikin aku susah fokus. Ada saran?,notice gera ramai cepat susah saran otak rancang peka gera penting susah diri meditasi singkat teknik kurang distraksi visual kerja,-1,7,0.7969959,True,high
6139,"Aku susah banget ngingat detail sesuatu, padahal aku merhatiin. Apa aku bermasalah?",susah ngingat detail padahal merhatiin perlu khawatir mampu ingat susah ingat detail stres kurang tidur catat penting ulang beberapa susah dekat profesional pola perlu perhati,-1,7,0.79575026,True,high
6140,"Kenapa ya aku gampang banget lupa nama orang, padahal baru ketemu?",gampang lupa nama padahal hehe alami nama lupa otak kesan pertama ketimbang detail nama trik ulang nama hati obrol senang budi otak simpan lama,-1,24,0.6785754,True,medium
6142,Kenapa ya aku lebih gampang ingat lagu ketimbang pelajaran?,gampang ingat ketimbang haha emang kuat spesial otak mudah ingat irama emosi kering catat hidup singkat lucu materi siapa tahu nempel,-1,7,0.80525815,True,high
6144,Kenapa ya aku gampang ingat hal yang bikin sedih ketimbang yang bikin senang?,gampang ingat sedih ketimbang senang otak cenderung nempel emosi kuat masuk sedih ingat berat luang catat momen momen bahagia otak ingat senang layak ingat senyum,-1,0,0.72554517,True,medium
6146,Kenapa aku sulit banget mengingat pelajaran yang baru aku baca?,sulit ingat baca otak butuh tepat simpan nyangkut materi arti kurang cocok ubah catat kata kata sendiri baca sekaligus,-1,24,0.7454057,True,medium
6148,Aku takut lupa hal-hal penting karena aku pernah lupa sesuatu yang besar. Apa yang bisa aku lakukan?,takut lupa penting lupa laku takut lupa nyaman sederhana ingat ponsel buku otak simpan sempurna alat ringan beban perhati cukup istirahat kurang tidur lupa takut kuat khawatir,-1,7,0.70583826,True,medium
6149,"Kenapa aku bisa ingat sesuatu dengan jelas, tapi kadang ingatannya berubah?",ingat jelas ingat ubah ingat simpan rekam detail ubah emosi alami ingat seru beberapa kenang penting segera contoh ingat ubah,-1,7,0.6877787,True,medium
6153,Aku takut lupa kenangan penting dalam hidupku. Apa yang bisa aku lakukan?,takut lupa kenang penting hidup laku takut kenang penting diri jaga kenang jurnal momen momen benda kecil ingat ingat simpan detail jaga paling arti kenang khusus takut lupa,-1,7,0.7014959,True,medium
6154,Aku kadang lupa nama orang yang baru aku kenal. Gimana caranya biar ingat?,lupa nama kenal ingat lupa nama ulang nama cakap senang budi nama ingat budi kopi otak mudah simpan susah catat lupa nama sekal,-1,-1,0.5438433,False,rejected
6158,"Kenapa sih aku gampang lupa sama hal-hal kecil, tapi hal yang bikin emosi malah susah dilupain?",gampang lupa kecil emosi malah susah dilupain otak cenderung gampang simpan memori emosi kuat marah sedih kecil terlalu kesan cepat lupa ingat kecil emosi susah dilupain temen terlalu beban,-1,7,0.8081378,True,high
6159,Aku suka bingung kalau disuruh ngingat banyak hal sekaligus. Ada tips nggak biar nggak kewalahan?,suruh ngingat sekaligus tips kewalahan overwhelming ingat pecah pecah kecil ulang topik ringkas lanjut topik jangan lupa istirahat otak butuh nyerna kewalahan teknik asosiasi info udah tahu,-1,7,0.7825563,True,high
6162,Aku takut lupa sama pelajaran penting pas ujian. Gimana caranya biar nggak blank?,takut lupa penting blank takut blank lupa ulang ulang materi rutin jangan baca ringkas ajarin temen sendiri otak ingat blank ingat pelan pelan balik jangan lupa tidur cukup penting,-1,7,0.7762339,True,high
6166,Aku pengen belajar lebih efektif. Apa sih rahasia belajar yang bikin cepat ngerti?,efektif rahasia cepat rahasia instan efektif pertama pecah materi kecil overwheliming ulang ulang variatif catat kuis temen istirahat tidur cukup otak nyerna tidur akhir koneksi materi personal gampang ingat,-1,7,0.7083976,True,medium
6171,Aku pengen hafal banyak hal dalam waktu singkat. Apa yang harus aku lakuin?,hafal singkat lakuin hafal singkat sulit bukan pertama pecah materi kecil teknik asosiasi info ulang ulang interval esok jangan lupa tidur tidur otak simpan memori jangan terlalu ngoyo otak istirahat,-1,7,0.7965866,True,high
6176,Aku sering lupa sama pelajaran yang udah aku pelajari. Gimana biar inget terus?,lupa udah inget terus lupa otak perlu diingetin ulang ulang materi ringkas ajarin temen rutin sebentar nempel cukup tidur tidur save button otak lupa pola,-1,7,0.85737133,True,high
6181,"Aku merasa susah belajar hal baru, kayak otakku lambat. Apa aku kurang usaha, atau ada cara lain?",susah otak lambat kurang usaha susah arti kurang usaha cepat pecah materi kecil seru nonton diagram susah butuh istirahat suasana lambat pikirin solusi,-1,28,0.7886876,True,high
6182,"Aku pengen lebih disiplin, tapi selalu balik ke kebiasaan lama. Gimana caranya biar bisa berubah?",disiplin balik lama ubah balik lama otak udah familiar disiplin kecil resin tempat tidur pagi lakuin konsisten catat progress motivasi balik tahu picu terlalu capek ubah susun,-1,2,0.75427616,True,high
6186,"Aku cemas mikirin kesehatan, takut sakit parah. Gimana caranya biar pikiranku lebih kuat?",cemas mikirin sehat takut sakit parah kuat khawatir sehat lelah benteng fakta sehat jaga diri syukur tubuh keluarga kecil makan sehat olahraga ringan tenang kuat jalan kaki sore,-1,-1,0.6291362,False,rejected
6187,"Aku takut sakit parah, rasanya pasti kena penyakit. Gimana caranya biar nggak cemas terus?",takut sakit parah kena sakit cemas terus takut sakit tenang bukti sakit sehat jalan makan enak kecil makan tidur cukup cemas bayangin tempat tenang temen tambah porsi,-1,10,0.724933,True,medium
6190,"Aku takut banget sakit, padahal udah jaga kesehatan. Gimana caranya biar nggak khawatir berlebihan?",takut sakit padahal udah jaga sehat khawatir takut sakit udah usaha jaga sehat lakuin makan sehat tidur cukup olahraga ringan syukur tubuh mata sehat kaki kuat khawatir muncul lakuin luangin rileks meditasi udah lanjutin,-1,19,0.7182079,True,medium
6191,Aku takut banget kena penyakit meski udah hidup sehat. Gimana caranya biar nggak cemas terus?,takut kena sakit udah hidup sehat cemas terus takut sakit udah usaha sehat lakuin makan gizi olahraga ringan tidur cukup syukur tubuh kaki kuat tangan lincah cemas muncul udah lakuin luangin rileks meditasi lanjutin gaya hidup sehat,-1,19,0.74965155,True,medium
6192,"Aku takut banget sakit, bikin cemas tiap hari. Gimana caranya biar nggak khawatir berlebihan?",takut sakit cemas khawatir takut sakit tahu syukur tubuh mata kaki laku makan sehat olahraga ringan tidur cukup ingat sehat sepenuh tangan usaha harga luangin tenang meditasi sehat,-1,19,0.7791126,True,high
6194,Aku merasa nggak bisa ngontrol hidupku karena aku selalu kekurangan. Gimana caranya biar nggak gitu?,ngontrol hidup kurang berat hidup luar kendali kecil kontrol respons stres rencana sederhana kecil atur,-1,0,0.68874323,True,medium
6196,"Kesehatanku lagi nggak baik, dan aku takut nggak bisa ngapa-ngapain lagi. Gimana caranya biar aku nggak stres?",sehat takut stres sehat berat takut laku kecil pikirin aktivitas ringan khawatir sehat,-1,12,0.767012,True,high
6198,Aku merasa nggak bisa ngapa-ngapain karena badanku sakit-sakitan. Apa aku cuma harus terima aja?,badan sakit sakit terima sakit emang frustrasi stuck jangan buru buru nyerah dokter pastiin badan sederhana jaga sehat makan atur udah badan enak,-1,3,0.67963505,True,medium
6202,Aku suka ngelakuin hal yang sama berulang-ulang biar tenang. Apa ini aneh?,ngelakuin ulang ulang tenang aneh ngelakuin ulang ulang tenang tubuh ngatasin stres sampe ngerepotin susah henti aneh perlu perhati konselor dapet nyaman tenang,-1,0,0.79431164,True,high
6205,"Aku sering banget kepikiran hal-hal buruk, kayak nggak bisa berhenti. Apa ini cuma aku aja?",henti sendiri putar putar alami utama stres cemas pola negatif otak stuck aktivitas susah profesional,-1,7,0.75163144,True,high
6209,Kenapa aku selalu takut kalau rasa sakitku bakal tambah parah? Aku jadi menghindari banyak aktivitas.,takut sakit tambah parah hindar aktivitas takut sakit hidup ganggu hindar aktivitas lemah isolasi kecil jalan jalan ringan teman nyaman,-1,10,0.6838083,True,medium
6210,Kadang aku merasa semua ini cuma ada di kepalaku. Apa iya sakitku nggak nyata?,kepala sakit nyata sakit nyata bukan kepala tubuh saling stres emosi kuat sakit dengerin bareng,-1,-1,0.61363333,False,rejected
6211,"Aku pengen aktif lagi, tapi takut sakitku kambuh. Apa yang harus aku lakukan?",takut sakit kambuh laku aktivitas ringan jalan kaki sebentar atur ritme beban tubuh rencana,-1,10,0.697665,True,medium
6213,Aku merasa stres banget akhir-akhir ini karena sakit yang nggak kunjung sembuh. Apa yang bisa aku lakukan?,stres akhir akhir sakit kunjung sembuh laku tahu berat tubuh terus enak diafragma tenang tubuh perlahan lewat hidung lama detik perut kembang hembus perlahan lewat mulut lama detik laku pagi ingat,-1,20,0.7097564,True,medium
6214,"Aku pengen aktif lagi, tapi takut sakitku tambah parah. Apa yang harus aku lakukan?",takut sakit tambah parah laku takut hindar aktivitas makin lemah malah nambah sakit tuju kecil jalan kaki sekali minggu khawatir konsultasi dokter aktivitas tuju kecil minggu,-1,3,0.6721786,True,medium
6215,"Aku coba jalan kaki, tapi malah capek dan sakit. Apa aku harus berhenti?",jalan kaki malah capek sakit henti capek sakit jalan perlu atur ulang bukan henti kurang durasi jalan tempat datar catat sakit pola sakit parah dokter atur ulang tuju,-1,-1,0.5277803,False,rejected
6217,Aku suka overthinking soal nyeri yang aku rasain. Gimana caranya berhenti berpikir negatif?,overthinking nyeri rasain henti negatif overthinking putar putar perhati negatif diri sendiri bukti sudut pandang nyeri sembuh sedang kelola nyeri,-1,9,0.7065413,True,medium
6219,Kadang aku ngerasa nyeriku hukuman karena aku salah apa. Gimana ngatasin pikiran ini?,ngerasa nyeri hukum salah ngatasin sedih nyeri bukan hukum kondisi kelola bukti nyeri tubuh bukan salah detail,-1,-1,0.6174086,False,rejected
6220,Aku takut nyeri ini bikin aku nggak bisa kerja lagi. Gimana caranya tetap tenang?,takut nyeri kerja tetap tenang takut hilang mampu kerja laku atur aktivitas beban tubuh meditasi singkat tenang kerja khawatir,-1,19,0.7900926,True,high
6222,Aku ngerasa nggak ada yang ngerti nyeriku. Kamu ngerti nggak?,ngerasa nyeri dengerin tahu nyeri sendiri persis alami peduli nyeri paling kesal,-1,-1,0.60545784,False,rejected
6225,Saya ingin mencoba aromaterapi untuk mengurangi stres. Aman nggak sebenernya?,aromaterapi kurang stres sebenernya aromaterapi jangka pendek dewasa hati hati jangan jangan kena mata jangan langsung kulit encer hindar anak kecil hamil alergi sedang jalan awat medis konsultasi,-1,-1,0.5102714,False,rejected
6226,Saya sering merasa cemas dan ingin mengandalkan minyak esensial saja. Cukup kah itu?,cemas andal minyak esensial cukup aromaterapi gejala ringan lengkap tangan profesional bila cemas berat terus ganggu fungsi hidup gejala parah panjang penting tenaga sehat mental,-1,-1,0.5858628,False,rejected
6227,Dokter bilang kolesterol saya agak tinggi. Saya khawatir itu memengaruhi otak. Benarkah?,dokter kolesterol tinggi khawatir pengaruh otak kadar kolesterol tinggi kait risiko stroke ganggu kognitif penting periksa profil lipoprotein lengkap bukan kolesterol total tahu bekerjasamalah dokter sesuai liput ubah gaya hidup obat perlu,-1,-1,0.5834713,False,rejected
6229,Saya sering merasa 'harus melakukan sesuatu' walau sebenarnya tidak perlu. Bagaimana hentikan rasa itu?,laku perlu henti sensasi respons kortisol otak ancam butuh mindfulness singkat periksa nyata ancam nyata turun dorong teknik relaksasi efektif kurang tegang fisik iring,-1,19,0.71721756,True,medium
6235,Aku kerja shift malam dan sering merasakan gatal di tenggorokan. Apakah karena bosan atau memang sakit?,kerja shift gatal tenggorok bosan sakit bosan tingkat waspada hadap sensasi tubuh kerja kering cukup laku regang gatal hilang libur faktor situasi tahan timbang medis,-1,2,0.68981755,True,medium
6237,"Ayahku dulu kena serangan jantung diawali rasa panas di dada. Sekarang setiap dada terasa sesak sedikit, aku takut hal yang sama.",ayah kena serang jantung awal panas dada dada sesak takut khawatir valid ingat alam keluarga bijak laku medical check kala masuk kolesterol terap pola hidup sehat data objektif takut yakin laku cegah,-1,-1,0.5553807,False,rejected
6238,Menjelang menstruasi aku jadi sangat mudah sakit. Bagaimana menguranginya?,jelang menstruasi mudah sakit kurang teknik mindfulness sensasi label perhati giat tenang stretching ringan mandi hangat ekspektasi negatif kurang intensitas keluh turun,-1,20,0.68090653,True,medium
6240,"Sering sakit perut tapi aku pikir cuma masuk angin, ternyata maag. Bagaimana menilai gejala lebih cepat?",sakit perut masuk angin nyata maag nilai gejala cepat atur gejala tetap makin berat segera periksa catat intensitas nyeri skala ulang patut evaluasi profesional,-1,-1,0.6029419,False,rejected
6241,Kenapa sulit menerapkan saran 'hindari stres' dibanding minum obat?,sulit terap saran hindar stres banding obat hindar stres butuh ubah manfaat instan pecah target pilih picu stres ubah minggu contoh setel mode jangan ganggu ponsel tidur raya hasil kecil otak motivasi,-1,2,0.6892647,True,medium
6267,Bolehkah saya bercanda soal penyakit saya sendiri?,canda sakit sendiri ringan nyaman sila salah paham tolak serius,-1,-1,0.6372573,False,rejected
6271,"Saya khawatir stres saya bikin jantungan. Bagaimana stres bisa memengaruhi jantung, dan apa yang bisa saya lakukan?",khawatir stres jantung stres pengaruh jantung laku peduli sehat luar stres jantung kerja picu hormon adrenalin ningkatin tekan darah detak jantung lama lama nyakitin jantung tenang lindung jantung relaksasi yoga ketawa sayang jalan kaki bagus stres favorit rileks,-1,25,0.74670774,True,medium
6273,"Saya takut kena stroke karena stres saya tinggi. Bagaimana stres bisa memicu stroke, dan apa yang bisa saya lakukan untuk mencegahnya?",takut kena stroke stres tinggi stres picu stroke laku cegah tahu khawatir berat peduli sehat stres ningkatin risiko stroke tekan darah naik buluh darah tegang ganggu alir darah otak kabar kurang risiko laku relaksasi dengar musik tenang olahraga ringan makan sehat super stres aktivitas damai,-1,25,0.66178936,True,medium
6274,"Saya sering sakit kalau lagi stres. Bagaimana stres bisa bikin saya gampang sakit, dan apa yang bisa saya lakukan?",sakit stres stres gampang sakit laku peka tubuh keren stres melemahin kebal hormon stres kortisol tubuh susah lawan kuman stres gampang lelah kurang stres tidur cukup makan sehat laku bahagia nonton film lucu temen stres jaga imun,-1,-1,0.63185436,False,rejected
6275,"Saya punya artritis, dan nyeri bikin saya mudah marah. Bagaimana nyeri kronis memengaruhi kesehatan mental, dan apa yang bisa saya lakukan?",artritis nyeri mudah marah nyeri kronis pengaruh sehat mental laku tahu nyeri kronis frustrasi tetap juang nyeri artritis mudah marah sedih tubuh terus teriak capek mental teknik relaksasi yoga ringan kurang tegang dokter manajemen nyeri aktivitas bahagia baca buku temen,-1,20,0.7966846,True,high
6276,"Saya punya riwayat keluarga dengan penyakit jantung, dan itu bikin saya takut. Bagaimana saya bisa mencegahnya?",riwayat keluarga sakit jantung takut cegah peduli sehat riwayat keluarga ningkatin risiko sakit jantung laku jaga diri makan sehat kurang makan minyak tambah olahraga ringan jalan cepat jantung kuat kelola stres temen sehat rutin dokter khawatir minggu,-1,-1,0.63875467,False,rejected
6277,"Saya ingin mencegah masalah kesehatan, tapi nggak yakin caranya. Bagaimana pencegahan penyakit bisa bantu kesehatan mental saya?",cegah sehat yakin cegah sakit sehat mental keren mikirin cegah tameng tubuh cegah sakit olahraga makan sehat cukup tidur jaga sehat mental tubuh kuat jernih jalan santai mood naik tidur cukup gampang cemas kecil tidur jaga sehat kapan,-1,2,0.74684256,True,medium
6280,"Saya sering merasa down setelah sakit. Bagaimana infeksi bisa bikin saya nggak mood, dan apa yang bisa saya lakukan?",down sakit infeksi mood laku peka tubuh kuat infeksi adang tubuh ganggu otak sedih lelah imun kerja istirahat cukup makan makan gizi aktivitas ringan jalan santai temen angkat mood down sakit naikin semangat,-1,-1,0.62929696,False,rejected
6284,"Saya dengar stres bisa bikin masalah ginjal. Bagaimana ini terjadi, dan apa yang bisa saya lakukan untuk jaga ginjal saya?",dengar stres ginjal laku jaga ginjal peduli sehat ginjal keren stres ningkatin tekan darah lama lama nyakitin ginjal buluh darah rusak jaga ginjal kurang stres jalan santai meditasi cukup makan makan rendah garam tekan darah rutin penting stres sehat lindung ginjal,-1,-1,0.6062752,False,rejected
6289,"Saya minum sedikit untuk rileks, tapi khawatir itu buruk, dan bikin cemas. Bagaimana konsumsi ringan memengaruhi kesehatan mental, dan apa yang bisa saya lakukan?",rileks khawatir cemas konsumsi ringan pengaruh sehat mental laku tahu khawatir nyata peduli sehat ringan rileks cemas evaluasi alkohol ganggu sehat mental aktivitas rileks meditasi jalan sore manfaat henti tidur nyenyak mocktail sehat cemas,-1,8,0.7991952,True,high
6294,"Saya merasa capek di kerja tapi nggak tahu kenapa, dan itu bikin cemas. Bagaimana stresor objektif memengaruhi saya, dan apa yang bisa saya lakukan?",capek kerja tahu cemas stresor objektif pengaruh laku tahu capek alas cemas paham stresor objektif kerja numpuk tubuh stres ganggu sehat mental catat capek kerja lama laku relaksasi jalan istirahat tanyain kurang beban jaga energi tips manajemen stres kerja capek,-1,31,0.74006456,True,medium
6295,"Saya merasa cemas dan jantungan kencang saat tekanan kerja, bikin takut. Bagaimana stres akut memengaruhi saya, dan apa yang bisa saya lakukan?",cemas jantung kencang tekan kerja takut stres akut pengaruh laku tahu tekan kerja takut stres akut deadline tekan darah cemas naik tubuh masuk mode lawan lari ganggu sehat mental teknik tekan detik tahan keluar sisih jalan santai istirahat tenang bawah tekan relaksasi kerja cemas kerja koping,-1,10,0.72556317,True,medium
6296,"Saya sering sakit saat stres, dan itu bikin depresi. Bagaimana stres bikin saya sakit, dan apa yang bisa saya lakukan?",sakit stres depresi stres sakit laku paham sakit stres depresi solusi stres lemah imun gampang sakit kena virus ganggu sehat mental tingkatin imun makan kaya vitamin tidur cukup laku meditasi pagi kurang stres senyum jaga tubuh tips tingkat imun stres,-1,-1,0.64489555,False,rejected
6297,"Saya merasa kelelahan karena kerjaan numpuk, dan itu bikin cemas. Bagaimana stres kerja memengaruhi saya, dan apa yang bisa saya lakukan?",lelah kerja numpuk cemas stres kerja pengaruh laku tahu lelah kerja cemas stres kerja beban tubuh tegang tingkatin risiko jantung ganggu sehat mental atur prioritas tugas istirahat tanyain kurang beban positif kerja atur stres tips manajemen stres kerja lelah,-1,31,0.6981151,True,medium
6299,"Saya punya artritis, nyeri terus, dan merasa depresi. Mengapa nyeri bikin depresi, dan apa yang bisa saya lakukan?",artritis nyeri terus depresi nyeri depresi laku tahu nyeri artritis berat kuat depresi nyeri disabilitas depresi batas hidup daya ganggu sehat mental laku regang ringan kurang nyeri nikmat dokter terapi nyeri hadap nyeri grup dukung artritis depresi koping,-1,20,0.6753067,True,medium
6300,"Saya nggak bisa kerja seperti dulu karena stroke, bikin merasa gagal. Bagaimana ini memengaruhi saya, dan apa yang bisa saya lakukan?",kerja stroke gagal pengaruh laku tahu gagal berat bangkit stroke ancam harga diri kerja identitas ganggu sehat mental sesuai mampu baca buku capai kecil konselor kerja makna grup dukung stroke gagal aktivitas,-1,-1,0.57906926,False,rejected
6301,"Saya merasa kewalahan atasi artritis karena masalahnya beda-beda, bikin depresi. Bagaimana fleksibilitas membantu, dan apa yang bisa saya lakukan?",kewalahan artritis depresi fleksibilitas laku paham kewalahan berat kuat solusi fleksibilitas koping artritis agam nyeri batas kurang depresi sehat mental koping meditasi nyeri jalan ringan kaku koping yoga konselor fleksibel grup artritis berat koping,-1,20,0.66582894,True,medium
6302,"Saya susah gerak karena stroke, bikin stres. Bagaimana rehabilitasi fisik membantu kesehatan mental, dan apa yang bisa saya lakukan?",susah gerak stroke stres rehabilitasi fisik sehat mental laku tahu susah gerak stres maju rehabilitasi fisik tubuh atur energi naikin percaya diri kurang stres sehat mental sesi fisioterapi laku ringan regang maju kecil angkat tangan tinggi kuat fisioterapi stroke stres,-1,25,0.76123846,True,high
6303,"Saya nggak nyaman intim karena penyakit jantung, bikin depresi. Bagaimana ini memengaruhi saya, dan apa yang bisa saya lakukan?",nyaman intim sakit jantung depresi pengaruh laku paham ketidaknyamanan depresi sendiri sakit jantung ganggu intimasi takut kurang hasrat ningkatin depresi ganggu sehat mental jujur pasang konsultasi dokter aktivitas seksual laku relaksasi meditasi kurang cemas positif intim info intimasi jantung nyaman,-1,19,0.708369,True,medium
6304,"Saya merasa temen menjauh karena stroke saya, bikin cemas. Bagaimana ini memengaruhi saya, dan apa yang bisa saya lakukan?",temen jauh stroke cemas pengaruh laku tahu tinggal cemas sendiri tari diri tolak temen stroke ningkatin cemas isolasi ganggu sehat mental temen dekat jujur grup dukung stroke peduli laku meditasi pagi layak temen forum stroke cemas,-1,19,0.71266013,True,medium
6305,"Saya ngurus ibu yang stroke, tapi merasa depresi, bikin lelah. Bagaimana ini memengaruhi saya, dan apa yang bisa saya lakukan?",ngurus stroke depresi lelah pengaruh laku tahu ngurus berat luar peduli asuh stroke depresi beban emosi fisik ganggu sehat mental fisik sisih relaksasi yoga denger musik grup dukung asuh stroke bangga asuh layak jaga diri relaksasi asuh depresi koping,-1,19,0.6869024,True,medium
6306,"Saya merasa lelah dan depresi karena multiple sclerosis, bikin down. Bagaimana CBT membantu, dan apa yang bisa saya lakukan?",lelah depresi multiple sclerosis down laku paham lelah depresi down ubah ubah negatif lelah multiple sclerosis naikin mood sehat mental konselor sesi telepon positif istirahat cukup laku relaksasi pagi semangat multiple sclerosis lelah koping,-1,-1,0.5808739,False,rejected
6308,"Saya merasa kewalahan dengan artritis, bikin depresi. Bagaimana MBSR membantu, dan apa yang bisa saya lakukan?",kewalahan artritis depresi mbsr laku paham kewalahan depresi kuat ubah mbsr ajarin terima artritis stres kurang depresi naikin sehat mental meditasi pagi lepas meditasi hadap artritis mbsr artritis kewalahan sisih mbsr,-1,20,0.72194326,True,medium
6309,"Saya sering merasa kesehatan saya di luar kendali. Bagaimana rasa kendali bisa bantu kesehatan mental saya, dan apa yang bisa saya lakukan?",sehat luar kendali kendali sehat mental laku enak sehat luar kendali tahu kendali sehat semangat jaga pola makan olahraga tenang percaya diri pegang kemudi hidup sendiri tindak kecil pilih tidur awal catat progres kendali kendali kecil,-1,25,0.7468842,True,medium
6313,"Saya nggak sadar kenapa susah ubah kebiasaan, dan itu bikin cemas. Bagaimana otak memengaruhi ini, dan apa yang bisa saya lakukan?",susah ubah cemas otak pengaruh laku tahu cemas susah ubah berat sendiri otak kerja luar otomatis stres ubah susah arti otak sehat mental sehat otomatis taruh botol meja laku relaksasi meditasi kurang cemas ubah picu kecil,-1,7,0.796873,True,high
6314,Aku sering cemas tanpa alasan jelas. Apa yang bisa aku coba?,cemas alas jelas cemas datang reaksi tubuh stres numpuk lari sendiri detik tahan detik keluar pelan detik ulang badan tenang perhati cemas muncul psikolog tahu akar,-1,10,0.7685133,True,high
6315,"Aku merasa nggak punya kendali atas hidupku, apa yang bisa aku ubah?",kendali hidup ubah kendali lelah kuat ubah kecil ubah aspek hidup atur pagi respons stres situ kendali kendali dengerin,-1,-1,0.6372825,False,rejected
6320,"Aku takut banget kalau tiba-tiba sakit, apa yang bisa kulakukan?",takut sakit laku khawatir sehat kendali laku sehat kendali makan gizi tidur cukup khawatir terlalu ganggu luang relaksasi meditasi singkat teman ingat sakit kuat hadap,-1,20,0.7636705,True,high
6321,"Aku sering khawatir soal kesehatan, gimana caranya biar nggak cemas terus?",khawatir sehat cemas terus khawatir sehat manusiawi kendali sehat laku cukup jalan kaki cemas perhati aktivitas senang nonton film favorit teman rileks,-1,12,0.7062344,True,medium
6322,Saya merasa harus mengontrol situasi agar aman. Bagaimana cara rileks?,kontrol situasi rileks kontrol capek karen horney butuh neurotik kendali muncul cemas rileks lepas kendali kecil pilih restoran makan teknik lama tenang situasi serah kontrol,-1,-1,0.63754284,False,rejected
6383,"Aku suka minum sama pasangan, tapi dia nggak suka. Gimana caranya biar dia nggak kesel?",pasang kesel pasang rumit tahu khawatir dengar kompromi alkohol aktivitas bareng masak nonton kesel konselor bareng susun ngobrolnya,-1,-1,0.5580508,False,rejected
6392,"Aku merasa pasangan aku ngatur-ngatur soal minumku. Aku kesel, tapi dia bilang cuma peduli. Gimana sih?",pasang ngatur ngatur kesel peduli enak atur peduli nyaman tahu peduli butuh ngomongin kontrol nemenin giat libat alkohol santai,-1,30,0.654685,True,medium
6429,Bisakah selective inattention digunakan positif?,selective inattention positif abai komentar negatif anonim kunci pilih bukan reflek tekan emosi penting,-1,-1,0.61604935,False,rejected
6431,"Aku cemas tiap buka medsos, takut nggak sekeren orang lain. Gimana caranya biar nggak insecure?",cemas medsos takut keren insecure medsos emang overthinking cemas henti scroll fakta bukan cermin hidup bangga rangin aktivitas jalan kaki baca buku udah cukup keren post autentik likes,-1,18,0.6523051,True,medium
6438,Aku insecure lihat postingan liburan temen di medsos. Rasanya hidupku nggak seru. Gimana caranya biar nggak iri?,insecure postingan libur temen medsos hidup seru postingan libur emang ingat medsos nunjukin highlight bukan hidup beneran seru hidup momen kecil keluarga rangin scroll aktivitas happy masak jalan kaki hidup kalah rencanain giat seru,-1,18,0.7296612,True,medium
6440,"Aku cemas tiap buka medsos, takut nggak sekeren orang lain. Gimana caranya biar nggak insecure?",cemas medsos takut keren insecure medsos emang overthinking cemas henti scroll hitung puluh tanyain fakta bukan cermin hidup bangga rangin aktivitas jalan kaki baca buku udah cukup keren post autentik likes,-1,0,0.66664636,True,medium
6441,"Aku insecure lihat postingan temen yang sukses, rasanya aku gagal. Gimana caranya biar nggak iri?",insecure postingan temen sukses gagal postingan sukses temen inget medsos nunjukin sisi bagus bukan penuh seru hidup capai kecil keluarga rangin scroll aktivitas happy olahraga masak hidup kalah harga rencanain giat seru,-1,0,0.66102135,True,medium
6442,Saya merasa media sosial bikin saya minder. Bagaimana cara pilih pengaruh yang baik?,media sosial minder pilih pengaruh media sosial kurang atur pengaruh albert bandura modeling simbolik media pengaruh perilaku inspiratif motivator seniman kurang minder semangat pengaruh positif media,-1,-1,0.6133077,False,rejected
6443,Teman dewasa suka berpura‑pura sukses di media sosial. Dampaknya?,teman dewasa pura pura sukses media sosial dampak tambah stres abur identitas dorong jujur terima diri relasi autentik,-1,-1,0.56601465,False,rejected
6444,Temanku terjebak kelompok ekstrem online. Cara membantunya?,teman jebak kelompok ekstrem diskusi serang tawar sumber agam dengar khawatir suportif pintu ragu sehat,-1,18,0.6702245,True,medium
6447,Aku takut banget sama diskriminasi yang makin banyak di berita. Rasanya nggak bisa ngapa-ngapain. Ada saran?,takut diskriminasi makin berita saran tahu berita diskriminasi takut helpless sendiri kontrol dukung temen harga agam rangin berita negatif baca luangin tenang baca buku jalan keluarga giat sosial kecil kecil daya,-1,0,0.6642903,True,medium
6450,Aku takut bikin konten di medsos karena takut dikritik. Gimana caranya biar lebih berani share?,takut konten medsos takut kritik berani takut kritik medsos tahu kontrol konten autentik sesuai nilai diri alas inspirasi ekspresi diri ingat kritik opini bukan fakta diri konten kecil quote simpel harga post minggu,-1,-1,0.6471787,False,rejected
6451,Aku takut bikin video di medsos karena takut dihujat. Gimana caranya biar lebih pede share konten?,takut medsos takut hujat pede konten takut hujat medsos tahu kontrol sesuai passion simpel alas konten inspirasi ekspresi diri ingat hujat opini bukan fakta diri rangin komentar luangin keren kecil minggu,-1,18,0.6997712,True,medium
6453,Aku takut dikira cupu kalau nggak punya followers banyak. Gimana caranya biar nggak peduli omongan orang?,takut cupu followers peduli omong tahu tekan followers stres bangga diri laku konten autentik nikmat ingat followers nentuin nilai diri rangin medsos luangin happy jalan jalan udah keren diri sendiri,-1,-1,0.58912754,False,rejected
6456,Saya takut ikut campur saat lihat ketidakadilan karena nggak mau bikin masalah. Bagaimana cara berani speak up?,takut campur ketidakadilan berani speak tahu speak diri tengah badai degan bayang zalim pengin kecil komen sopan media sosial ketidakadilan lapor diskriminasi ingat berani salah kebaji stoisisme ketidakadilan ragu berani lang,-1,0,0.65420663,True,medium
6457,Apa itu konsep warga dunia dan mengapa itu penting untuk menghindari diskriminasi?,konsep warga penting hindar diskriminasi konsep warga nyata manusia asal nenek moyang rupa global penting ingat fisik kulit adaptasi bukan alas diskriminasi saudara adil harmonis,-1,-1,0.4055908,False,rejected
6458,Saya merasa masalah diskriminasi terlalu besar untuk diatasi. Apa yang bisa saya lakukan sebagai individu?,diskriminasi terlalu laku individu paham diskriminasi gunung kecil kecil ubah dengar komentar diskriminatif sopan turut perlu bedain dukung giat promosi agam aksi batu kecil longsor ubah adil,-1,-1,0.57142746,False,rejected
6459,Saya takut dikucilkan kalau bela orang yang dizalimi. Bagaimana cara tetap berani?,takut kucil bela zalim tetap berani tahu takut kucil diri sendiri tengah ramai ngeri stoisisme berani kebaji puisi niemoller ingat diam korban postingan adil medsos dukung organisasi bela zalim siap tegur laku zalim sopan takut bela berani takut,-1,0,0.6713057,True,medium
6460,"Saya kesal lihat temen share konten kebencian di medsos, tapi takut konflik kalau negur. Apa yang harus saya lakukan?",kesal temen konten benci medsos takut konflik negur laku tahu konten benci hati panas takut konflik ragu stoisisme berani penting tegur elegan turut konten sakit positif lapor konten anonim bayang tegur nyalain lilin gelap konten kesal tangan drama,-1,-1,0.59058917,False,rejected
6461,"Saya kesal lihat keluarga share konten diskriminatif, tapi takut negur bikin hubungan renggang. Apa yang harus saya lakukan?",kesal keluarga konten diskriminatif takut negur renggang laku tahu negur keluarga jalan tali tipis degan stoisisme berani kunci dekat lembut konten sakit hati senyum diskusi santai turut efek konten mikir serang konten kesal negur elegan,-1,-1,0.6102859,False,rejected
6463,Saya merasa nggak punya pengaruh buat ubah dunia yang penuh diskriminasi. Apa yang bisa saya lakukan?,pengaruh ubah penuh diskriminasi laku tahu diskriminasi awan gelap stoisisme bareng bareng kuat dengar lelucon diskriminatif lucu dukung acara rayain agam kecil nyala lampu gelap daya ubah kecil,-1,-1,0.45528013,False,rejected
6464,"Saya kesal lihat grup chat temen penuh konten rasis, tapi takut negur bikin dikucilkan. Apa yang harus saya lakukan?",kesal grup chat temen penuh konten takut negur kucil laku tahu konten grup chat hati nyaman takut kucil ragu stoisisme berani kebaji negur halus guys konten nyakitin positif keluar grup terlalu toxic inklusif kesal grup negur takut,-1,18,0.6603024,True,medium
6466,"Aku mau ngomong sama temenku yang lagi down, tapi takut salah ngomong. Gimana caranya menyampaikan pesan yang bikin dia semangat?",ngomong temenku down takut salah ngomong pesan semangat keren nyemangatin temen pesan kena empati tahu dengerin tambah kata kata positif kuat lewat yakin pilih hangat tulus dukung temenmu susun kata kata,-1,0,0.76483977,True,high
6469,Apa yang dimaksud dengan massa di media sosial menurut psikologi komunikasi?,massa media sosial turut psikologi komunikasi massa media sosial kerumun virtual penuh energi kelompok kenal peduli tuju dukung prita komen pedas artis super antusias gampang pancing impulsif bahkan heroik galang dana susah media sosial panggung emosi aksi kolektif,-1,-1,0.5863846,False,rejected
6472,Aku merasa hidupku stuck dan nggak punya tujuan. Gimana caranya media sosial bisa bantu aku nemuin makna hidup?,hidup stuck tuju media sosial nemuin makna hidup stuck berat yakin potensi perlu sulut media sosial jembatan nemuin makna nyambung seni musik volunteer kecil karya kecil komen postingan amal giat sosial webinar galang dana hati hangat stuck nyalain semangat medsos,-1,-1,0.60879177,False,rejected
6476,Aku merasa nggak berguna dan pengen bikin sesuatu yang berarti di medsos. Apa yang bisa aku mulai?,arti medsos berat cerah medsos tempat nyalain makna hidup pendek posting kreatif gabung grup amal campaign posting bawa kain giat kecil arti down jejak positif medsos,-1,-1,0.5632503,False,rejected
6477,"Aku pengen gabung komunitas medsos yang bikin aku merasa hidup, tapi bingung pilih yang mana. Gimana caranya nemu yang pas?",gabung medsos hidup pilih nemu hati nemuin favorit seru pikirin excited buku fotografi sehat mental grup medsos kata kunci cinta buku indonesia mental health support baca postingan vibe hangat komen gabung seru kecil diskusi passion saran,-1,-1,0.5850531,False,rejected
6478,"Aku pengen bikin kampanye kesehatan mental di medsos, tapi takut nggak dilupain. Gimana caranya biar pesannya nempel?",kampanye sehat mental medsos takut dilupain pesan nempel kampanye sehat mental misi mulia dukung penuh pesan nempel konten ngerasa connect down lega fakta simpel meditasi otak tenang tambahin visual infografis ceria aksi momen bahagia komen konsisten posting balas interaksi ingat trik kampanye ngena,-1,19,0.74214965,True,medium
6480,"Aku pengen bikin konten medsos yang bikin orang merasa didukung, terutama yang lagi down. Apa ide yang bisa aku coba?",konten medsos dukung utama down misi dukung peluk virtual super mulia konten hangat posting kutip sendiri pribadi down bangkit lewat musik interaksi kuat cerah emoji positif vibe naik tips simpel meditasi audiens dukung konten,-1,-1,0.5631359,False,rejected
6481,"Aku takut bikin postingan soal kesehatan mental karena takut dicela, tapi pengen bantu orang lain. Gimana caranya biar aku berani?",takut postingan sehat mental takut cela berani lewat postingan sehat mental niat mulia dukung takut cela konten netral suportif meditasi tips self care post grup positif sehat mental responnya hangat cela balas tenang makasih masuk dukung postinganmu pede,-1,19,0.7088779,True,medium
6482,Aku takut posting pendapat di medsos karena takut dikira salah. Gimana caranya biar aku berani speak up?,takut posting medsos takut salah berani speak takut posting panggung takut fals medsos emang panggung grup kecil suportif ringan gaya sopan pandang denger kritik balas tenang makasih masuk susun pede,-1,18,0.7015763,True,medium
6483,"Aku sering debat di medsos, tapi susah capai sepakat. Gimana caranya biar diskusi lebih produktif?",debat medsos susah capai sepakat diskusi produktif debat medsos main catur butuh strategi bolak balik produktif penuh prinsip diskusi sehat jujur tuju pandang argumen jelas fakta data dengar lawan bicara nyambung panas sepakat titik tengah tuju debat pusing diskusi,-1,-1,0.49796826,False,rejected
6484,"Aku pengen bikin kampanye kesehatan mental di medsos, tapi takut nggak dilupain. Gimana caranya biar pesannya ngena?",kampanye sehat mental medsos takut dilupain pesan ngena kampanye sehat mental misi super keren nyentuh hati ngena konten connect down meditasi visual ceria infografis fakta ringan jalan kaki mood naik aksi simpel tips self care konsisten posting balas komen rame kampanye susun strategi bareng,-1,19,0.6696537,True,medium
6487,"Aku sering ngerasa nggak nyambung sama orang di forum medsos, kayak beda dunia. Gimana caranya biar aku lebih connect?",ngerasa nyambung forum medsos connect nyambung forum main musik kunci interaksi sosial medsos emang tricky titik topik dengar relate jaga ramah diskusi ringan nyaman susah forum sesuai vibe forum bareng,-1,-1,0.5205368,False,rejected
6489,"Aku pengen ikut diskusi politik di medsos, tapi takut diserang karena beda pandangan. Gimana caranya biar aku berani?",diskusi politik medsos takut serang pandang berani diskusi politik medsos masuk arena debat seru degan berani grup moderasinya pandang fakta turut data mikir jaga netral tuju denger serang balas tenang makasih suportif topik politik bahas susun percaya diri,-1,-1,0.548362,False,rejected
6491,Aku takut posting soal isu sensitif di medsos karena takut kena UU ITE. Gimana caranya biar tetap aman?,takut posting sensitif medsos takut kena tetap takut kena panggung takut salah lirik fakta bahasa sopan berita mikir hindar kata hasut singgung norma agama susila sensitif grup privat batas paham angkat ekspresif,-1,-1,0.52712184,False,rejected
6492,"Aku pengen dukung isu sosial lewat medsos, tapi nggak tahu caranya biar berdampak. Apa langkah yang bisa aku ambil?",dukung sosial lewat medsos tahu dampak dukung sosial medsos ubah keren posting emosional sedih tambahin fakta data kena hashtag pedulisosial aksi donasi kolab temen rame balas komen libat dukung dampak,-1,18,0.6840003,True,medium
6493,"Aku merasa grup medsosku nggak nyaman, kayak orang cuma debat. Gimana caranya biar grup lebih santai dan suportif?",grup medsosku nyaman debat grup santai suportif grup debat panggung musik tegang nyaman usulin topik santai senyum atur simpel diskusi jaga respect giat positif tips self care debat panas moderasi dinginin solusi puji suportif keren grup kafe virtual cozy,-1,-1,0.59297276,False,rejected
6496,Apa yang dimaksud dengan opini publik menurut psikologi komunikasi?,opini publik turut psikologi komunikasi opini publik kolektif hati sikap rata rata masyarakat penting bijak sosial bentuk lewat obrol diskusi nilai rasional nyata medsos psikologi komunikasi opini publik cermin interaksi sosial bentuk mikir tindak bareng,-1,-1,0.58209825,False,rejected
6497,"Aku pengen bikin postingan medsos yang bikin orang peduli sama isu kesehatan mental, tapi takut nggak dilupain. Gimana caranya biar ngena?",postingan medsos peduli sehat mental takut dilupain ngena misi sehat mental luar nyentuh jiwa postinganmu ngena connect down lega tambahin fakta simpel struggle mental health visual hangat infografis lembut aksi tips self care konsisten post balas komen rame postinganmu susun bareng,-1,19,0.69888186,True,medium
6499,"Aku notice pendapatku sering beda sama mayoritas di medsos, bikin aku ngerasa outcast. Apa yang bisa aku lakuin biar tetep pede?",notice mayoritas medsos ngerasa outcast lakuin pede mayoritas solo tengah padu spesial minoritas nilai jangan ngerasa outcast pede grup medsos frekuensi diskusi fakta sopan mikir dengar mayoritas pegang prinsip momen ngerasa sinar,-1,18,0.6629824,True,medium
6504,"Aku pengen bikin grup medsos yang bikin orang merasa didukung, tapi takut nggak nyambung. Gimana caranya biar grupku hidup?",grup medsos dukung takut nyambung grup hidup grup suportif ciptain kafe virtual betah hidup vibe positif posting senyum anggota momen bahagia puji keren harga dengar balas komen erat sisip topik neng tips self care grup grup rame hangat,-1,-1,0.61054415,False,rejected
6505,"Aku pengen ikut diskusi isu sosial di medsos, tapi takut pendapatku dianggap salah. Gimana caranya biar aku berani?",diskusi sosial medsos takut anggap salah berani diskusi sosial masuk panggung debat degan seru berani sederhana grup mikir dukung fakta baca artikel jaga sopan tuju balas makasih pikirin ingat harga bahas percaya diri,-1,-1,0.6085373,False,rejected
6507,Aku ngerasa pendapatku soal isu lingkungan di medsos nggak didenger karena beda sama mayoritas. Gimana caranya biar aku tetep semangat?,ngerasa medsos didenger mayoritas semangat mayoritas unik tengah hits sinar penting sulit ngubah mayoritas fakta pohon nyedot tahun gabung grup nemu temen frekuensi balas kritik sopan pandang tetap konsisten harga angkat semangat,-1,18,0.7106755,True,medium
6510,"Aku pengen kritik kebijakan pemerintah di medsos, tapi takut dikira nyinyir. Gimana caranya biar kritikku diterima?",kritik bijak perintah medsos takut nyinyir kritik terima kritik bijak protes asal dengar terima kritik fakta data bijak begini khawatir jaga etis saran diskusi hindar nyinyir solusi post grup balas komen sopan bijak kritik susun kata kata mangguk,-1,18,0.75238377,True,high
6513,"Aku sering merasa dikucilkan karena warna kulitku, ini bikin aku down banget. Apa yang bisa aku lakukan?",kucil kulit down laku kucil diskriminasi berat down bukan salah begini teman dukung alam terus ganggu konselor terap butuh tempat curhat,-1,-1,0.57432985,False,rejected
6515,"Aku ngerasa temenku punya masalah mental, tapi dia nggak mau ngaku. Aku harus apa?",ngerasa temenku mental ngaku peduli dekat pelan pelan kabar nyudutin jangan paksa penting tunjukin santai kirim pesan dukung serius saranin profesional,-1,0,0.66846955,True,medium
6516,Aku merasa orang di sekitarku nggak ngerti masalahku karena aku dari kelompok minoritas. Apa yang bisa aku lakukan?,kelompok minoritas laku berat paham alam rupa grup dukung forum konteks lega relevan,-1,-1,0.4439163,False,rejected
6519,"Aku ngerasa cemas tiap buka media sosial, takut dikira nggak cukup baik. Harusnya aku ngapain?",ngerasa cemas media sosial takut cukup media sosial emang bandingin diri cemas takut hakim perlu ngerasa sempurna rangin medsos pilih senang bukan cemas obrolin ngerasa cukup ringan,-1,13,0.71838814,True,medium
6520,Aku benci kalau orang bilang aku harus makan lebih banyak. Aku merasa diserang. Gimana ngatasinnya?,benci makan serang ngatasinnya paham nyaman salah jahat komentar sakit tanggap komentar tenang bareng,-1,18,0.79476374,True,high
6522,Aku nggak suka orang komentar soal badanku. Gimana cara ngadepin ini?,komentar badan ngadepin komentar badan emang nyaman tanggap kuat nyaman bahas obrol topik bareng tanggap cocok,-1,-1,0.5573145,False,rejected
6523,Aku sering main media sosial berjam-jam dan malah ngerasa makin sedih. Kenapa bisa begitu?,main media sosial malah ngerasa makin sedih media sosial pengaruh otak kerja terlalu lama sepi frustrasi sedih banding diri bukan arti media sosial kunci batas bijak positif ingat kendali media sosial bukan balik,-1,-1,0.61863786,False,rejected
6524,Saya takut debat membuat hubungan saya retak. Bagaimana cara berdiskusi yang tetap ramah tapi menantang?,takut debat retak diskus tetap ramah tantang tahu bukan menang dengar ungkap pandang serang tetap batas topik panas tuju henti lanjut penting bukti salah,-1,13,0.7051735,True,medium
6525,Saya takut memberi informasi salah saat mengajar. Bagaimana mengatasinya?,takut beri salah jujur batas kata perlu dorong diskusi arah kurang tekan tahu segala perlu siap materi rujuk sumber percaya,-1,9,0.6667893,True,medium
6526,Sahabatku suportif tapi sering meremehkan masalahku. Apa yang harus kulakukan?,sahabat suportif remeh laku bicara batas butuh dengar beri saran bila pola ubah kuat jejaring sumber dukung,-1,14,0.6718787,True,medium
6527,Haruskah saya berhenti menggunakan media sosial sementara?,henti media sosial manfaat detoks digital pukul beri semangat bukan balik,-1,-1,0.5658498,False,rejected
6528,"Saya sering main sosmed, tapi kadang malah bikin saya cemas. Bagaimana internet bisa bantu atau justru bikin stres, dan apa yang bisa saya lakukan?",main sosmed malah cemas internet justru stres laku peka dampak sosmed keren internet temen asyik nemu suportif cemas banding bandingin diri sosmed jaga imbang batas semangat quotes positif luang aktivitas jalan jalan baca buku cemas sosmed kurang,-1,18,0.73559743,True,medium
6529,Apakah menceritakan pengalamanku di media sosial berguna atau justru memberi stigma?,alam media sosial justru beri stigma batas nyaman kisah autentik tingkat publik utama selamat digital,-1,-1,0.5244442,False,rejected
6530,Aku takut salah kalau harus presentasi materi. Gimana caranya biar pede?,takut salah presentasi materi pede takut materi presentasi depan cermin temen salah anggap sempat ingat audiens terlalu perhati salah kecil pesan,-1,13,0.7083469,True,medium
6531,"Aku benci banget kalau dikritik, rasanya kayak diserang. Kenapa gitu?",benci kritik serang nyaman kritik personal kait butuh terima hindar malu serang ngeliat kritik sisi,-1,35,0.6936848,True,medium
6532,"Aku merasa orang lain lebih bahagia dari aku, kenapa aku begini?",bahagia begini banding diri kurang renung bahagia media sosial ingat nunjukin sisi kecil senang temen berat bicara kurang bahagia,-1,18,0.71791136,True,medium
6534,Kenapa aku selalu merasa orang lain itu pamer kalau cerita tentang kebahagiaan mereka di media sosial?,pamer bahagia media sosial bukan pamer sedang kaca kotor hati penuh kurang percaya diri sombong diri jendela niat bahagia,-1,18,0.6832217,True,medium
6535,Aku takut dikira jelek kalau nggak ikut standar kecantikan yang ada di media. Apa aku salah?,takut jelek standar cantik media salah salah media tunjuk standar realistis cantik tampil nyaman diri sendiri cantik spesial,-1,-1,0.513444,False,rejected
6536,Aku suka banget pamer di media sosial biar orang kagum. Tapi kok malah merasa kosong?,pamer media sosial kagum malah kosong pamer perhati hampa topeng bahagia kejar senang perlu validasi,-1,18,0.76508474,True,high
6538,"Aku gak suka dikritik, rasanya kayak diserang. Gimana biar gak gitu?",kritik serang kritik emang nyaman saran kembang bukan serang dengar tenang diri sendiri situ mudah nerima masuk pojok,-1,-1,0.63438,False,rejected
6539,Aku suka pamer di media sosial biar orang kagum. Tapi kok rasanya kosong. Kenapa ya?,pamer media sosial kagum kosong pamer harga bahagia puas kerja perlu pamer aktivitas lupa asyik,-1,18,0.6833525,True,medium
6540,Aku suka banget pamer di media sosial pas sukses. Ini bahaya nggak?,pamer media sosial sukses bahaya hehe momen bahagia terlalu haus imbang manfaat tips inspirasi hati tenang,-1,18,0.6592935,True,medium
6541,Aku nggak bisa berhenti mikirin kritik pedas dari bosku. Gimana caranya move on?,henti mikirin kritik pedas move kritik pedas puruk jangan definisi kritik kecil diri ingat nilai diri komentar,-1,18,0.7260554,True,medium
6545,"Aku stuck di grup temen yang toxic, tapi takut dikucilkan kalau keluar. Gimana caranya biar berani ninggalin?",stuck grup temen toxic takut kucil keluar berani ninggalin grup toxic lelah bukti kucil harga rangin interaksi pelan pelan obrol temen suportif layak teman sehat tolak grup minggu,-1,0,0.704368,True,medium
6558,"Aku nggak tahan sama tingkah pasanganku, apa aku harus ninggalin dia?",tahan tingkah pasang ninggalin putus tahu situasi tahan pihak konselor pilih tahan tetap kuat curhat temen lakuin butuh,-1,0,0.70979416,True,medium
6559,"Aku merasa orang tua ku terlalu ikut campur dalam hidupku, padahal aku sudah dewasa. Gimana cara ngatasin ini?",terlalu campur hidup padahal dewasa ngatasin paham nyaman hidup kontrol tenang harga perhati butuh ruang mandiri senang peduli putus sendiri beberapa tetap campur batas hidup pribadi penting tetap hormat tegas batas,-1,4,0.6869172,True,medium
6574,Aku dengar ada desa di Afrika yang bantu orang dengan masalah mental. Itu kayak apa?,dengar desa afrika mental model desa integratif ganggu mental tinggal bareng keluarga desa deket fasilitas sehat giat keluarga dukung keren dekat,-1,-1,0.64344513,False,rejected
6575,Aku ngerasa nggak punya siapa-siapa buat cerita. Apa aku salah?,ngerasa siapa siapa salah salah sepi butuh nemuin tepat gabung grup dukung rasain sepi,-1,14,0.7146714,True,medium
6579,"Emilia, aku ngerasa nggak punya siapa-siapa buat cerita. Apa ini bahaya buat kesehatan mentalku?",ngerasa siapa siapa bahaya sehat mental kurang isolasi pengaruh sehat mental dukung sosial penting hadap stres nyaman temen keluarga dekat pelan pelan,-1,5,0.843377,True,high
6581,"Aku single, apa itu bikin aku lebih gampang stres dibandingkan yang udah nikah?",single gampang stres banding udah nikah meni dukung sosial pasang single dukung kuat temen keluarga stres aktivitas dukung,-1,5,0.6930784,True,medium
6584,Aku merasa orang-orang suka ngejek aku karena aku dari keluarga miskin. Apa ini bisa bikin aku sakit mental?,ngejek keluarga miskin sakit mental sedih denger ngejek timpang sosial diskriminasi stres berat bahkan ningkatin risiko ganggu mental malu terima berat lanjut ngatasin bareng,-1,5,0.7727465,True,high
6585,"Aku pengen kabur aja dari hidupku, apa ini wajar?",kabur hidup sedih denger ngerasa kabur muncul kewalahan butuh dukung bukan kabur ngadepinnya bareng profesional terus,-1,0,0.7617223,True,high
6592,Aku merasa lebih buruk setelah nikah. Apa ini normal?,nikah turut sedih dengar nikah nikah penuh konflik sehat tekan tangga ekspektasi realistis stres dengerin,-1,-1,0.59308815,False,rejected
6609,"Emilia, kenapa aku selalu jadi penutup di keluargaku karena aku punya gangguan mental?",tutup keluarga ganggu mental sedih dengar keluarga tahu hadap ganggu mental sikap adil sesi edukasi sehat mental tetap dukung lingkar ngertiin temen layak harga,-1,5,0.8055291,True,high
6610,Aku pengen lari dari semua masalahku dan nggak ketemu orang lagi. Apa itu solusi yang bagus?,lari solusi bagus kabur isolasi malah tambah berat lari hadap pelan pelan dukung konselor temen dekat perlu hadap sekaligus lari pikirin bareng,-1,28,0.6994399,True,medium
6612,"Aku dengar ada layanan kesehatan mental informal, itu apa ya?",dengar sehat mental informal informal sumber nonmedis kelompok dukung temen keluarga dukung emosional awat profesional cocok butuh temen gabung kelompok,-1,-1,0.6314888,False,rejected
6615,"Aku takut kalau ketemu orang, mereka bakal tanya soal kehamilanku yang gagal. Aku harus jawab apa biar nggak awkward?",takut hamil gagal awkward situasi emang nyaman singkat sopan terima nanya siap tunjuk batas suasana aneh tetap nanya ulang tegas jaga privasi,-1,-1,0.52360594,False,rejected
6632,"Orang di keluarga saya selalu menyuruhku untuk 'lebih positif', tapi rasanya memaksa. Bagaimana seharusnya saya berpikir tentang pikiran negatif?",keluarga suruh positif paksa negatif paham frustasinya positif negatif bukan bukti lemah ganggu tekan negatif kurang kuat evaluasi konkret ubah situasi negatif terus dominasi hingga ganggu fungsi minta profesional bukan sekadar paksa positif,-1,5,0.73732775,True,medium
6639,Saya pemalu. Bagaimana cara ikut grup support tanpa canggung?,malu grup support canggung awal dengar lama lama nyaman ingat anggota datang bawa unik nilai saling kuat,-1,-1,0.53991866,False,rejected
6644,"Saya pria dan merasa stres karena kerja dan uang, bikin cemas di rumah. Bagaimana ini memengaruhi keluarga, dan apa yang bisa saya lakukan?",pria stres kerja uang cemas pengaruh keluarga laku paham tekan cemas peduli keluarga stres kerja finansial pria tutup konflik ganggu sehat mental obrol santai keluarga laku jalan santai kurang stres positif keluarga harmonis tips manajemen stres pria cemas koping,-1,-1,0.6466709,False,rejected
6655,Aku merasa sulit ngobrol sama temen karena beda pandangan. Apa yang bisa aku lakukan?,sulit temen pandang laku pandang temen frustrasi psikologi sosial saran dengar perspektif langsung hakim alas balik pandang obrol situasi saran santai,-1,13,0.77616775,True,high
6656,Aku merasa nggak punya siapa-siapa buat cerita. Apa yang bisa aku lakukan?,siapa siapa laku sendiri berat udah berani ngomongin psikologi sosial koneksi perlahan obrol kecil temen gabung nyaman siapa siapa dengerin saran,-1,14,0.7925892,True,high
6663,"Aku pengen gaul, tapi selalu ngerasa takut atau nggak nyaman. Gimana cara ngatasin ini?",gaul ngerasa takut nyaman ngatasin takut nyaman diri ngerem takut hakim tahu kecil senyum sebentar temen nyaman forum musik game kuat pelan pelan,-1,-1,0.59746385,False,rejected
6667,"Aku pengen kasih saran ke adik, tapi takut dia ngerasa dihakimi. Gimana caranya biar kata-kataku diterima positif?",saran adik takut ngerasa hakim kata kata terima positif saran adik takut hakim nasihat takut salah bahasa efektif butuh struktur empati puji adik pinter saran susun saran jelas asyik suportif sukses saran jaga senyum ragu temen saran kata kata positif,-1,13,0.81623316,True,high
6668,"Aku pengen kasih saran ke pasangan, tapi takut dia ngerasa dihakimi. Gimana caranya biar kata-kataku diterima positif?",saran pasang takut ngerasa hakim kata kata terima positif saran pasang takut hakim saran takut salah bahasa efektif butuh struktur empati puji sayang handle saran susun saran jelas asyik suportif bahagia saran jaga senyum ragu temen saran kata kata positif,-1,13,0.79848105,True,high
6669,aku pengen punya hubungan yang lebih autentik sama orang-orang di hidupku. Gimana caranya?,autentik hidup autentik excited beneran nyata diri kecil personal takut gagal dekat dengar hakim tunjuk harga autentik tari saling beri terima dekat pertama,-1,0,0.7055689,True,medium
6682,"Aku takut ketemu orang baru, apa aku aneh?",takut aneh aneh takut sosial evaluasi cemas situasi terlalu tekan tempat nyaman detail takut,-1,13,0.7217599,True,medium
6683,Aku nggak mau cerita ke siapa-siapa soal masalahku. Apa aku salah?,siapa siapa salah salah siap sendiri nyimpan sendiri berat dengerin judging,-1,13,0.7527065,True,high
6689,Kenapa ya aku ngerasa malu banget kalau mau cerita soal masalahku?,ngerasa malu malu hidup nganggap mental tabu takut anggap lemah berani kecil nulis jurnal percaya,-1,0,0.76801586,True,high
6697,"Aku sering merasa cemas banget kalau harus ngobrol sama orang lain, takut dibilang aneh. Apa sih yang bikin aku gini?",cemas takut aneh cemas situasi sosial terlalu cemas sosial muncul negatif diri sendiri takut hakim cukup terlalu diri sendiri susah perhati detail situasi paling cemas,-1,13,0.8640918,True,high
6705,"Emilia, aku takut banget ketemu orang lain. Kayak cemas gitu tiap mau ngobrol. Normal nggak sih ini?",takut cemas kedengeran ngerasa cemas sosial cukup umum udah susah aktivitas perlu perhati muncul takut hakim malu detail takut pikirin kecil ngatasinnya bareng,-1,0,0.75369495,True,high
6706,Aku ngerasa malu banget cerita soal masalahku ke orang lain. Takut dikira lemah. Gimana caranya?,ngerasa malu takut lemah ngerasa malu lemah justru kuat hadap percaya terap judge terapi kognitif ubah malu takut lemah dengerin,-1,0,0.79393375,True,high
6714,"Aku merasa suara-suara ini hukuman buatku. Aku pantas dihukum, kan?",hukum pantas hukum tahu salah pantas hukum pantas hukum kurang salah bareng laku,-1,-1,0.5091925,False,rejected
6721,"Aku takut kalau aku coba treatment, nanti malah ketahuan orang-orang di sekitarku. Gimana ya?",takut treatment malah tahu khawatir privasi treatment rahasia klinik atur ketat jaga rahasia pasien klinik bijak privasi ngomong dekat hakim takut tahu,-1,3,0.6836659,True,medium
6725,Aku ngerasa nggak ada yang ngerti sakitku. Kamu ngerti nggak sih?,ngerasa sakit persis alami dengerin paham berat denger hakim,-1,-1,0.64902955,False,rejected
6732,Aku merasa malu kalau menunjukkan emosi di depan orang. Gimana caranya aku lebih terbuka?,malu tunjuk emosi depan malu kecil percaya sahabat keluarga perlu buru buru cukup ungkapin lama lama nyaman tunjuk emosi takut hakim,-1,5,0.7892457,True,high
6737,Aku sering merasa cemas di situasi sosial. Apakah psikologi bisa membantu aku memahami ini?,cemas situasi sosial psikologi paham cabang psikologi sebut psikologi sosial interaksi sosial pengaruh cemas situasi sosial cemas takut hakim cukup percaya diri contoh situasi cemas,-1,13,0.7596619,True,high
6748,"Aku sering ngerasa bersalah kalau nggak nurut sama perintah atasan, meskipun aku tahu itu nggak bener. Apa yang harus aku lakukan?",ngerasa salah nurut perintah tahu laku salah ingat nilai situasi perintah sesuai usul sopan begini tetap hormat tunjuk ngomong depan cermin,-1,13,0.7123614,True,medium
6750,Kenapa aku selalu curiga orang lain bakal nyakitin aku?,curiga nyakitin curiga muncul terlalu nyari diri terima cukup diri teman bukan ancam kecil santai curiga,-1,18,0.6543333,True,medium
6760,Aku merasa kekuranganku itu kayak hukuman. Gimana caranya aku lihat ini beda?,kurang hukum kurang anugerah unik malu dengar kurang sisi positif kaget betapa istimewa,-1,33,0.743959,True,medium
6761,Aku pengen orang takut sama aku biar dihormati. Apa itu salah?,takut hormat salah hormat lewat takut sehat hormat tulus datang integritas tunjuk sisi nyaman deketin dengerin minta,-1,13,0.70578575,True,medium
6762,Aku pengen orang lain takut sama aku supaya dihormati. Itu oke nggak?,takut hormat hormat takut renggang respek jujur tahan lama harga takut,-1,13,0.7071465,True,medium
6767,Saya merasa lelah menghadapi tekanan hidup. Bagaimana cara saya tetap bertahan?,lelah hadap tekan hidup tetap tahan tahu tekan hidup lari marathon tahu finish capek stoisisme menang tahan atlet lawan lelah anchor kecil dengar musik favorit jalan sore jaga stamina mental ingat diri sendiri perlu lewat tekan lelah tetap diri tegak,-1,29,0.73725307,True,medium
6769,"Aku ngerasa sendirian banget, kayak nggak ada yang ngerti. Apa yang bisa aku lakukan?",ngerasa sendiri laku sendiri berat sendiri percaya sekadar ringan sesuai klub buku olahraga,-1,0,0.6574614,True,medium
6773,Aku suka ngelupain kerjaan karena aku menghindari rasa sedih. Itu buruk nggak?,ngelupain kerja hindar sedih ngatasin sedih kurang ngebantu jangka panjang hindar sedih kerja keteter stres tambah hadepin sedih luangin rasain hati terus balik kerja aktivitas semangat olahraga ringan lupa hindar kerja,-1,0,0.7874007,True,high
6775,Aku pengen cepet sembuh dari depresi. Apa ada cara instan?,cepet sembuh depresi instan cepet sayang depresi butuh usaha sembuh instan kecil terapi olahraga peduli buru buru malah stres udah lama,-1,20,0.69958484,True,medium
6778,"Aku pengen lebih aktif, tapi selalu berhenti di tengah jalan. Ada saran nggak?",henti tengah jalan saran keren tuju spesifik jalan kaki minggu terus pantau progres catat kecil hilang motivasi nyemangatin aktivitas,-1,-1,0.60480773,False,rejected
6782,"Aku pengen olahraga, tapi takut nyeri. Apa olahraga yang aman?",olahraga takut nyeri olahraga semangat olahraga bagus aktivitas ringan jalan kaki yoga lembut laku singkat konsultasi dokter penting cocok olahraga,-1,25,0.738881,True,medium
6789,"Aku lagi banyak pikiran, kira-kira jalan kaki bisa bantu nenangin otak nggak?",jalan kaki nenangin otak jalan kaki tingkat alir darah otak mood bahkan muncul buntu aktivitas fisik ringan jalan santai tubuh rileks keluar sebentar hirup udara segar tenang,-1,31,0.65649056,True,medium
6791,"Saya ingin mulai berenang, tapi cemas karena tidak terbiasa. Apa manfaatnya untuk suasana hati?",renang cemas manfaat suasana hati renang aerobik tingkat alir darah otak efek antidepresif perlahan sesi singkat perlu kelas mula arah,-1,-1,0.5803574,False,rejected
6792,Saya khawatir berenang tidak seefektif olahraga lain. Benarkah berenang lebih baik?,khawatir renang efektif olahraga renang renang beri resistensi unik libat seluruh otak tubuh tunjuk tingkat alir darah serebral pilih khusus dampak rendah sendi,-1,-1,0.50724363,False,rejected
6793,Saya ingin mencoba yoga tetapi takut tidak bisa mengikuti pose. Apa yang perlu saya tahu?,yoga takut pose perlu tahu yoga mula tekan gera tahap manfaat masuk kurang cemas tingkat bahkan ubah struktural otak laku rutin kelas mula instruktur sertifikat pandu teknik,-1,-1,0.5845821,False,rejected
6794,Apakah olahraga benar-benar membantu memulihkan otak atau hanya mitos?,olahraga pulih otak mitos bukan mitos olahraga tingkat alir darah otak dukung jaring picu bentuk memori perlu ekstrem jalan cepat senam ringan aktivitas rutin gerak dampak positif,-1,7,0.7122719,True,medium
6795,Tips menjaga stamina saat harus menginap di RS mendampingi anak?,tips jaga stamina inap damping anak kursi lipat ergonomis bantal leher atur shift istirahat bawa cemilan sehat tinggi protein laku regang ringan koridor beberapa,-1,-1,0.56086737,False,rejected
6799,Saya kurang tenaga untuk olahraga. Apa ada gerakan sederhana?,kurang tenaga olahraga gera sederhana gera kursi angkat tumit putar gelang tangan rentang tangan perlahan laku beberapa,-1,-1,0.48609656,False,rejected
6815,"Saya pengen lebih sehat, tapi kerja bikin susah olahraga, dan itu bikin stres. Bagaimana tempat kerja bisa bantu, dan apa yang bisa saya lakukan?",sehat kerja susah olahraga stres tempat kerja laku tahu kerja sulit jaga sehat tempat kerja program sehat kelas yoga tantang jalan kaki sehat mental kurang stres dukung program sehat rekan kerja jalan istirahat taruh ingat meja diri susah olahraga kecil kantor,-1,25,0.796323,True,high
6827,"Aku bingung kenapa aku nggak bisa konsisten sama kebiasaan baru, ada saran?",konsisten saran susah konsisten alami sendiri terlalu berat kurang nyambung super kecil biasain olahraga jalan kaki terus reward kecil diri hasil,-1,25,0.7063364,True,medium
6831,Aku merasa apa yang aku capai selalu kurang dibandingkan orang lain. Gimana caranya berhenti membandingkan diri?,capai kurang banding henti banding diri banding diri lari treadmill capek kecil syukur diri lama lama capai unik perlu sanding sendiri spesial,-1,-1,0.617412,False,rejected
6832,Aku sering ngerasa apa yang aku lakuin ga cukup dibandingkan orang lain. Gimana caranya biar ga terus membandingkan diri?,ngerasa lakuin cukup banding terus banding diri banding diri lari treadmill capek jalan sendiri syukur usaha minggu jalur sendiri capai kecil bangga,-1,28,0.6526758,True,medium
6833,Apakah memperbaiki relasi bisa membantu depresi?,relasi depresi hangat tingkat hormon tenang sedia dukung terapi interpersonal aspek bukti efektif,-1,-1,0.61452526,False,rejected
6836,Apa bedanya gangguan mental sama masalah hidup biasa?,ganggu mental hidup ganggu mental libat fungsi diri kelola emosi derita fungsi hidup sedih putus cinta reaksi hadap situasi stuck lama move perlu perhati serius,-1,0,0.792735,True,high
6841,"Kalau aku merasa sedih banget sampe ga bisa bangun dari kasur, apa yang harus aku lakukan?",sedih sampe kasur laku waduh kedengerannya ngerasa berat sedih sampe aktivitas depresi kait ganggu bipolar ganggu mood kecil jalan sebentar penting percaya profesional nemenin kecil bareng,-1,0,0.78139365,True,high
6843,Aku suka belanja banyak-banyak pas lagi seneng. Apa itu cuma hobi?,belanja neng belanja neng ngerasa sulit ngontrolnya belanja sampe habis uang impulsivitas kait mania ganggu bipolar belanja beneran butuh dorong pikirin bareng ngelola,-1,-1,0.6233767,False,rejected
6849,"Kadang aku ga sadar kalau aku lagi impulsif, kayak belanja atau marah. Gimana cara ngontrolnya?",impulsif belanja marah ngontrolnya impulsif belanja marah frustrasi fase mania hypomania ngontrolnya kenal jantung cepet lomba batas limit kartu kredit marah terapi komunikasi teknik bareng situasi,-1,0,0.73003197,True,medium
6855,"Kadang aku impulsif banget, belanja banyak atau ambil keputusan besar tanpa pikir panjang. Kenapa ya?",impulsif belanja putus panjang impulsivitas muncul fase mania hypomania ganggu bipolar super percaya diri mikir konsekuensi catat putus diskusi percaya picu impulsivitasmu,-1,23,0.6705755,True,medium
6874,"Kadang aku ngerasa nggak bisa kontrol emosi, kayak gampang banget kesel. Apa ini cuma sifatku?",ngerasa kontrol emosi gampang kesel sifat gampang kesel berat emosi susah kontrol datang fase hipomania iritabilitas ganggu bipolar bukan sifat perhati pola kurang tidur stres saran ngelola emosi,-1,23,0.7277276,True,medium
6875,"Pas aku lagi down, aku cuma pengen sendiri. Tapi pasangan bilang aku egois. Gimana caranya biar dia ngerti?",down sendiri pasang egois down sendiri pasang diri ganggu bipolar fase depresi butuh ruang sendiri bicara tenang jelasin rasain butuh sendiri ngomongin,-1,0,0.6767675,True,medium
6878,"Aku suka ngelakuin hal-hal impulsif pas lagi semangat, kayak belanja banyak. Itu wajar, kan?",ngelakuin impulsif semangat belanja belanja semangat senang impulsif utang hipomania ganggu bipolar belanja ngelola dorong rugi,-1,29,0.65701115,True,medium
6895,Bagaimana caranya melihat masalah dari sudut pandang lain?,sudut pandang kertas pura pura sahabat beri nasihat jarak psikologis kecil prefrontal cortex nilai objektif turut ethan kross,-1,1,0.696402,True,medium
6896,Latihan praktis apa untuk mengalihkan tekanan?,praktis tekan teknik sebut dengar cium sensasi tubuh geser evaluasi diri alam indrawi,-1,-1,0.624352,False,rejected
6898,Apa yang dimaksud dengan sensasi dalam proses pengolahan informasi?,sensasi proses olah sensasi pintu masuk otak bayang dengar musik bunga warni cium aroma kopi panca indra tangkap luar ubah impuls saraf erti otak pesan rahasia terjemah sensasi pertama jalan persepsi lanjut,-1,24,0.6907451,True,medium
6899,Bagaimana persepsi berbeda dari sensasi?,persepsi sensasi sensasi kamera tangkap persepsi otak tafsir makna sensasi tangkap stimulus dengar persepsi lang jauh olah stimulus perhati alam emosi paham temenku tenang persepsi hidup penuh makna,-1,11,0.6853467,True,medium
6900,"Aku sering salah nangkap omongan temen, kayak mereka kesel padahal enggak. Gimana caranya biar aku nggak salah persepsi?",salah nangkap omong temen kesel padahal enggak salah persepsi salah nangkap omong otak main tebak tebak sendiri persepsi pengaruh alam ekspektasi jernih dengar penuh perhati ulang ragu langsung santai emosi buru buru nilai momen salah persepsi ngatasinnya,-1,24,0.7953776,True,high
6901,"Aku sering salah denger omongan orang, kayak otakku buru-buru kasih makna. Gimana caranya biar aku lebih teliti?",salah denger omong otak buru buru makna salah denger otak main loncat loncat proses persepsi cepet buru buru makna registrasi dengar pelan pelan ulang kata kata hati yakin santai tadi stres otak jernih momen salah denger ngatasin,-1,7,0.84026015,True,high
6902,Aku gampang terganggu sama notif HP pas lagi belajar. Gimana caranya biar aku nggak kepo sama notif?,gampang ganggu notif kepo notif notif magnet psikologi otak gampang goda stimulus tonjol kepo matiin notif taruh laci lama janji kiamat otak hadiah kecil cokelat ganggu notif trik lancar,-1,24,0.7925169,True,high
6904,"Kenapa tiap aku khawatir, hal kecil kok jadi kayak besar banget di kepalaku?",khawatir kecil kepala otak kecil stres delusi kecil ciptain sendiri perhati nonton acara favorit temen susah khawatir muter muter doang,-1,10,0.7713079,True,high
6906,"Aku cemas terus, apa ini karena lingkunganku atau karena otakku?",cemas terus otak cemas datang penuh tekan picu cemas otak peran ketidakseimbangan cemas picu hidup cemas,-1,10,0.7401299,True,medium
6907,"Emilia, aku ngerasa nggak bisa percaya orang lagi setelah kejadian buruk. Apa yang harus aku lakuin?",ngerasa percaya lakuin hilang percaya alam otak lindung diri interaksi kecil perlu buru buru pelan pelan percaya,-1,24,0.7984756,True,high
6910,Kenapa aku selalu berpikir negatif tentang diriku sendiri?,negatif diri sendiri negatif muncul otak jebak pola utama sedang down perhati negatif muncul diri tadi fakta,-1,24,0.7040793,True,medium
6911,Aku suka ngelamun jadi orang lain yang lebih hebat. Ini wajar nggak sih?,ngelamun ngelamun versi otak kabur stres sampe lupa realitas alam kuasi psikotik ngelamun perhatiin susah hidup teknik grounding dengar bareng,-1,7,0.79520404,True,high
6912,Mengapa saya mudah panik dan merasa semua masalah jadi berat?,mudah panik berat bila otak negatif jeda detik sebut milik pelan pelan otak imbang sudut pandang,-1,10,0.8151752,True,high
6914,Aku sering merasa bingung kenapa reaksi orang berbeda-beda saat menghadapi situasi yang sama. Apa ya yang memengaruhi ini?,reaksi hadap situasi pengaruh pandang alam hidup unik reaksi telepon bunyi langsung angkat penting cuek ganggu pengaruh suasana hati situasi sudut,-1,-1,0.6003322,False,rejected
6915,Kenapa aku lebih gampang ingat hal buruk daripada yang baik?,gampang ingat erti nempel otak cenderung peka alam emosi kuat sedih takut otak lindung otak perhati positif lama lama otak imbang ingat,-1,7,0.7990984,True,high
6918,Aku sering nggak yakin sama keputusan yang aku ambil. Normalkah?,yakin putus putus ragu otak paham sekaligus kontra putus jelas ragu bicara temen percaya sudut pandang,-1,0,0.7640308,True,high
6919,Aku sering merasa bingung kenapa aku melihat sesuatu berbeda dari orang lain. Apa yang bikin persepsi kita beda?,persepsi unik pengaruh alam hidup perhati otak cenderung tonjol abai bayang lukis notice detail lewat sedang perhati bentuk sudut pandang,-1,24,0.7995723,True,high
6926,Aku susah pindah fokus dari satu hal ke hal lain. Apa aku bermasalah?,susah pindah perhati statis arti cenderung lama kuat stuck diri jeda kecil pandang sebentar susah percaya,-1,17,0.71078146,True,medium
6928,Aku kadang merasa apa yang aku dengar atau lihat nggak cukup kuat. Ini kenapa?,dengar cukup kuat dengar cukup kuat otak sepenuh terlalu pelan cahaya redup otak nangkep batas minimal ganggu periksa perlu terang tenang profesional khawatir,-1,7,0.70201623,True,medium
6929,Aku suka notice detail kecil yang orang lain nggak lihat. Apa ini aneh?,notice detail kecil aneh aneh malah keren arti perhati tajam detail notice ekspresi kecil wajah temenmu lewat kuat utama overthinking notice penting distraksi,-1,24,0.70571375,True,medium
6931,"Aku ngerasa susah banget bedain dua hal yang mirip, kayak nada suara. Apa aku kurang sensitif?",ngerasa susah bedain mirip kurang sensitif bukan kurang sensitif perlu mirip gampang dengar terus pelan pelan mirip otak nangkap kecil,-1,24,0.7537998,True,high
6932,Kenapa ya aku cuma notice hal-hal yang besar atau jelas banget?,notice jelas otak rancang gampang nangkap tonjol cerah peka halus diri perhati detail kecil aroma kopi pola baju awal susah lama lama gampang,-1,24,0.70744723,True,medium
6934,Aku sering nggak notice apa yang orang lain anggap jelas. Aku takut dianggap nggak peduli.,notice anggap jelas takut anggap peduli khawatir bukan arti peduli otak sibuk diri mindful mata susah jujur peka,-1,0,0.78501225,True,high
6935,Kenapa ya aku lebih gampang dengar suara keras ketimbang yang pelan?,gampang dengar ketimbang pelan gampang nyedot perhati otak peka pelan dengar lembut daun alir tempat tenang lama lama gampang nangkap kecil,-1,-1,0.6368359,False,rejected
6936,Aku ngerasa otakku lambat nangkap hal-hal kecil. Apa aku bisa improve ini?,ngerasa otak lambat nangkap kecil improve otak makin makin kuat game kecil dengar tebak instrumen gampang terus tingkat kaget berapa cepat improve,-1,7,0.7146165,True,medium
6942,"Aku suka notice bunyi tertentu, kayak ketokan berulang, tapi bunyi lain biasa aja. Kenapa gitu?",notice bunyi ulang bunyi bunyi ulang otak pola ulang monoton bunyi sekali terlalu perhati ulang otak penasaran perhati bunyi peka,-1,24,0.8208835,True,high
6943,"Aku sering nggak sadar sama bunyi jam di rumah, tapi kalau tiba-tiba berhenti, aku langsung notice. Apa yang bikin gitu?",bunyi henti langsung notice otak cenderung abai monoton bunyi terus terus ubah henti otak langsung waspada otak jaga tetap aware keren kerja otak,-1,24,0.7520198,True,high
6957,"Aku suka membayangkan hal-hal yang pernah kulihat, tapi kadang gambarannya nggak jelas. Apa itu wajar?",bayang jelas jelas sebut bayang tanggap ingat bayang cenderung kurang tajam banding langsung bayang detail kecil pandang favorit hidup,-1,-1,0.5933099,False,rejected
6963,"Kadang aku ngerasa apa yang aku rasain nggak nyata, kayak cuma di kepala. Gimana caranya biar lebih grounded?",ngerasa rasain nyata kepala grounded muncul terlalu sibuk kewalahan grounded panca indera pegang dengar cium kopi otak balik perhati kapan muncul pola ngerasa nyata obrolin jelas,-1,7,0.7088514,True,medium
6965,"Kenapa ya, aku suka ngerasa seneng cuma gara-gara lihat bunga di taman?",ngerasa neng gara gara bunga taman spesial bunga taman neng otak indah harmonis bunga otak langsung ngeliat pola bentuk cerah keren kecil bahagia neng,-1,-1,0.5716976,False,rejected
6971,Tapi kan wajar kalau aku nggak suka sama seseorang karena tingkah lakunya nyebelin?,tingkah laku nyebelin kesal tingkah laku cocok sudut putus dekat otak alas putus kecil ganggu ngerasa,-1,0,0.811154,True,high
6972,"Aku pengen lebih positif, tapi selalu balik lagi ke pikiran negatif. Apa yang salah?",positif balik negatif salah salah negatif ubah momen positif kecil lama lama otak sisi,-1,7,0.68448627,True,medium
6978,"Aku stres gara-gara kena krisis keuangan, rasanya hidupku susah banget. Gimana caranya biar bisa nerima?",stres gara gara kena krisis uang hidup susah nerima krisis uang berat jalan situasi hemat kreativitas bayangin krisis sempat bijak ngatur duit kecil catat keluar side hustle cinta momen peluang tumbuh catat keluar,-1,0,0.70317644,True,medium
6979,"Aku selalu stres mikirin keuangan, rasanya gaji nggak pernah cukup. Gimana caranya biar nggak cemas terus soal uang?",stres mikirin uang gaji cukup cemas terus uang stres uang emang berat sendiri catat keluar sederhana beli minggu situ rangin kopi ketimbang beli sisih bahkan ribu tabung darurat cemas temen pinter ngatur duit baca tips uang simpel internet kecil,-1,-1,0.59677076,False,rejected
6990,"Aku ngerasa kalo aku nggak sukses, aku nggak berarti. Gimana caranya ubah pikiran ini?",ngerasa kalo sukses arti ubah berat sukses jabat duit diri sendiri cukup keluarga sehat sukses situ,-1,-1,0.57702684,False,rejected
6992,"Aku nggak punya duit, dan itu bikin aku stres banget. Apa yang bisa aku lakukan?",duit stres laku uang kepala penuh tekan jebak daftar keluar kecil rang lembaga uang nemenin mikirin kecil paling khawatir uang,-1,-1,0.625975,False,rejected
6993,"Emilia, aku merasa hidupku nggak adil. Kenapa aku harus susah terus?",hidup adil susah terus dengar betapa frustrasi kesal hidup adil hadap tantang imbang situasi ekonomi sosial sulit kecil kontrol senang adil dengerin,-1,0,0.6788972,True,medium
6996,Aku ngerasa stres karena utang. Apa yang bisa aku lakuin biar nggak kepikiran terus?,ngerasa stres utang lakuin terus stres utang berat masuk stres kronis cemas rencana uang sederhana saran ahli uang detail pikirin kecil ringanin,-1,29,0.65154004,True,medium
6997,Aku merasa hidupku lebih susah karena aku ga punya banyak duit. Apa itu ngaruh sama dukungan sosial?,hidup susah duit ngaruh dukung sosial kondisi ekonomi ngaruh ekonomi rendah dukung sosial tekan hidup dukung uang obrol tekan pikirin dukung,-1,-1,0.60306096,False,rejected
7003,Aku merasa hidupku nggak akan pernah membaik karena aku nggak punya uang. Apa bener gitu?,hidup uang dengar keputusasaanmu dukung uang pengaruh akses peluang segala bawah hasil tuju dukung pikirin kecil harap nyari gratis senang stres,-1,0,0.7426776,True,medium
7004,Aku merasa hidupku nggak ada harapan karena aku selalu kesulitan finansial. Apa yang bisa aku lakukan?,hidup harap sulit finansial laku paham berat uang terus stres kontrol anggar sederhana sumber daya saran penting jaga sehat mental detail paling harap,-1,-1,0.64749,False,rejected
7005,Aku merasa hidupku nggak akan pernah naik kelas sosial. Apa aku harus pasrah aja?,hidup naik kelas sosial pasrah stuck jalan keluar pasrah bukan pilih posisi sulit akhir maju butuh dukung tahu hambat utama situ maju,-1,17,0.6838621,True,medium
7008,Aku ngerasa hidupku cuma buat bayar utang. Apa aku cuma harus terima aja?,ngerasa hidup bayar utang terima jebak utang akhir terima atur ulang uang ahli uang gratis ringan beban,-1,-1,0.49157664,False,rejected
7009,Aku merasa stres banget karena keuangan keluargaku lagi susah. Apa hubungannya sih keuangan sama kesehatan mental?,stres uang keluarga susah uang sehat mental situasi uang sulit stres uang ketat cemas sedih tekan penuh butuh tunjuk rendah cenderung rentan alami depresi cemas detail stres pikirin kecil ngurangin beban,-1,5,0.69244945,True,medium
7010,Aku merasa hidupku nggak adil dibandingkan orang lain. Apa ini cuma perasaanku?,hidup adil banding adil utama ngerasa timpang hidup ekonomi sempat timpang sosial tekan ngerasa hidup adil denger,-1,-1,0.5682476,False,rejected
7011,"Aku ngerasa hidupku stuck, kayak nggak bisa maju. Apa ini karena aku miskin?",ngerasa hidup stuck maju miskin stuck berat situasi ekonomi ngerasa jebak timpang sosial kurang kendali hidup ngerasa stuck kecil hidup ringan,-1,17,0.74866945,True,medium
7012,"Aku merasa hidupku nggak adil, kenapa aku yang selalu susah?",hidup adil susah adil frustrasi timpang senjang ekonomi kurang dukung bukan arti salah tahu susah temuin hadap bareng,-1,0,0.696835,True,medium
7014,"Emilia, aku merasa stres banget karena pekerjaan dan keuangan, apa yang bisa aku lakukan?",stres kerja uang laku tahu berat stres kerja uang kewalahan luang sebentar stres kertas jernih kecil bareng atur prioritas sumber dukung teman paling khawatir,-1,-1,0.6443924,False,rejected
7020,"Aku tinggal di daerah yang miskin, dan aku merasa nggak bisa ngapa-ngapain. Ini bikin aku sedih terus.",tinggal daerah miskin sedih terus tinggal sulit jebak sedih kuat peluang kecil gabung lokal gampang tuju kecil sedih berat bicara peduli ringanin siap denger kapan,-1,17,0.7164744,True,medium
7021,Kenapa ya aku selalu merasa cemas kalau soal uang? Tiap bayar tagihan rasanya deg-degan.,cemas uang bayar tagih degan cemas uang ketat tahu sulit ekonomi rencana kecil catat keluar hemat area paling cemas tagih,-1,-1,0.46837676,False,rejected
7023,"Aku nggak punya rumah, dan kadang aku merasa nggak ada harapan. Apa yang bisa aku lakukan?",harap laku betapa berat situasi hidup tempat tinggal siapa putus organisasi lokal tempat tampung sosial kecil makan tempat awal sendiri dukung,-1,14,0.75547576,True,high
7025,"Aku merasa capek banget ngurusin hidupku yang berantakan, kayak nggak ada harapan. Aku harus apa?",capek ngurusin hidup beranta harap berat dengerin kecil percaya konselor resin program situasi sulit dapetin dukung finansial tempat tinggal tahu bareng ringan,-1,17,0.73813546,True,medium
7029,"Aku ngerasa hidupku nggak ada gunanya, kayak lebih baik aku nggak ada. Apa yang salah sama aku?",ngerasa hidup salah sedih denger ngerasa datang titik rendah arti beneran harga nilai susah kecil hidup bahkan pelihara tanam ngerasa begini,-1,17,0.79630077,True,high
7030,"Aku dan pasanganku punya cara berbeda banget soal ngatur uang, aku stres banget. Apa yang bisa aku lakukan?",pasang ngatur uang stres laku ngatur uang emang stres nilai pasang bicara tuju uang capai bareng solusi bareng bukan terus konflik terapi pasang pola rencana uang bareng,-1,0,0.651971,True,medium
7034,"Saya ibu bekerja dan merasa kewalahan, bikin stres. Bagaimana peran ganda ini memengaruhi, dan apa yang bisa saya lakukan?",kerja kewalahan stres peran ganda pengaruh laku paham kewalahan berat luar peran ganda kerja keluarga stres numpuk ningkatin cemas sehat mental minta pasang keluarga tugas sisih relaksasi meditasi bangga imbang hidup tips kerja kewalahan koping,-1,5,0.7436354,True,medium
7036,"Aku merasa cemas soal keuangan, apa yang bisa kulakukan?",cemas uang laku cemas uang kepala penuh uang sepenuh kendali laku anggar sederhana hemat kecil catat keluar lama minggu cemas ganggu teman keluarga,-1,-1,0.52660483,False,rejected
7039,Aku ngerasa hidupku nggak harmonis. Apa yang bisa aku ubah?,ngerasa hidup harmonis ubah hidup harmonis terlalu condong aspek kerja sampe lupa ngerasa kosong kurang keluarga temen diri sendiri kecil luangin sayang lakuin udah lama tinggal hidup imbang,-1,11,0.7623145,True,high
7040,"Kamu bilang dunia penuh ketidakadilan, tapi kenapa aku harus terima kalau hidupku susah? Aku pengen kehidupan yang lebih baik!",penuh ketidakadilan terima hidup susah hidup dengar hidup terima bukan arti serah beri ruang ubah kecil turut hidup kerjain,-1,17,0.6797813,True,medium
7072,"Aku pengen menulis novel, tapi takut hasilnya jelek. Harus mulai dari mana?",novel takut hasil jelek keren impi takut hasil sempurna jangan henti paragraf perlu sempurna penting kata tuju mimpi novel,-1,21,0.7040646,True,medium
7102,"Aku merasa orang sering nggak ngerti maksudku, kayak beda dunia. Apa ini karena latar belakang kami beda?",latar belakang latar belakang obrol main panggung psikologi persepsi bentuk alam langsung nyampe jembatan paham lucu nyambung jelasin contoh sederhana jelasin momen solusi,-1,-1,0.6208377,False,rejected
7110,Aku ngerasa gak punya bakat apa-apa. Apa ini karena keturunan?,ngerasa bakat turun usah khawatir turun potensi perlu tepat nemuinnya inget inget neng penasaran situ pelan pelan eksplor,-1,0,0.74886584,True,medium
7116,Aku merasa orang lain lebih mudah ngerti sesuatu daripada aku. Apa aku bodoh?,mudah bodoh bodoh cepat butuh cocok tonton catat warni eksplor nyaman jangan banding diri potensi unik,-1,-1,0.6289899,False,rejected
7128,Apakah keyakinan bahwa dunia sederhana bisa membantu mengatasi rasa cemas?,yakin sederhana cemas percaya sederhana kurang cemas jebak kerumit cipta sendiri,-1,-1,0.58824515,False,rejected
7138,Aku sering merasa aku lebih pintar dari orang lain. Tapi kadang aku stuck dan ga bisa selesain masalah. Apa yang salah?,pintar stuck selesain salah percaya diri bagus perlu dengar perspektif siapa tahu sudut pandang stuck alam siapa inspirasi,-1,15,0.7483765,True,medium
7140,"Aku merasa sangat antusias dengan rencanaku, tapi kok nggak ada kemajuan ya?",antusias rencana maju antusias bagus perlu sekadar semangat rencana udah kecil jelas antusiasme lupa rencana realistis,-1,29,0.713583,True,medium
7149,"Emilia, aku suka ngelupas kulit jari sampe berdarah pas cemas. Aku harus diapain?",ngelupas kulit jari sampe darah cemas diapain aduh sakit sampe darah ngelupas kulit kompulsif mirip ganggu eksoriasi pertama jaga kulit infeksi terus ngelola cemas aktivitas bareng,-1,-1,0.60059845,False,rejected
7166,"Aku coba nggak cuci tangan setelah pegang sesuatu, tapi malah stres berat. Apa aku harus terus maksa?",cuci tangan pegang malah stres berat terus maksa tahu berat stres nyaman maksa diri terus strategi tambah overwhelm atur kecil tahan cuci tangan dukung,-1,27,0.73197967,True,medium
7168,Aku merasa nggak bisa berhenti mikirin kuman di tangan. Apa ini cuma aku yang gitu?,henti mikirin kuman tangan sendiri susah henti mikirin kuman nyangkut kepala perhati langsung nurutin,-1,0,0.6573727,True,medium
7170,Aku takut kuman dari sepatu nyebar ke rumah. Makanya aku selalu cuci sepatu. Apa itu salah?,takut kuman sepatu nyebar makanya cuci sepatu salah salah cuci sepatu capek makan takut kuman kuman bahaya kurang frekuensi cuci sepatu perlahan,-1,27,0.68461144,True,medium
7177,"Aku pengen jadi orang yang lebih sabar, tapi kok susah banget. Apa aku nggak cocok jadi orang sabun?",sabar susah cocok sabun hehe sabun sabun sabar sabar terampil cocok susah tekan perhatiin gampang kesel kecil tenang situasi susah,-1,27,0.68388,True,medium
7182,Apa yang dimaksud dengan konsep kosmopolitan dalam hubungan antarmanusia?,konsep kosmopolitan antarmanusia konsep kosmopolitan warga manusia arti sayang pandang suku agama latar belakang luas sayang keluarga hingga seluruh umat manusia,-1,-1,0.43190098,False,rejected
7183,"Aku bingung memilih antara psikolog, psikiater, dan konselor. Apa arti kolaborasi ala Witmer bagiku?",pilih psikolog psikiater konselor arti kolaborasi witmer profesional saling koordinasi butuh penuh psikolog terapi bicara psikiater evaluasi obat,-1,1,0.72609437,True,medium
7199,Aku dari budaya minoritas. Apa terapi bakal cocok buat aku?,minoritas terapi cocok terapi derald wing david terapi emang kurang libat minoritas hasil cocok kelompok mayoritas usaha terapi works masuk psikolog alam khawatir,-1,1,0.73533154,True,medium
7200,Aku orang Asia. Apa terapi yang dites bakal cocok buat aku?,asia terapi cocok terapi derald wing david terapi kurang libat asia minoritas hasil cocok mayoritas usaha terapi works psikolog alam asia khawatir,-1,16,0.71847314,True,medium
7201,Aku Latino. Apa terapi yang diteliti bakal cocok buat budayaku?,latino terapi cocok terapi nyambung latino derald wing david terapi kurang libat latino minoritas hasil cocok mayoritas usaha terapi works psikolog alam latino khawatir,-1,-1,0.56926316,False,rejected
7204,Aku pengen psikolog tahu budayaku. Apa mereka tanya soal ini?,psikolog tahu paham lisa fontes psikolog latar belakang bahasa pake agama penting sudut pandang sendiri nyambung dengerin,-1,1,0.6983906,True,medium
7208,Di mana aja psikolog udah boleh kasih resep obat?,psikolog udah resep obat tempat amerika lampu hijau psikolog klinis resep obat mexico sejak louisiana sejak sana psikolog khusus debat profesi kembang mikirin sehat mental lanjut,-1,1,0.687992,True,medium
7214,Apa psikolog harus tahu sejarah budayaku?,psikolog tahu sejarah psikolog kompeten paham gaya hidup sejarah sosial politik ngaruh hidup kelompok perlu tahu alam sejarah susah percaya terapi nyambung penasaran,-1,1,0.7612109,True,high
7216,Apa aja yang masuk budaya? Cuma etnis doang?,masuk etnis doang etnis sempit etnisitas luas masuk jenis kelamin agama status ekonomi orientasi seksual bahkan tempat tinggal nilai alam unik hidup psikolog kompeten spesial,-1,-1,0.46957827,False,rejected
7217,Apa bedanya pengalaman budayaku kalau aku perempuan dan dari keluarga miskin?,alam perempuan keluarga miskin nanya penting etnis campur jenis kelamin status ekonomi perempuan keluarga miskin alam laki laki kaya etnis psikolog kombinasi terapi hidup dengerin,-1,-1,0.60258543,False,rejected
7220,Aku dari keluarga yang deket banget. Apa psikolog bakal ngerti ini?,keluarga deket psikolog keluarga deket hidup unik psikolog kompeten mirip italia dekat keluarga inggris mandiri sesuain dekat sesuai nilai keluarga psikolog keluarga keluarga dengerin,-1,-1,0.6468016,False,rejected
7226,Aku gay dan dari keluarga religius. Apa ini masuk budaya?,keluarga religius masuk masuk etnis orientasi seksual agama status keluarga keluarga religius alam unik psikolog kompeten kombinasi psikolog latar belakang dengerin,-1,-1,0.5494585,False,rejected
7227,Aku perempuan Asia dari keluarga miskin. Apa ini ngaruh ke terapi?,perempuan asia keluarga miskin ngaruh terapi alam perempuan asia keluarga miskin unik campur etnis jenis kelamin status ekonomi ngaruh psikolog kompeten kombinasi terapi hidup bahas dengerin,-1,-1,0.54675114,False,rejected
7228,Aku dari keluarga yang suka deket-deketan. Apa psikolog bakal judge?,keluarga deket deketan psikolog judge keluarga deket nilai spesial psikolog kompeten judge mirip italia dekat keluarga mandiri sesuain dekat sesuai nilai nilai psikolog keluarga dengerin,-1,-1,0.64499354,False,rejected
7231,Aku dari keluarga miskin dan religius. Apa ini dianggap budaya?,keluarga miskin religius anggap anggap etnis status ekonomi agama nilai keluarga keluarga miskin religius alam unik psikolog kompeten psikolog latar belakang dengerin,-1,-1,0.62112844,False,rejected
7232,Aku dari keluarga yang selalu bareng. Apa psikolog bakal ngerti nilai ini?,keluarga bareng psikolog nilai keluarga bareng ikat kuat psikolog kompeten mirip italia dekat keluarga mandiri sesuain dekat sesuai nilai nilai psikolog keluarga dengerin,-1,5,0.7035468,True,medium
7233,Saya susah peduli sama penderitaan orang yang jauh atau beda dari saya. Bagaimana cara lebih peka?,susah peduli derita jauh peka tahu derita jauh buku nyata peduli kecil baca berita global posisi rasain donasi bencana daerah kecil hati susah peduli hati peka,-1,-1,0.62123823,False,rejected
7256,"Kalau aku menghindari tempat atau orang yang bikin aku teringat trauma, itu normal nggak?",hindar tempat ingat trauma hindar ingat trauma otak lindung diri sakit hindar batas hidup hadap detail hindar,-1,26,0.8326947,True,high
7265,"Saya merasa sulit bangkit setelah kegagalan. Apa itu resiliensi, dan bagaimana saya bisa lebih kuat menghadapi masalah?",sulit bangkit gagal resiliensi kuat hadap gagal down resiliensi semangat bangkit resiliensi batin jatuh tetap jaga sehat mental resilien pandang positif dukung gagal bukan akhir alam kuat stuck kecil,-1,0,0.7532573,True,high
7270,"Aku merasa nggak bisa move on dari kesalahan masa lalu, gimana caranya?",move salah masa jebak salah masa berat psikologi jiwa simpan luka perlu proses dokumen jaga jiwa masuk hidup sesuai nilai terima salah jalan surat diri sendiri lepas sulit percaya,-1,26,0.7603842,True,high
7288,Aku kadang pengen nggak hidup aja. Apa ini berbahaya?,hidup bahaya sedih denger serius abai butuh dekat profesional sendiri dengerin jalan bareng,-1,32,0.74507976,True,medium
7312,Aku lagi mikir hal buruk. Apa wawancara krisis bisa bantu cepet?,mikir wawancara krisis cepet takut john sommers flanagan rita sommers flanagan wawancara krisis khusus cepet ngerasa ujung bunuh diri psikolog denger empati jalan keluar ngerasa psikolog hotline dengerin,-1,32,0.79074275,True,high
7315,Bagaimana cara berhenti menyalahkan diri sendiri atas semua hal?,henti salah diri sendiri meta fakta bawah kendali realistis kata porsi sisa bukan lepas beban ekstra beri diri afirmasi manusia salah dekat jalan konsep self compassion,-1,0,0.6941217,True,medium
7331,Aku sering kesal sama orang lain karena mereka nggak ngerti aku. Apa yang salah sama aku?,kesal salah salah pandang sendiri bukan arti peduli rasain tenang nyalahin tetap garis jaga hati sendiri,-1,0,0.79919887,True,high
7332,"Aku ngerasa hidup ini nggak adil, kenapa aku nggak bisa kayak orang lain? Aku salah nggak?",ngerasa hidup adil salah hidup adil bukan salah tantang sendiri kontrol usaha sikap syukur ringan hidup adil,-1,33,0.7599291,True,high
7335,Aku merasa nggak ada yang peduli sama aku karena aku punya gangguan mental. Kamu pikir aku salah nggak?,peduli ganggu mental salah sendiri arti layak cinta paham alami bukan arti peduli kelompok dukung ngertiin dukung nemenin,-1,0,0.7819202,True,high
7336,Aku ngerasa apa yang aku lakukan di masa lalu itu nggak bisa dimaafin. Aku nggak tahu cara maafin diri sendiri.,ngerasa laku masa dimaafin tahu maafin diri sendiri maafin diri sendiri emang gampang ngerasa laku berat sengaja nyakitin manusia salah surat diri sendiri sesal harap ubah,-1,0,0.7935764,True,high
7337,Aku suka ngerasa malu banget kalau salah ngomong. Gimana biar nggak gitu?,ngerasa malu salah ngomong malu terlalu kuat cemas tambah parah terima emosi hakim diri sendiri nama emotional acceptance diri sendiri salah ngomong bareng,-1,0,0.7873534,True,high
7340,"Aku pengen orang lain peduli sama aku, tapi rasanya nggak ada yang ngerti. Apa aku minta terlalu banyak?",peduli minta terlalu perhati manusiawi dekat bahkan dukung,-1,0,0.6889812,True,medium
7343,Aku merasa bersalah tiap habis minum banyak. Gimana caranya biar nggak gitu lagi?,salah habis salah berat peduli diri sendiri ngurangin kecil kurang jumlah aktivitas senang maafin diri sendiri salah,-1,35,0.81421596,True,high
7345,Aku ngerasa nggak pantas dicintai karena kesalahan yang pernah aku buat. Gimana caranya aku bisa nerima diri sendiri?,ngerasa pantas cinta salah nerima diri sendiri pantas cinta sedih ngerasa lupa salah layak cinta nulis diri sendiri kecil bareng diri,-1,0,0.7349583,True,medium
7347,"Kalau gagal dan saya merasa malu, apa yang sebaiknya saya lakukan?",gagal malu laku malu manusiawi ingat diri momen siapa laku tenang bila perlu bicara teman dekat percaya,-1,35,0.73874784,True,medium
7348,"Apa yang harus saya katakan saat butuh pelukan, tapi canggung mengungkapkan?",kata butuh peluk canggung ungkap jujur cemas minta peluk senang tahu butuh,-1,18,0.71953,True,medium
7349,Bagaimana memperbaiki komunikasi saat terjadi kesalahan medis minor?,komunikasi salah medis minor segera jelas minta maaf tulus jelas cegah masa depan transparansi empati turun potensi litigasi,-1,35,0.65066606,True,medium
7352,Aku merasa malu banget kalau orang lain tahu kesalahan aku. Gimana biar nggak gitu?,malu tahu salah malu muncul nilai salah terima salah malu dengerin judgement,-1,35,0.8071377,True,high
7357,"Tapi kalau aku bantu orang lain, bukannya aku cuma cari kepuasan buat diriku sendiri? Itu munafik, kan?",bukan puas diri sendiri munafik munafik niat teman bukan musuh alami bukan pura pura salah bahagia senang,-1,0,0.72000206,True,medium
7358,Aku merasa dunia ini penuh orang yang nggak adil. Semua orang kayaknya cuma bikin aku rugi. Apa aku salah lihat?,penuh adil rugi salah gampang jebak mikir jahat kesal perhati kesal malah dukung imbang,-1,35,0.70467937,True,medium
7368,Aku sering merasa bersalah karena nggak bisa membantu orang-orang yang kesusahan. Apa yang bisa aku lakukan?,salah susah laku peduli tunjuk hati perlu salah kecil dengar temen butuh curhat kecil arti,-1,0,0.75669384,True,high
7370,"Aku sering merasa kesal sama diriku sendiri, gimana cara berdamai?",kesal diri sendiri damai damai diri sendiri proses syukur diri kecil perlahan terima cinta diri,-1,33,0.7615744,True,high
7372,"Aku malu banget sama kegagalanku, sampe nggak berani cerita ke orang lain. Apa yang harus aku lakuin?",malu gagal sampe berani lakuin malu manusiawi gagal kurang harga percaya jurnal beban ringan paling malu gagal,-1,0,0.7451265,True,medium
7373,Aku malu banget karena dihina di depan temen-temen. Gimana cara ngatasinnya?,malu hina depan temen temen ngatasinnya malu berat jangan definisi hadap malu hina justru nunjukin pilih tetap diri situ,-1,35,0.7259041,True,medium
7375,Aku pengen semua orang suka sama aku. Apa itu salah?,salah hilang diri sendiri bahaya terima,-1,0,0.74897933,True,medium
7378,Aku merasa bersalah karena sering membenarkan kesalahan kecilku. Gimana cara berhenti?,salah salah kecil henti salah beri izin diri sendiri terus salah jujur diri sendiri perlu salah kecil kecil,-1,35,0.77920187,True,high
7379,Aku pengen semua orang suka sama aku. Apa itu salah?,salah manusiawi korban diri sendiri bahaya terima,-1,32,0.6832521,True,medium
7381,"Aku nggak bisa nerima kesalahan aku, rasanya nyesel terus.",nerima salah terus peduli jangan biarin nahan salah salah susah nerima salah,-1,18,0.7423643,True,medium
7398,"Saya coba berhenti merokok, tapi kambuh saat minum kopi, dan itu bikin down. Bagaimana pencegahan kekambuhan membantu, dan apa yang bisa saya lakukan?",henti rokok kambuh kopi down cegah kambuh laku kuat udah henti kambuh cegah kambuh ajarin koping situasi kopi kopi herbal ngunyah permen sehat mental siap picu kopi pagi solusi simpan sehat dekat situasi kambuh koping,-1,36,0.65280455,True,medium
7412,"Emilia, kalau aku merasa cemas terus, itu lebih karena genetik atau lingkungan, ya?",cemas terus genetik cemas datang genetik rentan tekan kerja keluarga nyala cemas tenang risiko cemas kurang cemas akhir akhir,-1,-1,0.6151719,False,rejected
7426,"Emilia, aku takut kalau gangguan mentalku ini bakal tambah parah karena aku punya beberapa gejala barengan. Itu normal nggak?",takut ganggu mental tambah parah beberapa gejala bareng khawatir ganggu mental alami sebut komorbiditas arti beberapa ganggu muncul kondisi berat cukup umum tangan profesional udah bicara psikolog psikiater,-1,23,0.76793253,True,high
7446,"Saya takut tahu soal risiko genetik saya, tapi pengen paham. Apa itu konseling genetik, dan bagaimana itu bisa bantu saya?",takut tahu risiko genetik paham konseling genetik berani tahu risiko genetik luar konseling genetik proses ahli paham risiko genetikmu sakit turun saran laku cegah pandu ketidakpastian jelas konselor cemas dokter konselor genetik daerah takut konseling,-1,-1,0.64104927,False,rejected
7447,"Saya takut tahu risiko genetik saya karena sering depresi. Bagaimana ini bisa memengaruhi saya, dan apa yang bisa saya lakukan?",takut tahu risiko genetik depresi pengaruh laku tahu takut nyata riwayat depresi sendiri tahu risiko genetik sakit cemas ketidakpastian berat rentan depresi kuat konselor genetik jelas jelas dukung emosional jaga sehat mental laku relaksasi meditasi temen dekat takut siapa bicara,-1,23,0.7033932,True,medium
7450,"Setelah kehilangan seseorang, aku nggak tahu lagi siapa diriku. Gimana cara menemukan diriku lagi?",hilang tahu siapa diri diri hilang hilang diri luangin kenal diri nilai diri kreativitas laku bahagia olahraga proses butuh perlahan siapa kuat,-1,29,0.7262587,True,medium
7455,"Apakah teori Maslow berlaku untuk semua orang, termasuk saya yang merasa berbeda dari orang lain?",teori laku masuk bagus teori paham butuh beberapa cocok individu unik kejar bahagia butuh paling penting kejar makna dukung,-1,15,0.66375124,True,medium
7457,"Saya merasa selalu menyenangkan orang lain. Apakah saya tipe penurut, dan bagaimana cara berubah?",senang tipe turut ubah peka pola diri keren karen horney tipe turut tuju kurang cemas butuh istirahat pribadi utama ubah butuh butuh prioritas,-1,-1,0.5090091,False,rejected
7461,Aku ngerasa hidupku nggak berarti kalau nggak produktif setiap hari. Aku salah nggak sih mikir gitu?,ngerasa hidup arti produktif salah mikir ngerasa hidup arti produktif capek sendiri ngerasa sempurna harga lakuin ngerasa produktif terus,-1,11,0.6794702,True,medium
7464,Aku suka niat olahraga tapi sering hilang motivasi di tengah jalan. Apa ada cara biar lebih konsisten?,niat olahraga hilang motivasi tengah jalan konsisten alami salah efektif teman pribadi damping ingat dukung mudah jaga komitmen target kecil realistis,-1,29,0.79912215,True,high
7465,Saya sering bingung mengapa saya tertarik pada hal-hal yang membuat saya 'bahagia' meski kadang merugikan. Kenapa begitu?,bahagia rugi otak hadiah picu lepas dopamin harap senang motivasi kejar hadiah rentan beri puas cepat makan perilaku adiktif pola pertama pilih bijak,-1,-1,0.6407956,False,rejected
7467,Apakah selalu baik mengelilingi diri dengan orang yang lebih pintar? Saya khawatir merasa inferior.,keliling diri pintar khawatir inferior sikap imbang dekat tantang rangsang didik terus terus rendah sehat tantang sekaligus suportif dorong rendah,-1,0,0.73076606,True,medium
7468,Apakah mencari dukungan malah bikin aku sulit sembuh?,dukung malah sulit sembuh dukung emosional penting dorong aktivitas sehat bukan izin malas malas tetap target progresif dekat,-1,29,0.75406885,True,high
7474,"Aku ngerasa terjebak sama kebiasaan buruk, kayak menunda-nunda. Gimana cara keluar dari situ?",ngerasa jebak tunda nunda keluar situ procrastinating emang susah ubah bukan pecah tugas males kecil kerja reward kecil diri sendiri ngopi nonton susah tunda takut sempurna ingat progress penting perfektion,-1,29,0.78641635,True,high
7478,Kadang aku pengen ngelakuin hal yang aku tahu nggak baik. Gimana caranya aku ngontrol diri?,ngelakuin tahu ngontrol diri dorong ngelakuin kuat datang hawa nafsu puas cepat kenal picu dorong stres bosan dorong muncul aktivitas jalan jalan psikolog teknik ngelola dorong kuasa,-1,29,0.8464271,True,high
7484,"Aku merasa hidupku stuck, nggak ada kemajuan. Apa aku kurang berusaha?",hidup stuck maju kurang usaha waduh enak bukan arti kurang usaha sedang butuh dorong tuju nali potensi gali semangat,-1,29,0.8296335,True,high
7490,Aku sering ngerasa hidupku stagnan. Gimana caranya biar merasa bergerak maju?,ngerasa hidup stagnan gerak maju stagnan frustrasi tuju kecil spesifik skill progressmu kecil inget gerak maju deket tuju,-1,17,0.77398455,True,high
7491,Aku merasa nggak ada yang mendukung aku. Gimana caranya aku tetap kuat?,dukung tetap kuat dukung dukung diri sendiri ingat momen hasil lewat tantang kuat laku bareng dukung,-1,0,0.7731488,True,high
7492,Aku merasa hidupku nggak punya arah. Gimana caranya nemuin motivasi lagi?,hidup arah nemuin motivasi hilang arah inget inget semangat kecil situ laku tindak sederhana hidup yakin percik,-1,29,0.8997253,True,high
7494,Aku merasa capek sama hidup yang gini-gini aja. Apa yang bisa aku coba biar semangat lagi?,capek hidup semangat capek excited positif keluar zona nyaman nyalain semangat dukung,-1,33,0.6907395,True,medium
7498,"Aku pengen jadi orang hebat, tapi kok kayaknya jauh banget ya? Apa aku harus push diri mati-matian?",jauh push diri mati mati push diri burnout kecil laku sesuai tuju kecil dekat versi proses bukan hasil berat definisi,-1,28,0.74712396,True,medium
7499,Aku merasa cape karena selalu semangat tapi nggak ada hasil. Harus gimana?,cape semangat hasil cape energi habis semangat istirahat jenak daftar udah capai kurang susun ulang prioritas,-1,31,0.71088505,True,medium
