question;answer;from;filename;document_preprocessed;Topic;Probability;Top_n_words;Name;Document
Sebagai orang tua baru, apa kunci membangun ‘ibu baik’ dalam memori bayi?;Responi kebutuhan cepat, tatap mata penuh kasih, dan hadir konsisten. Bayi belajar: dunia aman, aku berharga.;GPT;A1_GPT_PsikologiKepribadian102-118_50.json;kunci memori responi butuh cepat tatap mata penuh hadir konsisten harga;6;1.0;otak - lupa - ingat - kecil - ulang - susah - simpan - materi - lama - kenang;6_otak_ulang_lupa_ingat;kunci memori responi butuh cepat tatap mata penuh hadir konsisten harga
Aku susah banget nginget daftar belanjaan kalau lebih dari lima barang. Ada cara nggak biar aku lebih gampang nginget?;"Daftar belanjaan itu emang suka kabur dari otak, ya, apalagi kalau panjang! Otak kita cuma bisa nyimpen sekitar tujuh hal di memori jangka pendek, jadi wajar kok. Coba pakai teknik ‘chunking’: kelompokkan barang jadi kategori, misalnya ‘sayur: bayam, kolplay; dapur: garam, minyak.’ Atau, bikin lagu pendek dari daftarnya—kocak tapi bikin nempel! Juga, tulis di HP kalau mendadak lupa. Ceritain daftar yang suka bikin pusing, aku bantu bikin trik yang seru!";GROK;A3_GROK_PsikologiKomunikasi35-46_25.json;susah nginget daftar belanja lima barang gampang nginget daftar belanja emang kabur otak panjang otak nyimpen tujuh memori jangka pendek teknik chunking kelompok barang kategori bayam kolplay dapur garam minyak pendek daftar kocak nempel dadak lupa daftar pusing trik seru;6;1.0;otak - lupa - ingat - kecil - ulang - susah - simpan - materi - lama - kenang;6_otak_ulang_lupa_ingat;susah nginget daftar belanja lima barang gampang nginget daftar belanja emang kabur otak panjang otak nyimpen tujuh memori jangka pendek teknik chunking kelompok barang kategori bayam kolplay dapur garam minyak pendek daftar kocak nempel dadak lupa daftar pusing trik seru
Aku sering lupa pelajaran lama pas belajar yang baru. Kenapa ya, dan gimana caranya biar nggak gitu?;Itu kayak otak kita lagi main ‘overwrite’ sama memori lama! Fenomena ini disebut inhibisi retroaktif, di mana info baru bisa bikin info lama kabur. Biar nggak lupa, coba ulas pelajaran lama sebentar sebelum belajar yang baru—misalnya, baca catatan 10 menit. Juga, pakai teknik pengelompokan atau ceritain pelajaran itu ke temen, biar nempel di memori jangka panjang. Ceritain pelajaran apa yang suka lupa, aku bantu kasih trik buat ngingetnya!;GROK;A3_GROK_PsikologiKomunikasi35-46_25.json;lupa lama otak main overwrite memori lama fenomena sebut inhibisi retroaktif info info lama kabur lupa ulas lama sebentar baca catat teknik kelompok temen nempel memori jangka panjang lupa trik ngingetnya;6;1.0;otak - lupa - ingat - kecil - ulang - susah - simpan - materi - lama - kenang;6_otak_ulang_lupa_ingat;lupa lama otak main overwrite memori lama fenomena sebut inhibisi retroaktif info info lama kabur lupa ulas lama sebentar baca catat teknik kelompok temen nempel memori jangka panjang lupa trik ngingetnya
Aku pengen bisa nginget pelajaran buat ujian lebih lama. Gimana caranya biar info nempel di memori jangka panjang?;Nginget pelajaran buat ujian itu kayak nyanyi lagu favorit, harus sering dilatih biar nempel! Secara psikologi, biar masuk memori jangka panjang, coba pakai teknik rehearsal—ulang materi dengan cara seru, seperti bikin flashcards atau ceritain ke temen. Juga, gunakan ‘chunking’, misalnya kelompokkan materi jadi 3-4 bagian kecil. Visualisasikan konsepnya, kayak bayangin grafik di kepala. Ceritain mata pelajaran yang susah diinget, aku bantu kasih strategi yang asyik!;GROK;A3_GROK_PsikologiKomunikasi35-46_25.json;nginget lama info nempel memori jangka panjang nginget favorit nempel psikologi masuk memori jangka panjang teknik rehearsal ulang materi seru flashcards temen chunking kelompok materi kecil visualisasi konsep bayangin grafik kepala mata susah diinget strategi asyik;6;1.0;otak - lupa - ingat - kecil - ulang - susah - simpan - materi - lama - kenang;6_otak_ulang_lupa_ingat;nginget lama info nempel memori jangka panjang nginget favorit nempel psikologi masuk memori jangka panjang teknik rehearsal ulang materi seru flashcards temen chunking kelompok materi kecil visualisasi konsep bayangin grafik kepala mata susah diinget strategi asyik
Apakah menutup mata bisa bikin otak lebih segar?;Betul, menutup mata sejenak bisa memberi kesempatan indra lain bekerja lebih optimal. Itu bisa meningkatkan fokus, memori, bahkan kreativitas. Jadi kalau merasa lelah, coba luangkan waktu duduk tenang dengan mata terpejam. Itu sederhana, tapi bisa menenangkan pikiranmu.;GPT;D13_GPT_BrainPower112-122_10.json;tutup mata otak segar betul tutup mata jenak beri sempat indra kerja optimal tingkat memori bahkan kreativitas lelah luang duduk tenang mata pejam sederhana tenang;6;1.0;otak - lupa - ingat - kecil - ulang - susah - simpan - materi - lama - kenang;6_otak_ulang_lupa_ingat;tutup mata otak segar betul tutup mata jenak beri sempat indra kerja optimal tingkat memori bahkan kreativitas lelah luang duduk tenang mata pejam sederhana tenang
Seberapa sering saya harus melatih memori agar ada perubahan nyata?;Konsistensi penting. Latihan kecil setiap hari—mengulang nama, menghafal satu baris atau menguji diri setiap pagi—akan membantu memperkuat koneksi saraf yang menyimpan memori.;GPT;D13_GPT_BrainPower35-45_20.json;berapa memori ubah nyata konsistensi penting kecil ulang nama hafal baris diri pagi kuat koneksi saraf simpan memori;6;1.0;otak - lupa - ingat - kecil - ulang - susah - simpan - materi - lama - kenang;6_otak_ulang_lupa_ingat;berapa memori ubah nyata konsistensi penting kecil ulang nama hafal baris diri pagi kuat koneksi saraf simpan memori
Saya sering lupa minum air dan merasa pusing. Seberapa penting hidrasi untuk otak?;"Sangat penting. Otak sekitar 73% air—dehidrasi menyebabkan pusing, kurang konsentrasi, dan gangguan fungsi kognitif. Usahakan minum 8–12 cangkir sehari dan periksa warna urin; yang jernih atau kuning pucat menandakan hidrasi baik.";GPT;D13_GPT_BrainPower35-45_20.json;lupa pusing berapa penting hidrasi otak penting otak dehidrasi pusing kurang konsentrasi ganggu fungsi kognitif usaha cangkir periksa urin jernih kuning pucat hidrasi;6;1.0;otak - lupa - ingat - kecil - ulang - susah - simpan - materi - lama - kenang;6_otak_ulang_lupa_ingat;lupa pusing berapa penting hidrasi otak penting otak dehidrasi pusing kurang konsentrasi ganggu fungsi kognitif usaha cangkir periksa urin jernih kuning pucat hidrasi
Ada banyak informasi setiap hari, saya cepat lupa hal baru. Ada trik agar tidak lupa?;Coba aturan delapan detik: fokuskan perhatian pada informasi baru setidaknya selama delapan detik agar berpindah dari memori jangka pendek ke jangka panjang. Ulangi informasi itu beberapa kali, lalu tes diri Anda. Teknik sederhana ini meningkatkan kemungkinan Anda mengingatnya nanti.;GPT;D13_GPT_BrainPower57-67_19.json;cepat lupa trik lupa atur delapan detik perhati lama delapan detik pindah memori jangka pendek jangka panjang ulang beberapa diri teknik sederhana tingkat ingat;6;1.0;otak - lupa - ingat - kecil - ulang - susah - simpan - materi - lama - kenang;6_otak_ulang_lupa_ingat;cepat lupa trik lupa atur delapan detik perhati lama delapan detik pindah memori jangka pendek jangka panjang ulang beberapa diri teknik sederhana tingkat ingat
Saya ingin memperbaiki rutinitas agar otak lebih 'sehat'. Rutinitas pagi sederhana apa yang bisa saya coba?;Pertimbangkan kebiasaan singkat: beberapa menit latihan pernapasan atau relaksasi, sarapan dengan buah/ sayur, dan satu tugas kecil yang merangsang pikiran (mis. membaca 10 menit atau teka-teki singkat). Konsistensi harian akan membantu otak beradaptasi ke kebiasaan sehat.;GPT;D13_GPT_BrainPower57-67_19.json;otak sehat pagi sederhana timbang singkat beberapa relaksasi sarap tugas kecil rangsang baca teka teki singkat konsistensi otak adaptasi sehat;6;1.0;otak - lupa - ingat - kecil - ulang - susah - simpan - materi - lama - kenang;6_otak_ulang_lupa_ingat;otak sehat pagi sederhana timbang singkat beberapa relaksasi sarap tugas kecil rangsang baca teka teki singkat konsistensi otak adaptasi sehat
Saya sudah mencoba membaca keras tapi tetap lupa. Apa yang harus dilakukan?;Kombinasikan teknik: bagi informasi menjadi bagian kecil, ulang secara berkala (spaced repetition), hubungkan informasi baru dengan yang sudah kamu kenal, dan pastikan tidur cukup. Jika masalah memori signifikan, konsultasikan profesional medis.;GPT;D13_GPT_BrainPower79-89_30.json;baca tetap lupa laku kombinasi teknik kecil ulang kala spaced repetition kenal tidur cukup memori signifikan konsultasi profesional medis;6;1.0;otak - lupa - ingat - kecil - ulang - susah - simpan - materi - lama - kenang;6_otak_ulang_lupa_ingat;baca tetap lupa laku kombinasi teknik kecil ulang kala spaced repetition kenal tidur cukup memori signifikan konsultasi profesional medis
Saya sering takut istirahat lalu tidak bisa kembali fokus lagi. Bagaimana mengatur jeda efektif?;Batasi jeda singkat (mis. 5–10 menit), lakukan aktivitas yang berbeda secara kognitif (jalan sebentar, minum air), dan gunakan timer supaya kamu kembali bekerja segera. Jeda yang terstruktur biasanya membantu menyegarkan otak tanpa mengganggu ritme kerja.;GPT;D13_GPT_BrainPower79-89_30.json;takut istirahat atur jeda efektif batas jeda singkat laku aktivitas kognitif jalan sebentar timer kerja segera jeda struktur segar otak ganggu ritme kerja;6;1.0;otak - lupa - ingat - kecil - ulang - susah - simpan - materi - lama - kenang;6_otak_ulang_lupa_ingat;takut istirahat atur jeda efektif batas jeda singkat laku aktivitas kognitif jalan sebentar timer kerja segera jeda struktur segar otak ganggu ritme kerja
Saya malas melatih memori karena merasa sudah 'tua' dan tidak bisa berubah. Masih ada harapan?;"Otak bisa dilatih — penelitian menunjukkan perbaikan ingatan lewat latihan yang tepat. Mulai dengan latihan sederhana: mengelompokkan informasi, membuat gambaran visual untuk mengingat urutan, atau latihan pengulangan yang terstruktur. Hasilnya bertahap; beri diri Anda pujian untuk konsistensi, bukan ekspektasi instan.";GPT;D13_GPT_BrainPower90-100_10.json;malas memori ubah harap otak tunjuk ingat lewat tepat sederhana kelompok visual ingat urut ulang struktur hasil tahap beri diri puji konsistensi bukan ekspektasi instan;6;1.0;otak - lupa - ingat - kecil - ulang - susah - simpan - materi - lama - kenang;6_otak_ulang_lupa_ingat;malas memori ubah harap otak tunjuk ingat lewat tepat sederhana kelompok visual ingat urut ulang struktur hasil tahap beri diri puji konsistensi bukan ekspektasi instan
Aku merasa sulit untuk belajar akhir-akhir ini, rasanya otakku nggak bisa nyambung. Apa yang bisa aku lakukan?;Wah, aku tahu rasanya kadang otak kayak nggak mau diajak kerja sama. Coba kita lihat dari sisi proses belajar. Mungkin kamu bisa mulai dengan menciptakan suasana yang nyaman, seperti belajar di tempat yang nggak bikin stres. Juga, coba pecah materi jadi bagian kecil biar nggak overwhelning. Kalau kamu merasa stuck, mungkin istirahat sebentar atau coba metode baru, seperti buat catatan visual. Apa kamu sudah coba sesuatu yang biasanya membantu?;GROK;D3_GROK_PengantarPsikologiAdnan111-121_20.json;sulit akhir akhir otak nyambung laku tahu otak kerja sisi proses cipta suasana nyaman tempat stres pecah materi kecil overwhelning stuck istirahat sebentar metode catat visual;6;1.0;otak - lupa - ingat - kecil - ulang - susah - simpan - materi - lama - kenang;6_otak_ulang_lupa_ingat;sulit akhir akhir otak nyambung laku tahu otak kerja sisi proses cipta suasana nyaman tempat stres pecah materi kecil overwhelning stuck istirahat sebentar metode catat visual
Aku merasa ingatanku lelet kalau disuruh mengingat cepet. Gimana caranya biar lebih baik?;Ingatan yang terasa lelet itu bisa dilatih, kok. Kadang otak kita butuh waktu buat nyambungin informasi. Coba main game memori, seperti mencocokkan kartu, atau ulang informasi kecil dengan suara keras, misalnya nama-nama benda. Jangan lupa istirahat yang cukup dan makan makanan sehat, karena otak yang segar lebih gampang nyimpan informasi.;GROK;D3_GROK_PengantarPsikologiAdnan69-79_20.json;ingat lelet suruh ingat cepet ingat lelet otak butuh nyambungin main game memori cocok kartu ulang kecil nama nama benda jangan lupa istirahat cukup makan makan sehat otak segar gampang nyimpan;6;1.0;otak - lupa - ingat - kecil - ulang - susah - simpan - materi - lama - kenang;6_otak_ulang_lupa_ingat;ingat lelet suruh ingat cepet ingat lelet otak butuh nyambungin main game memori cocok kartu ulang kecil nama nama benda jangan lupa istirahat cukup makan makan sehat otak segar gampang nyimpan
Aku kadang lupa sama hal yang baru aku pelajari. Apa itu wajar?;Lupa sama hal baru itu wajar banget, karena otak kita nggak simpan semuanya langsung. Biasanya, kita perlu ngulang beberapa kali biar informasi nempel. Coba ulang pelajaran itu dengan cara yang beda, seperti bikin peta pikiran atau ceritain ke temen. Juga, pastikan kamu nggak terlalu capek, karena otak yang lelah susah nyimpan informasi baru.;GROK;D3_GROK_PengantarPsikologiAdnan69-79_20.json;lupa lupa otak simpan langsung perlu ngulang beberapa nempel ulang peta temen terlalu capek otak lelah susah nyimpan;6;1.0;otak - lupa - ingat - kecil - ulang - susah - simpan - materi - lama - kenang;6_otak_ulang_lupa_ingat;lupa lupa otak simpan langsung perlu ngulang beberapa nempel ulang peta temen terlalu capek otak lelah susah nyimpan
Aku merasa belajar itu sia-sia karena cepet lupa. Apa yang salah?;Belajar memang bisa terasa berat kalau informasinya cepat hilang dari ingatan. Tapi, nggak ada yang salah denganmu kok. Proses belajar itu melibatkan cara otak menyimpan informasi, dan kadang butuh pengulangan biar ‘nempel’. Coba pecah materi jadi bagian kecil dan ulang pelan-pelan. Juga, pastikan kamu belajar di tempat yang nyaman, biar otakmu lebih fokus.;GROK;D3_GROK_PengantarPsikologiAdnan80-88_20.json;cepet lupa salah berat cepat hilang ingat salah proses libat otak simpan butuh ulang nempel pecah materi kecil ulang pelan pelan tempat nyaman otak;6;1.0;otak - lupa - ingat - kecil - ulang - susah - simpan - materi - lama - kenang;6_otak_ulang_lupa_ingat;cepet lupa salah berat cepat hilang ingat salah proses libat otak simpan butuh ulang nempel pecah materi kecil ulang pelan pelan tempat nyaman otak
Aku merasa ingatanku penuh. Bisa nggak sih otak kehabisan ruang?;Hehe, rasanya kayak otak penuh ya, kayak hard disk? Tenang, otak kita nggak benar-benar kehabisan ruang, tapi memang bisa kewalahan kalau terlalu banyak informasi masuk sekaligus. Coba kurangi distraksi saat belajar atau fokus pada satu hal dulu. Juga, tidur yang cukup bisa bantu otak menyortir informasi, jadi ingatanmu lebih teratur.;GROK;D3_GROK_PengantarPsikologiAdnan80-88_20.json;ingat penuh otak habis ruang hehe otak penuh hard disk tenang otak habis ruang kewalahan terlalu masuk sekaligus kurang distraksi tidur cukup otak sortir ingat atur;6;1.0;otak - lupa - ingat - kecil - ulang - susah - simpan - materi - lama - kenang;6_otak_ulang_lupa_ingat;ingat penuh otak habis ruang hehe otak penuh hard disk tenang otak habis ruang kewalahan terlalu masuk sekaligus kurang distraksi tidur cukup otak sortir ingat atur
Aku pengen bisa belajar lebih cepat. Gimana caranya?;Pengen belajar lebih cepat itu semangat yang keren! Setiap orang punya kecepatan belajar yang beda, tapi kamu bisa coba trik sederhana, seperti bikin ringkasan dengan kata-katamu sendiri atau ajak temen diskusi materi. Itu bikin otakmu lebih aktif menyimpan informasi. Jangan lupa istirahat, ya, biar otak nggak kelelahan.;GROK;D3_GROK_PengantarPsikologiAdnan80-88_20.json;cepat cepat semangat keren cepat trik sederhana ringkas kata kata sendiri temen diskusi materi otak simpan jangan lupa istirahat otak lelah;6;1.0;otak - lupa - ingat - kecil - ulang - susah - simpan - materi - lama - kenang;6_otak_ulang_lupa_ingat;cepat cepat semangat keren cepat trik sederhana ringkas kata kata sendiri temen diskusi materi otak simpan jangan lupa istirahat otak lelah
Kenapa aku lupa sama pelajaran padahal udah belajar keras?;Aku tahu rasanya frustrasi kalau udah belajar keras tapi lupa. Ingatan itu nggak cuma soal belajar, tapi juga cara informasi disimpan di otak. Mungkin kamu bisa coba ulang materi dalam porsi kecil tiap hari, daripada belajar banyak sekaligus. Itu bantu otak menyimpan lebih kuat. Sabun sabun, kamu pasti bisa!;GROK;D3_GROK_PengantarPsikologiAdnan80-88_20.json;lupa padahal udah tahu frustrasi udah lupa ingat simpan otak ulang materi porsi kecil sekaligus otak simpan kuat sabun sabun;6;1.0;otak - lupa - ingat - kecil - ulang - susah - simpan - materi - lama - kenang;6_otak_ulang_lupa_ingat;lupa padahal udah tahu frustrasi udah lupa ingat simpan otak ulang materi porsi kecil sekaligus otak simpan kuat sabun sabun
Aku merasa otakku lambat nyerna informasi. Apa yang salah?;Nggak ada yang salah denganmu, kok. Setiap orang punya cara otak memproses informasi yang berbeda. Kalau merasa lambat, mungkin otakmu lagi capek atau terlalu banyak distraksi. Coba belajar di tempat tenang dan pecah informasi jadi bagian kecil. Juga, jangan lupa kasih otakmu waktu istirahat, biar kerjanya lebih optimal.;GROK;D3_GROK_PengantarPsikologiAdnan80-88_20.json;otak lambat nyerna salah salah otak proses lambat otak capek terlalu distraksi tempat tenang pecah kecil jangan lupa otak istirahat kerja optimal;6;1.0;otak - lupa - ingat - kecil - ulang - susah - simpan - materi - lama - kenang;6_otak_ulang_lupa_ingat;otak lambat nyerna salah salah otak proses lambat otak capek terlalu distraksi tempat tenang pecah kecil jangan lupa otak istirahat kerja optimal
Aku pengen ingatan yang lebih tajam. Apa yang bisa aku coba?;Ingatan yang tajam itu memang bikin hidup lebih mudah, ya. Kamu bisa latih otakmu dengan main puzzle, baca buku, atau coba teknik mengingat seperti mengaitkan informasi dengan gambar lucu. Juga, pastikan kamu cukup tidur, karena saat tidur otak menyimpan informasi lebih baik. Pelan-pelan, kamu akan lihat perubahan.;GROK;D3_GROK_PengantarPsikologiAdnan80-88_20.json;ingat tajam ingat tajam hidup mudah otak main puzzle baca buku teknik ingat kait lucu cukup tidur tidur otak simpan pelan pelan ubah;6;1.0;otak - lupa - ingat - kecil - ulang - susah - simpan - materi - lama - kenang;6_otak_ulang_lupa_ingat;ingat tajam ingat tajam hidup mudah otak main puzzle baca buku teknik ingat kait lucu cukup tidur tidur otak simpan pelan pelan ubah
Aku merasa otakku lelet buat mengingat pelajaran. Ada saran?;Belajar itu memang kadang terasa berat, tapi kamu bisa coba teknik belajar ulang. Setelah belajar, coba ulas lagi materi itu dalam beberapa hari, misalnya dengan bikin catatan ringkas atau ceritain ke temen. Ini membantu otak menyimpan informasi lebih lama. Jangan lupa istirahat cukup, karena otak yang lelah susah menyerap informasi. Kamu pasti bisa, asal konsisten!;GROK;D3_GROK_PengantarPsikologiAdnan89-99_20.json;otak lelet ingat saran berat teknik ulang ulas materi beberapa catat ringkas temen otak simpan lama jangan lupa istirahat cukup otak lelah susah serap asal konsisten;6;1.0;otak - lupa - ingat - kecil - ulang - susah - simpan - materi - lama - kenang;6_otak_ulang_lupa_ingat;otak lelet ingat saran berat teknik ulang ulas materi beberapa catat ringkas temen otak simpan lama jangan lupa istirahat cukup otak lelah susah serap asal konsisten
Aku sering lupa apa yang baru aku pelajari. Apa yang bisa aku lakukan?;Itu bisa terjadi kalau informasi nggak sering diulang. Coba ulas materi itu dalam beberapa hari, misalnya dengan bikin flashcard atau ceritain ke orang lain. Juga, pastikan kamu cukup tidur, karena otak menyimpan informasi lebih baik saat kita istirahat. Sabun-sabun, ya, nggak perlu buru-buru.;GROK;D3_GROK_PengantarPsikologiAdnan89-99_20.json;lupa laku ulang ulas materi beberapa flashcard cukup tidur otak simpan istirahat sabun sabun perlu buru buru;6;1.0;otak - lupa - ingat - kecil - ulang - susah - simpan - materi - lama - kenang;6_otak_ulang_lupa_ingat;lupa laku ulang ulas materi beberapa flashcard cukup tidur otak simpan istirahat sabun sabun perlu buru buru
Aku susah fokus, jadi sering lupa apa yang baru dipelajari. Ada saran nggak?;Fokus emang kadang susah, apalagi kalau banyak distraksi. Coba belajar dalam waktu singkat, misalnya 25 menit, lalu istirahat. Atau, gunakan catatan visual seperti peta pikiran untuk bantu otak menyimpan info. Kalau masih susah, cek juga apakah kamu cukup istirahat atau ada hal lain yang bikin pikiran terpecah. Kamu pasti bisa menemukan cara yang cocok!;GROK;D4_GROK_PengantarPsikologiBimoW145-155_20.json;susah lupa saran emang susah distraksi singkat istirahat catat visual peta otak simpan info susah cukup istirahat pecah cocok;6;1.0;otak - lupa - ingat - kecil - ulang - susah - simpan - materi - lama - kenang;6_otak_ulang_lupa_ingat;susah lupa saran emang susah distraksi singkat istirahat catat visual peta otak simpan info susah cukup istirahat pecah cocok
Aku sering lupa sama pelajaran yang baru aku pelajari. Apa ya yang bisa aku lakukan biar ingat lebih lama?;Wajar kok kalau kamu merasa cepat lupa, apalagi kalau materinya banyak. Coba deh ulang-ulang pelajaran itu sesering mungkin, misalnya dengan bikin catatan kecil atau mind map. Belajar sedikit-sedikit tapi sering lebih oke daripada belajar lama sekaligus. Misalnya, luangkan 2 jam sehari selama beberapa hari, daripada 8 jam nonstop. Oh iya, setelah belajar, coba istirahat atau tidur, soalnya itu membantu otak menyimpan informasi lebih baik.;GROK;D4_GROK_PengantarPsikologiBimoW167-177_20.json;lupa laku ingat lama cepat lupa materi ulang ulang catat kecil mind lama sekaligus luang lama beberapa nonstop istirahat tidur otak simpan;6;1.0;otak - lupa - ingat - kecil - ulang - susah - simpan - materi - lama - kenang;6_otak_ulang_lupa_ingat;lupa laku ingat lama cepat lupa materi ulang ulang catat kecil mind lama sekaligus luang lama beberapa nonstop istirahat tidur otak simpan
Aku suka bingung kalau disuruh ngingat banyak hal sekaligus. Ada tips nggak biar nggak kewalahan?;Pasti rasanya overwhelming ya kalau banyak yang harus diingat. Coba pecah-pecah informasinya jadi bagian kecil, lalu ulang satu per satu. Misalnya, kalau lagi belajar, fokus dulu sama satu topik, bikin ringkasan, baru lanjut ke topik lain. Jangan lupa istirahat, soalnya otak butuh waktu buat nyerna. Kalau masih kewalahan, mungkin coba teknik asosiasi, seperti menghubungkan info baru sama sesuatu yang udah kamu tahu.;GROK;D4_GROK_PengantarPsikologiBimoW167-177_20.json;suruh ngingat sekaligus tips kewalahan overwhelming ingat pecah pecah kecil ulang topik ringkas lanjut topik jangan lupa istirahat otak butuh nyerna kewalahan teknik asosiasi info udah tahu;6;1.0;otak - lupa - ingat - kecil - ulang - susah - simpan - materi - lama - kenang;6_otak_ulang_lupa_ingat;suruh ngingat sekaligus tips kewalahan overwhelming ingat pecah pecah kecil ulang topik ringkas lanjut topik jangan lupa istirahat otak butuh nyerna kewalahan teknik asosiasi info udah tahu
Aku merasa belajar tuh capek banget, apalagi kalau harus ulang-ulang. Ada cara biar lebih seru nggak?;Belajar emang bisa bikin lelah, apalagi kalau monoton. Coba bikin prosesnya lebih fun, misalnya pakai kartu flash, aplikasi kuis, atau ajak temen buat belajar bareng sambil bikin tantangan. Ulang-ulang itu penting biar otak makin kuat nyimpan info, tapi kamu bisa coba variasi, seperti bikin lagu dari materi atau ceritain ulang pakai kata-katamu sendiri. Jadi nggak cuma hafalan, tapi lebih kayak petualangan.;GROK;D4_GROK_PengantarPsikologiBimoW167-177_20.json;capek ulang ulang seru emang lelah monoton proses kartu flash aplikasi kuis temen bareng tantang ulang ulang penting otak makin kuat nyimpan info variasi materi ulang kata kata sendiri hafal tualang;6;1.0;otak - lupa - ingat - kecil - ulang - susah - simpan - materi - lama - kenang;6_otak_ulang_lupa_ingat;capek ulang ulang seru emang lelah monoton proses kartu flash aplikasi kuis temen bareng tantang ulang ulang penting otak makin kuat nyimpan info variasi materi ulang kata kata sendiri hafal tualang
Aku takut lupa sama pelajaran penting pas ujian. Gimana caranya biar nggak blank?;Rasa takut blank pas ujian itu wajar, kok. Biar nggak lupa, coba biasakan ulang-ulang materi secara rutin, tapi jangan cuma baca. Coba tulis ringkasan, ajarin temen, atau bikin soal sendiri. Ini bikin otak lebih aktif mengingat. Pas ujian, kalau tiba-tiba blank, tarik napas dalam-dalam, fokus ke satu pertanyaan dulu, biar ingatanmu pelan-pelan balik. Jangan lupa tidur cukup sebelum ujian ya, itu penting banget.;GROK;D4_GROK_PengantarPsikologiBimoW167-177_20.json;takut lupa penting blank takut blank lupa ulang ulang materi rutin jangan baca ringkas ajarin temen sendiri otak ingat blank ingat pelan pelan balik jangan lupa tidur cukup penting;6;1.0;otak - lupa - ingat - kecil - ulang - susah - simpan - materi - lama - kenang;6_otak_ulang_lupa_ingat;takut lupa penting blank takut blank lupa ulang ulang materi rutin jangan baca ringkas ajarin temen sendiri otak ingat blank ingat pelan pelan balik jangan lupa tidur cukup penting
Kadang aku merasa belajar itu sia-sia karena cepat lupa. Apa aku yang salah?;Nggak ada yang salah sama kamu, kok. Lupa itu bagian alami dari cara otak kita bekerja, karena nggak semua informasi bisa disimpan selamanya. Yang penting, coba ubah cara belajarmu biar lebih nempel. Misalnya, ulang materi secara rutin, bikin catatan yang menarik, atau hubungkan sama pengalaman pribadi. Belajar itu kayak menanam benih, butuh waktu dan perawatan biar tumbuh kuat. Kamu pasti bisa!;GROK;D4_GROK_PengantarPsikologiBimoW167-177_20.json;cepat lupa salah salah lupa alami otak kerja simpan lama penting ubah nempel ulang materi rutin catat alam pribadi tanam benih butuh awat tumbuh kuat;6;1.0;otak - lupa - ingat - kecil - ulang - susah - simpan - materi - lama - kenang;6_otak_ulang_lupa_ingat;cepat lupa salah salah lupa alami otak kerja simpan lama penting ubah nempel ulang materi rutin catat alam pribadi tanam benih butuh awat tumbuh kuat
Aku sering ngerasa otakku penuh kalau belajar banyak. Gimana ngatasinnya?;Rasa ‘penuh’ itu tanda otakmu butuh jeda. Coba atur jadwal belajar dengan sesi pendek, misalnya 25 menit belajar, 5 menit istirahat. Teknik ini bikin otak nggak kelelahan. Jangan lupa tidur cukup, karena tidur membantu otak mengatur ulang informasi. Kalau masih terasa berat, coba pilih satu topik dulu, bikin ringkasan, baru lanjut. Pelan-pelan aja, nggak perlu buru-buru.;GROK;D4_GROK_PengantarPsikologiBimoW167-177_20.json;ngerasa otak penuh ngatasinnya penuh otak butuh jeda atur jadwal sesi pendek istirahat teknik otak lelah jangan lupa tidur cukup tidur otak atur ulang berat pilih topik ringkas lanjut pelan pelan perlu buru buru;6;1.0;otak - lupa - ingat - kecil - ulang - susah - simpan - materi - lama - kenang;6_otak_ulang_lupa_ingat;ngerasa otak penuh ngatasinnya penuh otak butuh jeda atur jadwal sesi pendek istirahat teknik otak lelah jangan lupa tidur cukup tidur otak atur ulang berat pilih topik ringkas lanjut pelan pelan perlu buru buru
Aku pengen belajar lebih efektif. Apa sih rahasia belajar yang bikin cepat ngerti?;Nggak ada rahasia instan, tapi ada cara yang bikin belajar lebih efektif. Pertama, pecah materi jadi bagian kecil biar nggak overwheliming. Kedua, ulang-ulang dengan cara yang variatif, seperti bikin catatan, kuis, atau ceritain ke temen. Ketiga, pastikan kamu istirahat dan tidur cukup, karena otak nyerna informasi pas kita tidur. Yang terakhir, bikin koneksi sama apa yang kamu suka, biar materi terasa lebih personal dan gampang diingat.;GROK;D4_GROK_PengantarPsikologiBimoW167-177_20.json;efektif rahasia cepat rahasia instan efektif pertama pecah materi kecil overwheliming ulang ulang variatif catat kuis temen istirahat tidur cukup otak nyerna tidur akhir koneksi materi personal gampang ingat;6;1.0;otak - lupa - ingat - kecil - ulang - susah - simpan - materi - lama - kenang;6_otak_ulang_lupa_ingat;efektif rahasia cepat rahasia instan efektif pertama pecah materi kecil overwheliming ulang ulang variatif catat kuis temen istirahat tidur cukup otak nyerna tidur akhir koneksi materi personal gampang ingat
Aku pengen hafal banyak hal dalam waktu singkat. Apa yang harus aku lakuin?;Hafal banyak dalam waktu singkat itu sulit, tapi bukan nggak mungkin. Pertama, pecah materi jadi bagian kecil, lalu fokus satu per satu. Gunakan teknik asosiasi, seperti bikin cerita atau gambar dari info itu. Ulang-ulang dengan interval, misalnya 1 jam setelah belajar, lalu keesokan harinya. Jangan lupa tidur, karena tidur bantu otak simpan memori. Tapi jangan terlalu ngoyo ya, kasih waktu otakmu istirahat.;GROK;D4_GROK_PengantarPsikologiBimoW167-177_20.json;hafal singkat lakuin hafal singkat sulit bukan pertama pecah materi kecil teknik asosiasi info ulang ulang interval esok jangan lupa tidur tidur otak simpan memori jangan terlalu ngoyo otak istirahat;6;1.0;otak - lupa - ingat - kecil - ulang - susah - simpan - materi - lama - kenang;6_otak_ulang_lupa_ingat;hafal singkat lakuin hafal singkat sulit bukan pertama pecah materi kecil teknik asosiasi info ulang ulang interval esok jangan lupa tidur tidur otak simpan memori jangan terlalu ngoyo otak istirahat
Aku pengen belajar efektif tanpa buang waktu. Apa yang harus aku perhatiin?;Biar belajar efektif, pertama, pecah materi jadi bagian kecil biar nggak kewalahan. Kedua, ulang-ulang dengan cara yang variatif, seperti bikin catatan, kuis, atau ajarin temen. Ketiga, pastikan kamu istirahat dan tidur cukup, karena otak nyerna informasi pas kita tidur. Terakhir, fokus sama apa yang kamu pelajari, matiin distraksi seperti HP. Dengan cara ini, waktu belajarmu bakal lebih maksimal.;GROK;D4_GROK_PengantarPsikologiBimoW167-177_20.json;efektif buang perhatiin efektif pertama pecah materi kecil kewalahan ulang ulang variatif catat kuis ajarin temen istirahat tidur cukup otak nyerna tidur akhir matiin distraksi maksimal;6;1.0;otak - lupa - ingat - kecil - ulang - susah - simpan - materi - lama - kenang;6_otak_ulang_lupa_ingat;efektif buang perhatiin efektif pertama pecah materi kecil kewalahan ulang ulang variatif catat kuis ajarin temen istirahat tidur cukup otak nyerna tidur akhir matiin distraksi maksimal
Aku sering lupa sama pelajaran yang udah aku pelajari. Gimana biar inget terus?;Lupa itu wajar kok, otak kita kadang perlu diingetin ulang. Coba ulang materi itu dengan cara yang beda, misalnya bikin ringkasan atau ajarin temen. Latihan rutin, meski sebentar, juga bikin informasi lebih nempel. Dan pastikan kamu cukup tidur, soalnya tidur itu kayak 'save button' buat otak. Apa yang biasanya bikin kamu lupa? Mungkin kita bisa cari polanya.;GROK;D4_GROK_PengantarPsikologiBimoW178-188_20.json;lupa udah inget terus lupa otak perlu diingetin ulang ulang materi ringkas ajarin temen rutin sebentar nempel cukup tidur tidur save button otak lupa pola;6;1.0;otak - lupa - ingat - kecil - ulang - susah - simpan - materi - lama - kenang;6_otak_ulang_lupa_ingat;lupa udah inget terus lupa otak perlu diingetin ulang ulang materi ringkas ajarin temen rutin sebentar nempel cukup tidur tidur save button otak lupa pola
Aku pernah coba belajar semaleman, tapi malah lupa semua. Kenapa ya gitu?;Wah, belajar semaleman itu sebenarnya kurang efektif, karena otak butuh istirahat buat memproses informasi. Kalau kamu begadang, otak malah kelelahan dan susah nyimpan memori. Lebih baik belajar dalam sesi pendek, misalnya 2 jam sehari selama beberapa hari. Setelah belajar, coba tidur, karena tidur membantu otak menyimpan apa yang kamu pelajari. Jadi, jangan paksain diri ya, kasih waktu buat otakmu bernapas.;GROK;D4_GROK_PengantarPsikologiBimoW167-177_20.json;maleman malah lupa maleman kurang efektif otak butuh istirahat proses begadang otak malah lelah susah nyimpan memori sesi pendek lama beberapa tidur tidur otak simpan jangan paksain diri otak;6;0.6196095694271375;otak - lupa - ingat - kecil - ulang - susah - simpan - materi - lama - kenang;6_otak_ulang_lupa_ingat;maleman malah lupa maleman kurang efektif otak butuh istirahat proses begadang otak malah lelah susah nyimpan memori sesi pendek lama beberapa tidur tidur otak simpan jangan paksain diri otak
Aku bingung sama banyak informasi di kepalaku. Gimana cara ngaturnya?;Banyak informasi bisa bikin kepala penuh, ya. Coba tulis semua yang ada di pikiranmu, kayak bikin peta pikiran. Pisahin mana yang penting dan mana yang bisa ditunda. Kalau lagi belajar, fokus pada satu topik dulu, dan ulang pelan-pelan. Kadang, otak kita juga perlu istirahat biar nggak overload. Apa yang lagi bikin kamu bingung? Ceritain, mungkin aku bisa bantu urutin!;GROK;D4_GROK_PengantarPsikologiBimoW178-188_20.json;kepala ngaturnya kepala penuh peta pisahin penting tunda topik ulang pelan pelan otak perlu istirahat overload urutin;6;0.6173278079161048;otak - lupa - ingat - kecil - ulang - susah - simpan - materi - lama - kenang;6_otak_ulang_lupa_ingat;kepala ngaturnya kepala penuh peta pisahin penting tunda topik ulang pelan pelan otak perlu istirahat overload urutin
Aku merasa apa yang aku lihat kadang nggak sesuai sama kenyataan. Kenapa?;Itu bisa terjadi karena otak kita kadang mencoba mengisi kekosongan informasi. Misalnya, lihat sesuatu dari jauh dan kira itu burung, padahal cuma daun. Coba dekati atau perhatikan lebih lama, biar otak punya waktu memproses dengan benar. Kalau sering bingung, mungkin kamu lagi capek atau stres, jadi istirahat juga penting.;GROK;D3_GROK_PengantarPsikologiAdnan89-99_20.json;sesuai nyata otak kosong jauh burung padahal daun dekat perhati lama otak proses capek stres istirahat penting;6;0.5917314271890423;otak - lupa - ingat - kecil - ulang - susah - simpan - materi - lama - kenang;6_otak_ulang_lupa_ingat;sesuai nyata otak kosong jauh burung padahal daun dekat perhati lama otak proses capek stres istirahat penting
Kenapa sih aku susah banget mengingat pelajaran di sekolah?;Aku paham, belajar itu kadang terasa berat, apalagi kalau informasinya banyak. Setiap orang punya kecepatan berbeda dalam memasukkan informasi ke ingatan. Ada yang cepat, ada yang butuh waktu lebih. Mungkin kamu bisa coba belajar dengan cara yang lebih cocok buatmu, seperti bikin catatan warna-warni atau jelasin materi ke temen. Itu bisa bantu otakmu lebih mudah nyimpan informasi.;GROK;D3_GROK_PengantarPsikologiAdnan80-88_20.json;susah ingat sekolah paham berat cepat masuk ingat cepat butuh cocok catat warni jelasin materi temen otak mudah nyimpan;6;0.5478833178224439;otak - lupa - ingat - kecil - ulang - susah - simpan - materi - lama - kenang;6_otak_ulang_lupa_ingat;susah ingat sekolah paham berat cepat masuk ingat cepat butuh cocok catat warni jelasin materi temen otak mudah nyimpan
Aku nggak bisa berhenti nangis tiap inget kehilangan yang aku alami. Apa aku lemah?;Nangis itu bukan tanda lemah, itu tanda kamu sedang merasakan sesuatu yang dalam. Kehilangan memang nggak mudah, dan setiap air mata adalah bagian dari prosesmu. Kalau mau, kita bisa coba cari cara untuk mengenang orang itu dengan cara yang bikin kamu merasa lebih tenang. Aku di sini buat nemenin, ya.;GROK;D12_GROK_ClinicalHandbookPsychologicalDisorders341-351_20.json;henti nang inget hilang alami lemah nang bukan lemah sedang hilang mudah mata proses kenang tenang nemenin;6;0.5299933233920036;otak - lupa - ingat - kecil - ulang - susah - simpan - materi - lama - kenang;6_otak_ulang_lupa_ingat;henti nang inget hilang alami lemah nang bukan lemah sedang hilang mudah mata proses kenang tenang nemenin
Aku kadang merasa pusing kalau lihat sesuatu yang warnanya terlalu mencolok. Itu kenapa?;Warna mencolok bisa bikin otak bekerja lebih keras buat memprosesnya, apalagi kalau kamu lagi capek atau stres. Ini bisa bikin pusing atau nggak nyaman. Coba istirahatkan mata dengan lihat warna yang lebih netral, seperti hijau atau biru, dan pastikan kamu cukup istirahat.;GROK;D4_GROK_PengantarPsikologiBimoW123-133_20.json;pusing terlalu colok colok otak kerja proses capek stres pusing nyaman istirahat mata netral hijau biru cukup istirahat;6;0.5295458584707476;otak - lupa - ingat - kecil - ulang - susah - simpan - materi - lama - kenang;6_otak_ulang_lupa_ingat;pusing terlalu colok colok otak kerja proses capek stres pusing nyaman istirahat mata netral hijau biru cukup istirahat
Aku ngerasa kewalahan sama banyaknya hal yang harus aku perhatiin. Ada tips?;Aku ngerti, rasanya kayak semua minta perhatian. Coba pilah mana yang paling urgent, fokus ke situ dulu. Sisanya, biarin nunggu. Kalau masih rame, coba teknik grounding: pegang sesuatu, tarik napas, dan perhatikan teksturnya. Itu bantu otakmu balik ke 'sekarang'.;GROK;D4_GROK_PengantarPsikologiBimoW112-122_20.json;ngerasa kewalahan perhatiin tips minta perhati pilah paling urgent situ sisa biarin nunggu rame teknik grounding pegang perhati tekstur otak balik;6;0.4608113437170347;otak - lupa - ingat - kecil - ulang - susah - simpan - materi - lama - kenang;6_otak_ulang_lupa_ingat;ngerasa kewalahan perhatiin tips minta perhati pilah paling urgent situ sisa biarin nunggu rame teknik grounding pegang perhati tekstur otak balik
Aku sering lupa sama yang udah aku pelajari. Gimana biar inget terus?;Lupa itu manusiawi banget, apalagi kalau materinya banyak. Coba ulang materi secara rutin, tapi nggak usah lama-lama, cukup 5-10 menit sehari. Bikin catatan kecil atau flashcard juga bisa membantu. Kalau kamu suka visual, bikin peta pikiran biar koneksi antar ide lebih jelas. Yang penting, jangan terlalu tegang, santai aja biar otak nggak stres. Apa yang biasanya bikin kamu inget sesuatu?;GROK;D3_GROK_PengantarPsikologiAdnan111-121_20.json;lupa udah inget terus lupa manusiawi materi ulang materi rutin usah lama lama cukup catat kecil flashcard visual peta koneksi antar jelas penting jangan terlalu tegang santai otak stres inget;6;0.4595477660450104;otak - lupa - ingat - kecil - ulang - susah - simpan - materi - lama - kenang;6_otak_ulang_lupa_ingat;lupa udah inget terus lupa manusiawi materi ulang materi rutin usah lama lama cukup catat kecil flashcard visual peta koneksi antar jelas penting jangan terlalu tegang santai otak stres inget
Aku suka males ulang-ulang pelajaran. Ada cara biar tetep ingat tanpa ulang terus?;Hehe, males ulang-ulang itu manusiawi banget. Tapi sayangnya, ulang-ulang itu kunci biar otak simpan info lebih lama. Biar nggak bosen, coba ubah caranya, misalnya bikin video pendek tentang materi, atau jelasin ke temen pake gaya santai. Kalau pengen minim ulang, pastikan pas belajar pertama kali kamu bener-bener paham, bikin koneksi sama pengalamanmu, biar lebih nempel di otak.;GROK;D4_GROK_PengantarPsikologiBimoW167-177_20.json;males ulang ulang ingat ulang terus hehe males ulang ulang manusiawi sayang ulang ulang kunci otak simpan info lama bosen ubah pendek materi jelasin temen pake gaya santai minim ulang pertama paham koneksi alam nempel otak;6;0.4425473400938679;otak - lupa - ingat - kecil - ulang - susah - simpan - materi - lama - kenang;6_otak_ulang_lupa_ingat;males ulang ulang ingat ulang terus hehe males ulang ulang manusiawi sayang ulang ulang kunci otak simpan info lama bosen ubah pendek materi jelasin temen pake gaya santai minim ulang pertama paham koneksi alam nempel otak
Apa tanda bandwidth kognitifku tersedot rumination?;Kamu membaca satu halaman buku tapi tak ingat isinya, atau sering lupa menaruh barang. Itu sinyal pikiran repetitif mengambil ruang fokus.;GPT;A1_GPT_EmotionalFirstAid23-45_50.json;bandwidth kognitif sedot rumination baca halaman buku ingat lupa taruh barang repetitif ruang;6;0.4342984410919602;otak - lupa - ingat - kecil - ulang - susah - simpan - materi - lama - kenang;6_otak_ulang_lupa_ingat;bandwidth kognitif sedot rumination baca halaman buku ingat lupa taruh barang repetitif ruang
Kenapa ya aku susah banget ngapalin pelajaran? Padahal aku udah usaha.;Ngapalin memang bisa bikin frustasi kalau nggak ketemu cara yang pas. Mungkin kamu bisa coba hubungkan materi dengan sesuatu yang kamu suka, seperti bikin cerita atau lagu dari pelajaran itu. Atau, coba ulang materi dengan cara yang berbeda, misalnya ajak temen buat diskusi. Kadang, otak kita butuh 'klik' dari cara yang nggak biasa. Apa kamu punya cara favorit buat ngapalin sesuatu?;GROK;D3_GROK_PengantarPsikologiAdnan111-121_20.json;susah ngapalin padahal udah usaha ngapalin frustasi materi ulang materi temen diskusi otak butuh klik favorit ngapalin;6;0.4178261483137017;otak - lupa - ingat - kecil - ulang - susah - simpan - materi - lama - kenang;6_otak_ulang_lupa_ingat;susah ngapalin padahal udah usaha ngapalin frustasi materi ulang materi temen diskusi otak butuh klik favorit ngapalin
Aku sering lupa sama hal-hal yang udah aku pelajari, apa ini normal?;Lupa itu hal yang sangat manusiawi. Ingatan kita kadang perlu pengulangan supaya lebih kuat. Coba ulang materi pelan-pelan, mungkin dengan catatan kecil atau ceritain ke temen. Dengan latihan rutin, kamu pasti bisa mengingat lebih lama.;GROK;D3_GROK_PengantarPsikologiAdnan100-110_20.json;lupa udah lupa manusiawi ingat perlu ulang kuat ulang materi pelan pelan catat kecil temen rutin ingat lama;6;0.3857611922168365;otak - lupa - ingat - kecil - ulang - susah - simpan - materi - lama - kenang;6_otak_ulang_lupa_ingat;lupa udah lupa manusiawi ingat perlu ulang kuat ulang materi pelan pelan catat kecil temen rutin ingat lama
Aku pengen punya kebiasaan baik, tapi selalu gagal. Apa yang salah?;Membentuk kebiasaan baru emang nggak gampang, dan gagal itu bagian dari proses, kok. Mungkin kamu coba terlalu banyak sekaligus. Fokus ke satu kebiasaan dulu, misalnya minum air putih tiap bangun pagi. Buat jadi mudah, seperti taruh botol air di dekat kasur. Kalau lupa, jangan menyerah, coba lagi besok. Catat progresmu biar kamu lihat seberapa jauh kamu udah berusaha. Kamu pasti bisa, pelan-pelan aja.;GROK;D4_GROK_PengantarPsikologiBimoW79-89_20.json;gagal salah bentuk emang gampang gagal proses terlalu sekaligus putih pagi mudah taruh botol dekat kasur lupa jangan serah catat progres berapa jauh udah usaha pelan pelan;6;0.3844870635597832;otak - lupa - ingat - kecil - ulang - susah - simpan - materi - lama - kenang;-1_diri_takut_sendiri_kecil;gagal salah bentuk emang gampang gagal proses terlalu sekaligus putih pagi mudah taruh botol dekat kasur lupa jangan serah catat progres berapa jauh udah usaha pelan pelan
Aku suka main teka-teki silang, tapi kok aku tetap merasa mudah lupa ya?;Itu wajar, teka-teki silang memang menyenangkan tapi tidak selalu melatih memori secara nyata. Otak lebih terlatih ketika kita menghadapi masalah di dunia nyata, misalnya menghafal daftar belanja atau mencoba cara baru dalam rutinitas. Jadi tetap boleh main teka-teki, tapi tambahkan aktivitas yang menantang pikiranmu sehari-hari juga.;GPT;D13_GPT_BrainPower24-34_11.json;main teka teki silang tetap mudah lupa teka teki silang senang memori nyata otak hadap nyata hafal daftar belanja tetap main teka teki tambah aktivitas tantang;6;0.3842164356043344;otak - lupa - ingat - kecil - ulang - susah - simpan - materi - lama - kenang;6_otak_ulang_lupa_ingat;main teka teki silang tetap mudah lupa teka teki silang senang memori nyata otak hadap nyata hafal daftar belanja tetap main teka teki tambah aktivitas tantang
Aku kadang nggak bisa ngomong karena lupa kata yang mau aku ucapkan. Apa ini serius?;Itu bisa terjadi kalau kamu sedang lelah, stres, atau otakmu kelebihan beban. Namanya ‘blocking’, dan biasanya nggak serius kalau cuma sesekali. Coba tarik napas dalam dan beri waktu sebentar, biasanya kata itu muncul lagi. Tapi kalau sering banget dan bikin frustrasi, mungkin kita bisa coba cari tahu apa yang lagi bikin kamu tertekan. Ceritain, kejadian ini sering nggak?;GROK;D4_GROK_PengantarPsikologiBimoW156-166_20.json;ngomong lupa kata serius sedang lelah stres otak beban nama blocking serius sekal beri sebentar kata muncul frustrasi tahu tekan;6;0.3808045159333179;otak - lupa - ingat - kecil - ulang - susah - simpan - materi - lama - kenang;-1_diri_takut_sendiri_kecil;ngomong lupa kata serius sedang lelah stres otak beban nama blocking serius sekal beri sebentar kata muncul frustrasi tahu tekan
Aku merasa otakku makin lambat, gampang lupa, dan sulit fokus. Apa itu berarti aku mulai sakit?;Tidak selalu berarti ada penyakit serius. Kadang otak kita hanya kurang dilatih. Sama seperti otot, otak juga butuh latihan rutin. Coba tantang dirimu dengan hal-hal baru: membaca buku yang agak rumit, menyelesaikan puzzle, atau belajar keterampilan baru. Bukan untuk jadi sempurna, tapi supaya otak tetap terstimulasi. Kalau gejalanya semakin berat, tetap baik untuk diskusi dengan tenaga medis ya.;GPT;D13_GPT_BrainPower101-111_10.json;otak makin lambat gampang lupa sulit arti sakit arti sakit serius otak kurang otak butuh rutin tantang diri baca buku rumit puzzle terampil bukan sempurna otak tetap stimulasi gejala makin berat tetap diskusi tenaga medis;6;0.3804003885445951;otak - lupa - ingat - kecil - ulang - susah - simpan - materi - lama - kenang;6_otak_ulang_lupa_ingat;otak makin lambat gampang lupa sulit arti sakit arti sakit serius otak kurang otak butuh rutin tantang diri baca buku rumit puzzle terampil bukan sempurna otak tetap stimulasi gejala makin berat tetap diskusi tenaga medis
Kadang saya merasa overwhelmed dengan pikiran saya. Bagaimana cara mengatasinya?;Pikiran yang berlarian memang bisa bikin kewalahan, ya? Carl Gustav Jung bilang ego kita bertugas menyaring apa yang masuk ke kesadaran, tapi kadang terlalu banyak informasi masuk. Coba teknik sederhana: tarik napas dalam selama 4 detik, tahan 4 detik, lalu keluarkan 4 detik. Ini membantu menenangkan pikiran. Juga, tulis satu atau dua pikiran yang paling mengganggu untuk ‘mengeluarkannya’ dari kepala. Mau coba dan ceritain rasanya?;GROK;A1_GROK_PsikologiKepribadian61-83_99.json;overwhelmed lari kewalahan tugas nyaring masuk terlalu masuk teknik sederhana lama detik tahan detik keluar detik tenang paling ganggu keluar kepala;6;0.3734996635817411;otak - lupa - ingat - kecil - ulang - susah - simpan - materi - lama - kenang;-1_diri_takut_sendiri_kecil;overwhelmed lari kewalahan tugas nyaring masuk terlalu masuk teknik sederhana lama detik tahan detik keluar detik tenang paling ganggu keluar kepala
Saya sulit mengingat hal-hal kecil, apakah berbicara keras bisa membantu?;"Dokumen menyatakan berbicara keras dapat membantu memori karena melibatkan jalur pendengaran selain visual. Coba baca informasi penting dengan suara keras atau jelaskan sesuatu pada orang lain; teknik multisensor seperti itu bisa membantu retensi.";GPT;D13_GPT_BrainPower79-89_30.json;sulit ingat kecil bicara dokumen nyata bicara memori libat jalur dengar visual baca penting jelas teknik multisensor retensi;6;0.3668984114972108;otak - lupa - ingat - kecil - ulang - susah - simpan - materi - lama - kenang;6_otak_ulang_lupa_ingat;sulit ingat kecil bicara dokumen nyata bicara memori libat jalur dengar visual baca penting jelas teknik multisensor retensi
Aku suka kepikiran masalah lama yang nggak selesai. Kayaknya pikiranku nggak bisa lepas. Apa yang bisa aku lakuin?;Itu bisa terasa berat banget, ya. Kadang pikiran kita terus muter soal masalah yang belum selesai karena otak kita masih nyari solusi. Coba luangkan waktu buat tulis semua yang ada di pikiranmu soal itu, kayak curhat di kertas. Itu bisa bantu bikin pikiranmu lebih lega. Kalau mau, kita bisa coba urutin apa yang bikin kamu kepikiran itu.;GROK;D4_GROK_PengantarPsikologiBimoW189-199_20.json;lama lepas lakuin berat terus muter otak nyari solusi luang curhat kertas lega urutin;6;0.3566119405310646;otak - lupa - ingat - kecil - ulang - susah - simpan - materi - lama - kenang;6_otak_ulang_lupa_ingat;lama lepas lakuin berat terus muter otak nyari solusi luang curhat kertas lega urutin
Saya kesulitan mengubah kebiasaan lama. Apakah otak memang membatasi perubahan?;Pengalaman membentuk sirkuit saraf melalui proses seperti mielinasi—jalur yang sering dipakai menjadi lebih efisien. Itu membuat kebiasaan terasa alami. Meski sulit, Anda masih bisa mengubahnya: dengan latihan berulang, perhatian sadar, dan konsistensi, jalur baru bisa terbentuk dan menjadi lebih kuat dari waktu ke waktu. Mulailah langkah kecil dan beri waktu.;GPT;D13_GPT_BrainPower57-67_19.json;sulit ubah lama otak batas ubah alam bentuk sirkuit saraf proses mielinasi jalur efisien alami sulit ubah ulang perhati konsistensi jalur bentuk kuat kecil beri;6;0.3460191375577675;otak - lupa - ingat - kecil - ulang - susah - simpan - materi - lama - kenang;6_otak_ulang_lupa_ingat;sulit ubah lama otak batas ubah alam bentuk sirkuit saraf proses mielinasi jalur efisien alami sulit ubah ulang perhati konsistensi jalur bentuk kuat kecil beri
Saya sering teringat kenangan buruk. Apakah itu normal?;Kamu tidak sendiri, dan wajar banget kalau kenangan buruk muncul sesekali. Carl Gustav Jung bilang tak sadar pribadi kita menyimpan pengalaman yang mungkin kita tekan atau lupakan. Kenangan itu bisa muncul untuk mengingatkan kita ada sesuatu yang perlu diproses. Coba tulis kenangan itu di kertas dan pikirkan: apa pelajaran yang bisa diambil? Atau, ceritakan ke teman dekat untuk meringankan. Kalau mau, coba share apa yang lagi bikin kamu terpikirkan.;GROK;A1_GROK_PsikologiKepribadian61-83_99.json;ingat kenang sendiri kenang muncul sekal pribadi simpan alam tekan lupa kenang muncul ingat perlu proses kenang kertas teman dekat ringan;6;0.3452648719667174;otak - lupa - ingat - kecil - ulang - susah - simpan - materi - lama - kenang;6_otak_ulang_lupa_ingat;ingat kenang sendiri kenang muncul sekal pribadi simpan alam tekan lupa kenang muncul ingat perlu proses kenang kertas teman dekat ringan
Aku takut lupa kenangan penting dalam hidupku. Apa yang bisa aku lakukan?;Rasa takut itu wajar, karena kenangan penting adalah bagian dari diri kita. Untuk menjaga kenangan, coba tulis cerita atau buat jurnal tentang momen-momen itu. Foto atau benda kecil juga bisa membantu mengingatkan. Ingatan kita memang nggak selalu simpan semua detail, tapi dengan cara ini, kamu bisa menjaga yang paling berarti. Apa ada kenangan khusus yang kamu takut lupa?;GROK;D4_GROK_PengantarPsikologiBimoW156-166_20.json;takut lupa kenang penting hidup laku takut kenang penting diri jaga kenang jurnal momen momen benda kecil ingat ingat simpan detail jaga paling arti kenang khusus takut lupa;6;0.3438791417828853;otak - lupa - ingat - kecil - ulang - susah - simpan - materi - lama - kenang;6_otak_ulang_lupa_ingat;takut lupa kenang penting hidup laku takut kenang penting diri jaga kenang jurnal momen momen benda kecil ingat ingat simpan detail jaga paling arti kenang khusus takut lupa
Saya ingin melatih ingatan saya, tapi tidak tahu harus mulai dari mana. Ada saran sederhana?;Bagus kamu mau mencoba. Mulailah dengan hal-hal yang menyenangkan: lihat foto lama atau tonton video yang memicu kenangan, bercerita dengan teman tentang masa lalu, atau coba permainan memori singkat. Aktivitas nostalgia ini dapat menstimulasi memori jangka panjang dan membantu meningkatkan fungsi kognitif. Lakukan secara rutin, tapi jangan paksa kalau terasa melelahkan.;GPT;D13_GPT_BrainPower46-56_22.json;ingat tahu saran sederhana bagus senang lama tonton picu kenang teman masa main memori singkat aktivitas nostalgia stimulasi memori jangka panjang tingkat fungsi kognitif laku rutin jangan paksa lelah;6;0.3391914833463191;otak - lupa - ingat - kecil - ulang - susah - simpan - materi - lama - kenang;6_otak_ulang_lupa_ingat;ingat tahu saran sederhana bagus senang lama tonton picu kenang teman masa main memori singkat aktivitas nostalgia stimulasi memori jangka panjang tingkat fungsi kognitif laku rutin jangan paksa lelah
Aku sering tiba-tiba inget momen masa kecil pas cium bau tertentu. Apa itu, dan gimana caranya aku manfaatin?;Wah, bau yang bikin flashback itu kayak mesin waktu alami! Itu disebut redintegrasi, di mana bau atau petunjuk kecil bisa nyanyi ulang memori lama. Keren, kan? Buat manfaatin, coba pakai bau positif buat bantu mood, misalnya taruh lavender di meja belajar biar fokus. Atau, kalau mau inget momen spesifik, simpan benda yang related, kayak foto lama. Ceritain bau apa yang bikin kamu inget masa kecil, aku bantu kasih ide buat pakai ‘sihir’ ini!;GROK;A3_GROK_PsikologiKomunikasi35-46_25.json;inget momen masa kecil cium manfaatin flashback mesin alami sebut redintegrasi tunjuk kecil ulang memori lama keren manfaatin positif mood taruh lavender meja inget momen spesifik simpan benda related lama inget masa kecil sihir;6;0.3268919387295297;otak - lupa - ingat - kecil - ulang - susah - simpan - materi - lama - kenang;6_otak_ulang_lupa_ingat;inget momen masa kecil cium manfaatin flashback mesin alami sebut redintegrasi tunjuk kecil ulang memori lama keren manfaatin positif mood taruh lavender meja inget momen spesifik simpan benda related lama inget masa kecil sihir
Akhir-akhir ini aku gampang stres. Rasanya nggak tenang, bahkan di rumah.;Itu melelahkan, ya. Salah satu cara yang bisa membantu adalah meluangkan waktu dengan hewan peliharaan, kalau kamu punya. Sekadar mengelus kucing, bermain dengan anjing, atau bahkan melihat ikan di akuarium bisa menenangkan otak. Kalau tidak punya, kadang menonton video hewan juga bisa sedikit meredakan tegang. Intinya, beri ruang kecil untuk tubuhmu merasa rileks tanpa tuntutan.;GPT;D13_GPT_BrainPower101-111_10.json;akhir akhir gampang stres tenang bahkan lelah salah luang hewan pelihara sekadar elus kucing main bahkan ikan akuarium tenang otak tonton hewan reda tegang inti beri ruang kecil tubuh rileks tuntut;6;0.3254108093456566;otak - lupa - ingat - kecil - ulang - susah - simpan - materi - lama - kenang;6_otak_ulang_lupa_ingat;akhir akhir gampang stres tenang bahkan lelah salah luang hewan pelihara sekadar elus kucing main bahkan ikan akuarium tenang otak tonton hewan reda tegang inti beri ruang kecil tubuh rileks tuntut
Aku sering tiba-tiba inget momen masa kecil pas cium bau tertentu. Apa itu, dan gimana caranya aku manfaatin?;Wah, bau yang bikin flashback itu kayak mesin waktu alami! Itu disebut redintegrasi, di mana bau atau petunjuk kecil bisa nyanyi ulang memori lama, lengkap sama emosinya. Keren, kan? Buat manfaatin, coba pakai bau positif buat bantu mood, misalnya taruh lavender di meja belajar biar fokus. Atau, kalau mau inget momen spesifik, simpan benda yang related, kayak foto lama. Ceritain bau apa yang bikin kamu inget masa kecil, aku bantu kasih ide buat pakai ‘sihir’ ini!;GROK;A3_GROK_PsikologiKomunikasi47-63_36.json;inget momen masa kecil cium manfaatin flashback mesin alami sebut redintegrasi tunjuk kecil ulang memori lama lengkap emosi keren manfaatin positif mood taruh lavender meja inget momen spesifik simpan benda related lama inget masa kecil sihir;6;0.3239121243629929;otak - lupa - ingat - kecil - ulang - susah - simpan - materi - lama - kenang;6_otak_ulang_lupa_ingat;inget momen masa kecil cium manfaatin flashback mesin alami sebut redintegrasi tunjuk kecil ulang memori lama lengkap emosi keren manfaatin positif mood taruh lavender meja inget momen spesifik simpan benda related lama inget masa kecil sihir
Aku sering multitasking biar cepet selesai, tapi malah jadi capek dan hasilnya nggak maksimal. Kenapa bisa gitu ya?;Karena sebenarnya otak kita tidak dirancang untuk benar-benar multitasking. Yang terjadi adalah otak bolak-balik pindah tugas, sehingga energi cepat terkuras dan kualitas kerja menurun. Jadi bukan kamu yang kurang pintar, tapi memang begitu cara kerja otak. Coba kerjakan satu hal dulu sampai selesai, baru lanjut ke tugas berikutnya. Itu bisa membuatmu lebih fokus dan hasilnya juga lebih baik.;GPT;D13_GPT_BrainPower2-12_12.json;multitasking cepet malah capek hasil maksimal otak rancang multitasking otak bolak balik pindah tugas energi cepat kuras kualitas kerja turun bukan kurang pintar kerja otak kerja lanjut tugas hasil;6;0.3211645678439242;otak - lupa - ingat - kecil - ulang - susah - simpan - materi - lama - kenang;6_otak_ulang_lupa_ingat;multitasking cepet malah capek hasil maksimal otak rancang multitasking otak bolak balik pindah tugas energi cepat kuras kualitas kerja turun bukan kurang pintar kerja otak kerja lanjut tugas hasil
Kadang saya rindu masa lalu dan merasa lebih baik setelah melihat foto lama. Apakah itu buruk?;Tidak buruk sama sekali — nostalgia bisa memberi rasa nyaman dan optimisme terhadap masa depan. Mengunjungi kenangan lewat foto atau cerita dapat menstimulasi memori dan memperbaiki mood. Pastikan juga untuk menjaga keseimbangan antara mengapresiasi masa lalu dan merawat kebutuhan hidup saat ini.;GPT;D13_GPT_BrainPower46-56_22.json;rindu masa lama sekali nostalgia beri nyaman optimisme hadap masa depan unjung kenang lewat stimulasi memori mood jaga imbang apresiasi masa rawat butuh hidup;6;0.3205663848570329;otak - lupa - ingat - kecil - ulang - susah - simpan - materi - lama - kenang;6_otak_ulang_lupa_ingat;rindu masa lama sekali nostalgia beri nyaman optimisme hadap masa depan unjung kenang lewat stimulasi memori mood jaga imbang apresiasi masa rawat butuh hidup
Aku sering tiba-tiba inget sesuatu tanpa sengaja. Itu kenapa ya?;Wah, itu kayak momen déjà vu yang seru, ya! Ingatan kita punya cara kerja yang menarik, kadang informasi yang tersimpan muncul lagi tanpa kita sadari, terutama kalau ada sesuatu yang memicunya, seperti bau atau suara. Itu namanya ingatan implisit, yang muncul otomatis. Nikmati aja momen itu, dan kalau bikin penasaran, coba tulis apa yang kamu ingat biar lebih jelas.;GROK;D3_GROK_PengantarPsikologiAdnan80-88_20.json;inget sengaja momen seru ingat kerja simpan muncul utama picu nama ingat implisit muncul otomatis nikmat momen penasaran ingat jelas;6;0.3158608156469686;otak - lupa - ingat - kecil - ulang - susah - simpan - materi - lama - kenang;6_otak_ulang_lupa_ingat;inget sengaja momen seru ingat kerja simpan muncul utama picu nama ingat implisit muncul otomatis nikmat momen penasaran ingat jelas
Aku pengen simpan kenangan bahagia lebih lama. Ada saran?;Kenangan bahagia itu kayak harta, ya, pengen disimpan selamanya. Kamu bisa bantu otakmu dengan menulis cerita tentang momen itu atau bikin album foto. Kadang, ngobrolin kenangan itu sama orang terdekat juga bikin jejaknya lebih kuat di ingatan. Coba mulai dari yang sederhana, seperti catat satu momen bahagia tiap minggu.;GROK;D3_GROK_PengantarPsikologiAdnan80-88_20.json;simpan kenang bahagia lama saran kenang bahagia harta simpan lama otak momen album ngobrolin kenang dekat jejak kuat ingat sederhana catat momen bahagia minggu;6;0.312001635747577;otak - lupa - ingat - kecil - ulang - susah - simpan - materi - lama - kenang;6_otak_ulang_lupa_ingat;simpan kenang bahagia lama saran kenang bahagia harta simpan lama otak momen album ngobrolin kenang dekat jejak kuat ingat sederhana catat momen bahagia minggu
Kenapa aku lebih gampang ingat lagu daripada pelajaran sekolah?;Lagu lebih gampang diingat karena biasanya punya ritme, emosi, dan cerita yang bikin otak tertarik. Pelajaran sekolah kadang terasa kering, jadi kurang nempel. Coba bikin pelajaranmu kayak lagu, misalnya bikin rima atau cerita dari materi itu. Atau, hubungkan sama sesuatu yang kamu suka, seperti film atau hobi. Makin seru caranya, makin gampang otak nyimpan.;GROK;D4_GROK_PengantarPsikologiBimoW167-177_20.json;gampang ingat sekolah gampang ingat ritme emosi otak sekolah kering kurang nempel rima materi film makin seru makin gampang otak nyimpan;6;0.3099415250671152;otak - lupa - ingat - kecil - ulang - susah - simpan - materi - lama - kenang;6_otak_ulang_lupa_ingat;gampang ingat sekolah gampang ingat ritme emosi otak sekolah kering kurang nempel rima materi film makin seru makin gampang otak nyimpan
Kenapa ya aku lebih gampang ingat lagu ketimbang pelajaran?;Haha, lagu emang punya kekuatan spesial! Otak kita lebih mudah ingat sesuatu yang berirama atau punya emosi, seperti lagu. Pelajaran kadang terasa kering, jadi coba bikin catatanmu lebih hidup, misalnya pakai warna atau bikin singkatan lucu. Atau, coba nyanyi-nyanyikan materi pelajaran, siapa tahu nempel!;GROK;D4_GROK_PengantarPsikologiBimoW145-155_20.json;gampang ingat ketimbang haha emang kuat spesial otak mudah ingat irama emosi kering catat hidup singkat lucu materi siapa tahu nempel;6;0.3077082302949724;otak - lupa - ingat - kecil - ulang - susah - simpan - materi - lama - kenang;6_otak_ulang_lupa_ingat;gampang ingat ketimbang haha emang kuat spesial otak mudah ingat irama emosi kering catat hidup singkat lucu materi siapa tahu nempel
Kenapa ya aku gampang banget lupa nama orang, padahal baru ketemu?;Hehe, itu hal yang banyak orang alami. Nama orang sering lupa karena otak kita kadang lebih fokus ke kesan pertama ketimbang detail seperti nama. Coba trik ini: ulang nama orang itu dalam hati atau gunakan dalam obrolan, seperti 'Senang ketemu, Budi!' Itu bantu otak menyimpan informasinya lebih lama.;GROK;D4_GROK_PengantarPsikologiBimoW145-155_20.json;gampang lupa nama padahal hehe alami nama lupa otak kesan pertama ketimbang detail nama trik ulang nama hati obrol senang budi otak simpan lama;6;0.3046278642427005;otak - lupa - ingat - kecil - ulang - susah - simpan - materi - lama - kenang;6_otak_ulang_lupa_ingat;gampang lupa nama padahal hehe alami nama lupa otak kesan pertama ketimbang detail nama trik ulang nama hati obrol senang budi otak simpan lama
Aku sering lupa hal baru, tapi inget banget momen kecil waktu SD. Kenapa ya memoriku gitu?;Memorimu kayak buku diary yang pilih-pilih, ya! Secara psikologi, memori bisa memudar seiring waktu, tapi momen yang punya emosi kuat—kayak kenangan SD—bisa nempel erat karena terikat sama perasaan. Buat hal baru, coba kasih ‘emosi’ ke memorinya, misalnya sambungkan info baru sama cerita lucu. Juga, ulang info itu di hari yang sama biar nggak cepet lupa. Ceritain kenangan SD yang masih nempel, aku bantu kasih trik buat hal baru!;GROK;A3_GROK_PsikologiKomunikasi35-46_25.json;lupa inget momen kecil memori memori buku diary pilih pilih psikologi memori pudar iring momen emosi kuat kenang nempel erat ikat emosi memori sambung info lucu ulang info cepet lupa kenang nempel trik;6;0.3029615720386456;otak - lupa - ingat - kecil - ulang - susah - simpan - materi - lama - kenang;6_otak_ulang_lupa_ingat;lupa inget momen kecil memori memori buku diary pilih pilih psikologi memori pudar iring momen emosi kuat kenang nempel erat ikat emosi memori sambung info lucu ulang info cepet lupa kenang nempel trik
Saya mudah lupa nama orang baru. Apa latihan sederhana untuk menguatkan memori?;Coba ulangi nama orang itu tiga kali saat diperkenalkan, gunakan namanya dalam percakapan, dan uji diri keesokan harinya. Menghafal baris puisi favorit atau mengulang informasi baru beberapa kali juga membantu memperkuat jejak memori.;GPT;D13_GPT_BrainPower35-45_20.json;mudah lupa nama sederhana kuat memori ulang nama kenal nama cakap diri esok hafal baris puisi favorit ulang beberapa kuat jejak memori;6;0.2988627352989468;otak - lupa - ingat - kecil - ulang - susah - simpan - materi - lama - kenang;6_otak_ulang_lupa_ingat;mudah lupa nama sederhana kuat memori ulang nama kenal nama cakap diri esok hafal baris puisi favorit ulang beberapa kuat jejak memori
Aku lebih gampang inget wajah orang daripada apa yang mereka bilang. Apa ini normal?;Keren, kamu kayak punya kamera batin buat wajah orang! Itu normal banget, lho. Secara psikologi, memori ikonis (visual) sering lebih kuat buat sebagian orang dibanding memori ekosis (auditif), karena wajah punya detail yang gampang nempel. Biar lebih gampang inget omongan, coba sambungkan kata-kata mereka dengan gambar di kepala, misalnya bayangin temenmu bilang ‘kopi’ sambil pegang cangkir. Ceritain momen susah inget omongan, aku bantu kasih trik seru!;GROK;A3_GROK_PsikologiKomunikasi35-46_25.json;gampang inget wajah keren kamera batin wajah psikologi memori ikonis visual kuat banding memori ekosis auditif wajah detail gampang nempel gampang inget omong sambung kata kata kepala bayangin temenmu kopi pegang cangkir momen susah inget omong trik seru;6;0.2986584616880121;otak - lupa - ingat - kecil - ulang - susah - simpan - materi - lama - kenang;6_otak_ulang_lupa_ingat;gampang inget wajah keren kamera batin wajah psikologi memori ikonis visual kuat banding memori ekosis auditif wajah detail gampang nempel gampang inget omong sambung kata kata kepala bayangin temenmu kopi pegang cangkir momen susah inget omong trik seru
Aku sering merasa otakku terpisah dari tubuhku, padahal rasanya aku butuh keseimbangan. Bagaimana caranya?;Itu wajar dirasakan, terutama kalau kamu terlalu fokus hanya pada pikiran. Ingat bahwa otakmu terhubung erat dengan seluruh tubuhmu. Menjaga kesehatan fisik, emosi, dan pikiran secara seimbang akan membuatmu lebih stabil. Cobalah lihat dirimu sebagai satu kesatuan, bukan bagian yang terpisah-pisah.;GPT;D13_GPT_BrainPower112-122_10.json;otak pisah tubuh padahal butuh imbang utama terlalu ingat otak erat seluruh tubuh jaga sehat fisik emosi imbang stabil diri bukan pisah pisah;6;0.2985083371755825;otak - lupa - ingat - kecil - ulang - susah - simpan - materi - lama - kenang;-1_diri_takut_sendiri_kecil;otak pisah tubuh padahal butuh imbang utama terlalu ingat otak erat seluruh tubuh jaga sehat fisik emosi imbang stabil diri bukan pisah pisah
Aku susah banget ngingat nomor telepon atau daftar panjang. Ada trik khusus nggak?;Ngingat daftar panjang emang challenging. Coba pakai teknik asosiasi berpasangan, misalnya hubungkan nomor telepon dengan sesuatu yang familiar, seperti tanggal ulang tahun atau nama temen. Atau, pecah daftar jadi kelompok-kelompok kecil, lalu ulang satu per satu. Bikin cerita dari daftar itu juga bisa, misalnya bayangin nomor-nomor itu sebagai kode rahasia dalam petualangan. Makin seru caranya, makin gampang diingat.;GROK;D4_GROK_PengantarPsikologiBimoW167-177_20.json;susah ngingat nomor telepon daftar panjang trik khusus ngingat daftar panjang emang challenging teknik asosiasi pasang nomor telepon familiar tanggal ulang tahun nama temen pecah daftar kelompok kelompok kecil ulang daftar bayangin nomor nomor kode rahasia tualang makin seru makin gampang ingat;6;0.2976564802965785;otak - lupa - ingat - kecil - ulang - susah - simpan - materi - lama - kenang;6_otak_ulang_lupa_ingat;susah ngingat nomor telepon daftar panjang trik khusus ngingat daftar panjang emang challenging teknik asosiasi pasang nomor telepon familiar tanggal ulang tahun nama temen pecah daftar kelompok kelompok kecil ulang daftar bayangin nomor nomor kode rahasia tualang makin seru makin gampang ingat
Aku kadang lupa nama orang yang baru aku kenal. Gimana caranya biar ingat?;Lupa nama orang baru itu sering banget terjadi! Untuk membantu, coba ulang nama mereka dalam percakapan, misalnya, “Senang ketemu, Budi!”. Atau hubungkan nama mereka dengan sesuatu yang kamu ingat, seperti “Budi yang suka kopi”. Ini bikin otakmu lebih mudah menyimpan. Kalau masih susah, nggak apa-apa tulis di catatan. Apa kamu sering lupa nama atau cuma sesekali?;GROK;D4_GROK_PengantarPsikologiBimoW156-166_20.json;lupa nama kenal ingat lupa nama ulang nama cakap senang budi nama ingat budi kopi otak mudah simpan susah catat lupa nama sekal;6;0.2974215257090171;otak - lupa - ingat - kecil - ulang - susah - simpan - materi - lama - kenang;6_otak_ulang_lupa_ingat;lupa nama kenal ingat lupa nama ulang nama cakap senang budi nama ingat budi kopi otak mudah simpan susah catat lupa nama sekal
Kenapa ya aku gampang lupa nama orang yang baru ketemu?;Itu bisa terjadi karena nama itu belum sering kamu ulang di pikiranmu. Saat ketemu orang baru, coba ulang nama mereka dalam hati atau gunakan namanya dalam obrolan, seperti, 'Senang ketemu, Budi.' Ini membantu otak menyimpannya lebih baik. Kalau masih sulit, mungkin ada banyak informasi lain yang bikin pikiranmu penuh. Coba santai sejenak sebelum ketemu orang baru, biar pikiran lebih fokus.;GROK;D3_GROK_PengantarPsikologiAdnan89-99_20.json;gampang lupa nama nama ulang ulang nama hati nama obrol senang budi otak simpan sulit penuh santai jenak;6;0.2973351107866024;otak - lupa - ingat - kecil - ulang - susah - simpan - materi - lama - kenang;6_otak_ulang_lupa_ingat;gampang lupa nama nama ulang ulang nama hati nama obrol senang budi otak simpan sulit penuh santai jenak
Aku pengen inget nomor telepon temen tanpa buka HP. Ada cara nggak biar nempel lama di kepala?;Inget nomor telepon itu kayak latih otak main puzzle, seru! Biar nempel di memori jangka panjang, coba teknik chunking: misalnya nomor 08123456789 jadi 081-234-567-89. Ulang-ulang nomor itu sambil nyanyi atau bikin cerita, kayak ‘081 itu kode kota, 234 itu tanggal ultah’. Juga, visualisasikan nomor itu di kepala, misalnya bayangin ditulis di papan. Ceritain nomor yang pengen diinget, aku bantu bikin cara yang fun!;GROK;A3_GROK_PsikologiKomunikasi35-46_25.json;inget nomor telepon temen nempel lama kepala inget nomor telepon otak main puzzle seru nempel memori jangka panjang teknik chunking nomor ulang ulang nomor kode kota tanggal ultah visualisasi nomor kepala bayangin papan nomor diinget;6;0.2948278491267207;otak - lupa - ingat - kecil - ulang - susah - simpan - materi - lama - kenang;6_otak_ulang_lupa_ingat;inget nomor telepon temen nempel lama kepala inget nomor telepon otak main puzzle seru nempel memori jangka panjang teknik chunking nomor ulang ulang nomor kode kota tanggal ultah visualisasi nomor kepala bayangin papan nomor diinget
Aku sering lupa nama orang yang baru ketemu, padahal pengen banget inget. Ada tips nggak biar memoriku lebih tajam?;Lupa nama orang itu wajar banget, kayak otak kita main petak umpet! Biar memorimu lebih tajam, coba trik encoding: pas ketemu orang, ulang nama mereka dalam hati atau sambungkan dengan sesuatu yang unik, misalnya, ‘Dina yang pakai jaket merah.’ Saat ngobrol, sebut namanya sekali-dua, ini bantu nyimpan di memori jangka panjang. Juga, visualisasikan wajah mereka sambil bayangin namanya ditulis di dahi mereka—kocak tapi works! Ceritain momen lupa nama yang bikin frustrasi, aku bantu kasih ide!;GROK;A3_GROK_PsikologiKomunikasi35-46_25.json;lupa nama padahal inget tips memori tajam lupa nama otak main petak umpet memori tajam trik encoding ulang nama hati sambung unik dina jaket merah sebut nama sekali nyimpan memori jangka panjang visualisasi wajah bayangin nama dahi kocak works momen lupa nama frustrasi;6;0.294797996597556;otak - lupa - ingat - kecil - ulang - susah - simpan - materi - lama - kenang;6_otak_ulang_lupa_ingat;lupa nama padahal inget tips memori tajam lupa nama otak main petak umpet memori tajam trik encoding ulang nama hati sambung unik dina jaket merah sebut nama sekali nyimpan memori jangka panjang visualisasi wajah bayangin nama dahi kocak works momen lupa nama frustrasi
Kenapa aku bisa ingat sesuatu dengan jelas, tapi kadang ingatannya berubah?;Itu bisa terjadi karena ingatan kita nggak selalu tersimpan seperti rekaman video. Kadang, detailnya berubah karena emosi, waktu, atau hal lain yang kita alami setelahnya. Misalnya, kamu ingat kejadian seru, tapi beberapa bagiannya terasa berbeda sekarang. Ini wajar, tapi kalau bikin bingung, coba tulis kenangan penting segera setelah kejadian. Apa ada contoh ingatan yang berubah yang ingin kamu ceritain?;GROK;D4_GROK_PengantarPsikologiBimoW156-166_20.json;ingat jelas ingat ubah ingat simpan rekam detail ubah emosi alami ingat seru beberapa kenang penting segera contoh ingat ubah;6;0.2938306930452585;otak - lupa - ingat - kecil - ulang - susah - simpan - materi - lama - kenang;6_otak_ulang_lupa_ingat;ingat jelas ingat ubah ingat simpan rekam detail ubah emosi alami ingat seru beberapa kenang penting segera contoh ingat ubah
Aku susah nginget nama orang baru. Ada tips nggak?;Lupa nama orang baru itu wajar banget, kok, apalagi kalau kamu ketemu banyak orang sekaligus. Otak kita kadang butuh waktu untuk menyimpan informasi baru. Coba ulang nama orang itu dalam hati atau gunakan dalam obrolan, misalnya, “Senang ketemu, Budi!” Itu bisa bantu otakmu lebih cepat menyimpan namanya.;GROK;D3_GROK_PengantarPsikologiAdnan80-88_20.json;susah nginget nama tips lupa nama sekaligus otak butuh simpan ulang nama hati obrol senang budi otak cepat simpan nama;6;0.2937578188789775;otak - lupa - ingat - kecil - ulang - susah - simpan - materi - lama - kenang;6_otak_ulang_lupa_ingat;susah nginget nama tips lupa nama sekaligus otak butuh simpan ulang nama hati obrol senang budi otak cepat simpan nama
Mengapa nostalgia justru membuat saya senang?;Nostalgia mengaktifkan bagian otak yang memproduksi hormon bahagia, mengingatkanmu bahwa hidup penuh momen berharga yang layak disyukuri.;GPT;D1_GPT_HealthPsycology250-268_50.json;nostalgia justru senang nostalgia otak produksi hormon bahagia ingat hidup penuh momen harga layak syukur;6;0.2895672054684981;otak - lupa - ingat - kecil - ulang - susah - simpan - materi - lama - kenang;6_otak_ulang_lupa_ingat;nostalgia justru senang nostalgia otak produksi hormon bahagia ingat hidup penuh momen harga layak syukur
Orang tua saya menyuruh saya belajar catur untuk meningkatkan IQ. Apakah bermain catur benar-benar membantu?;Dalam dokumen disebutkan bermain catur dapat meningkatkan keterampilan berpikir, konsentrasi, dan kemampuan pengenalan pola—khususnya jika dimainkan beberapa jam seminggu selama beberapa bulan. Untuk beberapa orang, bermain catur juga bisa jadi aktivitas sosial dan menantang yang menyenangkan. Namun, manfaat muncul dengan latihan konsisten, bukan janji instan.;GPT;D13_GPT_BrainPower79-89_30.json;suruh catur tingkat main catur dokumen sebut main catur tingkat terampil konsentrasi mampu kenal pola khusus main beberapa minggu lama beberapa bulan beberapa main catur aktivitas sosial tantang senang manfaat muncul konsisten bukan janji instan;6;0.2878454232997272;otak - lupa - ingat - kecil - ulang - susah - simpan - materi - lama - kenang;6_otak_ulang_lupa_ingat;suruh catur tingkat main catur dokumen sebut main catur tingkat terampil konsentrasi mampu kenal pola khusus main beberapa minggu lama beberapa bulan beberapa main catur aktivitas sosial tantang senang manfaat muncul konsisten bukan janji instan
Kenapa aku suka tidur siang, padahal orang lain bilang itu kebiasaan malas?;Tidur siang bukan tanda malas. Sebaliknya, tidur siang singkat bisa membantu otakmu menyimpan memori lebih baik dan membuatmu lebih segar. Kalau dilakukan dengan tepat, tidur siang justru bisa mendukung kemampuan belajar dan fokusmu. Jadi tidak perlu merasa bersalah hanya karena butuh istirahat sebentar.;GPT;D13_GPT_BrainPower112-122_10.json;tidur siang padahal malas tidur siang bukan malas balik tidur siang singkat otak simpan memori segar laku tepat tidur siang justru dukung mampu perlu salah butuh istirahat sebentar;6;0.2875580824405671;otak - lupa - ingat - kecil - ulang - susah - simpan - materi - lama - kenang;6_otak_ulang_lupa_ingat;tidur siang padahal malas tidur siang bukan malas balik tidur siang singkat otak simpan memori segar laku tepat tidur siang justru dukung mampu perlu salah butuh istirahat sebentar
Aku susah ngingat kalau materinya rumit. Ada saran biar gampang paham?;Materi rumit emang bikin pusing, tapi coba pecah jadi bagian kecil dulu, lalu pahami satu per satu. Bikin visualisasi, seperti diagram atau mind map, biar lebih jelas. Kalau masih susah, coba hubungkan sama sesuatu yang kamu suka atau udah tahu, biar lebih relatable. Ulang-ulang dengan cara yang fun, seperti bikin cerita atau kuis, biar otak lebih gampang nyerna.;GROK;D4_GROK_PengantarPsikologiBimoW167-177_20.json;susah ngingat materi rumit saran gampang paham materi rumit emang pusing pecah kecil paham visualisasi diagram mind jelas susah udah tahu relatable ulang ulang kuis otak gampang nyerna;6;0.285923559063274;otak - lupa - ingat - kecil - ulang - susah - simpan - materi - lama - kenang;6_otak_ulang_lupa_ingat;susah ngingat materi rumit saran gampang paham materi rumit emang pusing pecah kecil paham visualisasi diagram mind jelas susah udah tahu relatable ulang ulang kuis otak gampang nyerna
Bagaimana membuat ‘reward’ kecil bisa membantuku keluar dari siklus malas?;Tentukan tugas mini, pasangkan dengan hadiah sederhana—misalnya menonton video favorit setelah menyelesaikan pekerjaan. Otak akan mengasosiasikan usaha dengan kesenangan, memudahkan konsistensi.;GPT;D2_GPT_DrAndrewClinicalPsychology44-64_60.json;reward kecil keluar siklus malas tugas mini pasang hadiah sederhana tonton favorit kerja otak asosiasi usaha senang mudah konsistensi;6;0.2736402976694914;otak - lupa - ingat - kecil - ulang - susah - simpan - materi - lama - kenang;6_otak_ulang_lupa_ingat;reward kecil keluar siklus malas tugas mini pasang hadiah sederhana tonton favorit kerja otak asosiasi usaha senang mudah konsistensi
Aku susah banget ngerti konsep baru. Apa otakku bermasalah?;Nggak ada yang bermasalah dengan otakmu, kok. Susah ngerti konsep baru itu biasa, apalagi kalau konsepnya rumit. Coba pecah konsep itu jadi bagian kecil, lalu hubungkan sama sesuatu yang udah kamu tahu. Misalnya, bikin analogi atau gambar biar lebih jelas. Kalau masih susah, mungkin cara penyampaiannya kurang cocok buatmu—coba cari sumber lain, seperti video atau diskusi sama temen. Konsep apa yang lagi bikin pusing?;GROK;D4_GROK_PengantarPsikologiBimoW178-188_20.json;susah konsep otak otak susah konsep konsep rumit pecah konsep kecil udah tahu analogi jelas susah kurang cocok sumber diskusi temen konsep pusing;6;0.2725626182358702;otak - lupa - ingat - kecil - ulang - susah - simpan - materi - lama - kenang;6_otak_ulang_lupa_ingat;susah konsep otak otak susah konsep konsep rumit pecah konsep kecil udah tahu analogi jelas susah kurang cocok sumber diskusi temen konsep pusing
Aku susah ngingat pelajaran kalau ujian. Ada tips?;Ujian memang bikin tegang, dan itu bisa bikin otak susah mengingat. Coba latih materi dengan cara menjelaskan ke temen atau ke diri sendiri, kayak ngajar. Ini membantu otak menyimpan lebih kuat. Juga, sebelum ujian, tarik napas dalam-dalam beberapa kali biar tenang. Kalau pikiran rileks, ingatan lebih mudah keluar.;GROK;D3_GROK_PengantarPsikologiAdnan89-99_20.json;susah ngingat tips tegang otak susah ingat materi jelas temen diri sendiri ngajar otak simpan kuat beberapa tenang rileks ingat mudah keluar;6;0.2719844630834462;otak - lupa - ingat - kecil - ulang - susah - simpan - materi - lama - kenang;6_otak_ulang_lupa_ingat;susah ngingat tips tegang otak susah ingat materi jelas temen diri sendiri ngajar otak simpan kuat beberapa tenang rileks ingat mudah keluar
Aku takut lupa sama kenangan penting dalam hidupku. Apa yang bisa aku lakuin?;Kenangan penting itu memang berharga banget, dan wajar kalau kamu takut kehilangan mereka. Ingatan kita bekerja dengan menyimpan jejak-jejak pengalaman, tapi kadang jejak itu bisa memudar. Coba tulis cerita tentang kenangan itu di jurnal atau simpan foto yang mengingatkanmu. Dengan begitu, meski ingatan agak kabur, kamu punya cara untuk ‘membangkitkan’ momen itu kembali.;GROK;D3_GROK_PengantarPsikologiAdnan80-88_20.json;takut lupa kenang penting hidup lakuin kenang penting harga takut hilang ingat kerja simpan jejak jejak alam jejak pudar kenang jurnal simpan ingat ingat kabur bangkit momen;6;0.2691757820430006;otak - lupa - ingat - kecil - ulang - susah - simpan - materi - lama - kenang;6_otak_ulang_lupa_ingat;takut lupa kenang penting hidup lakuin kenang penting harga takut hilang ingat kerja simpan jejak jejak alam jejak pudar kenang jurnal simpan ingat ingat kabur bangkit momen
Apakah istirahat sama dengan multitasking?;Tidak. Multitasking memaksa otak berganti-ganti tugas serupa dan justru melelahkan. Istirahat yang disarankan adalah melakukan sesuatu berbeda yang memberi otak kesempatan untuk ‘reset’, bukan berganti tugas lain yang tetap menuntut fokus sama.;GPT;D13_GPT_BrainPower79-89_30.json;istirahat multitasking multitasking paksa otak tugas rupa justru lelah istirahat saran laku beri otak sempat reset bukan tugas tetap tuntut;6;0.2676808708555858;otak - lupa - ingat - kecil - ulang - susah - simpan - materi - lama - kenang;6_otak_ulang_lupa_ingat;istirahat multitasking multitasking paksa otak tugas rupa justru lelah istirahat saran laku beri otak sempat reset bukan tugas tetap tuntut
Aku lebih gampang mengenali sesuatu daripada mengingatnya. Ini normal nggak?;Benar-benar normal! Otak kita memang cenderung lebih mudah mengenali sesuatu, seperti wajah atau lagu, daripada mengingat detailnya tanpa petunjuk. Misalnya, kamu bisa kenal sepeda yang pernah kamu lihat, tapi susah nginget di mana kamu taruh. Ini karena mengenali biasanya dibantu oleh petunjuk di depan mata. Kalau ingin melatih ingatan, coba ulang-ulang informasi tanpa melihat petunjuk. Apa kamu sering merasa ini jadi masalah?;GROK;D4_GROK_PengantarPsikologiBimoW156-166_20.json;gampang nali ingat otak cenderung mudah nali wajah ingat detail tunjuk kenal sepeda susah nginget taruh nali tunjuk depan mata ingat ulang ulang tunjuk;6;0.2659106744202945;otak - lupa - ingat - kecil - ulang - susah - simpan - materi - lama - kenang;6_otak_ulang_lupa_ingat;gampang nali ingat otak cenderung mudah nali wajah ingat detail tunjuk kenal sepeda susah nginget taruh nali tunjuk depan mata ingat ulang ulang tunjuk
Aku sering lupa sama pelajaran yang udah lama aku pelajari. Gimana caranya biar ingat terus?;Lupa itu manusiawi banget, apalagi kalau pelajarannya sudah lama. Ingatan kita kadang pilih-pilih mana yang disimpan. Coba ulang materi itu dengan cara yang seru, seperti bikin catatan warna-warni atau ajak temen diskusi tentang topik itu. Mengaitkan pelajaran dengan sesuatu yang kamu suka, misalnya lagu atau cerita, juga bisa bikin ingatan lebih nempel.;GROK;D3_GROK_PengantarPsikologiAdnan69-79_20.json;lupa udah lama ingat terus lupa manusiawi lama ingat pilih pilih simpan ulang materi seru catat warni temen diskusi topik kait ingat nempel;6;0.2601905764108797;otak - lupa - ingat - kecil - ulang - susah - simpan - materi - lama - kenang;6_otak_ulang_lupa_ingat;lupa udah lama ingat terus lupa manusiawi lama ingat pilih pilih simpan ulang materi seru catat warni temen diskusi topik kait ingat nempel
Aku sering salah hitung atau lupa detail kecil. Apa aku kurang teliti?;Nggak selalu berarti kurang teliti. Bisa jadi kamu lagi kewalahan atau perhatianmu terbagi ke banyak hal. Misalnya, kalau kamu lagi ngerjain tugas sambil mikirin sesuatu, otakmu mungkin nggak sepenuhnya fokus. Coba kerjain satu hal dulu dengan tenang, dan kalau masih sering salah, mungkin coba latihan kecil seperti nyanyi angka atau main game yang latih ketelitian. Kalau ini bikin stres, ceritain ke temen atau profesional, ya.;GROK;D4_GROK_PengantarPsikologiBimoW101-111_20.json;salah hitung lupa detail kecil kurang arti kurang kewalahan perhati ngerjain tugas mikirin otak sepenuh kerjain tenang salah kecil angka main game stres temen profesional;6;0.259396757124242;otak - lupa - ingat - kecil - ulang - susah - simpan - materi - lama - kenang;6_otak_ulang_lupa_ingat;salah hitung lupa detail kecil kurang arti kurang kewalahan perhati ngerjain tugas mikirin otak sepenuh kerjain tenang salah kecil angka main game stres temen profesional
Aku susah bedain mana yang penting buat diingat. Ada saran?;Kadang informasi memang terasa menumpuk. Coba pilah mana yang paling relevan dengan tujuanmu, misalnya kalau belajar, fokus pada inti materinya. Tulis poin-poin penting di kertas atau ponsel, dan ulas sesering mungkin. Dengan latihan, otakmu akan lebih terbiasa memilih mana yang perlu diingat.;GROK;D3_GROK_PengantarPsikologiAdnan89-99_20.json;susah bedain penting ingat saran tumpuk pilah paling relevan tuju inti materi poin poin penting kertas ponsel ulas otak pilih perlu ingat;6;0.2583627829670904;otak - lupa - ingat - kecil - ulang - susah - simpan - materi - lama - kenang;6_otak_ulang_lupa_ingat;susah bedain penting ingat saran tumpuk pilah paling relevan tuju inti materi poin poin penting kertas ponsel ulas otak pilih perlu ingat
Aku takut lupa sama orang-orang yang aku sayang. Apa yang bisa aku lakuin?;Sayang banget sama orang-orang terdekat itu berharga, dan wajar kalau kamu takut lupa kenangan sama mereka. Ingatan kita kadang memudar, tapi kamu bisa bantu otakmu dengan menyimpan momen, seperti foto bareng atau catatan kecil tentang mereka. Coba juga sering ngobrol sama mereka, itu bikin kenangan lebih kuat di hati dan pikiran.;GROK;D3_GROK_PengantarPsikologiAdnan80-88_20.json;takut lupa sayang lakuin sayang dekat harga takut lupa kenang ingat pudar otak simpan momen bareng catat kecil kenang kuat hati;6;0.2580464362551385;otak - lupa - ingat - kecil - ulang - susah - simpan - materi - lama - kenang;6_otak_ulang_lupa_ingat;takut lupa sayang lakuin sayang dekat harga takut lupa kenang ingat pudar otak simpan momen bareng catat kecil kenang kuat hati
Mengapa beberapa kuesioner terasa panjang dan melelahkan, dan apakah hasilnya sepadan?;Kuesioner detail membantu menggali pola secara menyeluruh. Hasilnya memandu terapis memahami nuansa karaktermu tanpa menebak, sehingga intervensi lebih tepat.;GPT;D2_GPT_DrAndrewClinicalPsychology44-64_60.json;beberapa kuesioner panjang lelah hasil padan kuesioner detail gali pola seluruh hasil pandu terap paham nuansa karakter tebak intervensi tepat;6;0.2557488626152182;otak - lupa - ingat - kecil - ulang - susah - simpan - materi - lama - kenang;6_otak_ulang_lupa_ingat;beberapa kuesioner panjang lelah hasil padan kuesioner detail gali pola seluruh hasil pandu terap paham nuansa karakter tebak intervensi tepat
Aku merasa belajar sesuatu baru itu susah banget. Apa otakku bermasalah?;Nggak berarti otakmu bermasalah. Belajar sesuatu yang baru memang bisa terasa sulit, apalagi kalau materinya nggak menarik atau kamu merasa tertekan. Otak kita lebih mudah menyerap kalau kita belajar dengan cara yang menyenangkan. Coba pecah materinya jadi bagian kecil dan hubungkan dengan sesuatu yang kamu suka. Apa yang lagi kamu pelajari yang terasa susah?;GROK;D4_GROK_PengantarPsikologiBimoW156-166_20.json;susah otak arti otak sulit materi tekan otak mudah serap senang pecah materi kecil susah;6;0.2525864558917865;otak - lupa - ingat - kecil - ulang - susah - simpan - materi - lama - kenang;6_otak_ulang_lupa_ingat;susah otak arti otak sulit materi tekan otak mudah serap senang pecah materi kecil susah
Aku suka bingung bedain mana yang bener-bener perlu aku perhatiin. Apa yang salah sama aku?;Nggak ada yang salah sama kamu. Kadang otak kita cuma kewalahan sama banyaknya pilihan di depan kita. Coba mulai dengan hal yang paling deket sama tujuanmu saat ini. Misalnya, kalau lagi belajar, fokus ke buku yang lagi dibaca. Kurangin distraksi, seperti suara atau benda yang nggak relevan, biar pikiranmu lebih jernih.;GROK;D4_GROK_PengantarPsikologiBimoW112-122_20.json;bedain perlu perhatiin salah salah otak kewalahan pilih depan paling deket tuju buku baca rangin distraksi benda relevan jernih;6;0.2517853752919625;otak - lupa - ingat - kecil - ulang - susah - simpan - materi - lama - kenang;6_otak_ulang_lupa_ingat;bedain perlu perhatiin salah salah otak kewalahan pilih depan paling deket tuju buku baca rangin distraksi benda relevan jernih
Kenapa aku sulit banget mengingat pelajaran yang baru aku baca?;Itu bisa terjadi karena otak kita butuh waktu dan cara yang tepat untuk menyimpan informasi. Kalau kamu merasa pelajaran itu nggak 'nyangkut', mungkin karena materinya terasa nggak berarti buat kamu atau cara belajarnya kurang cocok. Coba ubah sedikit caranya, misalnya bikin catatan dengan kata-kata sendiri atau hubungkan pelajaran itu dengan sesuatu yang kamu suka. Belajar sedikit tapi sering juga lebih membantu daripada membaca banyak sekaligus. Apa biasanya kamu belajar dengan cara apa?;GROK;D4_GROK_PengantarPsikologiBimoW156-166_20.json;sulit ingat baca otak butuh tepat simpan nyangkut materi arti kurang cocok ubah catat kata kata sendiri baca sekaligus;6;0.251205508002331;otak - lupa - ingat - kecil - ulang - susah - simpan - materi - lama - kenang;6_otak_ulang_lupa_ingat;sulit ingat baca otak butuh tepat simpan nyangkut materi arti kurang cocok ubah catat kata kata sendiri baca sekaligus
Aku merasa belajar itu nggak ada hasilnya. Apa yang salah?;Rasanya kayak jalan di tempat, ya? Mungkin coba lihat lagi cara belajarmu. Apakah kamu belajar cuma buat ujian, atau bener-bener pengin paham? Kalau cuma ngejar nilai, kadang otak nggak 'nyanyi'. Coba cari tujuan kecil, misalnya paham satu topik hari ini. Atau, reward diri sendiri setelah belajar, kayak nonton serial favorit. Apa yang bikin kamu merasa belajarmu nggak berhasil?;GROK;D3_GROK_PengantarPsikologiAdnan111-121_20.json;hasil salah jalan tempat pengin paham ngejar nilai otak tuju kecil paham topik reward diri sendiri nonton serial favorit hasil;6;0.2503897277063338;otak - lupa - ingat - kecil - ulang - susah - simpan - materi - lama - kenang;6_otak_ulang_lupa_ingat;hasil salah jalan tempat pengin paham ngejar nilai otak tuju kecil paham topik reward diri sendiri nonton serial favorit hasil
Saya merasa otak saya 'malas' dan susah fokus. Apakah belajar lebih banyak bisa membantu?;"Saya mengerti rasa frustasi itu—meningkatkan pembelajaran memang bisa membantu. Mengikuti kelas atau pelatihan yang menantang pikiran Anda (bukan yang sudah sangat dikenal) dapat melatih ketajaman mental dan memperpanjang daya ingat. Coba pilih topik yang membuat Anda berpikir, lalu perlahan tingkatkan kesulitannya. Mulailah dari sesi singkat dan konsisten; perubahan kecil yang rutin seringkali lebih berpengaruh daripada usaha besar sekali waktu.";GPT;D13_GPT_BrainPower57-67_19.json;otak malas susah erti frustasi tingkat kelas tantang bukan kenal tajam mental panjang daya ingat pilih topik perlahan tingkat sulit sesi singkat konsisten ubah kecil rutin seringkali pengaruh usaha sekali;6;0.2481726597712612;otak - lupa - ingat - kecil - ulang - susah - simpan - materi - lama - kenang;6_otak_ulang_lupa_ingat;otak malas susah erti frustasi tingkat kelas tantang bukan kenal tajam mental panjang daya ingat pilih topik perlahan tingkat sulit sesi singkat konsisten ubah kecil rutin seringkali pengaruh usaha sekali
Aku pengen ngelupain masa lalu, tapi susah banget, apa yang bisa aku lakuin?;Masa lalu memang bisa terasa berat, ya. Coba fokus ke saat ini, seperti menulis jurnal tentang hal-hal baik hari ini. Kalau kenangan itu terus mengganggu, mungkin terapi dengan psikolog bisa bantu memprosesnya. Apa yang biasanya bikin kamu teringat masa lalu?;GROK;D11_GROK_AHandbookfortheSMH281-291_20.json;ngelupain masa susah lakuin masa berat jurnal kenang terus ganggu terapi psikolog proses ingat masa;6;0.2468986179823951;otak - lupa - ingat - kecil - ulang - susah - simpan - materi - lama - kenang;6_otak_ulang_lupa_ingat;ngelupain masa susah lakuin masa berat jurnal kenang terus ganggu terapi psikolog proses ingat masa
Aku susah banget ngingat detail sesuatu, padahal aku merhatiin. Apa aku bermasalah?;Nggak perlu khawatir dulu. Setiap orang punya kemampuan ingatan yang beda. Kadang kita susah ingat detail karena banyak hal lain yang bikin kita teralihkan, seperti stres atau kurang tidur. Coba deh catat hal-hal penting atau ulang informasi itu dalam pikiranmu beberapa kali. Kalau masih susah, mungkin coba ngobrol sama orang terdekat atau profesional untuk cek apakah ada pola yang perlu diperhatikan.;GROK;D4_GROK_PengantarPsikologiBimoW145-155_20.json;susah ngingat detail padahal merhatiin perlu khawatir mampu ingat susah ingat detail stres kurang tidur catat penting ulang beberapa susah dekat profesional pola perlu perhati;6;0.2421083555602859;otak - lupa - ingat - kecil - ulang - susah - simpan - materi - lama - kenang;6_otak_ulang_lupa_ingat;susah ngingat detail padahal merhatiin perlu khawatir mampu ingat susah ingat detail stres kurang tidur catat penting ulang beberapa susah dekat profesional pola perlu perhati
Aku merasa belajar cuma buang waktu karena nanti juga lupa. Gimana biar semangat lagi?;Wajar kok merasa gitu, apalagi kalau hasilnya belum kelihatan. Tapi ingat, belajar itu nggak cuma soal hafalan, tapi juga melatih otakmu berpikir dan memahami. Biar semangat, coba set goal kecil, misalnya kuasai satu topik hari ini, lalu reward diri dengan sesuatu yang kamu suka. Ulang-ulang pelajaran dengan cara yang fun, seperti bikin kuis atau cerita, biar nggak terasa sia-sia.;GROK;D4_GROK_PengantarPsikologiBimoW167-177_20.json;buang lupa semangat hasil ingat hafal otak paham semangat goal kecil kuasa topik reward diri ulang ulang kuis;6;0.2419823807001374;otak - lupa - ingat - kecil - ulang - susah - simpan - materi - lama - kenang;6_otak_ulang_lupa_ingat;buang lupa semangat hasil ingat hafal otak paham semangat goal kecil kuasa topik reward diri ulang ulang kuis
Aku pengen suara-suara itu berhenti. Apa ada cara cepet?;Aku ngerti banget kamu pengen suara itu hilang. Sayangnya, nggak ada cara instan, tapi ada langkah yang bisa dicoba, seperti teknik relaksasi atau alihkan perhatian ke aktivitas yang kamu suka. Untuk hasil yang lebih baik, bicara sama psikolog bisa bantu cari tahu kenapa suara itu muncul dan cara ngelolanya. Apa kamu punya hobi yang bisa bikin kamu lupa sama suara itu?;GROK;D12_GROK_ClinicalHandbookPsychologicalDisorders561-571_20.json;henti cepet hilang sayang instan teknik relaksasi perhati aktivitas hasil bicara psikolog tahu muncul ngelolanya lupa;6;0.241578361620992;otak - lupa - ingat - kecil - ulang - susah - simpan - materi - lama - kenang;-1_diri_takut_sendiri_kecil;henti cepet hilang sayang instan teknik relaksasi perhati aktivitas hasil bicara psikolog tahu muncul ngelolanya lupa
Aku suka hitung-hitung angka di kepala kalau lagi stres, kayak ritual gitu. Tapi aku nggak tahu kenapa. Apa ini aneh?;Nggak aneh, kok. Banyak orang dengan OCD punya kebiasaan kayak gitu untuk mengurangi kecemasan, meskipun kadang nggak jelas kenapa. Mungkin hitungan itu memberi rasa kontrol. Coba perhatikan, apa yang biasanya bikin kamu mulai hitung? Kita bisa mulai dari situ, mungkin dengan mengalihkan perhatian ke aktivitas lain yang lebih menenangkan. Mau ceritain lebih lanjut kapan ini sering terjadi?;GROK;D12_GROK_ClinicalHandbookPsychologicalDisorders165-175_20.json;hitung hitung angka kepala stres ritual tahu aneh aneh kurang cemas jelas hitung beri kontrol perhati hitung situ perhati aktivitas tenang lanjut kapan;6;0.2409526879674248;otak - lupa - ingat - kecil - ulang - susah - simpan - materi - lama - kenang;-1_diri_takut_sendiri_kecil;hitung hitung angka kepala stres ritual tahu aneh aneh kurang cemas jelas hitung beri kontrol perhati hitung situ perhati aktivitas tenang lanjut kapan
Aku bingung apa yang dites di SB5. Apa aja sih?;"Aku ngerti tes bisa bikin bingung. SB5 ngukur lima hal: penalaran cair, kayak nyelesain masalah baru; pengetahuan, apa yang udah kamu pelajari; penalaran kuantitatif, kemampuan matematika; pemrosesan visual-ruang, ngerti gambar atau ruang; dan memori kerja, inget info sementara. Ini bantu psikolog lihat kekuatanmu. Mau ceritain apa yang bikin bingung? Aku dengerin, kok.";GROK;D2_GROK_DrAndrewClinicalPsychology195-218_35.json;ngukur lima nalar cair nyelesain tahu udah nalar kuantitatif mampu matematika pemrosesan visual ruang ruang memori kerja inget info psikolog kuat dengerin;6;0.2406802498306612;otak - lupa - ingat - kecil - ulang - susah - simpan - materi - lama - kenang;6_otak_ulang_lupa_ingat;ngukur lima nalar cair nyelesain tahu udah nalar kuantitatif mampu matematika pemrosesan visual ruang ruang memori kerja inget info psikolog kuat dengerin
Aku merasa nggak bisa tenang, selalu khawatir. Apa yang bisa membantu?;Selalu khawatir itu bisa bikin pikiran dan tubuh lelah, ya. Dalam psikologi, akal kita perlu dirawat supaya nggak terjebak dalam kecemasan. Dokumen bilang bahwa menjaga akal termasuk menghindari hal-hal yang merusak. Coba teknik sederhana seperti menulis semua kekhawatiranmu, lalu sisihkan waktu khusus untuk memikirkannya. Sisanya, alihkan perhatian ke aktivitas yang bikin rileks, seperti menggambar. Kalau ini terus mengganggu, kita bisa cari tahu pemicunya.;GROK;D3_GROK_PengantarPsikologiAdnan243-252_20.json;tenang khawatir khawatir tubuh lelah psikologi akal perlu rawat jebak cemas dokumen jaga akal masuk hindar rusak teknik sederhana khawatir sisih khusus sisa perhati aktivitas rileks terus ganggu tahu picu;6;0.2388139152270066;otak - lupa - ingat - kecil - ulang - susah - simpan - materi - lama - kenang;-1_diri_takut_sendiri_kecil;tenang khawatir khawatir tubuh lelah psikologi akal perlu rawat jebak cemas dokumen jaga akal masuk hindar rusak teknik sederhana khawatir sisih khusus sisa perhati aktivitas rileks terus ganggu tahu picu
Kenapa aku susah ngerti pelajaran yang pake angka-angka?;Nggak semua orang langsung klik sama angka, dan itu oke. Mungkin kamu perlu cara yang lebih visual, seperti bikin diagram atau hubungin angka sama cerita. Coba juga minta penjelasan dari temen atau guru, kadang sudut pandang lain bantu banget.;GROK;D3_GROK_PengantarPsikologiAdnan100-110_20.json;susah pake angka angka langsung klik angka perlu visual diagram hubungin angka minta jelas temen guru sudut pandang;6;0.2368976884723473;otak - lupa - ingat - kecil - ulang - susah - simpan - materi - lama - kenang;6_otak_ulang_lupa_ingat;susah pake angka angka langsung klik angka perlu visual diagram hubungin angka minta jelas temen guru sudut pandang
Saya sering merasa kewalahan saat multitasking. Apa itu tanda masalah fokus?;Multitasking membuat otak 'beralih tugas' yang melelahkan. Jika Anda sering kelelahan atau membuat kesalahan saat mengerjakan banyak hal sekaligus, itu tanda bahwa memberi prioritas satu tugas pada satu waktu akan lebih efektif dan mengurangi beban mental.;GPT;D13_GPT_BrainPower123-133_27.json;kewalahan multitasking multitasking otak tugas lelah lelah salah kerja sekaligus beri prioritas tugas efektif kurang beban mental;6;0.2365357050424655;otak - lupa - ingat - kecil - ulang - susah - simpan - materi - lama - kenang;6_otak_ulang_lupa_ingat;kewalahan multitasking multitasking otak tugas lelah lelah salah kerja sekaligus beri prioritas tugas efektif kurang beban mental
Kenapa sih aku sering cepat lupa dan susah ambil keputusan ketika lagi banyak tekanan?;Itu terjadi karena stres mengganggu kerja otak, membuatmu lebih rentan lupa, sulit fokus, bahkan susah mengambil keputusan. Jadi bukan karena kamu lemah, tapi memang tubuhmu sedang bekerja keras menghadapi tekanan. Supaya lebih ringan, coba istirahat sebentar, atur napas, atau lakukan hal kecil yang menenangkan. Dengan begitu, otakmu bisa pelan-pelan kembali jernih.;GPT;D13_GPT_BrainPower2-12_12.json;cepat lupa susah putus tekan stres ganggu kerja otak rentan lupa sulit bahkan susah putus bukan lemah tubuh sedang kerja hadap tekan ringan istirahat sebentar atur laku kecil tenang otak pelan pelan jernih;6;0.2362339702177413;otak - lupa - ingat - kecil - ulang - susah - simpan - materi - lama - kenang;6_otak_ulang_lupa_ingat;cepat lupa susah putus tekan stres ganggu kerja otak rentan lupa sulit bahkan susah putus bukan lemah tubuh sedang kerja hadap tekan ringan istirahat sebentar atur laku kecil tenang otak pelan pelan jernih
Saya merasa sendirian dalam mencari stimulasi mental. Apa lagi selain catur yang bisa membantu?;Pertimbangkan aktivitas lain yang menantang otak: teka-teki logika, belajar bahasa, permainan strategi, atau bergabung dalam diskusi yang merangsang. Yang penting adalah aktivitas yang membuatmu fokus, memaksa berpikir, dan memberi rasa capaian kecil secara konsisten.;GPT;D13_GPT_BrainPower79-89_30.json;sendiri stimulasi mental catur timbang aktivitas tantang otak teka teki logika bahasa main strategi gabung diskusi rangsang penting aktivitas paksa beri capai kecil konsisten;6;0.2347209657414387;otak - lupa - ingat - kecil - ulang - susah - simpan - materi - lama - kenang;6_otak_ulang_lupa_ingat;sendiri stimulasi mental catur timbang aktivitas tantang otak teka teki logika bahasa main strategi gabung diskusi rangsang penting aktivitas paksa beri capai kecil konsisten
Bagaimana menciptakan ritual belajar efektif di rumah?;Tetapkan sudut belajar tetap, jadwal konsisten, dan penutup kegiatan menyenangkan. Lingkungan rutin membantu otak fokus.;GROK;A1_GROK_PsikologiKepribadian61-83_99.json;cipta ritual efektif tetap sudut tetap jadwal konsisten tutup giat senang rutin otak;6;0.2342449209912954;otak - lupa - ingat - kecil - ulang - susah - simpan - materi - lama - kenang;-1_diri_takut_sendiri_kecil;cipta ritual efektif tetap sudut tetap jadwal konsisten tutup giat senang rutin otak
Aku suka lupa kata-kata pas ngobrol. Ini normal nggak?;Haha, lupa kata-kata pas ngobrol itu sering banget terjadi, kok. Itu bisa jadi karena otak kita lagi kerja keras nyari informasi yang tepat, apalagi kalau nervous. Coba tarik napas pelan dan kasih otakmu waktu sebentar. Kalau sering banget, mungkin latihan ngobrol santai sama temen bisa bantu otak lebih lincah.;GROK;D3_GROK_PengantarPsikologiAdnan80-88_20.json;lupa kata kata haha lupa kata kata otak kerja nyari tepat nervous pelan otak sebentar santai temen otak lincah;6;0.2329007563143278;otak - lupa - ingat - kecil - ulang - susah - simpan - materi - lama - kenang;6_otak_ulang_lupa_ingat;lupa kata kata haha lupa kata kata otak kerja nyari tepat nervous pelan otak sebentar santai temen otak lincah
Aku merasa sulit untuk belajar hal baru, seperti otakku nggak bisa menyerap informasi. Apa yang bisa aku lakukan?;Wah, rasanya pasti bikin frustrasi ya kalau merasa informasi nggak 'nyantol'. Coba kita mulai dari langkah kecil, seperti memastikan kamu dalam kondisi siap untuk belajar—misalnya, cukup istirahat dan nggak terlalu stres. Latihan rutin juga bisa membantu otakmu lebih mudah menyerap informasi. Misalnya, coba ulang materi pelan-pelan dengan cara yang seru, seperti bikin catatan warna-warni atau ajak temen diskusi. Kalau masih susah, mungkin coba cari tahu apakah ada hal lain, seperti kecemasan, yang bikin fokusmu terganggu. Apa kamu merasa ada hal lain yang mengganggu?;GROK;D4_GROK_PengantarPsikologiBimoW178-188_20.json;sulit otak serap laku frustrasi nyantol kecil kondisi siap cukup istirahat terlalu stres rutin otak mudah serap ulang materi pelan pelan seru catat warni temen diskusi susah tahu cemas ganggu ganggu;6;0.2322059571957664;otak - lupa - ingat - kecil - ulang - susah - simpan - materi - lama - kenang;6_otak_ulang_lupa_ingat;sulit otak serap laku frustrasi nyantol kecil kondisi siap cukup istirahat terlalu stres rutin otak mudah serap ulang materi pelan pelan seru catat warni temen diskusi susah tahu cemas ganggu ganggu
Kadang aku merasa overwhelmed dengan banyak stimulus, seperti bayi prototaksis?;Saat multi‑tasking, otakmu kembali ke mode ‘fragmented’. Cobalah single‑task dengan timer, menata aliran informasi.;GPT;A1_GPT_PsikologiKepribadian102-118_50.json;overwhelmed stimulus prototaksis multi tasking otak mode fragmented single task timer tata alir;6;0.2304829373583349;otak - lupa - ingat - kecil - ulang - susah - simpan - materi - lama - kenang;6_otak_ulang_lupa_ingat;overwhelmed stimulus prototaksis multi tasking otak mode fragmented single task timer tata alir
Mengapa penting mengumpulkan fakta sebelum mengambil keputusan besar, Kak?;Fakta bertindak sebagai peta. Tanpanya, keputusan mudah tersesat oleh asumsi. Luangkan waktu mengecek data—itu memberi dasar kokoh bagi solusi kreatifmu.;GROK;A1_GROK_PsikologiKepribadian61-83_99.json;penting kumpul fakta putus fakta tindak peta putus mudah sesat asumsi luang ecek data beri kokoh solusi kreatif;6;0.2290661244009594;otak - lupa - ingat - kecil - ulang - susah - simpan - materi - lama - kenang;6_otak_ulang_lupa_ingat;penting kumpul fakta putus fakta tindak peta putus mudah sesat asumsi luang ecek data beri kokoh solusi kreatif
Bolehkah saya menghadiahi diri dengan sesuatu saat mencapai target sederhana?;Tentu, hadiahkan hal sehat—mandi air hangat, menonton episode serial favorit—untuk menandai kemajuan. Otak belajar mengaitkan usaha dengan rasa senang.;GPT;D1_GPT_HealthPsycology152-167_50.json;hadiah diri capai target sederhana hadiah sehat mandi hangat tonton episode serial favorit maju otak kait usaha senang;6;0.2279498831481418;otak - lupa - ingat - kecil - ulang - susah - simpan - materi - lama - kenang;6_otak_ulang_lupa_ingat;hadiah diri capai target sederhana hadiah sehat mandi hangat tonton episode serial favorit maju otak kait usaha senang
Saya sering merasa otak 'lelah' saat mengerjakan tugas sulit. Kenapa rasanya begitu berat padahal tubuh saya tidak capek?;Perasaan itu umum — sebagian karena harapan dan tekanan mental membuat tugas terasa lebih melelahkan. Sikap dan ekspektasimu memengaruhi pengalaman kelelahan mental. Coba ubah pendekatan: bagi tugas jadi bagian kecil, beri jeda singkat, dan ingat bahwa merasa lelah bukan tanda kemampuanmu kurang, melainkan sinyal untuk istirahat atau strategi baru.;GPT;D13_GPT_BrainPower46-56_22.json;otak lelah kerja tugas sulit berat padahal tubuh capek umum harap tekan mental tugas lelah sikap ekspektasimu pengaruh alam lelah mental ubah dekat tugas kecil beri jeda singkat ingat lelah bukan mampu kurang istirahat strategi;6;0.225612164497561;otak - lupa - ingat - kecil - ulang - susah - simpan - materi - lama - kenang;6_otak_ulang_lupa_ingat;otak lelah kerja tugas sulit berat padahal tubuh capek umum harap tekan mental tugas lelah sikap ekspektasimu pengaruh alam lelah mental ubah dekat tugas kecil beri jeda singkat ingat lelah bukan mampu kurang istirahat strategi
Saya selalu mengandalkan GPS, tapi kadang saya merasa jarang melatih ingatan arah. Apakah itu berpengaruh?;Ya, tergantung pada kebiasaan. Mengandalkan GPS membuat otak Anda kurang dilatih untuk memori spasial. Coba sesekali gunakan peta kertas atau ambil rute baru saat berkendara atau berjalan — itu melatih pemecahan masalah dan memori ruang, serta memberi otak tantangan yang sehat.;GPT;D13_GPT_BrainPower57-67_19.json;andal jarang ingat arah pengaruh andal otak kurang memori spasial sekal peta kertas rute kendara jalan pecah memori ruang beri otak tantang sehat;6;0.2232402105042039;otak - lupa - ingat - kecil - ulang - susah - simpan - materi - lama - kenang;6_otak_ulang_lupa_ingat;andal jarang ingat arah pengaruh andal otak kurang memori spasial sekal peta kertas rute kendara jalan pecah memori ruang beri otak tantang sehat
Aku merasa ingatanku nggak sekuat dulu. Apa ada cara untuk memperbaikinya?;Merasa ingatan melemah itu wajar kok, terutama kalau kamu lagi stres atau capek. Ingatan itu kayak otot, bisa dilatih biar lebih kuat. Coba mulai dengan hal sederhana, seperti main teka-teki atau rutin mencatat hal-hal penting. Juga, pastikan kamu cukup istirahat, karena otak butuh waktu untuk menyimpan informasi dengan baik. Sabun perlahan, ya, nggak perlu buru-buru.;GROK;D3_GROK_PengantarPsikologiAdnan80-88_20.json;ingat kuat ingat lemah utama stres capek ingat kuat sederhana main teka teki rutin catat penting cukup istirahat otak butuh simpan sabun perlahan perlu buru buru;6;0.2226761559556039;otak - lupa - ingat - kecil - ulang - susah - simpan - materi - lama - kenang;6_otak_ulang_lupa_ingat;ingat kuat ingat lemah utama stres capek ingat kuat sederhana main teka teki rutin catat penting cukup istirahat otak butuh simpan sabun perlahan perlu buru buru
Kenapa sih aku gampang lupa sama hal-hal kecil, tapi hal yang bikin emosi malah susah dilupain?;Itu sebenarnya normal, karena otak kita cenderung lebih gampang menyimpan memori yang punya emosi kuat, seperti marah atau sedih. Hal-hal kecil yang nggak terlalu berkesan biasanya lebih cepat lupa. Kalau mau ingat hal kecil, coba hubungkan sama sesuatu yang menarik buatmu, misalnya bikin lagu atau cerita dari informasi itu. Kalau emosi susah dilupain, mungkin coba tulis perasaanmu atau ceritain ke temen, biar nggak terlalu membebani.;GROK;D4_GROK_PengantarPsikologiBimoW167-177_20.json;gampang lupa kecil emosi malah susah dilupain otak cenderung gampang simpan memori emosi kuat marah sedih kecil terlalu kesan cepat lupa ingat kecil emosi susah dilupain temen terlalu beban;6;0.2226573328613444;otak - lupa - ingat - kecil - ulang - susah - simpan - materi - lama - kenang;-1_diri_takut_sendiri_kecil;gampang lupa kecil emosi malah susah dilupain otak cenderung gampang simpan memori emosi kuat marah sedih kecil terlalu kesan cepat lupa ingat kecil emosi susah dilupain temen terlalu beban
Kenangan buruk sering muncul di pikiran saya. Apa yang bisa saya lakukan?;Kenangan buruk yang muncul bisa terasa berat, dan kamu tidak sendiri. Carl Gustav Jung bilang tak sadar pribadi menyimpan pengalaman yang kita tekan atau lupakan. Coba tulis kenangan itu di kertas dan pikirkan: apa yang bisa kamu pelajari dari situ? Berbagi dengan teman dekat atau menulis jurnal juga bisa ringankan beban. Apa satu kenangan yang ingin kamu coba proses dengan cara ini?;GROK;A1_GROK_PsikologiKepribadian34-60_47.json;kenang muncul laku kenang muncul berat sendiri pribadi simpan alam tekan lupa kenang kertas situ teman dekat jurnal ringan beban kenang proses;6;0.2202637082413078;otak - lupa - ingat - kecil - ulang - susah - simpan - materi - lama - kenang;-1_diri_takut_sendiri_kecil;kenang muncul laku kenang muncul berat sendiri pribadi simpan alam tekan lupa kenang kertas situ teman dekat jurnal ringan beban kenang proses
Aku merasa otakku nggak bisa nyanyi sama pelajaran, apa aku kurang usaha?;Bukan kurang usaha, mungkin caranya yang belum pas. Coba ganti metode belajar, misalnya dari baca buku ke nonton video penjelasan. Atau, cek apakah kamu lagi stres, soalnya itu bisa bikin susah nyanyi. Kamu udah berusaha, tinggal cari pendekatan yang lebih cocok.;GROK;D3_GROK_PengantarPsikologiAdnan100-110_20.json;otak kurang usaha bukan kurang usaha metode baca buku nonton jelas stres susah udah usaha tinggal dekat cocok;6;0.2199499681111522;otak - lupa - ingat - kecil - ulang - susah - simpan - materi - lama - kenang;-1_diri_takut_sendiri_kecil;otak kurang usaha bukan kurang usaha metode baca buku nonton jelas stres susah udah usaha tinggal dekat cocok
Kenapa ya aku gampang ingat hal yang bikin sedih ketimbang yang bikin senang?;Otak kita memang cenderung lebih nempel sama hal yang punya emosi kuat, termasuk yang bikin sedih, karena itu kayak peringatan buat kita. Tapi ini bisa bikin berat, ya. Coba luangkan waktu untuk catat atau ceritain momen-momen bahagia, biar otakmu juga terbiasa ingat yang menyenangkan. Kamu layak ingat hal-hal yang bikin senyum juga.;GROK;D4_GROK_PengantarPsikologiBimoW145-155_20.json;gampang ingat sedih ketimbang senang otak cenderung nempel emosi kuat masuk sedih ingat berat luang catat momen momen bahagia otak ingat senang layak ingat senyum;6;0.2157006735189358;otak - lupa - ingat - kecil - ulang - susah - simpan - materi - lama - kenang;-1_diri_takut_sendiri_kecil;gampang ingat sedih ketimbang senang otak cenderung nempel emosi kuat masuk sedih ingat berat luang catat momen momen bahagia otak ingat senang layak ingat senyum
Aku ngerasa capek banget sama pikiran yang muter-muter di kepala. Ada cara cepat buat berhentiin ini?;Aku tahu itu melelahkan banget. Sayangnya, nggak ada cara ‘cepat’ buat hentikan pikiran OCD, tapi ada cara untuk kelola. Coba teknik grounding, seperti fokus ke pernapasan atau sentuh benda di sekitarmu untuk alihkan perhatian. Kalau pikiran itu terus mengganggu, terapi kognitif atau paparan bisa bantu. Apa yang biasanya bikin pikiran itu muncul? Mungkin kita bisa mulai dari situ.;GROK;D12_GROK_ClinicalHandbookPsychologicalDisorders165-175_20.json;ngerasa capek muter muter kepala cepat berhentiin tahu lelah sayang cepat henti kelola teknik grounding sentuh benda perhati terus ganggu terapi kognitif papar muncul situ;6;0.2145916619677028;otak - lupa - ingat - kecil - ulang - susah - simpan - materi - lama - kenang;-1_diri_takut_sendiri_kecil;ngerasa capek muter muter kepala cepat berhentiin tahu lelah sayang cepat henti kelola teknik grounding sentuh benda perhati terus ganggu terapi kognitif papar muncul situ
Aku susah banget ngelupain hal-hal buruk di masa lalu. Gimana caranya aku lepas?;Masa lalu yang buruk itu kayak beban yang nempel, ya. Memori kita memang kuat nyimpan hal-hal itu. Coba tulis apa yang bikin kamu stuck, lalu tulis apa yang kamu pelajari dari situ. Lakukan hal-hal yang bikin kamu merasa hidup, kayak jalan di taman atau ketemu temen. Kalau ini masih berat, psikolog bisa bantu kasih cara buat lepas dari kenangan itu.;GROK;D3_GROK_PengantarPsikologiAdnan232-242_20.json;susah ngelupain masa lepas masa beban nempel memori kuat nyimpan stuck situ laku hidup jalan taman temen berat psikolog lepas kenang;6;0.2103235524368429;otak - lupa - ingat - kecil - ulang - susah - simpan - materi - lama - kenang;-1_diri_takut_sendiri_kecil;susah ngelupain masa lepas masa beban nempel memori kuat nyimpan stuck situ laku hidup jalan taman temen berat psikolog lepas kenang
Aku pernah minum sampe blackout. Apa artinya itu?;Blackout itu tanda kalau kamu minum terlalu banyak sampai otakmu nggak bisa bikin memori baru, dan itu serius, lho. Itu artinya tubuhmu udah kewalahan. Aku khawatir sama kamu, apa kamu sering ngalamin ini? Mungkin kita bisa pikirin langkah buat kurangi minummu biar nggak sampe begitu lagi.;GROK;D12_GROK_ClinicalHandbookPsychologicalDisorders583-593_20.json;sampe blackout arti blackout terlalu otak memori serius arti tubuh udah kewalahan khawatir ngalamin pikirin kurang sampe;6;0.2096710464759184;otak - lupa - ingat - kecil - ulang - susah - simpan - materi - lama - kenang;-1_diri_takut_sendiri_kecil;sampe blackout arti blackout terlalu otak memori serius arti tubuh udah kewalahan khawatir ngalamin pikirin kurang sampe
Aku merasa otakku lambat nyerna pelajaran. Apa aku kurang pinter?;Nggak ada hubungannya sama pinter atau nggak, kok. Setiap orang punya cara dan kecepatan belajar yang beda. Kalau merasa lambat, coba pecah pelajaran jadi bagian kecil, lalu pahami satu per satu. Gunakan cara yang cocok buatmu, seperti bikin gambar, catatan, atau jelasin ke temen. Yang penting, jangan bandingin diri sama orang lain, dan kasih waktu buat otakmu nyerna. Kamu pasti bisa, pelan-pelan aja.;GROK;D4_GROK_PengantarPsikologiBimoW167-177_20.json;otak lambat nyerna kurang pinter pinter cepat lambat pecah kecil paham cocok catat jelasin temen penting jangan bandingin diri otak nyerna pelan pelan;6;0.2085758915689293;otak - lupa - ingat - kecil - ulang - susah - simpan - materi - lama - kenang;-1_diri_takut_sendiri_kecil;otak lambat nyerna kurang pinter pinter cepat lambat pecah kecil paham cocok catat jelasin temen penting jangan bandingin diri otak nyerna pelan pelan
Aku pengen lebih disiplin, tapi selalu balik ke kebiasaan lama. Gimana caranya biar bisa berubah?;Balik ke kebiasaan lama itu wajar, karena otak kita suka yang udah familiar. Buat lebih disiplin, coba mulai dari satu kebiasaan kecil, misalnya beresin tempat tidur tiap pagi. Lakuin konsisten, dan catat progress kamu biar termotivasi. Kalau balik lagi, cari tahu apa pemicunya—mungkin kamu terlalu capek? Apa yang pengen kamu ubah? Ceritain, biar kita susun langkah yang pas buat kamu.;GROK;D4_GROK_PengantarPsikologiBimoW68-78_20.json;disiplin balik lama ubah balik lama otak udah familiar disiplin kecil resin tempat tidur pagi lakuin konsisten catat progress motivasi balik tahu picu terlalu capek ubah susun;6;0.2071831502465236;otak - lupa - ingat - kecil - ulang - susah - simpan - materi - lama - kenang;6_otak_ulang_lupa_ingat;disiplin balik lama ubah balik lama otak udah familiar disiplin kecil resin tempat tidur pagi lakuin konsisten catat progress motivasi balik tahu picu terlalu capek ubah susun
Aku merasa lambat nangkap pelajaran baru. Apa yang salah?;Nggak ada yang salah denganmu. Setiap orang punya kecepatan belajar sendiri. Coba pecah materi jadi bagian kecil, lalu pelajari satu per satu. Misalnya, baca satu topik, tulis ringkasannya, lalu istirahat. Dengan cara ini, otakmu punya waktu untuk mencerna. Konsisten aja, kamu pasti bisa.;GROK;D3_GROK_PengantarPsikologiAdnan89-99_20.json;lambat nangkap salah salah cepat sendiri pecah materi kecil baca topik ringkas istirahat otak cerna konsisten;6;0.2070822829850441;otak - lupa - ingat - kecil - ulang - susah - simpan - materi - lama - kenang;6_otak_ulang_lupa_ingat;lambat nangkap salah salah cepat sendiri pecah materi kecil baca topik ringkas istirahat otak cerna konsisten
Saya ingin lebih aktif, tapi selalu lupa, dan itu bikin frustrasi. Bagaimana penugasan perilaku bisa bantu, dan apa yang bisa saya lakukan?;Frustrasi karena lupa itu wajar, tapi kamu hebat karena pengen aktif! Penugasan perilaku adalah tugas kecil, seperti catat berapa langkah kamu jalan tiap hari atau rencanain jalan 10 menit setelah makan malam. Ini bantu kesehatan mental karena bikin kamu merasa terorganisir dan sukses. Coba buat jurnal aktivitas selama seminggu, dan taruh pengingat di ponsel. Bilang, ‘Aku bisa lebih aktif!’ Apa tugas kecil yang pengen kamu coba, dan kapan kamu mulai?;GROK;D1_GROK_HealthPsycology56-95_67.json;lupa frustrasi tugas perilaku laku frustrasi lupa tugas perilaku tugas kecil catat berapa jalan rencanain jalan makan sehat mental organisir sukses jurnal aktivitas lama minggu taruh ingat ponsel tugas kecil kapan;6;0.2021416946257495;otak - lupa - ingat - kecil - ulang - susah - simpan - materi - lama - kenang;-1_diri_takut_sendiri_kecil;lupa frustrasi tugas perilaku laku frustrasi lupa tugas perilaku tugas kecil catat berapa jalan rencanain jalan makan sehat mental organisir sukses jurnal aktivitas lama minggu taruh ingat ponsel tugas kecil kapan
Aku merasa sulit fokus sama satu hal. Apa yang salah?;Fokus memang bisa sulit kalau banyak hal yang bikin pikiranmu terpecah. Coba mulai dengan memberi perhatian penuh pada satu hal kecil, misalnya baca satu paragraf tanpa cek ponsel. Latih ini setiap hari, dan lama-lama otakmu akan lebih mudah konsentrasi. Juga, pastikan kamu cukup tidur dan nggak terlalu stres, karena itu bisa bikin susah fokus.;GROK;D3_GROK_PengantarPsikologiAdnan89-99_20.json;sulit salah sulit pecah beri perhati penuh kecil baca paragraf ponsel lama lama otak mudah konsentrasi cukup tidur terlalu stres susah;6;0.2011086061514471;otak - lupa - ingat - kecil - ulang - susah - simpan - materi - lama - kenang;-1_diri_takut_sendiri_kecil;sulit salah sulit pecah beri perhati penuh kecil baca paragraf ponsel lama lama otak mudah konsentrasi cukup tidur terlalu stres susah
Kalau aku lagi kepikiran terus sampai stres, apa ada cara simpel untuk nenangin diri?;Ada, salah satunya melakukan aktivitas berulang seperti merapikan kamar, mencuci piring, atau bermain game sederhana. Aktivitas ini bisa membantu otak berhenti dari lingkaran pikiran yang bikin stres dan justru membuka ruang kreativitas. Jadi, kamu tetap produktif sekaligus lebih tenang.;GPT;D13_GPT_BrainPower24-34_11.json;terus stres simpel nenangin diri salah laku aktivitas ulang rapi kamar cuci piring main game sederhana aktivitas otak henti lingkar stres justru ruang kreativitas tetap produktif sekaligus tenang;6;0.1996803101937856;otak - lupa - ingat - kecil - ulang - susah - simpan - materi - lama - kenang;-1_diri_takut_sendiri_kecil;terus stres simpel nenangin diri salah laku aktivitas ulang rapi kamar cuci piring main game sederhana aktivitas otak henti lingkar stres justru ruang kreativitas tetap produktif sekaligus tenang
Saya sering merasa tidak bisa hadir secara penuh — pikiran melayang ke masa lalu atau khawatir soal masa depan. Bagaimana cara fokus pada saat ini?;Latihan perhatian (mindfulness) sederhana bisa membantu, misalnya fokus pada napas selama beberapa menit, atau memperhatikan sensasi saat makan. Mulai dari sesi singkat agar tidak menambah tekanan. Tujuannya bukan menghilangkan semua pikiran, tapi memberi latihan agar pikiran lebih sering kembali ke sini dan sekarang.;GPT;D13_GPT_BrainPower68-78_21.json;hadir penuh layang masa khawatir masa depan perhati mindfulness sederhana lama beberapa perhati sensasi makan sesi singkat tambah tekan tuju bukan hilang beri;6;0.1981584512908465;otak - lupa - ingat - kecil - ulang - susah - simpan - materi - lama - kenang;-1_diri_takut_sendiri_kecil;hadir penuh layang masa khawatir masa depan perhati mindfulness sederhana lama beberapa perhati sensasi makan sesi singkat tambah tekan tuju bukan hilang beri
Aku suka lupa hal-hal kecil, dan pasanganku bilang aku sengaja bohong. Aku harus gimana?;Pasti frustrasi kalau merasa disalahpahami gitu. Lupa hal kecil bisa terjadi karena banyak hal, seperti stres atau kelelahan, dan nggak berarti kamu bohong. Coba ajak pasanganmu ngobrol dengan tenang, misalnya, 'Aku nggak sengaja lupa, mungkin aku lagi kewalahan.’ Kalau ini sering terjadi, mungkin kita bisa coba cara buat bantu kamu mengingat, seperti catatan atau pengingat di ponsel.;GROK;D12_GROK_ClinicalHandbookPsychologicalDisorders517-527_20.json;lupa kecil pasang sengaja bohong frustrasi disalahpahami lupa kecil stres lelah arti bohong pasang tenang sengaja lupa kewalahan ingat catat ingat ponsel;6;0.1978110069699205;otak - lupa - ingat - kecil - ulang - susah - simpan - materi - lama - kenang;-1_diri_takut_sendiri_kecil;lupa kecil pasang sengaja bohong frustrasi disalahpahami lupa kecil stres lelah arti bohong pasang tenang sengaja lupa kewalahan ingat catat ingat ponsel
Saya ingin belajar bahasa baru, tapi takut mulai karena terasa sulit. Apakah itu benar-benar berguna untuk otak?;Keputusanmu ingin belajar bahasa baru adalah langkah yang bagus. Belajar bahasa menantang otak secara sehat — membantu memori, konsentrasi, dan fleksibilitas berpikir. Mulailah dengan target kecil, misalnya 10 menit sehari. Hadiahi diri ketika mencapai tonggak kecil agar prosesnya terasa memotivasi.;GPT;D13_GPT_BrainPower68-78_21.json;bahasa takut sulit otak putus bahasa bagus bahasa tantang otak sehat memori konsentrasi fleksibilitas target kecil hadiah diri capai tonggak kecil proses motivasi;6;0.1975261555394197;otak - lupa - ingat - kecil - ulang - susah - simpan - materi - lama - kenang;-1_diri_takut_sendiri_kecil;bahasa takut sulit otak putus bahasa bagus bahasa tantang otak sehat memori konsentrasi fleksibilitas target kecil hadiah diri capai tonggak kecil proses motivasi
Aku ngerasa cemas itu bikin aku lelet berpikir. Kenapa gitu ya?;Itu wajar, karena cemas bisa bikin otak terlalu fokus ke pikiran negatif atau takut salah. Ini bikin sulit buat berpikir jernih. Coba latihan mindfulness, kayak fokus ke napas atau ke apa yang ada di sekitarmu, biar pikiran nggak terjebak. Mau aku ajarin teknik mindfulness sederhana?;GROK;D12_GROK_ClinicalHandbookPsychologicalDisorders132-142_20.json;ngerasa cemas lelet cemas otak terlalu negatif takut salah sulit jernih mindfulness jebak ajarin teknik mindfulness sederhana;6;0.1970572648046817;otak - lupa - ingat - kecil - ulang - susah - simpan - materi - lama - kenang;-1_diri_takut_sendiri_kecil;ngerasa cemas lelet cemas otak terlalu negatif takut salah sulit jernih mindfulness jebak ajarin teknik mindfulness sederhana
Aku kadang lupa apa yang baru saja aku lakukan. Apa ini berbahaya?;Lupa sesuatu yang baru saja dilakukan bisa bikin khawatir, tapi seringkali ini cuma karena otak kita kelebihan beban atau kurang fokus. Misalnya, kalau kamu taruh kunci sambil mikirin hal lain, otakmu mungkin nggak mencatatnya. Coba biasakan melakukan satu hal dengan penuh perhatian. Tapi kalau ini sering terjadi dan bikin cemas, mungkin ceritain lebih detail, biar kita coba cari tahu penyebabnya bareng.;GROK;D4_GROK_PengantarPsikologiBimoW156-166_20.json;lupa laku bahaya lupa laku khawatir seringkali otak beban kurang taruh kunci mikirin otak catat laku penuh perhati cemas detail tahu bareng;6;0.1968054409716064;otak - lupa - ingat - kecil - ulang - susah - simpan - materi - lama - kenang;-1_diri_takut_sendiri_kecil;lupa laku bahaya lupa laku khawatir seringkali otak beban kurang taruh kunci mikirin otak catat laku penuh perhati cemas detail tahu bareng
Kadang aku minum banyak biar lupa sama masalahku. Itu salah nggak sih?;Aku paham rasanya pengen melarikan diri dari masalah, tapi minum banyak buat lupa itu biasanya cuma bikin masalah tambah rumit. Itu bisa bikin kamu ketergantungan, dan masalah yang tadinya mau dilupain malah jadi lebih besar. Mungkin kita bisa cari cara lain buat ngatasin perasaan itu, seperti curhat sama orang terpercaya atau coba teknik relaksasi. Apa yang biasanya bikin kamu pengen lupa?;GROK;D12_GROK_ClinicalHandbookPsychologicalDisorders627-637_20.json;lupa salah paham lari diri lupa tambah rumit tadi dilupain malah ngatasin curhat percaya teknik relaksasi lupa;6;0.1965373093289236;otak - lupa - ingat - kecil - ulang - susah - simpan - materi - lama - kenang;-1_diri_takut_sendiri_kecil;lupa salah paham lari diri lupa tambah rumit tadi dilupain malah ngatasin curhat percaya teknik relaksasi lupa
Kadang aku menyesali banyak keputusan lalu terpaku pada 'seandainya'. Bagaimana cara berhenti terjebak di masa lalu?;Menyesali masa lalu memang menyakitkan. Salah satu pendekatan adalah mengubah fokus ke keputusan yang bisa kamu buat sekarang: apa langkah kecil yang paling realistis untuk memperbaiki keadaan saat ini? Latihan memperhatikan (mindfulness) juga membantu agar kebiasaan memikirkan 'seandainya' tidak terus mendominasi pikiran.;GPT;D13_GPT_BrainPower68-78_21.json;sali putus terpa henti jebak masa sali masa sakit salah dekat ubah putus kecil paling realistis perhati mindfulness terus dominasi;6;0.1964158816631337;otak - lupa - ingat - kecil - ulang - susah - simpan - materi - lama - kenang;-1_diri_takut_sendiri_kecil;sali putus terpa henti jebak masa sali masa sakit salah dekat ubah putus kecil paling realistis perhati mindfulness terus dominasi
Aku coba mindfulness, tapi pikiranku malah kemana-mana. Aku gagal nggak sih?;Haha, nggak gagal sama sekali! Pikiran yang lari-lari itu justru normal banget, apalagi pas baru mulai mindfulness. Bukan soal bikin pikiran kosong, tapi soal nge-notice kalau pikiranmu lari, terus balikin lagi ke napas atau apa yang kamu fokusin. Itu udah langkah besar! Coba latihan 2-3 menit dulu, nggak usah lama. Apa yang biasanya bikin pikiranmu lari?;GROK;D12_GROK_ClinicalHandbookPsychologicalDisorders220-230_20.json;mindfulness malah gagal haha gagal sekali lari lari justru mindfulness bukan kosong notice lari terus balikin fokusin udah usah lama lari;6;0.1964008423676762;otak - lupa - ingat - kecil - ulang - susah - simpan - materi - lama - kenang;-1_diri_takut_sendiri_kecil;mindfulness malah gagal haha gagal sekali lari lari justru mindfulness bukan kosong notice lari terus balikin fokusin udah usah lama lari
Aku ngerasa harus pikirin semua kemungkinan buruk biar nggak kaget. Tapi capek banget. Gimana caranya berhenti?;Wah, kayaknya otakmu kerja keras banget, ya! Pikiran kayak gitu sering muncul di GAD, di mana kita ngerasa harus ‘siap’ sama semua kemungkinan. Coba alihin fokus ke hal yang bisa kamu kontrol, kayak rencana hari ini. Atau coba teknik mindfulness buat nikmatin momen sekarang. Mau aku kasih contoh caranya?;GROK;D12_GROK_ClinicalHandbookPsychologicalDisorders198-208_20.json;ngerasa pikirin kaget capek henti otak kerja muncul ngerasa siap alihin kontrol rencana teknik mindfulness nikmatin momen contoh;6;0.1942597864289884;otak - lupa - ingat - kecil - ulang - susah - simpan - materi - lama - kenang;-1_diri_takut_sendiri_kecil;ngerasa pikirin kaget capek henti otak kerja muncul ngerasa siap alihin kontrol rencana teknik mindfulness nikmatin momen contoh
Kenapa aku gampang lupa kalau lagi stres?;Stres memang bisa bikin ingatan kita agak kacau, karena otak kita sibuk ngurusin emosi. Wajar kok, kamu nggak sendirian. Coba lakukan hal yang bikin rileks, seperti tarik napas dalam atau jalan-jalan sebentar. Kalau pikiran lebih tenang, otakmu akan lebih mudah menyimpan dan mengingat informasi.;GROK;D3_GROK_PengantarPsikologiAdnan80-88_20.json;gampang lupa stres stres ingat kacau otak sibuk ngurusin emosi sendiri laku rileks jalan jalan sebentar tenang otak mudah simpan ingat;6;0.1940651124494108;otak - lupa - ingat - kecil - ulang - susah - simpan - materi - lama - kenang;-1_diri_takut_sendiri_kecil;gampang lupa stres stres ingat kacau otak sibuk ngurusin emosi sendiri laku rileks jalan jalan sebentar tenang otak mudah simpan ingat
Aku pengen lebih mindful, tapi nggak tahu mulai dari mana. Ada saran?;Keren banget kamu mau coba mindfulness! Mulai dari hal sederhana aja, seperti ambil waktu 1-2 menit buat fokus ke napasmu—perhatikan udara yang masuk dan keluar tanpa menilai apa pun. Atau, coba perhatikan apa yang kamu lihat, dengar, atau sentuh di sekitarmu tanpa mikir terlalu jauh. Lakukan ini tiap hari, dan lama-lama kamu akan lebih mudah fokus ke saat ini. Kalau mau lebih dalam, ada buku atau aplikasi mindfulness yang bisa bantu.;GROK;D12_GROK_ClinicalHandbookPsychologicalDisorders473-483_20.json;mindful tahu saran keren mindfulness sederhana perhati udara masuk keluar nilai perhati dengar sentuh mikir terlalu jauh laku lama lama mudah buku aplikasi mindfulness;6;0.1934335517314184;otak - lupa - ingat - kecil - ulang - susah - simpan - materi - lama - kenang;-1_diri_takut_sendiri_kecil;mindful tahu saran keren mindfulness sederhana perhati udara masuk keluar nilai perhati dengar sentuh mikir terlalu jauh laku lama lama mudah buku aplikasi mindfulness
Aku pernah lupa semua yang aku pelajari setelah ujian. Ini kenapa ya?;Itu sering terjadi, terutama kalau kamu belajar cuma untuk ujian dan nggak mengulang materinya setelahnya. Otak kita cenderung 'membuang' informasi yang nggak sering dipakai. Untuk membantu, coba ulas kembali pelajaran itu sesekali, meski cuma sekilas. Juga, hubungkan materi itu dengan sesuatu yang menarik buat kamu, biar otakmu merasa itu penting. Apa kamu sering merasa lupa begini setelah belajar intens?;GROK;D4_GROK_PengantarPsikologiBimoW156-166_20.json;lupa utama ulang materi otak cenderung buang ulas sekal kilas materi otak penting lupa begini intens;6;0.1926633406838181;otak - lupa - ingat - kecil - ulang - susah - simpan - materi - lama - kenang;-1_diri_takut_sendiri_kecil;lupa utama ulang materi otak cenderung buang ulas sekal kilas materi otak penting lupa begini intens
Aku sering lupa hal kecil, seperti di mana taruh kunci. Apa itu pertanda buruk?;Tenang, lupa hal kecil seperti taruh kunci itu biasa banget, apalagi kalau kamu lagi sibuk atau stres. Itu bukan pertanda buruk, cuma tanda otakmu lagi penuh. Coba bikin kebiasaan, seperti selalu taruh kunci di tempat yang sama, atau gunakan pengingat di ponsel. Kalau ini sering bikin frustrasi, mungkin coba relaksasi untuk kurangi tekanan.;GROK;D4_GROK_PengantarPsikologiBimoW145-155_20.json;lupa kecil taruh kunci tenang lupa kecil taruh kunci sibuk stres bukan otak penuh taruh kunci tempat ingat ponsel frustrasi relaksasi kurang tekan;6;0.1904413851080836;otak - lupa - ingat - kecil - ulang - susah - simpan - materi - lama - kenang;-1_diri_takut_sendiri_kecil;lupa kecil taruh kunci tenang lupa kecil taruh kunci sibuk stres bukan otak penuh taruh kunci tempat ingat ponsel frustrasi relaksasi kurang tekan
Aku takut lupa hal-hal penting karena aku pernah lupa sesuatu yang besar. Apa yang bisa aku lakukan?;Rasa takut itu wajar, apalagi kalau pernah lupa sesuatu yang bikin kamu merasa nggak nyaman. Untuk membantu, coba buat sistem sederhana, seperti menulis pengingat di ponsel atau buku. Otak kita kadang nggak bisa simpan semua hal dengan sempurna, jadi alat bantu ini bisa ringankan beban. Juga, coba perhatikan apakah kamu cukup istirahat, karena kurang tidur bisa bikin lupa. Kalau rasa takut ini masih kuat, mungkin kita bisa ngobrol lebih dalam tentang apa yang bikin kamu khawatir.;GROK;D4_GROK_PengantarPsikologiBimoW156-166_20.json;takut lupa penting lupa laku takut lupa nyaman sederhana ingat ponsel buku otak simpan sempurna alat ringan beban perhati cukup istirahat kurang tidur lupa takut kuat khawatir;6;0.1902997184657871;otak - lupa - ingat - kecil - ulang - susah - simpan - materi - lama - kenang;-1_diri_takut_sendiri_kecil;takut lupa penting lupa laku takut lupa nyaman sederhana ingat ponsel buku otak simpan sempurna alat ringan beban perhati cukup istirahat kurang tidur lupa takut kuat khawatir
Aku sering lupa sama hal-hal kecil, seperti di mana aku taruh kunci. Apa ini normal?;Wah, lupa taruh kunci itu memang sering bikin frustrasi, ya. Tenang, ini cukup normal kok. Ingatan kita kadang bekerja dengan cara yang unik, apalagi kalau pikiran sedang sibuk. Berdasarkan apa yang kita tahu, ingatan itu melibatkan proses menerima, menyimpan, dan mengingat kembali informasi. Kalau kamu sering lupa hal kecil, coba catat di tempat yang gampang dilihat, seperti sticky note di pintu. Itu bisa bantu otakmu lebih rileks dan nggak overthinking.;GROK;D3_GROK_PengantarPsikologiAdnan80-88_20.json;lupa kecil taruh kunci lupa taruh kunci frustrasi tenang cukup ingat kerja unik sedang sibuk tahu ingat libat proses terima simpan ingat lupa kecil catat tempat gampang sticky note pintu otak rileks overthinking;6;0.1895231249518047;otak - lupa - ingat - kecil - ulang - susah - simpan - materi - lama - kenang;-1_diri_takut_sendiri_kecil;lupa kecil taruh kunci lupa taruh kunci frustrasi tenang cukup ingat kerja unik sedang sibuk tahu ingat libat proses terima simpan ingat lupa kecil catat tempat gampang sticky note pintu otak rileks overthinking
Aku sering lupa sama janji kecil. Gimana caranya biar lebih ingat?;Lupa janji kecil itu wajar, apalagi kalau hidup lagi sibuk. Coba pakai pengingat, seperti catatan di ponsel atau sticky note di tempat yang sering kamu lihat. Juga, coba ulang janji itu dalam hati, misalnya, 'Besok jam 3 ketemu Ani.' Kebiasaan ini bisa bikin otak lebih siap mengingat.;GROK;D3_GROK_PengantarPsikologiAdnan89-99_20.json;lupa janji kecil ingat lupa janji kecil hidup sibuk ingat catat ponsel sticky note tempat ulang janji hati otak siap ingat;6;0.1893462640581236;otak - lupa - ingat - kecil - ulang - susah - simpan - materi - lama - kenang;-1_diri_takut_sendiri_kecil;lupa janji kecil ingat lupa janji kecil hidup sibuk ingat catat ponsel sticky note tempat ulang janji hati otak siap ingat
Aku sering lupa hal-hal kecil, seperti di mana aku taruh kunci. Apa ini normal?;Wajar kok kalau sesekali lupa hal-hal kecil, apalagi kalau kamu sedang stres atau banyak pikiran. Ingatan kita memang punya batas, dan kadang hal sederhana bisa terlewat. Coba mulai dengan kebiasaan kecil, seperti selalu menaruh kunci di tempat yang sama. Kalau lupa-lupanya terasa sering banget dan mengganggu, mungkin kita bisa coba latihan sederhana untuk melatih ingatan, seperti mencatat atau mengulang informasi penting. Apa kamu merasa ini sering terjadi akhir-akhir ini?;GROK;D4_GROK_PengantarPsikologiBimoW156-166_20.json;lupa kecil taruh kunci sekal lupa kecil sedang stres ingat batas sederhana lewat kecil taruh kunci tempat lupa lupa ganggu sederhana ingat catat ulang penting akhir akhir;6;0.1892444066646549;otak - lupa - ingat - kecil - ulang - susah - simpan - materi - lama - kenang;-1_diri_takut_sendiri_kecil;lupa kecil taruh kunci sekal lupa kecil sedang stres ingat batas sederhana lewat kecil taruh kunci tempat lupa lupa ganggu sederhana ingat catat ulang penting akhir akhir
Kalau aku suka ngelupain hal-hal kecil, apa itu gangguan mental?;Ngelupain hal-hal kecil itu biasa, apalagi kalau kamu lagi stres atau sibuk. Tapi kalau kamu merasa lupa terus-terusan sampai bikin masalah, seperti nggak bisa kerja atau ingat hal penting, mungkin ada baiknya perhatikan lebih lanjut. Apa yang biasanya kamu lupain, dan seberapa sering?;GROK;D11_GROK_AHandbookfortheSMH50-60_20.json;ngelupain kecil ganggu mental ngelupain kecil stres sibuk lupa terus terus kerja ingat penting perhati lanjut lupain berapa;6;0.1883084578130315;otak - lupa - ingat - kecil - ulang - susah - simpan - materi - lama - kenang;-1_diri_takut_sendiri_kecil;ngelupain kecil ganggu mental ngelupain kecil stres sibuk lupa terus terus kerja ingat penting perhati lanjut lupain berapa
Saya selalu memakai kalkulator untuk hal kecil dan merasa kemampuan berpikir cepat saya menurun. Apa yang bisa saya lakukan?;Mengurangi ketergantungan pada kalkulator untuk tugas sehari-hari adalah latihan yang bagus untuk otak. Coba tantangan kecil: hitung mental untuk belanja, tip, atau pembagian sederhana. Lakukan secara bertahap supaya tidak membuat frustasi. Ini bukan soal menolak teknologi, melainkan memberi 'ruang berlatih' pada kemampuan kognitif Anda.;GPT;D13_GPT_BrainPower90-100_10.json;kalkulator kecil mampu cepat turun laku kurang kalkulator tugas bagus otak tantang kecil hitung mental belanja sederhana laku tahap frustasi bukan tolak teknologi beri ruang mampu kognitif;6;0.188281002813616;otak - lupa - ingat - kecil - ulang - susah - simpan - materi - lama - kenang;-1_diri_takut_sendiri_kecil;kalkulator kecil mampu cepat turun laku kurang kalkulator tugas bagus otak tantang kecil hitung mental belanja sederhana laku tahap frustasi bukan tolak teknologi beri ruang mampu kognitif
Aku merasa sulit mengingat hal-hal kecil, seperti nama seseorang atau di mana aku taruh kunci. Apa yang bisa aku lakukan?;Wajar kok kalau kadang lupa hal-hal kecil, apalagi kalau pikiran lagi penuh. Ingatan itu seperti lemari penyimpanan, kadang perlu dirapihkan. Coba buat catatan kecil atau gunakan pengingat di ponsel untuk hal-hal penting. Juga, coba latih pikiranmu dengan permainan sederhana seperti teka-teki atau mengingat daftar belanja. Istirahat cukup juga membantu, karena otak yang lelah susah menyimpan informasi.;GROK;D3_GROK_PengantarPsikologiAdnan69-79_20.json;sulit ingat kecil nama taruh kunci laku lupa kecil penuh ingat lemari simpan perlu dirapihkan catat kecil ingat ponsel penting main sederhana teka teki ingat daftar belanja istirahat cukup otak lelah susah simpan;6;0.1879377174709031;otak - lupa - ingat - kecil - ulang - susah - simpan - materi - lama - kenang;-1_diri_takut_sendiri_kecil;sulit ingat kecil nama taruh kunci laku lupa kecil penuh ingat lemari simpan perlu dirapihkan catat kecil ingat ponsel penting main sederhana teka teki ingat daftar belanja istirahat cukup otak lelah susah simpan
Aku suka lupa sama hal-hal kecil, kayak di mana taruh kunci. Apa ini normal, atau aku harus khawatir?;Lupa hal kecil kayak taruh kunci itu biasa banget, apalagi kalau kamu lagi sibuk atau stres. Nggak perlu khawatir dulu, coba bikin kebiasaan sederhana, seperti selalu taruh kunci di tempat yang sama. Kalau sering banget lupa dan bikin bingung, coba catat kapan kamu lupa—mungkin ada pola, seperti kurang tidur. Apa yang lagi bikin kamu ngerasa pelupa? Ceritain, biar kita lihat apa yang bisa dibantu.;GROK;D4_GROK_PengantarPsikologiBimoW68-78_20.json;lupa kecil taruh kunci khawatir lupa kecil taruh kunci sibuk stres perlu khawatir sederhana taruh kunci tempat lupa catat kapan lupa pola kurang tidur ngerasa lupa;6;0.1879144457549421;otak - lupa - ingat - kecil - ulang - susah - simpan - materi - lama - kenang;-1_diri_takut_sendiri_kecil;lupa kecil taruh kunci khawatir lupa kecil taruh kunci sibuk stres perlu khawatir sederhana taruh kunci tempat lupa catat kapan lupa pola kurang tidur ngerasa lupa
Aku sering lupa hal-hal kecil, seperti di mana aku taruh kunci. Apa yang bisa aku lakukan untuk mengurangi lupa?;Wajar kok kalau kadang lupa hal kecil, apalagi kalau pikiran lagi penuh. Coba biasakan mengulang-ulang informasi penting, misalnya taruh kunci di tempat yang sama setiap hari dan bilang dalam hati, 'Kunci di laci.' Ini membantu otak menyimpan informasi lebih kuat. Juga, kalau kamu sering lupa karena banyak pikiran, coba tulis catatan kecil atau pakai pengingat di ponsel. Sedikit demi sedikit, kebiasaan ini bisa membantu.;GROK;D3_GROK_PengantarPsikologiAdnan89-99_20.json;lupa kecil taruh kunci laku kurang lupa lupa kecil penuh ulang ulang penting taruh kunci tempat hati kunci laci otak simpan kuat lupa catat kecil ingat ponsel;6;0.187240008406615;otak - lupa - ingat - kecil - ulang - susah - simpan - materi - lama - kenang;-1_diri_takut_sendiri_kecil;lupa kecil taruh kunci laku kurang lupa lupa kecil penuh ulang ulang penting taruh kunci tempat hati kunci laci otak simpan kuat lupa catat kecil ingat ponsel
Apa sebenarnya rumination itu?;"Rumination adalah kebiasaan ""mengunyah"" pikiran yang sama berulang-ulang sampai menimbulkan stres tambahan—seperti menonton ulang film sedih tanpa tombol berhenti. George Slavich menyebutnya cognitive looping yang menghambat informasi baru masuk.";GPT;A1_GPT_EmotionalFirstAid23-45_50.json;rumination rumination kunyah ulang ulang timbul stres tambah tonton ulang film sedih tombol henti george slavich sebut cognitive looping hambat masuk;6;0.1860788793993396;otak - lupa - ingat - kecil - ulang - susah - simpan - materi - lama - kenang;-1_diri_takut_sendiri_kecil;rumination rumination kunyah ulang ulang timbul stres tambah tonton ulang film sedih tombol henti george slavich sebut cognitive looping hambat masuk
Aku merasa susah belajar hal baru, kayak otakku lambat. Apa aku kurang usaha, atau ada cara lain?;Susah belajar hal baru nggak berarti kamu kurang usaha, kok. Setiap orang punya cara dan kecepatan belajar yang beda. Coba pecah materi jadi bagian kecil, dan fokus ke satu bagian dulu. Pakai cara yang seru buat kamu, misalnya nonton video atau gambar diagram. Kalau masih susah, mungkin kamu butuh istirahat lebih atau ganti suasana belajar. Apa yang lagi bikin belajarmu terasa lambat? Ceritain, biar kita pikirin solusi.;GROK;D4_GROK_PengantarPsikologiBimoW68-78_20.json;susah otak lambat kurang usaha susah arti kurang usaha cepat pecah materi kecil seru nonton diagram susah butuh istirahat suasana lambat pikirin solusi;6;0.1821869712508235;otak - lupa - ingat - kecil - ulang - susah - simpan - materi - lama - kenang;-1_diri_takut_sendiri_kecil;susah otak lambat kurang usaha susah arti kurang usaha cepat pecah materi kecil seru nonton diagram susah butuh istirahat suasana lambat pikirin solusi
Bagaimana menghentikan pikiran negatif di malam hari?;Tuliskan kekhawatiran di kertas ‘parking lot’ lalu simpan. Katakan pada diri, ‘Saya akan meninjau ini besok.’ Teknik ini memberi otak izin untuk beristirahat.;GPT;D1_GPT_HealthPsycology250-268_50.json;henti negatif khawatir kertas parking simpan kata diri tinjau teknik beri otak izin istirahat;6;0.1794838858317379;otak - lupa - ingat - kecil - ulang - susah - simpan - materi - lama - kenang;-1_diri_takut_sendiri_kecil;henti negatif khawatir kertas parking simpan kata diri tinjau teknik beri otak izin istirahat
Bermain video game membuat saya merasa bersalah karena dianggap buang waktu. Apakah itu benar-benar buruk untuk otak?;Permainan video game punya manfaat kognitif tertentu seperti koordinasi dan pemrosesan visual. Yang penting adalah keseimbangan: jika game mengganggu tidur, pekerjaan, atau hubungan, itu jadi masalah. Namun jika dimainkan dengan batas yang sehat, game dapat menjadi sumber stimulasi dan relaksasi.;GPT;D13_GPT_BrainPower68-78_21.json;main game salah anggap buang otak main game manfaat kognitif koordinasi pemrosesan visual penting imbang game ganggu tidur kerja main batas sehat game sumber stimulasi relaksasi;6;0.1783934035868452;otak - lupa - ingat - kecil - ulang - susah - simpan - materi - lama - kenang;-1_diri_takut_sendiri_kecil;main game salah anggap buang otak main game manfaat kognitif koordinasi pemrosesan visual penting imbang game ganggu tidur kerja main batas sehat game sumber stimulasi relaksasi
Aku merasa ingatanku nggak bisa dipercaya lagi. Apa yang salah?;Perasaan itu bisa muncul kalau kamu merasa ingatanmu sering gagal atau berubah. Ingatan manusia memang nggak selalu sempurna, dan itu nggak berarti ada yang salah denganmu. Coba mulai dengan melatih ingatan, seperti mengingat daftar sederhana atau bermain permainan memori. Juga, perhatikan apakah kamu sedang stres atau kurang tidur, karena itu bisa memengaruhi. Kalau masih merasa nggak nyaman, ceritain apa yang bikin kamu merasa ingatanmu nggak bisa dipercaya.;GROK;D4_GROK_PengantarPsikologiBimoW156-166_20.json;ingat percaya salah muncul ingat gagal ubah ingat manusia sempurna arti salah ingat ingat daftar sederhana main main memori perhati sedang stres kurang tidur pengaruh nyaman ingat percaya;6;0.1738604919549636;otak - lupa - ingat - kecil - ulang - susah - simpan - materi - lama - kenang;-1_diri_takut_sendiri_kecil;ingat percaya salah muncul ingat gagal ubah ingat manusia sempurna arti salah ingat ingat daftar sederhana main main memori perhati sedang stres kurang tidur pengaruh nyaman ingat percaya
Aku coba lupain trauma itu, tapi kenapa malah makin sering kepikiran?;Itu karena otak kita punya kebutuhan untuk memproses kenangan yang belum selesai, kayak ada dorongan untuk menyelesaikannya. Mencoba melupakannya kadang malah bikin kenangan itu muncul lebih kuat. Mungkin kita bisa coba hadapi sedikit demi sedikit dalam cara yang aman. Apa kamu merasa siap untuk ceritain sedikit tentang kenangan itu?;GROK;D12_GROK_ClinicalHandbookPsychologicalDisorders88-98_20.json;lupain trauma malah makin otak butuh proses kenang dorong lupa malah kenang muncul kuat hadap siap kenang;6;0.1729689884780566;otak - lupa - ingat - kecil - ulang - susah - simpan - materi - lama - kenang;-1_diri_takut_sendiri_kecil;lupain trauma malah makin otak butuh proses kenang dorong lupa malah kenang muncul kuat hadap siap kenang
Aku sering lupa sama hal yang nggak penting, tapi kenapa susah lupa sama kenangan buruk?;Otak kita memang cenderung lebih kuat menyimpan kenangan yang punya emosi kuat, apalagi yang buruk, karena itu cara otak melindungi kita dari bahaya. Hal-hal kecil yang nggak penting biasanya cepat lupa karena otak nggak anggap prioritas. Kalau kenangan buruk mengganggu, coba tulis apa yang kamu rasakan atau ceritain ke orang terpercaya. Itu bisa bantu ringanin beban emosionalnya.;GROK;D4_GROK_PengantarPsikologiBimoW167-177_20.json;lupa penting susah lupa kenang otak cenderung kuat simpan kenang emosi kuat otak lindung bahaya kecil penting cepat lupa otak anggap prioritas kenang ganggu percaya ringanin beban emosional;6;0.1679300401932657;otak - lupa - ingat - kecil - ulang - susah - simpan - materi - lama - kenang;-1_diri_takut_sendiri_kecil;lupa penting susah lupa kenang otak cenderung kuat simpan kenang emosi kuat otak lindung bahaya kecil penting cepat lupa otak anggap prioritas kenang ganggu percaya ringanin beban emosional
Aku suka notice gerakan di keramaian lebih cepat. Itu bikin aku susah fokus. Ada saran?;Otak kita memang dirancang untuk peka sama gerakan, karena itu bisa jadi tanda sesuatu yang penting. Kalau bikin susah fokus, coba latih diri untuk fokus pada satu hal, misalnya dengan meditasi singkat atau teknik pernapasan. Juga, kurangi distraksi visual di sekitarmu kalau lagi kerja.;GROK;D4_GROK_PengantarPsikologiBimoW123-133_20.json;notice gera ramai cepat susah saran otak rancang peka gera penting susah diri meditasi singkat teknik kurang distraksi visual kerja;6;0.1444473136683889;otak - lupa - ingat - kecil - ulang - susah - simpan - materi - lama - kenang;-1_diri_takut_sendiri_kecil;notice gera ramai cepat susah saran otak rancang peka gera penting susah diri meditasi singkat teknik kurang distraksi visual kerja
Aku suka mikirin hal buruk kalo lagi nggak ada kerjaan. Gimana caranya biar nggak gitu?;Waktu kosong emang kadang bikin pikiran lari ke mana-mana. Coba isi dengan sesuatu yang bikin kamu sibuk tapi nggak berat, kayak baca buku atau nyanyi-nyanyi. Apa aktivitas yang bikin kamu lupa overthinking?;GROK;D10_GROK_HidupDamaiTanpaBerpikirBerlebihan85-95_20.json;mikirin kalo kerja kosong emang lari sibuk berat baca buku aktivitas lupa overthinking;6;0.1380740364420868;otak - lupa - ingat - kecil - ulang - susah - simpan - materi - lama - kenang;-1_diri_takut_sendiri_kecil;mikirin kalo kerja kosong emang lari sibuk berat baca buku aktivitas lupa overthinking
Aku sering nulis to-do list, tapi kadang malah bikin tambah tertekan karena nggak semuanya selesai. Apa gunanya sebenarnya?;Justru dengan menulis to-do list, kamu membantu otakmu mengurangi beban karena nggak perlu mengingat semuanya sekaligus. Bahkan menyelesaikan hal kecil dan mencoretnya bisa bikin otakmu menghasilkan dopamin yang membuat suasana hati lebih baik. Jadi nggak masalah kalau nggak semua selesai dalam sehari, yang penting ada kemajuan kecil yang bisa kamu rayakan.;GPT;D13_GPT_BrainPower2-12_12.json;nulis list malah tambah tekan justru list otak kurang beban perlu ingat sekaligus bahkan kecil coret otak hasil dopamin suasana hati penting maju kecil raya;6;0.136213913651283;otak - lupa - ingat - kecil - ulang - susah - simpan - materi - lama - kenang;-1_diri_takut_sendiri_kecil;nulis list malah tambah tekan justru list otak kurang beban perlu ingat sekaligus bahkan kecil coret otak hasil dopamin suasana hati penting maju kecil raya
Saya merasa sulit merasakan kebahagiaan. Apakah ada cara realistis untuk melatih otak saya supaya bisa menikmati hal-hal kecil lagi?;Aku dengar kamu sedang lelah dan susah merasakan kebahagiaan — itu berat. Salah satu pendekatan yang bisa dicoba adalah membangun kebiasaan baru bertahap: lakukan satu aktivitas kecil yang membuatmu merasa nyaman atau sedikit senang setiap hari selama 45 hari berturut-turut. Tujuannya bukan paksa diri untuk langsung bahagia, tapi memberi waktu bagi otakmu menyesuaikan diri. Kalau suatu hari sulit, itu wajar — fokus saja untuk mengulangi tindakan kecil itu besok.;GPT;D13_GPT_BrainPower68-78_21.json;sulit bahagia realistis otak nikmat kecil dengar sedang lelah susah bahagia berat salah dekat tahap laku aktivitas kecil nyaman senang lama turut turut tuju bukan paksa diri langsung bahagia beri otak sesuai diri suatu sulit ulang tindak kecil;6;0.1307544344890131;otak - lupa - ingat - kecil - ulang - susah - simpan - materi - lama - kenang;-1_diri_takut_sendiri_kecil;sulit bahagia realistis otak nikmat kecil dengar sedang lelah susah bahagia berat salah dekat tahap laku aktivitas kecil nyaman senang lama turut turut tuju bukan paksa diri langsung bahagia beri otak sesuai diri suatu sulit ulang tindak kecil
Aku merasa lebih tenang kalau nulis diary. Apakah itu memang ada manfaatnya buat kesehatan mental?;Ya, menulis jurnal harian sangat bermanfaat. Dengan menulis tangan, otakmu lebih aktif, daya ingat meningkat, dan emosimu bisa tersalurkan. Prosesnya juga bikin refleksi, sehingga kamu bisa lebih memahami perasaanmu sendiri. Bahkan gerakan menulis yang berulang bisa membantu tubuhmu lebih rileks. Jadi lanjutkan aja, itu bisa jadi cara yang sehat untuk merawat dirimu.;GPT;D13_GPT_BrainPower2-12_12.json;tenang nulis diary manfaat sehat mental jurnal manfaat tangan otak daya ingat tingkat emosi salur proses refleksi paham sendiri bahkan gera ulang tubuh rileks lanjut sehat rawat diri;6;0.1210718848171076;otak - lupa - ingat - kecil - ulang - susah - simpan - materi - lama - kenang;-1_diri_takut_sendiri_kecil;tenang nulis diary manfaat sehat mental jurnal manfaat tangan otak daya ingat tingkat emosi salur proses refleksi paham sendiri bahkan gera ulang tubuh rileks lanjut sehat rawat diri
Saya sering menunda dan merasa terjebak dalam pola lama. Bagaimana cara mempelajari respons yang lebih tepat?;Sadari pola yang terjadi dan latih respons baru lewat praktik berkala. Karena jalur saraf terbentuk oleh penggunaan, ulangi perilaku yang Anda inginkan dalam konteks kecil dan aman sampai terasa lebih alami. Beri diri apresiasi pada kemajuan kecil, bukan menunggu perubahan besar sekaligus.;GPT;D13_GPT_BrainPower57-67_19.json;tunda jebak pola lama respons tepat pola respons lewat praktik kala jalur saraf bentuk ulang perilaku konteks kecil alami beri diri apresiasi maju kecil bukan tunggu ubah sekaligus;6;0.1012193540355043;otak - lupa - ingat - kecil - ulang - susah - simpan - materi - lama - kenang;-1_diri_takut_sendiri_kecil;tunda jebak pola lama respons tepat pola respons lewat praktik kala jalur saraf bentuk ulang perilaku konteks kecil alami beri diri apresiasi maju kecil bukan tunggu ubah sekaligus
Aku sering merasa sedih tiba-tiba, tapi sulit mengalihkan pikiran. Ada cara sederhana buat memperbaikinya?;Perasaan sedih yang datang tiba-tiba itu nyata dan valid. Kadang otak kita butuh sesuatu yang ringan tapi menstimulasi. Game trivia bisa jadi pilihan. Saat kamu berusaha mengingat jawaban, otakmu bekerja dan ada rasa puas ketika berhasil menjawab. Itu bisa memicu dopamin, zat kimia yang bikin mood sedikit terangkat. Kamu tidak harus jadi ahli, cukup main santai, bahkan sendirian pun bisa bermanfaat.;GPT;D13_GPT_BrainPower101-111_10.json;sedih sulit sederhana sedih datang nyata valid otak butuh ringan stimulasi game trivia pilih usaha ingat otak kerja puas hasil picu dopamin mood angkat ahli cukup main santai bahkan sendiri manfaat;6;0.0934827262427253;otak - lupa - ingat - kecil - ulang - susah - simpan - materi - lama - kenang;-1_diri_takut_sendiri_kecil;sedih sulit sederhana sedih datang nyata valid otak butuh ringan stimulasi game trivia pilih usaha ingat otak kerja puas hasil picu dopamin mood angkat ahli cukup main santai bahkan sendiri manfaat
Sebagai dewasa, bagaimana memulihkan harapan saat hidup terasa berat?;Ingat momen kecil ketika masalah terselesaikan. Catat tiap malam satu hal baik hari itu. Kebiasaan ini melatih otak mengenali kemungkinan positif.;GROK;A1_GROK_PsikologiKepribadian61-83_99.json;dewasa pulih harap hidup berat ingat momen kecil catat otak nali positif;6;0.0896437149166368;otak - lupa - ingat - kecil - ulang - susah - simpan - materi - lama - kenang;-1_diri_takut_sendiri_kecil;dewasa pulih harap hidup berat ingat momen kecil catat otak nali positif
Bagaimana saya bisa mencegah 'penyusutan otak' saat menua? Saya takut kehilangan memori.;Ada beberapa langkah yang nyata: hentikan atau kurangi konsumsi alkohol, kelola stres, tetap aktif secara fisik, dan terus belajar hal baru. Aktivitas intelektual dan sosial dapat 'menyangga' efek penuaan otak. Jika ada kekhawatiran besar tentang memori, bicarakan ke tenaga medis untuk penilaian dan saran spesifik.;GPT;D13_GPT_BrainPower46-56_22.json;cegah susut otak takut hilang memori beberapa nyata henti kurang konsumsi alkohol kelola stres tetap fisik terus aktivitas intelektual sosial sangga efek otak khawatir memori bicara tenaga medis nilai saran spesifik;6;0.0668408821115512;otak - lupa - ingat - kecil - ulang - susah - simpan - materi - lama - kenang;-1_diri_takut_sendiri_kecil;cegah susut otak takut hilang memori beberapa nyata henti kurang konsumsi alkohol kelola stres tetap fisik terus aktivitas intelektual sosial sangga efek otak khawatir memori bicara tenaga medis nilai saran spesifik
