question;answer;from;filename;document_preprocessed;Topic;Probability;Top_n_words;Name;Document
Saya merasa keluarga saya memengaruhi kecemasan saya. Bagaimana cara memproses ini?;Keluarga memang bisa punya pengaruh besar, dan kamu peka menyadarinya! Karen Horney bilang faktor keluarga sering jadi akar kecemasan. Coba tulis satu pengalaman keluarga yang masih terasa kuat dan refleksikan: apa dampaknya padamu? Bicara dengan teman dekat atau jurnal bantu proses. Teknik relaksasi seperti meditasi juga kurangi kecemasan. Apa satu momen keluarga yang ingin kamu pahami lebih dalam?;GROK;A1_GROK_PsikologiKepribadian84-101_46.json;keluarga pengaruh cemas proses keluarga pengaruh peka karen horney faktor keluarga akar cemas alam keluarga kuat refleksi dampak bicara teman dekat jurnal proses teknik relaksasi meditasi kurang cemas momen keluarga paham;10;1.0;keluarga - dukung - stres - temen - ngerasa - salah - nikah - sepi - sendiri - mental;10_keluarga_dukung_stres_ngerasa keluarga;keluarga pengaruh cemas proses keluarga pengaruh peka karen horney faktor keluarga akar cemas alam keluarga kuat refleksi dampak bicara teman dekat jurnal proses teknik relaksasi meditasi kurang cemas momen keluarga paham
Aku sadar akhir-akhir ini gampang kesel sama keluarga gara-gara stres. Aku nggak mau gini terus. Apa yang bisa aku lakuin?;Aku ngerti, stres bisa bikin kita nggak sengaja nyakitin orang terdekat. Kamu udah hebat karena pengen berubah. Coba kenali apa yang bikin kamu stres—mungkin tulis di buku catatan. Kalau mulai kesel, tarik napas dalam beberapa kali sebelum ngomong. Luangin waktu buat quality time sama keluarga, kayak nonton film bareng, biar hubungan lebih hangat. Kalau perlu, minta maaf ke mereka dan bilang kamu lagi berus Verses: ubah kebiasaan ini. Kamu pasti bisa, satu langkah dulu!;GROK;A2_GROK_FilosofiTeras31-44_30.json;akhir akhir gampang kesel keluarga gara gara stres terus lakuin stres sengaja nyakitin dekat udah ubah kenal stres buku catat kesel beberapa ngomong luangin quality time keluarga nonton film bareng hangat perlu minta maaf berus verses ubah;10;1.0;keluarga - dukung - stres - temen - ngerasa - salah - nikah - sepi - sendiri - mental;10_keluarga_dukung_stres_ngerasa keluarga;akhir akhir gampang kesel keluarga gara gara stres terus lakuin stres sengaja nyakitin dekat udah ubah kenal stres buku catat kesel beberapa ngomong luangin quality time keluarga nonton film bareng hangat perlu minta maaf berus verses ubah
Aku selalu takut nggak diterima keluarga kalau nggak ikut tradisi mereka. Gimana caranya biar lebih bebas?;Aku tahu, tekanan keluarga itu bikin capek, ya. Coba tulis tiga hal yang bikin kamu unik—mungkin nilai atau mimpimu. Fokus ke apa yang bisa kamu lakukan, seperti ngobrol jujur sama keluarga atau pilih tradisi yang sesuai dirimu. Ingat, kamu nggak perlu ikut semua buat berharga. Luangin waktu buat hal yang bikin seneng, seperti hobi. Yuk, coba satu cara buat jadi dirimu sendiri di keluarga!;GROK;A2_GROK_FilosofiTeras90-122_61.json;takut terima keluarga tradisi bebas tahu tekan keluarga capek unik nilai mimpi laku jujur keluarga pilih tradisi sesuai diri ingat perlu harga luangin neng diri sendiri keluarga;10;1.0;keluarga - dukung - stres - temen - ngerasa - salah - nikah - sepi - sendiri - mental;10_keluarga_dukung_stres_ngerasa keluarga;takut terima keluarga tradisi bebas tahu tekan keluarga capek unik nilai mimpi laku jujur keluarga pilih tradisi sesuai diri ingat perlu harga luangin neng diri sendiri keluarga
Aku merasa keluargaku nggak harmonis. Apa hubungannya sama masalah mentalku?;Keluarga yang nggak harmonis memang bisa berpengaruh ke kesehatan mental, lho. Psikologi bilang, hubungan keluarga itu kayak sistem, kalau ada ketegangan di satu sisi, bisa memengaruhi yang lain, termasuk perasaanmu. Misalnya, kalau ada konflik terus-menerus, kamu mungkin merasa cemas atau sedih. Apa yang lagi bikin kamu ngerasa keluargamu nggak harmonis? Ceritain, mungkin aku bisa bantu lihat pola yang terjadi.;GROK;D11_GROK_AHandbookfortheSMH116-126_20.json;keluarga harmonis mental keluarga harmonis pengaruh sehat mental psikologi keluarga tegang sisi pengaruh masuk konflik terus terus cemas sedih ngerasa keluarga harmonis pola;10;1.0;keluarga - dukung - stres - temen - ngerasa - salah - nikah - sepi - sendiri - mental;10_keluarga_dukung_stres_ngerasa keluarga;keluarga harmonis mental keluarga harmonis pengaruh sehat mental psikologi keluarga tegang sisi pengaruh masuk konflik terus terus cemas sedih ngerasa keluarga harmonis pola
Emilia, aku merasa keluargaku nggak mendukung aku sama sekali. Apa yang bisa aku lakukan?;Wah, rasanya pasti berat kalau merasa nggak didukung keluarga. Kadang, keluarga memang bisa jadi sumber stres, terutama kalau ada konflik atau kurang komunikasi. Mungkin kamu bisa coba buka obrolan dengan mereka, ceritain apa yang kamu rasakan dengan cara yang tenang. Kalau itu terasa sulit, cari dulu dukungan dari teman atau komunitas yang bisa bikin kamu merasa didengar. Aku di sini juga buat nemenin kamu, lho!;GROK;D11_GROK_AHandbookfortheSMH127-137_20.json;keluarga dukung sekali laku berat dukung keluarga keluarga sumber stres utama konflik kurang komunikasi obrol tenang sulit dukung teman dengar nemenin;10;1.0;keluarga - dukung - stres - temen - ngerasa - salah - nikah - sepi - sendiri - mental;10_keluarga_dukung_stres_ngerasa keluarga;keluarga dukung sekali laku berat dukung keluarga keluarga sumber stres utama konflik kurang komunikasi obrol tenang sulit dukung teman dengar nemenin
Aku ngerasa keluarga bikin aku stres, tapi aku nggak bisa ninggalin mereka. Apa yang harus aku lakuin?;Keluarga kadang bisa jadi sumber stres, apalagi kalau dinamikanya rumit. Penelitian bilang hubungan keluarga yang suportif penting, tapi kalau bikin stres, kamu perlu batasan sehat. Coba ceritain apa yang bikin stres, mungkin kita bisa pikirin cara buat ngurangin tekanannya tanpa ninggalin mereka.;GROK;D11_GROK_AHandbookfortheSMH160-170_20.json;ngerasa keluarga stres ninggalin lakuin keluarga sumber stres dinamika rumit keluarga suportif penting stres perlu batas sehat stres pikirin ngurangin tekan ninggalin;10;1.0;keluarga - dukung - stres - temen - ngerasa - salah - nikah - sepi - sendiri - mental;10_keluarga_dukung_stres_ngerasa keluarga;ngerasa keluarga stres ninggalin lakuin keluarga sumber stres dinamika rumit keluarga suportif penting stres perlu batas sehat stres pikirin ngurangin tekan ninggalin
Aku merasa keluargaku nggak ngertiin aku yang lagi struggle sama kesehatan mentalku. Apa yang bisa aku lakuin?;Aku ngerti rasanya nggak dipahami keluarga, itu berat banget. Coba ajak mereka bicara pelan-pelan, mungkin ceritain apa yang kamu rasakan dengan contoh sederhana. Kalau susah, mungkin kamu bisa cari dukungan dari komunitas atau profesional dulu, sambil nyari cara buat deketin keluarga. Pernah coba ceritain ke mereka apa yang lagi kamu alamin?;GROK;D11_GROK_AHandbookfortheSMH171-181_20.json;keluarga ngertiin struggle sehat mental lakuin paham keluarga berat bicara pelan pelan contoh sederhana susah dukung profesional nyari deketin keluarga alamin;10;1.0;keluarga - dukung - stres - temen - ngerasa - salah - nikah - sepi - sendiri - mental;10_keluarga_dukung_stres_ngerasa keluarga;keluarga ngertiin struggle sehat mental lakuin paham keluarga berat bicara pelan pelan contoh sederhana susah dukung profesional nyari deketin keluarga alamin
Aku pengen keluargaku dilibatin dalam proses pemulihanku, tapi takut mereka malah tambah stres. Gimana caranya?;Wajar banget kamu mikirin beban keluarga. Ada program edukasi keluarga yang bisa bantu mereka ngerti kondisimu tanpa nambah stres, kayak yang ngajarin komunikasi positif atau cara ngatasin tantangan bareng. Mungkin coba usulin ke dokter atau terapis buat libatin keluarga dalam sesi ringan dulu. Kamu pikir mereka bakal terbuka buat coba?;GROK;D11_GROK_AHandbookfortheSMH171-181_20.json;keluarga dilibatin proses pulih takut malah tambah stres mikirin beban keluarga program edukasi keluarga kondisi nambah stres ngajarin komunikasi positif ngatasin tantang bareng usulin dokter terap libatin keluarga sesi ringan;10;1.0;keluarga - dukung - stres - temen - ngerasa - salah - nikah - sepi - sendiri - mental;10_keluarga_dukung_stres_ngerasa keluarga;keluarga dilibatin proses pulih takut malah tambah stres mikirin beban keluarga program edukasi keluarga kondisi nambah stres ngajarin komunikasi positif ngatasin tantang bareng usulin dokter terap libatin keluarga sesi ringan
Aku dari keluarga yang erat banget, apa ada cara khusus buat bantu keluargaku ngerti penyakit mentalku?;Keluarga yang erat itu aset besar! Coba libatin mereka dalam sesi edukasi yang sesuai budaya kalian, misalnya yang melibatkan keluarga besar atau tokoh komunitas. Fokus ke hal-hal praktis, kayak cara bantu kamu atur rutinitas atau kenali tanda-tanda krisis. Apa menurutmu mereka lebih nyaman diskusi bareng atau satu-satu?;GROK;D11_GROK_AHandbookfortheSMH171-181_20.json;keluarga erat khusus keluarga sakit mental keluarga erat aset libatin sesi edukasi sesuai libat keluarga tokoh praktis atur kenal krisis turut nyaman diskusi bareng;10;1.0;keluarga - dukung - stres - temen - ngerasa - salah - nikah - sepi - sendiri - mental;10_keluarga_dukung_stres_ngerasa keluarga;keluarga erat khusus keluarga sakit mental keluarga erat aset libatin sesi edukasi sesuai libat keluarga tokoh praktis atur kenal krisis turut nyaman diskusi bareng
Aku merasa keluargaku malu punya anggota keluarga kayak aku yang bermasalah mental. Apa yang harus aku lakuin?;Itu pasti nggak enak banget buat kamu. Stigma keluarga kadang muncul dari kurangnya pemahaman. Coba ajak mereka ke sesi edukasi atau kasih info sederhana soal kondisimu. Kalau mereka masih sulit terima, cari dukungan dari temen atau komunitas dulu. Kamu nggak sendirian. Apa yang biasanya bikin kamu ngerasa mereka malu?;GROK;D11_GROK_AHandbookfortheSMH171-181_20.json;keluarga malu anggota keluarga mental lakuin enak stigma keluarga muncul kurang paham sesi edukasi info sederhana kondisi sulit terima dukung temen sendiri ngerasa malu;10;1.0;keluarga - dukung - stres - temen - ngerasa - salah - nikah - sepi - sendiri - mental;10_keluarga_dukung_stres_ngerasa keluarga;keluarga malu anggota keluarga mental lakuin enak stigma keluarga muncul kurang paham sesi edukasi info sederhana kondisi sulit terima dukung temen sendiri ngerasa malu
Aku dengar ada desa di Afrika yang bantu orang dengan masalah mental. Itu kayak apa?;Iya, itu model desa yang integratif. Orang dengan gangguan mental tinggal bareng keluarga di desa deket fasilitas kesehatan, ikut kegiatan sehari-hari, dan keluarganya dilatih buat dukung mereka. Ini bantu orang merasa jadi bagian komunitas. Keren, kan? Apa kamu tertarik sama pendekatan komunitas gitu?;GROK;D11_GROK_AHandbookfortheSMH171-181_20.json;dengar desa afrika mental model desa integratif ganggu mental tinggal bareng keluarga desa deket fasilitas sehat giat keluarga dukung keren dekat;10;1.0;keluarga - dukung - stres - temen - ngerasa - salah - nikah - sepi - sendiri - mental;10_keluarga_dukung_stres_ngerasa keluarga;dengar desa afrika mental model desa integratif ganggu mental tinggal bareng keluarga desa deket fasilitas sehat giat keluarga dukung keren dekat
Aku single, apa itu bikin aku lebih gampang stres dibandingkan yang udah nikah?;Bisa jadi, karena orang yang menikah biasanya punya dukungan sosial lebih dari pasangannya. Tapi single juga bisa punya dukungan kuat dari temen atau keluarga. Apa yang lagi bikin kamu stres? Kita bisa coba cari orang atau aktivitas yang bikin kamu merasa didukung.;GROK;D11_GROK_AHandbookfortheSMH226-236_20.json;single gampang stres banding udah nikah meni dukung sosial pasang single dukung kuat temen keluarga stres aktivitas dukung;10;1.0;keluarga - dukung - stres - temen - ngerasa - salah - nikah - sepi - sendiri - mental;10_keluarga_dukung_stres_ngerasa keluarga;single gampang stres banding udah nikah meni dukung sosial pasang single dukung kuat temen keluarga stres aktivitas dukung
Aku pengen punya hubungan yang deket sama keluarga, tapi susah. Apa itu penting?;Hubungan deket sama keluarga bisa jadi sumber dukungan sosial yang kuat, dan itu memang penting buat kesehatan mental. Tapi kalau susah, gak apa-apa, kamu bisa cari dukungan dari tempat lain, seperti temen. Apa yang bikin hubungan sama keluarga susah? Kita bisa ngobrolin lebih lanjut.;GROK;D11_GROK_AHandbookfortheSMH226-236_20.json;deket keluarga susah penting deket keluarga sumber dukung sosial kuat penting sehat mental susah dukung tempat temen keluarga susah ngobrolin lanjut;10;1.0;keluarga - dukung - stres - temen - ngerasa - salah - nikah - sepi - sendiri - mental;10_keluarga_dukung_stres_ngerasa keluarga;deket keluarga susah penting deket keluarga sumber dukung sosial kuat penting sehat mental susah dukung tempat temen keluarga susah ngobrolin lanjut
Aku merasa bersalah kalau nggak bisa bantu keluargaku. Gimana caranya biar nggak gitu?;Merasa bersalah itu wajar, tapi kamu nggak bisa tanggung semuanya sendiri. Coba bicarain sama keluargamu, mungkin mereka juga pengen bantu. Fokus ke apa yang bisa kamu lakukan sekarang. Mau ceritain lebih detail? Aku dengerin.;GROK;D11_GROK_AHandbookfortheSMH314-324_20.json;salah keluarga salah sendiri bicarain keluarga laku detail dengerin;10;1.0;keluarga - dukung - stres - temen - ngerasa - salah - nikah - sepi - sendiri - mental;10_keluarga_dukung_stres_ngerasa keluarga;salah keluarga salah sendiri bicarain keluarga laku detail dengerin
Emilia, aku ngerasa keluargaku nggak ngerti aku. Gimana caranya biar mereka paham?;Aku tahu itu bisa bikin frustrasi. Mungkin coba ajak mereka ngobrol pelan-pelan, ceritain apa yang kamu rasain dengan cara sederhana. Kamu juga bisa ajak mereka ikut sesi edukasi tentang kesehatan mental. Kalau mau, aku bisa bantu susun apa yang pengen kamu sampaikan ke mereka.;GROK;D11_GROK_AHandbookfortheSMH435-445_20.json;ngerasa keluarga paham tahu frustrasi pelan pelan rasain sederhana sesi edukasi sehat mental susun;10;1.0;keluarga - dukung - stres - temen - ngerasa - salah - nikah - sepi - sendiri - mental;10_keluarga_dukung_stres_ngerasa keluarga;ngerasa keluarga paham tahu frustrasi pelan pelan rasain sederhana sesi edukasi sehat mental susun
Emilia, kenapa aku selalu jadi penutup di keluargaku karena aku punya gangguan mental?;Aku sedih dengar kamu merasa begitu. Kadang keluarga nggak tahu cara menghadapi gangguan mental, dan itu bikin mereka bersikap nggak adil. Coba ajak mereka ngobrol terbuka atau ajak ke sesi edukasi kesehatan mental kalau memungkinkan. Kalau mereka tetap nggak mendukung, cari lingkaran lain yang bisa ngertiin kamu, seperti temen atau komunitas. Kamu layak dihargai, ya.;GROK;D11_GROK_AHandbookfortheSMH512-522_20.json;tutup keluarga ganggu mental sedih dengar keluarga tahu hadap ganggu mental sikap adil sesi edukasi sehat mental tetap dukung lingkar ngertiin temen layak harga;10;1.0;keluarga - dukung - stres - temen - ngerasa - salah - nikah - sepi - sendiri - mental;10_keluarga_dukung_stres_ngerasa keluarga;tutup keluarga ganggu mental sedih dengar keluarga tahu hadap ganggu mental sikap adil sesi edukasi sehat mental tetap dukung lingkar ngertiin temen layak harga
Keluargaku suka bilang aku berlebihan kalau aku lagi sedih. Aku bingung, apa mereka nggak ngerti aku?;Pasti nggak enak rasanya kalau merasa nggak dipahami keluarga. Mungkin mereka nggak sepenuhnya tahu apa yang kamu rasain, atau mereka juga bingung cara nanggapinya. Coba ajak mereka bicara terbuka, mungkin dengan bilang, 'Aku lagi berat nih, bisa nggak kita ngobrol?' Aku yakin mereka peduli, tapi kadang perlu cara komunikasi yang lebih jelas.;GROK;D12_GROK_ClinicalHandbookPsychologicalDisorders517-527_20.json;keluarga sedih enak paham keluarga sepenuh tahu rasain nanggapinya bicara berat yakin peduli perlu komunikasi jelas;10;1.0;keluarga - dukung - stres - temen - ngerasa - salah - nikah - sepi - sendiri - mental;10_keluarga_dukung_stres_ngerasa keluarga;keluarga sedih enak paham keluarga sepenuh tahu rasain nanggapinya bicara berat yakin peduli perlu komunikasi jelas
Aku merasa keluargaku terlalu ikut campur kalau aku lagi down. Gimana caranya biar mereka ngerti batasanku?;Wah, kadang keluarga memang pengin bantu, tapi caranya bisa terasa berlebihan, ya. Coba deh sampaikan dengan lembut tapi tegas, misalnya, 'Aku tahu kalian peduli, tapi aku butuh waktu sendiri dulu buat atur perasaanku.' Menentukan batasan itu penting, dan aku dukung kamu buat nyoba komunikasiin ini!;GROK;D12_GROK_ClinicalHandbookPsychologicalDisorders517-527_20.json;keluarga terlalu campur down batas keluarga pengin lembut tegas tahu peduli butuh sendiri atur batas penting dukung nyoba komunikasiin;10;1.0;keluarga - dukung - stres - temen - ngerasa - salah - nikah - sepi - sendiri - mental;10_keluarga_dukung_stres_ngerasa keluarga;keluarga terlalu campur down batas keluarga pengin lembut tegas tahu peduli butuh sendiri atur batas penting dukung nyoba komunikasiin
Aku merasa nggak ada gunanya cerita ke keluarga soal masalahku. Mereka pasti nggak ngerti.;Aku ngerti rasanya kalau nggak yakin keluarga bakal paham. Tapi kadang, mereka cuma butuh sedikit penjelasan biar bisa mendukungmu. Mungkin mulai dari cerita kecil, atau ajak satu orang yang paling dekat sama kamu buat ngobrol. Kalau masih susah, aku di sini buat dengerin, dan kita bisa pikirin cara lain buat kamu dapat dukungan.;GROK;D12_GROK_ClinicalHandbookPsychologicalDisorders517-527_20.json;keluarga yakin keluarga paham butuh jelas dukung kecil paling dekat susah dengerin pikirin dukung;10;1.0;keluarga - dukung - stres - temen - ngerasa - salah - nikah - sepi - sendiri - mental;10_keluarga_dukung_stres_ngerasa keluarga;keluarga yakin keluarga paham butuh jelas dukung kecil paling dekat susah dengerin pikirin dukung
Aku merasa keluargaku nggak peduli sama perasaanku. Aku harus apa biar mereka lebih perhatian?;Pasti berat rasanya kalau merasa nggak diperhatiin. Mungkin mereka nggak sengaja, tapi coba deh ajak mereka ngobrol dengan jujur, misalnya, ‘Aku lagi butuh dukungan, bisa nggak kita ngobrol lebih sering?’ Kadang, mereka cuma perlu tahu apa yang kamu butuhin. Kalau masih susah, ceritain ke aku, kita cari cara lain bareng, ya.;GROK;D12_GROK_ClinicalHandbookPsychologicalDisorders517-527_20.json;keluarga peduli perhati berat diperhatiin sengaja jujur butuh dukung perlu tahu butuhin susah bareng;10;1.0;keluarga - dukung - stres - temen - ngerasa - salah - nikah - sepi - sendiri - mental;10_keluarga_dukung_stres_ngerasa keluarga;keluarga peduli perhati berat diperhatiin sengaja jujur butuh dukung perlu tahu butuhin susah bareng
Aku nggak suka kalau keluargaku ngomongin penyakitku di depan orang lain. Gimana caranya biar mereka berhenti?;Wajar banget kalau kamu nggak nyaman situasi itu. Coba ajak keluargamu ngobrol pribadi dan bilang, ‘Aku nggak suka kalau urusan pribadiku dibahas di depan orang lain, bisa nggak kita jaga privasi?’ Tetap tenang tapi tegas. Kalau mereka nggak ngerti, ceritain ke aku, kita pikirin cara lain bareng, ya.;GROK;D12_GROK_ClinicalHandbookPsychologicalDisorders517-527_20.json;keluarga ngomongin sakit depan henti nyaman situasi keluarga pribadi urus pribadi bahas depan jaga privasi tetap tenang tegas pikirin bareng;10;1.0;keluarga - dukung - stres - temen - ngerasa - salah - nikah - sepi - sendiri - mental;10_keluarga_dukung_stres_ngerasa keluarga;keluarga ngomongin sakit depan henti nyaman situasi keluarga pribadi urus pribadi bahas depan jaga privasi tetap tenang tegas pikirin bareng
Aku merasa keluargaku nggak ngerti kenapa aku minum banyak. Aku harus gimana?;Pasti berat kalau merasa nggak dipahami sama keluarga. Mungkin mereka juga bingung atau khawatir, tapi nggak tahu cara ngomonginnya. Coba ajak satu orang yang kamu percaya buat ngobrol jujur, ceritain apa yang kamu rasain. Kalau susah, terapi keluarga bisa bantu kalian komunikasi lebih baik. Aku dukung kamu buat coba, ya!;GROK;D12_GROK_ClinicalHandbookPsychologicalDisorders572-582_20.json;keluarga berat paham keluarga khawatir tahu ngomonginnya percaya jujur rasain susah terapi keluarga komunikasi dukung;10;1.0;keluarga - dukung - stres - temen - ngerasa - salah - nikah - sepi - sendiri - mental;10_keluarga_dukung_stres_ngerasa keluarga;keluarga berat paham keluarga khawatir tahu ngomonginnya percaya jujur rasain susah terapi keluarga komunikasi dukung
Aku dengar terapi keluarga bisa bantu, tapi aku malu ngajak keluargaku. Gimana caranya?;Aku ngerti rasa malu itu, ngajak keluarga buat terapi memang nggak gampang. Coba mulai dengan ngobrol sama satu anggota keluarga yang kamu percaya, ceritain kenapa kamu pikir terapi bisa bantu. Kalau masih susah, terapis bisa bantu fasilitasi obrolan awal. Aku dukung kamu buat coba langkah pertama!;GROK;D12_GROK_ClinicalHandbookPsychologicalDisorders572-582_20.json;dengar terapi keluarga malu ngajak keluarga malu ngajak keluarga terapi gampang anggota keluarga percaya terapi susah terap fasilitas obrol awal dukung pertama;10;1.0;keluarga - dukung - stres - temen - ngerasa - salah - nikah - sepi - sendiri - mental;10_keluarga_dukung_stres_ngerasa keluarga;dengar terapi keluarga malu ngajak keluarga malu ngajak keluarga terapi gampang anggota keluarga percaya terapi susah terap fasilitas obrol awal dukung pertama
Aku merasa keluargaku nggak ngerti kenapa aku minum. Gimana aku jelasin ke mereka?;Bicara sama keluarga tentang hal ini memang nggak gampang, apalagi kalau mereka nggak paham. Coba mulai dengan jujur tentang apa yang kamu rasakan, misalnya, 'Aku minum karena lagi stres, tapi aku mau coba berhenti.’ Kalau sulit, mungkin kamu bisa ajak mereka ke konseling keluarga. Apa kamu merasa nyaman untuk ceritain ke mereka apa yang lagi kamu alami?;GROK;D12_GROK_ClinicalHandbookPsychologicalDisorders594-604_20.json;keluarga jelasin bicara keluarga gampang paham jujur stres henti sulit konseling keluarga nyaman alami;10;1.0;keluarga - dukung - stres - temen - ngerasa - salah - nikah - sepi - sendiri - mental;10_keluarga_dukung_stres_ngerasa keluarga;keluarga jelasin bicara keluarga gampang paham jujur stres henti sulit konseling keluarga nyaman alami
Aku merasa bersalah karena nggak bisa bantu keluargaku seperti dulu. Aku harus apa?;Rasa bersalah itu wajar, tapi kamu nggak perlu memikul semuanya sendiri. Mungkin coba bicara sama keluargamu, ceritain apa yang kamu rasain. Aku bisa bantu kasih saran cara memulai obrolan itu, atau kita coba cari cara lain biar kamu merasa lebih ringan?;GROK;D12_GROK_ClinicalHandbookPsychologicalDisorders693-703_20.json;salah keluarga salah perlu pikul sendiri bicara keluarga rasain saran obrol ringan;10;1.0;keluarga - dukung - stres - temen - ngerasa - salah - nikah - sepi - sendiri - mental;10_keluarga_dukung_stres_ngerasa keluarga;salah keluarga salah perlu pikul sendiri bicara keluarga rasain saran obrol ringan
Orang di keluarga saya selalu menyuruhku untuk 'lebih positif', tapi rasanya memaksa. Bagaimana seharusnya saya berpikir tentang pikiran negatif?;Aku paham frustasinya ketika orang bilang 'jadi positif saja'. Pikiran negatif bukan bukti kelemahan — itu informasi tentang apa yang mengganggumu. Daripada menekan perasaan, coba tuliskan pikiran negatifmu untuk mengurangi kekuatannya dan evaluasi apakah ada langkah konkret untuk mengubah situasi. Jika pikiran negatif terus mendominasi hingga mengganggu fungsimu, itu sinyal untuk minta bantuan profesional, bukan sekadar memaksa positif.;GPT;D13_GPT_BrainPower46-56_22.json;keluarga suruh positif paksa negatif paham frustasinya positif negatif bukan bukti lemah ganggu tekan negatif kurang kuat evaluasi konkret ubah situasi negatif terus dominasi hingga ganggu fungsi minta profesional bukan sekadar paksa positif;10;1.0;keluarga - dukung - stres - temen - ngerasa - salah - nikah - sepi - sendiri - mental;10_keluarga_dukung_stres_ngerasa keluarga;keluarga suruh positif paksa negatif paham frustasinya positif negatif bukan bukti lemah ganggu tekan negatif kurang kuat evaluasi konkret ubah situasi negatif terus dominasi hingga ganggu fungsi minta profesional bukan sekadar paksa positif
Keluargaku sering bertengkar kecil. Bagaimana menjaga kesehatan mentalku?;Tetapkan ‘zona damai’: ruangan atau waktu hening tiap anggota. Praktikkan komunikasi asertif—sampaikan kebutuhan tanpa menyerang. Jika konflik terus, pertimbangkan konseling keluarga.;GPT;D1_GPT_HealthPsycology168-183_30.json;keluarga tengkar kecil jaga sehat mental tetap zona damai ruang hening anggota praktik komunikasi asertif butuh serang konflik terus timbang konseling keluarga;10;1.0;keluarga - dukung - stres - temen - ngerasa - salah - nikah - sepi - sendiri - mental;10_keluarga_dukung_stres_ngerasa keluarga;keluarga tengkar kecil jaga sehat mental tetap zona damai ruang hening anggota praktik komunikasi asertif butuh serang konflik terus timbang konseling keluarga
Keluarga saya sakit, dan saya merasa nggak bisa ngapa-ngapain, bikin cemas. Mengapa ini begitu stres, dan apa yang bisa saya lakukan?;Saya paham cemas itu berat saat keluarga sakit, tapi kamu hebat karena peduli! Peristiwa nggak terkendali, seperti penyakit, bikin stres karena kamu merasa powerless, yang ganggu kesehatan mental. Coba fokus pada yang bisa kamu kendalikan, seperti nemenin keluarga atau meditasi 5 menit untuk tenang. Tulis perasaanmu untuk kurangi beban. Bilang, ‘Aku kuat untuk keluargaku!’ Cari forum dukungan keluarga pasien online. Apa yang bikin cemas, dan koping apa yang pengen kamu coba?;GROK;D1_GROK_HealthPsycology114-151_58.json;keluarga sakit cemas stres laku paham cemas berat keluarga sakit peduli peristiwa kendali sakit stres powerless ganggu sehat mental kendali nemenin keluarga meditasi tenang kurang beban kuat keluarga forum dukung keluarga pasien cemas koping;10;1.0;keluarga - dukung - stres - temen - ngerasa - salah - nikah - sepi - sendiri - mental;10_keluarga_dukung_stres_ngerasa keluarga;keluarga sakit cemas stres laku paham cemas berat keluarga sakit peduli peristiwa kendali sakit stres powerless ganggu sehat mental kendali nemenin keluarga meditasi tenang kurang beban kuat keluarga forum dukung keluarga pasien cemas koping
Saya sangat stres soal keluarga, dan itu bikin depresi. Mengapa keluarga begitu memengaruhi, dan apa yang bisa saya lakukan?;Saya paham stres keluarga bisa bikin depresi, dan kamu nggak sendiri! Keluarga adalah domain penting karena kamu investasi emosi besar di sana, jadi masalahnya bikin kesehatan mental goyah. Coba buka obrolan terbuka sama keluarga untuk kurangi ketegangan, dan sisihkan 10 menit untuk relaksasi, seperti denger musik. Tulis tiga hal positif tentang keluargamu. Bilang, ‘Aku bisa bikin keluarga harmonis!’ Cari forum keluarga online. Apa masalah keluargamu, dan koping apa yang pengen kamu coba?;GROK;D1_GROK_HealthPsycology114-151_58.json;stres keluarga depresi keluarga pengaruh laku paham stres keluarga depresi sendiri keluarga domain penting investasi emosi sana sehat mental goyah obrol keluarga kurang tegang sisih relaksasi denger musik positif keluarga keluarga harmonis forum keluarga keluarga koping;10;1.0;keluarga - dukung - stres - temen - ngerasa - salah - nikah - sepi - sendiri - mental;10_keluarga_dukung_stres_ngerasa keluarga;stres keluarga depresi keluarga pengaruh laku paham stres keluarga depresi sendiri keluarga domain penting investasi emosi sana sehat mental goyah obrol keluarga kurang tegang sisih relaksasi denger musik positif keluarga keluarga harmonis forum keluarga keluarga koping
Apa manfaat mengajak anggota keluarga berdiskusi ketika aku merasa tertekan di rumah?;Membuka dialog bisa mengurangi salah paham dan membangun dukungan bersama. Dengan panduan terapis, kalian bisa menyusun aturan komunikasi sehat.;GPT;D2_GPT_DrAndrewClinicalPsychology44-64_60.json;manfaat anggota keluarga diskus tekan dialog kurang salah paham dukung pandu terap susun atur komunikasi sehat;10;1.0;keluarga - dukung - stres - temen - ngerasa - salah - nikah - sepi - sendiri - mental;10_keluarga_dukung_stres_ngerasa keluarga;manfaat anggota keluarga diskus tekan dialog kurang salah paham dukung pandu terap susun atur komunikasi sehat
Bagaimana menetapkan batas sehat ketika keluargaku suka bercanda yang menyinggung?;Gunakan pesan ‘aku’: ‘Aku merasa sedih ketika…’. Sampaikan batas jelas dan usulkan alternatif humor yang tidak personal. Konsistensi memperkuat batas.;GPT;D2_GPT_DrAndrewClinicalPsychology44-64_60.json;tetap batas sehat keluarga canda singgung pesan sedih batas jelas usul alternatif humor personal konsistensi kuat batas;10;1.0;keluarga - dukung - stres - temen - ngerasa - salah - nikah - sepi - sendiri - mental;10_keluarga_dukung_stres_ngerasa keluarga;tetap batas sehat keluarga canda singgung pesan sedih batas jelas usul alternatif humor personal konsistensi kuat batas
Aku ngerasa lingkungan keluargaku bikin aku gak bebas. Apa yang harus kulakukan?;Lingkungan keluarga emang bisa ngerasa membatasi. Coba cari waktu buat ngobrol jujur sama mereka, tapi dengan cara yang kalem. Jelasin apa yang kamu butuhin buat merasa lebih bebas. Kalau susah, mungkin kamu bisa cari ruang buat ekspresi diri di luar rumah, seperti hobi. Apa yang bikin kamu merasa terbatas? Aku dengerin.;GROK;D3_GROK_PengantarPsikologiAdnan155-165_20.json;ngerasa keluarga bebas laku keluarga emang ngerasa batas jujur kalem jelasin butuhin bebas susah ruang ekspresi diri luar batas dengerin;10;1.0;keluarga - dukung - stres - temen - ngerasa - salah - nikah - sepi - sendiri - mental;10_keluarga_dukung_stres_ngerasa keluarga;ngerasa keluarga bebas laku keluarga emang ngerasa batas jujur kalem jelasin butuhin bebas susah ruang ekspresi diri luar batas dengerin
Aku ngerasa tekanan dari keluarga bikin aku lupa siapa aku sebenarnya. Gimana cara nemuin diri aku lagi?;Tekanan keluarga bisa bikin kita kehilangan arah. Coba cari waktu buat sendiri, misalnya jalan-jalan atau meditasi, biar kamu bisa dengar suara hati kamu. Tulis apa yang bikin kamu merasa ‘ini aku banget’, seperti hobi atau nilai yang kamu pegang. Kalau keluarga terlalu ngatur, coba komunikasikan batasan dengan sopan. Nemuin diri sendiri itu proses, jadi sabar sama diri kamu dan nikmati setiap langkahnya.;GROK;D3_GROK_PengantarPsikologiAdnan166-176_20.json;ngerasa tekan keluarga lupa siapa nemuin diri tekan keluarga hilang arah sendiri jalan jalan meditasi dengar hati nilai pegang keluarga terlalu ngatur komunikasi batas sopan nemuin diri sendiri proses sabar diri nikmat;10;1.0;keluarga - dukung - stres - temen - ngerasa - salah - nikah - sepi - sendiri - mental;10_keluarga_dukung_stres_ngerasa keluarga;ngerasa tekan keluarga lupa siapa nemuin diri tekan keluarga hilang arah sendiri jalan jalan meditasi dengar hati nilai pegang keluarga terlalu ngatur komunikasi batas sopan nemuin diri sendiri proses sabar diri nikmat
Aku ngerasa orang lain lebih deket daripada keluargaku sendiri, apa itu salah?;Enggak salah, tapi mungkin itu tanda kamu perlu lebih dekat lagi sama keluarga. Coba ajak ngobrol santai salah satu anggota keluargamu, mungkin tentang kenangan seru. Siapa yang pengen kamu ajak ngobrol?;GROK;D7_GROK_SeniMenyiksaDiri29-42_20.json;ngerasa deket keluarga sendiri salah enggak salah perlu dekat keluarga santai salah anggota keluarga kenang seru siapa;10;1.0;keluarga - dukung - stres - temen - ngerasa - salah - nikah - sepi - sendiri - mental;10_keluarga_dukung_stres_ngerasa keluarga;ngerasa deket keluarga sendiri salah enggak salah perlu dekat keluarga santai salah anggota keluarga kenang seru siapa
Aku merasa impianku bertentangan sama harapan keluargaku. Aku harus pilih yang mana?;Itu situasi yang pelik, ya. Coba ajak keluargamu bicara dari hati ke hati, ceritain impianmu dan dengar juga harapan mereka. Kadang, ada titik temu kalau kalian saling terbuka. Yang penting, pastikan kamu juga menghormati apa yang benar-benar kamu inginkan.;GROK;D8_GROK_BerdamaiDenganDiriSendiri186-196_20.json;impi harap keluarga pilih situasi pelik keluarga bicara hati hati impi dengar harap titik saling penting hormat;10;1.0;keluarga - dukung - stres - temen - ngerasa - salah - nikah - sepi - sendiri - mental;10_keluarga_dukung_stres_ngerasa keluarga;impi harap keluarga pilih situasi pelik keluarga bicara hati hati impi dengar harap titik saling penting hormat
Aku nyesel banget lahir di keluarga yang ribut terus. Gimana caranya biar nggak kesel sama keadaan?;Aku ngerti, keluarga yang ribut bisa bikin capek hati, ya. Tapi coba lihat, kamu nggak bisa ubah keadaan keluarga, tapi kamu bisa ubah cara pandangmu. Tulis tiga hal yang bikin kamu kuat—mungkin ketangguhanmu atau momen baik sama keluarga. Fokus ke apa yang bisa kamu lakuin, seperti cari waktu buat diri sendiri atau ngobrol sama temen. Ingat, kamu berharga meski situasinya susah. Yuk, coba satu langkah buat tenangin hati hari ini!;GROK;A2_GROK_FilosofiTeras63-89_60.json;lahir keluarga ribut terus kesel keluarga ribut capek hati ubah keluarga ubah pandang kuat tangguh momen keluarga lakuin diri sendiri temen ingat harga situasi susah tenangin hati;10;0.6959825351364124;keluarga - dukung - stres - temen - ngerasa - salah - nikah - sepi - sendiri - mental;10_keluarga_dukung_stres_ngerasa keluarga;lahir keluarga ribut terus kesel keluarga ribut capek hati ubah keluarga ubah pandang kuat tangguh momen keluarga lakuin diri sendiri temen ingat harga situasi susah tenangin hati
Aku lagi bermasalah sama keluarga dan stres. Harus ke pekerja sosial atau psikolog?;Masalah keluarga dan stres itu pasti bikin pusing, ya. Kalau masalahmu ada hubungannya sama dinamika keluarga atau butuh bantuan praktis, kayak dihubungin ke layanan sosial, pekerja sosial bisa bantu. Mereka jago atasi isu lingkungan atau masyarakat. Tapi kalau stresnya bikin emosimu kacau, psikolog klinis bisa bantu lewat ngobrol buat bikin kamu lebih tenang. Mungkin kombinasi keduanya oke. Apa yang lagi bikin stres sama keluargamu? Ceritain, biar aku bantu pikirkan.;GROK;D2_GROK_DrAndrewClinicalPsychology26-43_53.json;keluarga stres kerja sosial psikolog keluarga stres pusing dinamika keluarga butuh praktis dihubungin sosial kerja sosial jago masyarakat stres emosi kacau psikolog klinis lewat tenang kombinasi stres keluarga;10;0.6411675204105525;keluarga - dukung - stres - temen - ngerasa - salah - nikah - sepi - sendiri - mental;10_keluarga_dukung_stres_ngerasa keluarga;keluarga stres kerja sosial psikolog keluarga stres pusing dinamika keluarga butuh praktis dihubungin sosial kerja sosial jago masyarakat stres emosi kacau psikolog klinis lewat tenang kombinasi stres keluarga
Aku merasa keluargaku nggak ngerti masalahku. Harusnya aku ngapain?;Pasti sedih rasanya kalau keluarga kayak nggak paham. Mungkin mereka nggak tahu caranya mendukung atau nggak ngerti apa yang kamu rasain. Coba ajak ngobrol satu orang yang paling deket, ceritain perasaanmu pakai kata-kata sederhana. Kalau susah, mungkin ngobrol sama temen atau konselor bisa bantu. Apa yang bikin kamu merasa mereka nggak ngerti? Ceritain ke aku, yuk.;GROK;D11_GROK_AHandbookfortheSMH457-467_20.json;keluarga sedih keluarga paham tahu dukung rasain paling deket kata kata sederhana susah temen konselor;10;0.5953356788407548;keluarga - dukung - stres - temen - ngerasa - salah - nikah - sepi - sendiri - mental;10_keluarga_dukung_stres_ngerasa keluarga;keluarga sedih keluarga paham tahu dukung rasain paling deket kata kata sederhana susah temen konselor
Aku ingin memperbaiki hubungan dengan keluargaku, tapi takut mereka nggak berubah, apa yang harus aku lakukan?;Itu langkah berani yang kamu pikirkan! Ingat, kamu nggak bisa mengubah orang lain, tapi kamu bisa mengubah caramu mendekati mereka. Cobalah lakukan sesuatu dengan tulus, seperti menghabiskan waktu bersama atau sekadar mendengarkan mereka. Kalau mereka nggak berubah, itu bukan kegagalanmu. Yang penting, kamu sudah berusaha, dan itu akan bikin kamu lebih tenang.;GROK;D6_GROK_BeraniTidakDisukaiW196-206_15.json;keluarga takut ubah laku berani ingat ubah ubah dekat laku tulus habis sekadar dengar ubah bukan gagal penting usaha tenang;10;0.5829117158794127;keluarga - dukung - stres - temen - ngerasa - salah - nikah - sepi - sendiri - mental;-1_diri_takut_sendiri_kecil;keluarga takut ubah laku berani ingat ubah ubah dekat laku tulus habis sekadar dengar ubah bukan gagal penting usaha tenang
Aku nggak suka ngomongin perasaan, tapi aku pengen orang ngerti aku. Gimana caranya?;Aku ngerti, nggak semua orang nyaman buka-bukaan soal perasaan. Tapi biar orang ngerti, kadang kita perlu kasih sedikit petunjuk. Nggak harus cerita panjang, mungkin mulai dari bilang, ‘Aku lagi nggak enak hati, bisa ngobrol nggak?’ ke orang yang kamu percaya. Kamu punya temen atau keluarga yang enak diajak ngobrol?;GROK;D11_GROK_AHandbookfortheSMH138-148_20.json;ngomongin nyaman perlu tunjuk panjang enak hati percaya temen keluarga enak;10;0.5576481160014773;keluarga - dukung - stres - temen - ngerasa - salah - nikah - sepi - sendiri - mental;-1_diri_takut_sendiri_kecil;ngomongin nyaman perlu tunjuk panjang enak hati percaya temen keluarga enak
Aku merasa keluargaku nggak ngerti kenapa aku minum. Aku harus jelasin apa nggak?;Aku tahu rasanya nggak dimengerti sama keluarga, itu bikin kesepian. Kalau kamu nyaman, coba buka obrolan jujur sama mereka, bilang apa yang kamu rasain dan kenapa kamu minum. Tapi, kalau mereka nggak terbuka, mungkin fokus dulu ke dukungan dari orang lain, seperti temen atau profesional. Kamu pengen ceritain apa yang bikin keluargamu nggak ngerti?;GROK;D12_GROK_ClinicalHandbookPsychologicalDisorders627-637_20.json;keluarga jelasin tahu erti keluarga sepi nyaman obrol jujur rasain dukung temen profesional keluarga;10;0.5429135780373991;keluarga - dukung - stres - temen - ngerasa - salah - nikah - sepi - sendiri - mental;10_keluarga_dukung_stres_ngerasa keluarga;keluarga jelasin tahu erti keluarga sepi nyaman obrol jujur rasain dukung temen profesional keluarga
Apa artinya benar‑benar menerima kondisi saya sekarang?;Menerima berarti kamu sadar ada hal yang tak bisa diubah, namun masih banyak hal baik yang bisa diperjuangkan: kebersamaan dengan keluarga, hobi ringan, atau momen syukur harian.;GPT;D1_GPT_HealthPsycology250-268_50.json;arti terima kondisi terima arti ubah juang keluarga ringan momen syukur;10;0.5309593559198337;keluarga - dukung - stres - temen - ngerasa - salah - nikah - sepi - sendiri - mental;10_keluarga_dukung_stres_ngerasa keluarga;arti terima kondisi terima arti ubah juang keluarga ringan momen syukur
Aku ngerasa keluargaku nggak pernah ngerti aku, apalagi kalau aku lagi emosi. Aku harus gimana?;Rasanya pasti frustrasi kalau merasa nggak dipahami keluarga. Mungkin kamu bisa coba ajak salah satu anggota keluarga untuk ngobrol di saat kamu sedang tenang, dan ceritain apa yang kamu butuhkan dari mereka. Kalau mau, kita bisa latihan dulu cara menyampaikan perasaanmu. Mau coba?;GROK;D12_GROK_ClinicalHandbookPsychologicalDisorders407-417_20.json;ngerasa keluarga emosi frustrasi paham keluarga salah anggota keluarga sedang tenang butuh;10;0.4996408577099952;keluarga - dukung - stres - temen - ngerasa - salah - nikah - sepi - sendiri - mental;10_keluarga_dukung_stres_ngerasa keluarga;ngerasa keluarga emosi frustrasi paham keluarga salah anggota keluarga sedang tenang butuh
Aku merasa sulit ngobrol sama temen karena beda pandangan. Apa yang bisa aku lakukan?;Beda pandangan sama temen kadang bikin frustrasi, ya. Psikologi sosial menyarankan kita untuk coba dengar dulu perspektif mereka tanpa langsung menghakimi. Mungkin coba tanya apa alasan di balik pandangan mereka, biar obrolannya lebih terbuka. Kalau kamu mau, ceritain situasinya, mungkin aku bisa kasih saran cara ngobrol yang lebih santai!;GROK;D3_GROK_PengantarPsikologiAdnan36-46_20.json;sulit temen pandang laku pandang temen frustrasi psikologi sosial saran dengar perspektif langsung hakim alas balik pandang obrol situasi saran santai;10;0.4821446865968786;keluarga - dukung - stres - temen - ngerasa - salah - nikah - sepi - sendiri - mental;-1_diri_takut_sendiri_kecil;sulit temen pandang laku pandang temen frustrasi psikologi sosial saran dengar perspektif langsung hakim alas balik pandang obrol situasi saran santai
Aku dengar kalau punya keluarga yang erat bisa bantu ngatasin depresi. Bener nggak?;Bener banget! Dukungan dari keluarga yang erat, seperti orang tua atau saudara, bisa jadi pelindung dari depresi. Mereka bisa bantu kamu merasa nggak sendirian dan kasih semangat. Tapi kalau keluargamu nggak begitu dekat, dukungan dari temen atau komunitas juga bisa membantu. Kamu dekat sama keluargamu nggak? Ceritain dong.;GROK;D11_GROK_AHandbookfortheSMH358-368_20.json;dengar keluarga erat ngatasin depresi dukung keluarga erat saudara lindung depresi sendiri semangat keluarga dekat dukung temen dekat keluarga;10;0.4625316278636257;keluarga - dukung - stres - temen - ngerasa - salah - nikah - sepi - sendiri - mental;10_keluarga_dukung_stres_ngerasa keluarga;dengar keluarga erat ngatasin depresi dukung keluarga erat saudara lindung depresi sendiri semangat keluarga dekat dukung temen dekat keluarga
Aku ngerasa nggak punya siapa-siapa buat cerita. Apa aku salah?;Kamu nggak salah, rasa kesepian itu wajar. Kadang butuh waktu buat nemuin orang yang tepat buat cerita. Coba gabung grup dukungan atau komunitas online, banyak yang ngerti apa yang kamu rasain. Mau ceritain ke aku apa yang lagi bikin kamu kesepian?;GROK;D11_GROK_AHandbookfortheSMH171-181_20.json;ngerasa siapa siapa salah salah sepi butuh nemuin tepat gabung grup dukung rasain sepi;10;0.4426869961290962;keluarga - dukung - stres - temen - ngerasa - salah - nikah - sepi - sendiri - mental;-1_diri_takut_sendiri_kecil;ngerasa siapa siapa salah salah sepi butuh nemuin tepat gabung grup dukung rasain sepi
Emilia, aku ngerasa temenku lebih bahagia karena keluarganya harmonis. Aku iri, apa yang bisa aku lakukan?;Rasa iri itu wajar, tapi coba ingat bahwa setiap keluarga punya masalahnya sendiri. Fokus pada hal-hal yang bikin kamu bersyukur, seperti temen yang peduli atau hobi yang kamu suka. Kalau keluargamu terasa nggak harmonis, mungkin ngobrol sama mereka atau konselor bisa bantu. Aku di sini buat nemenin kamu.;GROK;D11_GROK_AHandbookfortheSMH347-357_20.json;ngerasa temenku bahagia keluarga harmonis laku ingat keluarga sendiri syukur temen peduli keluarga harmonis konselor nemenin;10;0.4393102047864127;keluarga - dukung - stres - temen - ngerasa - salah - nikah - sepi - sendiri - mental;10_keluarga_dukung_stres_ngerasa keluarga;ngerasa temenku bahagia keluarga harmonis laku ingat keluarga sendiri syukur temen peduli keluarga harmonis konselor nemenin
Aku ngerasa nggak punya siapa-siapa buat cerita soal cemas aku. Aku harus gimana?;Aku ngerti banget rasanya nggak punya tempat buat cerita. Kamu udah hebat karena cerita ke aku, lho! Mungkin coba mulai dari satu orang yang kamu percaya, kayak temen deket atau keluarga, dan ceritain sedikit dulu. Kalau nggak nyaman, ada juga grup support atau terapis yang bisa dengerin. Aku bisa bantu susun kata-kata buat cerita ke orang lain, atau kasih saran tempat buat curhat. Mau coba yang mana?;GROK;D12_GROK_ClinicalHandbookPsychologicalDisorders209-219_20.json;ngerasa siapa siapa cemas tempat udah percaya temen deket keluarga nyaman grup support terap dengerin susun kata kata saran tempat curhat;10;0.4365958064192445;keluarga - dukung - stres - temen - ngerasa - salah - nikah - sepi - sendiri - mental;-1_diri_takut_sendiri_kecil;ngerasa siapa siapa cemas tempat udah percaya temen deket keluarga nyaman grup support terap dengerin susun kata kata saran tempat curhat
Aku stuck di grup temen yang toxic, tapi takut dikucilkan kalau keluar. Gimana caranya biar berani ninggalin?;Grup toxic bisa bikin lelah, ya. Coba tanya: ‘Bukti apa aku bakal dikucilkan?’ Tulis tiga hal yang bikin kamu merasa berharga, seperti hobi atau kebaikanmu. Mulai kurangin interaksi pelan-pelan, seperti nggak ikut semua obrolan, dan cari temen baru yang lebih suportif, misalnya di komunitas hobi. Kamu layak dapat pertemanan yang sehat. Yuk, coba tolak satu ajakan grup minggu ini.;GROK;A1_GROK_FilosofiTeras150-157_26.json;stuck grup temen toxic takut kucil keluar berani ninggalin grup toxic lelah bukti kucil harga rangin interaksi pelan pelan obrol temen suportif layak teman sehat tolak grup minggu;10;0.434606944673026;keluarga - dukung - stres - temen - ngerasa - salah - nikah - sepi - sendiri - mental;-1_diri_takut_sendiri_kecil;stuck grup temen toxic takut kucil keluar berani ninggalin grup toxic lelah bukti kucil harga rangin interaksi pelan pelan obrol temen suportif layak teman sehat tolak grup minggu
Saya pemalu. Bagaimana cara ikut grup support tanpa canggung?;Awali sebagai pendengar. Lama‑kelamaan kamu akan nyaman berbagi. Ingat, tiap anggota datang membawa cerita unik—tidak ada penilaian, hanya saling menguatkan.;GPT;D1_GPT_HealthPsycology250-268_50.json;malu grup support canggung awal dengar lama lama nyaman ingat anggota datang bawa unik nilai saling kuat;10;0.4320829708364556;keluarga - dukung - stres - temen - ngerasa - salah - nikah - sepi - sendiri - mental;-1_diri_takut_sendiri_kecil;malu grup support canggung awal dengar lama lama nyaman ingat anggota datang bawa unik nilai saling kuat
Saya sedang menghadapi konflik keluarga yang bikin stres. Bagaimana cara saya melihat ini sebagai peluang?;Konflik keluarga itu memang seperti badai yang bikin hati nggak tenang, ya? Tapi, setiap musibah adalah kesempatan buat melatih kebajikan, seperti kesabaran atau empati. Coba tanya, ‘Bagaimana aku bisa lebih sabar atau mendengar dalam situasi ini?’ Misalnya, dengarkan sudut pandang keluargamu tanpa langsung membalas. Atau, tulis jurnal untuk memahami perasaanmu. Apa konflik yang lagi bikin kamu stres? Ceritain, yuk, biar kita cari cara buat ubah badai ini jadi pelajaran berharga!;GROK;A3_GROK_FilosofiTeras239-259_37.json;sedang hadap konflik keluarga stres peluang konflik keluarga badai hati tenang musibah sempat kebaji sabar empati sabar dengar situasi dengar sudut pandang keluarga langsung balas jurnal paham konflik stres ubah badai harga;10;0.4227135606316535;keluarga - dukung - stres - temen - ngerasa - salah - nikah - sepi - sendiri - mental;10_keluarga_dukung_stres_ngerasa keluarga;sedang hadap konflik keluarga stres peluang konflik keluarga badai hati tenang musibah sempat kebaji sabar empati sabar dengar situasi dengar sudut pandang keluarga langsung balas jurnal paham konflik stres ubah badai harga
Aku merasa pasanganku nggak pernah ngertiin aku, kayaknya dia nggak peduli. Aku harus apa biar dia lebih perhatian?;Aku bisa ngerasain betapa frustrasinya kamu kalau merasa nggak dipahami. Kadang, pasangan memang butuh bantuan untuk tahu apa yang kita rasakan. Coba ceritain ke dia apa yang bikin kamu merasa nggak diperhatikan, tapi pakai contoh spesifik, misalnya momen tertentu yang bikin kamu kesal. Dari yang aku pelajari, terapi pasangan bisa bantu kalian belajar cara komunikasi yang lebih baik, kayak memahami ‘tema’ konflik kalian, misalnya soal perhatian atau keintiman. Apa kamu pikir dia bakal terbuka kalau kamu ajak bicara dari hati ke hati?;GROK;D12_GROK_ClinicalHandbookPsychologicalDisorders759-769_20.json;pasang ngertiin peduli perhati betapa frustrasi paham pasang butuh tahu perhati contoh spesifik momen kesal terapi pasang komunikasi paham tema konflik perhati intim bicara hati hati;10;0.4093912236019882;keluarga - dukung - stres - temen - ngerasa - salah - nikah - sepi - sendiri - mental;-1_diri_takut_sendiri_kecil;pasang ngertiin peduli perhati betapa frustrasi paham pasang butuh tahu perhati contoh spesifik momen kesal terapi pasang komunikasi paham tema konflik perhati intim bicara hati hati
Aku takut kalau aku nggak ikut campur, temenku yang suka menyendiri bakal makin parah. Apa yang harus aku lakukan?;Aku tahu kamu peduli banget sama temenmu, dan itu hebat! Tapi, soal dia menyendiri, itu sebenarnya tugasnya untuk menghadapi. Kamu bisa dukung dia dengan cara lain, lho, seperti bilang, ‘Aku di sini kalau kamu butuh ngobrol, ya.’ Dengan begitu, kamu nunjukin perhatian tanpa mengambil alih masalahnya. Kadang, orang butuh ruang untuk menemukan jalan keluar sendiri, dan kehadiranmu sebagai temen yang suportif udah sangat berarti.;GROK;D6_GROK_BeraniTidakDisukaiW163-173_13.json;takut campur temenku sendiri makin parah laku tahu peduli temenmu sendiri tugas hadap dukung butuh nunjukin perhati butuh ruang jalan keluar sendiri hadir temen suportif udah arti;10;0.4051315403969573;keluarga - dukung - stres - temen - ngerasa - salah - nikah - sepi - sendiri - mental;-1_diri_takut_sendiri_kecil;takut campur temenku sendiri makin parah laku tahu peduli temenmu sendiri tugas hadap dukung butuh nunjukin perhati butuh ruang jalan keluar sendiri hadir temen suportif udah arti
Aku merasa ga ada yang peduli sama aku, beneran kesepian banget. Apa sih dukungan sosial itu?;Dukungan sosial itu perasaan bahwa kamu dicintai, dihargai, dan punya orang yang bisa diandalkan saat butuh. Aku tahu rasanya kesepian itu berat. Coba ceritain, apa yang lagi bikin kamu merasa sendiri? Mungkin kita bisa cari cara kecil buat koneksi sama orang lain.;GROK;D11_GROK_AHandbookfortheSMH226-236_20.json;peduli beneran sepi dukung sosial dukung sosial cinta harga andal butuh tahu sepi berat sendiri kecil koneksi;10;0.3997589269973929;keluarga - dukung - stres - temen - ngerasa - salah - nikah - sepi - sendiri - mental;-1_diri_takut_sendiri_kecil;peduli beneran sepi dukung sosial dukung sosial cinta harga andal butuh tahu sepi berat sendiri kecil koneksi
Aku merasa orang tua ku terlalu ikut campur dalam hidupku, padahal aku sudah dewasa. Gimana cara ngatasin ini?;Aku paham, rasanya pasti nggak nyaman kalau kehidupanmu kayak masih dikontrol. Coba deh, ajak orang tuamu ngobrol dengan tenang. Bilang kalau kamu menghargai perhatian mereka, tapi kamu juga butuh ruang untuk mandiri. Misalnya, kamu bisa bilang, 'Aku senang kalian peduli, tapi aku ingin coba ambil keputusan sendiri untuk beberapa hal.' Kalau mereka tetap ikut campur, mungkin kamu bisa batasi informasi yang kamu bagi soal kehidupan pribadimu. Yang penting, tetap hormati mereka, tapi tegas soal batasanmu.;GROK;D10_GROK_HidupDamaiTanpaBerpikirBerlebihan131-141_20.json;terlalu campur hidup padahal dewasa ngatasin paham nyaman hidup kontrol tenang harga perhati butuh ruang mandiri senang peduli putus sendiri beberapa tetap campur batas hidup pribadi penting tetap hormat tegas batas;10;0.3892957047649402;keluarga - dukung - stres - temen - ngerasa - salah - nikah - sepi - sendiri - mental;-1_diri_takut_sendiri_kecil;terlalu campur hidup padahal dewasa ngatasin paham nyaman hidup kontrol tenang harga perhati butuh ruang mandiri senang peduli putus sendiri beberapa tetap campur batas hidup pribadi penting tetap hormat tegas batas
Aku takut jujur ke keluarga soal kegagalanku, takut mereka kecewa. Gimana caranya biar berani?;Takut jujur ke keluarga emang bikin grogi, tapi coba tanya: ‘Lebih tenang nggak kalau aku jujur?’ Tulis tiga alasan kenapa jujur penting, seperti bikin hati lega. Mulai dengan ngomong santai, seperti, ‘Aku mau cerita soal ini, boleh?’ Bayangin mereka dengerin dengan baik, rasanya ringan, kan? Jujur bikin kamu lebih tenang. Coba tulis apa yang mau kamu bilang ke keluarga malam ini.;GROK;A2_GROK_FilosofiTeras191-227_54.json;takut jujur keluarga gagal takut kecewa berani takut jujur keluarga emang grogi tenang jujur alas jujur penting hati lega ngomong santai bayangin dengerin ringan jujur tenang keluarga;10;0.3872598564891111;keluarga - dukung - stres - temen - ngerasa - salah - nikah - sepi - sendiri - mental;-1_diri_takut_sendiri_kecil;takut jujur keluarga gagal takut kecewa berani takut jujur keluarga emang grogi tenang jujur alas jujur penting hati lega ngomong santai bayangin dengerin ringan jujur tenang keluarga
Kadang aku merasa keluargaku nggak ngerti apa yang aku alami. Mereka malah bilang aku cuma lelet sembuh. Apa aku salah karena nggak cepet sembuh?;Kamu nggak salah sama sekali. Setiap orang punya proses pemulihan yang berbeda, dan itu nggak bisa dipaksakan. Keluarga kadang sulit memahami karena mereka nggak merasakan apa yang kamu rasakan, dan sayangnya, ada stigma yang bikin mereka berpikir pemulihan itu harus cepat. Mungkin kamu bisa coba ceritain ke mereka apa yang kamu butuhin, misalnya cuma didengerin tanpa dihakimi. Atau, kalau sulit, cari komunitas dukungan yang bisa bikin kamu merasa diterima. Apa yang biasanya bikin kamu merasa nggak didukung sama keluarga?;GROK;D11_GROK_AHandbookfortheSMH490-500_20.json;keluarga alami malah lelet sembuh salah cepet sembuh salah sekali proses pulih paksa keluarga sulit paham sayang stigma pulih cepat butuhin didengerin hakim sulit dukung terima dukung keluarga;10;0.3753192282775953;keluarga - dukung - stres - temen - ngerasa - salah - nikah - sepi - sendiri - mental;10_keluarga_dukung_stres_ngerasa keluarga;keluarga alami malah lelet sembuh salah cepet sembuh salah sekali proses pulih paksa keluarga sulit paham sayang stigma pulih cepat butuhin didengerin hakim sulit dukung terima dukung keluarga
Aku merasa keluargaku nggak ngerti aku yang lagi depresi. Gimana caranya biar mereka paham?;Pasti berat banget rasanya kalau keluarga nggak paham apa yang kamu alami. Coba ajak mereka bicara terbuka, mungkin sambil jelasin apa itu depresi dari sisi ilmiah, kayak gangguan suasana hati yang nggak cuma soal sedih biasa. Kalau sulit, mungkin bisa minta bantuan profesional buat mediasi. Apa kamu udah coba bicara sama mereka? Ceritain, aku dengerin.;GROK;D11_GROK_AHandbookfortheSMH160-170_20.json;keluarga depresi paham berat keluarga paham alami bicara jelasin depresi sisi ilmiah ganggu suasana hati sedih sulit minta profesional mediasi udah bicara dengerin;10;0.3638366304545669;keluarga - dukung - stres - temen - ngerasa - salah - nikah - sepi - sendiri - mental;10_keluarga_dukung_stres_ngerasa keluarga;keluarga depresi paham berat keluarga paham alami bicara jelasin depresi sisi ilmiah ganggu suasana hati sedih sulit minta profesional mediasi udah bicara dengerin
Bagaimana memberitahu perawat bahwa anak ingin lebih privasi saat ganti pakaian?;Sampaikan langsung pada perawat: “Anak saya merasa lebih nyaman jika hanya satu petugas perempuan membantu saat ganti pakaian.” Perawat biasanya akan menghormati permintaan tersebut.;GPT;D1_GPT_HealthPsycology184-208_50.json;memberitahu awat anak privasi langsung awat anak nyaman tugas perempuan awat hormat minta sebut;10;0.3618549472215729;keluarga - dukung - stres - temen - ngerasa - salah - nikah - sepi - sendiri - mental;10_keluarga_dukung_stres_ngerasa keluarga;memberitahu awat anak privasi langsung awat anak nyaman tugas perempuan awat hormat minta sebut
Aku merasa nggak punya siapa-siapa buat cerita. Apa yang bisa aku lakukan?;Merasa sendiri itu berat, dan kamu udah berani banget ngomongin ini. Psikologi sosial bilang, koneksi sama orang lain itu bisa dibangun perlahan, misalnya dari obrolan kecil sama temen atau gabung komunitas yang kamu suka. Kalau nyaman, ceritain apa yang lagi bikin kamu merasa nggak punya siapa-siapa, aku di sini buat dengerin dan kasih saran.;GROK;D3_GROK_PengantarPsikologiAdnan36-46_20.json;siapa siapa laku sendiri berat udah berani ngomongin psikologi sosial koneksi perlahan obrol kecil temen gabung nyaman siapa siapa dengerin saran;10;0.3559294239595413;keluarga - dukung - stres - temen - ngerasa - salah - nikah - sepi - sendiri - mental;-1_diri_takut_sendiri_kecil;siapa siapa laku sendiri berat udah berani ngomongin psikologi sosial koneksi perlahan obrol kecil temen gabung nyaman siapa siapa dengerin saran
Aku kadang pengen nggak peduli sama apa kata orang, tapi susah. Gimana caranya?;Wajar kok susah lepas dari opini orang lain, karena kita hidup di masyarakat. Tapi, punya standar pribadi yang kuat bisa bantu. Coba pikirkan nilai-nilai yang penting buatmu, dan pegang itu sebagai panduan. Mungkin mulai dengan bilang ‘tidak’ pada hal-hal kecil yang nggak sesuai sama dirimu. Apa satu hal yang pengen kamu lakukan tanpa mikirin pendapat orang?;GROK;D11_GROK_AHandbookfortheSMH149-159_20.json;peduli kata susah susah lepas opini hidup masyarakat standar pribadi kuat nilai nilai penting pegang pandu kecil sesuai diri laku mikirin;10;0.3404510057764521;keluarga - dukung - stres - temen - ngerasa - salah - nikah - sepi - sendiri - mental;-1_diri_takut_sendiri_kecil;peduli kata susah susah lepas opini hidup masyarakat standar pribadi kuat nilai nilai penting pegang pandu kecil sesuai diri laku mikirin
Aku merasa nggak bisa connect sama orang lain, apa aku aneh?;Merasa sulit connect sama orang lain itu nggak bikin kamu aneh, kok. Kadang, jiwa kita lagi butuh waktu untuk merasa nyaman dengan diri sendiri sebelum terbuka ke orang lain. Dokumen bilang bahwa menjaga hubungan sosial itu bagian dari merawat jiwa. Coba mulai dengan interaksi kecil, seperti menyapa teman atau ikut kegiatan yang kamu suka. Kalau ini terus terasa sulit, mungkin kita bisa cari tahu apa yang bikin kamu merasa terputus.;GROK;D3_GROK_PengantarPsikologiAdnan243-252_20.json;connect aneh sulit connect aneh jiwa butuh nyaman diri sendiri dokumen jaga sosial rawat jiwa interaksi kecil sapa teman giat terus sulit tahu putus;10;0.3316399764932202;keluarga - dukung - stres - temen - ngerasa - salah - nikah - sepi - sendiri - mental;-1_diri_takut_sendiri_kecil;connect aneh sulit connect aneh jiwa butuh nyaman diri sendiri dokumen jaga sosial rawat jiwa interaksi kecil sapa teman giat terus sulit tahu putus
Aku merasa keluargaku nggak dukung aku buat cari bantuan. Apa yang harus aku lakuin?;Itu pasti berat banget buatmu. Kalau keluarga nggak dukung, kamu bisa coba cari dukungan dari komunitas, temen, atau profesional yang ngerti situasimu. Kadang, keluarga butuh waktu buat ngerti, tapi kesehatanmu nomor satu. Apa kamu mau ceritain lebih lanjut soal situasi sama keluargamu? Aku di sini buat bantu pikirin langkah selanjutnya.;GROK;D11_GROK_AHandbookfortheSMH479-489_20.json;keluarga dukung lakuin berat keluarga dukung dukung temen profesional situasi keluarga butuh sehat nomor lanjut situasi keluarga pikirin lanjut;10;0.3265830656487382;keluarga - dukung - stres - temen - ngerasa - salah - nikah - sepi - sendiri - mental;10_keluarga_dukung_stres_ngerasa keluarga;keluarga dukung lakuin berat keluarga dukung dukung temen profesional situasi keluarga butuh sehat nomor lanjut situasi keluarga pikirin lanjut
Aku merasa hubunganku sama temen atau keluarga nggak sehat, kayak ada yang nggak seimbang. Gimana caranya bikin hubungan yang lebih baik?;Hubungan yang nggak seimbang sering terjadi kalau kita terjebak dalam pola vertikal, kayak ada yang mendominasi. Coba bangun hubungan yang lebih horizontal, di mana kamu dan mereka saling menghargai sebagai individu yang setara. Mulai dengan mendengarkan mereka tanpa menghakimi, dan jangan takut untuk menyampaikan apa yang kamu rasakan dengan jujur.;GROK;D6_GROK_BeraniTidakDisukaiW229-239_14.json;temen keluarga sehat imbang imbang jebak pola vertikal dominasi horizontal saling harga individu tara dengar hakim jangan takut jujur;10;0.3236211436672664;keluarga - dukung - stres - temen - ngerasa - salah - nikah - sepi - sendiri - mental;-1_diri_takut_sendiri_kecil;temen keluarga sehat imbang imbang jebak pola vertikal dominasi horizontal saling harga individu tara dengar hakim jangan takut jujur
Aku takut nggak bisa seimbangin hidup rumah tangga sama keinginanku. Apa yang harus aku lakukan?;Keseimbangan itu memang tantangan. Coba buat jadwal kecil, misalnya satu jam sehari buat kegiatan yang kamu suka. Komunikasi sama keluarga juga penting, biar mereka dukung ruangmu.;GROK;D8_GROK_BerdamaiDenganDiriSendiri131-141_20.json;takut seimbangin hidup tangga laku imbang tantang jadwal kecil giat komunikasi keluarga penting dukung ruang;10;0.3150893491116937;keluarga - dukung - stres - temen - ngerasa - salah - nikah - sepi - sendiri - mental;-1_diri_takut_sendiri_kecil;takut seimbangin hidup tangga laku imbang tantang jadwal kecil giat komunikasi keluarga penting dukung ruang
Aku pengin kabur aja dari rumah biar nggak ribut sama keluarga. Apa ini ide bagus?;Aku ngerti rasanya pengin lari dari situasi yang bikin stres, tapi kabur mungkin bukan solusi terbaik, karena bisa bikin masalah baru. Coba kita pikirin dulu, apa yang bikin kamu pengin kabur? Mungkin kita bisa cari cara buat ngurangin ketegangan di rumah, seperti ngobrol sama keluarga atau minta bantuan konselor. Aku di sini buat bantu kamu pikirin langkah selanjutnya, ya.;GROK;D12_GROK_ClinicalHandbookPsychologicalDisorders517-527_20.json;pengin kabur ribut keluarga bagus pengin lari situasi stres kabur bukan solusi pikirin pengin kabur ngurangin tegang keluarga minta konselor pikirin lanjut;10;0.3115989992183455;keluarga - dukung - stres - temen - ngerasa - salah - nikah - sepi - sendiri - mental;10_keluarga_dukung_stres_ngerasa keluarga;pengin kabur ribut keluarga bagus pengin lari situasi stres kabur bukan solusi pikirin pengin kabur ngurangin tegang keluarga minta konselor pikirin lanjut
Keluargaku bilang aku harus berhenti minum, tapi aku nggak merasa bermasalah. Aku bingung.;Bisa bikin bingung kalau keluarga bilang begitu tapi kamu merasa baik-baik aja. Mungkin kita bisa lihat dari sudut pandang mereka, apa yang bikin mereka khawatir. Apa kamu mau coba catat seberapa sering kamu minum dan apa efeknya ke hidupmu? Itu bisa bantu kita lihat gambaran yang lebih jelas.;GROK;D12_GROK_ClinicalHandbookPsychologicalDisorders583-593_20.json;keluarga henti keluarga sudut pandang khawatir catat berapa efek hidup jelas;10;0.3107914051818392;keluarga - dukung - stres - temen - ngerasa - salah - nikah - sepi - sendiri - mental;10_keluarga_dukung_stres_ngerasa keluarga;keluarga henti keluarga sudut pandang khawatir catat berapa efek hidup jelas
Aku pengen cuek aja sama masalah, tapi kok nggak bisa?;Wajar kalau susah cuek, artinya kamu peduli. Tapi kalau masalah itu bikin kamu kepikiran terus, coba alihkan fokus ke hal yang bisa kamu kontrol, seperti hobi atau quality time sama keluarga. Kasih waktu buat pikiranmu istirahat, nanti pelan-pelan lebih gampang ngelupain.;GROK;D10_GROK_HidupDamaiTanpaBerpikirBerlebihan96-106_20.json;cuek susah cuek arti peduli terus kontrol quality time keluarga istirahat pelan pelan gampang ngelupain;10;0.3072277844031769;keluarga - dukung - stres - temen - ngerasa - salah - nikah - sepi - sendiri - mental;-1_diri_takut_sendiri_kecil;cuek susah cuek arti peduli terus kontrol quality time keluarga istirahat pelan pelan gampang ngelupain
Aku ngerasa bersalah kalau nggak bales telepon keluargaku. Tapi aku sibuk banget. Apa yang salah sama aku?;Nggak ada yang salah sama kamu! Kamu cuma lagi juggling banyak hal, dan itu wajar bikin stres. Rasa bersalah itu tanda kamu peduli sama keluarga, tapi kamu juga punya batas. Coba atur waktu khusus buat telepon mereka, misalnya sekali seminggu, biar nggak keteteran. Atau kasih tahu mereka kamu sibuk tapi tetap sayang. Apa kamu udah coba ngomong gitu sama mereka?;GROK;D12_GROK_ClinicalHandbookPsychologicalDisorders220-230_20.json;ngerasa salah bales telepon keluarga sibuk salah salah juggling stres salah peduli keluarga batas atur khusus telepon sekali minggu keteter tahu sibuk tetap sayang udah ngomong;10;0.3026522781056125;keluarga - dukung - stres - temen - ngerasa - salah - nikah - sepi - sendiri - mental;-1_diri_takut_sendiri_kecil;ngerasa salah bales telepon keluarga sibuk salah salah juggling stres salah peduli keluarga batas atur khusus telepon sekali minggu keteter tahu sibuk tetap sayang udah ngomong
Apa dampaknya jika anak sangat dekat dengan ibu dan menjauh dari ayah?;Penting menjaga keseimbangan. Dorong aktivitas positif bersama ayah agar anak belajar model peran beragam dan hubungan keluarga harmonis.;GPT;A1_GPT_PsikologiKepribadian14-33_50.json;dampak anak dekat jauh ayah penting jaga imbang dorong aktivitas positif ayah anak model peran agam keluarga harmonis;10;0.2900964168903794;keluarga - dukung - stres - temen - ngerasa - salah - nikah - sepi - sendiri - mental;10_keluarga_dukung_stres_ngerasa keluarga;dampak anak dekat jauh ayah penting jaga imbang dorong aktivitas positif ayah anak model peran agam keluarga harmonis
Aku pengen keluargaku lebih suportif, tapi mereka sibuk terus. Gimana caranya?;Aku ngerti, keluarga yang sibuk kadang bikin kita ngerasa terabaikan. Coba cari waktu yang pas buat ngobrol singkat, ceritain apa yang kamu butuhin dengan spesifik, misalnya cuma dengerin kamu 10 menit. Kalau susah, mungkin cari dukungan dari temen atau komunitas dulu. Apa yang kamu harap dari mereka?;GROK;D11_GROK_AHandbookfortheSMH171-181_20.json;keluarga suportif sibuk terus keluarga sibuk ngerasa abai singkat butuhin spesifik dengerin susah dukung temen harap;10;0.2883237054457751;keluarga - dukung - stres - temen - ngerasa - salah - nikah - sepi - sendiri - mental;10_keluarga_dukung_stres_ngerasa keluarga;keluarga suportif sibuk terus keluarga sibuk ngerasa abai singkat butuhin spesifik dengerin susah dukung temen harap
Aku merasa orang-orang suka ngejek aku karena aku dari keluarga miskin. Apa ini bisa bikin aku sakit mental?;Aku sedih denger orang-orang ngejek kamu. Ketimpangan sosial atau diskriminasi kayak gitu memang bisa bikin stres berat, bahkan ningkatin risiko gangguan mental. Perasaan dipermalukan atau nggak diterima itu berat banget. Apa kamu mau ceritain lebih lanjut? Mungkin kita bisa cari cara buat ngatasin perasaan itu bareng.;GROK;D11_GROK_AHandbookfortheSMH270-280_20.json;ngejek keluarga miskin sakit mental sedih denger ngejek timpang sosial diskriminasi stres berat bahkan ningkatin risiko ganggu mental malu terima berat lanjut ngatasin bareng;10;0.2744527394383027;keluarga - dukung - stres - temen - ngerasa - salah - nikah - sepi - sendiri - mental;-1_diri_takut_sendiri_kecil;ngejek keluarga miskin sakit mental sedih denger ngejek timpang sosial diskriminasi stres berat bahkan ningkatin risiko ganggu mental malu terima berat lanjut ngatasin bareng
Aku dengar ada layanan kesehatan mental informal, itu apa ya?;Layanan informal itu biasanya dari sumber nonmedis, kayak kelompok dukungan, temen, keluarga, atau komunitas. Mereka bisa bantu kasih dukungan emosional, meski nggak ganti perawatan profesional. Kadang ini cocok buat yang butuh temen cerita. Apa kamu pengen coba gabung ke kelompok kayak gitu?;GROK;D11_GROK_AHandbookfortheSMH523-533_20.json;dengar sehat mental informal informal sumber nonmedis kelompok dukung temen keluarga dukung emosional awat profesional cocok butuh temen gabung kelompok;10;0.264691555955015;keluarga - dukung - stres - temen - ngerasa - salah - nikah - sepi - sendiri - mental;-1_diri_takut_sendiri_kecil;dengar sehat mental informal informal sumber nonmedis kelompok dukung temen keluarga dukung emosional awat profesional cocok butuh temen gabung kelompok
Aku merasa kesepian, apa organisasi kesehatan mental bisa bantu aku merasa lebih terhubung?;Kesepian itu berat, dan aku di sini buatmu. Banyak organisasi kesehatan mental punya kelompok dukungan atau konseling yang bisa bantu kamu terhubung dengan orang lain yang mungkin merasakan hal serupa. Kita bisa cari tahu apa ada kelompok seperti itu di dekatmu, atau mungkin mulai dengan obrolan kecil yang bikin nyaman?;GROK;D11_GROK_AHandbookfortheSMH523-533_20.json;sepi organisasi sehat mental sepi berat organisasi sehat mental kelompok dukung konseling rupa tahu kelompok dekat obrol kecil nyaman;10;0.2639740235313553;keluarga - dukung - stres - temen - ngerasa - salah - nikah - sepi - sendiri - mental;-1_diri_takut_sendiri_kecil;sepi organisasi sehat mental sepi berat organisasi sehat mental kelompok dukung konseling rupa tahu kelompok dekat obrol kecil nyaman
Aku sedih karena keluargaku ribut terus. Rasanya nggak bahagia. Gimana caranya biar lebih damai?;Keluarga ribut bisa bikin lelah, ya. Tapi coba fokus ke fakta: ada konflik, tapi bukan berarti hidupmu hancur. Tulis tiga hal yang bikin kamu bersyukur—mungkin momen kecil sama keluarga. Fokus ke apa yang bisa kamu lakuin, seperti ngobrol santai sama satu anggota keluarga atau nikmati waktu sendiri dengan hobi. Damai dimulai dari pikiranmu. Coba meditasi 5 menit malam ini!;GROK;A1_GROK_FilosofiTeras124-148_53.json;sedih keluarga ribut terus bahagia damai keluarga ribut lelah fakta konflik bukan arti hidup hancur syukur momen kecil keluarga lakuin santai anggota keluarga nikmat sendiri damai meditasi;10;0.251585692414748;keluarga - dukung - stres - temen - ngerasa - salah - nikah - sepi - sendiri - mental;10_keluarga_dukung_stres_ngerasa keluarga;sedih keluarga ribut terus bahagia damai keluarga ribut lelah fakta konflik bukan arti hidup hancur syukur momen kecil keluarga lakuin santai anggota keluarga nikmat sendiri damai meditasi
Aku ngerasa keluargaku malu karena aku nggak kerja. Gimana caranya biar nggak gini?;Nggak punya kerja itu berat, apalagi kalau keluarga bikin kamu ngerasa buruk. Penelitian bilang pengangguran bisa bikin orang ngerasa rendah diri. Coba bicara sama keluargamu, atau cari dukungan dari luar. Apa yang lagi bikin kamu ngerasa gitu? Aku bantu pikirin langkah kecil buat maju.;GROK;D11_GROK_AHandbookfortheSMH182-192_20.json;ngerasa keluarga malu kerja kerja berat keluarga ngerasa anggur ngerasa rendah diri bicara keluarga dukung luar ngerasa pikirin kecil maju;10;0.2505426149077835;keluarga - dukung - stres - temen - ngerasa - salah - nikah - sepi - sendiri - mental;10_keluarga_dukung_stres_ngerasa keluarga;ngerasa keluarga malu kerja kerja berat keluarga ngerasa anggur ngerasa rendah diri bicara keluarga dukung luar ngerasa pikirin kecil maju
Aku ngerasa keluargaku nggak ngerti kalau aku lagi depresi. Mereka bilang cuma kurang bersyukur. Gimana caranya ngomong sama mereka?;Pasti berat banget kalau keluarga nggak ngerti. Coba ajak ngobrol satu per satu di saat yang tenang, ceritain apa yang kamu rasain dengan contoh sederhana, seperti ‘Aku sering merasa kosong meski nggak ada alasan jelas.’ Kalau mereka masih nggak ngerti, mungkin kamu bisa cari dukungan dari temen atau komunitas dulu.;GROK;D11_GROK_AHandbookfortheSMH446-456_20.json;ngerasa keluarga depresi kurang syukur ngomong berat keluarga tenang rasain contoh sederhana kosong alas jelas dukung temen;10;0.2476609857924656;keluarga - dukung - stres - temen - ngerasa - salah - nikah - sepi - sendiri - mental;10_keluarga_dukung_stres_ngerasa keluarga;ngerasa keluarga depresi kurang syukur ngomong berat keluarga tenang rasain contoh sederhana kosong alas jelas dukung temen
Saya dengar tentang hospice care, tapi nggak tahu apa itu. Bagaimana hospice bisa bantu saya atau keluarga saya?;Saya paham kalau istilah hospice bisa bikin penasaran atau takut. Hospice care adalah perawatan khusus untuk orang dengan penyakit serius, fokusnya bikin kamu atau keluargamu nyaman dan bahagia di waktu yang ada. Bayangkan seperti pelukan hangat dari tim dokter, perawat, dan konselor yang peduli sama kebutuhan fisik, emosional, dan spiritualmu. Mereka bantu atur rasa sakit, dengerin ceritamu, dan dukung keluargamu. Kalau penasaran, coba tanya dokter tentang opsi hospice di dekatmu. Apa yang bikin kamu pengen tahu lebih banyak soal ini?;GROK;D1_GROK_HealthPsycology1-55_67.json;dengar hospice care tahu hospice keluarga paham istilah hospice penasaran takut hospice care awat khusus sakit serius keluarga nyaman bahagia bayang peluk hangat dokter awat konselor peduli butuh fisik emosional spiritual atur sakit dengerin dukung keluarga penasaran dokter opsi hospice dekat tahu;10;0.2416709011831704;keluarga - dukung - stres - temen - ngerasa - salah - nikah - sepi - sendiri - mental;10_keluarga_dukung_stres_ngerasa keluarga;dengar hospice care tahu hospice keluarga paham istilah hospice penasaran takut hospice care awat khusus sakit serius keluarga nyaman bahagia bayang peluk hangat dokter awat konselor peduli butuh fisik emosional spiritual atur sakit dengerin dukung keluarga penasaran dokter opsi hospice dekat tahu
Emilia, aku ngerasa nggak berguna banget di keluarga. Gimana caranya biar aku nggak gitu?;Aku sedih banget denger kamu ngerasa gitu, padahal kamu pasti punya nilai buat keluargamu. Pikiran ‘nggak berguna’ itu bisa muncul dari depresi atau rendahnya harga diri, yang sering ada di gangguan psikologis. Coba mulai dari hal kecil, kayak bantu satu tugas di rumah, dan catat apa yang kamu lakuin. CBT juga bisa bantu ubah pikiran negatif ini. Apa ada sesuatu kecil yang kamu suka lakuin buat keluarga? Aku bisa bantu pikirin ide.;GROK;D12_GROK_ClinicalHandbookPsychologicalDisorders539-549_20.json;ngerasa keluarga sedih denger ngerasa padahal nilai keluarga muncul depresi rendah harga diri ganggu psikologis kecil tugas catat lakuin ubah negatif kecil lakuin keluarga pikirin;10;0.2377672163290466;keluarga - dukung - stres - temen - ngerasa - salah - nikah - sepi - sendiri - mental;10_keluarga_dukung_stres_ngerasa keluarga;ngerasa keluarga sedih denger ngerasa padahal nilai keluarga muncul depresi rendah harga diri ganggu psikologis kecil tugas catat lakuin ubah negatif kecil lakuin keluarga pikirin
Aku nyesel banget pernah nyakitin keluarga, susah melupain. Gimana caranya biar nggak stuck?;Nyesel sama masa lalu bisa bikin berat, tapi tanya: bisa nggak aku ubah yang udah lewat? Nggak, kan? Tulis tiga hal yang bikin kamu orang baik sekarang, seperti kebaikanmu. Fokus ke apa yang bisa kamu lakuin, seperti minta maaf ke keluarga atau lakuin sesuatu positif buat mereka. Masa lalu ngajarin kamu, tapi nggak nentuin masa depan. Coba lakuin satu kebaikan kecil buat keluarga besok.;GROK;A2_GROK_FilosofiTeras159-182_60.json;nyakitin keluarga susah melupain stuck masa berat ubah udah lewat lakuin minta maaf keluarga lakuin positif masa ngajarin nentuin masa depan lakuin kecil keluarga;10;0.2364180414575542;keluarga - dukung - stres - temen - ngerasa - salah - nikah - sepi - sendiri - mental;10_keluarga_dukung_stres_ngerasa keluarga;nyakitin keluarga susah melupain stuck masa berat ubah udah lewat lakuin minta maaf keluarga lakuin positif masa ngajarin nentuin masa depan lakuin kecil keluarga
Apa manfaat layanan hospice bagi kesehatan mental saya?;Hospice memberi lingkungan hangat, perawat terlatih, dan ruang pribadi untuk menjalani hari dengan nyaman, sehingga pikiran lebih tenang dan waktu bersama keluarga terasa lebih berkualitas.;GPT;D1_GPT_HealthPsycology250-268_50.json;manfaat hospice sehat mental hospice beri hangat awat ruang pribadi jalan nyaman tenang keluarga kualitas;10;0.218939631523829;keluarga - dukung - stres - temen - ngerasa - salah - nikah - sepi - sendiri - mental;10_keluarga_dukung_stres_ngerasa keluarga;manfaat hospice sehat mental hospice beri hangat awat ruang pribadi jalan nyaman tenang keluarga kualitas
Aku masih kesal sama masa laluku, kenapa sih aku lahir di keluarga yang susah? Gimana caranya biar nggak menyesal terus?;Aku ngerti, nyesel sama masa lalu itu berat, ya. Tapi coba lihat, kamu nggak bisa ubah masa lalu, tapi kamu bisa ubah cara pandangmu sekarang. Tulis tiga hal yang kamu suka dari dirimu sekarang—mungkin ketangguhanmu karena besar di situasi susah. Lalu, buat satu tujuan kecil, seperti nabung sedikit atau belajar sesuatu baru. Fokus ke apa yang bisa kamu lakuin hari ini bikin kamu lebih kuat. Kamu udah hebat sejauh ini, lho, yuk lanjutin!;GROK;A2_GROK_FilosofiTeras63-89_60.json;kesal masa lahir keluarga susah sesal terus masa berat ubah masa ubah pandang diri tangguh situasi susah tuju kecil nabung lakuin kuat udah jauh lanjutin;10;0.2167008809140352;keluarga - dukung - stres - temen - ngerasa - salah - nikah - sepi - sendiri - mental;10_keluarga_dukung_stres_ngerasa keluarga;kesal masa lahir keluarga susah sesal terus masa berat ubah masa ubah pandang diri tangguh situasi susah tuju kecil nabung lakuin kuat udah jauh lanjutin
Aku pengen lari dari semua masalahku dan nggak ketemu orang lagi. Apa itu solusi yang bagus?;Aku ngerti rasanya pengen kabur dari semuanya, tapi isolasi biasanya malah bikin perasaan tambah berat. Alih-alih lari, coba hadapi masalahmu pelan-pelan dengan dukungan, misalnya ngobrol sama konselor atau temen dekat. Kamu nggak perlu hadapi semuanya sekaligus. Kalau mau, ceritain ke aku apa yang bikin kamu pengen lari, biar kita pikirin bareng.;GROK;D11_GROK_AHandbookfortheSMH512-522_20.json;lari solusi bagus kabur isolasi malah tambah berat lari hadap pelan pelan dukung konselor temen dekat perlu hadap sekaligus lari pikirin bareng;10;0.210115051928482;keluarga - dukung - stres - temen - ngerasa - salah - nikah - sepi - sendiri - mental;10_keluarga_dukung_stres_ngerasa keluarga;lari solusi bagus kabur isolasi malah tambah berat lari hadap pelan pelan dukung konselor temen dekat perlu hadap sekaligus lari pikirin bareng
Aku stres gara-gara kena banjir, rasanya hidupku susah banget. Gimana caranya biar bisa nerima?;Banjir bisa bikin terasa berat, tapi coba lihat ini sebagai bagian dari cerita hidupmu. Tulis tiga hal yang kamu pelajari dari situasi ini, seperti ketangguhan atau solidaritas. Bayangin banjir sebagai kesempatan buat lebih peduli sama lingkungan. Fokus ke langkah kecil, seperti beresin barang atau bantu tetangga. Cintai momen ini sebagai peluang tumbuh. Yuk, coba beresin satu sudut rumah besok.;GROK;A2_GROK_FilosofiTeras159-182_60.json;stres gara gara kena banjir hidup susah nerima banjir berat hidup situasi tangguh solidaritas bayangin banjir sempat peduli kecil resin barang tetangga cinta momen peluang tumbuh resin sudut;10;0.2070910793595324;keluarga - dukung - stres - temen - ngerasa - salah - nikah - sepi - sendiri - mental;10_keluarga_dukung_stres_ngerasa keluarga;stres gara gara kena banjir hidup susah nerima banjir berat hidup situasi tangguh solidaritas bayangin banjir sempat peduli kecil resin barang tetangga cinta momen peluang tumbuh resin sudut
Aku takut kalau ketemu orang, mereka bakal tanya soal kehamilanku yang gagal. Aku harus jawab apa biar nggak awkward?;Situasi kayak gitu emang bisa bikin nggak nyaman. Kamu bisa coba jawab singkat dan sopan, misalnya, ‘Terima kasih sudah nanya, tapi aku belum siap cerita soal itu.’ Itu menunjukkan batasanmu tanpa bikin suasana aneh. Kalau mereka tetap nanya, ulang lagi dengan tegas. Kamu berhak jaga privasimu, kok.;GROK;D12_GROK_ClinicalHandbookPsychologicalDisorders352-362_20.json;takut hamil gagal awkward situasi emang nyaman singkat sopan terima nanya siap tunjuk batas suasana aneh tetap nanya ulang tegas jaga privasi;10;0.2039517399399206;keluarga - dukung - stres - temen - ngerasa - salah - nikah - sepi - sendiri - mental;10_keluarga_dukung_stres_ngerasa keluarga;takut hamil gagal awkward situasi emang nyaman singkat sopan terima nanya siap tunjuk batas suasana aneh tetap nanya ulang tegas jaga privasi
Aku merasa nggak bahagia sebagai single parent. Apa aku gagal sebagai orang tua?;Kamu nggak gagal sama sekali. Jadi single parent itu tantangan besar, dan wajar banget kalau kamu merasa nggak bahagia kadang-kadang. Banyak single parent yang merasa tertekan karena harus tangani semuanya sendiri. Mungkin kamu bisa coba cari dukungan, seperti ngobrol sama temen atau gabung komunitas orang tua. Apa yang lagi bikin kamu merasa nggak bahagia? Aku dengerin, kok.;GROK;D11_GROK_AHandbookfortheSMH336-346_20.json;bahagia single parent gagal gagal sekali single parent tantang bahagia single parent tekan tangan sendiri dukung temen gabung bahagia dengerin;10;0.2035140370347601;keluarga - dukung - stres - temen - ngerasa - salah - nikah - sepi - sendiri - mental;10_keluarga_dukung_stres_ngerasa keluarga;bahagia single parent gagal gagal sekali single parent tantang bahagia single parent tekan tangan sendiri dukung temen gabung bahagia dengerin
Aku merasa keluargaku nggak ngerti aku, apa ini bisa bikin aku depresi?;Perasaan nggak dimengerti sama keluarga bisa bikin kamu merasa kesepian, dan kalau dibiarkan lama, itu bisa jadi salah satu faktor risiko depresi. Keluarga kadang punya cara sendiri buat menunjukkan perhatian, tapi mungkin nggak selalu sesuai sama yang kamu butuhin. Mau ceritain apa yang bikin kamu merasa mereka nggak ngerti? Aku bisa bantu pikirin cara buat ngobrol sama mereka.;GROK;D11_GROK_AHandbookfortheSMH358-368_20.json;keluarga depresi erti keluarga sepi lama salah faktor risiko depresi keluarga sendiri tunjuk perhati sesuai butuhin pikirin;10;0.2032414638638948;keluarga - dukung - stres - temen - ngerasa - salah - nikah - sepi - sendiri - mental;10_keluarga_dukung_stres_ngerasa keluarga;keluarga depresi erti keluarga sepi lama salah faktor risiko depresi keluarga sendiri tunjuk perhati sesuai butuhin pikirin
Saya pengen keluarga saya lebih aktif, tapi susah, dan itu bikin cemas. Bagaimana intervensi keluarga bisa bantu, dan apa yang bisa saya lakukan?;Keinginanmu untuk keluarga aktif itu inspiratif! Intervensi berbasis keluarga bikin semua anggota termotivasi bareng, seperti main sepeda atau jalan sore, yang bantu kesehatan mental karena bikin bahagia dan kurangi cemas. Coba buat tantangan keluarga, seperti ‘siapa jalan terbanyak minggu ini,’ dan hadiahi dengan piknik. Libatkan anak-anak dengan aktivitas seru, seperti lompat tali. Apa yang bikin susah, dan apa aktivitas keluarga yang pengen kalian coba?;GROK;D1_GROK_HealthPsycology56-95_67.json;keluarga susah cemas intervensi keluarga laku keluarga inspiratif intervensi keluarga anggota motivasi bareng main sepeda jalan sore sehat mental bahagia kurang cemas tantang keluarga siapa jalan minggu hadiah piknik libat anak anak aktivitas seru lompat tali susah aktivitas keluarga;10;0.2018428609606309;keluarga - dukung - stres - temen - ngerasa - salah - nikah - sepi - sendiri - mental;10_keluarga_dukung_stres_ngerasa keluarga;keluarga susah cemas intervensi keluarga laku keluarga inspiratif intervensi keluarga anggota motivasi bareng main sepeda jalan sore sehat mental bahagia kurang cemas tantang keluarga siapa jalan minggu hadiah piknik libat anak anak aktivitas seru lompat tali susah aktivitas keluarga
Aku merasa sangat kesepian dan seperti nggak ada yang peduli sama aku. Apa yang bisa aku lakukan?;Aku tahu rasanya berat banget kalau merasa sendiri. Mungkin kamu bisa coba ceritain perasaanmu ke seseorang yang kamu percaya, seperti teman atau keluarga. Kalau nggak nyaman, menulis perasaanmu di jurnal juga bisa membantu. Apa kamu pernah coba sesuatu yang bikin kamu merasa sedikit lebih terhubung?;GROK;D12_GROK_ClinicalHandbookPsychologicalDisorders451-461_20.json;sepi peduli laku tahu berat sendiri percaya teman keluarga nyaman jurnal;10;0.1959974234915727;keluarga - dukung - stres - temen - ngerasa - salah - nikah - sepi - sendiri - mental;-1_diri_takut_sendiri_kecil;sepi peduli laku tahu berat sendiri percaya teman keluarga nyaman jurnal
Saya pria dan merasa stres karena kerja dan uang, bikin cemas di rumah. Bagaimana ini memengaruhi keluarga, dan apa yang bisa saya lakukan?;Saya paham tekanan itu bikin cemas, tapi kamu hebat karena peduli keluargamu! Stres kerja dan finansial bisa bikin pria lebih tertutup atau konflik di rumah, yang ganggu kesehatan mental. Coba buka obrolan santai sama keluarga, ceritain perasaanmu, dan lakukan jalan santai 10 menit untuk kurangi stres. Tulis tiga hal positif tentang keluargamu. Bilang, ‘Aku bisa harmonis di rumah!’ Cari tips manajemen stres pria online. Apa yang bikin cemas, dan koping apa yang pengen kamu coba?;GROK;D1_GROK_HealthPsycology114-151_58.json;pria stres kerja uang cemas pengaruh keluarga laku paham tekan cemas peduli keluarga stres kerja finansial pria tutup konflik ganggu sehat mental obrol santai keluarga laku jalan santai kurang stres positif keluarga harmonis tips manajemen stres pria cemas koping;10;0.192564188113556;keluarga - dukung - stres - temen - ngerasa - salah - nikah - sepi - sendiri - mental;10_keluarga_dukung_stres_ngerasa keluarga;pria stres kerja uang cemas pengaruh keluarga laku paham tekan cemas peduli keluarga stres kerja finansial pria tutup konflik ganggu sehat mental obrol santai keluarga laku jalan santai kurang stres positif keluarga harmonis tips manajemen stres pria cemas koping
Aku pengen kabur aja dari hidupku, apa ini wajar?;Aku sedih denger kamu ngerasa pengen kabur. Perasaan itu bisa muncul kalau kamu lagi kewalahan, tapi itu tanda kamu butuh dukungan, bukan sesuatu yang harus diwajar-wajarkan. Apa yang bikin kamu pengen kabur? Mungkin kita bisa cari cara buat ngadepinnya bareng, atau kamu bisa coba ngobrol sama profesional kalau perasaan ini terus ada.;GROK;D11_GROK_AHandbookfortheSMH270-280_20.json;kabur hidup sedih denger ngerasa kabur muncul kewalahan butuh dukung bukan kabur ngadepinnya bareng profesional terus;10;0.1906875663066561;keluarga - dukung - stres - temen - ngerasa - salah - nikah - sepi - sendiri - mental;10_keluarga_dukung_stres_ngerasa keluarga;kabur hidup sedih denger ngerasa kabur muncul kewalahan butuh dukung bukan kabur ngadepinnya bareng profesional terus
Aku merasa stres dan pengen curhat di grup temen, tapi takut dianggap lelet. Gimana caranya biar aku nyaman curhat?;Stres itu berat, ya, dan curhat di grup bisa kayak buka jendela biar udara segar masuk! Biar nyaman, coba pilih momen santai, kayak pas nongkrong, dan mulai dengan hal ringan, misalnya, ‘Aku lately agak pusing, boleh curhat nggak?’ Pilih temen yang kamu percaya di grup, dan bilang, ‘Aku cuma pengen didenger, nggak perlu solusi.’ Ini bikin mereka support tanpa judge. Ceritain grupmu, aku bantu kasih cara buat curhat yang aman dan lega!;GROK;A3_GROK_PsikologiKomunikasi65-74_24.json;stres curhat grup temen takut anggap lelet nyaman curhat stres berat curhat grup jendela udara segar masuk nyaman pilih momen santai nongkrong ringan lately pusing curhat pilih temen percaya grup didenger perlu solusi support judge grup curhat lega;10;0.1875212768819329;keluarga - dukung - stres - temen - ngerasa - salah - nikah - sepi - sendiri - mental;-1_diri_takut_sendiri_kecil;stres curhat grup temen takut anggap lelet nyaman curhat stres berat curhat grup jendela udara segar masuk nyaman pilih momen santai nongkrong ringan lately pusing curhat pilih temen percaya grup didenger perlu solusi support judge grup curhat lega
Aku nggak punya temen curhat, apa itu bikin stres?;Iya, nggak punya teman curhat bisa bikin tekanan, karena dukungan sosial itu penting banget buat ngurangin stres. Tanpa orang yang mendengar, masalah kecil bisa terasa lebih besar. Aku senang kamu cerita ke aku, lho. Apa yang lagi bikin kamu pengen curhat?;GROK;D11_GROK_AHandbookfortheSMH193-203_20.json;temen curhat stres teman curhat tekan dukung sosial penting ngurangin stres dengar kecil senang curhat;10;0.1839592922080279;keluarga - dukung - stres - temen - ngerasa - salah - nikah - sepi - sendiri - mental;-1_diri_takut_sendiri_kecil;temen curhat stres teman curhat tekan dukung sosial penting ngurangin stres dengar kecil senang curhat
Saya merasa sendiri akhir-akhir ini, dan itu bikin saya stres. Bagaimana dukungan sosial bisa membantu saya merasa lebih baik?;Aduh, rasanya pasti nggak enak kalau merasa sendiri. Dukungan sosial itu seperti pelukan hangat dari orang-orang di sekitarmu—bisa dari keluarga, teman, atau bahkan komunitas online. Ketika kamu berbagi cerita atau ketawa bareng mereka, tubuhmu melepaskan hormon bahagia yang bikin stres berkurang. Coba deh, hubungi satu orang yang kamu percaya, ajak ngobrol santai, atau ikut kegiatan yang kamu suka untuk ketemu orang baru. Siapa yang biasanya bikin kamu merasa didengar, dan apa yang bisa kamu coba untuk terhubung lagi sama mereka?;GROK;D1_GROK_HealthPsycology1-55_67.json;sendiri akhir akhir stres dukung sosial aduh enak sendiri dukung sosial peluk hangat keluarga teman bahkan ketawa bareng tubuh lepas hormon bahagia stres kurang percaya santai giat siapa dengar;10;0.1820052760555204;keluarga - dukung - stres - temen - ngerasa - salah - nikah - sepi - sendiri - mental;-1_diri_takut_sendiri_kecil;sendiri akhir akhir stres dukung sosial aduh enak sendiri dukung sosial peluk hangat keluarga teman bahkan ketawa bareng tubuh lepas hormon bahagia stres kurang percaya santai giat siapa dengar
Aku ngerasa nggak ada yang bisa diandalkan pas aku stres. Gimana caranya biar nggak merasa sendiri?;Stres tanpa dukungan bisa bikin berat, ya. Coba mulai dari satu orang yang pernah bikin kamu nyaman, seperti keluarga atau temen lama, dan ajak ngobrol santai. Tulis tiga hal kecil yang bikin kamu merasa connected, seperti kenangan atau lagu favorit. Ikut grup hobi, seperti komunitas online, bisa bantu ketemu orang baru. Kamu punya nilai, lho. Coba kirim pesan ke seseorang minggu ini.;GROK;A1_GROK_FilosofiTeras150-157_26.json;ngerasa andal stres sendiri stres dukung berat nyaman keluarga temen lama santai kecil connected kenang favorit grup nilai kirim pesan minggu;10;0.1819837989238338;keluarga - dukung - stres - temen - ngerasa - salah - nikah - sepi - sendiri - mental;-1_diri_takut_sendiri_kecil;ngerasa andal stres sendiri stres dukung berat nyaman keluarga temen lama santai kecil connected kenang favorit grup nilai kirim pesan minggu
Emilia, aku ngerasa nggak punya siapa-siapa buat cerita. Apa ini bahaya buat kesehatan mentalku?;Kurangnya orang untuk berbagi cerita bisa bikin kita merasa terisolasi, dan itu memang bisa memengaruhi kesehatan mental. Dukungan sosial itu penting banget buat bantu kita hadapi stres. Apa kamu nyaman kalau mulai cerita sama aku? Atau mungkin ada temen atau keluarga yang bisa kamu dekati pelan-pelan?;GROK;D11_GROK_AHandbookfortheSMH215-225_20.json;ngerasa siapa siapa bahaya sehat mental kurang isolasi pengaruh sehat mental dukung sosial penting hadap stres nyaman temen keluarga dekat pelan pelan;10;0.1778456999021294;keluarga - dukung - stres - temen - ngerasa - salah - nikah - sepi - sendiri - mental;-1_diri_takut_sendiri_kecil;ngerasa siapa siapa bahaya sehat mental kurang isolasi pengaruh sehat mental dukung sosial penting hadap stres nyaman temen keluarga dekat pelan pelan
Aku merasa takut kalau orang-orang di sekitarku tahu aku punya masalah kesehatan mental. Apa yang harus aku lakukan?;Wajar kok kalau kamu merasa takut, karena stigma tentang kesehatan mental memang masih ada. Coba mulai dengan berbagi ke seseorang yang kamu percaya, seperti teman dekat atau keluarga yang suportif. Kalau belum siap, kamu juga bisa mencari komunitas daring yang aman untuk berbagi pengalaman. Yang penting, jangan isolasi diri, ya. Aku di sini kalau kamu butuh teman ngobrol.;GROK;D11_GROK_AHandbookfortheSMH501-511_20.json;takut tahu sehat mental laku takut stigma sehat mental percaya teman dekat keluarga suportif siap daring alam penting jangan isolasi diri butuh teman;10;0.1776222743593684;keluarga - dukung - stres - temen - ngerasa - salah - nikah - sepi - sendiri - mental;-1_diri_takut_sendiri_kecil;takut tahu sehat mental laku takut stigma sehat mental percaya teman dekat keluarga suportif siap daring alam penting jangan isolasi diri butuh teman
Aku merasa ga punya siapa-siapa buat cerita, apa itu bahaya?;Merasa ga punya siapa-siapa buat cerita bisa bikin kamu lebih rentan ke stres atau depresi, karena dukungan sosial itu penting. Tapi gak apa-apa, kita bisa mulai dari langkah kecil, seperti ngobrol sama seseorang yang kamu percaya. Apa yang lagi pengen kamu ceritain? Aku di sini buat dengerin.;GROK;D11_GROK_AHandbookfortheSMH226-236_20.json;siapa siapa bahaya siapa siapa rentan stres depresi dukung sosial penting kecil percaya dengerin;10;0.1773661158751823;keluarga - dukung - stres - temen - ngerasa - salah - nikah - sepi - sendiri - mental;-1_diri_takut_sendiri_kecil;siapa siapa bahaya siapa siapa rentan stres depresi dukung sosial penting kecil percaya dengerin
Aku ngerasa suamiku nggak peduli sama aku karena dia cuma minum tiap malam. Apa yang bisa aku lakukan?;Itu pasti bikin kamu sedih dan frustrasi. Coba ajak suamimu ngobrol pas dia tenang, bukan pas mabuk. Bilang apa yang kamu rasain, misalnya, ‘Aku kangen ngobrol sama kamu, tapi minummu bikin aku ngerasa jauh.’ Kalau dia nggak berubah, coba cari dukungan dari temen atau keluarga, biar kamu nggak ngerasa sendirian. Kalau situasinya parah, mungkin ngobrol sama konselor bisa bantu. Kamu berhak dapat perhatian, lho.;GROK;D10_GROK_HidupDamaiTanpaBerpikirBerlebihan131-141_20.json;ngerasa suami peduli laku sedih frustrasi suami tenang bukan mabuk rasain kangen ngerasa jauh ubah dukung temen keluarga ngerasa sendiri situasi parah konselor perhati;10;0.1761267927706762;keluarga - dukung - stres - temen - ngerasa - salah - nikah - sepi - sendiri - mental;-1_diri_takut_sendiri_kecil;ngerasa suami peduli laku sedih frustrasi suami tenang bukan mabuk rasain kangen ngerasa jauh ubah dukung temen keluarga ngerasa sendiri situasi parah konselor perhati
Aku takut kalau aku depresi, soalnya aku mulai nggak peduli sama apa-apa. Apa yang harus aku lakukan?;Rasa nggak peduli sama apa-apa bisa jadi tanda depresi, dan aku senang kamu cerita soal ini. Langkah pertama, coba bicara sama seseorang yang kamu percaya, seperti keluarga atau temen. Kalau bisa, hubungi konselor atau terapis, mereka bisa bantu cari tahu apa yang lagi kamu alami. Untuk sekarang, coba lakukan sesuatu yang kecil yang biasanya kamu suka. Aku ada di sini kalau kamu butuh temen.;GROK;D11_GROK_AHandbookfortheSMH369-379_20.json;takut depresi peduli laku peduli depresi senang pertama bicara percaya keluarga temen konselor terap tahu alami laku kecil butuh temen;10;0.1749211625242522;keluarga - dukung - stres - temen - ngerasa - salah - nikah - sepi - sendiri - mental;-1_diri_takut_sendiri_kecil;takut depresi peduli laku peduli depresi senang pertama bicara percaya keluarga temen konselor terap tahu alami laku kecil butuh temen
Aku pengen punya hubungan yang lebih dekat sama keluarga, tapi susah. Gimana caranya?;Membangun hubungan yang dekat sama keluarga memang kadang nggak gampang, apalagi kalau ada jarak emosional. Coba mulai dengan gestur kecil, seperti ajak ngobrol santai atau bantu mereka di rumah. Dengarkan cerita mereka tanpa buru-buru menilai. Kalau ada konflik, coba selesaikan dengan kepala dingin. Butuh waktu, tapi kalau kamu konsisten, hubungan itu bisa lebih hangat. Apa langkah kecil yang bisa kamu coba hari ini?;GROK;D3_GROK_PengantarPsikologiAdnan210-220_20.json;dekat keluarga susah dekat keluarga gampang jarak emosional gestur kecil santai dengar buru buru nilai konflik kepala dingin butuh konsisten hangat kecil;10;0.173169792609233;keluarga - dukung - stres - temen - ngerasa - salah - nikah - sepi - sendiri - mental;-1_diri_takut_sendiri_kecil;dekat keluarga susah dekat keluarga gampang jarak emosional gestur kecil santai dengar buru buru nilai konflik kepala dingin butuh konsisten hangat kecil
Aku sering merasa sedih tanpa alasan yang jelas, apa sih yang bikin aku begini?;Sedih tanpa alasan jelas bisa dipengaruhi banyak hal, seperti stres dari lingkungan sekitar atau tekanan hidup yang nggak disadari. Kadang, lingkungan sosial, seperti kurangnya dukungan dari teman atau keluarga, juga bisa memengaruhi. Coba ceritain lebih banyak tentang apa yang lagi kamu rasain, mungkin kita bisa cari tahu bareng apa pemicunya.;GROK;D11_GROK_AHandbookfortheSMH28-38_20.json;sedih alas jelas begini sedih alas jelas pengaruh stres tekan hidup sosial kurang dukung teman keluarga pengaruh rasain tahu bareng picu;10;0.1727120254690761;keluarga - dukung - stres - temen - ngerasa - salah - nikah - sepi - sendiri - mental;-1_diri_takut_sendiri_kecil;sedih alas jelas begini sedih alas jelas pengaruh stres tekan hidup sosial kurang dukung teman keluarga pengaruh rasain tahu bareng picu
Aku ngerasa depresi, dan aku pengen coba berhubungan sama banyak orang biar nggak kesepian. Apa ini salah?;Aku ngerti kamu lagi cari cara buat nggak kesepian, tapi berhubungan sama banyak orang tanpa mikir panjang bisa bikin kamu tambah bingung atau nggak aman. Depresi itu berat, dan lebih baik cari dukungan dari temen, keluarga, atau profesional. Coba lakukan hal yang bikin kamu merasa berharga, seperti hobi. Aku di sini kalau kamu mau cerita.;GROK;D11_GROK_AHandbookfortheSMH369-379_20.json;ngerasa depresi sepi salah sepi mikir panjang tambah depresi berat dukung temen keluarga profesional laku harga;10;0.1668888821494308;keluarga - dukung - stres - temen - ngerasa - salah - nikah - sepi - sendiri - mental;-1_diri_takut_sendiri_kecil;ngerasa depresi sepi salah sepi mikir panjang tambah depresi berat dukung temen keluarga profesional laku harga
Saya khawatir tentang masa tua. Bagaimana cara mempersiapkan diri secara mental?;Kekhawatiran tentang masa tua menunjukkan kamu peduli dengan hidupmu—itu langkah besar! Carl Gustav Jung bilang usia tua punya proses tak sadar, mirip anak-anak. Untuk persiapan, fokus pada makna: apa yang ingin kamu nikmati atau wariskan? Tulis tujuan kecil, seperti belajar baru atau cerita dengan keluarga. Apa yang bikin kamu damai memikirkan masa depan?;GROK;A1_GROK_PsikologiKepribadian34-60_47.json;khawatir masa siap diri mental khawatir masa tunjuk peduli hidup usia proses mirip anak anak siap makna nikmat waris tuju kecil keluarga damai masa depan;10;0.1651712502151568;keluarga - dukung - stres - temen - ngerasa - salah - nikah - sepi - sendiri - mental;10_keluarga_dukung_stres_ngerasa keluarga;khawatir masa siap diri mental khawatir masa tunjuk peduli hidup usia proses mirip anak anak siap makna nikmat waris tuju kecil keluarga damai masa depan
Aku ngerasa orang-orang di sekitarku nggak peduli sama aku, bener nggak ya?;Perasaan kayak gitu bisa muncul kalau kamu ngerasa kurang koneksi atau dukungan dari orang sekitar. Tapi kadang, orang lain mungkin nggak sadar kamu butuh perhatian. Coba ajak salah satu temen atau keluarga ngobrol dari hati ke hati. Kalau mau, aku bantu kasih ide cara buka obrolan, mau?;GROK;D11_GROK_AHandbookfortheSMH28-38_20.json;ngerasa peduli muncul ngerasa kurang koneksi dukung butuh perhati salah temen keluarga hati hati obrol;10;0.1642961814599766;keluarga - dukung - stres - temen - ngerasa - salah - nikah - sepi - sendiri - mental;-1_diri_takut_sendiri_kecil;ngerasa peduli muncul ngerasa kurang koneksi dukung butuh perhati salah temen keluarga hati hati obrol
Apa yang bisa dilakukan keluarga saat aku mengeluh nyeri?;Alihkan fokus ke aktivitas ringan bersama, contoh berjalan sore. Puji usaha positif, bukan hanya memberi izin berbaring.;GPT;D1_GPT_HealthPsycology209-229_50.json;laku keluarga keluh nyeri aktivitas ringan contoh jalan sore puji usaha positif bukan beri izin baring;10;0.1641136642778096;keluarga - dukung - stres - temen - ngerasa - salah - nikah - sepi - sendiri - mental;-1_diri_takut_sendiri_kecil;laku keluarga keluh nyeri aktivitas ringan contoh jalan sore puji usaha positif bukan beri izin baring
Aku ngerasa orang tua ku nggak peduli sama aku. Apa yang bisa aku lakuin?;Perasaan nggak diperhatiin sama orang tua itu pasti sakit, ya. Dalam psikologi, hubungan sama keluarga bisa pengaruh besar ke perasaan kita. Mungkin kamu bisa coba buka obrolan sama mereka, walaupun susah, atau cari orang lain yang bisa support kamu. Apa yang bikin kamu ngerasa mereka nggak peduli? Ceritain, aku bisa bantu pikirin langkah selanjutnya.;GROK;D11_GROK_AHandbookfortheSMH116-126_20.json;ngerasa peduli lakuin diperhatiin sakit psikologi keluarga pengaruh obrol walaupun susah support ngerasa peduli pikirin lanjut;10;0.145158007236436;keluarga - dukung - stres - temen - ngerasa - salah - nikah - sepi - sendiri - mental;-1_diri_takut_sendiri_kecil;ngerasa peduli lakuin diperhatiin sakit psikologi keluarga pengaruh obrol walaupun susah support ngerasa peduli pikirin lanjut
Aku pengen hubungan sama keluarga lebih dekat, tapi kok susah. Ada saran?;Membangun hubungan keluarga emang butuh usaha. Coba mulai dari hal sederhana, kayak makan bareng atau ngobrol santai tanpa gadget. Dengarkan mereka tanpa judgement. Jaga jarak yang nyaman juga biar nggak kewalahan. Apa yang bikin hubungan sama keluargamu susah?;GROK;D10_GROK_HidupDamaiTanpaBerpikirBerlebihan154-166_20.json;keluarga dekat susah saran keluarga emang butuh usaha sederhana makan bareng santai gadget dengar judgement jaga jarak nyaman kewalahan keluarga susah;10;0.1450019636942738;keluarga - dukung - stres - temen - ngerasa - salah - nikah - sepi - sendiri - mental;-1_diri_takut_sendiri_kecil;keluarga dekat susah saran keluarga emang butuh usaha sederhana makan bareng santai gadget dengar judgement jaga jarak nyaman kewalahan keluarga susah
Saya merasa keluarga stres karena kanker saya, bikin saya merasa bersalah. Bagaimana ini memengaruhi kami, dan apa yang bisa saya lakukan?;Saya paham rasa bersalah itu berat, tapi kamu peduli banget sama keluargamu—itu luar biasa! Beban kanker bikin keluarga stres karena tanggung jawab tambahan, yang bisa ningkatin tekanan psikologis buat kalian semua. Coba buka obrolan keluarga, bilang ‘Aku hargai usaha kalian.’ Ajak mereka ikut grup dukungan keluarga pasien kanker. Tulis tiga hal yang bikin kalian dekat. Lakukan relaksasi bareng, seperti denger musik. Bilang, ‘Kita kuat bareng!’ Cari forum keluarga kanker online. Apa yang bikin bersalah, dan langkah apa yang bisa kamu coba?;GROK;D1_GROK_HealthPsycology230-249_50.json;keluarga stres kanker salah pengaruh laku paham salah berat peduli keluarga luar beban kanker keluarga stres tambah ningkatin tekan psikologis obrol keluarga harga usaha grup dukung keluarga pasien kanker dekat laku relaksasi bareng denger musik kuat bareng forum keluarga kanker salah;10;0.1449701356330483;keluarga - dukung - stres - temen - ngerasa - salah - nikah - sepi - sendiri - mental;-1_diri_takut_sendiri_kecil;keluarga stres kanker salah pengaruh laku paham salah berat peduli keluarga luar beban kanker keluarga stres tambah ningkatin tekan psikologis obrol keluarga harga usaha grup dukung keluarga pasien kanker dekat laku relaksasi bareng denger musik kuat bareng forum keluarga kanker salah
Saya takut keluarga menjauh karena kanker saya, bikin cemas. Bagaimana dukungan sosial membantu, dan apa yang bisa saya lakukan?;Saya tahu takut kehilangan keluarga itu bikin cemas, tapi kamu nggak sendiri! Dukungan sosial dari keluarga bantu kurangi cemas dan bikin kamu merasa dicintai, yang ningkatin kesehatan mental. Coba buka obrolan jujur sama keluarga, bilang ‘Aku butuh kalian.’ Ajak mereka ikut kegiatan sederhana, seperti nonton film bareng. Tulis tiga orang yang selalu ada buatmu. Bilang, ‘Aku layak didukung!’ Cari grup dukungan kanker online. Apa yang bikin takut, dan langkah apa yang bisa kamu ambil?;GROK;D1_GROK_HealthPsycology230-249_50.json;takut keluarga jauh kanker cemas dukung sosial laku tahu takut hilang keluarga cemas sendiri dukung sosial keluarga kurang cemas cinta ningkatin sehat mental obrol jujur keluarga butuh giat sederhana nonton film bareng layak dukung grup dukung kanker takut;10;0.1448963586621751;keluarga - dukung - stres - temen - ngerasa - salah - nikah - sepi - sendiri - mental;-1_diri_takut_sendiri_kecil;takut keluarga jauh kanker cemas dukung sosial laku tahu takut hilang keluarga cemas sendiri dukung sosial keluarga kurang cemas cinta ningkatin sehat mental obrol jujur keluarga butuh giat sederhana nonton film bareng layak dukung grup dukung kanker takut
Aku nggak tahan sama tingkah pasanganku, apa aku harus ninggalin dia?;Itu keputusan besar, dan cuma kamu yang tahu situasi sebenarnya. Coba pikirkan dulu apa yang bikin kamu nggak tahan, dan apa bisa diselesaikan dengan ngobrol atau bantuan pihak lain, seperti konselor. Kalau memilih bertahan, cari cara biar kamu tetap kuat, seperti curhat sama temen atau lakuin hobi. Aku di sini kalau kamu butuh ngobrol.;GROK;D10_GROK_HidupDamaiTanpaBerpikirBerlebihan119-130_20.json;tahan tingkah pasang ninggalin putus tahu situasi tahan pihak konselor pilih tahan tetap kuat curhat temen lakuin butuh;10;0.0905161986751676;keluarga - dukung - stres - temen - ngerasa - salah - nikah - sepi - sendiri - mental;-1_diri_takut_sendiri_kecil;tahan tingkah pasang ninggalin putus tahu situasi tahan pihak konselor pilih tahan tetap kuat curhat temen lakuin butuh
Bukankah menerima nyeri berarti pasrah?;ACT bukan menyerah, tapi berhenti berperang dengan rasa sakit sehingga energi bisa digunakan menjalani aktivitas penting seperti berkumpul keluarga.;GPT;D1_GPT_HealthPsycology209-229_50.json;bukankah terima nyeri arti pasrah bukan serah henti perang sakit energi jalan aktivitas penting kumpul keluarga;10;0.0875392043971172;keluarga - dukung - stres - temen - ngerasa - salah - nikah - sepi - sendiri - mental;-1_diri_takut_sendiri_kecil;bukankah terima nyeri arti pasrah bukan serah henti perang sakit energi jalan aktivitas penting kumpul keluarga
Aku udah menikah, tapi kok kadang merasa kesepian. Apa aku salah harapan dari pernikahan?;Merasa kesepian meski sudah menikah itu bisa terjadi, dan nggak berarti kamu salah. Pernikahan memang bisa kasih dukungan, tapi kadang kita juga butuh koneksi di luar itu atau waktu buat diri sendiri. Coba ceritain, apa yang bikin kamu merasa kesepian? Mungkin kita bisa pikirin cara buat ngatasinnya bareng.;GROK;D11_GROK_AHandbookfortheSMH391-401_20.json;udah meni sepi salah harap nikah sepi meni arti salah nikah dukung butuh koneksi luar diri sendiri sepi pikirin ngatasinnya bareng;10;0.0111832279451806;keluarga - dukung - stres - temen - ngerasa - salah - nikah - sepi - sendiri - mental;-1_diri_takut_sendiri_kecil;udah meni sepi salah harap nikah sepi meni arti salah nikah dukung butuh koneksi luar diri sendiri sepi pikirin ngatasinnya bareng
Aku merasa lebih buruk setelah nikah. Apa ini normal?;Aku turut sedih dengar kamu merasa gitu. Nggak semua orang merasa lebih buruk setelah nikah, tapi ini bisa terjadi kalau pernikahannya penuh konflik atau nggak sehat. Kadang, tekanan baru seperti tanggung jawab rumah tangga atau ekspektasi yang nggak realistis juga bikin stres. Apa yang bikin kamu merasa lebih buruk? Aku di sini buat dengerin, kok.;GROK;D11_GROK_AHandbookfortheSMH336-346_20.json;nikah turut sedih dengar nikah nikah penuh konflik sehat tekan tangga ekspektasi realistis stres dengerin;10;0.0111784017344328;keluarga - dukung - stres - temen - ngerasa - salah - nikah - sepi - sendiri - mental;-1_diri_takut_sendiri_kecil;nikah turut sedih dengar nikah nikah penuh konflik sehat tekan tangga ekspektasi realistis stres dengerin
Aku takut nikah lagi setelah cerai. Apa nikah kedua itu biasanya nggak sebahagia yang pertama?;Wajar banget kamu merasa takut, apalagi setelah pengalaman cerai. Nikah kedua memang kadang nggak sebahagia yang pertama buat sebagian orang, karena ada tantangan baru, seperti hubungan dengan keluarga tambahan atau trauma dari masa lalu. Tapi, kalau hubungannya dibangun dengan komunikasi yang baik dan saling mendukung, nikah kedua juga bisa bikin bahagia. Apa yang bikin kamu takut buat nikah lagi?;GROK;D11_GROK_AHandbookfortheSMH336-346_20.json;takut nikah cerai nikah bahagia pertama takut alam cerai nikah bahagia pertama tantang keluarga tambah trauma masa komunikasi saling dukung nikah bahagia takut nikah;10;0.0111742187255334;keluarga - dukung - stres - temen - ngerasa - salah - nikah - sepi - sendiri - mental;-1_diri_takut_sendiri_kecil;takut nikah cerai nikah bahagia pertama takut alam cerai nikah bahagia pertama tantang keluarga tambah trauma masa komunikasi saling dukung nikah bahagia takut nikah
Pernikahanku lagi nggak baik, dan aku pengen pisah. Tapi aku takut nggak bisa hidup sendiri.;Itu pasti berat banget, dan wajar kalau kamu takut. Memikirkan perpisahan itu besar, dan penting buat pertimbangin apa yang bikin kamu nggak bahagia di pernikahanmu. Mungkin kita bisa ngobrol soal apa yang lagi bikin kamu nggak nyaman, atau kamu bisa coba bicara sama seseorang yang kamu percaya. Apa yang lagi bikin kamu ragu?;GROK;D11_GROK_AHandbookfortheSMH391-401_20.json;nikah pisah takut hidup sendiri berat takut pisah penting pertimbangin bahagia nikah nyaman bicara percaya ragu;10;0.0111728923688662;keluarga - dukung - stres - temen - ngerasa - salah - nikah - sepi - sendiri - mental;-1_diri_takut_sendiri_kecil;nikah pisah takut hidup sendiri berat takut pisah penting pertimbangin bahagia nikah nyaman bicara percaya ragu
Aku merasa nggak punya temen setelah cerai. Apa aku harus nikah lagi biar nggak kesepian?;Aku sedih dengar kamu merasa nggak punya temen. Cerai bisa bikin seseorang merasa terisolasi, dan itu wajar. Tapi, nikah lagi cuma buat ngatasi kesepian mungkin bukan solusi terbaik, karena pernikahan butuh komitmen besar. Mungkin kamu bisa coba cari temen baru, seperti gabung komunitas atau reconnect sama temen lama. Apa yang bikin kamu merasa kesepian? Aku di sini buat ngobrol, kok.;GROK;D11_GROK_AHandbookfortheSMH336-346_20.json;temen cerai nikah sepi sedih dengar temen cerai isolasi nikah ngatasi sepi bukan solusi nikah butuh komitmen temen gabung reconnect temen lama sepi;10;0.0111721626809711;keluarga - dukung - stres - temen - ngerasa - salah - nikah - sepi - sendiri - mental;-1_diri_takut_sendiri_kecil;temen cerai nikah sepi sedih dengar temen cerai isolasi nikah ngatasi sepi bukan solusi nikah butuh komitmen temen gabung reconnect temen lama sepi
Aku pengen nikah biar nggak dikira aneh sama orang. Apa itu alasan yang oke?;Aku paham tekanan dari lingkungan itu berat. Tapi, nikah cuma karena takut dianggap aneh mungkin bukan alasan terbaik. Pernikahan itu soal komitmen dan hubungan yang sehat, bukan cuma buat penuhi ekspektasi orang lain. Kalau kamu nikah karena tekanan, bisa-bisa malah nggak bahagia. Apa yang bikin kamu merasa harus nikah? Mungkin kita bisa pikirin cara lain buat hadapi pandangan orang-orang.;GROK;D11_GROK_AHandbookfortheSMH336-346_20.json;nikah aneh alas paham tekan berat nikah takut anggap aneh bukan alas nikah komitmen sehat bukan penuh ekspektasi nikah tekan malah bahagia nikah pikirin hadap pandang;10;0.0111699760678052;keluarga - dukung - stres - temen - ngerasa - salah - nikah - sepi - sendiri - mental;-1_diri_takut_sendiri_kecil;nikah aneh alas paham tekan berat nikah takut anggap aneh bukan alas nikah komitmen sehat bukan penuh ekspektasi nikah tekan malah bahagia nikah pikirin hadap pandang
Aku pengen nikah biar nggak kesepian, tapi takut malah bikin stres. Apa nikah bikin orang lebih bahagia?;Nikah bisa bawa kebahagiaan buat sebagian orang, tapi nggak selalu begitu untuk semua. Yang penting adalah hubungan yang sehat dan saling mendukung. Kalau kamu merasa kesepian, mungkin kita bisa coba cari cara lain dulu, seperti gabung komunitas atau ngobrol sama temen. Apa kamu punya hobi yang bisa bikin kamu senang?;GROK;D11_GROK_AHandbookfortheSMH325-335_20.json;nikah sepi takut malah stres nikah bahagia nikah bawa bahagia penting sehat saling dukung sepi gabung temen senang;10;0.0111698497121453;keluarga - dukung - stres - temen - ngerasa - salah - nikah - sepi - sendiri - mental;-1_diri_takut_sendiri_kecil;nikah sepi takut malah stres nikah bahagia nikah bawa bahagia penting sehat saling dukung sepi gabung temen senang
Aku nggak nikah dan orang-orang bilang aku bakal kesepian. Apa bener gitu?;Nggak nikah nggak berarti kamu pasti kesepian. Banyak orang yang hidup bahagia tanpa menikah, asal punya hubungan sosial yang kuat. Apa kamu punya temen atau keluarga yang bisa kamu ajak ngobrol rutin? Kita bisa pikirkan cara buat bikin hidupmu lebih penuh koneksi.;GROK;D11_GROK_AHandbookfortheSMH325-335_20.json;nikah sepi nikah arti sepi hidup bahagia meni asal sosial kuat temen keluarga rutin hidup penuh koneksi;10;0.0111680368942565;keluarga - dukung - stres - temen - ngerasa - salah - nikah - sepi - sendiri - mental;-1_diri_takut_sendiri_kecil;nikah sepi nikah arti sepi hidup bahagia meni asal sosial kuat temen keluarga rutin hidup penuh koneksi
