question;answer;from;filename;document_preprocessed;Topic;Probability;Top_n_words;Name;Document
Tips menanggapi kritik tanpa baper?;"Pisahkan pesan dan nada. Ambil inti yang berguna, abaikan sisanya. Ucap ""terima kasih masukannya"", lalu cek relevansinya. Teknik ini disebut decentering dalam Cognitive Behavioral Therapy.";GPT;A1_GPT_EmotionalFirstAid23-45_50.json;tips tanggap kritik baper pisah pesan inti abai sisa terima masuk relevansi teknik sebut decentering cognitive behavioral therapy;1;1.0;terapi - psikolog - takut - obat - dokter - mental - sehat - khawatir - tahu - ganggu;1_psikolog_terapi_dokter_takut;tips tanggap kritik baper pisah pesan inti abai sisa terima masuk relevansi teknik sebut decentering cognitive behavioral therapy
Kenapa bahaya mendiagnosis diri lewat internet?;Kita cenderung menemukan apa yang ingin kita temukan (confirmation bias). Salah diagnosis membuat strategi penanganan keliru dan menunda pertolongan profesional.;GPT;A1_GPT_EmotionalFirstAid23-45_50.json;bahaya diagnosis diri lewat internet cenderung confirmation bias salah diagnosis strategi tangan keliru tunda profesional;1;1.0;terapi - psikolog - takut - obat - dokter - mental - sehat - khawatir - tahu - ganggu;1_psikolog_terapi_dokter_takut;bahaya diagnosis diri lewat internet cenderung confirmation bias salah diagnosis strategi tangan keliru tunda profesional
Saya ingin coba terapi, tapi takut tidak cocok. Apa yang bisa saya harapkan dari terapi Adler?;Memikirkan terapi adalah langkah besar, dan kamu hebat melakukannya! Alfred Adler bilang tujuannya adalah tambah keberanian, kurangi rasa inferior, dan kembangkan minat sosial. Bayangkan ruang aman untuk ceritain perasaanmu, dengan terapis yang bantu kamu lihat kekuatanmu. Coba jurnal tentang apa yang ingin kamu capai dulu. Apa yang bikin kamu penasaran tentang terapi?;GROK;A1_GROK_PsikologiKepribadian119-146_57.json;terapi takut cocok harap terapi adler terapi laku alfred adler tuju tambah berani kurang inferior kembang sosial bayang ruang terap kuat jurnal capai penasaran terapi;1;1.0;terapi - psikolog - takut - obat - dokter - mental - sehat - khawatir - tahu - ganggu;1_psikolog_terapi_dokter_takut;terapi takut cocok harap terapi adler terapi laku alfred adler tuju tambah berani kurang inferior kembang sosial bayang ruang terap kuat jurnal capai penasaran terapi
Saya ingin mencoba terapi, tapi takut tidak nyaman. Apa yang bisa saya harapkan?;Langkah untuk memikirkan terapi sudah menunjukkan keberanianmu! Abraham Maslow mengembangkan terapi humanistik yang fokus pada membantumu menemukan potensi dan kebahagiaan. Bayangkan punya ruang aman untuk berbagi tanpa dihakimi, dengan terapis yang mendengarkan dan mendukungmu. Mereka mungkin ajak kamu refleksi atau ceritain mimpimu. Kalau belum siap, coba tulis perasaanmu di jurnal dulu. Apa yang bikin kamu penasaran tentang terapi?;GROK;A1_GROK_PsikologiKepribadian34-60_47.json;terapi takut nyaman harap terapi tunjuk berani kembang terapi humanistik potensi bahagia bayang ruang hakim terap dengar dukung refleksi mimpi siap jurnal penasaran terapi;1;1.0;terapi - psikolog - takut - obat - dokter - mental - sehat - khawatir - tahu - ganggu;1_psikolog_terapi_dokter_takut;terapi takut nyaman harap terapi tunjuk berani kembang terapi humanistik potensi bahagia bayang ruang hakim terap dengar dukung refleksi mimpi siap jurnal penasaran terapi
Saya takut terapi tidak cocok untuk saya. Apa yang akan saya rasakan?;Wajar banget merasa takut memulai terapi—it’s a big step! Abraham Maslow bilang terapi humanistik menciptakan ruang aman untuk kamu cerita, didengar, dan temukan potensimu. Terapis akan mendukungmu dengan empati, mungkin lewat refleksi santai. Kalau belum siap, coba jurnal perasaanmu dulu. Apa yang bikin kamu penasaran atau khawatir tentang terapi?;GROK;A1_GROK_PsikologiKepribadian34-60_47.json;takut terapi cocok takut terapi step terapi humanistik cipta ruang dengar potensi terap dukung empati lewat refleksi santai siap jurnal penasaran khawatir terapi;1;1.0;terapi - psikolog - takut - obat - dokter - mental - sehat - khawatir - tahu - ganggu;1_psikolog_terapi_dokter_takut;takut terapi cocok takut terapi step terapi humanistik cipta ruang dengar potensi terap dukung empati lewat refleksi santai siap jurnal penasaran khawatir terapi
Saya ingin lebih bahagia, tapi takut memulai terapi. Apa yang bisa saya harapkan?;Wajar banget kalau kamu merasa nervous—langkah pertama itu selalu besar! Psikoterapi ala Abraham Harold Maslow fokus pada membantu kamu menemukan potensi dan kebahagiaanmu. Bayangkan punya seseorang yang mendengarkan tanpa menghakimi, membantu kamu mengenal diri sendiri lebih dalam, dan mendukung tujuanmu. Terapis akan menciptakan ruang aman untuk berbagi, mungkin dengan ngobrol santai atau refleksi. Kalau kamu belum siap, coba mulai dengan menulis perasaanmu di jurnal. Apa yang bikin kamu penasaran tentang terapi?;GROK;A1_GROK_PsikologiKepribadian61-83_99.json;bahagia takut terapi harap nervous pertama psikoterapi potensi bahagia bayang dengar hakim kenal diri sendiri dukung tuju terap cipta ruang santai refleksi siap jurnal penasaran terapi;1;1.0;terapi - psikolog - takut - obat - dokter - mental - sehat - khawatir - tahu - ganggu;1_psikolog_terapi_dokter_takut;bahagia takut terapi harap nervous pertama psikoterapi potensi bahagia bayang dengar hakim kenal diri sendiri dukung tuju terap cipta ruang santai refleksi siap jurnal penasaran terapi
Saya ingin mencoba terapi, tapi takut tidak cocok dengan terapis. Apa yang bisa saya harapkan?;Wajar banget merasa takut—langkah pertama itu besar! Psikoterapi ala Abraham Harold Maslow fokus pada hubungan yang penuh empati dan hormat, di mana kamu merasa didengar. Terapis akan jadi pendamping yang membantu kamu mengenal diri dan mengejar tujuanmu, seperti teman yang selalu mendukung. Kalau khawatir tidak cocok, coba cari terapis dengan pendekatan humanistik atau jadwalkan sesi percobaan. Apa yang bikin kamu ragu, dan mau coba langkah kecil seperti menulis harapanmu untuk terapi?;GROK;A1_GROK_PsikologiKepribadian61-83_99.json;terapi takut cocok terap harap takut pertama psikoterapi penuh empati hormat dengar terap damping kenal diri kejar tuju teman dukung khawatir cocok terap dekat humanistik jadwal sesi ragu kecil harap terapi;1;1.0;terapi - psikolog - takut - obat - dokter - mental - sehat - khawatir - tahu - ganggu;1_psikolog_terapi_dokter_takut;terapi takut cocok terap harap takut pertama psikoterapi penuh empati hormat dengar terap damping kenal diri kejar tuju teman dukung khawatir cocok terap dekat humanistik jadwal sesi ragu kecil harap terapi
Saya ingin mencoba terapi, tapi takut tidak cocok. Apa yang bisa saya harapkan dari terapi Horney?;Memikirkan terapi adalah langkah berani, dan kamu hebat melakukannya! Karen Horney bilang tujuannya adalah membantu kamu capai realisasi diri, terima dirimu apa adanya, dan lepaskan tekanan untuk sempurna. Bayangkan ruang aman untuk ceritain perasaanmu, dengan terapis yang mendengarkan dan bantu refleksi. Kalau belum siap, coba jurnal tentang apa yang ingin kamu capai. Apa yang bikin kamu penasaran tentang terapi?;GROK;A1_GROK_PsikologiKepribadian84-101_46.json;terapi takut cocok harap terapi horney terapi berani laku karen horney tuju capai realisasi diri terima diri lepas tekan sempurna bayang ruang terap dengar refleksi siap jurnal capai penasaran terapi;1;1.0;terapi - psikolog - takut - obat - dokter - mental - sehat - khawatir - tahu - ganggu;1_psikolog_terapi_dokter_takut;terapi takut cocok harap terapi horney terapi berani laku karen horney tuju capai realisasi diri terima diri lepas tekan sempurna bayang ruang terap dengar refleksi siap jurnal capai penasaran terapi
Saya sering membenci diri sendiri. Bagaimana terapi Horney bisa membantu saya?;Perasaan itu pasti berat, tapi keinginanmu untuk berubah adalah langkah besar! Karen Horney bilang terapi bertujuan ubah benci diri jadi penerimaan diri dengan fokus pada realisasi diri. Dalam terapi, kamu akan refleksikan nilai-nilaimu dan terima dirimu apa adanya, dengan bantuan terapis yang empati. Coba mulai dengan tulis satu hal yang kamu suka dari dirimu. Apa satu sifat yang ingin kamu hargai lebih?;GROK;A1_GROK_PsikologiKepribadian84-101_46.json;benci diri sendiri terapi horney berat ubah karen horney terapi tuju ubah benci diri terima diri realisasi diri terapi refleksi nilai nilai terima diri terap empati diri sifat harga;1;1.0;terapi - psikolog - takut - obat - dokter - mental - sehat - khawatir - tahu - ganggu;1_psikolog_terapi_dokter_takut;benci diri sendiri terapi horney berat ubah karen horney terapi tuju ubah benci diri terima diri realisasi diri terapi refleksi nilai nilai terima diri terap empati diri sifat harga
Aku takut kalo aku ke dokter jiwa, aku bakal dikira orang gila. Apa bener gitu?;Takut dihakimi itu wajar, tapi ke dokter jiwa nggak berarti kamu ‘gila’. Dokter jiwa bantu orang yang lagi kesulitan sama pikiran atau perasaan, sama kayak dokter mata bantu yang nggak bisa lihat jelas. Kalau kamu ngerasa butuh bantuan, itu langkah berani. Apa yang bikin kamu takut cerita ke dokter jiwa?;GROK;D11_GROK_AHandbookfortheSMH138-148_20.json;takut kalo dokter jiwa gila takut hakim dokter jiwa arti gila dokter jiwa sulit dokter mata jelas ngerasa butuh berani takut dokter jiwa;1;1.0;terapi - psikolog - takut - obat - dokter - mental - sehat - khawatir - tahu - ganggu;1_psikolog_terapi_dokter_takut;takut kalo dokter jiwa gila takut hakim dokter jiwa arti gila dokter jiwa sulit dokter mata jelas ngerasa butuh berani takut dokter jiwa
Aku takut banget kalau orang tahu aku ke psikiater, nanti dikira gila. Gimana dong?;Wajar kok takut dihakimi, tapi ke psikiater itu langkah berani buat jaga kesehatan mentalmu, sama kayak ke dokter buat badan. Stigma memang ada, tapi kesehatanmu lebih penting. Mungkin kamu bisa mulai cerita ke orang yang kamu percaya dulu, biar nggak terasa sendirian. Gimana menurutmu?;GROK;D11_GROK_AHandbookfortheSMH17-27_20.json;takut tahu psikiater gila takut hakim psikiater berani jaga sehat mental dokter badan stigma sehat penting percaya sendiri turut;1;1.0;terapi - psikolog - takut - obat - dokter - mental - sehat - khawatir - tahu - ganggu;1_psikolog_terapi_dokter_takut;takut tahu psikiater gila takut hakim psikiater berani jaga sehat mental dokter badan stigma sehat penting percaya sendiri turut
Kalau aku minum obat antidepresan, apa aku bakal ketergantungan?;Obat antidepresan nggak selalu bikin ketergantungan, tapi memang harus dipakai sesuai saran dokter. Mereka bantu atur kimia di otak, tapi nggak selesaikan semua masalah. Kalau kamu khawatir soal ini, mungkin ngobrol sama dokter atau konselor bisa bantu kasih gambaran. Kamu lagi mikir buat coba obat atau cuma penasaran?;GROK;D11_GROK_AHandbookfortheSMH17-27_20.json;obat antidepresan obat antidepresan sesuai saran dokter atur otak khawatir dokter konselor mikir obat penasaran;1;1.0;terapi - psikolog - takut - obat - dokter - mental - sehat - khawatir - tahu - ganggu;1_psikolog_terapi_dokter_takut;obat antidepresan obat antidepresan sesuai saran dokter atur otak khawatir dokter konselor mikir obat penasaran
Aku pengen coba terapi, tapi takut nggak cocok. Gimana caranya milih terapi?;Pilih terapi memang perlu coba-coba, karena tiap orang cocok sama pendekatan beda. Mungkin kamu bisa mulai cari tahu soal terapi kognitif atau terapi berbasis mindfulness, terus cari terapis yang bikin kamu nyaman. Mau aku jelasin beda-beda terapinya biar kamu punya gambaran?;GROK;D11_GROK_AHandbookfortheSMH17-27_20.json;terapi takut cocok milih terapi pilih terapi perlu cocok dekat tahu terapi kognitif terapi mindfulness terus terap nyaman jelasin terapi;1;1.0;terapi - psikolog - takut - obat - dokter - mental - sehat - khawatir - tahu - ganggu;1_psikolog_terapi_dokter_takut;terapi takut cocok milih terapi pilih terapi perlu cocok dekat tahu terapi kognitif terapi mindfulness terus terap nyaman jelasin terapi
Aku takut kalo ke dokter mental, nanti dikira gila. Apa bener gitu?;Aku ngerti ketakutanmu, stigma itu nyata. Tapi ke dokter mental itu kayak ke dokter mata pas matanya sakit—cuma bagian tubuh yang beda. Dokter ada buat bantu, nggak buat nilai. Mungkin coba cari dokter yang bikin kamu nyaman, atau mulai dari konselor dulu. Pernah kepikiran buat coba konseling online anonim?;GROK;D11_GROK_AHandbookfortheSMH171-181_20.json;takut kalo dokter mental gila takut stigma nyata dokter mental dokter mata mata sakit tubuh dokter nilai dokter nyaman konselor konseling anonim;1;1.0;terapi - psikolog - takut - obat - dokter - mental - sehat - khawatir - tahu - ganggu;1_psikolog_terapi_dokter_takut;takut kalo dokter mental gila takut stigma nyata dokter mental dokter mata mata sakit tubuh dokter nilai dokter nyaman konselor konseling anonim
Aku ngerasa pengobatan modern itu nggak alami. Apa aku salah pilih tradisional aja?;Nggak ada salah atau benar, yang penting apa yang cocok buat kamu. Pengobatan modern memang lebih terukur buat gejala berat, tapi tradisional bisa bantu kalo sesuai sama nilai kamu. Coba diskusi sama dokter yang terbuka buat kombinasi keduanya. Kamu lebih nyaman sama pendekatan yang kayak apa?;GROK;D11_GROK_AHandbookfortheSMH171-181_20.json;ngerasa obat modern alami salah pilih tradisional salah penting cocok obat modern ukur gejala berat tradisional kalo sesuai nilai diskusi dokter kombinasi nyaman dekat;1;1.0;terapi - psikolog - takut - obat - dokter - mental - sehat - khawatir - tahu - ganggu;1_psikolog_terapi_dokter_takut;ngerasa obat modern alami salah pilih tradisional salah penting cocok obat modern ukur gejala berat tradisional kalo sesuai nilai diskusi dokter kombinasi nyaman dekat
Aku takut ke dokter mata, nanti dikira gila. Tapi aku ngerasa ada yang aneh sama pikiranku. Apa yang harus aku lakuin?;Takut ke dokter itu wajar, apalagi ada stigma soal kesehatan mental. Tapi kalau kamu ngerasa ada yang nggak beres sama pikiranmu, itu langkah berani buat ngenalin. Coba konsultasi ke profesional, mereka bisa bantu tanpa judge. Apa yang bikin kamu ngerasa aneh? Aku dengerin, dan kita pikirin langkah selanjutnya.;GROK;D11_GROK_AHandbookfortheSMH182-192_20.json;takut dokter mata gila ngerasa aneh lakuin takut dokter stigma sehat mental ngerasa beres berani ngenalin konsultasi profesional judge ngerasa aneh dengerin pikirin lanjut;1;1.0;terapi - psikolog - takut - obat - dokter - mental - sehat - khawatir - tahu - ganggu;1_psikolog_terapi_dokter_takut;takut dokter mata gila ngerasa aneh lakuin takut dokter stigma sehat mental ngerasa beres berani ngenalin konsultasi profesional judge ngerasa aneh dengerin pikirin lanjut
Aku nggak punya duit buat ke psikolog. Apa aku cuma harus tahan aja sama masalahku?;Nggak punya akses ke psikolog memang bikin frustrasi, tapi kamu nggak harus tahan sendirian. Ada beberapa sumber gratis, seperti hotline kesehatan mental atau kelompok dukungan di komunitas. Aku bisa bantu cari info kalau kamu mau. Untuk sekarang, apa yang biasanya bikin kamu merasa sedikit lebih baik saat lagi down?;GROK;D11_GROK_AHandbookfortheSMH259-269_20.json;duit psikolog tahan akses psikolog frustrasi tahan sendiri beberapa sumber gratis hotline sehat mental kelompok dukung info down;1;1.0;terapi - psikolog - takut - obat - dokter - mental - sehat - khawatir - tahu - ganggu;1_psikolog_terapi_dokter_takut;duit psikolog tahan akses psikolog frustrasi tahan sendiri beberapa sumber gratis hotline sehat mental kelompok dukung info down
Aku takut kalau aku ke dokter jiwa, orang bakal bilang aku gila. Apa aku harus cuek aja?;Rasa takut itu wajar, apalagi stigma soal kesehatan mental masih besar. Tapi, mencari bantuan adalah tanda kamu kuat dan peduli sama diri sendiri, bukan sebaliknya. Kalau kamu khawatir soal omongan orang, mungkin bisa mulai dengan ngobrol sama orang yang kamu percaya. Apa yang bikin kamu ragu buat cari bantuan?;GROK;D11_GROK_AHandbookfortheSMH259-269_20.json;takut dokter jiwa gila cuek takut stigma sehat mental kuat peduli diri sendiri bukan balik khawatir omong percaya ragu;1;1.0;terapi - psikolog - takut - obat - dokter - mental - sehat - khawatir - tahu - ganggu;1_psikolog_terapi_dokter_takut;takut dokter jiwa gila cuek takut stigma sehat mental kuat peduli diri sendiri bukan balik khawatir omong percaya ragu
Aku dengar orang bilang kalau orang kulit hitam lebih gampang kena gangguan jiwa. Bener nggak sih?;Itu cuma mitos yang nggak berdasar. Data menunjukkan nggak ada bukti bahwa ras tertentu lebih rentan kena gangguan jiwa. Yang bikin beda biasanya adalah akses ke layanan kesehatan atau tekanan sosial. Kalau kamu khawatir soal kesehatan mental, ceritain aja, aku bantu kasih perspektif!;GROK;D11_GROK_AHandbookfortheSMH292-302_20.json;dengar kulit hitam gampang kena ganggu jiwa mitos data tunjuk bukti rentan kena ganggu jiwa akses sehat tekan sosial khawatir sehat mental perspektif;1;1.0;terapi - psikolog - takut - obat - dokter - mental - sehat - khawatir - tahu - ganggu;1_psikolog_terapi_dokter_takut;dengar kulit hitam gampang kena ganggu jiwa mitos data tunjuk bukti rentan kena ganggu jiwa akses sehat tekan sosial khawatir sehat mental perspektif
Kenapa sih orang Latin sering dibilang punya masalah mental lebih banyak?;Nggak bener kalau orang Latin dibilang punya masalah mental lebih banyak. Data menunjukkan bahwa tingkat gangguan mental di kelompok Latin bervariasi, tergantung subgrupnya, kayak orang Puerto Rico atau Kuba. Yang sering bikin beda adalah faktor sosial, seperti kemiskinan atau diskriminasi. Kalau kamu merasa tertekan, ceritain dong, aku dengerin.;GROK;D11_GROK_AHandbookfortheSMH292-302_20.json;latin mental latin mental data tunjuk tingkat ganggu mental kelompok latin variasi subgrupnya puerto rico kuba faktor sosial miskin diskriminasi tekan dengerin;1;1.0;terapi - psikolog - takut - obat - dokter - mental - sehat - khawatir - tahu - ganggu;1_psikolog_terapi_dokter_takut;latin mental latin mental data tunjuk tingkat ganggu mental kelompok latin variasi subgrupnya puerto rico kuba faktor sosial miskin diskriminasi tekan dengerin
Aku orang Asia, katanya orang Asia jarang punya masalah mental. Bener nggak?;Itu stereotip yang salah. Orang Asia sama aja kayak kelompok lain, bisa punya masalah mental. Cuma, kadang data kurang lengkap karena banyak yang nggak lapor atau cari bantuan. Kalau kamu lagi ngerasa nggak oke, ceritain aja, nggak usah malu.;GROK;D11_GROK_AHandbookfortheSMH292-302_20.json;asia kata asia jarang mental stereotip salah asia kelompok mental data kurang lengkap lapor ngerasa usah malu;1;1.0;terapi - psikolog - takut - obat - dokter - mental - sehat - khawatir - tahu - ganggu;1_psikolog_terapi_dokter_takut;asia kata asia jarang mental stereotip salah asia kelompok mental data kurang lengkap lapor ngerasa usah malu
Aku orang Puerto Rico, katanya orang kayak aku gampang depresi. Bener nggak?;Data menunjukkan orang Puerto Rico kadang punya tingkat depresi lebih tinggi dibandingkan subgrup Latin lain, tapi ini bukan karena ‘gampang depresi’. Faktor seperti tekanan sosial atau segregasi bisa berperan. Tapi setiap orang beda. Kalau kamu lagi ngerasa nggak oke, ceritain, aku dengerin.;GROK;D11_GROK_AHandbookfortheSMH292-302_20.json;puerto rico kata gampang depresi data tunjuk puerto rico tingkat depresi tinggi banding subgrup latin bukan gampang depresi faktor tekan sosial segregasi peran ngerasa dengerin;1;1.0;terapi - psikolog - takut - obat - dokter - mental - sehat - khawatir - tahu - ganggu;1_psikolog_terapi_dokter_takut;puerto rico kata gampang depresi data tunjuk puerto rico tingkat depresi tinggi banding subgrup latin bukan gampang depresi faktor tekan sosial segregasi peran ngerasa dengerin
Aku nggak punya asuransi kesehatan, jadi nggak bisa ke psikolog. Apa yang bisa aku lakukan?;Aku tahu ini sulit kalau akses ke psikolog terbatas. Tapi ada beberapa sumber gratis, seperti hotline kesehatan mental atau komunitas online. Aku bisa bantu cari yang cocok buatmu. Selain itu, apa kamu punya kebiasaan yang bikin kamu merasa tenang, seperti menulis jurnal?;GROK;D11_GROK_AHandbookfortheSMH325-335_20.json;asuransi sehat psikolog laku tahu sulit akses psikolog batas beberapa sumber gratis hotline sehat mental cocok tenang jurnal;1;1.0;terapi - psikolog - takut - obat - dokter - mental - sehat - khawatir - tahu - ganggu;1_psikolog_terapi_dokter_takut;asuransi sehat psikolog laku tahu sulit akses psikolog batas beberapa sumber gratis hotline sehat mental cocok tenang jurnal
Aku nggak mau ke dokter karena takut dibilang gila. Apa aku harus tetap pergi?;Takut dihakimi itu wajar, tapi dokter atau psikolog nggak akan bilang kamu gila. Mereka justru pengen bantu. Kalau kamu belum nyaman, mungkin coba ngobrol sama temen dekat dulu atau ke hotline anonim. Aku bisa kasih nomor kalau kamu mau.;GROK;D11_GROK_AHandbookfortheSMH325-335_20.json;dokter takut gila tetap pergi takut hakim dokter psikolog gila justru nyaman temen dekat hotline anonim nomor;1;1.0;terapi - psikolog - takut - obat - dokter - mental - sehat - khawatir - tahu - ganggu;1_psikolog_terapi_dokter_takut;dokter takut gila tetap pergi takut hakim dokter psikolog gila justru nyaman temen dekat hotline anonim nomor
Aku takut kalau ke dokter buat cerita masalahku, nanti dikira gila. Gimana dong?;Aku ngerti banget ketakutan itu. Tapi, sekarang stigma soal kesehatan mental udah jauh berkurang, lho. Dokter atau terapis justru dilatih untuk dengerin tanpa judgement. Kalau kamu masih ragu, coba mulai dari ngobrol sama aku atau temen dekat dulu, biar kamu lebih nyaman sebelum ketemu profesional.;GROK;D11_GROK_AHandbookfortheSMH39-49_20.json;takut dokter gila takut stigma sehat mental udah jauh kurang dokter terap justru dengerin judgement ragu temen dekat nyaman profesional;1;1.0;terapi - psikolog - takut - obat - dokter - mental - sehat - khawatir - tahu - ganggu;1_psikolog_terapi_dokter_takut;takut dokter gila takut stigma sehat mental udah jauh kurang dokter terap justru dengerin judgement ragu temen dekat nyaman profesional
Aku pengen coba terapi bicara, tapi takut nggak cocok. Apa sih manfaatnya?;Terapi bicara itu kayak punya temen ngobrol yang bantu kamu pahami perasaanmu lebih dalam. Manfaatnya bisa bantu kamu atur emosi, temuin solusi buat masalah, dan belajar cara hadapi stres. Kalau takut nggak cocok, kamu bisa coba beberapa sesi dulu, dan kalau nggak klik, boleh cari terapis lain yang lebih pas.;GROK;D11_GROK_AHandbookfortheSMH39-49_20.json;terapi bicara takut cocok manfaat terapi bicara temen paham manfaat atur emosi temuin solusi hadap stres takut cocok beberapa sesi klik terap;1;1.0;terapi - psikolog - takut - obat - dokter - mental - sehat - khawatir - tahu - ganggu;1_psikolog_terapi_dokter_takut;terapi bicara takut cocok manfaat terapi bicara temen paham manfaat atur emosi temuin solusi hadap stres takut cocok beberapa sesi klik terap
Aku pengen berhenti minum obat antidepresan, tapi takut kambuh. Gimana caranya?;Berhenti minum antidepresan itu keputusan besar, dan nggak boleh sembarangan, ya. Kamu harus konsultasi sama dokter, karena berhenti tiba-tiba bisa bikin gejala balik atau efek samping. Dokter biasanya bikin rencana tappering, yaitu kurangin dosis perlahan. Aku dukung kamu, ceritain ke aku kalau butuh temen ngobrol!;GROK;D11_GROK_AHandbookfortheSMH39-49_20.json;henti obat antidepresan takut kambuh henti antidepresan putus sembarang konsultasi dokter henti gejala balik efek dokter rencana tappering rangin dosis perlahan dukung butuh temen;1;1.0;terapi - psikolog - takut - obat - dokter - mental - sehat - khawatir - tahu - ganggu;1_psikolog_terapi_dokter_takut;henti obat antidepresan takut kambuh henti antidepresan putus sembarang konsultasi dokter henti gejala balik efek dokter rencana tappering rangin dosis perlahan dukung butuh temen
Aku nggak mau ke dokter mata karena takut ada bom di rumah sakit. Apa aku lebay?;Ketakutanmu nyata buat kamu, jadi nggak ada yang namanya ‘lebay’. Tapi, kalau ini bikin kamu nggak bisa periksa mata, mungkin kita bisa cari cara buat ngatasin ketakutan itu. Misalnya, cari rumah sakit yang bikin kamu merasa aman atau minta temen nemenin. Kesehatan matamu penting, lho. Mau aku bantu cari solusi?;GROK;D11_GROK_AHandbookfortheSMH413-423_20.json;dokter mata takut sakit lebay takut nyata nama lebay periksa mata ngatasin takut sakit minta temen nemenin sehat mata penting solusi;1;1.0;terapi - psikolog - takut - obat - dokter - mental - sehat - khawatir - tahu - ganggu;1_psikolog_terapi_dokter_takut;dokter mata takut sakit lebay takut nyata nama lebay periksa mata ngatasin takut sakit minta temen nemenin sehat mata penting solusi
Kadang aku merasa orang-orang takut sama aku karena aku punya masalah mental. Ini normal nggak sih?;Sayangnya, stigma terhadap masalah kesehatan mental memang masih ada, dan itu bisa bikin orang salah paham atau takut. Itu bukan karena kamu salah, tapi lebih karena kurangnya pemahaman mereka. Kamu berhak merasa diterima. Mungkin kita bisa cari komunitas atau kelompok dukungan yang bisa bikin kamu merasa lebih nyaman?;GROK;D11_GROK_AHandbookfortheSMH435-445_20.json;takut mental sayang stigma hadap sehat mental salah paham takut bukan salah kurang paham terima kelompok dukung nyaman;1;1.0;terapi - psikolog - takut - obat - dokter - mental - sehat - khawatir - tahu - ganggu;1_psikolog_terapi_dokter_takut;takut mental sayang stigma hadap sehat mental salah paham takut bukan salah kurang paham terima kelompok dukung nyaman
Emilia, aku merasa sistem layanan mental cuma peduli sama duit. Bener nggak sih?;Aku mengerti kekhawatiranmu. Memang ada sistem, seperti managed care, yang fokus ke penghematan biaya, dan itu kadang bikin layanan terasa kurang personal. Tapi, ada juga penyedia layanan yang benar-benar peduli. Mungkin kita bisa cari organisasi nirlaba atau program komunitas yang lebih fokus ke kebutuhanmu?;GROK;D11_GROK_AHandbookfortheSMH435-445_20.json;mental peduli duit erti khawatir managed care hemat biaya kurang personal sedia peduli organisasi nirlaba program butuh;1;1.0;terapi - psikolog - takut - obat - dokter - mental - sehat - khawatir - tahu - ganggu;1_psikolog_terapi_dokter_takut;mental peduli duit erti khawatir managed care hemat biaya kurang personal sedia peduli organisasi nirlaba program butuh
Aku takut kalau ke dokter nanti malah dikurung. Itu beneran bisa terjadi nggak?;Aku paham ketakutan itu. Sekarang, ‘dikurung’ atau dirawat di rumah sakit jiwa tanpa persetujuan jarang banget terjadi, kecuali ada situasi darurat yang serius. Dokter biasanya lebih fokus ke terapi atau dukungan komunitas. Kalau kamu khawatir, coba tanya dokter soal rencana perawatan sebelum mulai. Mau aku bantu siapin pertanyaan?;GROK;D11_GROK_AHandbookfortheSMH435-445_20.json;takut dokter malah kurung beneran paham takut kurung rawat sakit jiwa tuju jarang situasi darurat serius dokter terapi dukung khawatir dokter rencana awat siapin;1;1.0;terapi - psikolog - takut - obat - dokter - mental - sehat - khawatir - tahu - ganggu;1_psikolog_terapi_dokter_takut;takut dokter malah kurung beneran paham takut kurung rawat sakit jiwa tuju jarang situasi darurat serius dokter terapi dukung khawatir dokter rencana awat siapin
Aku denger orang kaya lebih gampang dapat bantuan mental health. Bener nggak?;Ada penelitian yang nunjukin orang dengan penghasilan lebih tinggi kadang lebih gampang akses layanan kesehatan mental karena mereka punya asuransi atau duit buat bayar. Tapi bukan berarti kamu nggak bisa dapat bantuan. Banyak klinik komunitas atau program pemerintah yang nyediain layanan gratis atau murah.;GROK;D11_GROK_AHandbookfortheSMH446-456_20.json;denger kaya gampang mental health nunjukin hasil tinggi gampang akses sehat mental asuransi duit bayar bukan arti klinik program perintah nyediain gratis murah;1;1.0;terapi - psikolog - takut - obat - dokter - mental - sehat - khawatir - tahu - ganggu;1_psikolog_terapi_dokter_takut;denger kaya gampang mental health nunjukin hasil tinggi gampang akses sehat mental asuransi duit bayar bukan arti klinik program perintah nyediain gratis murah
Aku ngerasa nggak ada gunanya ke terapis, toh cuma ngomong doang. Emang bermanfaat?;Aku ngerti kalau kamu ngerasa gitu, banyak yang mikir terapi cuma ngomong. Tapi ngomong sama terapis itu beda, mereka bantu kamu lihat pola pikir atau emosi yang mungkin nggak kamu sadari. Banyak orang bilang mereka jadi lebih paham diri mereka sendiri setelah terapi. Mau coba cari tahu lebih lanjut?;GROK;D11_GROK_AHandbookfortheSMH446-456_20.json;ngerasa terap ngomong doang emang manfaat ngerasa mikir terapi ngomong ngomong terap pola emosi paham diri sendiri terapi tahu lanjut;1;1.0;terapi - psikolog - takut - obat - dokter - mental - sehat - khawatir - tahu - ganggu;1_psikolog_terapi_dokter_takut;ngerasa terap ngomong doang emang manfaat ngerasa mikir terapi ngomong ngomong terap pola emosi paham diri sendiri terapi tahu lanjut
Aku pengen ke dokter, tapi nggak punya asuransi. Apa ada cara lain?;Aku ngerti, biaya bisa jadi kendala besar. Tapi ada beberapa pilihan, lho. Banyak puskesmas atau klinik komunitas yang nawarin layanan kesehatan mental dengan biaya rendah atau gratis. Ada juga organisasi nirlaba yang bisa bantu. Kalau kamu kasih tahu daerahmu, aku bisa bantu cari info.;GROK;D11_GROK_AHandbookfortheSMH446-456_20.json;dokter asuransi biaya kendala beberapa pilih puskesmas klinik nawarin sehat mental biaya rendah gratis organisasi nirlaba tahu daerah info;1;1.0;terapi - psikolog - takut - obat - dokter - mental - sehat - khawatir - tahu - ganggu;1_psikolog_terapi_dokter_takut;dokter asuransi biaya kendala beberapa pilih puskesmas klinik nawarin sehat mental biaya rendah gratis organisasi nirlaba tahu daerah info
Teman-temanku bilang aku harus ke dokter jiwa, tapi aku takut dikira gila. Gimana dong?;Waduh, label 'gila' itu bikin takut ya, apalagi kalau cuma dari stigma. Ke dokter jiwa atau psikolog nggak berarti kamu 'gila', kok. Mereka cuma bantu kamu ngerti apa yang lagi kamu alami, kayak temen yang paham soal kesehatan mental. Kalau temenmu nyaranin gitu, mungkin mereka khawatir sama kamu. Apa kamu merasa ada yang nggak beres sama perasaanmu akhir-akhir ini? Cerita ke aku dulu, yuk.;GROK;D11_GROK_AHandbookfortheSMH457-467_20.json;teman teman dokter jiwa takut gila waduh label gila takut stigma dokter jiwa psikolog arti gila alami temen paham sehat mental temenmu nyaranin khawatir beres akhir akhir;1;1.0;terapi - psikolog - takut - obat - dokter - mental - sehat - khawatir - tahu - ganggu;1_psikolog_terapi_dokter_takut;teman teman dokter jiwa takut gila waduh label gila takut stigma dokter jiwa psikolog arti gila alami temen paham sehat mental temenmu nyaranin khawatir beres akhir akhir
Aku denger managed care bisa bantu biaya kesehatan mental. Itu apa sih sebenarnya?;Managed care itu kayak sistem asuransi kesehatan yang ngatur biaya dan layanan supaya lebih terjangkau, termasuk buat kesehatan mental. Tapi, kadang layanannya terbatas, misalnya cuma beberapa sesi konseling. Kalau kamu penasaran, coba cek asuransi yang kamu punya atau tanya ke penyedia layanan kesehatan. Apa kamu lagi mikirin biaya buat konseling? Aku bantu cari info kalau perlu.;GROK;D11_GROK_AHandbookfortheSMH457-467_20.json;denger managed care biaya sehat mental managed care asuransi sehat ngatur biaya jangkau masuk sehat mental batas beberapa sesi konseling penasaran asuransi sedia sehat mikirin biaya konseling info perlu;1;1.0;terapi - psikolog - takut - obat - dokter - mental - sehat - khawatir - tahu - ganggu;1_psikolog_terapi_dokter_takut;denger managed care biaya sehat mental managed care asuransi sehat ngatur biaya jangkau masuk sehat mental batas beberapa sesi konseling penasaran asuransi sedia sehat mikirin biaya konseling info perlu
Aku nggak punya asuransi, jadi nggak mungkin ke dokter jiwa. Apa yang bisa aku lakuin?;Aku tahu, tanpa asuransi rasanya berat banget. Tapi, ada beberapa opsi, lho. Kamu bisa coba cari klinik komunitas atau layanan kesehatan mental gratis di daerahmu. Ada juga hotline atau komunitas dukungan yang bisa didatengin. Kalau mau, aku bantu cari info layanan di sekitarmu. Apa yang lagi bikin kamu butuh bantuan? Cerita dulu ke aku.;GROK;D11_GROK_AHandbookfortheSMH457-467_20.json;asuransi dokter jiwa lakuin tahu asuransi berat beberapa opsi klinik sehat mental gratis daerah hotline dukung didatengin info butuh;1;1.0;terapi - psikolog - takut - obat - dokter - mental - sehat - khawatir - tahu - ganggu;1_psikolog_terapi_dokter_takut;asuransi dokter jiwa lakuin tahu asuransi berat beberapa opsi klinik sehat mental gratis daerah hotline dukung didatengin info butuh
Aku orang Asia, tapi merasa layanan kesehatan mental di sini nggak ngerti kebutuhanku. Apa yang bisa aku lakukan?;Frustrasi banget ya rasanya nggak dimengerti. Coba cari layanan yang punya pendekatan sensitif budaya, mungkin yang punya staf bilingual atau paham nilai-nilai budayamu. Kalau susah nemu, komunitas lokal atau kelompok dukungan online bisa jadi tempat berbagi. Aku bisa bantu cari info kalau kamu mau!;GROK;D11_GROK_AHandbookfortheSMH468-478_20.json;asia sehat mental butuh laku frustrasi erti dekat sensitif staf bilingual paham nilai nilai susah nemu lokal kelompok dukung tempat info;1;1.0;terapi - psikolog - takut - obat - dokter - mental - sehat - khawatir - tahu - ganggu;1_psikolog_terapi_dokter_takut;asia sehat mental butuh laku frustrasi erti dekat sensitif staf bilingual paham nilai nilai susah nemu lokal kelompok dukung tempat info
Kadang aku takut ke dokter karena stigma soal kesehatan mental. Normal nggak sih ini?;Wajar banget, kok, takut sama stigma itu. Banyak orang ngerasain hal yang sama, apalagi di lingkungan yang masih tabu ngomongin kesehatan mental. Coba pelan-pelan, mungkin mulai dengan baca-baca dulu soal layanan yang rahasia dan nggak menghakimi. Kalau mau cerita lebih, aku siap dengerin.;GROK;D11_GROK_AHandbookfortheSMH468-478_20.json;takut dokter stigma sehat mental takut stigma tabu ngomongin sehat mental pelan pelan baca baca rahasia hakim siap dengerin;1;1.0;terapi - psikolog - takut - obat - dokter - mental - sehat - khawatir - tahu - ganggu;1_psikolog_terapi_dokter_takut;takut dokter stigma sehat mental takut stigma tabu ngomongin sehat mental pelan pelan baca baca rahasia hakim siap dengerin
Aku pengen coba terapi, tapi takut nggak cocok sama budayaku. Apa yang harus aku tanyain ke terapis?;Bagus banget kamu pikirin kecocokan budaya! Coba tanya ke terapis apa mereka pernah kerja sama klien dari latar budaya serupa, atau apa mereka paham nilai-nilai penting buatmu. Jangan ragu bilang kalau budaya penting buatmu, biar mereka sesuain pendekatannya.;GROK;D11_GROK_AHandbookfortheSMH468-478_20.json;terapi takut cocok tanyain terap bagus pikirin cocok terap kerja klien latar rupa paham nilai nilai penting jangan ragu penting sesuain dekat;1;1.0;terapi - psikolog - takut - obat - dokter - mental - sehat - khawatir - tahu - ganggu;1_psikolog_terapi_dokter_takut;terapi takut cocok tanyain terap bagus pikirin cocok terap kerja klien latar rupa paham nilai nilai penting jangan ragu penting sesuain dekat
Aku nggak yakin budayaku dianggap penting di terapi. Gimana caranya biar budayaku dihargai?;Budayamu penting banget, dan harusnya dihargai di terapi. Coba bilang ke terapis soal nilai-nilai budayamu yang pengen diperhatiin. Kalau mereka nggak responsif, mungkin cari terapis lain yang lebih sensitif budaya. Aku bisa bantu kasih tips buat ngomongin ini.;GROK;D11_GROK_AHandbookfortheSMH468-478_20.json;yakin anggap penting terapi harga penting harga terapi terap nilai nilai diperhatiin responsif terap sensitif tips ngomongin;1;1.0;terapi - psikolog - takut - obat - dokter - mental - sehat - khawatir - tahu - ganggu;1_psikolog_terapi_dokter_takut;yakin anggap penting terapi harga penting harga terapi terap nilai nilai diperhatiin responsif terap sensitif tips ngomongin
Aku merasa layanan kesehatan mental nggak adil buat orang dari kelompok minoritas. Bener nggak sih?;Kamu nggak salah merasa begitu. Banyak data yang nunjukin kalau kelompok minoritas sering dapat layanan yang kurang setara, entah karena bias atau kurangnya akses ke sumber daya. Ada pandangan bahwa layanan kesehatan mental harusnya lebih memperhatikan keadilan, seperti memastikan distribusi sumber daya yang merata. Kalau kamu merasa nggak didengar, mungkin kita bisa cari komunitas atau profesional yang lebih peka terhadap latar belakangmu. Apa kamu mau ceritain lebih detail pengalamanmu?;GROK;D11_GROK_AHandbookfortheSMH479-489_20.json;sehat mental adil kelompok minoritas salah data nunjukin kelompok minoritas kurang tara entah bias kurang akses sumber daya pandang sehat mental perhati adil distribusi sumber daya rata dengar profesional peka hadap latar belakang detail alam;1;1.0;terapi - psikolog - takut - obat - dokter - mental - sehat - khawatir - tahu - ganggu;1_psikolog_terapi_dokter_takut;sehat mental adil kelompok minoritas salah data nunjukin kelompok minoritas kurang tara entah bias kurang akses sumber daya pandang sehat mental perhati adil distribusi sumber daya rata dengar profesional peka hadap latar belakang detail alam
Aku pengen berhenti minum obat karena rasanya nggak bantu. Apa itu salah?;Nggak ada yang salah dengan merasa obat nggak cocok buatmu, tapi ini keputusan besar yang perlu dipikirkan matang-matang. Obat memang bagian dari pendekatan klinis, tapi nggak selalu cocok untuk semua orang. Kalau kamu mau berhenti, sebaiknya diskusi dulu sama dokter atau terapis yang kamu percaya biar ada rencana yang aman. Aku di sini buat dengerin kalau kamu mau ceritain lebih lanjut, ya.;GROK;D11_GROK_AHandbookfortheSMH479-489_20.json;henti obat salah salah obat cocok putus perlu matang matang obat dekat klinis cocok henti diskusi dokter terap percaya rencana dengerin lanjut;1;1.0;terapi - psikolog - takut - obat - dokter - mental - sehat - khawatir - tahu - ganggu;1_psikolog_terapi_dokter_takut;henti obat salah salah obat cocok putus perlu matang matang obat dekat klinis cocok henti diskusi dokter terap percaya rencana dengerin lanjut
Aku merasa sistem kesehatan mental di sini kok gitu ya, kayak orang dengan masalah mental cuma dianggap kriminal. Apa bener gitu?;Aku ngerti perasaanmu, sistem kesehatan mental memang sering bikin frustrasi. Berdasarkan apa yang aku tahu, ada pandangan keliru bahwa orang dengan gangguan mental itu berbahaya dan cenderung melakukan kejahatan. Padahal, data menunjukkan kebanyakan orang dengan gangguan mental tidak melakukan tindakan kekerasan. Hanya sebagian kecil yang terlibat dalam tindakan kriminal, dan itu sering dipengaruhi oleh kondisi sosial seperti kemiskinan atau kurangnya dukungan. Sistem yang ada kadang gagal memberikan perawatan yang tepat, sehingga orang-orang ini malah berakhir di penjara, bukan di fasilitas kesehatan. Apa kamu merasa sistem ini juga bikin kamu sulit dapat bantuan?;GROK;D11_GROK_AHandbookfortheSMH490-500_20.json;sehat mental mental anggap kriminal sehat mental frustrasi tahu pandang keliru ganggu mental bahaya cenderung laku jahat padahal data tunjuk ganggu mental laku tindak kecil libat tindak kriminal pengaruh kondisi sosial miskin kurang dukung gagal beri awat tepat malah akhir penjara bukan fasilitas sehat sulit;1;1.0;terapi - psikolog - takut - obat - dokter - mental - sehat - khawatir - tahu - ganggu;1_psikolog_terapi_dokter_takut;sehat mental mental anggap kriminal sehat mental frustrasi tahu pandang keliru ganggu mental bahaya cenderung laku jahat padahal data tunjuk ganggu mental laku tindak kecil libat tindak kriminal pengaruh kondisi sosial miskin kurang dukung gagal beri awat tepat malah akhir penjara bukan fasilitas sehat sulit
Aku takut banget kalau aku ke dokter nanti malah dipaksa minum obat yang aku nggak mau. Gimana sih caranya biar aku tetap punya kendali atas pengobatanku?;Kekhawatiranmu itu wajar banget. Dalam dunia kesehatan mental, ada gerakan yang mendorong hak untuk menentukan sendiri pengobatanmu, seperti yang dulu diperjuangkan dalam undang-undang kesehatan mental. Kalau kamu nggak mau dipaksa, coba cari dokter atau terapis yang mendukung pendekatan berbasis pemulihan, yang menghormati pilihanmu. Kamu juga bisa bawa temen atau keluarga untuk dukungan saat ke dokter, biar mereka bantu menyuarakan keinginanmu. Kalau kamu merasa nggak didengar, jangan ragu cari pendapat kedua. Apa yang bikin kamu takut sama obat-obatan itu?;GROK;D11_GROK_AHandbookfortheSMH490-500_20.json;takut dokter malah paksa obat tetap kendali obat khawatir sehat mental gera dorong sendiri obat juang undang undang sehat mental paksa dokter terap dukung dekat pulih hormat pilih bawa temen keluarga dukung dokter dengar jangan ragu takut obat obat;1;1.0;terapi - psikolog - takut - obat - dokter - mental - sehat - khawatir - tahu - ganggu;1_psikolog_terapi_dokter_takut;takut dokter malah paksa obat tetap kendali obat khawatir sehat mental gera dorong sendiri obat juang undang undang sehat mental paksa dokter terap dukung dekat pulih hormat pilih bawa temen keluarga dukung dokter dengar jangan ragu takut obat obat
Aku merasa nggak punya hak buat ngomong soal pengobatanku. Kayaknya dokter selalu yang menang. Apa aku cuma kebanyakan mikir?;Kamu nggak kebanyakan mikir, perasaan itu nyata. Dulu, banyak orang merasa suaranya nggak didengar dalam sistem kesehatan mental, makanya ada gerakan konsumen yang memperjuangkan hak buat dilibatkan dalam keputusan pengobatan. Sekarang, ada aturan di beberapa tempat yang mewajibkan dokter melibatkan pasien dalam perencanaan perawatan. Kalau kamu merasa nggak didengar, coba tanya dokter kenapa mereka pilih pengobatan tertentu, atau minta jelasin pilihannya. Kamu juga berhak minta pendapat lain. Apa yang biasanya bikin kamu merasa nggak bisa ngomong sama dokter?;GROK;D11_GROK_AHandbookfortheSMH490-500_20.json;ngomong obat dokter menang mikir mikir nyata dengar sehat mental makanya gera konsumen juang libat putus obat atur beberapa tempat wajib dokter libat pasien rencana awat dengar dokter pilih obat minta jelasin pilih minta ngomong dokter;1;1.0;terapi - psikolog - takut - obat - dokter - mental - sehat - khawatir - tahu - ganggu;1_psikolog_terapi_dokter_takut;ngomong obat dokter menang mikir mikir nyata dengar sehat mental makanya gera konsumen juang libat putus obat atur beberapa tempat wajib dokter libat pasien rencana awat dengar dokter pilih obat minta jelasin pilih minta ngomong dokter
Aku pengen berhenti minum obat karena bikin aku lelet, tapi takut dokternya marah. Apa aku harus nurut aja?;Kamu berhak nanya-nanya soal obatmu, dan dokter seharusnya nggak marah kalau kamu jujur soal efek samping. Dalam gerakan konsumen kesehatan mental, banyak yang memperjuangkan hak untuk memilih pengobatan, termasuk mengurangi atau berhenti minum obat kalau itu nggak cocok. Coba bicarain dulu sama dokter, tanya apa ada alternatif atau cara menurunkan dosis perlahan. Kalau kamu nggak nyaman, cari pendapat kedua. Apa efek samping yang paling bikin kamu terganggu?;GROK;D11_GROK_AHandbookfortheSMH490-500_20.json;henti obat lelet takut dokter marah nurut nanya nanya obat dokter marah jujur efek gera konsumen sehat mental juang pilih obat masuk kurang henti obat cocok bicarain dokter alternatif turun dosis perlahan nyaman efek paling ganggu;1;1.0;terapi - psikolog - takut - obat - dokter - mental - sehat - khawatir - tahu - ganggu;1_psikolog_terapi_dokter_takut;henti obat lelet takut dokter marah nurut nanya nanya obat dokter marah jujur efek gera konsumen sehat mental juang pilih obat masuk kurang henti obat cocok bicarain dokter alternatif turun dosis perlahan nyaman efek paling ganggu
Aku ngerasa dunia ini nggak adil buat orang kayak aku yang punya masalah mental. Emang gitu ya kenyataannya?;Aku ngerti perasaanmu, dan memang sistem kesehatan mental sering kali nggak adil, apalagi buat mereka yang nggak punya akses ke layanan bagus. Data menunjukkan orang dengan gangguan mental sering menghadapi stigma dan diskriminasi, terutama di sistem hukum atau pelayanan publik. Tapi, ada juga gerakan yang memperjuangkan perubahan, seperti mendorong layanan berbasis komunitas yang lebih inklusif. Aku di sini buat dengerin kalau kamu mau ceritain apa yang bikin kamu ngerasa nggak adil.;GROK;D11_GROK_AHandbookfortheSMH490-500_20.json;ngerasa adil mental emang nyata sehat mental adil akses bagus data tunjuk ganggu mental hadap stigma diskriminasi utama hukum publik gera juang ubah dorong inklusif dengerin ngerasa adil;1;1.0;terapi - psikolog - takut - obat - dokter - mental - sehat - khawatir - tahu - ganggu;1_psikolog_terapi_dokter_takut;ngerasa adil mental emang nyata sehat mental adil akses bagus data tunjuk ganggu mental hadap stigma diskriminasi utama hukum publik gera juang ubah dorong inklusif dengerin ngerasa adil
Aku denger ada orang yang bilang orang gila itu berbahaya. Aku takut orang mikir gitu tentang aku. Apa bener gitu?;Stigma itu memang menyakitkan, dan sayangnya, banyak orang salah paham soal gangguan mental. Data menunjukkan bahwa kebanyakan orang dengan gangguan mental nggak berbahaya, dan tindakan kekerasan itu jarang banget terjadi, biasanya dipicu oleh faktor lain seperti kemiskinan atau nggak ada dukungan. Kamu nggak sendirian ngerasa takut dihakimi—banyak orang ngalamin ini. Mungkin kamu bisa coba ceritain ke orang terdekat yang kamu percaya, biar mereka ngerti kamu lebih baik. Apa yang bikin kamu takut orang mikir gitu?;GROK;D11_GROK_AHandbookfortheSMH490-500_20.json;denger gila bahaya takut mikir stigma sakit sayang salah paham ganggu mental data tunjuk ganggu mental bahaya tindak jarang picu faktor miskin dukung sendiri ngerasa takut hakim ngalamin dekat percaya takut mikir;1;1.0;terapi - psikolog - takut - obat - dokter - mental - sehat - khawatir - tahu - ganggu;1_psikolog_terapi_dokter_takut;denger gila bahaya takut mikir stigma sakit sayang salah paham ganggu mental data tunjuk ganggu mental bahaya tindak jarang picu faktor miskin dukung sendiri ngerasa takut hakim ngalamin dekat percaya takut mikir
Kadang aku dengar orang bilang orang dengan gangguan mental itu berbahaya. Bener nggak sih?;Itu stereotip yang nggak sepenuhnya benar. Banyak penelitian menunjukkan bahwa kebanyakan orang dengan gangguan mental nggak lebih berbahaya dibandingkan orang lain. Justru, mereka sering jadi korban stigma atau situasi sulit, seperti kurangnya dukungan sosial. Yang bikin seseorang berisiko berperilaku berbahaya biasanya faktor lain, seperti penyalahgunaan zat atau lingkungan yang nggak stabil, bukan gangguan mentalnya sendiri.;GROK;D11_GROK_AHandbookfortheSMH501-511_20.json;dengar ganggu mental bahaya stereotip sepenuh tunjuk ganggu mental bahaya banding justru korban stigma situasi sulit kurang dukung sosial risiko perilaku bahaya faktor penyalahgunaan stabil bukan ganggu mental sendiri;1;1.0;terapi - psikolog - takut - obat - dokter - mental - sehat - khawatir - tahu - ganggu;1_psikolog_terapi_dokter_takut;dengar ganggu mental bahaya stereotip sepenuh tunjuk ganggu mental bahaya banding justru korban stigma situasi sulit kurang dukung sosial risiko perilaku bahaya faktor penyalahgunaan stabil bukan ganggu mental sendiri
Aku dengar orang dengan masalah mental sering ditangkap polisi. Kok bisa gitu?;Itu kadang terjadi karena sistem yang kurang mendukung. Setelah banyak rumah sakit jiwa ditutup, beberapa orang dengan gangguan mental nggak dapat perawatan yang cukup dan akhirnya berhadapan dengan polisi, terutama untuk pelanggaran kecil seperti mengganggu ketertiban. Ini bukan karena mereka 'jahat', tapi lebih karena kurangnya akses ke layanan kesehatan mental. Masyarakat juga kadang cepat takut dan melapor ke polisi.;GROK;D11_GROK_AHandbookfortheSMH501-511_20.json;dengar mental tangkap polisi kurang dukung sakit jiwa tutup beberapa ganggu mental awat cukup akhir hadap polisi utama langgar kecil ganggu tertib bukan jahat kurang akses sehat mental masyarakat cepat takut lapor polisi;1;1.0;terapi - psikolog - takut - obat - dokter - mental - sehat - khawatir - tahu - ganggu;1_psikolog_terapi_dokter_takut;dengar mental tangkap polisi kurang dukung sakit jiwa tutup beberapa ganggu mental awat cukup akhir hadap polisi utama langgar kecil ganggu tertib bukan jahat kurang akses sehat mental masyarakat cepat takut lapor polisi
Aku merasa nggak ada yang peduli kalau aku sedang nggak baik-baik saja. Apa yang bisa aku lakukan?;Aku tahu rasanya ketika merasa sendirian. Coba cari satu orang yang kamu rasa bisa dipercaya, meski cuma untuk ngobrol hal ringan dulu. Kadang, membuka diri sedikit bisa bikin perubahan besar. Kalau nggak ada orang di sekitar, komunitas daring atau hotline kesehatan mental bisa jadi tempat yang aman untuk memulai. Kamu berharga, dan aku di sini untuk mendengar kapan saja.;GROK;D11_GROK_AHandbookfortheSMH501-511_20.json;peduli sedang laku tahu sendiri percaya ringan diri ubah daring hotline sehat mental tempat harga dengar kapan;1;1.0;terapi - psikolog - takut - obat - dokter - mental - sehat - khawatir - tahu - ganggu;1_psikolog_terapi_dokter_takut;peduli sedang laku tahu sendiri percaya ringan diri ubah daring hotline sehat mental tempat harga dengar kapan
Aku dengar orang gila itu suka ngamuk dan nyakitin orang. Aku takut jadi kayak gitu.;Kata 'gila' itu sebenarnya label yang nggak adil dan bikin stigma. Orang dengan gangguan mental nggak otomatis jadi agresif. Data menunjukkan bahwa kekerasan dari orang dengan gangguan mental itu jarang, dan biasanya terkait dengan faktor lain seperti penyalahgunaan zat atau nggak dapat perawatan. Kalau kamu khawatir soal emosi, coba ceritain ke aku atau profesional biar kita cari cara mengelolanya bersama.;GROK;D11_GROK_AHandbookfortheSMH501-511_20.json;dengar gila ngamuk nyakitin takut kata gila label adil stigma ganggu mental otomatis agresif data tunjuk ganggu mental jarang kait faktor penyalahgunaan awat khawatir emosi profesional kelola;1;1.0;terapi - psikolog - takut - obat - dokter - mental - sehat - khawatir - tahu - ganggu;1_psikolog_terapi_dokter_takut;dengar gila ngamuk nyakitin takut kata gila label adil stigma ganggu mental otomatis agresif data tunjuk ganggu mental jarang kait faktor penyalahgunaan awat khawatir emosi profesional kelola
Aku takut kalau aku ke dokter, mereka bilang aku gila dan kunci aku. Apa bener gitu?;Aku paham ketakutanmu, tapi dokter atau psikolog nggak akan ngelakuin itu. Mereka ada untuk bantu, bukan untuk nyakitin atau ngurung kamu. Sekarang, perawatan kesehatan mental lebih fokus ke terapi dan dukungan di komunitas, bukan rumah sakit jiwa. Coba datang dengan pikiran terbuka dan tanyain semua kekhawatiranmu ke mereka. Aku dukung kamu untuk coba langkah ini.;GROK;D11_GROK_AHandbookfortheSMH501-511_20.json;takut dokter gila kunci paham takut dokter psikolog ngelakuin bukan nyakitin ngurung awat sehat mental terapi dukung bukan sakit jiwa datang tanyain khawatir dukung;1;1.0;terapi - psikolog - takut - obat - dokter - mental - sehat - khawatir - tahu - ganggu;1_psikolog_terapi_dokter_takut;takut dokter gila kunci paham takut dokter psikolog ngelakuin bukan nyakitin ngurung awat sehat mental terapi dukung bukan sakit jiwa datang tanyain khawatir dukung
Emilia, aku merasa takut kalau orang-orang di sekitarku menganggap aku berbahaya karena aku punya gangguan mental. Apa yang bisa aku lakukan?;Aku paham ketakutanmu itu. Banyak orang salah paham soal gangguan mental karena kurang informasi. Coba ceritain ke orang-orang terdekat yang kamu percaya tentang apa yang kamu alami, dengan cara yang nyaman buatmu. Kalau perlu, ajak mereka baca informasi terpercaya tentang kesehatan mental. Kalau ada yang tetap nggak ngerti, mungkin fokus ke orang-orang yang mendukungmu aja dulu. Kamu nggak sendirian, ya.;GROK;D11_GROK_AHandbookfortheSMH512-522_20.json;takut anggap bahaya ganggu mental laku paham takut salah paham ganggu mental kurang dekat percaya alami nyaman perlu baca percaya sehat mental tetap dukung sendiri;1;1.0;terapi - psikolog - takut - obat - dokter - mental - sehat - khawatir - tahu - ganggu;1_psikolog_terapi_dokter_takut;takut anggap bahaya ganggu mental laku paham takut salah paham ganggu mental kurang dekat percaya alami nyaman perlu baca percaya sehat mental tetap dukung sendiri
Aku pernah dengar orang bilang orang dengan gangguan mental sering melakukan kejahatan. Bener nggak sih?;Itu mitos yang sering bikin stigma, lho. Sebenarnya, sebagian besar orang dengan gangguan mental nggak lebih berbahaya dibandingkan orang lain. Hanya sebagian kecil kasus, misalnya kalau ada gejala psikotik yang nggak terdeteksi atau nggak diobati, yang bisa terkait dengan perilaku berisiko. Tapi ini nggak berarti gangguan mental otomatis bikin seseorang jadi kriminal. Banyak faktor lain, seperti lingkungan atau kurangnya dukungan, yang lebih berperan.;GROK;D11_GROK_AHandbookfortheSMH512-522_20.json;dengar ganggu mental laku jahat mitos stigma ganggu mental bahaya banding kecil kasus gejala psikotik deteksi obat kait perilaku risiko arti ganggu mental otomatis kriminal faktor kurang dukung peran;1;1.0;terapi - psikolog - takut - obat - dokter - mental - sehat - khawatir - tahu - ganggu;1_psikolog_terapi_dokter_takut;dengar ganggu mental laku jahat mitos stigma ganggu mental bahaya banding kecil kasus gejala psikotik deteksi obat kait perilaku risiko arti ganggu mental otomatis kriminal faktor kurang dukung peran
Kalau aku ditangkap polisi karena gangguan mentalku, apa aku bakal dipenjara selamanya?;Aku paham kekhawatiranmu. Kalau seseorang ditangkap karena perilaku terkait gangguan mental, biasanya ada proses evaluasi untuk lihat apakah mereka perlu perawatan, bukan cuma penjara. Banyak sistem sekarang punya program pengalihan, seperti ke fasilitas kesehatan mental, bukan langsung penjara. Tapi, kalau ini bikin kamu cemas, coba bicara sama konselor soal langkah pencegahan biar kamu tetap aman.;GROK;D11_GROK_AHandbookfortheSMH512-522_20.json;tangkap polisi ganggu mental penjara lama paham khawatir tangkap perilaku kait ganggu mental proses evaluasi perlu awat bukan penjara program fasilitas sehat mental bukan langsung penjara cemas bicara konselor cegah tetap;1;1.0;terapi - psikolog - takut - obat - dokter - mental - sehat - khawatir - tahu - ganggu;1_psikolog_terapi_dokter_takut;tangkap polisi ganggu mental penjara lama paham khawatir tangkap perilaku kait ganggu mental proses evaluasi perlu awat bukan penjara program fasilitas sehat mental bukan langsung penjara cemas bicara konselor cegah tetap
Emilia, kenapa orang dengan gangguan mental sering nggak dapat bantuan yang cukup di masyarakat?;Itu pertanyaan yang penting. Banyak komunitas masih kekurangan layanan kesehatan mental, apalagi untuk orang-orang yang punya masalah tambahan, seperti kemiskinan atau riwayat kriminal. Sistemnya kadang nggak cukup mendukung, dan stigma juga bikin orang takut cari bantuan. Tapi ada program, seperti pengadilan kesehatan mental, yang coba bantu lebih baik. Kalau kamu merasa kesulitan, kita bisa cari tahu bareng soal layanan di dekatmu.;GROK;D11_GROK_AHandbookfortheSMH512-522_20.json;ganggu mental cukup masyarakat penting kurang sehat mental tambah miskin riwayat kriminal cukup dukung stigma takut program adil sehat mental sulit tahu bareng dekat;1;1.0;terapi - psikolog - takut - obat - dokter - mental - sehat - khawatir - tahu - ganggu;1_psikolog_terapi_dokter_takut;ganggu mental cukup masyarakat penting kurang sehat mental tambah miskin riwayat kriminal cukup dukung stigma takut program adil sehat mental sulit tahu bareng dekat
Emilia, kenapa orang-orang takut sama aku cuma karena aku punya gangguan mental?;Itu biasanya karena mereka kurang paham soal gangguan mental. Banyak orang takut sama apa yang nggak mereka kenal. Kalau kamu nyaman, coba edukasi mereka pelan-pelan, misalnya ceritain pengalamanmu dengan cara yang sederhana. Tapi kalau mereka nggak mau denger, fokus aja ke orang-orang yang mendukungmu. Kamu nggak perlu buktikan apa-apa ke semua orang.;GROK;D11_GROK_AHandbookfortheSMH512-522_20.json;takut ganggu mental kurang paham ganggu mental takut kenal nyaman edukasi pelan pelan alam sederhana denger dukung perlu bukti;1;1.0;terapi - psikolog - takut - obat - dokter - mental - sehat - khawatir - tahu - ganggu;1_psikolog_terapi_dokter_takut;takut ganggu mental kurang paham ganggu mental takut kenal nyaman edukasi pelan pelan alam sederhana denger dukung perlu bukti
Aku takut kalau ke dokter jiwa nanti malah dikira gila, apa bener gitu?;Aku ngerti ketakutanmu, stigma itu memang bikin ragu. Tapi dokter jiwa atau konselor itu ada buat bantu, bukan buat nge-judge. Mereka lihat masalahmu sebagai sesuatu yang bisa ditangani, bukan label. Kalau kamu khawatir, mungkin kita bisa mulai dengan cari tahu dulu apa yang mereka lakukan, biar kamu lebih tenang?;GROK;D11_GROK_AHandbookfortheSMH523-533_20.json;takut dokter jiwa malah gila takut stigma ragu dokter jiwa konselor bukan judge tangan bukan label khawatir tahu laku tenang;1;1.0;terapi - psikolog - takut - obat - dokter - mental - sehat - khawatir - tahu - ganggu;1_psikolog_terapi_dokter_takut;takut dokter jiwa malah gila takut stigma ragu dokter jiwa konselor bukan judge tangan bukan label khawatir tahu laku tenang
Emilia, aku kadang mikir buat nggak usah ke dokter jiwa lagi. Apa salah kalau aku berhenti?;Aku paham kalau kamu merasa lelah atau ragu sama perawatan. Tapi, berhenti tiba-tiba bisa berisiko, apalagi kalau kamu lagi dalam perawatan tertentu. Mungkin ada baiknya ngobrol dulu sama dokter atau terapis buat bahas apa yang bikin kamu ragu. Kalau mau, ceritain ke aku apa yang bikin kamu pengen berhenti, aku dengerin kok.;GROK;D11_GROK_AHandbookfortheSMH534-544_20.json;mikir usah dokter jiwa salah henti paham lelah ragu awat henti risiko awat dokter terap bahas ragu henti dengerin;1;1.0;terapi - psikolog - takut - obat - dokter - mental - sehat - khawatir - tahu - ganggu;1_psikolog_terapi_dokter_takut;mikir usah dokter jiwa salah henti paham lelah ragu awat henti risiko awat dokter terap bahas ragu henti dengerin
Aku ngerasa sistem kesehatan mental cuma peduli sama duit, bukan aku. Ini bener nggak sih?;Aku ngerti kenapa kamu bisa ngerasa gitu, apalagi kalau sistemnya terasa kaku atau fokus ke biaya. Memang kadang sistem lebih prioritasin efisiensi, dan itu bisa bikin pasien merasa kurang diperhatiin. Tapi, ada juga penyedia layanan yang bener-bener peduli sama kamu. Mungkin kamu bisa coba cari dokter atau konselor yang lebih personal, atau tanya soal layanan gratis di komunitas. Apa pengalamanmu yang bikin kamu merasa gitu?;GROK;D11_GROK_AHandbookfortheSMH545-555_20.json;ngerasa sehat mental peduli duit bukan ngerasa kaku biaya prioritasin efisiensi pasien kurang diperhatiin sedia peduli dokter konselor personal gratis alam;1;1.0;terapi - psikolog - takut - obat - dokter - mental - sehat - khawatir - tahu - ganggu;1_psikolog_terapi_dokter_takut;ngerasa sehat mental peduli duit bukan ngerasa kaku biaya prioritasin efisiensi pasien kurang diperhatiin sedia peduli dokter konselor personal gratis alam
Aku takut ngomong ke pasanganku soal status HIV-ku. Gimana caranya biar nggak dihakimi?;Bicara soal status HIV ke pasangan memang nggak mudah, dan wajar kalau kamu takut. Coba pilih waktu yang tenang dan tempat yang nyaman untuk ngobrol. Jujur aja tentang perasaanmu, dan kasih tahu fakta soal HIV, misalnya kalau kamu sedang dalam pengobatan yang bikin virus nggak menular. Kalau khawatir reaksinya, mungkin kamu bisa ajak konselor untuk bantu mediasi. Apa kamu merasa siap untuk mulai merencanakan percakapan ini?;GROK;D11_GROK_AHandbookfortheSMH578-588_20.json;takut ngomong pasang status hakim bicara status pasang mudah takut pilih tenang tempat nyaman jujur tahu fakta sedang obat virus tular khawatir reaksi konselor mediasi siap rencana cakap;1;1.0;terapi - psikolog - takut - obat - dokter - mental - sehat - khawatir - tahu - ganggu;1_psikolog_terapi_dokter_takut;takut ngomong pasang status hakim bicara status pasang mudah takut pilih tenang tempat nyaman jujur tahu fakta sedang obat virus tular khawatir reaksi konselor mediasi siap rencana cakap
Aku dengar orang bilang kalau aku punya penyakit mental, stigma HIV-ku bakal lebih ringan. Bener nggak sih?;Aku paham kamu mungkin dengar berbagai pendapat soal stigma. Tapi dari penelitian, menambahkan kondisi seperti penyakit mental nggak selalu bikin stigma HIV jadi lebih ringan. Malah, kadang bisa bikin situasi lebih rumit karena orang menghadapi dua stigma sekaligus. Yang penting, kamu nggak perlu merasa harus ‘membuktikan’ apa-apa. Fokus aja pada kesehatanmu dan cari dukungan dari orang-orang yang peduli. Apa kamu merasa stigma ini lagi mengganggu banget?;GROK;D11_GROK_AHandbookfortheSMH578-588_20.json;dengar sakit mental stigma ringan paham dengar stigma tambah kondisi sakit mental stigma ringan malah situasi rumit hadap stigma sekaligus penting perlu bukti sehat dukung peduli stigma ganggu;1;1.0;terapi - psikolog - takut - obat - dokter - mental - sehat - khawatir - tahu - ganggu;1_psikolog_terapi_dokter_takut;dengar sakit mental stigma ringan paham dengar stigma tambah kondisi sakit mental stigma ringan malah situasi rumit hadap stigma sekaligus penting perlu bukti sehat dukung peduli stigma ganggu
Aku pengen ke dokter jiwa, tapi takut dikira gila. Gimana dong?;Keren banget kamu udah mikirin langkah buat ke dokter jiwa, itu tanda kamu peduli sama diri sendiri. Takut dikira gila itu wajar, tapi dokter jiwa justru bantu kita paham dan atasi masalah, bukan buat ngecap. Apa kamu mau coba cari info dulu soal dokter yang oke di daerahmu? Aku bantu.;GROK;D11_GROK_AHandbookfortheSMH589-599_20.json;dokter jiwa takut gila keren udah mikirin dokter jiwa peduli diri sendiri takut gila dokter jiwa justru paham bukan ngecap info dokter daerah;1;1.0;terapi - psikolog - takut - obat - dokter - mental - sehat - khawatir - tahu - ganggu;1_psikolog_terapi_dokter_takut;dokter jiwa takut gila keren udah mikirin dokter jiwa peduli diri sendiri takut gila dokter jiwa justru paham bukan ngecap info dokter daerah
Aku takut orang tahu aku minum obat buat kesehatan mental. Harus bilang nggak?;Kamu nggak wajib ceritain ke siapa pun kalau nggak nyaman. Itu keputusan pribadi. Tapi kalau ada orang yang bikin kamu merasa aman, mungkin cerita ke mereka bisa bantu. Yang penting, kamu patuh minum obat sesuai saran dokter, ya. Aku dukung kamu!;GROK;D11_GROK_AHandbookfortheSMH589-599_20.json;takut tahu obat sehat mental wajib siapa nyaman putus pribadi penting patuh obat sesuai saran dokter dukung;1;1.0;terapi - psikolog - takut - obat - dokter - mental - sehat - khawatir - tahu - ganggu;1_psikolog_terapi_dokter_takut;takut tahu obat sehat mental wajib siapa nyaman putus pribadi penting patuh obat sesuai saran dokter dukung
Kenapa ya orang suka menganggap aku berbahaya hanya karena aku punya gangguan mental?;Itu sering terjadi karena ada stereotip yang salah, seperti anggapan orang dengan gangguan mental selalu berbahaya. Padahal, itu cuma mitos yang dibesar-besarkan. Orang-orang mungkin terpengaruh media atau kurang informasi. Aku tahu ini frustrasi, tapi kamu gak sendirian. Coba ceritain ke aku, apa yang biasanya mereka katakan? Mungkin kita bisa pikirkan cara untuk menghadapinya bareng.;GROK;D11_GROK_AHandbookfortheSMH600-609_20.json;anggap bahaya ganggu mental stereotip salah anggap ganggu mental bahaya padahal mitos pengaruh media kurang tahu frustrasi sendiri kata hadap bareng;1;1.0;terapi - psikolog - takut - obat - dokter - mental - sehat - khawatir - tahu - ganggu;1_psikolog_terapi_dokter_takut;anggap bahaya ganggu mental stereotip salah anggap ganggu mental bahaya padahal mitos pengaruh media kurang tahu frustrasi sendiri kata hadap bareng
Aku malu banget kalau orang tahu aku ke psikiater. Apa aku harus sembunyikan ini selamanya?;Rasa malu itu wajar, tapi kamu gak perlu merasa harus sembunyi. Ke psikiater itu langkah berani untuk jaga kesehatanmu, sama seperti ke dokter untuk sakit fisik. Kalau kamu khawatir dihakimi, coba pilih orang-orang yang kamu percaya untuk cerita, atau mulai dengan komunitas yang mendukung. Gak harus buru-buru terbuka ke semua orang. Apa yang bikin kamu paling takut kalau orang tahu?;GROK;D11_GROK_AHandbookfortheSMH600-609_20.json;malu tahu psikiater sembunyi lama malu perlu sembunyi psikiater berani jaga sehat dokter sakit fisik khawatir hakim pilih percaya dukung buru buru paling takut tahu;1;1.0;terapi - psikolog - takut - obat - dokter - mental - sehat - khawatir - tahu - ganggu;1_psikolog_terapi_dokter_takut;malu tahu psikiater sembunyi lama malu perlu sembunyi psikiater berani jaga sehat dokter sakit fisik khawatir hakim pilih percaya dukung buru buru paling takut tahu
Apa sih stigma itu? Aku sering dengar, tapi bingung maksudnya.;Stigma itu kayak cap negatif yang diberikan masyarakat ke seseorang karena sesuatu yang dianggap 'berbeda', seperti gangguan mental. Misalnya, orang dikira lemah atau berbahaya cuma karena mereka punya masalah kesehatan mental. Ini terjadi karena kurangnya pemahaman dan stereotip. Stigma bisa bikin orang merasa rendah diri atau dikucilkan. Apa kamu pernah ngerasain sesuatu yang bikin kamu merasa 'diberi cap' gitu?;GROK;D11_GROK_AHandbookfortheSMH600-609_20.json;stigma dengar stigma negatif beri masyarakat anggap ganggu mental lemah bahaya sehat mental kurang paham stereotip stigma rendah diri kucil beri;1;1.0;terapi - psikolog - takut - obat - dokter - mental - sehat - khawatir - tahu - ganggu;1_psikolog_terapi_dokter_takut;stigma dengar stigma negatif beri masyarakat anggap ganggu mental lemah bahaya sehat mental kurang paham stereotip stigma rendah diri kucil beri
Kenapa orang suka ngejauhin aku setelah tahu aku punya gangguan mental?;Itu bisa terjadi karena mereka mungkin takut atau gak tahu caranya menghadapi situasimu. Kadang orang menjauh karena stereotip atau karena mereka gak paham apa itu gangguan mental. Aku tahu ini menyakitkan. Coba cari orang-orang yang terbuka dan mau belajar, atau komunitas yang mendukung. Apa yang biasanya mereka lakukan pas menjauh? Aku di sini buat dengerin.;GROK;D11_GROK_AHandbookfortheSMH600-609_20.json;ngejauhin tahu ganggu mental takut tahu hadap situasi jauh stereotip paham ganggu mental tahu sakit dukung laku jauh dengerin;1;1.0;terapi - psikolog - takut - obat - dokter - mental - sehat - khawatir - tahu - ganggu;1_psikolog_terapi_dokter_takut;ngejauhin tahu ganggu mental takut tahu hadap situasi jauh stereotip paham ganggu mental tahu sakit dukung laku jauh dengerin
Aku gak mau ke dokter jiwa, nanti orang bilang aku gila. Apa aku salah kalau takut gitu?;Gak salah kalau kamu takut, itu perasaan yang wajar karena stigma di masyarakat. Tapi ke dokter jiwa itu bukan berarti kamu 'gila', itu cuma langkah untuk jaga kesehatanmu. Mungkin kamu bisa coba cari dokter yang bikin kamu nyaman atau mulai dengan konselor online yang lebih privat. Apa yang bikin kamu paling takut soal ke dokter jiwa?;GROK;D11_GROK_AHandbookfortheSMH600-609_20.json;dokter jiwa gila salah takut salah takut stigma masyarakat dokter jiwa bukan arti gila jaga sehat dokter nyaman konselor privat paling takut dokter jiwa;1;1.0;terapi - psikolog - takut - obat - dokter - mental - sehat - khawatir - tahu - ganggu;1_psikolog_terapi_dokter_takut;dokter jiwa gila salah takut salah takut stigma masyarakat dokter jiwa bukan arti gila jaga sehat dokter nyaman konselor privat paling takut dokter jiwa
Aku pengen gak peduli sama stigma, tapi susah banget. Gimana caranya?;Aku tahu itu susah banget, karena stigma bisa terasa kayak beban berat. Gak peduli sama stigma itu proses, gak instan. Coba mulai dengan hal kecil, seperti afirmasi positif tentang dirimu setiap hari, atau cari komunitas yang bikin kamu merasa diterima. Apa yang biasanya bikin kamu merasa kuat? Kita bisa mulai dari situ.;GROK;D11_GROK_AHandbookfortheSMH600-609_20.json;peduli stigma susah tahu susah stigma beban berat peduli stigma proses instan kecil afirmasi positif diri terima kuat situ;1;1.0;terapi - psikolog - takut - obat - dokter - mental - sehat - khawatir - tahu - ganggu;1_psikolog_terapi_dokter_takut;peduli stigma susah tahu susah stigma beban berat peduli stigma proses instan kecil afirmasi positif diri terima kuat situ
Aku merasa gangguan mentalku makin banyak di generasiku. Apa emang bener prevalensinya naik, Emilia?;Kamu nggak sendirian yang ngerasa gitu. Ada data yang menunjukkan prevalensi gangguan mental mungkin meningkat di generasi yang lebih muda, terutama untuk gangguan seperti penyalahgunaan zat. Tapi, ini bisa juga karena sekarang orang lebih terbuka soal kesehatan mental. Apa yang bikin kamu ngerasa ini lebih sering terjadi di sekitarmu?;GROK;D11_GROK_AHandbookfortheSMH83-93_20.json;ganggu mental makin generasi emang prevalensi naik sendiri ngerasa data tunjuk prevalensi ganggu mental tingkat generasi muda utama ganggu penyalahgunaan sehat mental ngerasa;1;1.0;terapi - psikolog - takut - obat - dokter - mental - sehat - khawatir - tahu - ganggu;1_psikolog_terapi_dokter_takut;ganggu mental makin generasi emang prevalensi naik sendiri ngerasa data tunjuk prevalensi ganggu mental tingkat generasi muda utama ganggu penyalahgunaan sehat mental ngerasa
Emilia, aku kadang ngerasa pengobatan buat gangguan mental nggak ngefek. Apa bener pengobatan sekarang kurang membantu?;Aku ngerti rasanya frustrasi kalau pengobatan nggak langsung berhasil. Data memang menunjukkan banyak pengobatan belum sepenuhnya efektif untuk semua orang, terutama karena nggak semua memenuhi standar pedoman pengobatan. Tapi, ada juga kasus di mana pengobatan membantu, terutama kalau disesuaikan sama kebutuhan. Apa kamu mau ceritain pengalamanmu dengan pengobatan?;GROK;D11_GROK_AHandbookfortheSMH83-93_20.json;ngerasa obat ganggu mental ngefek obat kurang frustrasi obat langsung hasil data tunjuk obat sepenuh efektif utama penuh standar pedoman obat kasus obat utama sesuai butuh alam obat;1;1.0;terapi - psikolog - takut - obat - dokter - mental - sehat - khawatir - tahu - ganggu;1_psikolog_terapi_dokter_takut;ngerasa obat ganggu mental ngefek obat kurang frustrasi obat langsung hasil data tunjuk obat sepenuh efektif utama penuh standar pedoman obat kasus obat utama sesuai butuh alam obat
Aku takut kalau aku punya gangguan mental, orang bakal anggap aku gila. Apa bener stigma itu masih ada, Emilia?;Sayangnya, stigma soal kesehatan mental memang masih ada di banyak tempat, tapi sekarang orang mulai lebih terbuka. Gangguan mental adalah kondisi kesehatan, sama seperti diabetes atau asma. Kamu nggak ‘gila’, kamu cuma lagi hadapi tantangan. Apa yang bikin kamu takut orang lain bakal nilai gitu?;GROK;D11_GROK_AHandbookfortheSMH83-93_20.json;takut ganggu mental anggap gila stigma sayang stigma sehat mental tempat ganggu mental kondisi sehat diabetes asma gila hadap tantang takut nilai;1;1.0;terapi - psikolog - takut - obat - dokter - mental - sehat - khawatir - tahu - ganggu;1_psikolog_terapi_dokter_takut;takut ganggu mental anggap gila stigma sayang stigma sehat mental tempat ganggu mental kondisi sehat diabetes asma gila hadap tantang takut nilai
Aku ngerasa nggak punya kendali atas cemas aku. Apa aku harus minum obat aja?;Aku dengar betapa sulitnya merasa nggak bisa ngontrol cemas. Obat bisa jadi pilihan, tapi itu perlu dibicarakan sama dokter atau terapis yang tahu situasimu. Sebelum itu, mungkin kita bisa coba cara lain, seperti latihan ngobrol dengan tujuan kecil, biar kamu merasa lebih punya kendali. Aku bisa bantu bikin rencana, misalnya cuma nyapa seseorang. Mau coba dulu?;GROK;D12_GROK_ClinicalHandbookPsychologicalDisorders143-153_20.json;ngerasa kendali cemas obat dengar betapa sulit ngontrol cemas obat pilih perlu bicara dokter terap tahu situasi tuju kecil kendali rencana nyapa;1;1.0;terapi - psikolog - takut - obat - dokter - mental - sehat - khawatir - tahu - ganggu;1_psikolog_terapi_dokter_takut;ngerasa kendali cemas obat dengar betapa sulit ngontrol cemas obat pilih perlu bicara dokter terap tahu situasi tuju kecil kendali rencana nyapa
Aku suka minum obat penenang pas cemas banget. Apa ini oke, atau aku harus berhenti?;Obat penenang bisa membantu di saat-saat tertentu, tapi kalau dipake terlalu sering tanpa panduan dokter, bisa bikin ketergantungan, lho. Aku nggak bilang berhenti, tapi mungkin coba bicarain sama dokter atau terapis soal ini. Selain obat, kita bisa coba teknik lain buat ngelola cemas, kayak latihan napas atau mindfulness. Mau aku kasih tahu caranya, sambil kamu konsultasi ke dokter?;GROK;D12_GROK_ClinicalHandbookPsychologicalDisorders209-219_20.json;obat tenang cemas henti obat tenang dipake terlalu pandu dokter henti bicarain dokter terap obat teknik ngelola cemas mindfulness tahu konsultasi dokter;1;1.0;terapi - psikolog - takut - obat - dokter - mental - sehat - khawatir - tahu - ganggu;1_psikolog_terapi_dokter_takut;obat tenang cemas henti obat tenang dipake terlalu pandu dokter henti bicarain dokter terap obat teknik ngelola cemas mindfulness tahu konsultasi dokter
Aku cuma mau minum obat biar nggak panik lagi, apa itu cukup?;Obat bisa membantu, tapi gangguan panik sering lebih tahan lama diatasi dengan terapi, seperti cognitive-behavioral therapy. Itu bantu kamu mengelola ketakutan dan sensasi tubuh. Apa kamu tertarik tahu lebih banyak soal terapi ini?;GROK;D12_GROK_ClinicalHandbookPsychologicalDisorders22-32_20.json;obat panik cukup obat ganggu panik tahan lama terapi cognitive behavioral therapy kelola takut sensasi tubuh tahu terapi;1;1.0;terapi - psikolog - takut - obat - dokter - mental - sehat - khawatir - tahu - ganggu;1_psikolog_terapi_dokter_takut;obat panik cukup obat ganggu panik tahan lama terapi cognitive behavioral therapy kelola takut sensasi tubuh tahu terapi
Aku nggak mau ke dokter, takut dibilang gila. Apa aku bisa sembuh sendiri?;Kamu nggak gila, gangguan panik itu kondisi yang umum dan bisa diatasi. Sembuh sendiri mungkin sulit, tapi ada self-help seperti buku atau aplikasi. Tapi, ketemu profesional bakal lebih cepat bantu. Apa yang bikin kamu takut ketemu dokter?;GROK;D12_GROK_ClinicalHandbookPsychologicalDisorders22-32_20.json;dokter takut gila sembuh sendiri gila ganggu panik kondisi umum sembuh sendiri sulit self help buku aplikasi profesional cepat takut dokter;1;1.0;terapi - psikolog - takut - obat - dokter - mental - sehat - khawatir - tahu - ganggu;1_psikolog_terapi_dokter_takut;dokter takut gila sembuh sendiri gila ganggu panik kondisi umum sembuh sendiri sulit self help buku aplikasi profesional cepat takut dokter
Aku mau coba terapi online, apa itu efektif buat gangguan panik?;Iya, terapi online, terutama cognitive-behavioral therapy, bisa sangat efektif untuk gangguan panik. Bahkan ada studi yang bilang hasilnya mirip dengan terapi tatap muka. Apa kamu mau aku bantu cari tahu lebih banyak soal ini?;GROK;D12_GROK_ClinicalHandbookPsychologicalDisorders22-32_20.json;terapi efektif ganggu panik terapi utama cognitive behavioral therapy efektif ganggu panik bahkan studi hasil mirip terapi tatap muka tahu;1;1.0;terapi - psikolog - takut - obat - dokter - mental - sehat - khawatir - tahu - ganggu;1_psikolog_terapi_dokter_takut;terapi efektif ganggu panik terapi utama cognitive behavioral therapy efektif ganggu panik bahkan studi hasil mirip terapi tatap muka tahu
Aku cuma mau panikku hilang tanpa usaha, apa bisa?;Aku ngerti kamu ingin cepat sembuh, tapi gangguan panik biasanya butuh usaha, seperti terapi atau latihan relaksasi, untuk bener-bener membaik. Tanpa usaha, mungkin sulit. Apa kamu mau coba satu teknik kecil dulu bareng aku?;GROK;D12_GROK_ClinicalHandbookPsychologicalDisorders22-32_20.json;panik hilang usaha cepat sembuh ganggu panik butuh usaha terapi relaksasi usaha sulit teknik kecil bareng;1;1.0;terapi - psikolog - takut - obat - dokter - mental - sehat - khawatir - tahu - ganggu;1_psikolog_terapi_dokter_takut;panik hilang usaha cepat sembuh ganggu panik butuh usaha terapi relaksasi usaha sulit teknik kecil bareng
Aku pernah coba obat buat cemas, tapi kok takut ketergantungan. Apa sih risikonya?;Keren karena kamu pikirin dampak jangka panjangnya. Obat-obatan tertentu, kayak benzodiazepin, memang bisa bikin ketergantungan kalau dipakai sembarangan. Makanya, biasanya disarankan buat dipakai cuma sesekali, bukan buat jangka panjang. Kalau kamu khawatir, mungkin bisa ngobrol sama dokter atau coba cara lain, seperti teknik relaksasi. Kamu lebih nyaman yang mana?;GROK;D12_GROK_ClinicalHandbookPsychologicalDisorders242-252_20.json;obat cemas takut risiko keren pikirin dampak jangka panjang obat obat benzodiazepin sembarang makanya saran sekal bukan jangka panjang khawatir dokter teknik relaksasi nyaman;1;1.0;terapi - psikolog - takut - obat - dokter - mental - sehat - khawatir - tahu - ganggu;1_psikolog_terapi_dokter_takut;obat cemas takut risiko keren pikirin dampak jangka panjang obat obat benzodiazepin sembarang makanya saran sekal bukan jangka panjang khawatir dokter teknik relaksasi nyaman
Aku pengen coba terapi online, tapi nggak tahu mulai dari mana. Emilia, kasih saran dong!;Keren, kamu mau coba terapi online! Itu bisa jadi cara bagus buat akses bantuan. Coba cari platform yang punya terapis berlisensi, kayak yang nawarin sesi video atau chat. Pastiin kamu nyaman sama terapisnya. Kalau bingung, mulai aja dengan riset kecil atau tanya rekomendasi. Mau aku bantu cari tahu platform yang oke? Apa yang kamu harapkan dari terapi?;GROK;D12_GROK_ClinicalHandbookPsychologicalDisorders275-285_20.json;terapi tahu saran keren terapi bagus akses platform terap lisensi nawarin sesi chat pastiin nyaman terap riset kecil rekomendasi tahu platform harap terapi;1;1.0;terapi - psikolog - takut - obat - dokter - mental - sehat - khawatir - tahu - ganggu;1_psikolog_terapi_dokter_takut;terapi tahu saran keren terapi bagus akses platform terap lisensi nawarin sesi chat pastiin nyaman terap riset kecil rekomendasi tahu platform harap terapi
Aku coba terapi kognitif, tapi kok nggak langsung sembuh. Aku gagal nggak sih?;Kamu nggak gagal sama sekali! Terapi kognitif itu proses, bukan sulap yang langsung beresin semua. Butuh waktu buat ubah pola pikir dan biasanya progresnya pelan-pelan. Yang penting, kamu udah berani coba, itu langkah besar! Ceritain, apa yang udah kamu pelajarin dari terapi sejauh ini? Aku dukung kamu terus.;GROK;D12_GROK_ClinicalHandbookPsychologicalDisorders275-285_20.json;terapi kognitif langsung sembuh gagal gagal sekali terapi kognitif proses bukan sulap langsung resin butuh ubah pola progres pelan pelan penting udah berani udah pelajarin terapi jauh dukung terus;1;1.0;terapi - psikolog - takut - obat - dokter - mental - sehat - khawatir - tahu - ganggu;1_psikolog_terapi_dokter_takut;terapi kognitif langsung sembuh gagal gagal sekali terapi kognitif proses bukan sulap langsung resin butuh ubah pola progres pelan pelan penting udah berani udah pelajarin terapi jauh dukung terus
Aku pengen coba terapi, tapi takut nggak cocok. Apa yang harus aku lakukan?;Wajar banget kalau takut mencoba sesuatu yang baru seperti terapi. Mungkin kamu bisa mulai dengan cari tahu lebih banyak soal terapi yang cocok buatmu, misalnya terapi kognitif yang fokus ke pikiran dan perasaan. Mau aku jelasin lebih lanjut soal ini?;GROK;D12_GROK_ClinicalHandbookPsychologicalDisorders297-307_20.json;terapi takut cocok laku takut terapi tahu terapi cocok terapi kognitif jelasin lanjut;1;1.0;terapi - psikolog - takut - obat - dokter - mental - sehat - khawatir - tahu - ganggu;1_psikolog_terapi_dokter_takut;terapi takut cocok laku takut terapi tahu terapi cocok terapi kognitif jelasin lanjut
Aku coba terapi perilaku kognitif, tapi kok cuma beberapa sesi nggak cukup?;Iya, kadang terapi perilaku kognitif butuh waktu lebih dari beberapa sesi, apalagi untuk gangguan panik. Penelitian bilang 6-12 sesi bisa bikin perubahan besar, terutama kalau ada sesi penguatan setelahnya. Apa kamu mau coba lanjut atau diskusi sama terapis buat sesuaikan rencana?;GROK;D12_GROK_ClinicalHandbookPsychologicalDisorders33-43_20.json;terapi perilaku kognitif beberapa sesi cukup terapi perilaku kognitif butuh beberapa sesi ganggu panik sesi ubah utama sesi kuat lanjut diskusi terap sesuai rencana;1;1.0;terapi - psikolog - takut - obat - dokter - mental - sehat - khawatir - tahu - ganggu;1_psikolog_terapi_dokter_takut;terapi perilaku kognitif beberapa sesi cukup terapi perilaku kognitif butuh beberapa sesi ganggu panik sesi ubah utama sesi kuat lanjut diskusi terap sesuai rencana
Aku minum obat untuk panik, tapi kok takut ketergantungan?;Wajar kok khawatir soal itu. Obat seperti benzodiazepin memang bisa bikin ketergantungan kalau dipakai lama. Penelitian menyarankan kombinasikan dengan terapi perilaku kognitif, biar kamu belajar atasi panik tanpa obat. Apa kamu sudah bicara sama dokter soal ini?;GROK;D12_GROK_ClinicalHandbookPsychologicalDisorders33-43_20.json;obat panik takut khawatir obat benzodiazepin lama saran kombinasi terapi perilaku kognitif panik obat bicara dokter;1;1.0;terapi - psikolog - takut - obat - dokter - mental - sehat - khawatir - tahu - ganggu;1_psikolog_terapi_dokter_takut;obat panik takut khawatir obat benzodiazepin lama saran kombinasi terapi perilaku kognitif panik obat bicara dokter
Aku cuma minum obat tanpa terapi, itu cukup nggak?;Obat bisa bantu kurangi gejala, tapi penelitian bilang terapi perilaku kognitif sering lebih tahan lama karena ajarin kamu cara atasi panik sendiri. Kalau cuma obat, risiko kambuh bisa lebih tinggi setelah berhenti. Apa kamu tertarik coba terapi juga?;GROK;D12_GROK_ClinicalHandbookPsychologicalDisorders33-43_20.json;obat terapi cukup obat kurang gejala terapi perilaku kognitif tahan lama ajarin panik sendiri obat risiko kambuh tinggi henti terapi;1;1.0;terapi - psikolog - takut - obat - dokter - mental - sehat - khawatir - tahu - ganggu;1_psikolog_terapi_dokter_takut;obat terapi cukup obat kurang gejala terapi perilaku kognitif tahan lama ajarin panik sendiri obat risiko kambuh tinggi henti terapi
Aku dengar terapi bisa dilakukan dalam 6 sesi, bener nggak?;Bener, ada penelitian yang bilang 6 sesi terapi perilaku kognitif bisa efektif, tapi hasilnya lebih kuat kalau ada sesi lanjutan. Setiap orang beda, jadi mungkin kamu butuh sedikit lebih atau kurang. Apa kamu sudah coba terapi atau baru rencana?;GROK;D12_GROK_ClinicalHandbookPsychologicalDisorders33-43_20.json;dengar terapi laku sesi sesi terapi perilaku kognitif efektif hasil kuat sesi lanjut butuh kurang terapi rencana;1;1.0;terapi - psikolog - takut - obat - dokter - mental - sehat - khawatir - tahu - ganggu;1_psikolog_terapi_dokter_takut;dengar terapi laku sesi sesi terapi perilaku kognitif efektif hasil kuat sesi lanjut butuh kurang terapi rencana
Aku merasa pasangan aku nggak ngerti kenapa aku panik, apa yang bisa aku lakukan?;Itu bisa bikin frustrasi. Coba ajak pasangan kamu ikut sesi terapi atau jelasin pemicu panik kamu pake contoh sederhana. Penelitian bilang melibatkan orang terdekat bisa bantu hasil terapi. Apa kamu mau coba buat daftar hal yang bisa pasangan kamu bantu?;GROK;D12_GROK_ClinicalHandbookPsychologicalDisorders33-43_20.json;pasang panik laku frustrasi pasang sesi terapi jelasin picu panik pake contoh sederhana libat dekat hasil terapi daftar pasang;1;1.0;terapi - psikolog - takut - obat - dokter - mental - sehat - khawatir - tahu - ganggu;1_psikolog_terapi_dokter_takut;pasang panik laku frustrasi pasang sesi terapi jelasin picu panik pake contoh sederhana libat dekat hasil terapi daftar pasang
Aku pernah coba terapi, tapi kok nggak cocok, apa aku salah pilih terapi?;Nggak selalu salah pilih, kadang butuh waktu buat nemuin terapis atau pendekatan yang pas. Penelitian bilang terapi perilaku kognitif efektif buat panik, tapi mungkin kamu perlu coba format lain, seperti sesi lebih pendek atau online. Apa yang nggak cocok dari terapi sebelumnya?;GROK;D12_GROK_ClinicalHandbookPsychologicalDisorders33-43_20.json;terapi cocok salah pilih terapi salah pilih butuh nemuin terap dekat terapi perilaku kognitif efektif panik perlu format sesi pendek cocok terapi;1;1.0;terapi - psikolog - takut - obat - dokter - mental - sehat - khawatir - tahu - ganggu;1_psikolog_terapi_dokter_takut;terapi cocok salah pilih terapi salah pilih butuh nemuin terap dekat terapi perilaku kognitif efektif panik perlu format sesi pendek cocok terapi
Aku takut terapi nggak berhasil, apa yang harus aku pikirkan?;Wajar kok takut gagal, tapi penelitian bilang terapi perilaku kognitif berhasil buat banyak orang dengan gangguan panik, apalagi kalau konsisten. Coba fokus ke langkah kecil, seperti ikut satu sesi dulu. Apa yang bikin kamu khawatir terapi nggak berhasil?;GROK;D12_GROK_ClinicalHandbookPsychologicalDisorders33-43_20.json;takut terapi hasil takut gagal terapi perilaku kognitif hasil ganggu panik konsisten kecil sesi khawatir terapi hasil;1;1.0;terapi - psikolog - takut - obat - dokter - mental - sehat - khawatir - tahu - ganggu;1_psikolog_terapi_dokter_takut;takut terapi hasil takut gagal terapi perilaku kognitif hasil ganggu panik konsisten kecil sesi khawatir terapi hasil
Aku pengen coba terapi, tapi takut nggak cocok. Apa sih terapi itu?;Wah, bagus banget kamu mikirin terapi! Terapi itu kayak ngobrol sama seseorang yang terlatih buat bantu kamu ngerti perasaan dan masalahmu. Ada banyak jenis, kayak terapi kognitif yang bantu ubah pola pikir negatif, atau terapi interpersonal yang fokus ke hubungan sama orang lain. Kalau takut nggak cocok, kamu bisa coba ketemu terapis dulu buat nanya-nanya. Mau aku bantu jelasin lebih lanjut soal jenis terapi yang mungkin cocok?;GROK;D12_GROK_ClinicalHandbookPsychologicalDisorders330-340_20.json;terapi takut cocok terapi bagus mikirin terapi terapi jenis terapi kognitif ubah pola negatif terapi interpersonal takut cocok terap nanya nanya jelasin lanjut jenis terapi cocok;1;1.0;terapi - psikolog - takut - obat - dokter - mental - sehat - khawatir - tahu - ganggu;1_psikolog_terapi_dokter_takut;terapi takut cocok terapi bagus mikirin terapi terapi jenis terapi kognitif ubah pola negatif terapi interpersonal takut cocok terap nanya nanya jelasin lanjut jenis terapi cocok
Aku pengen minum obat buat depresi, tapi takut ketergantungan. Gimana sih caranya?;Wajar kok punya kekhawatiran soal obat. Obat buat depresi, kayak antidepresan, biasanya diresepkan dokter dan diawasi supaya aman. Nggak semua bikin ketergantungan, tapi penting banget konsultasi sama psikiater biar dapet dosis yang tepat. Kadang obat dipaduin sama terapi biar hasilnya lebih baik. Kamu udah coba ngobrol sama dokter soal ini?;GROK;D12_GROK_ClinicalHandbookPsychologicalDisorders330-340_20.json;obat depresi takut khawatir obat obat depresi antidepresan resep dokter awas penting konsultasi psikiater dapet dosis tepat obat dipaduin terapi hasil udah dokter;1;1.0;terapi - psikolog - takut - obat - dokter - mental - sehat - khawatir - tahu - ganggu;1_psikolog_terapi_dokter_takut;obat depresi takut khawatir obat obat depresi antidepresan resep dokter awas penting konsultasi psikiater dapet dosis tepat obat dipaduin terapi hasil udah dokter
Aku pengen ke dokter mata, tapi ngerasa nggak layak karena aku lagi depresi. Aku harus tetep pergi nggak?;Kamu layak dapat perawatan, kok, termasuk buat mata kamu. Depresi nggak bikin kamu kurang berhak. Coba buat janji dan ajak temen atau keluarga buat nemenin kalau kamu ngerasa cemas. Kalau masih ragu, ngobrol sama terapis bisa bantu kasih dorongan buat jaga kesehatanmu.;GROK;D12_GROK_ClinicalHandbookPsychologicalDisorders352-362_20.json;dokter mata ngerasa layak depresi pergi layak awat masuk mata depresi kurang janji temen keluarga nemenin ngerasa cemas ragu terap dorong jaga sehat;1;1.0;terapi - psikolog - takut - obat - dokter - mental - sehat - khawatir - tahu - ganggu;1_psikolog_terapi_dokter_takut;dokter mata ngerasa layak depresi pergi layak awat masuk mata depresi kurang janji temen keluarga nemenin ngerasa cemas ragu terap dorong jaga sehat
Aku takut banget kalau orang-orang tahu aku punya masalah mental. Aku harus cerita ke siapa?;Ketakutan itu wajar, karena stigma tentang kesehatan mental memang masih ada. Kamu nggak harus cerita ke semua orang, tapi mungkin mulai dengan seseorang yang kamu percaya atau profesional seperti terapis. Kalau kamu belum siap, kita bisa bicarain dulu apa yang bikin kamu takut, biar kamu merasa lebih nyaman.;GROK;D12_GROK_ClinicalHandbookPsychologicalDisorders407-417_20.json;takut tahu mental siapa takut stigma sehat mental percaya profesional terap siap bicarain takut nyaman;1;1.0;terapi - psikolog - takut - obat - dokter - mental - sehat - khawatir - tahu - ganggu;1_psikolog_terapi_dokter_takut;takut tahu mental siapa takut stigma sehat mental percaya profesional terap siap bicarain takut nyaman
Aku pengen coba terapi, tapi takut nggak cocok. Apa yang harus aku pertimbangkan?;Wajar banget merasa takut sebelum mencoba terapi, karena ini langkah besar. Kamu bisa mulai dengan mencari terapis yang spesialisasinya sesuai kebutuhanmu, misalnya yang paham tentang regulasi emosi. Kalau mau, kita bisa bicarain apa yang kamu harapkan dari terapi, biar kamu merasa lebih siap. Apa yang bikin kamu ragu?;GROK;D12_GROK_ClinicalHandbookPsychologicalDisorders407-417_20.json;terapi takut cocok timbang takut terapi terap spesialisasi sesuai butuh paham regulasi emosi bicarain harap terapi siap ragu;1;1.0;terapi - psikolog - takut - obat - dokter - mental - sehat - khawatir - tahu - ganggu;1_psikolog_terapi_dokter_takut;terapi takut cocok timbang takut terapi terap spesialisasi sesuai butuh paham regulasi emosi bicarain harap terapi siap ragu
Aku cuma mau panic attack ini hilang selamanya. Apa mungkin?;Aku ngerti banget kamu pengen bebas dari ini. Panic attack bisa dikurangi dengan latihan, seperti terapi perilaku atau latihan napas, tapi nggak selalu hilang 100%. Yang penting, kamu bisa belajar ngatasinnya supaya nggak ganggu hidupmu. Mau coba latihan bareng?;GROK;D12_GROK_ClinicalHandbookPsychologicalDisorders44-54_20.json;panic attack hilang lama bebas panic attack rang terapi perilaku hilang penting ngatasinnya ganggu hidup bareng;1;1.0;terapi - psikolog - takut - obat - dokter - mental - sehat - khawatir - tahu - ganggu;1_psikolog_terapi_dokter_takut;panic attack hilang lama bebas panic attack rang terapi perilaku hilang penting ngatasinnya ganggu hidup bareng
Aku pengen coba terapi, tapi takut nggak cocok. Gimana caranya tahu?;Wajar kok takut coba sesuatu yang baru. Terapi, seperti cognitive-behavioral therapy, bisa bantu atasi panic attack, tapi memang perlu waktu buat nyaman. Coba cari terapis yang bikin kamu merasa didengar. Aku bisa bantu cari info kalau kamu mau!;GROK;D12_GROK_ClinicalHandbookPsychologicalDisorders44-54_20.json;terapi takut cocok tahu takut terapi cognitive behavioral therapy panic attack perlu nyaman terap dengar info;1;1.0;terapi - psikolog - takut - obat - dokter - mental - sehat - khawatir - tahu - ganggu;1_psikolog_terapi_dokter_takut;terapi takut cocok tahu takut terapi cognitive behavioral therapy panic attack perlu nyaman terap dengar info
Aku takut ke dokter, tapi panikku makin parah. Apa aku harus pergi?;Aku ngerti takut ke dokter itu nyata. Kalau panikmu makin parah, cek ke dokter bisa bantu pastiin nggak ada masalah fisik dan kasih opsi pengobatan. Mungkin bawa temen atau aku bisa bantu bikin daftar pertanyaan buat dokter. Mau coba?;GROK;D12_GROK_ClinicalHandbookPsychologicalDisorders44-54_20.json;takut dokter panik makin parah pergi takut dokter nyata panik makin parah dokter pastiin fisik opsi obat bawa temen daftar dokter;1;1.0;terapi - psikolog - takut - obat - dokter - mental - sehat - khawatir - tahu - ganggu;1_psikolog_terapi_dokter_takut;takut dokter panik makin parah pergi takut dokter nyata panik makin parah dokter pastiin fisik opsi obat bawa temen daftar dokter
Aku ngerasa panikku bikin aku gagal di hidup. Apa aku bisa sembuh?;Aku ngerti rasanya berat, tapi panikmu nggak bikin kamu gagal. Banyak orang dengan panic disorder bisa hidup penuh dan bahagia dengan bantuan yang tepat, seperti terapi atau latihan coping. Kita bisa mulai dari langkah kecil bareng, kalau kamu mau.;GROK;D12_GROK_ClinicalHandbookPsychologicalDisorders44-54_20.json;ngerasa panik gagal hidup sembuh berat panik gagal panic disorder hidup penuh bahagia tepat terapi coping kecil bareng;1;1.0;terapi - psikolog - takut - obat - dokter - mental - sehat - khawatir - tahu - ganggu;1_psikolog_terapi_dokter_takut;ngerasa panik gagal hidup sembuh berat panik gagal panic disorder hidup penuh bahagia tepat terapi coping kecil bareng
Aku pengen coba terapi, tapi takut nggak cocok. Ada saran nggak?;Wah, keberanianmu buat mikirin terapi udah langkah besar! Takut nggak cocok itu wajar banget. Mungkin kamu bisa mulai cari tahu soal terapi yang fokus ke emosi, kayak terapi perilaku dialektis atau terapi transdiagnostik, yang bisa bantu ngatasin cemas atau pikiran berat. Coba cari terapis yang bikin kamu nyaman, dan jangan ragu buat coba beberapa sesi dulu. Apa yang bikin kamu takut nggak cocok? Mungkin aku bisa bantu kasih ide.;GROK;D12_GROK_ClinicalHandbookPsychologicalDisorders462-472_20.json;terapi takut cocok saran berani mikirin terapi udah takut cocok tahu terapi emosi terapi perilaku dialektis terapi transdiagnostik ngatasin cemas berat terap nyaman jangan ragu beberapa sesi takut cocok;1;1.0;terapi - psikolog - takut - obat - dokter - mental - sehat - khawatir - tahu - ganggu;1_psikolog_terapi_dokter_takut;terapi takut cocok saran berani mikirin terapi udah takut cocok tahu terapi emosi terapi perilaku dialektis terapi transdiagnostik ngatasin cemas berat terap nyaman jangan ragu beberapa sesi takut cocok
Aku takut kalau orang tahu aku punya masalah mental. Apa yang harus aku lakukan?;Aku ngerti banget ketakutan itu, karena stigma soal kesehatan mental memang kadang bikin kita ragu buat terbuka. Tapi punya masalah mental bukan sesuatu yang bikin kamu kurang berharga, sama seperti punya masalah fisik. Mulai dari cerita ke orang yang kamu percaya atau konselor bisa membantu. Kalau mau, aku bisa bantu kasih tips buat memulai obrolan itu. Apa kamu udah punya seseorang yang bisa diajak ngobrol?;GROK;D12_GROK_ClinicalHandbookPsychologicalDisorders495-505_20.json;takut tahu mental laku takut stigma sehat mental ragu mental bukan kurang harga fisik percaya konselor tips obrol udah;1;1.0;terapi - psikolog - takut - obat - dokter - mental - sehat - khawatir - tahu - ganggu;1_psikolog_terapi_dokter_takut;takut tahu mental laku takut stigma sehat mental ragu mental bukan kurang harga fisik percaya konselor tips obrol udah
Aku pengen coba terapi, tapi takut ga cocok. Apa saranmu?;Wah, langkah bagus banget kamu udah mikirin terapi! Wajar kok takut ga cocok, karena setiap orang butuh pendekatan yang beda. Ada terapi yang fokus ke keluarga, komunikasi, atau problem-solving, kayak yang disebut family-focused treatment. Coba cari tahu dulu jenis terapi apa yang kamu mau, misalnya yang santai atau yang lebih terstruktur. Kalau mau, aku bantu jelasin jenis-jenis terapi atau cara nyari terapis yang pas!;GROK;D12_GROK_ClinicalHandbookPsychologicalDisorders495-505_20.json;terapi takut cocok saran bagus udah mikirin terapi takut cocok butuh dekat terapi keluarga komunikasi problem solving sebut family focused treatment tahu jenis terapi santai struktur jelasin jenis jenis terapi nyari terap;1;1.0;terapi - psikolog - takut - obat - dokter - mental - sehat - khawatir - tahu - ganggu;1_psikolog_terapi_dokter_takut;terapi takut cocok saran bagus udah mikirin terapi takut cocok butuh dekat terapi keluarga komunikasi problem solving sebut family focused treatment tahu jenis terapi santai struktur jelasin jenis jenis terapi nyari terap
Emilia, aku kadang nggak minum obat biar merasa ‘bebas’. Apa salah?;Aku ngerti keinginan buat merasa ‘bebas’, tapi melewatkan obat bisa ningkatin risiko kambuh atau bahkan bahaya, seperti ide bunuh diri. Obat itu kayak jangkar buat jaga stabilitas. Coba ceritain ke dokter kenapa kamu merasa terbebani, mungkin ada solusi. Apa yang bikin kamu nggak suka sama obat?;GROK;D12_GROK_ClinicalHandbookPsychologicalDisorders506-516_20.json;obat bebas salah bebas lewat obat ningkatin risiko kambuh bahkan bahaya bunuh diri obat jangkar jaga stabilitas dokter beban solusi obat;1;1.0;terapi - psikolog - takut - obat - dokter - mental - sehat - khawatir - tahu - ganggu;1_psikolog_terapi_dokter_takut;obat bebas salah bebas lewat obat ningkatin risiko kambuh bahkan bahaya bunuh diri obat jangkar jaga stabilitas dokter beban solusi obat
Aku takut banget kalau orang tahu aku punya masalah mental. Apa mereka bakal anggap aku aneh?;Wajar banget merasa takut soal stigma, tapi kamu nggak sendirian kok. Banyak orang yang mengalami tantangan mental, dan itu nggak bikin kamu aneh. Mungkin coba ceritain ke orang yang kamu percaya dulu, dengan cara yang nyaman buatmu. Aku di sini buat dengerin kalau kamu mau latihan ngomongin ini, lho.;GROK;D12_GROK_ClinicalHandbookPsychologicalDisorders517-527_20.json;takut tahu mental anggap aneh takut stigma sendiri alami tantang mental aneh percaya nyaman dengerin ngomongin;1;1.0;terapi - psikolog - takut - obat - dokter - mental - sehat - khawatir - tahu - ganggu;1_psikolog_terapi_dokter_takut;takut tahu mental anggap aneh takut stigma sendiri alami tantang mental aneh percaya nyaman dengerin ngomongin
Aku nggak mau minum obat buat masalah mentalku. Aku takut ketergantungan. Apa salah kalau aku tolak?;Kekhawatiranmu soal obat itu wajar banget, dan penting buat kamu merasa nyaman dengan pilihanmu. Tapi, obat kadang bisa bantu menstabilkan suasana hati, dan nggak selalu bikin ketergantungan kalau diatur dokter dengan baik. Coba diskusiin ketakutanmu sama dokter atau konselor, biar kamu dapat info lengkap. Aku dukung keputusanmu, apa pun itu, asal kamu jaga kesehatanmu, ya.;GROK;D12_GROK_ClinicalHandbookPsychologicalDisorders517-527_20.json;obat mental takut salah tolak khawatir obat penting nyaman pilih obat stabil suasana hati atur dokter diskusiin takut dokter konselor info lengkap dukung putus asal jaga sehat;1;1.0;terapi - psikolog - takut - obat - dokter - mental - sehat - khawatir - tahu - ganggu;1_psikolog_terapi_dokter_takut;obat mental takut salah tolak khawatir obat penting nyaman pilih obat stabil suasana hati atur dokter diskusiin takut dokter konselor info lengkap dukung putus asal jaga sehat
Aku dengar ada obat yang bisa bantu kurangi keinginan minum. Apa itu bener?;Iya, ada beberapa obat yang bisa membantu mengurangi keinginan untuk minum atau membantu proses berhenti, seperti naltrexone. Tapi, obat ini harus diresepkan dokter dan biasanya dikombinasikan dengan konseling. Kalau kamu tertarik, mungkin bisa konsultasi ke dokter atau spesialis kecanduan. Apa kamu mau aku bantu cari info lebih lanjut tentang ini?;GROK;D12_GROK_ClinicalHandbookPsychologicalDisorders594-604_20.json;dengar obat kurang beberapa obat kurang proses henti naltrexone obat resep dokter kombinasi konseling konsultasi dokter spesialis candu info lanjut;1;1.0;terapi - psikolog - takut - obat - dokter - mental - sehat - khawatir - tahu - ganggu;1_psikolog_terapi_dokter_takut;dengar obat kurang beberapa obat kurang proses henti naltrexone obat resep dokter kombinasi konseling konsultasi dokter spesialis candu info lanjut
Aku merasa sangat sulit untuk berhenti pakai obat-obatan, meskipun aku tahu itu buruk buatku. Apa yang bisa aku lakukan?;Aku paham banget itu pasti berat buatmu. Berhenti dari obat-obatan memang nggak mudah, tapi kamu nggak sendirian. Coba mulai dengan langkah kecil, seperti ceritain ke seseorang yang kamu percaya atau cari klinik yang punya program pendampingan. Ada treatment seperti buprenorphine yang bisa bantu kurangi keinginan pakai obat, tapi harus dengan pengawasan dokter. Mau ceritain lebih detail apa yang lagi kamu rasain? Aku dengerin kok.;GROK;D12_GROK_ClinicalHandbookPsychologicalDisorders638-648_20.json;sulit henti obat obat tahu laku paham berat henti obat obat mudah sendiri kecil percaya klinik program damping treatment buprenorphine kurang obat awas dokter detail rasain dengerin;1;1.0;terapi - psikolog - takut - obat - dokter - mental - sehat - khawatir - tahu - ganggu;1_psikolog_terapi_dokter_takut;sulit henti obat obat tahu laku paham berat henti obat obat mudah sendiri kecil percaya klinik program damping treatment buprenorphine kurang obat awas dokter detail rasain dengerin
Aku takut ke dokter karena takut dikasih obat yang bikin aku panik. Aku harus bilang apa ke dokter?;Jujur aja ke dokter soal kecemasanmu, misalnya bilang, ‘Saya khawatir obat bikin saya panik.’ Mereka biasanya akan jelasin pilihan yang aman. Mau aku bantu susun kalimat yang nyaman buat kamu bilang ke dokter?;GROK;D12_GROK_ClinicalHandbookPsychologicalDisorders66-76_20.json;takut dokter takut obat panik dokter jujur dokter cemas khawatir obat panik jelasin pilih susun nyaman dokter;1;1.0;terapi - psikolog - takut - obat - dokter - mental - sehat - khawatir - tahu - ganggu;1_psikolog_terapi_dokter_takut;takut dokter takut obat panik dokter jujur dokter cemas khawatir obat panik jelasin pilih susun nyaman dokter
Aku pengen coba terapi kelompok, tapi takut nggak nyaman cerita sama orang lain. Menurutmu gimana?;Wajar kok takut buka cerita di kelompok, apalagi kalau baru mulai. Terapi kelompok bisa bantu karena kamu bisa belajar dari pengalaman orang lain, tapi kalau belum nyaman, mungkin kita mulai dengan terapi individu dulu? Aku bisa bantu cari info soal ini.;GROK;D12_GROK_ClinicalHandbookPsychologicalDisorders693-703_20.json;terapi kelompok takut nyaman turut takut kelompok terapi kelompok alam nyaman terapi individu info;1;1.0;terapi - psikolog - takut - obat - dokter - mental - sehat - khawatir - tahu - ganggu;1_psikolog_terapi_dokter_takut;terapi kelompok takut nyaman turut takut kelompok terapi kelompok alam nyaman terapi individu info
Aku pengen kurus, jadi aku minum obat pencahar. Apa itu aman?;Aku khawatir banget denger kamu pakai obat pencahar buat menurunkan berat badan. Itu sebenarnya nggak aman dan bisa bikin tubuhmu bermasalah, baik secara fisik maupun emosional. Aku saranin kita cari cara yang lebih sehat bareng, dan mungkin kamu bisa konsultasi sama dokter. Mau ceritain kenapa kamu merasa perlu pakai obat itu?;GROK;D12_GROK_ClinicalHandbookPsychologicalDisorders726-736_20.json;kurus obat cahar khawatir denger obat cahar turun berat badan tubuh fisik maupun emosional saranin sehat bareng konsultasi dokter perlu obat;1;1.0;terapi - psikolog - takut - obat - dokter - mental - sehat - khawatir - tahu - ganggu;1_psikolog_terapi_dokter_takut;kurus obat cahar khawatir denger obat cahar turun berat badan tubuh fisik maupun emosional saranin sehat bareng konsultasi dokter perlu obat
Aku takut kalau ke dokter buat cek kesehatan gara-gara makanku. Apa yang harus aku siapin?;Aku ngerti kalau ke dokter itu bikin deg-degan, tapi ini langkah bagus buat jaga kesehatanmu. Coba siapin catatan tentang pola makanmu atau masalah yang kamu rasain, biar dokter lebih paham. Kalau takut, ajak temen atau keluarga buat nemenin. Aku juga bisa bantu bikin daftar pertanyaan buat dokter. Apa yang bikin kamu takut ke dokter?;GROK;D12_GROK_ClinicalHandbookPsychologicalDisorders737-747_20.json;takut dokter sehat gara gara makan siapin dokter degan bagus jaga sehat siapin catat pola makan rasain dokter paham takut temen keluarga nemenin daftar dokter takut dokter;1;1.0;terapi - psikolog - takut - obat - dokter - mental - sehat - khawatir - tahu - ganggu;1_psikolog_terapi_dokter_takut;takut dokter sehat gara gara makan siapin dokter degan bagus jaga sehat siapin catat pola makan rasain dokter paham takut temen keluarga nemenin daftar dokter takut dokter
Aku takut ke dokter atau terapis, nanti mereka bilang aku gila. Apa yang harus aku lakukan?;Takut ke terapis itu wajar, apalagi kalau ada stigma soal kesehatan mental. Tapi, terapis yang baik nggak akan bilang kamu gila—mereka dilatih untuk membantu, bukan menghakimi. Mungkin kita bisa cari tahu dulu tentang terapi yang bikin kamu nyaman. Apa yang bikin kamu takut ke terapis?;GROK;D12_GROK_ClinicalHandbookPsychologicalDisorders88-98_20.json;takut dokter terap gila laku takut terap stigma sehat mental terap gila bukan hakim tahu terapi nyaman takut terap;1;1.0;terapi - psikolog - takut - obat - dokter - mental - sehat - khawatir - tahu - ganggu;1_psikolog_terapi_dokter_takut;takut dokter terap gila laku takut terap stigma sehat mental terap gila bukan hakim tahu terapi nyaman takut terap
Bagaimana saya tahu apakah HDL dan LDL saya dalam batas aman?;"HDL baik jika di atas 60 mg/dL; HDL kurang baik jika di bawah 40 mg/dL. LDL optimal di bawah 100 mg/dL, ada kategori hingga tinggi di atasnya. Mintalah hasil lab lengkap dari dokter agar Anda mendapat gambaran jelas tentang risiko.";GPT;D13_GPT_BrainPower35-45_20.json;tahu batas kurang bawah optimal bawah kategori hingga tinggi minta hasil lengkap dokter jelas risiko;1;1.0;terapi - psikolog - takut - obat - dokter - mental - sehat - khawatir - tahu - ganggu;1_psikolog_terapi_dokter_takut;tahu batas kurang bawah optimal bawah kategori hingga tinggi minta hasil lengkap dokter jelas risiko
Apakah suplemen seperti GABA, Ginkgo, atau theanine benar-benar membantu kecemasan?;Beberapa orang merasakan manfaat suplemen seperti GABA, ginkgo biloba, atau theanine (ditemukan dalam teh) untuk meredakan kecemasan ringan. Namun bukti bervariasi dan tidak semua orang cocok. Jika mempertimbangkan suplemen, diskusikan dulu dengan dokter, terutama jika sedang minum obat lain atau punya kondisi kesehatan. Jangan menggantikan pengobatan yang diresepkan tanpa konsultasi.;GPT;D13_GPT_BrainPower46-56_22.json;suplemen gaba ginkgo theanine cemas beberapa manfaat suplemen gaba ginkgo biloba theanine reda cemas ringan bukti variasi cocok timbang suplemen diskusi dokter utama sedang obat kondisi sehat jangan obat resep konsultasi;1;1.0;terapi - psikolog - takut - obat - dokter - mental - sehat - khawatir - tahu - ganggu;1_psikolog_terapi_dokter_takut;suplemen gaba ginkgo theanine cemas beberapa manfaat suplemen gaba ginkgo biloba theanine reda cemas ringan bukti variasi cocok timbang suplemen diskusi dokter utama sedang obat kondisi sehat jangan obat resep konsultasi
Saya tertarik mencoba ginseng untuk mengurangi kecemasan. Aman kah itu?;Dalam dokumen disebutkan ginseng dapat membantu memengaruhi respon terhadap stres dan mendukung kognisi. Namun, suplemen berefek berbeda-beda pada tiap orang. Periksa label (dosis standar yang disebutkan adalah sekitar 200 mg sehari untuk beberapa produk) dan kandungan ginsenosides, serta konsultasikan dengan dokter—terutama jika sedang minum obat lain atau memiliki kondisi medis.;GPT;D13_GPT_BrainPower79-89_30.json;ginseng kurang cemas dokumen sebut ginseng pengaruh respon hadap stres dukung kognisi suplemen efek periksa label dosis standar sebut beberapa produk kandung ginsenosides konsultasi dokter utama sedang obat milik kondisi medis;1;1.0;terapi - psikolog - takut - obat - dokter - mental - sehat - khawatir - tahu - ganggu;1_psikolog_terapi_dokter_takut;ginseng kurang cemas dokumen sebut ginseng pengaruh respon hadap stres dukung kognisi suplemen efek periksa label dosis standar sebut beberapa produk kandung ginsenosides konsultasi dokter utama sedang obat milik kondisi medis
Aku terbatas biaya, tapi ingin terapi. Apa ada alternatif murah?;Banyak puskesmas menyediakan konseling psikolog dasar gratis atau murah. Cek juga layanan daring berbasis komunitas dan hotline gratis. Terapi kelompok sering kali lebih terjangkau dan efektif.;GPT;D1_GPT_HealthPsycology168-183_30.json;batas biaya terapi alternatif murah puskesmas sedia konseling psikolog gratis murah daring hotline gratis terapi kelompok jangkau efektif;1;1.0;terapi - psikolog - takut - obat - dokter - mental - sehat - khawatir - tahu - ganggu;1_psikolog_terapi_dokter_takut;batas biaya terapi alternatif murah puskesmas sedia konseling psikolog gratis murah daring hotline gratis terapi kelompok jangkau efektif
Aku suka menunda periksa meski gejala tak hilang. Bagaimana mengurangi kebiasaan ini?;Buat aturan 3×24 jam: jika keluhan tidak membaik dalam tiga hari, segera booking janji. Simpan kontak klinik di ponsel agar proses buat janji hanya butuh dua menit—semakin mudah akses, makin kecil kemungkinan menunda.;GPT;D1_GPT_HealthPsycology184-208_50.json;tunda periksa gejala hilang kurang atur keluh segera booking janji simpan kontak klinik ponsel proses janji butuh makin mudah akses makin kecil tunda;1;1.0;terapi - psikolog - takut - obat - dokter - mental - sehat - khawatir - tahu - ganggu;1_psikolog_terapi_dokter_takut;tunda periksa gejala hilang kurang atur keluh segera booking janji simpan kontak klinik ponsel proses janji butuh makin mudah akses makin kecil tunda
Bagaimana menghindari nocebo saat membaca brosur obat yang penuh efek samping?;Fokus pada persentase kejadian—banyak efek hanya dialami <1%. Diskusikan kekhawatiran dengan dokter agar konteks jelas. Ingat: manfaat obat biasanya jauh melebihi risiko untuk kondisi yang tepat.;GPT;D1_GPT_HealthPsycology184-208_50.json;hindar nocebo baca brosur obat penuh efek persentase efek alami diskusi khawatir dokter konteks jelas ingat manfaat obat jauh risiko kondisi tepat;1;1.0;terapi - psikolog - takut - obat - dokter - mental - sehat - khawatir - tahu - ganggu;1_psikolog_terapi_dokter_takut;hindar nocebo baca brosur obat penuh efek persentase efek alami diskusi khawatir dokter konteks jelas ingat manfaat obat jauh risiko kondisi tepat
Apakah PPO worth it untuk terapi kesehatan mental jangka panjang?;Jika kamu sering ganti psikolog mencari kecocokan, PPO memberi kebebasan tanpa rujukan tiap kali. Hitung selisih premi vs biaya out‑of‑network sebelum memutuskan.;GPT;D1_GPT_HealthPsycology184-208_50.json;worth terapi sehat mental jangka panjang psikolog cocok beri bebas rujuk hitung selisih premi biaya network putus;1;1.0;terapi - psikolog - takut - obat - dokter - mental - sehat - khawatir - tahu - ganggu;1_psikolog_terapi_dokter_takut;worth terapi sehat mental jangka panjang psikolog cocok beri bebas rujuk hitung selisih premi biaya network putus
Berapa fase uji yang harus dilalui herbal sebelum diakui BPOM?;Minimal pra‑klinik (keamanan), fase 1 (dosis aman), fase 2 (efikasi awal), fase 3 (efikasi luas). Setelah izin edar, fase 4 pasca pemasaran terus memonitor efek samping.;GPT;D1_GPT_HealthPsycology184-208_50.json;berapa fase herbal bpom minimal klinik fase dosis fase efikasi awal fase efikasi luas izin edar fase pasca pasar terus monitor efek;1;1.0;terapi - psikolog - takut - obat - dokter - mental - sehat - khawatir - tahu - ganggu;1_psikolog_terapi_dokter_takut;berapa fase herbal bpom minimal klinik fase dosis fase efikasi awal fase efikasi luas izin edar fase pasca pasar terus monitor efek
Apa yang harus kutanyakan agar lebih yakin dengan pengobatan baru?;Minta dokter menjelaskan cara kerja obat, durasi perkiraan efek, serta indikator keberhasilan. Dengan memahami proses, harapanmu lebih realistis dan efek positif lebih besar.;GPT;D1_GPT_HealthPsycology209-229_50.json;yakin obat minta dokter jelas kerja obat durasi efek indikator hasil paham proses harap realistis efek positif;1;1.0;terapi - psikolog - takut - obat - dokter - mental - sehat - khawatir - tahu - ganggu;1_psikolog_terapi_dokter_takut;yakin obat minta dokter jelas kerja obat durasi efek indikator hasil paham proses harap realistis efek positif
Haruskah aku mengikuti jadwal obat sangat ketat?;"Jika dokter menetapkan interval, patuhi. Disiplin bukan sekadar aturan; konsistensi menjaga kadar obat stabil dan menambah keyakinanmu bahwa terapi bekerja.";GPT;D1_GPT_HealthPsycology209-229_50.json;jadwal obat ketat dokter tetap interval patuh disiplin bukan sekadar atur konsistensi jaga kadar obat stabil tambah yakin terapi kerja;1;1.0;terapi - psikolog - takut - obat - dokter - mental - sehat - khawatir - tahu - ganggu;1_psikolog_terapi_dokter_takut;jadwal obat ketat dokter tetap interval patuh disiplin bukan sekadar atur konsistensi jaga kadar obat stabil tambah yakin terapi kerja
Saya tidak pandai menggambar. Apakah terapi seni tetap efektif?;"Tak perlu mahir. Coretan abstrak pun bermakna. Fokus pada proses, bukan hasil; biarkan warna mewakili perasaan yang sulit diucapkan.";GPT;D1_GPT_HealthPsycology250-268_50.json;pandai terapi seni tetap efektif perlu mahir coret abstrak makna proses bukan hasil wakil sulit;1;1.0;terapi - psikolog - takut - obat - dokter - mental - sehat - khawatir - tahu - ganggu;1_psikolog_terapi_dokter_takut;pandai terapi seni tetap efektif perlu mahir coret abstrak makna proses bukan hasil wakil sulit
Saya takut menghadapi penyakit serius, dan merasa nggak bisa ngomong sama siapa-siapa. Bagaimana konseling bisa bantu saya?;Rasa takut itu wajar banget, dan kamu berani banget ngaku perasaanmu. Konseling adalah tempat aman buat ceritain semua yang ada di hati, tanpa takut dihakimi. Konselor dilatih untuk dengerin dan bantu kamu atasi ketakutan atau kesedihan, kayak punya pemandu di jalan yang gelap. Mereka bisa ajarin teknik, seperti relaksasi, atau bantu kamu temuin makna dalam hidup. Coba tanya dokter atau cari konselor online. Apa yang lagi bikin kamu takut, dan apa yang pengen kamu ceritain kalau ada yang dengerin?;GROK;D1_GROK_HealthPsycology1-55_67.json;takut hadap sakit serius ngomong siapa siapa konseling takut berani ngaku konseling tempat hati takut hakim konselor dengerin takut sedih pandu jalan gelap ajarin teknik relaksasi temuin makna hidup dokter konselor takut dengerin;1;1.0;terapi - psikolog - takut - obat - dokter - mental - sehat - khawatir - tahu - ganggu;1_psikolog_terapi_dokter_takut;takut hadap sakit serius ngomong siapa siapa konseling takut berani ngaku konseling tempat hati takut hakim konselor dengerin takut sedih pandu jalan gelap ajarin teknik relaksasi temuin makna hidup dokter konselor takut dengerin
Saya tertarik jadi psikolog kesehatan, tapi nggak tahu dari mana mulai. Apa yang harus saya lakukan di kuliah untuk menuju karier ini?;Wow, impianmu jadi psikolog kesehatan itu inspiratif! Di kuliah, coba ambil mata kuliah psikologi, terutama yang tentang kesehatan atau perilaku. Ikut penelitian atau magang di lab psikologi untuk belajar langsung. Juga, gabung klub atau komunitas yang fokus pada kesehatan mental untuk bangun jaringan. Yang penting, jaga semangat belajarmu dan cari mentor yang bisa bimbing. Apa yang bikin kamu excited soal karier ini, dan apa langkah pertama yang bisa kamu ambil di kampus?;GROK;D1_GROK_HealthPsycology1-55_67.json;psikolog sehat tahu laku kuliah tuju karier impi psikolog sehat inspiratif kuliah mata kuliah psikologi utama sehat perilaku magang psikologi langsung gabung klub sehat mental jaring penting jaga semangat mentor bimbing excited karier pertama kampus;1;1.0;terapi - psikolog - takut - obat - dokter - mental - sehat - khawatir - tahu - ganggu;1_psikolog_terapi_dokter_takut;psikolog sehat tahu laku kuliah tuju karier impi psikolog sehat inspiratif kuliah mata kuliah psikologi utama sehat perilaku magang psikologi langsung gabung klub sehat mental jaring penting jaga semangat mentor bimbing excited karier pertama kampus
Saya ingin jadi psikolog kesehatan, tapi bingung soal pendidikan lanjutan. Apa yang harus saya lakukan setelah sarjana untuk ke sana?;Semangatmu untuk jadi psikolog kesehatan itu luar biasa! Setelah sarjana, lanjutkan ke program pascasarjana di psikologi, idealnya yang fokus pada psikologi kesehatan atau klinis. Cari program yang punya penelitian atau pelatihan praktis, seperti magang di rumah sakit. Bangun pengalaman dengan ikut proyek penelitian atau kerja sukarela di bidang kesehatan mental. Jaringan sama dosen atau profesional juga penting. Apa yang bikin kamu pengen ke karier ini, dan apa universitas yang pengen kamu cek untuk S2?;GROK;D1_GROK_HealthPsycology1-55_67.json;psikolog sehat didik lanjut laku sarjana sana semangat psikolog sehat luar sarjana lanjut program pascasarjana psikologi ideal psikologi sehat klinis program praktis magang sakit alam proyek kerja sukarela bidang sehat mental jaring dosen profesional penting karier universitas;1;1.0;terapi - psikolog - takut - obat - dokter - mental - sehat - khawatir - tahu - ganggu;1_psikolog_terapi_dokter_takut;psikolog sehat didik lanjut laku sarjana sana semangat psikolog sehat luar sarjana lanjut program pascasarjana psikologi ideal psikologi sehat klinis program praktis magang sakit alam proyek kerja sukarela bidang sehat mental jaring dosen profesional penting karier universitas
Saya pengen jadi psikolog kesehatan, tapi nggak tahu di mana bisa kerja. Apa peluang kerja untuk psikolog kesehatan, dan bagaimana saya siapin diri?;Impianmu jadi psikolog kesehatan itu keren banget! Psikolog kesehatan bisa kerja di rumah sakit, klinik, universitas, atau bahkan perusahaan yang fokus pada kesejahteraan karyawan. Tugasnya bantu orang atasi stres, kelola penyakit, atau promosi kesehatan. Untuk siapin diri, ambil pendidikan lanjutan di psikologi kesehatan, ikut magang, dan bangun keterampilan komunikasi. Cari tahu juga sertifikasi yang dibutuhkan di daerahmu. Apa yang bikin kamu excited soal profesi ini, dan di mana kamu pengen kerja nantinya?;GROK;D1_GROK_HealthPsycology1-55_67.json;psikolog sehat tahu kerja peluang kerja psikolog sehat siapin diri impi psikolog sehat keren psikolog sehat kerja sakit klinik universitas bahkan usaha sejahtera karyawan tugas stres kelola sakit promosi sehat siapin diri didik lanjut psikologi sehat magang terampil komunikasi tahu sertifikasi butuh daerah excited profesi kerja;1;1.0;terapi - psikolog - takut - obat - dokter - mental - sehat - khawatir - tahu - ganggu;1_psikolog_terapi_dokter_takut;psikolog sehat tahu kerja peluang kerja psikolog sehat siapin diri impi psikolog sehat keren psikolog sehat kerja sakit klinik universitas bahkan usaha sejahtera karyawan tugas stres kelola sakit promosi sehat siapin diri didik lanjut psikologi sehat magang terampil komunikasi tahu sertifikasi butuh daerah excited profesi kerja
Saya minum lebih banyak dari yang seharusnya, tapi takut ke terapi, dan itu bikin cemas. Bagaimana intervensi singkat bisa membantu, dan apa yang bisa saya lakukan?;Saya paham takut ke terapi itu wajar, tapi kamu hebat karena ingin ubah kebiasaan! Intervensi singkat, seperti ngobrol sama dokter atau konselor, bantu kamu lihat pola minummu dan kasih solusi simpel, yang kurangi cemas dan bikin pikiran lebih jernih. Coba hubungi hotline kesehatan mental atau ngobrol sama dokter sekali aja. Catat alasan berhenti, seperti ‘Aku ingin lebih happy.’ Ganti satu minuman dengan teh herbal. Apa yang bikin cemas, dan langkah kecil apa yang bisa kamu ambil?;GROK;D1_GROK_HealthPsycology114-151_58.json;takut terapi cemas intervensi singkat laku paham takut terapi ubah intervensi singkat dokter konselor pola solusi simpel kurang cemas jernih hotline sehat mental dokter sekali catat alas henti happy herbal cemas kecil;1;1.0;terapi - psikolog - takut - obat - dokter - mental - sehat - khawatir - tahu - ganggu;1_psikolog_terapi_dokter_takut;takut terapi cemas intervensi singkat laku paham takut terapi ubah intervensi singkat dokter konselor pola solusi simpel kurang cemas jernih hotline sehat mental dokter sekali catat alas henti happy herbal cemas kecil
Saya ingin bantuan profesional untuk atasi stres makan, tapi takut ke dokter. Bagaimana praktisi swasta bisa bantu, dan apa yang bisa saya lakukan?;Saya tahu takut ke dokter itu wajar, tapi kamu berani cari bantuan—itu luar biasa! Praktisi swasta, seperti psikolog atau ahli gizi, bisa bantu atasi stres makan dengan kasih rencana personal, seperti CBT atau saran diet. Ini bantu kesehatan mental karena bikin kamu merasa didengar dan terarah. Coba cari dokter yang ramah via rekomendasi temen, dan ceritain kekhawatiranmu. Mulai dengan langkah kecil, seperti catat apa yang kamu makan. Apa yang bikin takut, dan siapa yang bisa kamu tanya untuk rekomendasi?;GROK;D1_GROK_HealthPsycology56-95_67.json;profesional stres makan takut dokter praktisi swasta laku tahu takut dokter berani luar praktisi swasta psikolog ahli gizi stres makan rencana personal saran diet sehat mental dengar arah dokter ramah rekomendasi temen khawatir kecil catat makan takut siapa rekomendasi;1;1.0;terapi - psikolog - takut - obat - dokter - mental - sehat - khawatir - tahu - ganggu;1_psikolog_terapi_dokter_takut;profesional stres makan takut dokter praktisi swasta laku tahu takut dokter berani luar praktisi swasta psikolog ahli gizi stres makan rencana personal saran diet sehat mental dengar arah dokter ramah rekomendasi temen khawatir kecil catat makan takut siapa rekomendasi
Apakah label diagnosis itu penting, atau justru menakutkan?;"Label membantu profesional memilih intervensi, tapi bukan identitasmu. Fokuslah pada rencana pemulihan; label hanyalah peta jalan, bukan definisi dirimu.";GPT;D2_GPT_DrAndrewClinicalPsychology44-64_60.json;label diagnosis penting justru takut label profesional pilih intervensi bukan identitas rencana pulih label peta jalan bukan definisi diri;1;1.0;terapi - psikolog - takut - obat - dokter - mental - sehat - khawatir - tahu - ganggu;1_psikolog_terapi_dokter_takut;label diagnosis penting justru takut label profesional pilih intervensi bukan identitas rencana pulih label peta jalan bukan definisi diri
Aku takut ‘dicap’ suatu gangguan. Apa manfaat kriteria jelas bagiku sebagai klien?;Kriteria transparan melindungimu dari salah diagnosis dan memastikan terapi tepat sasaran. Kamu pun bisa belajar tentang gejala secara objektif tanpa menebak‑nebak.;GPT;D2_GPT_DrAndrewClinicalPsychology44-64_60.json;takut suatu ganggu manfaat kriteria jelas klien kriteria transparan lindung salah diagnosis terapi tepat sasar gejala objektif tebak nebak;1;1.0;terapi - psikolog - takut - obat - dokter - mental - sehat - khawatir - tahu - ganggu;1_psikolog_terapi_dokter_takut;takut suatu ganggu manfaat kriteria jelas klien kriteria transparan lindung salah diagnosis terapi tepat sasar gejala objektif tebak nebak
Jika daftar gangguan semakin banyak, bagaimana aku tetap merasa normal dengan perasaanku?;"Perasaan manusia berada di spektrum luas. Diagnosis hanya alat praktis; yang terpenting adalah bagaimana kamu berfungsi dan merasa. Fokus pada kebutuhan, bukan label.";GPT;D2_GPT_DrAndrewClinicalPsychology44-64_60.json;daftar ganggu makin tetap manusia spektrum luas diagnosis alat praktis penting fungsi butuh bukan label;1;1.0;terapi - psikolog - takut - obat - dokter - mental - sehat - khawatir - tahu - ganggu;1_psikolog_terapi_dokter_takut;daftar ganggu makin tetap manusia spektrum luas diagnosis alat praktis penting fungsi butuh bukan label
Kalau aku lebih suka sesi konseling praktis daripada teori, apakah harus mencari terapis PsyD?;"Bukan wajib, tapi terapis PsyD biasanya menitikberatkan aspek praktik. Tanyakan pendekatan mereka; pilih yang selaras gaya belajarmu.";GPT;D2_GPT_DrAndrewClinicalPsychology44-64_60.json;sesi konseling praktis teori terap psyd bukan wajib terap psyd menitikberatkan aspek praktik dekat pilih selaras gaya;1;1.0;terapi - psikolog - takut - obat - dokter - mental - sehat - khawatir - tahu - ganggu;1_psikolog_terapi_dokter_takut;sesi konseling praktis teori terap psyd bukan wajib terap psyd menitikberatkan aspek praktik dekat pilih selaras gaya
Bagaimana aku bisa mencari bantuan terjangkau jika biaya terapi jadi hambatan?;Cari klinik komunitas, layanan kampus, atau terapis yang menerapkan skema tarif geser. Banyak profesional berkomitmen menjangkau klien dengan keterbatasan finansial.;GPT;D2_GPT_DrAndrewClinicalPsychology44-64_60.json;jangkau biaya terapi hambat klinik kampus terap terap skema tarif geser profesional komitmen jangkau klien batas finansial;1;1.0;terapi - psikolog - takut - obat - dokter - mental - sehat - khawatir - tahu - ganggu;1_psikolog_terapi_dokter_takut;jangkau biaya terapi hambat klinik kampus terap terap skema tarif geser profesional komitmen jangkau klien batas finansial
Bisakah aku coba latihan menyelesaikan kalimat untuk mengenal diriku?;"Tentu. Tulis awal kalimat ‘Aku merasa bahagia ketika…’ lalu lanjutkan spontan. Refleksikan hasilnya; pola muncul dapat jadi bahan diskusi terapi.";GPT;D2_GPT_DrAndrewClinicalPsychology44-64_60.json;kenal diri awal bahagia lanjut spontan refleksi hasil pola muncul bahan diskusi terapi;1;1.0;terapi - psikolog - takut - obat - dokter - mental - sehat - khawatir - tahu - ganggu;1_psikolog_terapi_dokter_takut;kenal diri awal bahagia lanjut spontan refleksi hasil pola muncul bahan diskusi terapi
Aku pemalu, apakah ikut group therapy bermanfaat bagiku?;Group therapy menyediakan dukungan sejawat dan rasa tidak sendiri. Fasilitator terlatih memastikan aturan aman, sehingga kamu bisa berbagi sesuai kenyamanan.;GPT;D2_GPT_DrAndrewClinicalPsychology44-64_60.json;malu group therapy manfaat group therapy sedia dukung jawat sendiri fasilitator atur sesuai nyaman;1;1.0;terapi - psikolog - takut - obat - dokter - mental - sehat - khawatir - tahu - ganggu;1_psikolog_terapi_dokter_takut;malu group therapy manfaat group therapy sedia dukung jawat sendiri fasilitator atur sesuai nyaman
Bagaimana menimbang kebutuhan obat tanpa merasa ‘lemah’?;"Obat ibarat kacamata bantu melihat jelas; bukan kelemahan, melainkan alat sementara agar terapi lebih efektif. Diskusikan manfaat‑risiko dengan psikiater.";GPT;D2_GPT_DrAndrewClinicalPsychology44-64_60.json;timbang butuh obat lemah obat ibarat kacamata jelas bukan lemah alat terapi efektif diskusi manfaat risiko psikiater;1;1.0;terapi - psikolog - takut - obat - dokter - mental - sehat - khawatir - tahu - ganggu;1_psikolog_terapi_dokter_takut;timbang butuh obat lemah obat ibarat kacamata jelas bukan lemah alat terapi efektif diskusi manfaat risiko psikiater
Aku pake asuransi buat terapi. Apa ini bikin terapi kurang bagus?;Aku ngerti kamu pengen terapi yang terbaik. Kalau pake asuransi atau managed care, kadang perusahaan minta psikolog kurangin sesi biar hemat biaya, yang bisa bikin psikolog ngerasa tertekan. Tapi, psikolog yang baik bakal berusaha kasih perawatan terbaik meski ada batasan. Coba tanya psikologmu soal dampak asuransi. Apa yang lagi bikin bingung soal terapi? Ceritain, yuk.;GROK;D2_GROK_DrAndrewClinicalPsychology108-130_51.json;pake asuransi terapi terapi kurang bagus terapi pake asuransi managed care usaha minta psikolog rangin sesi hemat biaya psikolog ngerasa tekan psikolog usaha awat batas psikolog dampak asuransi terapi;1;1.0;terapi - psikolog - takut - obat - dokter - mental - sehat - khawatir - tahu - ganggu;1_psikolog_terapi_dokter_takut;pake asuransi terapi terapi kurang bagus terapi pake asuransi managed care usaha minta psikolog rangin sesi hemat biaya psikolog ngerasa tekan psikolog usaha awat batas psikolog dampak asuransi terapi
Aku takut dikasi diagnosis cuma biar asuransi bayar. Bener nggak?;Kekhawatiranmu masuk akal. Kadang, managed care minta diagnosis resmi biar bayarin terapi, dan ini bisa bikin psikolog kasih diagnosis meski gejalamu ringan. Tapi, psikolog yang etis bakal hati-hati dan jelasin ke kamu kenapa diagnosis itu dikasih. Mending tanya langsung soal ini di awal. Kalau kamu takut soal diagnosis, apa yang lagi bikin khawatir? Ceritain, dong.;GROK;D2_GROK_DrAndrewClinicalPsychology108-130_51.json;takut kasi diagnosis asuransi bayar khawatir masuk akal managed care minta diagnosis resmi bayarin terapi psikolog diagnosis gejala ringan psikolog etis hati hati jelasin diagnosis mending langsung awal takut diagnosis khawatir;1;1.0;terapi - psikolog - takut - obat - dokter - mental - sehat - khawatir - tahu - ganggu;1_psikolog_terapi_dokter_takut;takut kasi diagnosis asuransi bayar khawatir masuk akal managed care minta diagnosis resmi bayarin terapi psikolog diagnosis gejala ringan psikolog etis hati hati jelasin diagnosis mending langsung awal takut diagnosis khawatir
Aku pake asuransi buat terapi. Apa ini ngaruh ke perawatan?;Pake asuransi itu bagus biar terapi lebih terjangkau, tapi aku ngerti kamu pengen tahu dampaknya. Kadang, managed care bikin psikolog ngerasa tertekan buat kurangin sesi biar hemat biaya, yang bisa ngaruh ke perawatan. Tapi, psikolog yang etis bakal usaha kasih yang terbaik buat kamu. Coba tanya mereka soal batasan asuransi. Apa yang lagi bikin bingung? Ceritain, dong.;GROK;D2_GROK_DrAndrewClinicalPsychology108-130_51.json;pake asuransi terapi ngaruh awat pake asuransi bagus terapi jangkau tahu dampak managed care psikolog ngerasa tekan rangin sesi hemat biaya ngaruh awat psikolog etis usaha batas asuransi;1;1.0;terapi - psikolog - takut - obat - dokter - mental - sehat - khawatir - tahu - ganggu;1_psikolog_terapi_dokter_takut;pake asuransi terapi ngaruh awat pake asuransi bagus terapi jangkau tahu dampak managed care psikolog ngerasa tekan rangin sesi hemat biaya ngaruh awat psikolog etis usaha batas asuransi
Aku pake asuransi. Apa aku bakal dikasi diagnosis yang nggak bener?;Aku ngerti kamu takut soal diagnosis. Kadang, managed care minta diagnosis resmi biar bayarin terapi, dan ini bisa bikin psikolog kasih label meski gejalamu ringan. Tapi, psikolog yang etis bakal jelasin kenapa diagnosis itu dikasih dan pastiin itu bener-bener mencerminkan kondisimu. Coba tanya mereka soal ini di awal. Apa yang lagi bikin khawatir soal terapi? Ceritain, yuk.;GROK;D2_GROK_DrAndrewClinicalPsychology108-130_51.json;pake asuransi kasi diagnosis takut diagnosis managed care minta diagnosis resmi bayarin terapi psikolog label gejala ringan psikolog etis jelasin diagnosis pastiin cermin kondisi awal khawatir terapi;1;1.0;terapi - psikolog - takut - obat - dokter - mental - sehat - khawatir - tahu - ganggu;1_psikolog_terapi_dokter_takut;pake asuransi kasi diagnosis takut diagnosis managed care minta diagnosis resmi bayarin terapi psikolog label gejala ringan psikolog etis jelasin diagnosis pastiin cermin kondisi awal khawatir terapi
Aku takut nggak tahu apa yang bakal terjadi di terapi. Apa yang dijelasin?;Wajar banget kamu pengen tahu apa yang bakal terjadi. Lewat informed consent, psikolog bakal jelasin apa tujuan terapinya, berapa biayanya, batas kerahasiaannya, atau kalau ada pihak lain kayak asuransi. Mereka juga kasih kamu kesempatan tanya biar jelas. Ini bikin kamu bisa nyaman dari awal. Kalau kamu mikirin terapi, apa yang bikin bingung? Ceritain, dong.;GROK;D2_GROK_DrAndrewClinicalPsychology108-130_51.json;takut tahu terapi dijelasin tahu lewat informed consent psikolog jelasin tuju terapi berapa biaya batas rahasia pihak asuransi sempat jelas nyaman awal mikirin terapi;1;1.0;terapi - psikolog - takut - obat - dokter - mental - sehat - khawatir - tahu - ganggu;1_psikolog_terapi_dokter_takut;takut tahu terapi dijelasin tahu lewat informed consent psikolog jelasin tuju terapi berapa biaya batas rahasia pihak asuransi sempat jelas nyaman awal mikirin terapi
Aku pake asuransi. Apa terapi bakal dibatesin?;Pake asuransi bikin terapi lebih terjangkau, tapi aku ngerti kamu takut ada batasan. Kadang, managed care minta psikolog kurangin sesi biar hemat, yang bisa bikin terapi agak terbatas. Tapi, psikolog yang etis bakal usaha kasih perawatan terbaik. Coba tanya mereka soal batasan asuransi. Apa yang lagi bikin bingung soal terapi? Ceritain, yuk.;GROK;D2_GROK_DrAndrewClinicalPsychology108-130_51.json;pake asuransi terapi dibatesin pake asuransi terapi jangkau takut batas managed care minta psikolog rangin sesi hemat terapi batas psikolog etis usaha awat batas asuransi terapi;1;1.0;terapi - psikolog - takut - obat - dokter - mental - sehat - khawatir - tahu - ganggu;1_psikolog_terapi_dokter_takut;pake asuransi terapi dibatesin pake asuransi terapi jangkau takut batas managed care minta psikolog rangin sesi hemat terapi batas psikolog etis usaha awat batas asuransi terapi
Aku lagi mikir buat coba terapi. Apa sih yang diteliti psikolog soal terapi?;Keren, kamu lagi mikirin terapi! Psikolog klinis suka ngecek seberapa bagus terapi mereka lewat penelitian hasil terapi. Mereka pengen tahu apakah terapi beneran bantu orang kayak kamu merasa lebih baik, misalnya kurang stres atau cemas. Mereka lihat hal-hal kayak jenis terapi apa yang paling oke buat masalah tertentu. Ini bikin kamu bisa percaya terapi yang kamu coba udah dites. Apa yang lagi bikin kamu pengen coba terapi? Ceritain, yuk.;GROK;D2_GROK_DrAndrewClinicalPsychology131-148_47.json;mikir terapi psikolog terapi keren mikirin terapi psikolog klinis ngecek berapa bagus terapi lewat hasil terapi tahu terapi beneran kurang stres cemas jenis terapi paling percaya terapi udah terapi;1;1.0;terapi - psikolog - takut - obat - dokter - mental - sehat - khawatir - tahu - ganggu;1_psikolog_terapi_dokter_takut;mikir terapi psikolog terapi keren mikirin terapi psikolog klinis ngecek berapa bagus terapi lewat hasil terapi tahu terapi beneran kurang stres cemas jenis terapi paling percaya terapi udah terapi
Aku dengar dulu ada yang bilang terapi nggak works. Bener nggak sih?;Pertanyaan bagus! Iya, di tahun 1952, Hans Eysenck bikin heboh dengan bilang psikoterapi belum tentu efektif. Tapi, itu malah jadi pemicu buat banyak penelitian yang akhirnya buktiin terapi beneran bantu banyak orang. Sekarang, kita tahu terapi bisa bikin perubahan besar, apalagi kalau disesuain sama masalahmu. Kalau kamu lagi mikirin terapi, apa yang bikin penasaran? Ceritain, dong.;GROK;D2_GROK_DrAndrewClinicalPsychology131-148_47.json;dengar terapi works bagus tahun hans eysenck heboh psikoterapi efektif malah picu akhir buktiin terapi beneran tahu terapi ubah disesuain mikirin terapi penasaran;1;1.0;terapi - psikolog - takut - obat - dokter - mental - sehat - khawatir - tahu - ganggu;1_psikolog_terapi_dokter_takut;dengar terapi works bagus tahun hans eysenck heboh psikoterapi efektif malah picu akhir buktiin terapi beneran tahu terapi ubah disesuain mikirin terapi penasaran
Apa bedanya efikasi sama efektivitas di terapi?;Aku ngerti kamu pengen tahu apa artinya istilah-istilah ini. Efikasi itu kayak ngetes terapi di ‘lab’, dengan klien yang dipilih ketat dan kondisi super terkontrol, biar tahu terapi itu works apa nggak. Efektivitas itu ngetes di dunia nyata, kayak di klinik atau praktek, dengan klien yang macem-macem. Jadi, efikasi lebih ketat, efektivitas lebih realistis. Ini bantu psikolog yakin terapi bisa bantu kamu. Apa yang lagi bikin penasaran soal terapi? Ceritain, yuk.;GROK;D2_GROK_DrAndrewClinicalPsychology131-148_47.json;efikasi efektivitas terapi tahu arti istilah istilah efikasi ngetes terapi klien pilih ketat kondisi super kontrol tahu terapi works efektivitas ngetes nyata klinik praktek klien macem macem efikasi ketat efektivitas realistis psikolog yakin terapi penasaran terapi;1;1.0;terapi - psikolog - takut - obat - dokter - mental - sehat - khawatir - tahu - ganggu;1_psikolog_terapi_dokter_takut;efikasi efektivitas terapi tahu arti istilah istilah efikasi ngetes terapi klien pilih ketat kondisi super kontrol tahu terapi works efektivitas ngetes nyata klinik praktek klien macem macem efikasi ketat efektivitas realistis psikolog yakin terapi penasaran terapi
Apa itu validitas internal sama eksternal? Penting nggak buat terapi?;Validitas itu kayak jaminan kualitas penelitian terapi. Validitas internal artinya peneliti yakin banget terapi bikin perubahan, bukan karena hal lain. Validitas eksternal artinya hasil penelitian itu bisa dipake buat orang-orang di luar penelitian, kayak kamu di dunia nyata. Keduanya penting biar psikolog tahu terapi yang mereka kasih beneran works dan bisa bantu banyak orang. Kalau kamu lagi mikirin terapi, apa yang pengen kamu tanya? Ceritain, dong.;GROK;D2_GROK_DrAndrewClinicalPsychology131-148_47.json;validitas internal eksternal penting terapi validitas jamin kualitas terapi validitas internal arti yakin terapi ubah bukan validitas eksternal arti hasil dipake luar nyata penting psikolog tahu terapi beneran works mikirin terapi;1;1.0;terapi - psikolog - takut - obat - dokter - mental - sehat - khawatir - tahu - ganggu;1_psikolog_terapi_dokter_takut;validitas internal eksternal penting terapi validitas jamin kualitas terapi validitas internal arti yakin terapi ubah bukan validitas eksternal arti hasil dipake luar nyata penting psikolog tahu terapi beneran works mikirin terapi
Gimana psikolog tahu terapi aku berhasil apa nggak?;Aku ngerti kamu pengen tahu terapi bakal works buatmu. Psikolog ngecek hasil terapi dengan macem-macem cara, kayak tanya langsung ke kamu lewat kuesioner, ngobrol, atau lihat perubahan perilakumu. Mereka juga mikir kapan ngeceknya—setelah terapi selesai atau pas lagi jalan. Plus, mereka nanya siapa yang nilai, kamu atau mereka sendiri. Ini bikin mereka yakin terapi bantu kamu. Apa yang lagi bikin khawatir soal terapi? Ceritain, yuk.;GROK;D2_GROK_DrAndrewClinicalPsychology131-148_47.json;psikolog tahu terapi hasil tahu terapi works psikolog ngecek hasil terapi macem macem langsung lewat kuesioner ubah perilaku mikir kapan ngeceknya terapi jalan plus nanya siapa nilai sendiri yakin terapi khawatir terapi;1;1.0;terapi - psikolog - takut - obat - dokter - mental - sehat - khawatir - tahu - ganggu;1_psikolog_terapi_dokter_takut;psikolog tahu terapi hasil tahu terapi works psikolog ngecek hasil terapi macem macem langsung lewat kuesioner ubah perilaku mikir kapan ngeceknya terapi jalan plus nanya siapa nilai sendiri yakin terapi khawatir terapi
Aku takut dites sama psikolog. Apa mereka ngecek tes itu bener apa nggak?;Aku ngerti tes psikologi bisa bikin deg-degan. Kabar baiknya, psikolog klinis suka neliti tes-tes mereka biar yakin tes itu bener-bener akurat dan membantu. Mereka cek apakah tes cocok buat orang kayak kamu, termasuk budaya atau usiamu, dan bikin tes baru kalau perlu. Jadi, kamu bisa percaya hasilnya bakal ngegambarin kondisimu. Apa yang bikin takut soal tes? Ceritain, yuk.;GROK;D2_GROK_DrAndrewClinicalPsychology131-148_47.json;takut psikolog ngecek psikologi degan kabar psikolog klinis neliti yakin akurat cocok masuk usia perlu percaya hasil ngegambarin kondisi takut;1;1.0;terapi - psikolog - takut - obat - dokter - mental - sehat - khawatir - tahu - ganggu;1_psikolog_terapi_dokter_takut;takut psikolog ngecek psikologi degan kabar psikolog klinis neliti yakin akurat cocok masuk usia perlu percaya hasil ngegambarin kondisi takut
Aku takut diagnosisku salah. Apa psikolog ngecek soal diagnosis?;Aku ngerti kamu takut diagnosis nggak bener. Psikolog klinis banyak neliti soal diagnosis biar yakin label yang mereka kasih itu tepat. Mereka cek apakah kategori gangguan itu valid, hubungannya sama gangguan lain, atau seberapa sering muncul. Ini bantu mereka kasih diagnosis yang bener-bener ngegambarin kondisimu. Coba tanya psikologmu soal proses diagnosis. Apa yang bikin khawatir? Ceritain, yuk.;GROK;D2_GROK_DrAndrewClinicalPsychology131-148_47.json;takut diagnosis salah psikolog ngecek diagnosis takut diagnosis psikolog klinis neliti diagnosis yakin label tepat kategori ganggu valid ganggu berapa muncul diagnosis ngegambarin kondisi psikolog proses diagnosis khawatir;1;1.0;terapi - psikolog - takut - obat - dokter - mental - sehat - khawatir - tahu - ganggu;1_psikolog_terapi_dokter_takut;takut diagnosis salah psikolog ngecek diagnosis takut diagnosis psikolog klinis neliti diagnosis yakin label tepat kategori ganggu valid ganggu berapa muncul diagnosis ngegambarin kondisi psikolog proses diagnosis khawatir
Aku pengen psikolog yang terlatih baik. Apa mereka dites pelatihannya?;Kamu pengen psikolog yang bener-bener jago, ya. Psikolog klinis neliti pelatihan mereka, kayak cek kurikulum apa yang terbaik, cara ngajarin yang efektif, atau hasil pelatihan buat mahasiswa. Ini bikin mereka yakin psikolog baru siap bantu orang kayak kamu. Coba tanya psikologmu soal pelatihan mereka. Apa yang lagi bikin khawatir? Ceritain, yuk.;GROK;D2_GROK_DrAndrewClinicalPsychology131-148_47.json;psikolog psikolog jago psikolog klinis neliti kurikulum ngajarin efektif hasil mahasiswa yakin psikolog siap psikolog khawatir;1;1.0;terapi - psikolog - takut - obat - dokter - mental - sehat - khawatir - tahu - ganggu;1_psikolog_terapi_dokter_takut;psikolog psikolog jago psikolog klinis neliti kurikulum ngajarin efektif hasil mahasiswa yakin psikolog siap psikolog khawatir
Apa bedanya desain antar-kelompok sama dalam-kelompok?;Desain antar-kelompok itu kayak bandingin dua tim, misalnya satu tim dapet terapi, satu nggak, buat lihat bedanya. Desain dalam-kelompok cek tim yang sama, misalnya lihat mereka sebelum dan sesudah terapi. Keduanya bantu psikolog tahu terapi works apa nggak, tapi dari sudut beda. Ini bikin mereka bisa kasih terapi yang pas buat kamu. Apa yang lagi bikin penasaran soal terapi? Ceritain, dong.;GROK;D2_GROK_DrAndrewClinicalPsychology131-148_47.json;desain antar kelompok kelompok desain antar kelompok bandingin dapet terapi desain kelompok terapi psikolog tahu terapi works sudut terapi penasaran terapi;1;1.0;terapi - psikolog - takut - obat - dokter - mental - sehat - khawatir - tahu - ganggu;1_psikolog_terapi_dokter_takut;desain antar kelompok kelompok desain antar kelompok bandingin dapet terapi desain kelompok terapi psikolog tahu terapi works sudut terapi penasaran terapi
Apa itu desain analog? Bisa dipercaya nggak?;Desain analog itu kayak bikin ‘tiruan’ situasi klinis, misalnya pake mahasiswa buat ngecek terapi kalau susah dapetin klien beneran. Ini berguna banget, tapi hasilnya nggak selalu 100% sama kayak di dunia nyata. Psikolog pake ini buat mulai neliti, terus cek lagi di setting asli. Jadi, bisa dipercaya, tapi harus hati-hati. Apa yang lagi bikin penasaran soal penelitian? Ceritain, yuk.;GROK;D2_GROK_DrAndrewClinicalPsychology131-148_47.json;desain analog percaya desain analog tiru situasi klinis pake mahasiswa ngecek terapi susah dapetin klien beneran hasil nyata psikolog pake neliti terus setting asli percaya hati hati penasaran;1;1.0;terapi - psikolog - takut - obat - dokter - mental - sehat - khawatir - tahu - ganggu;1_psikolog_terapi_dokter_takut;desain analog percaya desain analog tiru situasi klinis pake mahasiswa ngecek terapi susah dapetin klien beneran hasil nyata psikolog pake neliti terus setting asli percaya hati hati penasaran
Apa itu studi kasus? Berguna nggak buat terapi?;Studi kasus itu kayak ngulik satu orang atau situasi bener-bener dalam, biar ngerti apa yang unik dari mereka. Ini bagus banget buat pendekatan idiografik, yang fokus ke apa yang spesial dari seseorang. Bisa kasih ide buat terapi atau pemicu penelitian lebih besar. Jadi, meski cuma satu orang, bisa bantu banyak. Apa yang lagi bikin penasaran soal terapi? Ceritain, yuk.;GROK;D2_GROK_DrAndrewClinicalPsychology131-148_47.json;studi kasus terapi studi kasus ngulik situasi unik bagus dekat idiografik spesial terapi picu penasaran terapi;1;1.0;terapi - psikolog - takut - obat - dokter - mental - sehat - khawatir - tahu - ganggu;1_psikolog_terapi_dokter_takut;studi kasus terapi studi kasus ngulik situasi unik bagus dekat idiografik spesial terapi picu penasaran terapi
Apa itu meta-analisis? Bikin terapi lebih yakin nggak?;Meta-analisis itu kayak nyampurin banyak penelitian jadi satu kesimpulan besar, biar lebih kuat. Joseph A. Durlak bilang ini bantu psikolog lihat apa yang bener-bener works dari banyak studi. Buat terapi, ini bikin yakin banget soalnya nggak cuma ngandalin satu penelitian. Jadi, kamu bisa percaya terapi yang dipake udah dites banyak. Apa yang lagi bikin penasaran? Ceritain, dong.;GROK;D2_GROK_DrAndrewClinicalPsychology131-148_47.json;meta analisis terapi yakin meta analisis nyampurin simpul kuat joseph durlak psikolog works studi terapi yakin ngandalin percaya terapi dipake udah penasaran;1;1.0;terapi - psikolog - takut - obat - dokter - mental - sehat - khawatir - tahu - ganggu;1_psikolog_terapi_dokter_takut;meta analisis terapi yakin meta analisis nyampurin simpul kuat joseph durlak psikolog works studi terapi yakin ngandalin percaya terapi dipake udah penasaran
Apa bedanya cross-sectional sama longitudinal? Mana yang lebih baik?;Cross-sectional itu cek orang di satu waktu, kayak foto. Longitudinal cek orang sama berulang-ulang, kayak video. Cross-sectional lebih gampang dan cepet, tapi longitudinal bisa lihat perubahan dari waktu ke waktu, misalnya mood kamu. Mana yang lebih baik tergantung pertanyaannya. Buat terapi, keduanya bantu psikolog ngerti kamu. Apa yang lagi bikin penasaran soal penelitian? Ceritain, yuk.;GROK;D2_GROK_DrAndrewClinicalPsychology131-148_47.json;cross sectional longitudinal cross sectional longitudinal ulang ulang cross sectional gampang cepet longitudinal ubah mood terapi psikolog penasaran;1;1.0;terapi - psikolog - takut - obat - dokter - mental - sehat - khawatir - tahu - ganggu;1_psikolog_terapi_dokter_takut;cross sectional longitudinal cross sectional longitudinal ulang ulang cross sectional gampang cepet longitudinal ubah mood terapi psikolog penasaran
Aku pengen terapi yang bener-bener works. Gimana psikolog ngeceknya?;Kamu pengen terapi yang bener-bener membantu, ya. Psikolog ngecek hasil terapi dengan cara kayak kuesioner, ngobrol sama kamu, atau lihat perubahan perilaku. Mereka juga mikir kapan ngecek—pas terapi jalan atau setelah selesai—dan siapa yang nilai, kamu atau mereka. Ini bikin mereka yakin terapi pas buatmu. Apa yang lagi bikin khawatir soal terapi? Ceritain, yuk.;GROK;D2_GROK_DrAndrewClinicalPsychology131-148_47.json;terapi works psikolog ngeceknya terapi psikolog ngecek hasil terapi kuesioner ubah perilaku mikir kapan ngecek terapi jalan siapa nilai yakin terapi khawatir terapi;1;1.0;terapi - psikolog - takut - obat - dokter - mental - sehat - khawatir - tahu - ganggu;1_psikolog_terapi_dokter_takut;terapi works psikolog ngeceknya terapi psikolog ngecek hasil terapi kuesioner ubah perilaku mikir kapan ngecek terapi jalan siapa nilai yakin terapi khawatir terapi
Aku khawatir diagnosisku nggak tepat. Apa psikolog cek ini?;Wajar banget kamu khawatir soal diagnosis. Psikolog klinis neliti buat pastiin diagnosis itu bener, kayak cek apakah kategori gangguan itu valid atau hubungannya sama gangguan lain. Mereka juga lihat seberapa sering gangguan itu muncul. Ini bantu mereka kasih diagnosis yang pas buat kondisimu. Coba tanya psikologmu soal prosesnya. Apa yang bikin khawatir? Ceritain, yuk.;GROK;D2_GROK_DrAndrewClinicalPsychology131-148_47.json;khawatir diagnosis tepat psikolog khawatir diagnosis psikolog klinis neliti pastiin diagnosis kategori ganggu valid ganggu berapa ganggu muncul diagnosis kondisi psikolog proses khawatir;1;1.0;terapi - psikolog - takut - obat - dokter - mental - sehat - khawatir - tahu - ganggu;1_psikolog_terapi_dokter_takut;khawatir diagnosis tepat psikolog khawatir diagnosis psikolog klinis neliti pastiin diagnosis kategori ganggu valid ganggu berapa ganggu muncul diagnosis kondisi psikolog proses khawatir
Aku pengen tahu psikologku kerja bener apa nggak. Apa ada penelitian soal ini?;Kamu pengen yakin psikologmu kerja baik, ya. Psikolog klinis sering neliti kerja mereka sendiri, kayak cek apa yang mereka lakuin, apa yang mereka percaya, atau gimana mereka bantu klien. Misalnya, mereka cek apakah mereka ngobrolin budaya sama klien. Ini bikin mereka terus ningkatin cara kerja biar bantu kamu lebih baik. Apa yang lagi bikin penasaran? Ceritain, dong.;GROK;D2_GROK_DrAndrewClinicalPsychology131-148_47.json;tahu psikolog kerja yakin psikolog kerja psikolog klinis neliti kerja sendiri lakuin percaya klien ngobrolin klien terus ningkatin kerja penasaran;1;1.0;terapi - psikolog - takut - obat - dokter - mental - sehat - khawatir - tahu - ganggu;1_psikolog_terapi_dokter_takut;tahu psikolog kerja yakin psikolog kerja psikolog klinis neliti kerja sendiri lakuin percaya klien ngobrolin klien terus ningkatin kerja penasaran
Aku pengen psikolog yang jago. Apa pelatihannya dites?;Kamu pengen psikolog yang bener-bener top, ya. Psikolog klinis neliti pelatihan mereka, kayak cek kurikulum apa yang paling bagus atau apakah mahasiswa bener-bener siap bantu klien. Ini bikin mereka yakin psikolog baru punya skill buat bantu orang kayak kamu. Coba tanya psikologmu soal pelatihan mereka. Apa yang lagi bikin penasaran? Ceritain, yuk.;GROK;D2_GROK_DrAndrewClinicalPsychology131-148_47.json;psikolog jago psikolog psikolog klinis neliti kurikulum paling bagus mahasiswa siap klien yakin psikolog skill psikolog penasaran;1;1.0;terapi - psikolog - takut - obat - dokter - mental - sehat - khawatir - tahu - ganggu;1_psikolog_terapi_dokter_takut;psikolog jago psikolog psikolog klinis neliti kurikulum paling bagus mahasiswa siap klien yakin psikolog skill psikolog penasaran
Aku pengen terapi yang pasti works. Apa meta-analisis bantu?;Kamu pengen terapi yang bener-bener terbukti, ya. Joseph A. Durlak bilang meta-analisis itu kayak ngumpulin banyak penelitian jadi satu kesimpulan kuat. Jadi, psikolog bisa lihat terapi mana yang beneran works dari banyak sudut. Ini bikin kamu bisa percaya terapi yang ditawarin udah dites berulang-ulang. Apa yang lagi bikin penasaran soal terapi? Ceritain, dong.;GROK;D2_GROK_DrAndrewClinicalPsychology131-148_47.json;terapi works meta analisis terapi bukti joseph durlak meta analisis ngumpulin simpul kuat psikolog terapi beneran works sudut percaya terapi ditawarin udah ulang ulang penasaran terapi;1;1.0;terapi - psikolog - takut - obat - dokter - mental - sehat - khawatir - tahu - ganggu;1_psikolog_terapi_dokter_takut;terapi works meta analisis terapi bukti joseph durlak meta analisis ngumpulin simpul kuat psikolog terapi beneran works sudut percaya terapi ditawarin udah ulang ulang penasaran terapi
Aku pengen tahu terapi works lama-lama. Desain apa yang dipake?;Kamu pengen tahu terapi bantu dalam jangka panjang, ya. Buat itu, desain longitudinal lebih pas, soalnya cek perubahan dari waktu ke waktu, misalnya mood-mu selama setahun. Cross-sectional cuma lihat satu waktu, kayak snapshot. Longitudinal lebih detail buat lihat progres. Ini bantu psikolog kasih terapi yang tahan lama. Apa yang lagi bikin penasaran? Ceritain, yuk.;GROK;D2_GROK_DrAndrewClinicalPsychology131-148_47.json;tahu terapi works lama lama desain dipake tahu terapi jangka panjang desain longitudinal ubah mood lama tahun cross sectional snapshot longitudinal detail progres psikolog terapi tahan lama penasaran;1;1.0;terapi - psikolog - takut - obat - dokter - mental - sehat - khawatir - tahu - ganggu;1_psikolog_terapi_dokter_takut;tahu terapi works lama lama desain dipake tahu terapi jangka panjang desain longitudinal ubah mood lama tahun cross sectional snapshot longitudinal detail progres psikolog terapi tahan lama penasaran
Aku takut tes psikologi nggak ngerti budayaku. Apa psikolog cek ini?;Aku ngerti kamu takut tes nggak pas sama budayamu. Psikolog klinis sering neliti tes mereka biar akurat buat berbagai budaya, kayak cek apakah tes sama bagusnya di bahasa atau latar belakang yang beda. Mereka juga bikin tes baru kalau perlu. Jadi, kamu bisa percaya tes itu beneran ngegambarin kondisimu. Apa yang bikin takut soal tes? Ceritain, yuk.;GROK;D2_GROK_DrAndrewClinicalPsychology131-148_47.json;takut psikologi psikolog takut psikolog klinis neliti akurat bagus bahasa latar belakang perlu percaya beneran ngegambarin kondisi takut;1;1.0;terapi - psikolog - takut - obat - dokter - mental - sehat - khawatir - tahu - ganggu;1_psikolog_terapi_dokter_takut;takut psikologi psikolog takut psikolog klinis neliti akurat bagus bahasa latar belakang perlu percaya beneran ngegambarin kondisi takut
Aku takut dikira punya gangguan yang salah. Apa psikolog teliti ini?;Aku ngerti kekhawatiranmu soal diagnosis. Psikolog klinis neliti soal diagnosis, kayak cek apakah kategori gangguan itu bener-bener valid atau hubungannya sama gangguan lain. Mereka juga lihat seberapa sering gangguan itu muncul biar nggak salah label. Ini bantu mereka kasih diagnosis yang pas buatmu. Coba tanya psikologmu soal prosesnya. Apa yang bikin khawatir? Ceritain, yuk.;GROK;D2_GROK_DrAndrewClinicalPsychology131-148_47.json;takut ganggu salah psikolog khawatir diagnosis psikolog klinis neliti diagnosis kategori ganggu valid ganggu berapa ganggu muncul salah label diagnosis psikolog proses khawatir;1;1.0;terapi - psikolog - takut - obat - dokter - mental - sehat - khawatir - tahu - ganggu;1_psikolog_terapi_dokter_takut;takut ganggu salah psikolog khawatir diagnosis psikolog klinis neliti diagnosis kategori ganggu valid ganggu berapa ganggu muncul salah label diagnosis psikolog proses khawatir
Aku pengen psikolog yang ngerti budaya. Apa mereka teliti soal ini?;Kamu pengen psikolog yang bener-bener ngerti budayamu, ya. Psikolog klinis neliti praktik mereka, termasuk apakah mereka ngobrolin budaya sama klien atau gimana mereka bantu orang dari latar belakang beda. Ini bantu mereka ningkatin cara kerja biar lebih pas buat kamu. Coba tanya psikologmu soal pengalaman mereka sama budayamu. Apa yang bikin penasaran? Ceritain, dong.;GROK;D2_GROK_DrAndrewClinicalPsychology131-148_47.json;psikolog psikolog psikolog klinis neliti praktik masuk ngobrolin klien latar belakang ningkatin kerja psikolog alam penasaran;1;1.0;terapi - psikolog - takut - obat - dokter - mental - sehat - khawatir - tahu - ganggu;1_psikolog_terapi_dokter_takut;psikolog psikolog psikolog klinis neliti praktik masuk ngobrolin klien latar belakang ningkatin kerja psikolog alam penasaran
Aku pengen psikolog yang dilatih baik soal budaya. Apa ini dites?;Kamu pengen psikolog yang jago ngerti budaya, ya. Psikolog klinis neliti pelatihan mereka, kayak cek kurikulum apa yang bikin mereka siap bantu orang dari budaya beda atau apakah pelatihan budaya works. Ini bikin mereka yakin psikolog baru punya skill buat bantu kamu. Coba tanya psikologmu soal pelatihan budaya mereka. Apa yang bikin penasaran? Ceritain, yuk.;GROK;D2_GROK_DrAndrewClinicalPsychology131-148_47.json;psikolog psikolog jago psikolog klinis neliti kurikulum siap works yakin psikolog skill psikolog penasaran;1;1.0;terapi - psikolog - takut - obat - dokter - mental - sehat - khawatir - tahu - ganggu;1_psikolog_terapi_dokter_takut;psikolog psikolog jago psikolog klinis neliti kurikulum siap works yakin psikolog skill psikolog penasaran
Aku takut terapi nggak terbukti. Apa meta-analisis bikin yakin?;Aku ngerti kamu pengen terapi yang bener-bener terbukti. Joseph A. Durlak bilang meta-analisis itu ngumpulin banyak penelitian biar kasih gambaran yang kuat soal apa yang works. Jadi, kalau terapi udah lolos meta-analisis, itu artinya udah dites berulang-ulang. Ini bikin kamu bisa percaya terapi itu solid. Apa yang lagi bikin khawatir? Ceritain, yuk.;GROK;D2_GROK_DrAndrewClinicalPsychology131-148_47.json;takut terapi bukti meta analisis yakin terapi bukti joseph durlak meta analisis ngumpulin kuat works terapi udah lolos meta analisis arti udah ulang ulang percaya terapi solid khawatir;1;1.0;terapi - psikolog - takut - obat - dokter - mental - sehat - khawatir - tahu - ganggu;1_psikolog_terapi_dokter_takut;takut terapi bukti meta analisis yakin terapi bukti joseph durlak meta analisis ngumpulin kuat works terapi udah lolos meta analisis arti udah ulang ulang percaya terapi solid khawatir
Aku pengen terapi yang bantu jangka panjang. Apa longitudinal bantu?;Kamu pengen terapi yang bener-bener tahan lama, ya. Desain longitudinal pas banget, soalnya cek perubahan dari waktu ke waktu, misalnya mood-mu selama beberapa tahun. Ini beda sama cross-sectional yang cuma lihat satu waktu. Longitudinal bantu psikolog tahu terapi works dalam jangka panjang. Coba tanya psikologmu soal ini. Apa yang lagi bikin penasaran? Ceritain, yuk.;GROK;D2_GROK_DrAndrewClinicalPsychology131-148_47.json;terapi jangka panjang longitudinal terapi tahan lama desain longitudinal ubah mood lama beberapa tahun cross sectional longitudinal psikolog tahu terapi works jangka panjang psikolog penasaran;1;1.0;terapi - psikolog - takut - obat - dokter - mental - sehat - khawatir - tahu - ganggu;1_psikolog_terapi_dokter_takut;terapi jangka panjang longitudinal terapi tahan lama desain longitudinal ubah mood lama beberapa tahun cross sectional longitudinal psikolog tahu terapi works jangka panjang psikolog penasaran
Siapa yang bikin DSM? Mereka ngerti orang kayak aku nggak?;Kamu pengen tahu siapa di balik DSM, ya. DSM dibuat sama tim yang disebut Task Force, kebanyakan psikiater, dan kadang dikritik karena kurang beragam—dulu kebanyakan laki-laki kulit putih. Tapi, mereka udah usaha masukin lebih banyak suara, termasuk soal budaya. Meski begitu, mereka fokus ke model medis, jadi mungkin nggak selalu 100% nyambung sama pengalaman unikmu. Coba ceritain ke psikologmu soal latar belakangmu biar mereka ngerti. Apa yang lagi bikin penasaran? Ceritain, yuk.;GROK;D2_GROK_DrAndrewClinicalPsychology150-170_38.json;siapa tahu siapa balik sebut task force psikiater kritik kurang agam laki laki kulit putih udah usaha masukin masuk model medis nyambung alam unik psikolog latar belakang penasaran;1;1.0;terapi - psikolog - takut - obat - dokter - mental - sehat - khawatir - tahu - ganggu;1_psikolog_terapi_dokter_takut;siapa tahu siapa balik sebut task force psikiater kritik kurang agam laki laki kulit putih udah usaha masukin masuk model medis nyambung alam unik psikolog latar belakang penasaran
Aku takut kalo didiagnosis gangguan mental. Apa dampaknya buat aku?;Aku ngerti takutnya kalo dapat diagnosis. Diagnosis bisa bantu, lho, kayak bikin kamu ngerti apa yang lagi kamu rasain, buka akses ke perawatan, atau bikin orang lain lebih ngerti kondisimu. Tapi, ada juga risiko, kayak takut dikira beda atau ngerasa malu. Psikolog biasanya bantu biar kamu nggak ngerasa sendirian dan kasih cara buat hadapi ini. Mau ceritain apa yang bikin takut soal diagnosis? Aku dengerin, kok.;GROK;D2_GROK_DrAndrewClinicalPsychology150-170_38.json;takut kalo diagnosis ganggu mental dampak takut kalo diagnosis diagnosis rasain akses awat kondisi risiko takut ngerasa malu psikolog ngerasa sendiri hadap takut diagnosis dengerin;1;1.0;terapi - psikolog - takut - obat - dokter - mental - sehat - khawatir - tahu - ganggu;1_psikolog_terapi_dokter_takut;takut kalo diagnosis ganggu mental dampak takut kalo diagnosis diagnosis rasain akses awat kondisi risiko takut ngerasa malu psikolog ngerasa sendiri hadap takut diagnosis dengerin
Siapa yang mulai bikin kategori gangguan mental kayak sekarang?;Kamu penasaran sama sejarah diagnosis, ya. Di akhir 1800-an, Emil Kraepelin bikin gebrakan dengan kasih nama kategori kayak mania-depresi dan demensia praecox, yang sekarang mirip bipolar dan skizofrenia. Dia bantu bikin sistem yang jadi cikal bakal DSM modern. Keren, kan, gimana dia mulai kasih struktur buat ngerti gangguan mental? Apa yang lagi bikin penasaran? Ceritain, yuk.;GROK;D2_GROK_DrAndrewClinicalPsychology150-170_38.json;siapa kategori ganggu mental penasaran sejarah diagnosis akhir emil kraepelin gebrak nama kategori mania depresi demensia praecox mirip bipolar skizofrenia cikal modern keren struktur ganggu mental penasaran;1;1.0;terapi - psikolog - takut - obat - dokter - mental - sehat - khawatir - tahu - ganggu;1_psikolog_terapi_dokter_takut;siapa kategori ganggu mental penasaran sejarah diagnosis akhir emil kraepelin gebrak nama kategori mania depresi demensia praecox mirip bipolar skizofrenia cikal modern keren struktur ganggu mental penasaran
DSM-IV ngerti budayaku nggak sih?;Aku ngerti kamu pengen diagnosis yang nyambung sama budayamu. DSM-IV dan DSM-IV-TR, yang keluar tahun 1994 dan 2000, udah mulai perhatiin budaya, lho. Mereka masukin info soal sindrom khusus budaya dan cara gangguan bisa beda di tiap budaya. Jadi, psikolog seharusnya bisa lihat kondisimu dengan ngerti latar belakangmu. Coba ceritain soal budayamu ke psikolog. Apa yang lagi bikin penasaran? Ceritain, dong.;GROK;D2_GROK_DrAndrewClinicalPsychology150-170_38.json;diagnosis nyambung keluar tahun udah perhatiin masukin info sindrom khusus ganggu psikolog kondisi latar belakang psikolog penasaran;1;1.0;terapi - psikolog - takut - obat - dokter - mental - sehat - khawatir - tahu - ganggu;1_psikolog_terapi_dokter_takut;diagnosis nyambung keluar tahun udah perhatiin masukin info sindrom khusus ganggu psikolog kondisi latar belakang psikolog penasaran
Aku takut diagnosisku salah gara-gara aturan DSM. Bener nggak?;Aku ngerti kamu takut diagnosis nggak tepat. Beberapa orang bilang DSM pake batasan yang agak subjektif, kayak bilang kamu harus punya lima gejala buat depresi, bukan tiga, atau gejalanya harus dua minggu. Batasan ini kadang berdasarkan pendapat ahli, bukan cuma data. Tapi, psikolog yang baik bakal lihat gambaran lengkapmu, nggak cuma ikut aturan kaku. Coba tanya soal proses diagnosis. Apa yang bikin takut? Ceritain, yuk.;GROK;D2_GROK_DrAndrewClinicalPsychology150-170_38.json;takut diagnosis salah gara gara atur takut diagnosis tepat beberapa pake batas subjektif lima gejala depresi bukan gejala minggu batas ahli bukan data psikolog lengkap atur kaku proses diagnosis takut;1;1.0;terapi - psikolog - takut - obat - dokter - mental - sehat - khawatir - tahu - ganggu;1_psikolog_terapi_dokter_takut;takut diagnosis salah gara gara atur takut diagnosis tepat beberapa pake batas subjektif lima gejala depresi bukan gejala minggu batas ahli bukan data psikolog lengkap atur kaku proses diagnosis takut
Aku perempuan dan takut dikira sakit cuma karena gender. Apa DSM bias?;Aku ngerti kekhawatiranmu soal gender. Beberapa gangguan di DSM emang lebih sering didiagnosis di perempuan, kayak depresi, atau di laki-laki, kayak gangguan perilaku. Ada yang bilang ini bisa karena bias, soalnya gejala kadang cuma perpanjangan peran gender di masyarakat. Psikolog yang baik bakal lihat kamu sebagai individu, nggak cuma gender. Coba tanya mereka soal ini. Apa yang lagi bikin takut? Ceritain, yuk.;GROK;D2_GROK_DrAndrewClinicalPsychology150-170_38.json;perempuan takut sakit gender bias khawatir gender beberapa ganggu emang diagnosis perempuan depresi laki laki ganggu perilaku bias gejala panjang peran gender masyarakat psikolog individu gender takut;1;1.0;terapi - psikolog - takut - obat - dokter - mental - sehat - khawatir - tahu - ganggu;1_psikolog_terapi_dokter_takut;perempuan takut sakit gender bias khawatir gender beberapa ganggu emang diagnosis perempuan depresi laki laki ganggu perilaku bias gejala panjang peran gender masyarakat psikolog individu gender takut
Aku takut PMDD bikin aku dikira sakit padahal cuma PMS. Bener nggak?;Aku ngerti kamu takut gejala normal dikira penyakit. Premenstrual dysphoric disorder (PMDD) lagi diusulin buat DSM, tapi banyak yang bilang ini bisa bikin pengalaman normal perempuan, kayak PMS, dikira gangguan mental. PMDD sebenarnya buat yang gejalanya bener-bener parah dan ganggu hidup. Psikolog yang baik bakal hati-hati kasih label ini. Coba ceritain gejalamu ke mereka. Apa yang lagi bikin khawatir? Ceritain, dong.;GROK;D2_GROK_DrAndrewClinicalPsychology150-170_38.json;takut pmdd sakit padahal takut gejala sakit premenstrual dysphoric disorder pmdd diusulin alam perempuan ganggu mental pmdd gejala parah ganggu hidup psikolog hati hati label gejala khawatir;1;1.0;terapi - psikolog - takut - obat - dokter - mental - sehat - khawatir - tahu - ganggu;1_psikolog_terapi_dokter_takut;takut pmdd sakit padahal takut gejala sakit premenstrual dysphoric disorder pmdd diusulin alam perempuan ganggu mental pmdd gejala parah ganggu hidup psikolog hati hati label gejala khawatir
Aku takut diagnosis bikin aku dikira aneh. Apa efeknya buatku?;Aku ngerti takutnya dapat label gangguan. Diagnosis bisa bantu, kayak kasih nama buat apa yang kamu rasain, buka jalan ke perawatan, atau bikin orang lebih ngerti kondisimu. Tapi, kadang juga bikin takut stigma, kayak ngerasa beda atau malu. Psikolog bisa bantu kamu ngerti diagnosis dan hadapi stigma. Mau ceritain apa yang bikin takut soal ini? Aku dengerin, kok.;GROK;D2_GROK_DrAndrewClinicalPsychology150-170_38.json;takut diagnosis aneh efek takut label ganggu diagnosis nama rasain jalan awat kondisi takut stigma ngerasa malu psikolog diagnosis hadap stigma takut dengerin;1;1.0;terapi - psikolog - takut - obat - dokter - mental - sehat - khawatir - tahu - ganggu;1_psikolog_terapi_dokter_takut;takut diagnosis aneh efek takut label ganggu diagnosis nama rasain jalan awat kondisi takut stigma ngerasa malu psikolog diagnosis hadap stigma takut dengerin
Apa hubungan diagnosis jaman dulu sama sekarang?;Kamu penasaran sama akar diagnosis modern, ya. Di akhir 1800-an, Emil Kraepelin bikin kategori kayak mania-depresi dan demensia praecox, yang mirip bipolar dan skizofrenia sekarang. Kerja dia bantu bikin sistem diagnosis yang lebih teratur, yang akhirnya jadi dasar DSM. Keren, kan, gimana ide dia masih ngaruh? Apa yang lagi bikin penasaran soal diagnosis? Ceritain, dong.;GROK;D2_GROK_DrAndrewClinicalPsychology150-170_38.json;diagnosis jaman penasaran akar diagnosis modern akhir emil kraepelin kategori mania depresi demensia praecox mirip bipolar skizofrenia kerja diagnosis atur akhir keren ngaruh penasaran diagnosis;1;1.0;terapi - psikolog - takut - obat - dokter - mental - sehat - khawatir - tahu - ganggu;1_psikolog_terapi_dokter_takut;diagnosis jaman penasaran akar diagnosis modern akhir emil kraepelin kategori mania depresi demensia praecox mirip bipolar skizofrenia kerja diagnosis atur akhir keren ngaruh penasaran diagnosis
DSM awal nggak berdasarkan penelitian ya? Kok gitu?;Bener, DSM-I tahun 1952 dan DSM-II tahun 1968 lebih ngandalin pendapat dokter-dokter senior yang suka teori psikoanalisis, bukan data penelitian. Makanya, istilahnya agak kabur dan penuh kata-kata kayak ‘neurosis’. Jaman itu, ilmunya belum sebanyak sekarang. Untungnya, DSM sekarang jauh lebih ilmiah, jadi diagnosis lebih jelas buat kamu. Apa yang lagi bikin penasaran? Ceritain, yuk.;GROK;D2_GROK_DrAndrewClinicalPsychology150-170_38.json;awal tahun tahun ngandalin dokter dokter senior teori psikoanalisis bukan data makanya istilah kabur penuh kata kata neurosis jaman ilmu untung jauh ilmiah diagnosis jelas penasaran;1;1.0;terapi - psikolog - takut - obat - dokter - mental - sehat - khawatir - tahu - ganggu;1_psikolog_terapi_dokter_takut;awal tahun tahun ngandalin dokter dokter senior teori psikoanalisis bukan data makanya istilah kabur penuh kata kata neurosis jaman ilmu untung jauh ilmiah diagnosis jelas penasaran
Aku laki-laki dan takut dikira nggak normal. Apa DSM bias gender?;Aku ngerti kekhawatiranmu soal label. DSM emang punya gangguan yang lebih sering didiagnosis di laki-laki, kayak gangguan perilaku, atau di perempuan, kayak depresi. Ada yang bilang ini bisa karena bias, soalnya gejala kadang cuma versi ekstrem dari peran gender di masyarakat. Psikolog yang baik bakal lihat kamu sebagai individu, nggak cuma gender. Coba tanya mereka soal ini. Apa yang bikin takut? Ceritain, yuk.;GROK;D2_GROK_DrAndrewClinicalPsychology150-170_38.json;laki laki takut bias gender khawatir label emang ganggu diagnosis laki laki ganggu perilaku perempuan depresi bias gejala versi ekstrem peran gender masyarakat psikolog individu gender takut;1;1.0;terapi - psikolog - takut - obat - dokter - mental - sehat - khawatir - tahu - ganggu;1_psikolog_terapi_dokter_takut;laki laki takut bias gender khawatir label emang ganggu diagnosis laki laki ganggu perilaku perempuan depresi bias gejala versi ekstrem peran gender masyarakat psikolog individu gender takut
Aku takut PMDD bikin aku dikira lemah. Apa itu bener?;Aku ngerti kamu takut gejala normal dikira kelemahan. Premenstrual dysphoric disorder (PMDD) lagi diusulin buat DSM, tapi dikritik karena bisa bikin pengalaman wajar perempuan dikira gangguan mental. PMDD sebenarnya buat gejala yang bener-bener parah, bukan cuma PMS biasa. Psikolog yang baik bakal cek dengan hati-hati sebelum kasih label. Coba ceritain gejalamu ke mereka. Apa yang bikin takut? Ceritain, dong.;GROK;D2_GROK_DrAndrewClinicalPsychology150-170_38.json;takut pmdd lemah takut gejala lemah premenstrual dysphoric disorder pmdd diusulin kritik alam perempuan ganggu mental pmdd gejala parah bukan psikolog hati hati label gejala takut;1;1.0;terapi - psikolog - takut - obat - dokter - mental - sehat - khawatir - tahu - ganggu;1_psikolog_terapi_dokter_takut;takut pmdd lemah takut gejala lemah premenstrual dysphoric disorder pmdd diusulin kritik alam perempuan ganggu mental pmdd gejala parah bukan psikolog hati hati label gejala takut
Aku khawatir tes psikolog nggak akurat. Apa yang bikin wawancara bisa dipercaya?;Wajar banget kamu khawatir soal akurasi. Menurut James M. Wood, Harvey N. Garb, dan Robert D. Nezworski, wawancara yang bagus harus punya validitas, artinya beneran ngukur apa yang dimau, reliabilitas, artinya hasilnya konsisten, dan utilitas klinis, artinya bantu bikin hidupmu lebih baik. Psikolog dilatih biar wawancara mereka memenuhi ini, jadi kamu bisa percaya. Apa yang bikin khawatir soal tes? Ceritain, yuk.;GROK;D2_GROK_DrAndrewClinicalPsychology171-194_44.json;khawatir psikolog akurat wawancara percaya khawatir akurasi turut james wood harvey garb robert nezworski wawancara bagus validitas arti beneran ngukur reliabilitas arti hasil konsisten utilitas klinis arti hidup psikolog wawancara penuh percaya khawatir;1;1.0;terapi - psikolog - takut - obat - dokter - mental - sehat - khawatir - tahu - ganggu;1_psikolog_terapi_dokter_takut;khawatir psikolog akurat wawancara percaya khawatir akurasi turut james wood harvey garb robert nezworski wawancara bagus validitas arti beneran ngukur reliabilitas arti hasil konsisten utilitas klinis arti hidup psikolog wawancara penuh percaya khawatir
Aku takut psikolog bilang aku bohong. Apa mereka bakal konfrontasi?;Aku ngerti takutnya kalau ceritamu dikira nggak bener. John Sommers-Flanagan dan Rita Sommers-Flanagan bilang konfrontasi itu cuma dipake kalau psikolog lihat ada yang nggak konsisten, kayak ‘Tadi kamu bilang nggak cemas, tapi sekarang bilang cemas terus, aku bingung.’ Mereka lakuin ini dengan lembut biar ngerti ceritamu, bukan buat nuduh. Kalau kamu khawatir, bilang aja apa yang bikin nggak enak. Apa yang lagi bikin takut? Ceritain, yuk.;GROK;D2_GROK_DrAndrewClinicalPsychology171-194_44.json;takut psikolog bohong konfrontasi takut john sommers flanagan rita sommers flanagan konfrontasi dipake psikolog konsisten tadi cemas cemas terus lakuin lembut bukan nuduh khawatir enak takut;1;1.0;terapi - psikolog - takut - obat - dokter - mental - sehat - khawatir - tahu - ganggu;1_psikolog_terapi_dokter_takut;takut psikolog bohong konfrontasi takut john sommers flanagan rita sommers flanagan konfrontasi dipake psikolog konsisten tadi cemas cemas terus lakuin lembut bukan nuduh khawatir enak takut
Aku takut psikolog nggak tahu perasaanku. Apa mereka perhatiin itu?;Aku ngerti kamu pengen perasaanmu dipahami. John Sommers-Flanagan dan Rita Sommers-Flanagan bilang psikolog pake refleksi perasaan, kayak bilang ‘Kedengerannya kamu sedih banget soal ini,’ buat nunjukin mereka ngerti emosimu, meski kamu nggak bilang langsung. Ini bikin kamu ngerasa diperhatiin. Mau ceritain apa yang lagi bikin berat? Aku dengerin, kok.;GROK;D2_GROK_DrAndrewClinicalPsychology171-194_44.json;takut psikolog tahu perhatiin paham john sommers flanagan rita sommers flanagan psikolog pake refleksi kedengerannya sedih nunjukin emosi langsung ngerasa diperhatiin berat dengerin;1;1.0;terapi - psikolog - takut - obat - dokter - mental - sehat - khawatir - tahu - ganggu;1_psikolog_terapi_dokter_takut;takut psikolog tahu perhatiin paham john sommers flanagan rita sommers flanagan psikolog pake refleksi kedengerannya sedih nunjukin emosi langsung ngerasa diperhatiin berat dengerin
Aku takut didiagnosis salah. Apa wawancara diagnostik bantu?;Aku ngerti kekhawatiranmu soal diagnosis. James Morrison bilang wawancara diagnostik itu dibuat khusus buat ngerti masalahmu dan kasih diagnosis yang bener berdasarkan DSM. Psikolog tanya soal gejala spesifik biar yakin, jadi peluang salah lebih kecil. Kalau kamu khawatir, tanya psikologmu soal prosesnya. Mau ceritain apa yang bikin takut? Aku dengerin, kok.;GROK;D2_GROK_DrAndrewClinicalPsychology171-194_44.json;takut diagnosis salah wawancara diagnostik khawatir diagnosis james morrison wawancara diagnostik khusus diagnosis psikolog gejala spesifik yakin peluang salah kecil khawatir psikolog proses takut dengerin;1;1.0;terapi - psikolog - takut - obat - dokter - mental - sehat - khawatir - tahu - ganggu;1_psikolog_terapi_dokter_takut;takut diagnosis salah wawancara diagnostik khawatir diagnosis james morrison wawancara diagnostik khusus diagnosis psikolog gejala spesifik yakin peluang salah kecil khawatir psikolog proses takut dengerin
Aku dengar ada ujian status mental. Apa itu dan buat apa?;Kamu penasaran sama ujian status mental, ya. Susan Lukas bilang ini kayak foto singkat soal kondisi pikiran dan perasaanmu saat ini, biasanya dipake di rumah sakit buat cek cepet apa kamu lagi oke atau nggak. Nggak buat diagnosis detail, tapi bantu psikolog tahu apa yang lagi terjadi sama kamu. Kalau kamu khawatir, tanya psikologmu soal tujuannya. Apa yang bikin penasaran? Ceritain, yuk.;GROK;D2_GROK_DrAndrewClinicalPsychology171-194_44.json;dengar status mental penasaran status mental lukas singkat kondisi dipake sakit cepet diagnosis detail psikolog tahu khawatir psikolog tuju penasaran;1;1.0;terapi - psikolog - takut - obat - dokter - mental - sehat - khawatir - tahu - ganggu;1_psikolog_terapi_dokter_takut;dengar status mental penasaran status mental lukas singkat kondisi dipake sakit cepet diagnosis detail psikolog tahu khawatir psikolog tuju penasaran
Aku takut diagnosis bikin aku dikira aneh. Apa wawancara diagnostik perlu?;Aku ngerti takutnya dapat label diagnosis. James Morrison bilang wawancara diagnostik itu penting buat ngerti masalahmu dan kasih diagnosis yang bener berdasarkan DSM, biar perawatanmu pas. Diagnosis bukan buat bikin kamu ngerasa aneh, tapi buat bantu ngerti dan atasi masalah. Kalau khawatir, tanya psikologmu soal prosesnya. Apa yang bikin takut? Ceritain, dong.;GROK;D2_GROK_DrAndrewClinicalPsychology171-194_44.json;takut diagnosis aneh wawancara diagnostik perlu takut label diagnosis james morrison wawancara diagnostik penting diagnosis awat diagnosis bukan ngerasa aneh khawatir psikolog proses takut;1;1.0;terapi - psikolog - takut - obat - dokter - mental - sehat - khawatir - tahu - ganggu;1_psikolog_terapi_dokter_takut;takut diagnosis aneh wawancara diagnostik perlu takut label diagnosis james morrison wawancara diagnostik penting diagnosis awat diagnosis bukan ngerasa aneh khawatir psikolog proses takut
Aku takut psikolog salah nilai aku gara-gara budaya. Apa mereka hati-hati?;Aku ngerti kamu takut budayamu disalahartikan. Irving Grieger bilang psikolog harus ngerti konteks budayamu biar nggak salah ngira perilaku normal di budayamu sebagai masalah. Mereka dilatih buat hati-hati soal ini. Coba ceritain budayamu ke psikolog biar mereka ngerti lebih baik. Apa yang bikin khawatir? Ceritain, dong.;GROK;D2_GROK_DrAndrewClinicalPsychology171-194_44.json;takut psikolog salah nilai gara gara hati hati takut disalahartikan irving grieger psikolog konteks salah ngira perilaku hati hati psikolog khawatir;1;1.0;terapi - psikolog - takut - obat - dokter - mental - sehat - khawatir - tahu - ganggu;1_psikolog_terapi_dokter_takut;takut psikolog salah nilai gara gara hati hati takut disalahartikan irving grieger psikolog konteks salah ngira perilaku hati hati psikolog khawatir
Aku takut tes Wechsler ribet. Apa yang mereka ukur?;Aku ngerti takutnya tes kelihatan rumit. Tes Wechsler, kayak WAIS buat dewasa atau WISC buat anak, ngukur kecerdasanmu secara keseluruhan, plus empat area besar, kayak kemampuan verbal, visual, memori, dan kecepatan berpikir. Ada juga subtes yang lihat kemampuan spesifik. Ini bantu psikolog ngerti kekuatan dan kelemahanmu. Mau ceritain apa yang bikin takut soal tes? Aku dengerin, kok.;GROK;D2_GROK_DrAndrewClinicalPsychology195-218_35.json;takut wechsler ribet ukur takut rumit wechsler wais dewasa wisc anak ngukur cerdas seluruh plus empat area mampu verbal visual memori cepat subtes mampu spesifik psikolog kuat lemah takut dengerin;1;1.0;terapi - psikolog - takut - obat - dokter - mental - sehat - khawatir - tahu - ganggu;1_psikolog_terapi_dokter_takut;takut wechsler ribet ukur takut rumit wechsler wais dewasa wisc anak ngukur cerdas seluruh plus empat area mampu verbal visual memori cepat subtes mampu spesifik psikolog kuat lemah takut dengerin
Aku takut dites buat gangguan belajar. Apa tes Wechsler bantu?;Aku ngerti takutnya dites gangguan belajar. Tes Wechsler sering dipake buat cek gangguan belajar, keterlambatan perkembangan, atau bahkan keberbakatan, karena mereka ngukur kemampuan pikiranmu secara detail. Ini bantu psikolog ngerti kenapa kamu mungkin susah di pelajaran tertentu dan kasih saran yang pas. Kalau khawatir, tanya psikologmu soal prosesnya. Mau ceritain apa yang bikin susah? Aku dengerin, kok.;GROK;D2_GROK_DrAndrewClinicalPsychology195-218_35.json;takut ganggu wechsler takut ganggu wechsler dipake ganggu lambat kembang bahkan bakat ngukur mampu detail psikolog susah saran khawatir psikolog proses susah dengerin;1;1.0;terapi - psikolog - takut - obat - dokter - mental - sehat - khawatir - tahu - ganggu;1_psikolog_terapi_dokter_takut;takut ganggu wechsler takut ganggu wechsler dipake ganggu lambat kembang bahkan bakat ngukur mampu detail psikolog susah saran khawatir psikolog proses susah dengerin
Aku takut tes cuma lihat satu sisi kecerdasanku. Apa bener cuma 'g'?;Aku ngerti kekhawatiranmu soal tes. Charles Spearman bilang kecerdasan itu kayak satu hal besar, 'g', yang ngaruh ke semua kemampuan. Tapi, tes modern kayak Wechsler juga lihat sisi spesifik, kayak verbal atau visual, jadi nggak cuma satu sisi. Ini bantu psikolog ngerti semua kekuatanmu. Kalau khawatir, tanya psikologmu soal hasilnya. Apa yang bikin takut? Ceritain, yuk.;GROK;D2_GROK_DrAndrewClinicalPsychology195-218_35.json;takut sisi cerdas khawatir charles spearman cerdas ngaruh mampu modern wechsler sisi spesifik verbal visual sisi psikolog kuat khawatir psikolog hasil takut;1;1.0;terapi - psikolog - takut - obat - dokter - mental - sehat - khawatir - tahu - ganggu;1_psikolog_terapi_dokter_takut;takut sisi cerdas khawatir charles spearman cerdas ngaruh mampu modern wechsler sisi spesifik verbal visual sisi psikolog kuat khawatir psikolog hasil takut
Aku takut nggak ngerti hasil tes Wechsler. Apa yang mereka kasih tahu?;Aku ngerti hasil tes bisa bikin bingung. Tes Wechsler kasih skor kecerdasan keseluruhan, yang nunjukin seberapa pinter kamu secara umum, plus empat skor indeks, kayak verbal, visual, memori, dan kecepatan, sama skor subtes yang lebih detail. Ini bantu psikolog ngerti apa yang kamu kuasai dan apa yang mungkin perlu bantuan. Kalau khawatir, minta psikologmu jelasin hasilnya. Apa yang bikin bingung? Ceritain, kok.;GROK;D2_GROK_DrAndrewClinicalPsychology195-218_35.json;takut hasil wechsler tahu hasil wechsler skor cerdas seluruh nunjukin berapa pinter umum plus empat skor indeks verbal visual memori cepat skor subtes detail psikolog kuasa perlu khawatir minta psikolog jelasin hasil;1;1.0;terapi - psikolog - takut - obat - dokter - mental - sehat - khawatir - tahu - ganggu;1_psikolog_terapi_dokter_takut;takut hasil wechsler tahu hasil wechsler skor cerdas seluruh nunjukin berapa pinter umum plus empat skor indeks verbal visual memori cepat skor subtes detail psikolog kuasa perlu khawatir minta psikolog jelasin hasil
Aku takut dikira sakit gara-gara budayaku. Apa psikolog ngerti budaya?;Aku ngerti kamu pengen dipahami sesuai budayamu. Richard H. Dana bilang psikolog harus paham budaya biar nggak salah ngira perilaku normal di budayamu sebagai masalah. Mereka dilatih buat hati-hati soal ini, tapi kalau khawatir, ceritain budayamu ke psikolog biar mereka ngerti konteksmu. Mau ceritain apa soal budayamu? Aku dengerin, kok.;GROK;D2_GROK_DrAndrewClinicalPsychology219-245_35.json;takut sakit gara gara psikolog paham sesuai richard dana psikolog paham salah ngira perilaku hati hati khawatir psikolog konteks dengerin;1;1.0;terapi - psikolog - takut - obat - dokter - mental - sehat - khawatir - tahu - ganggu;1_psikolog_terapi_dokter_takut;takut sakit gara gara psikolog paham sesuai richard dana psikolog paham salah ngira perilaku hati hati khawatir psikolog konteks dengerin
Aku takut MMPI-2 nggak ngerti aku. Gimana cara tes ini dibuat?;Aku ngerti kekhawatiranmu soal tes. Yossef S. Ben-Porath dan Robert P. Archer bilang MMPI-2 dibuat pake metode empirical criterion keying, artinya mereka pilih pertanyaan berdasarkan data nyata—mana yang bener-bener bedain orang dengan masalah tertentu sama yang nggak. Jadi, tes ini dirancang biar akurat ngerti kondisimu. Kalau khawatir, tanya psikologmu soal caranya. Apa yang bikin takut? Ceritain, dong.;GROK;D2_GROK_DrAndrewClinicalPsychology219-245_35.json;takut mmpi khawatir yossef porath robert archer mmpi pake metode empirical criterion keying arti pilih data nyata bedain rancang akurat kondisi khawatir psikolog takut;1;1.0;terapi - psikolog - takut - obat - dokter - mental - sehat - khawatir - tahu - ganggu;1_psikolog_terapi_dokter_takut;takut mmpi khawatir yossef porath robert archer mmpi pake metode empirical criterion keying arti pilih data nyata bedain rancang akurat kondisi khawatir psikolog takut
Aku takut dikira bohong di MMPI-2. Apa tes ini tahu kalau aku jujur?;Aku ngerti takutnya dikira nggak jujur. James N. Butcher bilang MMPI-2 punya skala validitas yang cek apakah kamu jawab jujur, atau mungkin coba kelihatan lebih sakit (‘fake bad’) atau lebih sehat (‘fake good’). Ini bantu psikolog ngerti sikapmu waktu tes, jadi hasilnya lebih bisa dipercaya. Kalau khawatir, bilang ke psikologmu kalau kamu mau jujur. Apa yang bikin takut? Ceritain, yuk.;GROK;D2_GROK_DrAndrewClinicalPsychology219-245_35.json;takut bohong mmpi tahu jujur takut jujur james butcher mmpi skala validitas jujur sakit fake sehat fake good psikolog sikap hasil percaya khawatir psikolog jujur takut;1;1.0;terapi - psikolog - takut - obat - dokter - mental - sehat - khawatir - tahu - ganggu;1_psikolog_terapi_dokter_takut;takut bohong mmpi tahu jujur takut jujur james butcher mmpi skala validitas jujur sakit fake sehat fake good psikolog sikap hasil percaya khawatir psikolog jujur takut
Anakku remaja takut dites MMPI-A. Apa tes ini cocok buat dia?;Aku ngerti kekhawatiranmu soal anakmu. Robert P. Archer bilang MMPI-A dibuat khusus buat remaja 14 sampai 18 tahun, dengan pertanyaan soal hal kayak sekolah, keluarga, atau temen yang relevan buat mereka. Ini bantu psikolog ngerti apa yang anakmu alamin tanpa bikin dia ngerasa aneh. Kalau khawatir, tanya psikolog soal tes ini. Mau ceritain apa yang bikin takut? Aku dengerin, kok.;GROK;D2_GROK_DrAndrewClinicalPsychology219-245_35.json;anak remaja takut mmpi cocok khawatir anak robert archer mmpi khusus remaja tahun sekolah keluarga temen relevan psikolog anak alamin ngerasa aneh khawatir psikolog takut dengerin;1;1.0;terapi - psikolog - takut - obat - dokter - mental - sehat - khawatir - tahu - ganggu;1_psikolog_terapi_dokter_takut;anak remaja takut mmpi cocok khawatir anak robert archer mmpi khusus remaja tahun sekolah keluarga temen relevan psikolog anak alamin ngerasa aneh khawatir psikolog takut dengerin
Aku takut tes proyektif aneh. Apa bedanya sama tes biasa?;Aku ngerti tes proyektif bisa kelihatan unik. Brian L. Smith dan Robert P. Archer bilang tes proyektif kasih kamu stimuli yang nggak jelas, kayak gambar atau kalimat setengah, dan kamu bebas jawab apa aja. Beda sama tes biasa yang pake pilihan jawaban, ini lihat kepribadianmu dari cara kamu bikin cerita atau tanggapan. Bantu psikolog ngerti kamu lebih dalam. Mau ceritain apa yang bikin takut? Aku dengerin, yuk.;GROK;D2_GROK_DrAndrewClinicalPsychology219-245_35.json;takut proyektif aneh proyektif unik brian smith robert archer proyektif stimuli jelas tengah bebas pake pilih pribadi tanggap psikolog takut dengerin;1;1.0;terapi - psikolog - takut - obat - dokter - mental - sehat - khawatir - tahu - ganggu;1_psikolog_terapi_dokter_takut;takut proyektif aneh proyektif unik brian smith robert archer proyektif stimuli jelas tengah bebas pake pilih pribadi tanggap psikolog takut dengerin
Aku takut tes Rorschach bikin bingung. Apa gunanya?;Aku ngerti tes Rorschach bisa kelihatan aneh. Irving B. Weiner bilang tes ini pake bercak tinta yang nggak jelas buat lihat gimana kamu mikir dan ngerasa. Kamu ceritain apa yang kamu lihat di bercak itu, dan itu kasih gambaran soal kepribadianmu. Bantu psikolog ngerti pola pikirmu. Kalau khawatir, tanya psikologmu soal caranya. Mau ceritain apa yang bikin takut? Aku dengerin, kok.;GROK;D2_GROK_DrAndrewClinicalPsychology219-245_35.json;takut rorschach rorschach aneh irving weiner pake bercak tinta jelas mikir ngerasa bercak pribadi psikolog pola khawatir psikolog takut dengerin;1;1.0;terapi - psikolog - takut - obat - dokter - mental - sehat - khawatir - tahu - ganggu;1_psikolog_terapi_dokter_takut;takut rorschach rorschach aneh irving weiner pake bercak tinta jelas mikir ngerasa bercak pribadi psikolog pola khawatir psikolog takut dengerin
Aku takut TAT bikin aku ngerasa nggak nyaman. Apa tes ini perlu?;Aku ngerti takutnya bikin cerita bisa bikin nggak enak. Leopold Bellak bilang TAT minta kamu bikin cerita dari gambar-gambar yang nggak jelas, biar psikolog ngerti gimana kamu lihat hubungan sama orang lain. Ini bantu ngungkap perasaan atau pikiran yang mungkin nggak keluar di tes lain. Kalau khawatir, bilang ke psikolog biar mereka bikin nyaman. Mau ceritain apa yang bikin takut? Aku dengerin, yuk.;GROK;D2_GROK_DrAndrewClinicalPsychology219-245_35.json;takut ngerasa nyaman perlu takut enak leopold bellak minta jelas psikolog ngungkap keluar khawatir psikolog nyaman takut dengerin;1;1.0;terapi - psikolog - takut - obat - dokter - mental - sehat - khawatir - tahu - ganggu;1_psikolog_terapi_dokter_takut;takut ngerasa nyaman perlu takut enak leopold bellak minta jelas psikolog ngungkap keluar khawatir psikolog nyaman takut dengerin
Aku takut RISB bikin aku ngerasa terbuka banget. Apa tes ini aman?;Aku ngerti takutnya cerita terlalu banyak. Alissa Sherry, Eric R. Dahlen, dan Maxine Holaday bilang RISB cuma minta kamu nglengkapin kalimat, kayak ‘Aku suka...’, buat ngerti kepribadianmu. Psikolog pake ini biar tahu lebih dalam soal perasaanmu, dan mereka jaga kerahasiaan. Kalau khawatir, bilang ke psikolog biar kamu ngerasa aman. Mau ceritain apa yang bikin takut? Aku dengerin, kok.;GROK;D2_GROK_DrAndrewClinicalPsychology219-245_35.json;takut risb ngerasa takut terlalu alissa sherry eric dahlen maxine holaday risb minta nglengkapin pribadi psikolog pake tahu jaga rahasia khawatir psikolog ngerasa takut dengerin;1;1.0;terapi - psikolog - takut - obat - dokter - mental - sehat - khawatir - tahu - ganggu;1_psikolog_terapi_dokter_takut;takut risb ngerasa takut terlalu alissa sherry eric dahlen maxine holaday risb minta nglengkapin pribadi psikolog pake tahu jaga rahasia khawatir psikolog ngerasa takut dengerin
Aku takut penilaian perilaku nggak ngerti akar masalahku. Apa bedanya?;Aku ngerti kamu pengen masalahmu dipahami sampai akarnya. Elaine M. Heiby dan Stephen N. Haynes bilang penilaian perilaku fokus ke perilaku itu sendiri, kayak sering marah, sebagai masalahnya, bukan cuma tanda sesuatu yang lebih dalam. Ini bantu psikolog kasih solusi langsung buat ubah perilaku. Kalau khawatir, tanya psikologmu soal pendekatannya. Mau ceritain apa yang bikin susah? Aku dengerin, kok.;GROK;D2_GROK_DrAndrewClinicalPsychology219-245_35.json;takut nilai perilaku akar paham akar elaine heiby stephen haynes nilai perilaku perilaku sendiri marah bukan psikolog solusi langsung ubah perilaku khawatir psikolog dekat susah dengerin;1;1.0;terapi - psikolog - takut - obat - dokter - mental - sehat - khawatir - tahu - ganggu;1_psikolog_terapi_dokter_takut;takut nilai perilaku akar paham akar elaine heiby stephen haynes nilai perilaku perilaku sendiri marah bukan psikolog solusi langsung ubah perilaku khawatir psikolog dekat susah dengerin
Aku takut diamati di observasi perilaku. Apa itu perlu?;Aku ngerti takutnya kalau diamati. Thomas H. Ollendick, Heather K. Alvarez, dan Russell W. Greene bilang observasi perilaku itu cuma psikolog ngeliat langsung apa yang kamu lakuin di tempat biasa, kayak rumah atau sekolah, biar ngerti masalahmu lebih jelas. Ini bantu mereka kasih saran yang bener-bener pas. Kalau khawatir, tanya psikologmu soal caranya. Mau ceritain apa yang bikin takut? Aku dengerin, yuk.;GROK;D2_GROK_DrAndrewClinicalPsychology219-245_35.json;takut observasi perilaku perlu takut thomas ollendick heather alvarez russell greene observasi perilaku psikolog ngeliat langsung lakuin tempat sekolah jelas saran khawatir psikolog takut dengerin;1;1.0;terapi - psikolog - takut - obat - dokter - mental - sehat - khawatir - tahu - ganggu;1_psikolog_terapi_dokter_takut;takut observasi perilaku perlu takut thomas ollendick heather alvarez russell greene observasi perilaku psikolog ngeliat langsung lakuin tempat sekolah jelas saran khawatir psikolog takut dengerin
Aku takut satu tes salah nilai aku. Apa multimethod lebih baik?;Aku ngerti takutnya satu tes nggak adil. Penilaian multimethod pake banyak cara—tes, wawancara, observasi—biar psikolog lihat kamu dari banyak sudut. Ini bikin hasilnya lebih lengkap dan akurat, jadi nggak cuma ngandalin satu tes. Kalau khawatir, tanya psikologmu soal metode yang mereka pake. Mau ceritain apa yang bikin takut? Aku dengerin, kok.;GROK;D2_GROK_DrAndrewClinicalPsychology219-245_35.json;takut salah nilai multimethod takut adil nilai multimethod pake wawancara observasi psikolog sudut hasil lengkap akurat ngandalin khawatir psikolog metode pake takut dengerin;1;1.0;terapi - psikolog - takut - obat - dokter - mental - sehat - khawatir - tahu - ganggu;1_psikolog_terapi_dokter_takut;takut salah nilai multimethod takut adil nilai multimethod pake wawancara observasi psikolog sudut hasil lengkap akurat ngandalin khawatir psikolog metode pake takut dengerin
Aku takut MMPI-2 terlalu susah. Apa tes ini cocok buatku?;Aku ngerti takutnya tes kelihatan susah. James N. Butcher dan Larry E. Beutler bilang MMPI-2 itu tes yang paling dipercaya karena akurat banget cek kepribadian dan masalah mental. Cuma jawab ‘benar’ atau ‘salah’ soal perasaanmu, nggak perlu pinter khusus. Ini bantu psikolog ngerti kamu. Kalau khawatir, tanya psikologmu soal tes ini. Mau ceritain apa yang bikin takut? Aku dengerin, kok.;GROK;D2_GROK_DrAndrewClinicalPsychology219-245_35.json;takut mmpi terlalu susah cocok takut susah james butcher larry beutler mmpi paling percaya akurat pribadi mental salah perlu pinter khusus psikolog khawatir psikolog takut dengerin;1;1.0;terapi - psikolog - takut - obat - dokter - mental - sehat - khawatir - tahu - ganggu;1_psikolog_terapi_dokter_takut;takut mmpi terlalu susah cocok takut susah james butcher larry beutler mmpi paling percaya akurat pribadi mental salah perlu pinter khusus psikolog khawatir psikolog takut dengerin
Aku takut MMPI-2 bilang aku nggak jujur. Apa tes ini adil?;Aku ngerti takutnya dikira bohong. James N. Butcher bilang MMPI-2 punya skala validitas yang cek apakah kamu jawab jujur, atau mungkin coba kelihatan lebih buruk atau lebih baik dari aslinya. Ini bantu psikolog ngerti jawabanmu dengan adil. Kalau kamu jujur, nggak perlu takut. Bilang ke psikologmu kalau kamu mau terbuka. Apa yang bikin khawatir? Ceritain, yuk.;GROK;D2_GROK_DrAndrewClinicalPsychology219-245_35.json;takut mmpi jujur adil takut bohong james butcher mmpi skala validitas jujur asli psikolog adil jujur perlu takut psikolog khawatir;1;1.0;terapi - psikolog - takut - obat - dokter - mental - sehat - khawatir - tahu - ganggu;1_psikolog_terapi_dokter_takut;takut mmpi jujur adil takut bohong james butcher mmpi skala validitas jujur asli psikolog adil jujur perlu takut psikolog khawatir
Aku takut tes proyektif bikin aku ngerasa aneh. Apa tes ini berguna?;Aku ngerti tes proyektif bisa kelihatan nggak biasa. Brian L. Smith dan Robert P. Archer bilang tes ini pake stimuli kayak gambar atau kalimat yang nggak jelas, biar kamu ceritain apa yang ada di pikiranmu. Ini bantu psikolog ngerti perasaan atau pola pikir yang mungkin nggak keluar di tes biasa. Kalau khawatir, tanya psikologmu soal caranya. Mau ceritain apa yang bikin takut? Aku dengerin, yuk.;GROK;D2_GROK_DrAndrewClinicalPsychology219-245_35.json;takut proyektif ngerasa aneh proyektif brian smith robert archer pake stimuli jelas psikolog pola keluar khawatir psikolog takut dengerin;1;1.0;terapi - psikolog - takut - obat - dokter - mental - sehat - khawatir - tahu - ganggu;1_psikolog_terapi_dokter_takut;takut proyektif ngerasa aneh proyektif brian smith robert archer pake stimuli jelas psikolog pola keluar khawatir psikolog takut dengerin
Aku takut Rorschach nggak akurat. Apa bener bantu ngerti aku?;Aku ngerti takutnya tes nggak bener. Irving B. Weiner bilang Rorschach pake bercak tinta buat lihat gimana kamu mikir dan ngerasa, dengan ceritain apa yang kamu lihat. Ini kasih gambaran unik soal kepribadianmu, tapi harus diinterpretasi sama psikolog yang terlatih. Kalau khawatir, tanya psikologmu soal hasilnya. Mau ceritain apa yang bikin takut? Aku dengerin, kok.;GROK;D2_GROK_DrAndrewClinicalPsychology219-245_35.json;takut rorschach akurat takut irving weiner rorschach pake bercak tinta mikir ngerasa unik pribadi interpretasi psikolog khawatir psikolog hasil takut dengerin;1;1.0;terapi - psikolog - takut - obat - dokter - mental - sehat - khawatir - tahu - ganggu;1_psikolog_terapi_dokter_takut;takut rorschach akurat takut irving weiner rorschach pake bercak tinta mikir ngerasa unik pribadi interpretasi psikolog khawatir psikolog hasil takut dengerin
Aku takut bikin cerita di TAT bikin aku malu. Apa tes ini aman?;Aku ngerti takutnya cerita bikin nggak nyaman. Leopold Bellak bilang TAT cuma minta kamu bikin cerita dari gambar biar psikolog ngerti gimana kamu lihat hubungan atau perasaan. Nggak ada jawaban salah, dan psikolog jaga kerahasiaan. Ini bantu ngungkap apa yang kamu rasain. Kalau khawatir, bilang ke psikolog biar kamu ngerasa aman. Mau ceritain apa yang bikin takut? Aku dengerin, yuk.;GROK;D2_GROK_DrAndrewClinicalPsychology219-245_35.json;takut malu takut nyaman leopold bellak minta psikolog salah psikolog jaga rahasia ngungkap rasain khawatir psikolog ngerasa takut dengerin;1;1.0;terapi - psikolog - takut - obat - dokter - mental - sehat - khawatir - tahu - ganggu;1_psikolog_terapi_dokter_takut;takut malu takut nyaman leopold bellak minta psikolog salah psikolog jaga rahasia ngungkap rasain khawatir psikolog ngerasa takut dengerin
Aku takut observasi perilaku bikin aku ngerasa diawasi. Apa gunanya?;Aku ngerti takutnya kalau ngerasa diawasi. Thomas H. Ollendick, Heather K. Alvarez, dan Russell W. Greene bilang observasi perilaku itu psikolog ngeliat langsung apa yang kamu lakuin di tempat biasa, kayak sekolah, biar ngerti masalahmu tanpa cuma ngandalin cerita. Ini bantu kasih solusi yang pas banget. Kalau khawatir, tanya psikologmu soal prosesnya. Mau ceritain apa yang bikin takut? Aku dengerin, yuk.;GROK;D2_GROK_DrAndrewClinicalPsychology219-245_35.json;takut observasi perilaku ngerasa awas takut ngerasa awas thomas ollendick heather alvarez russell greene observasi perilaku psikolog ngeliat langsung lakuin tempat sekolah ngandalin solusi khawatir psikolog proses takut dengerin;1;1.0;terapi - psikolog - takut - obat - dokter - mental - sehat - khawatir - tahu - ganggu;1_psikolog_terapi_dokter_takut;takut observasi perilaku ngerasa awas takut ngerasa awas thomas ollendick heather alvarez russell greene observasi perilaku psikolog ngeliat langsung lakuin tempat sekolah ngandalin solusi khawatir psikolog proses takut dengerin
Apa itu model Vail? Aku dengar ini lebih praktis.;Iya, model Vail memang lebih praktis. Jadi, sejak konferensi di Vail, Colorado, tahun 1973, model ini fokus pada melatih psikolog untuk langsung membantu orang, misalnya lewat terapi atau konseling, daripada banyak penelitian. Mereka dapat gelar PsyD, yang dirancang untuk orang-orang yang pengen cepat terjun ke lapangan dan bikin perubahan di hidup klien. Kalau kamu suka ide bantu orang langsung dengan mendengarkan cerita mereka, ini mungkin cocok. Apa kamu pernah kepikiran coba terapi buat ceritain apa yang lagi kamu rasain?;GROK;D2_GROK_DrAndrewClinicalPsychology26-43_53.json;model vail dengar praktis model vail praktis sejak konferensi vail colorado tahun model psikolog langsung lewat terapi konseling gelar psyd rancang cepat terjun lapang ubah hidup klien langsung dengar cocok terapi rasain;1;1.0;terapi - psikolog - takut - obat - dokter - mental - sehat - khawatir - tahu - ganggu;1_psikolog_terapi_dokter_takut;model vail dengar praktis model vail praktis sejak konferensi vail colorado tahun model psikolog langsung lewat terapi konseling gelar psyd rancang cepat terjun lapang ubah hidup klien langsung dengar cocok terapi rasain
Pernah dengar jadi psikolog klinis itu susah. Seberapa lama sih prosesnya?;Iya, jadi psikolog klinis memang butuh perjuangan, tapi itu karena mereka pengen bener-bener siap bantu orang seperti kamu. Biasanya, mereka kuliah intensif selama 4 tahun untuk dapat gelar doktor, ngerjain penelitian seperti tesis dan disertasi, plus magang selama setahun yang namanya predoctoral internship. Jadi, total bisa sekitar 5 tahun atau lebih kalau mulai dari gelar sarjana. Tapi bayangkan, semua itu supaya mereka bisa dengerin dan bantu kamu dengan cara terbaik. Apa yang bikin kamu penasaran sama profesi ini?;GROK;D2_GROK_DrAndrewClinicalPsychology26-43_53.json;dengar psikolog klinis susah berapa lama proses psikolog klinis butuh juang siap kuliah intensif lama tahun gelar doktor ngerjain tesis disertasi plus magang lama tahun nama predoctoral internship total tahun gelar sarjana bayang dengerin penasaran profesi;1;1.0;terapi - psikolog - takut - obat - dokter - mental - sehat - khawatir - tahu - ganggu;1_psikolog_terapi_dokter_takut;dengar psikolog klinis susah berapa lama proses psikolog klinis butuh juang siap kuliah intensif lama tahun gelar doktor ngerjain tesis disertasi plus magang lama tahun nama predoctoral internship total tahun gelar sarjana bayang dengerin penasaran profesi
Apa itu magang predoctoral? Kayak apa sih kerjanya?;Magang predoctoral itu kayak jembatan buat psikolog klinis dari jadi mahasiswa ke profesional. Selama setahun penuh, mereka bekerja di tempat seperti rumah sakit jiwa atau pusat kesehatan, tapi masih diawasi senior. Mereka mulai tangani klien, mungkin seperti ngobrol sama orang yang sedang stres atau bantu assesmen, tapi ada mentor yang bimbing. Ini waktu mereka belajar banyak sambil langsung bantu orang. Kedengeran menarik, nggak? Kalau kamu ketemu psikolog gini, apa yang pengen kamu tanyain ke mereka?;GROK;D2_GROK_DrAndrewClinicalPsychology26-43_53.json;magang predoctoral kerja magang predoctoral jembatan psikolog klinis mahasiswa profesional lama tahun penuh kerja tempat sakit jiwa pusat sehat awas senior tangan klien sedang stres assesmen mentor bimbing langsung kedengeran psikolog tanyain;1;1.0;terapi - psikolog - takut - obat - dokter - mental - sehat - khawatir - tahu - ganggu;1_psikolog_terapi_dokter_takut;magang predoctoral kerja magang predoctoral jembatan psikolog klinis mahasiswa profesional lama tahun penuh kerja tempat sakit jiwa pusat sehat awas senior tangan klien sedang stres assesmen mentor bimbing langsung kedengeran psikolog tanyain
Apa bedanya magang postdoctoral sama yang predoctoral?;Bagus kamu nanya ini! Jadi, magang predoctoral itu sebelum dapat gelar doktor, kayak latihan intensif selama setahun. Nah, magang postdoctoral itu setelah dapat gelar, biasanya 1-2 tahun, dan tugasnya lebih berat karena mereka mulai kerja lebih mandiri, tapi masih diawasi. Ini langkah terakhir sebelum mereka resmi jadi psikolog berlisensi yang bisa praktek sendiri. Bayangkan kayak naik level dari magang ke hampir jadi ‘bos’ sendiri. Kalau kamu lagi cari bantuan psikolog, penting nggak sih buatmu tahu mereka sudah berlisensi?;GROK;D2_GROK_DrAndrewClinicalPsychology26-43_53.json;magang postdoctoral predoctoral bagus nanya magang predoctoral gelar doktor intensif lama tahun magang postdoctoral gelar tahun tugas berat kerja mandiri awas akhir resmi psikolog lisensi praktek sendiri bayang naik level magang hampir sendiri psikolog penting tahu lisensi;1;1.0;terapi - psikolog - takut - obat - dokter - mental - sehat - khawatir - tahu - ganggu;1_psikolog_terapi_dokter_takut;magang postdoctoral predoctoral bagus nanya magang predoctoral gelar doktor intensif lama tahun magang postdoctoral gelar tahun tugas berat kerja mandiri awas akhir resmi psikolog lisensi praktek sendiri bayang naik level magang hampir sendiri psikolog penting tahu lisensi
Di mana biasanya psikolog klinis bekerja? Aku ingin tahu tempatnya.;Psikolog klinis itu bisa ditemuin di banyak tempat, lho. Paling umum, mereka buka praktik swasta, jadi kayak kantor sendiri buat ketemu klien. Tapi banyak juga yang kerja di universitas, ngajar atau penelitian, atau di rumah sakit dan pusat kesehatan masyarakat buat bantu pasien. Jadi, tergantung kebutuhanmu, kamu bisa ketemu mereka di tempat yang cocok. Kalau kamu mau coba ketemu psikolog, tempat kayak apa yang kamu bayangin?;GROK;D2_GROK_DrAndrewClinicalPsychology26-43_53.json;psikolog klinis kerja tahu tempat psikolog klinis ditemuin tempat paling umum praktik swasta kantor sendiri klien kerja universitas ngajar sakit pusat sehat masyarakat pasien butuh tempat cocok psikolog tempat bayangin;1;1.0;terapi - psikolog - takut - obat - dokter - mental - sehat - khawatir - tahu - ganggu;1_psikolog_terapi_dokter_takut;psikolog klinis kerja tahu tempat psikolog klinis ditemuin tempat paling umum praktik swasta kantor sendiri klien kerja universitas ngajar sakit pusat sehat masyarakat pasien butuh tempat cocok psikolog tempat bayangin
Apa aja sih yang dikerjain psikolog klinis sehari-hari?;Pekerjaan psikolog klinis itu beragam banget, tapi yang paling sering adalah psikoterapi—ngobrol sama klien buat bantu atasi masalah emosi atau perilaku. Selain itu, mereka juga bisa ngecek kondisi seseorang lewat asesmen, ngajar di universitas, bikin penelitian, atau bimbing psikolog yang lebih junior. Jadi, mereka kayak multitasker yang selalu berusaha bikin hidup orang lain lebih baik. Kalau kamu ketemu psikolog, kira-kira apa yang pengen kamu bicarain sama mereka?;GROK;D2_GROK_DrAndrewClinicalPsychology26-43_53.json;dikerjain psikolog klinis kerja psikolog klinis agam paling psikoterapi klien emosi perilaku ngecek kondisi lewat asesmen ngajar universitas bimbing psikolog junior multitasker usaha hidup psikolog bicarain;1;1.0;terapi - psikolog - takut - obat - dokter - mental - sehat - khawatir - tahu - ganggu;1_psikolog_terapi_dokter_takut;dikerjain psikolog klinis kerja psikolog klinis agam paling psikoterapi klien emosi perilaku ngecek kondisi lewat asesmen ngajar universitas bimbing psikolog junior multitasker usaha hidup psikolog bicarain
Kenapa sih jadi psikolog klinis lama banget? Apa aja yang mereka pelajari?;Iya, prosesnya emang panjang, tapi itu karena mereka pengen bener-bener siap bantu orang kayak kamu. Untuk jadi psikolog klinis, mereka kuliah intensif 4 tahun buat gelar doktor, ngerjain penelitian besar kayak tesis dan disertasi, terus magang setahun di tempat klinis. Mereka belajar macem-macem, dari cara ngobrol yang bikin nyaman, ngecek kondisi mental, sampe paham otak dan emosi. Semua itu supaya mereka bisa bantu kamu dengan cara yang bener-bener pas. Apa yang bikin kamu penasaran sama pelatihan mereka?;GROK;D2_GROK_DrAndrewClinicalPsychology26-43_53.json;psikolog klinis lama proses emang panjang siap psikolog klinis kuliah intensif tahun gelar doktor ngerjain tesis disertasi terus magang tahun tempat klinis macem macem nyaman ngecek kondisi mental sampe paham otak emosi penasaran;1;1.0;terapi - psikolog - takut - obat - dokter - mental - sehat - khawatir - tahu - ganggu;1_psikolog_terapi_dokter_takut;psikolog klinis lama proses emang panjang siap psikolog klinis kuliah intensif tahun gelar doktor ngerjain tesis disertasi terus magang tahun tempat klinis macem macem nyaman ngecek kondisi mental sampe paham otak emosi penasaran
Aku pengen tahu magang predoctoral itu ngapain aja. Penting nggak sih?;Magang predoctoral itu penting banget, lho. Ini kayak latihan akhir buat psikolog klinis sebelum mereka resmi kerja. Selama setahun, mereka kerja di tempat kayak rumah sakit atau pusat kesehatan, bantu klien dengan terapi atau asesmen, tapi masih diawasi senior. Ini bikin mereka belajar langsung gimana bantu orang dengan baik dan aman. Jadi, waktu kamu ketemu psikolog, kamu tahu mereka udah terlatih bener. Kalau kamu ketemu psikolog gini, apa yang pengen kamu tanyain?;GROK;D2_GROK_DrAndrewClinicalPsychology26-43_53.json;tahu magang predoctoral penting magang predoctoral penting akhir psikolog klinis resmi kerja lama tahun kerja tempat sakit pusat sehat klien terapi asesmen awas senior langsung psikolog tahu udah psikolog tanyain;1;1.0;terapi - psikolog - takut - obat - dokter - mental - sehat - khawatir - tahu - ganggu;1_psikolog_terapi_dokter_takut;tahu magang predoctoral penting magang predoctoral penting akhir psikolog klinis resmi kerja lama tahun kerja tempat sakit pusat sehat klien terapi asesmen awas senior langsung psikolog tahu udah psikolog tanyain
Magang postdoctoral itu apa sih? Buat apa mereka magang lagi?;Magang postdoctoral itu kayak langkah terakhir sebelum psikolog klinis jadi profesional penuh. Setelah dapat gelar doktor, mereka magang 1-2 tahun, kerja lebih mandiri tapi masih diawasi. Ini buat nambah pengalaman, mungkin fokus ke bidang khusus, dan pastiin mereka siap praktek sendiri. Jadi, ini penting supaya mereka bener-bener mateng bantu orang kayak kamu. Kalau kamu cari psikolog, penting nggak sih buatmu tahu mereka udah lewatin ini?;GROK;D2_GROK_DrAndrewClinicalPsychology26-43_53.json;magang postdoctoral magang magang postdoctoral akhir psikolog klinis profesional penuh gelar doktor magang tahun kerja mandiri awas nambah alam bidang khusus pastiin siap praktek sendiri penting mateng psikolog penting tahu udah lewatin;1;1.0;terapi - psikolog - takut - obat - dokter - mental - sehat - khawatir - tahu - ganggu;1_psikolog_terapi_dokter_takut;magang postdoctoral magang magang postdoctoral akhir psikolog klinis profesional penuh gelar doktor magang tahun kerja mandiri awas nambah alam bidang khusus pastiin siap praktek sendiri penting mateng psikolog penting tahu udah lewatin
Aku pengen ketemu psikolog, tapi di mana ya tempat terbaik buat cari mereka?;Pengen ketemu psikolog, ya? Kamu bisa nemuin mereka di banyak tempat. Banyak yang buka praktik swasta, kayak kantor sendiri, yang biasanya nyaman buat ngobrol. Tapi ada juga di rumah sakit, pusat kesehatan masyarakat, atau universitas, tergantung kebutuhanmu. Kalau kamu pengen suasana tertentu, misalnya yang lebih formal atau santai, bisa coba cari tahu dulu. Apa yang lagi bikin kamu pengen ketemu psikolog? Ceritain, biar aku bantu kasih saran.;GROK;D2_GROK_DrAndrewClinicalPsychology26-43_53.json;psikolog tempat psikolog nemuin tempat praktik swasta kantor sendiri nyaman sakit pusat sehat masyarakat universitas butuh suasana formal santai tahu psikolog saran;1;1.0;terapi - psikolog - takut - obat - dokter - mental - sehat - khawatir - tahu - ganggu;1_psikolog_terapi_dokter_takut;psikolog tempat psikolog nemuin tempat praktik swasta kantor sendiri nyaman sakit pusat sehat masyarakat universitas butuh suasana formal santai tahu psikolog saran
Aku pengen coba terapi, tapi takut. Kayak apa sih terapi itu?;Wajar banget kalau takut sama yang baru, apalagi terapi. Psikoterapi itu sebenarnya kayak ngobrol sama temen yang bener-bener dengerin, tapi dengan psikolog yang terlatih. Sekitar 80-87% psikolog klinis ngelakuin ini, dan kebanyakan adalah terapi individu, jadi cuma kamu sama mereka. Mereka bantu kamu pahami apa yang lagi bikin susah, kasih sudut pandang baru, dan bantu cari solusi. Nggak perlu takut, mereka biasanya bikin kamu nyaman. Apa yang bikin kamu takut? Pengen ceritain lebih lanjut?;GROK;D2_GROK_DrAndrewClinicalPsychology26-43_53.json;terapi takut terapi takut terapi psikoterapi temen dengerin psikolog psikolog klinis ngelakuin terapi individu paham susah sudut pandang solusi perlu takut nyaman takut lanjut;1;1.0;terapi - psikolog - takut - obat - dokter - mental - sehat - khawatir - tahu - ganggu;1_psikolog_terapi_dokter_takut;terapi takut terapi takut terapi psikoterapi temen dengerin psikolog psikolog klinis ngelakuin terapi individu paham susah sudut pandang solusi perlu takut nyaman takut lanjut
Jadi psikolog klinis itu belajar apa aja sih selama bertahun-tahun?;Prosesnya emang panjang, tapi seru! Psikolog klinis belajar 4 tahun intensif buat gelar doktor, ngerjain penelitian kayak tesis dan disertasi, plus magang setahun. Mereka pelajari cara bantu orang lewat terapi, ngecek kondisi mental, paham otak dan emosi, sampe statistik buat penelitian. Semua itu supaya mereka siap bantu kamu dengan pendekatan yang bener-bener mateng. Apa yang bikin kamu penasaran sama pelatihan mereka? Ceritain, yuk.;GROK;D2_GROK_DrAndrewClinicalPsychology26-43_53.json;psikolog klinis lama tahun tahun proses emang panjang seru psikolog klinis tahun intensif gelar doktor ngerjain tesis disertasi plus magang tahun lewat terapi ngecek kondisi mental paham otak emosi sampe statistik siap dekat mateng penasaran;1;1.0;terapi - psikolog - takut - obat - dokter - mental - sehat - khawatir - tahu - ganggu;1_psikolog_terapi_dokter_takut;psikolog klinis lama tahun tahun proses emang panjang seru psikolog klinis tahun intensif gelar doktor ngerjain tesis disertasi plus magang tahun lewat terapi ngecek kondisi mental paham otak emosi sampe statistik siap dekat mateng penasaran
Magang predoctoral itu ngapain aja? Penting buat psikolog?;Magang predoctoral itu super penting, lho. Selama setahun, psikolog klinis yang masih training kerja di tempat kayak rumah sakit atau pusat kesehatan, bantu klien dengan terapi atau asesmen, tapi masih diawasi senior. Ini kayak latihan besar sebelum mereka resmi jadi psikolog. Mereka belajar langsung gimana bantu orang dengan baik, jadi kamu bisa percaya mereka tahu apa yang mereka lakuin. Kalau ketemu psikolog, apa yang pengen kamu tanyain soal pengalaman mereka?;GROK;D2_GROK_DrAndrewClinicalPsychology26-43_53.json;magang predoctoral penting psikolog magang predoctoral super penting lama tahun psikolog klinis training kerja tempat sakit pusat sehat klien terapi asesmen awas senior resmi psikolog langsung percaya tahu lakuin psikolog tanyain alam;1;1.0;terapi - psikolog - takut - obat - dokter - mental - sehat - khawatir - tahu - ganggu;1_psikolog_terapi_dokter_takut;magang predoctoral penting psikolog magang predoctoral super penting lama tahun psikolog klinis training kerja tempat sakit pusat sehat klien terapi asesmen awas senior resmi psikolog langsung percaya tahu lakuin psikolog tanyain alam
Kenapa psikolog harus magang postdoctoral? Apa gunanya?;Magang postdoctoral itu kayak finishing touch buat psikolog klinis. Setelah dapat gelar doktor, mereka magang 1-2 tahun, kerja lebih mandiri tapi masih diawasi. Ini buat nambah pengalaman, mungkin dalemin bidang khusus, dan pastiin mereka siap praktek sendiri. Jadi, ini penting supaya mereka bener-bener mateng bantu orang kayak kamu. Kalau cari psikolog, penting nggak sih buatmu tahu mereka udah lewatin ini? Ceritain, yuk.;GROK;D2_GROK_DrAndrewClinicalPsychology26-43_53.json;psikolog magang postdoctoral magang postdoctoral finishing touch psikolog klinis gelar doktor magang tahun kerja mandiri awas nambah alam dalemin bidang khusus pastiin siap praktek sendiri penting mateng psikolog penting tahu udah lewatin;1;1.0;terapi - psikolog - takut - obat - dokter - mental - sehat - khawatir - tahu - ganggu;1_psikolog_terapi_dokter_takut;psikolog magang postdoctoral magang postdoctoral finishing touch psikolog klinis gelar doktor magang tahun kerja mandiri awas nambah alam dalemin bidang khusus pastiin siap praktek sendiri penting mateng psikolog penting tahu udah lewatin
Aku pengen ketemu psikolog di tempat yang nyaman. Di mana ya aku bisa cari?;Pengen tempat yang nyaman buat ketemu psikolog, ya? Banyak psikolog klinis buka praktik swasta, kayak kantor pribadi yang biasanya dibikin cozy buat ngobrol. Tapi kalau kamu suka suasana lain, mereka juga ada di rumah sakit, pusat kesehatan masyarakat, atau universitas. Coba cari tahu apa kamu pengen yang deket rumah atau suasana tertentu. Apa yang lagi bikin kamu pengen ketemu psikolog? Ceritain, biar aku bantu kasih ide.;GROK;D2_GROK_DrAndrewClinicalPsychology26-43_53.json;psikolog tempat nyaman tempat nyaman psikolog psikolog klinis praktik swasta kantor pribadi cozy suasana sakit pusat sehat masyarakat universitas tahu deket suasana psikolog;1;1.0;terapi - psikolog - takut - obat - dokter - mental - sehat - khawatir - tahu - ganggu;1_psikolog_terapi_dokter_takut;psikolog tempat nyaman tempat nyaman psikolog psikolog klinis praktik swasta kantor pribadi cozy suasana sakit pusat sehat masyarakat universitas tahu deket suasana psikolog
Psikolog klinis itu sehari-hari ngapain aja sih? Aku penasaran.;Penasaran sama kerjaan psikolog klinis, ya? Paling sering, mereka ngelakuin psikoterapi, alias ngobrol sama klien buat bantu atasi masalah emosi atau perilaku. Tapi mereka juga bisa ngecek kondisi mental lewat asesmen, ngajar di universitas, bikin penelitian, atau bimbing psikolog lain. Jadi, mereka kayak orang yang selalu sibuk bantu orang dengan cara yang beda-beda. Kalau ketemu psikolog, apa yang pengen kamu tanyain soal kerja mereka? Ceritain, yuk.;GROK;D2_GROK_DrAndrewClinicalPsychology26-43_53.json;psikolog klinis penasaran penasaran kerja psikolog klinis paling ngelakuin psikoterapi alias klien emosi perilaku ngecek kondisi mental lewat asesmen ngajar universitas bimbing psikolog sibuk psikolog tanyain kerja;1;1.0;terapi - psikolog - takut - obat - dokter - mental - sehat - khawatir - tahu - ganggu;1_psikolog_terapi_dokter_takut;psikolog klinis penasaran penasaran kerja psikolog klinis paling ngelakuin psikoterapi alias klien emosi perilaku ngecek kondisi mental lewat asesmen ngajar universitas bimbing psikolog sibuk psikolog tanyain kerja
Aku pengen coba terapi, tapi nggak tahu apa itu. Bisa ceritain?;Pengen coba terapi, ya? Keren, itu langkah berani! Psikoterapi itu kayak ngobrol sama psikolog yang bener-bener dengerin kamu. Sekitar 80-87% psikolog klinis ngelakuin ini, dan kebanyakan adalah terapi individu, jadi cuma kamu sama mereka. Mereka bantu kamu pahami apa yang lagi bikin susah, kasih sudut pandang baru, dan bantu cari cara buat lebih baik. Nggak perlu takut, mereka bikin suasana nyaman. Apa yang lagi pengen kamu ceritain di terapi? Aku dengerin kok.;GROK;D2_GROK_DrAndrewClinicalPsychology26-43_53.json;terapi tahu terapi keren berani psikoterapi psikolog dengerin psikolog klinis ngelakuin terapi individu paham susah sudut pandang perlu takut suasana nyaman terapi dengerin;1;1.0;terapi - psikolog - takut - obat - dokter - mental - sehat - khawatir - tahu - ganggu;1_psikolog_terapi_dokter_takut;terapi tahu terapi keren berani psikoterapi psikolog dengerin psikolog klinis ngelakuin terapi individu paham susah sudut pandang perlu takut suasana nyaman terapi dengerin
Aku dengar ada terapi berbasis bukti. Apa sih itu?;Terapi berbasis bukti itu kayak resep yang udah terbukti manjur buat masalah tertentu, misalnya depresi atau kecemasan. Mereka pake panduan khusus, namanya manual terapi, biar terapi yang dikasih konsisten dan berdasarkan penelitian ilmiah. Jadi, kamu bisa yakin pendekatannya udah dites dan berhasil buat orang lain. Kedengeran menjanjikan, kan? Kalau kamu lagi mikirin terapi, apa yang lagi pengen kamu coba? Ceritain, yuk.;GROK;D2_GROK_DrAndrewClinicalPsychology65-83_51.json;dengar terapi bukti terapi bukti resep udah bukti manjur depresi cemas pake pandu khusus nama manual terapi terapi konsisten ilmiah yakin dekat udah hasil kedengeran janji mikirin terapi;1;1.0;terapi - psikolog - takut - obat - dokter - mental - sehat - khawatir - tahu - ganggu;1_psikolog_terapi_dokter_takut;dengar terapi bukti terapi bukti resep udah bukti manjur depresi cemas pake pandu khusus nama manual terapi terapi konsisten ilmiah yakin dekat udah hasil kedengeran janji mikirin terapi
Kapan terapi berbasis bukti mulai terkenal?;Cerita soal terapi berbasis bukti ini mulai rame sekitar tahun 1990-an. Saat itu, Divisi 12 dari American Psychological Association bikin daftar perawatan yang udah terbukti lewat penelitian, biar psikolog tahu mana yang paling efektif buat gangguan tertentu. Itu kayak tonggak besar buat bikin psikologi lebih ilmiah. Menarik, kan? Kalau kamu lagi kepo soal terapi, apa yang lagi bikin penasaran? Ceritain, dong.;GROK;D2_GROK_DrAndrewClinicalPsychology65-83_51.json;kapan terapi bukti kenal terapi bukti rame tahun divisi american psychological association daftar awat udah bukti lewat psikolog tahu paling efektif ganggu tonggak psikologi ilmiah kepo terapi penasaran;1;1.0;terapi - psikolog - takut - obat - dokter - mental - sehat - khawatir - tahu - ganggu;1_psikolog_terapi_dokter_takut;kapan terapi bukti kenal terapi bukti rame tahun divisi american psychological association daftar awat udah bukti lewat psikolog tahu paling efektif ganggu tonggak psikologi ilmiah kepo terapi penasaran
Apa bagusnya pake terapi berbasis bukti?;Terapi berbasis bukti itu punya banyak plus. Pertama, bikin psikologi klinis kelihatan lebih ilmiah, soalnya pendekatannya udah dites dan terbukti. Kedua, membantu pastiin bahwa psikolog pake metode yang bener-bener manjur, jadi kamu nggak perlu khawatir dapet terapi yang asal-asalan. Ini kayak jaminan kualitas gitu. Kedengeran oke, kan? Kalau kamu lagi mikirin terapi, apa yang lagi pengen kamu pelajari? Ceritain, yuk.;GROK;D2_GROK_DrAndrewClinicalPsychology65-83_51.json;bagus pake terapi bukti terapi bukti plus pertama psikologi klinis ilmiah dekat udah bukti pastiin psikolog pake metode manjur perlu khawatir dapet terapi asal asal jamin kualitas kedengeran mikirin terapi;1;1.0;terapi - psikolog - takut - obat - dokter - mental - sehat - khawatir - tahu - ganggu;1_psikolog_terapi_dokter_takut;bagus pake terapi bukti terapi bukti plus pertama psikologi klinis ilmiah dekat udah bukti pastiin psikolog pake metode manjur perlu khawatir dapet terapi asal asal jamin kualitas kedengeran mikirin terapi
Ada nggak sih kelemahan terapi berbasis bukti?;Iya, meskipun bagus, terapi berbasis bukti juga punya sisi lelet. Misalnya, karena fokus ke teknik tertentu, kadang hubungan antara kamu sama psikolog bisa kurang dapet perhatian, padahal itu penting banget buat terapi sukses. Terus, ada yang ngerasa terapi ini bikin psikolog kurang bebas berkreasi, soalnya harus ikutin manual. Jadi, ada pro dan kontra. Kalau kamu, apa pendapatmu soal pendekatan kayak gini? Ceritain, dong.;GROK;D2_GROK_DrAndrewClinicalPsychology65-83_51.json;lemah terapi bukti bagus terapi bukti sisi lelet teknik psikolog kurang dapet perhati padahal penting terapi sukses terus ngerasa terapi psikolog kurang bebas kreasi ikutin manual kontra dekat;1;1.0;terapi - psikolog - takut - obat - dokter - mental - sehat - khawatir - tahu - ganggu;1_psikolog_terapi_dokter_takut;lemah terapi bukti bagus terapi bukti sisi lelet teknik psikolog kurang dapet perhati padahal penting terapi sukses terus ngerasa terapi psikolog kurang bebas kreasi ikutin manual kontra dekat
Siapa yang bikin orang mulai mikirin terapi berbasis bukti?;Ini cerita menarik! Hans Eysenck, seorang psikolog di tahun 1952, bikin heboh dengan bilang bahwa terapi belum tentu efektif. Pernyataannya itu kayak nyalain api, bikin banyak peneliti mulai ngecek beneran apa terapi itu manjur. Dari situ, lahirlah gerakan terapi berbasis bukti yang kita kenal sekarang. Keren, kan, gimana satu pertanyaan bisa ubah banyak hal? Kalau kamu lagi mikirin terapi, apa yang bikin penasaran? Ceritain, yuk.;GROK;D2_GROK_DrAndrewClinicalPsychology65-83_51.json;siapa mikirin terapi bukti hans eysenck psikolog tahun heboh terapi efektif nyata nyalain ngecek beneran terapi manjur situ lahir gera terapi bukti kenal keren ubah mikirin terapi penasaran;1;1.0;terapi - psikolog - takut - obat - dokter - mental - sehat - khawatir - tahu - ganggu;1_psikolog_terapi_dokter_takut;siapa mikirin terapi bukti hans eysenck psikolog tahun heboh terapi efektif nyata nyalain ngecek beneran terapi manjur situ lahir gera terapi bukti kenal keren ubah mikirin terapi penasaran
Apa masalahnya kalau terapi berbasis bukti cuma dites di kasus sederhana?;Kamu nanya sesuatu yang penting banget. Terapi berbasis bukti biasanya dites di klien yang punya masalah ‘murni’, kayak cuma depresi tanpa komplikasi lain. Tapi di dunia nyata, banyak klien punya masalah campur, misalnya depresi plus kecemasan atau masalah lain. Jadi, terapi yang manjur di penelitian mungkin nggak selalu cocok buat semua orang. Ini bikin orang mikir, apa terapi ini bisa bener-bener fleksibel. Kalau kamu lagi mikirin terapi, apa yang lagi bikin bingung? Ceritain, dong.;GROK;D2_GROK_DrAndrewClinicalPsychology65-83_51.json;terapi bukti kasus sederhana nanya penting terapi bukti klien murni depresi komplikasi nyata klien campur depresi plus cemas terapi manjur cocok mikir terapi fleksibel mikirin terapi;1;1.0;terapi - psikolog - takut - obat - dokter - mental - sehat - khawatir - tahu - ganggu;1_psikolog_terapi_dokter_takut;terapi bukti kasus sederhana nanya penting terapi bukti klien murni depresi komplikasi nyata klien campur depresi plus cemas terapi manjur cocok mikir terapi fleksibel mikirin terapi
Kenapa terapi manual bisa bikin terapi lebih baik?;Terapi manual itu kayak peta yang bantu psikolog biar nggak ngandalin tebakan doang. Soalnya, penilaian klinis kadang bisa bias, tergantung pengalaman atau perasaan psikolog. Dengan manual, mereka pake teknik yang udah terbukti lewat penelitian, jadi peluang terapi berhasil bisa lebih besar. Ini bikin kamu bisa lebih percaya sama prosesnya. Kedengeran masuk akal, kan? Kalau kamu lagi mikirin terapi, apa yang lagi pengen kamu coba? Ceritain, yuk.;GROK;D2_GROK_DrAndrewClinicalPsychology65-83_51.json;terapi manual terapi terapi manual peta psikolog ngandalin tebak doang nilai klinis bias alam psikolog manual pake teknik udah bukti lewat peluang terapi hasil percaya proses kedengeran masuk akal mikirin terapi;1;1.0;terapi - psikolog - takut - obat - dokter - mental - sehat - khawatir - tahu - ganggu;1_psikolog_terapi_dokter_takut;terapi manual terapi terapi manual peta psikolog ngandalin tebak doang nilai klinis bias alam psikolog manual pake teknik udah bukti lewat peluang terapi hasil percaya proses kedengeran masuk akal mikirin terapi
Kenapa ada psikolog yang nggak suka terapi berbasis bukti?;Wajar sih ada psikolog yang kurang sreg sama terapi berbasis bukti. Mereka ngerasa manual terapi itu kayak bikin mereka ‘terikat’, soalnya harus ikutin langkah-langkah tertentu. Padahal, banyak psikolog suka bikin pendekatan sendiri yang disesuain sama klien, kayak bikin resep khusus gitu. Jadi, mereka khawatir kehilangan kebebasan berkreasi. Kalau kamu jadi klien, kamu lebih suka terapi yang udah terbukti atau yang dibuat khusus? Ceritain, dong.;GROK;D2_GROK_DrAndrewClinicalPsychology65-83_51.json;psikolog terapi bukti psikolog kurang sreg terapi bukti ngerasa manual terapi ikat ikutin padahal psikolog dekat sendiri disesuain klien resep khusus khawatir hilang bebas kreasi klien terapi udah bukti khusus;1;1.0;terapi - psikolog - takut - obat - dokter - mental - sehat - khawatir - tahu - ganggu;1_psikolog_terapi_dokter_takut;psikolog terapi bukti psikolog kurang sreg terapi bukti ngerasa manual terapi ikat ikutin padahal psikolog dekat sendiri disesuain klien resep khusus khawatir hilang bebas kreasi klien terapi udah bukti khusus
Apa hubungannya cara bayar terapi sama kualitas terapi?;Cara bayar terapi emang bisa ngaruh, lho. Kalau kamu bayar pake asuransi atau managed care, perusahaan itu kadang ikut campur, misalnya nentuin berapa lama terapi boleh jalan atau minta laporan detail. Ini bisa bikin psikolog ngerasa kurang bebas bikin keputusan terbaik buat kamu. Kalau bayar sendiri, biasanya lebih fleksibel, tapi ya lebih mahal. Jadi, ada plus minusnya. Kalau kamu lagi mikirin terapi, apa yang lagi bikin bingung soal pembayaran? Ceritain, yuk.;GROK;D2_GROK_DrAndrewClinicalPsychology65-83_51.json;bayar terapi kualitas terapi bayar terapi emang ngaruh bayar pake asuransi managed care usaha campur nentuin berapa lama terapi jalan minta lapor detail psikolog ngerasa kurang bebas putus bayar sendiri fleksibel mahal plus minus mikirin terapi bayar;1;1.0;terapi - psikolog - takut - obat - dokter - mental - sehat - khawatir - tahu - ganggu;1_psikolog_terapi_dokter_takut;bayar terapi kualitas terapi bayar terapi emang ngaruh bayar pake asuransi managed care usaha campur nentuin berapa lama terapi jalan minta lapor detail psikolog ngerasa kurang bebas putus bayar sendiri fleksibel mahal plus minus mikirin terapi bayar
Kenapa psikolog nggak suka sama managed care?;Banyak psikolog ngerasa managed care bikin kerja mereka lebih susah. Soalnya, perusahaan asuransi sering kasih batasan, kayak minta banyak laporan, bayar lebih rendah, atau nolak terapi yang menurut psikolog penting. Ini bisa bikin mereka susah kasih terapi yang bener-bener pas buat klien. Jadi, mereka ngerasa terkekang. Kalau kamu lagi mikirin terapi, apa yang pengen kamu tahu soal asuransi? Ceritain, dong.;GROK;D2_GROK_DrAndrewClinicalPsychology65-83_51.json;psikolog managed care psikolog ngerasa managed care kerja susah usaha asuransi batas minta lapor bayar rendah nolak terapi turut psikolog penting susah terapi klien ngerasa kekang mikirin terapi tahu asuransi;1;1.0;terapi - psikolog - takut - obat - dokter - mental - sehat - khawatir - tahu - ganggu;1_psikolog_terapi_dokter_takut;psikolog managed care psikolog ngerasa managed care kerja susah usaha asuransi batas minta lapor bayar rendah nolak terapi turut psikolog penting susah terapi klien ngerasa kekang mikirin terapi tahu asuransi
Kok diagnosis bisa beda cuma gara-gara cara bayar?;Iya, kedengeran aneh, tapi beneran terjadi. Kalau klien bayar pake managed care, psikolog kadang lebih cepet kasih diagnosis, soalnya asuransi minta itu biar terapi ditanggung. Misalnya, gejala cemas ringan bisa jadi diagnosis resmi. Kalau bayar sendiri, mereka mungkin nggak buru-buru kasih label diagnosis. Ini nunjukin betapa cara bayar bisa ngaruh keputusan. Kalau kamu lagi mikirin terapi, apa yang bikin kamu khawatir soal diagnosis? Ceritain, dong.;GROK;D2_GROK_DrAndrewClinicalPsychology65-83_51.json;diagnosis gara gara bayar kedengeran aneh beneran klien bayar pake managed care psikolog cepet diagnosis asuransi minta terapi gejala cemas ringan diagnosis resmi bayar sendiri buru buru label diagnosis nunjukin betapa bayar ngaruh putus mikirin terapi khawatir diagnosis;1;1.0;terapi - psikolog - takut - obat - dokter - mental - sehat - khawatir - tahu - ganggu;1_psikolog_terapi_dokter_takut;diagnosis gara gara bayar kedengeran aneh beneran klien bayar pake managed care psikolog cepet diagnosis asuransi minta terapi gejala cemas ringan diagnosis resmi bayar sendiri buru buru label diagnosis nunjukin betapa bayar ngaruh putus mikirin terapi khawatir diagnosis
Aku dengar sekarang terapi bisa online. Itu kayak apa sih?;Keren, kan, teknologi sekarang! Terapi online itu bisa lewat video call, kayak Zoom, atau bahkan chat via email atau situs web khusus. Jadi, kamu bisa ngobrol sama psikolog dari rumah, nggak harus dateng ke kantor mereka. Ini bikin terapi lebih gampang diakses, apalagi kalau kamu tinggal jauh atau sibuk. Kedengeran praktis, kan? Kalau kamu lagi mikirin terapi online, apa yang bikin penasaran? Ceritain, yuk.;GROK;D2_GROK_DrAndrewClinicalPsychology65-83_51.json;dengar terapi keren teknologi terapi lewat call zoom bahkan chat email situs khusus psikolog dateng kantor terapi gampang akses tinggal jauh sibuk kedengeran praktis mikirin terapi penasaran;1;1.0;terapi - psikolog - takut - obat - dokter - mental - sehat - khawatir - tahu - ganggu;1_psikolog_terapi_dokter_takut;dengar terapi keren teknologi terapi lewat call zoom bahkan chat email situs khusus psikolog dateng kantor terapi gampang akses tinggal jauh sibuk kedengeran praktis mikirin terapi penasaran
Apa manfaat terapi pake teknologi buat orang kayak aku?;Terapi pake teknologi itu kayak membuka pintu buat banyak orang, termasuk kamu. Kalau kamu tinggal di tempat yang jauh dari psikolog atau susah ke mana-mana, teknologi bikin kamu bisa ngobrol sama psikolog lewat video atau chat. Ini juga lebih murah dan bisa bikin kamu ngerasa lebih nyaman karena anonim. Jadi, bantuan kesehatan mental jadi lebih deket. Kalau kamu lagi mikirin coba terapi online, apa yang lagi pengen kamu obrolin? Ceritain, dong.;GROK;D2_GROK_DrAndrewClinicalPsychology65-83_51.json;manfaat terapi pake teknologi terapi pake teknologi pintu masuk tinggal tempat jauh psikolog susah teknologi psikolog lewat chat murah ngerasa nyaman anonim sehat mental deket mikirin terapi obrolin;1;1.0;terapi - psikolog - takut - obat - dokter - mental - sehat - khawatir - tahu - ganggu;1_psikolog_terapi_dokter_takut;manfaat terapi pake teknologi terapi pake teknologi pintu masuk tinggal tempat jauh psikolog susah teknologi psikolog lewat chat murah ngerasa nyaman anonim sehat mental deket mikirin terapi obrolin
Terapi online itu beneran manjur nggak sih?;Kamu nanya sesuatu yang banyak orang penasaran! Penelitian bilang terapi berbasis komputer, misalnya buat kecemasan, bisa sama manjur dengan terapi tatap muka. Bahkan, ada studi yang nunjukin hasilnya lebih baik dibandingkan nggak terapi sama sekali. Tapi ya tergantung jenis terapi dan masalah yang lagi dihadapi. Kedengeran menjanjikan, kan? Kalau kamu lagi mikirin terapi online, apa yang pengen kamu coba? Ceritain, yuk.;GROK;D2_GROK_DrAndrewClinicalPsychology65-83_51.json;terapi beneran manjur nanya penasaran terapi komputer cemas manjur terapi tatap muka bahkan studi nunjukin hasil banding terapi sekali jenis terapi hadap kedengeran janji mikirin terapi;1;1.0;terapi - psikolog - takut - obat - dokter - mental - sehat - khawatir - tahu - ganggu;1_psikolog_terapi_dokter_takut;terapi beneran manjur nanya penasaran terapi komputer cemas manjur terapi tatap muka bahkan studi nunjukin hasil banding terapi sekali jenis terapi hadap kedengeran janji mikirin terapi
Apa yang bikin terapi online berhasil atau nggak?;Terapi online itu kayak resep masakan—bisa enak kalau bahannya pas. Keberhasilannya tergantung sama apa yang lagi kamu hadapi, misalnya kecemasan atau depresi, terus pake perangkat apa, kayak laptop atau ponsel, dan di mana kamu ngerjainnya, misalnya rumah atau tempat umum. Kalau semua klop, hasilnya bisa bagus banget. Kalau kamu lagi mikirin terapi online, apa yang lagi bikin penasaran? Ceritain, dong.;GROK;D2_GROK_DrAndrewClinicalPsychology65-83_51.json;terapi hasil terapi resep masakan enak bahan hasil hadap cemas depresi terus pake perangkat laptop ponsel ngerjainnya tempat umum klop hasil bagus mikirin terapi penasaran;1;1.0;terapi - psikolog - takut - obat - dokter - mental - sehat - khawatir - tahu - ganggu;1_psikolog_terapi_dokter_takut;terapi hasil terapi resep masakan enak bahan hasil hadap cemas depresi terus pake perangkat laptop ponsel ngerjainnya tempat umum klop hasil bagus mikirin terapi penasaran
Aku lagi depresi. Apa terapi berbasis bukti bisa bantu?;Depresi itu berat, dan aku senang kamu ceritain ini. Terapi berbasis bukti bisa banget bantu, lho. Mereka pake panduan khusus yang udah terbukti manjur buat depresi, kayak terapi kognitif. Ini bikin kamu dapet pendekatan yang udah dites dan biasanya berhasil. Tapi yang paling penting, psikolog bakal dengerin ceritamu juga. Mau ceritain lebih banyak soal apa yang lagi bikin depresi? Aku di sini buat denger.;GROK;D2_GROK_DrAndrewClinicalPsychology65-83_51.json;depresi terapi bukti depresi berat senang terapi bukti pake pandu khusus udah bukti manjur depresi terapi kognitif dapet dekat udah hasil paling penting psikolog dengerin depresi denger;1;1.0;terapi - psikolog - takut - obat - dokter - mental - sehat - khawatir - tahu - ganggu;1_psikolog_terapi_dokter_takut;depresi terapi bukti depresi berat senang terapi bukti pake pandu khusus udah bukti manjur depresi terapi kognitif dapet dekat udah hasil paling penting psikolog dengerin depresi denger
Kenapa terapi berbasis bukti dianggap bagus buat orang kayak aku?;Terapi berbasis bukti itu kayak jaminan bahwa kamu dapet perawatan yang udah terbukti manjur lewat penelitian. Ini bikin psikologi klinis lebih terpercaya dan pastiin psikolog pake metode yang bener-bener membantu, nggak asal coba-coba. Jadi, kamu bisa ngerasa lebih yakin sama prosesnya. Kedengeran oke, kan? Kalau kamu lagi mikirin terapi, apa yang lagi pengen kamu coba? Ceritain, yuk.;GROK;D2_GROK_DrAndrewClinicalPsychology65-83_51.json;terapi bukti anggap bagus terapi bukti jamin dapet awat udah bukti manjur lewat psikologi klinis percaya pastiin psikolog pake metode asal ngerasa yakin proses kedengeran mikirin terapi;1;1.0;terapi - psikolog - takut - obat - dokter - mental - sehat - khawatir - tahu - ganggu;1_psikolog_terapi_dokter_takut;terapi bukti anggap bagus terapi bukti jamin dapet awat udah bukti manjur lewat psikologi klinis percaya pastiin psikolog pake metode asal ngerasa yakin proses kedengeran mikirin terapi
Aku pengen terapi yang bener-bener personal. Apa terapi berbasis bukti cocok?;Kamu pengen terapi yang bener-bener ngerasa deket sama psikolog, ya? Terapi berbasis bukti memang bagus karena pake metode yang udah terbukti, tapi kadang orang ngerasa kurang personal soalnya psikolog harus ikutin panduan. Ini bisa bikin hubungan sama psikolog kurang hangat. Tapi, psikolog yang baik biasanya bisa bikin seimbang, lho. Kalau kamu lagi mikirin terapi, apa yang bikin kamu pengen pendekatan personal? Ceritain, dong.;GROK;D2_GROK_DrAndrewClinicalPsychology65-83_51.json;terapi personal terapi bukti cocok terapi ngerasa deket psikolog terapi bukti bagus pake metode udah bukti ngerasa kurang personal psikolog ikutin pandu psikolog kurang hangat psikolog imbang mikirin terapi dekat personal;1;1.0;terapi - psikolog - takut - obat - dokter - mental - sehat - khawatir - tahu - ganggu;1_psikolog_terapi_dokter_takut;terapi personal terapi bukti cocok terapi ngerasa deket psikolog terapi bukti bagus pake metode udah bukti ngerasa kurang personal psikolog ikutin pandu psikolog kurang hangat psikolog imbang mikirin terapi dekat personal
Aku mau coba terapi tapi pake asuransi. Apa yang harus aku tahu?;Keren, kamu lagi mikirin terapi! Kalau pake asuransi atau managed care, bagus sih, soalnya bisa lebih murah. Tapi, perusahaan asuransi kadang ikut campur, misalnya nentuin berapa sesi yang boleh atau minta laporan soal kondisimu. Ini bisa bikin terapi agak terbatas. Kalau bayar sendiri, lebih bebas, tapi ya lebih mahal. Penting buat tanya psikologmu apa bedanya. Kalau kamu lagi mikirin ini, apa yang bikin bingung? Ceritain, yuk.;GROK;D2_GROK_DrAndrewClinicalPsychology65-83_51.json;terapi pake asuransi tahu keren mikirin terapi pake asuransi managed care bagus murah usaha asuransi campur nentuin berapa sesi minta lapor kondisi terapi batas bayar sendiri bebas mahal penting psikolog mikirin;1;1.0;terapi - psikolog - takut - obat - dokter - mental - sehat - khawatir - tahu - ganggu;1_psikolog_terapi_dokter_takut;terapi pake asuransi tahu keren mikirin terapi pake asuransi managed care bagus murah usaha asuransi campur nentuin berapa sesi minta lapor kondisi terapi batas bayar sendiri bebas mahal penting psikolog mikirin
Aku takut salah diagnosis kalau pake asuransi. Bener nggak sih?;Kekhawatiranmu wajar banget. Kalau pake asuransi, mereka biasanya minta diagnosis resmi dari DSM biar bayarin terapi. Jadi, kadang psikolog lebih gampang kasih diagnosis, meskipun gejalamu ringan, supaya terapi ditanggung. Ini bisa bikin kamu ngerasa, ‘Apa bener aku punya ini?’ Kalau bayar sendiri, diagnosis mungkin lebih fleksibel. Mending tanya psikologmu soal ini. Kalau kamu lagi mikirin terapi, apa yang bikin khawatir? Ceritain, dong.;GROK;D2_GROK_DrAndrewClinicalPsychology65-83_51.json;takut salah diagnosis pake asuransi khawatir pake asuransi minta diagnosis resmi bayarin terapi psikolog gampang diagnosis gejala ringan terapi ngerasa bayar sendiri diagnosis fleksibel mending psikolog mikirin terapi khawatir;1;1.0;terapi - psikolog - takut - obat - dokter - mental - sehat - khawatir - tahu - ganggu;1_psikolog_terapi_dokter_takut;takut salah diagnosis pake asuransi khawatir pake asuransi minta diagnosis resmi bayarin terapi psikolog gampang diagnosis gejala ringan terapi ngerasa bayar sendiri diagnosis fleksibel mending psikolog mikirin terapi khawatir
Aku tinggal di desa, susah ketemu psikolog. Bisa nggak terapi online bantu?;Tinggal di desa emang kadang bikin susah akses bantuan, ya. Kabar baiknya, terapi online bisa banget bantu! Kamu bisa ngobrol sama psikolog lewat video call atau chat dari rumah. Ini bikin lebih gampang buat orang di daerah terpencil kayak kamu. Plus, sering lebih murah dan nyaman. Kalau kamu lagi mikirin coba terapi online, apa yang pengen kamu obrolin? Ceritain, yuk.;GROK;D2_GROK_DrAndrewClinicalPsychology65-83_51.json;tinggal desa susah psikolog terapi tinggal desa emang susah akses kabar terapi psikolog lewat call chat gampang daerah pencil plus murah nyaman mikirin terapi obrolin;1;1.0;terapi - psikolog - takut - obat - dokter - mental - sehat - khawatir - tahu - ganggu;1_psikolog_terapi_dokter_takut;tinggal desa susah psikolog terapi tinggal desa emang susah akses kabar terapi psikolog lewat call chat gampang daerah pencil plus murah nyaman mikirin terapi obrolin
Aku cemas banget akhir-akhir ini. Apa terapi online bisa bantu?;Cemas itu pasti bikin nggak tenang, dan aku senang kamu ceritain. Kabar baiknya, penelitian bilang terapi online, termasuk yang pake komputer, bisa sama manjur buat kecemasan kayak terapi tatap muka. Kamu bisa coba lewat video call atau program khusus, dan hasilnya sering bagus. Ini bikin lebih gampang buat mulai. Mau ceritain lebih banyak soal kecemasanmu? Aku di sini buat denger.;GROK;D2_GROK_DrAndrewClinicalPsychology65-83_51.json;cemas akhir akhir terapi cemas tenang senang kabar terapi masuk pake komputer manjur cemas terapi tatap muka lewat call program khusus hasil bagus gampang cemas denger;1;1.0;terapi - psikolog - takut - obat - dokter - mental - sehat - khawatir - tahu - ganggu;1_psikolog_terapi_dokter_takut;cemas akhir akhir terapi cemas tenang senang kabar terapi masuk pake komputer manjur cemas terapi tatap muka lewat call program khusus hasil bagus gampang cemas denger
Aku punya depresi dan cemas barengan. Apa terapi berbasis bukti masih oke?;Depresi dan cemas barengan pasti bikin berat, ya. Terapi berbasis bukti bisa bantu, tapi memang sering dites di orang yang cuma punya satu masalah. Karena kamu punya dua, mungkin butuh psikolog yang bisa sesuain pendekatan biar pas sama kondisimu. Banyak psikolog jago bikin terapi tetap efektif meski masalahnya kompleks. Mau ceritain lebih banyak soal apa yang lagi kamu rasain? Aku dengerin kok.;GROK;D2_GROK_DrAndrewClinicalPsychology65-83_51.json;depresi cemas bareng terapi bukti depresi cemas bareng berat terapi bukti butuh psikolog sesuain dekat kondisi psikolog jago terapi tetap efektif kompleks rasain dengerin;1;1.0;terapi - psikolog - takut - obat - dokter - mental - sehat - khawatir - tahu - ganggu;1_psikolog_terapi_dokter_takut;depresi cemas bareng terapi bukti depresi cemas bareng berat terapi bukti butuh psikolog sesuain dekat kondisi psikolog jago terapi tetap efektif kompleks rasain dengerin
Aku cuma bisa bayar terapi pake asuransi. Apa risikonya?;Pake asuransi buat terapi itu bagus banget, soalnya bikin lebih terjangkau. Tapi, ada beberapa hal yang perlu kamu tahu. Perusahaan asuransi kadang ngatur berapa lama terapi boleh jalan atau minta laporan soal kondisimu, yang bisa bikin psikolog ngerasa kurang bebas. Ini mungkin bikin terapi agak beda dibandingkan bayar sendiri. Mending tanya psikologmu apa dampaknya. Kalau kamu lagi mikirin ini, apa yang bikin bingung? Ceritain, dong.;GROK;D2_GROK_DrAndrewClinicalPsychology65-83_51.json;bayar terapi pake asuransi risiko pake asuransi terapi bagus jangkau beberapa perlu tahu usaha asuransi ngatur berapa lama terapi jalan minta lapor kondisi psikolog ngerasa kurang bebas terapi banding bayar sendiri mending psikolog dampak mikirin;1;1.0;terapi - psikolog - takut - obat - dokter - mental - sehat - khawatir - tahu - ganggu;1_psikolog_terapi_dokter_takut;bayar terapi pake asuransi risiko pake asuransi terapi bagus jangkau beberapa perlu tahu usaha asuransi ngatur berapa lama terapi jalan minta lapor kondisi psikolog ngerasa kurang bebas terapi banding bayar sendiri mending psikolog dampak mikirin
Aku tinggal di tempat terpencil dan susah ke psikolog. Apa teknologi bisa bantu?;Tinggal di tempat terpencil emang bikin susah cari bantuan, ya. Untungnya, teknologi bikin terapi jadi lebih gampang! Kamu bisa ngobrol sama psikolog lewat video call, chat, atau program online dari rumah. Ini dirancang buat orang kayak kamu yang jauh dari layanan kesehatan mental. Plus, sering lebih murah. Kalau kamu lagi mikirin terapi online, apa yang pengen kamu coba? Ceritain, yuk.;GROK;D2_GROK_DrAndrewClinicalPsychology65-83_51.json;tinggal tempat pencil susah psikolog teknologi tinggal tempat pencil emang susah untung teknologi terapi gampang psikolog lewat call chat program rancang jauh sehat mental plus murah mikirin terapi;1;1.0;terapi - psikolog - takut - obat - dokter - mental - sehat - khawatir - tahu - ganggu;1_psikolog_terapi_dokter_takut;tinggal tempat pencil susah psikolog teknologi tinggal tempat pencil emang susah untung teknologi terapi gampang psikolog lewat call chat program rancang jauh sehat mental plus murah mikirin terapi
Aku sering panik tanpa sebab. Apa terapi online bisa bantu?;Panik tanpa sebab itu pasti bikin bingung, ya. Kabar baiknya, penelitian bilang terapi online, termasuk yang pake komputer, bisa sama manjur buat gangguan panik kayak terapi tatap muka. Kamu bisa coba lewat video call atau program khusus, dan hasilnya sering bagus. Ini bikin lebih gampang buat mulai. Mau ceritain lebih banyak soal panik yang kamu rasain? Aku di sini buat denger.;GROK;D2_GROK_DrAndrewClinicalPsychology65-83_51.json;panik terapi panik kabar terapi masuk pake komputer manjur ganggu panik terapi tatap muka lewat call program khusus hasil bagus gampang panik rasain denger;1;1.0;terapi - psikolog - takut - obat - dokter - mental - sehat - khawatir - tahu - ganggu;1_psikolog_terapi_dokter_takut;panik terapi panik kabar terapi masuk pake komputer manjur ganggu panik terapi tatap muka lewat call program khusus hasil bagus gampang panik rasain denger
Aku punya OCD. Apa terapi berbasis bukti bisa bantu?;OCD pasti bikin capek, ya, dengan pikiran yang berulang-ulang. Kabar baiknya, terapi berbasis bukti punya pendekatan khusus, kayak exposure and response prevention, yang udah terbukti manjur buat OCD. Mereka pake panduan biar terapi konsisten dan efektif. Psikolog bakal bantu kamu atasi gejalanya sambil dengerin ceritamu. Mau ceritain lebih banyak soal OCD-mu? Aku di sini buat denger.;GROK;D2_GROK_DrAndrewClinicalPsychology65-83_51.json;terapi bukti capek ulang ulang kabar terapi bukti dekat khusus exposure response prevention udah bukti manjur pake pandu terapi konsisten efektif psikolog gejala dengerin denger;1;1.0;terapi - psikolog - takut - obat - dokter - mental - sehat - khawatir - tahu - ganggu;1_psikolog_terapi_dokter_takut;terapi bukti capek ulang ulang kabar terapi bukti dekat khusus exposure response prevention udah bukti manjur pake pandu terapi konsisten efektif psikolog gejala dengerin denger
Aku pengen terapi tapi cuma bisa pake asuransi. Apa yang perlu aku perhatiin?;Pake asuransi buat terapi itu bagus, soalnya bikin lebih terjangkau. Tapi, ada baiknya kamu tahu kalau perusahaan asuransi kadang ikut ngatur, misalnya nentuin berapa sesi atau minta laporan soal kondisimu. Ini bisa bikin terapi agak beda dibandingkan bayar sendiri. Coba tanya psikologmu apa dampaknya buat perawatanmu. Kalau kamu lagi mikirin terapi, apa yang bikin bingung? Ceritain, yuk.;GROK;D2_GROK_DrAndrewClinicalPsychology65-83_51.json;terapi pake asuransi perlu perhatiin pake asuransi terapi bagus jangkau tahu usaha asuransi ngatur nentuin berapa sesi minta lapor kondisi terapi banding bayar sendiri psikolog dampak awat mikirin terapi;1;1.0;terapi - psikolog - takut - obat - dokter - mental - sehat - khawatir - tahu - ganggu;1_psikolog_terapi_dokter_takut;terapi pake asuransi perlu perhatiin pake asuransi terapi bagus jangkau tahu usaha asuransi ngatur nentuin berapa sesi minta lapor kondisi terapi banding bayar sendiri psikolog dampak awat mikirin terapi
Aku di daerah susah akses layanan kesehatan. Apa terapi online solusi?;Tinggal di daerah yang susah akses pasti bikin frustrasi, ya. Terapi online bisa jadi solusi keren! Kamu bisa ngobrol sama psikolog lewat video call, chat, atau program online dari rumah. Ini dibikin khusus buat orang kayak kamu yang jauh dari layanan kesehatan mental. Plus, sering lebih murah dan nyaman. Kalau kamu lagi mikirin terapi online, apa yang pengen kamu coba? Ceritain, yuk.;GROK;D2_GROK_DrAndrewClinicalPsychology65-83_51.json;daerah susah akses sehat terapi solusi tinggal daerah susah akses frustrasi terapi solusi keren psikolog lewat call chat program khusus jauh sehat mental plus murah nyaman mikirin terapi;1;1.0;terapi - psikolog - takut - obat - dokter - mental - sehat - khawatir - tahu - ganggu;1_psikolog_terapi_dokter_takut;daerah susah akses sehat terapi solusi tinggal daerah susah akses frustrasi terapi solusi keren psikolog lewat call chat program khusus jauh sehat mental plus murah nyaman mikirin terapi
Apa psikolog dilatih buat ngerti budaya yang beda-beda?;Keren, kan, psikolog sekarang dilatih khusus soal budaya! Standar akreditasi American Psychological Association tahun 2005 bilang setiap program psikologi harus ajarin soal keberagaman budaya. Jadi, psikolog belajar cara bantu orang dari latar belakang yang beda, termasuk budayamu, biar terapi pas dan bikin kamu nyaman. Apa yang lagi bikin penasaran soal terapi? Ceritain, yuk.;GROK;D2_GROK_DrAndrewClinicalPsychology84-107_47.json;psikolog keren psikolog khusus standar akreditasi american psychological association tahun program psikologi ajarin agam psikolog latar belakang masuk terapi nyaman penasaran terapi;1;1.0;terapi - psikolog - takut - obat - dokter - mental - sehat - khawatir - tahu - ganggu;1_psikolog_terapi_dokter_takut;psikolog keren psikolog khusus standar akreditasi american psychological association tahun program psikologi ajarin agam psikolog latar belakang masuk terapi nyaman penasaran terapi
Apa DSM-IV ngerti budaya yang beda-beda?;Iya, DSM-IV, buku yang dipake psikolog buat diagnosis, udah mulai ngerti budaya. Mereka masukin info soal gimana budaya, usia, atau gender bisa ngaruh ke gangguan mental, plus daftar sindrom khusus budaya, kayak yang cuma ada di kelompok tertentu. Jadi, psikolog bisa lihat masalahmu dari sudut budayamu. Kalau kamu lagi mikirin kesehatan mental, apa yang pengen dibahas? Ceritain, dong.;GROK;D2_GROK_DrAndrewClinicalPsychology84-107_47.json;buku dipake psikolog diagnosis udah masukin info usia gender ngaruh ganggu mental plus daftar sindrom khusus kelompok psikolog sudut mikirin sehat mental bahas;1;1.0;terapi - psikolog - takut - obat - dokter - mental - sehat - khawatir - tahu - ganggu;1_psikolog_terapi_dokter_takut;buku dipake psikolog diagnosis udah masukin info usia gender ngaruh ganggu mental plus daftar sindrom khusus kelompok psikolog sudut mikirin sehat mental bahas
Apa yang bikin pelatihan budaya psikolog bagus?;Nadya A. Fouad dan Patricia Arredondo bilang ada tujuh hal penting buat pelatihan budaya yang bagus, kayak program yang jelas bilang mereka dukung keberagaman, rekrut mahasiswa dan dosen dari berbagai budaya, dan ajarin mahasiswa soal bias mereka sendiri sama keterampilan buat kerja sama orang beda budaya. Ini bikin psikolog siap bantu kamu dengan cara yang ngerti budayamu. Apa yang lagi pengen kamu tahu soal psikolog? Ceritain, yuk.;GROK;D2_GROK_DrAndrewClinicalPsychology84-107_47.json;psikolog bagus nadya fouad patricia arredondo tujuh penting bagus program jelas dukung agam rekrut mahasiswa dosen ajarin mahasiswa bias sendiri terampil kerja psikolog siap tahu psikolog;1;1.0;terapi - psikolog - takut - obat - dokter - mental - sehat - khawatir - tahu - ganggu;1_psikolog_terapi_dokter_takut;psikolog bagus nadya fouad patricia arredondo tujuh penting bagus program jelas dukung agam rekrut mahasiswa dosen ajarin mahasiswa bias sendiri terampil kerja psikolog siap tahu psikolog
Aku takut diagnosis nggak cocok sama budayaku. Apa DSM-IV bantu?;Aku ngerti kekhawatiranmu soal diagnosis. DSM-IV udah coba bantu dengan masukin info soal budaya, usia, dan gender buat setiap gangguan, plus daftar sindrom khusus budaya. Jadi, psikolog bisa lihat masalahmu dengan ngerti budayamu, kayak kalau kamu punya cara unik ngungkapin emosi. Coba tanya psikologmu soal ini. Apa yang lagi bikin takut? Ceritain, dong.;GROK;D2_GROK_DrAndrewClinicalPsychology84-107_47.json;takut diagnosis cocok khawatir diagnosis udah masukin info usia gender ganggu plus daftar sindrom khusus psikolog unik ngungkapin emosi psikolog takut;1;1.0;terapi - psikolog - takut - obat - dokter - mental - sehat - khawatir - tahu - ganggu;1_psikolog_terapi_dokter_takut;takut diagnosis cocok khawatir diagnosis udah masukin info usia gender ganggu plus daftar sindrom khusus psikolog unik ngungkapin emosi psikolog takut
Aku takut psikologku ngomong sesuatu yang bikin aku ngerasa dikucilkan. Apa itu mungkin?;Aku ngerti kamu takut ngerasa nggak dihargai. Mikroagresi itu hal-hal kecil, kayak komentar tanpa sengaja yang bisa bikin kamu ngerasa dikucilkan, misalnya psikolog ngira kamu pasti ngikutin tradisi tertentu. Psikolog yang kompeten belajar buat hindarin ini dengan lebih paham budayamu. Kalau kamu ngerasa gitu, coba bilang ke mereka. Apa yang lagi bikin khawatir soal terapi? Ceritain, dong.;GROK;D2_GROK_DrAndrewClinicalPsychology84-107_47.json;takut psikolog ngomong ngerasa kucil takut ngerasa harga mikroagresi kecil komentar sengaja ngerasa kucil psikolog ngira ngikutin tradisi psikolog kompeten hindarin paham ngerasa khawatir terapi;1;1.0;terapi - psikolog - takut - obat - dokter - mental - sehat - khawatir - tahu - ganggu;1_psikolog_terapi_dokter_takut;takut psikolog ngomong ngerasa kucil takut ngerasa harga mikroagresi kecil komentar sengaja ngerasa kucil psikolog ngira ngikutin tradisi psikolog kompeten hindarin paham ngerasa khawatir terapi
Aku pengen psikolog yang ngerti budayaku. Apa mereka dilatih buat ini?;Kamu pengen psikolog yang bener-bener paham, ya. Kabar baiknya, program pelatihan psikologi sekarang banyak yang ngajarin soal budaya, entah lewat kursus khusus atau masukin isu budaya ke semua pelajaran, kayak terapi atau tes. Jadi, mereka dilatih buat ngerti budayamu. Coba tanya psikologmu soal pelatihan mereka. Apa yang lagi bikin penasaran? Ceritain, yuk.;GROK;D2_GROK_DrAndrewClinicalPsychology84-107_47.json;psikolog psikolog paham kabar program psikologi ngajarin entah lewat kursus khusus masukin terapi psikolog penasaran;1;1.0;terapi - psikolog - takut - obat - dokter - mental - sehat - khawatir - tahu - ganggu;1_psikolog_terapi_dokter_takut;psikolog psikolog paham kabar program psikologi ngajarin entah lewat kursus khusus masukin terapi psikolog penasaran
Apa psikologku pernah ketemu orang dari budayaku?;Nggak semua psikolog pasti ketemu orang dari budayamu, tapi banyak program pelatihan sekarang dorong mereka buat punya pengalaman langsung sama budaya yang beda, kayak lewat kerja klinis atau proyek sama komunitas. Ini bikin mereka lebih ngerti cara pandangmu. Kalau kamu pengen tahu, tanya psikologmu soal pengalaman mereka. Apa yang lagi bikin khawatir? Ceritain, dong.;GROK;D2_GROK_DrAndrewClinicalPsychology84-107_47.json;psikolog psikolog program dorong alam langsung lewat kerja klinis proyek pandang tahu psikolog alam khawatir;1;1.0;terapi - psikolog - takut - obat - dokter - mental - sehat - khawatir - tahu - ganggu;1_psikolog_terapi_dokter_takut;psikolog psikolog program dorong alam langsung lewat kerja klinis proyek pandang tahu psikolog alam khawatir
Apa yang bikin pelatihan psikolog ngerti budaya itu sukses?;Nadya A. Fouad dan Patricia Arredondo bilang pelatihan budaya yang sukses punya tujuh elemen, kayak komitmen jelas buat keberagaman, rekrut dosen dan mahasiswa dari berbagai budaya, dan ajarin mahasiswa soal bias mereka sendiri. Ini bikin psikolog siap bantu orang kayak kamu dengan cara yang ngerti budayamu. Coba tanya psikologmu soal pelatihan mereka. Apa yang lagi pengen kamu tahu? Ceritain, yuk.;GROK;D2_GROK_DrAndrewClinicalPsychology84-107_47.json;psikolog sukses nadya fouad patricia arredondo sukses tujuh elemen komitmen jelas agam rekrut dosen mahasiswa ajarin mahasiswa bias sendiri psikolog siap psikolog tahu;1;1.0;terapi - psikolog - takut - obat - dokter - mental - sehat - khawatir - tahu - ganggu;1_psikolog_terapi_dokter_takut;psikolog sukses nadya fouad patricia arredondo sukses tujuh elemen komitmen jelas agam rekrut dosen mahasiswa ajarin mahasiswa bias sendiri psikolog siap psikolog tahu
Aku takut gejalaku salah diartikan karena budayaku. Apa DSM-IV bantu?;Aku ngerti kamu takut gejalamu disalahartikan. DSM-IV udah coba bantu dengan masukin info soal budaya, usia, dan gender buat setiap gangguan, plus sindrom khusus budaya. Jadi, psikolog bisa lihat gejalamu dengan ngerti cara budayamu ngungkapin masalah. Coba tanya psikologmu soal ini. Apa yang lagi bikin takut soal gejalamu? Ceritain, yuk.;GROK;D2_GROK_DrAndrewClinicalPsychology84-107_47.json;takut gejala salah arti takut gejala disalahartikan udah masukin info usia gender ganggu plus sindrom khusus psikolog gejala ngungkapin psikolog takut gejala;1;1.0;terapi - psikolog - takut - obat - dokter - mental - sehat - khawatir - tahu - ganggu;1_psikolog_terapi_dokter_takut;takut gejala salah arti takut gejala disalahartikan udah masukin info usia gender ganggu plus sindrom khusus psikolog gejala ngungkapin psikolog takut gejala
Aku merasa bingung, apa sih metode penelitian dalam psikologi itu?;Metode penelitian dalam psikologi itu seperti cara kita mencari tahu lebih dalam tentang pikiran dan perilaku seseorang. Ada berbagai pendekatan, misalnya longitudinal, yang ngeliat perubahan seseorang dari waktu ke waktu, kayak diary yang ditulis bertahun-tahun. Ada juga cross-sectional, yang lebih cepat, kayak ngambil foto suasana di satu momen. Setiap metode punya kelebihan, tergantung apa yang ingin kamu pahami. Kalau kamu lagi bingung soal pikiranmu sendiri, mungkin kita bisa coba lihat dari sudut mana yang paling membantu?;GROK;D3_GROK_PengantarPsikologiAdnan47-57_20.json;metode psikologi metode psikologi tahu perilaku dekat longitudinal ngeliat ubah diary tahun tahun cross sectional cepat ngambil suasana momen metode paham sendiri sudut paling;1;1.0;terapi - psikolog - takut - obat - dokter - mental - sehat - khawatir - tahu - ganggu;1_psikolog_terapi_dokter_takut;metode psikologi metode psikologi tahu perilaku dekat longitudinal ngeliat ubah diary tahun tahun cross sectional cepat ngambil suasana momen metode paham sendiri sudut paling
Aku kadang nggak bisa bedain warna tertentu, kayak merah sama cokelat. Apa itu wajar?;Kalau kamu sulit bedain warna tertentu, bisa jadi itu tanda buta warna parsial, seperti sulit membedakan merah dan cokelat. Ini bukan penyakit, tapi kondisi genetik yang bikin sebagian orang susah membedakan warna tertentu. Kalau ini mengganggu, mungkin coba tes buta warna di dokter mata untuk memastikan.;GROK;D4_GROK_PengantarPsikologiBimoW123-133_20.json;bedain merah cokelat sulit bedain buta parsial sulit merah cokelat bukan sakit kondisi genetik susah ganggu buta dokter mata;1;1.0;terapi - psikolog - takut - obat - dokter - mental - sehat - khawatir - tahu - ganggu;1_psikolog_terapi_dokter_takut;bedain merah cokelat sulit bedain buta parsial sulit merah cokelat bukan sakit kondisi genetik susah ganggu buta dokter mata
Aku kadang nggak bisa bedain biru sama kuning. Apa itu tanda buta warna?;Kalau kamu susah membedakan biru dan kuning, bisa jadi itu tanda buta warna parsial, khususnya biru-kuning. Ini kondisi genetik, bukan penyakit, dan nggak bisa disembuhkan. Kalau ini bikin kesulitan sehari-hari, coba tes buta warna di dokter mata untuk tahu lebih jelas.;GROK;D4_GROK_PengantarPsikologiBimoW123-133_20.json;bedain biru kuning buta susah biru kuning buta parsial khusus biru kuning kondisi genetik bukan sakit sembuh sulit buta dokter mata tahu jelas;1;1.0;terapi - psikolog - takut - obat - dokter - mental - sehat - khawatir - tahu - ganggu;1_psikolog_terapi_dokter_takut;bedain biru kuning buta susah biru kuning buta parsial khusus biru kuning kondisi genetik bukan sakit sembuh sulit buta dokter mata tahu jelas
Aku takut ke dokter mata karena khawatir panik di ruang tunggu, apa yang harus kulakukan?;Itu bisa jadi tanda agoraphobia. Coba mulai dengan langkah kecil, seperti datang ke klinik tapi nggak masuk dulu, cuma duduk di parkiran. Aku bisa bantu buat rencana langkah demi langkah, mau coba?;GROK;D12_GROK_ClinicalHandbookPsychologicalDisorders22-32_20.json;takut dokter mata khawatir panik ruang tunggu laku agoraphobia kecil datang klinik masuk duduk parkir rencana;1;0.8449355298353954;terapi - psikolog - takut - obat - dokter - mental - sehat - khawatir - tahu - ganggu;1_psikolog_terapi_dokter_takut;takut dokter mata khawatir panik ruang tunggu laku agoraphobia kecil datang klinik masuk duduk parkir rencana
Aku takut psikologku punya bias. Gimana cara mereka hindarin?;Aku ngerti kekhawatiranmu soal bias. Psikolog dilatih buat paham budaya mereka sendiri, termasuk nilai atau bias yang mungkin mereka punya, biar nggak ngaruh ke cara mereka bantu kamu. Ini langkah pertama kompetensi budaya. Kalau mereka sadar bias mereka, mereka bisa lebih terbuka sama budayamu. Coba tanya psikologmu soal ini. Apa yang lagi bikin takut? Ceritain, dong.;GROK;D2_GROK_DrAndrewClinicalPsychology84-107_47.json;takut psikolog bias hindarin khawatir bias psikolog paham sendiri masuk nilai bias ngaruh pertama kompetensi bias psikolog takut;1;0.8349837442584068;terapi - psikolog - takut - obat - dokter - mental - sehat - khawatir - tahu - ganggu;1_psikolog_terapi_dokter_takut;takut psikolog bias hindarin khawatir bias psikolog paham sendiri masuk nilai bias ngaruh pertama kompetensi bias psikolog takut
Apa yang bakal psikolog jelasin sebelum terapi dimulai?;Sebelum terapi, psikolog bakal jelasin banyak hal biar kamu paham, kayak apa tujuan terapinya, berapa biayanya, apa batas kerahasiaannya, atau kalau ada pihak lain yang terlibat, misalnya asuransi. Ini bagian dari informed consent, biar kamu tahu apa yang bakal terjadi dan bisa tanya-tanya. Keren, kan, mereka pengen kamu nyaman dari awal? Apa yang pengen kamu tanya soal terapi? Ceritain, yuk.;GROK;D2_GROK_DrAndrewClinicalPsychology108-130_51.json;psikolog jelasin terapi terapi psikolog jelasin paham tuju terapi berapa biaya batas rahasia pihak libat asuransi informed consent tahu keren nyaman awal terapi;1;0.8323197372851896;terapi - psikolog - takut - obat - dokter - mental - sehat - khawatir - tahu - ganggu;1_psikolog_terapi_dokter_takut;psikolog jelasin terapi terapi psikolog jelasin paham tuju terapi berapa biaya batas rahasia pihak libat asuransi informed consent tahu keren nyaman awal terapi
Kalau aku ke dokter untuk masalah mentalku, takutnya malah dikira gila. Apa yang harus aku lakuin?;Kekhawatiran itu wajar, tapi penting untuk diinget bahwa dokter atau terapis tugasnya membantu, bukan menghakimi. Coba cari profesional yang bikin kamu nyaman, dan jelaskan kekhawatiranmu di awal. Kalau nggak cocok, nggak apa-apa cari yang lain. Kesehatan mentalku sama pentingnya dengan kesehatan fisik, lho.;GROK;D11_GROK_AHandbookfortheSMH446-456_20.json;dokter mental takut malah gila lakuin khawatir penting diinget dokter terap tugas bukan hakim profesional nyaman jelas khawatir awal cocok sehat mental penting sehat fisik;1;0.8266214280730282;terapi - psikolog - takut - obat - dokter - mental - sehat - khawatir - tahu - ganggu;1_psikolog_terapi_dokter_takut;dokter mental takut malah gila lakuin khawatir penting diinget dokter terap tugas bukan hakim profesional nyaman jelas khawatir awal cocok sehat mental penting sehat fisik
Apa yang bikin DSM-III beda sama DSM sebelumnya?;DSM-III tahun 1980 itu revolusioner! Beda sama DSM-I dan II, DSM-III pake data penelitian, kasih daftar gejala spesifik buat tiap gangguan, dan nggak lagi pake istilah psikoanalisis. Plus, mereka bikin sistem lima sumbu buat kasih gambaran lengkap soal kondisimu, kayak masalah mental, kesehatan fisik, atau stres hidup. Ini bikin diagnosis lebih akurat. Mau tahu lebih banyak soal diagnosis? Ceritain, yuk.;GROK;D2_GROK_DrAndrewClinicalPsychology150-170_38.json;tahun revolusioner pake data daftar gejala spesifik ganggu pake istilah psikoanalisis plus lima sumbu lengkap kondisi mental sehat fisik stres hidup diagnosis akurat tahu diagnosis;1;0.8262687253438038;terapi - psikolog - takut - obat - dokter - mental - sehat - khawatir - tahu - ganggu;1_psikolog_terapi_dokter_takut;tahun revolusioner pake data daftar gejala spesifik ganggu pake istilah psikoanalisis plus lima sumbu lengkap kondisi mental sehat fisik stres hidup diagnosis akurat tahu diagnosis
Aku sering merasa orang miskin kayak aku nggak akan dapat bantuan mental health yang layak. Bener nggak sih?;Aku ngerti kekhawatiranmu. Sayangnya, ada fakta bahwa akses ke layanan kesehatan mental bisa lebih sulit buat mereka yang berpenghasilan rendah karena biaya atau keterbatasan sistem. Tapi, ada juga banyak komunitas atau organisasi yang menawarkan bantuan gratis atau terjangkau. Kalau kamu mau, aku bisa bantu cari info soal ini.;GROK;D11_GROK_AHandbookfortheSMH446-456_20.json;miskin mental health layak khawatir sayang fakta akses sehat mental sulit hasil rendah biaya batas organisasi tawar gratis jangkau info;1;0.8172148283132368;terapi - psikolog - takut - obat - dokter - mental - sehat - khawatir - tahu - ganggu;1_psikolog_terapi_dokter_takut;miskin mental health layak khawatir sayang fakta akses sehat mental sulit hasil rendah biaya batas organisasi tawar gratis jangkau info
Aku takut ke dokter mata karena takut lihat cahaya terang bikin aku panik. Aku harus tetep pergi nggak?;Pemeriksaan mata penting buat kesehatanmu, tapi aku paham ketakutanmu. Mungkin kamu bisa ceritain ke dokter soal kecemasanmu sebelumnya, jadi mereka bisa bantu bikin situasinya lebih nyaman. Mau aku bantu susun rencana buat ke dokter?;GROK;D12_GROK_ClinicalHandbookPsychologicalDisorders66-76_20.json;takut dokter mata takut cahaya terang panik pergi periksa mata penting sehat paham takut dokter cemas situasi nyaman susun rencana dokter;1;0.8169307072293162;terapi - psikolog - takut - obat - dokter - mental - sehat - khawatir - tahu - ganggu;1_psikolog_terapi_dokter_takut;takut dokter mata takut cahaya terang panik pergi periksa mata penting sehat paham takut dokter cemas situasi nyaman susun rencana dokter
Aku nggak punya duit buat ke dokter jiwa. Apa ada cara lain?;Aku ngerti banget kalau biaya jadi kendala. Untungnya, ada opsi kayak layanan komunitas, grup dukungan, atau program pemerintah yang kadang gratis atau murah. Ada juga aplikasi atau hotline yang bisa bantu buat awalan. Kalau kamu kasih tahu daerahmu, aku bisa bantu cari info soal ini. Apa kamu pernah coba opsi kayak gitu sebelumnya?;GROK;D11_GROK_AHandbookfortheSMH479-489_20.json;duit dokter jiwa biaya kendala untung opsi grup dukung program perintah gratis murah aplikasi hotline awal tahu daerah info opsi;1;0.8068615657849805;terapi - psikolog - takut - obat - dokter - mental - sehat - khawatir - tahu - ganggu;1_psikolog_terapi_dokter_takut;duit dokter jiwa biaya kendala untung opsi grup dukung program perintah gratis murah aplikasi hotline awal tahu daerah info opsi
Aku takut tes kepribadian cuma lihat yang buruk. Apa NEO-PI-R beda?;Aku ngerti kamu pengen tes yang nggak cuma lihat masalah. Paul T. Costa dan Robert R. McCrae bilang NEO-PI-R fokus ke sifat kepribadian normal, kayak seberapa ekstrovert atau terorganisir kamu, bukan cuma gangguan. Ini bantu psikolog ngerti kekuatanmu juga. Kalau penasaran, tanya psikologmu soal tes ini. Mau ceritain apa yang bikin takut? Aku dengerin, kok.;GROK;D2_GROK_DrAndrewClinicalPsychology219-245_35.json;takut pribadi paul costa robert mccrae sifat pribadi berapa ekstrovert organisir bukan ganggu psikolog kuat penasaran psikolog takut dengerin;1;0.777931793376974;terapi - psikolog - takut - obat - dokter - mental - sehat - khawatir - tahu - ganggu;1_psikolog_terapi_dokter_takut;takut pribadi paul costa robert mccrae sifat pribadi berapa ekstrovert organisir bukan ganggu psikolog kuat penasaran psikolog takut dengerin
Aku takut psikolog salah ngerti ceritaku. Apa mereka cek ulang?;Aku ngerti kamu pengen ceritamu dipahami bener. Ekkehart Othmer dan Sieglinde C. Othmer bilang psikolog sering pake klarifikasi, kayak nanya ‘Jadi, maksudmu kamu cemas tiap malam, bener gitu?’, buat pastiin mereka ngerti bener. Ini bikin kamu ngerasa didenger dan ceritamu nggak disalahin. Kalau kamu khawatir, bilang aja apa yang penting. Apa yang bikin takut? Ceritain, dong.;GROK;D2_GROK_DrAndrewClinicalPsychology171-194_44.json;takut psikolog salah ulang paham ekkehart othmer sieglinde othmer psikolog pake klarifikasi nanya cemas pastiin ngerasa didenger disalahin khawatir penting takut;1;0.7517175512609942;terapi - psikolog - takut - obat - dokter - mental - sehat - khawatir - tahu - ganggu;1_psikolog_terapi_dokter_takut;takut psikolog salah ulang paham ekkehart othmer sieglinde othmer psikolog pake klarifikasi nanya cemas pastiin ngerasa didenger disalahin khawatir penting takut
Apa itu mikroagresi? Aku takut psikologku bikin salah.;Aku ngerti kekhawatiranmu. Mikroagresi itu komentar atau tindakan kecil yang tanpa sengaja bisa bikin orang ngerasa nggak dihargai, kayak psikolog ngira kamu pasti punya pacar padahal kamu gay. Psikolog yang baik belajar buat hindarin ini dengan paham budayamu lebih dalam. Kalau kamu takut soal ini, coba ngobrol sama psikologmu biar mereka tahu. Apa yang bikin khawatir soal terapi? Ceritain, dong.;GROK;D2_GROK_DrAndrewClinicalPsychology84-107_47.json;mikroagresi takut psikolog salah khawatir mikroagresi komentar tindak kecil sengaja ngerasa harga psikolog ngira pacar padahal psikolog hindarin paham takut psikolog tahu khawatir terapi;1;0.7507857322693494;terapi - psikolog - takut - obat - dokter - mental - sehat - khawatir - tahu - ganggu;1_psikolog_terapi_dokter_takut;mikroagresi takut psikolog salah khawatir mikroagresi komentar tindak kecil sengaja ngerasa harga psikolog ngira pacar padahal psikolog hindarin paham takut psikolog tahu khawatir terapi
Aku pengen tahu terapi bantu aku apa nggak. Desain apa yang dipake?;Kamu pengen yakin terapi works, ya. Psikolog bisa pake desain antar-kelompok buat bandingin kamu yang dapet terapi sama yang nggak, atau desain dalam-kelompok buat lihat perubahanmu dari waktu ke waktu. Keduanya bantu mereka ngerti apa terapi bantu kamu. Coba tanya psikologmu soal penelitian yang mereka pake. Apa yang lagi bikin penasaran? Ceritain, dong.;GROK;D2_GROK_DrAndrewClinicalPsychology131-148_47.json;tahu terapi desain dipake yakin terapi works psikolog pake desain antar kelompok bandingin dapet terapi desain kelompok ubah terapi psikolog pake penasaran;1;0.7385705047393025;terapi - psikolog - takut - obat - dokter - mental - sehat - khawatir - tahu - ganggu;1_psikolog_terapi_dokter_takut;tahu terapi desain dipake yakin terapi works psikolog pake desain antar kelompok bandingin dapet terapi desain kelompok ubah terapi psikolog pake penasaran
Emilia, aku takut ke dokter mata, tapi aku pikir aku punya halusinasi visual. Apa aku harus periksa?;Pasti nggak mudah ngadepin ketakutan ke dokter, apalagi kalau kamu curiga itu halusinasi. Halusinasi visual bisa jadi bagian dari gangguan psikotik, dan cek ke dokter mata bisa bantu pastiin apakah ini masalah mata atau sesuatu yang lain. Aku bangga kamu berpikir buat cek! Mau aku bantu susun rencana biar ke dokter nggak terlalu menakutkan, misalnya bawa temen atau siapin pertanyaan dulu?;GROK;D12_GROK_ClinicalHandbookPsychologicalDisorders539-549_20.json;takut dokter mata halusinasi visual periksa mudah ngadepin takut dokter curiga halusinasi halusinasi visual ganggu psikotik dokter mata pastiin mata bangga susun rencana dokter terlalu takut bawa temen siapin;1;0.7380074389068854;terapi - psikolog - takut - obat - dokter - mental - sehat - khawatir - tahu - ganggu;1_psikolog_terapi_dokter_takut;takut dokter mata halusinasi visual periksa mudah ngadepin takut dokter curiga halusinasi halusinasi visual ganggu psikotik dokter mata pastiin mata bangga susun rencana dokter terlalu takut bawa temen siapin
Aku takut penilaian perilaku nggak lihat masalah beneranku. Apa ini works?;Aku ngerti kamu pengen masalahmu dipahami utuh. Elaine M. Heiby dan Stephen N. Haynes bilang penilaian perilaku lihat perilaku, kayak cemas di keramaian, sebagai masalah itu sendiri. Mereka fokus kasih solusi langsung buat ubah perilaku, bukan cuma cari akar. Ini bisa works buat bantu atasi masalahmu. Kalau khawatir, tanya psikologmu soal caranya. Mau ceritain apa yang bikin susah? Aku dengerin, kok.;GROK;D2_GROK_DrAndrewClinicalPsychology219-245_35.json;takut nilai perilaku beneranku works paham utuh elaine heiby stephen haynes nilai perilaku perilaku cemas ramai sendiri solusi langsung ubah perilaku bukan akar works khawatir psikolog susah dengerin;1;0.7332086165834442;terapi - psikolog - takut - obat - dokter - mental - sehat - khawatir - tahu - ganggu;1_psikolog_terapi_dokter_takut;takut nilai perilaku beneranku works paham utuh elaine heiby stephen haynes nilai perilaku perilaku cemas ramai sendiri solusi langsung ubah perilaku bukan akar works khawatir psikolog susah dengerin
Kenapa DSM-III disebut revolusioner?;DSM-III tahun 1980 bener-bener ubah permainan! Dia pake data penelitian, bukan cuma pendapat, kasih daftar gejala jelas buat tiap gangguan, dan buang istilah psikoanalisis. Plus, ada sistem lima sumbu yang lihat nggak cuma gangguan mental, tapi juga kesehatan fisik dan stres hidup. Ini bikin diagnosis lebih akurat dan bantu psikolog ngerti kamu lebih lengkap. Mau tahu lebih banyak soal ini? Ceritain, yuk.;GROK;D2_GROK_DrAndrewClinicalPsychology150-170_38.json;sebut revolusioner tahun ubah main pake data bukan daftar gejala jelas ganggu buang istilah psikoanalisis plus lima sumbu ganggu mental sehat fisik stres hidup diagnosis akurat psikolog lengkap tahu;1;0.7295700187759879;terapi - psikolog - takut - obat - dokter - mental - sehat - khawatir - tahu - ganggu;1_psikolog_terapi_dokter_takut;sebut revolusioner tahun ubah main pake data bukan daftar gejala jelas ganggu buang istilah psikoanalisis plus lima sumbu ganggu mental sehat fisik stres hidup diagnosis akurat psikolog lengkap tahu
Aku takut MCMI-III bikin aku kelihatan buruk. Apa tes ini cuma buat gangguan?;Aku ngerti takutnya dikira bermasalah. Robert J. Craig bilang MCMI-III memang fokus ke gangguan kepribadian, kayak antisosial atau narsis, tapi juga cek masalah lain kayak depresi atau cemas. Tes ini bantu psikolog ngerti pola kepribadianmu, bukan buat bikin kamu kelihatan buruk. Kalau khawatir, tanya psikologmu soal hasilnya. Mau ceritain apa yang bikin takut? Aku dengerin, yuk.;GROK;D2_GROK_DrAndrewClinicalPsychology219-245_35.json;takut mcmi ganggu takut robert craig mcmi ganggu pribadi antisosial narsis depresi cemas psikolog pola pribadi bukan khawatir psikolog hasil takut dengerin;1;0.7098062052786711;terapi - psikolog - takut - obat - dokter - mental - sehat - khawatir - tahu - ganggu;1_psikolog_terapi_dokter_takut;takut mcmi ganggu takut robert craig mcmi ganggu pribadi antisosial narsis depresi cemas psikolog pola pribadi bukan khawatir psikolog hasil takut dengerin
Aku takut psikolog cuma ngejar info, nggak peduli. Apa mereka beneran dengar?;Aku ngerti kamu pengen psikolog yang bener-bener peduli. John Sommers-Flanagan dan Rita Sommers-Flanagan bilang psikolog dilatih buat tenang biar fokus dengerin, tahu gimana mereka ngaruh ke kamu, dan bikin hubungan yang bikin kamu ngerasa aman. Jadi, mereka nggak cuma cari info, tapi pengen ngerti kamu. Kalau khawatir, bilang aja apa yang bikin nggak enak. Apa yang lagi bikin takut? Ceritain, dong.;GROK;D2_GROK_DrAndrewClinicalPsychology171-194_44.json;takut psikolog ngejar info peduli beneran dengar psikolog peduli john sommers flanagan rita sommers flanagan psikolog tenang dengerin tahu ngaruh ngerasa info khawatir enak takut;1;0.7067912842109132;terapi - psikolog - takut - obat - dokter - mental - sehat - khawatir - tahu - ganggu;1_psikolog_terapi_dokter_takut;takut psikolog ngejar info peduli beneran dengar psikolog peduli john sommers flanagan rita sommers flanagan psikolog tenang dengerin tahu ngaruh ngerasa info khawatir enak takut
DSM yang pertama kayak apa sih? Beda sama sekarang?;DSM-I keluar tahun 1952 dan DSM-II tahun 1968, dan beda banget sama sekarang! Dulu, mereka lebih ngandalin pendapat dokter-dokter senior yang suka teori psikoanalisis, jadi banyak istilah kayak ‘neurosis’ dan nggak terlalu pake data ilmiah. Sekarang, DSM jauh lebih berdasarkan penelitian dan detail. Ini bikin diagnosis lebih jelas buat orang kayak kamu. Apa yang lagi bikin penasaran soal DSM? Ceritain, dong.;GROK;D2_GROK_DrAndrewClinicalPsychology150-170_38.json;pertama keluar tahun tahun ngandalin dokter dokter senior teori psikoanalisis istilah neurosis terlalu pake data ilmiah jauh detail diagnosis jelas penasaran;1;0.7014317285009669;terapi - psikolog - takut - obat - dokter - mental - sehat - khawatir - tahu - ganggu;1_psikolog_terapi_dokter_takut;pertama keluar tahun tahun ngandalin dokter dokter senior teori psikoanalisis istilah neurosis terlalu pake data ilmiah jauh detail diagnosis jelas penasaran
Aku ragu pada dokter baru. Apakah itu mempengaruhi kesembuhanku?;Keterbukaan penting. Jika ragu, ajukan pertanyaan sampai yakin atau pertimbangkan second opinion. Kepercayaan akan meningkatkan kepatuhan dan respon positif tubuh terhadap terapi.;GPT;D1_GPT_HealthPsycology184-208_50.json;ragu dokter pengaruh sembuh penting ragu yakin timbang second opinion percaya tingkat patuh respon positif tubuh hadap terapi;1;0.7010239467826201;terapi - psikolog - takut - obat - dokter - mental - sehat - khawatir - tahu - ganggu;1_psikolog_terapi_dokter_takut;ragu dokter pengaruh sembuh penting ragu yakin timbang second opinion percaya tingkat patuh respon positif tubuh hadap terapi
Aku takut kalau aku ceritain ke dokter aku ngerasa pengen nyakitin diri sendiri, nanti malah dikurung. Apa aku harus bohong?;Aku ngerti ketakutanmu, tapi bohong soal perasaanmu bisa bikin kamu nggak dapat bantuan yang kamu butuhin. Ceritain ke dokter itu berisiko, tapi kalau kamu pilih dokter atau terapis yang punya pendekatan berbasis pemulihan, mereka seharusnya bantu tanpa langsung ngambil langkah ekstrem. Coba tanya dulu apa yang bakal mereka lakukan kalau kamu ceritain perasaan itu. Kalau kamu nggak yakin, cari konselor atau hotline yang bisa jaga kerahasiaan. Mau ceritain ke aku apa yang bikin kamu ngerasa gitu?;GROK;D11_GROK_AHandbookfortheSMH490-500_20.json;takut dokter ngerasa nyakitin diri sendiri malah kurung bohong takut bohong butuhin dokter risiko pilih dokter terap dekat pulih langsung ngambil ekstrem laku yakin konselor hotline jaga rahasia ngerasa;1;0.6956311225881706;terapi - psikolog - takut - obat - dokter - mental - sehat - khawatir - tahu - ganggu;1_psikolog_terapi_dokter_takut;takut dokter ngerasa nyakitin diri sendiri malah kurung bohong takut bohong butuhin dokter risiko pilih dokter terap dekat pulih langsung ngambil ekstrem laku yakin konselor hotline jaga rahasia ngerasa
Aku takut MMPI-A bikin anakku stres. Apa tes ini aman buat remaja?;Aku ngerti kekhawatiranmu soal anakmu. Robert P. Archer bilang MMPI-A dibuat khusus buat remaja 14 sampai 18 tahun, dengan pertanyaan soal hal yang mereka alami, kayak sekolah atau temen. Tes ini aman dan bantu psikolog ngerti apa yang anakmu rasain tanpa bikin stres berlebihan. Kalau khawatir, tanya psikolog soal caranya. Mau ceritain apa yang bikin takut? Aku dengerin, kok.;GROK;D2_GROK_DrAndrewClinicalPsychology219-245_35.json;takut mmpi anak stres remaja khawatir anak robert archer mmpi khusus remaja tahun alami sekolah temen psikolog anak rasain stres khawatir psikolog takut dengerin;1;0.6858741251866284;terapi - psikolog - takut - obat - dokter - mental - sehat - khawatir - tahu - ganggu;1_psikolog_terapi_dokter_takut;takut mmpi anak stres remaja khawatir anak robert archer mmpi khusus remaja tahun alami sekolah temen psikolog anak rasain stres khawatir psikolog takut dengerin
Sudah janji mau terapi minggu ini tapi masih menunda telepon klinik.;Gunakan metode ‘2‑minute rule’: lakukan langkah pertama yang hanya butuh <2 menit—mis. menyimpan nomor klinik lalu kirim pesan WhatsApp tanya jadwal. Aksi kecil memecah kebuntuan.;GPT;D1_GPT_HealthPsycology168-183_30.json;janji terapi minggu tunda telepon klinik metode mute rule laku pertama butuh simpan nomor klinik kirim pesan whatsapp jadwal aksi kecil pecah buntu;1;0.6849261639445113;terapi - psikolog - takut - obat - dokter - mental - sehat - khawatir - tahu - ganggu;1_psikolog_terapi_dokter_takut;janji terapi minggu tunda telepon klinik metode mute rule laku pertama butuh simpan nomor klinik kirim pesan whatsapp jadwal aksi kecil pecah buntu
Bagaimana menemukan info layanan psikolog murah di daerahku?;Ikuti kegiatan posyandu, karang taruna, atau grup Facebook lokal. Biasanya ada pengumuman program kesehatan mental gratis dari puskesmas atau NGO setempat.;GPT;D1_GPT_HealthPsycology168-183_30.json;info psikolog murah daerah giat posyandu karang taruna grup facebook lokal umum program sehat mental gratis puskesmas tempat;1;0.6823156516263231;terapi - psikolog - takut - obat - dokter - mental - sehat - khawatir - tahu - ganggu;1_psikolog_terapi_dokter_takut;info psikolog murah daerah giat posyandu karang taruna grup facebook lokal umum program sehat mental gratis puskesmas tempat
Psikolog klinis itu kerjanya cuma terapi, ya? Atau ada yang lain?;Bukan cuma terapi, lho! Psikoterapi emang yang paling sering mereka lakuin, kayak ngobrol buat bantu atasi masalahmu. Tapi mereka juga bisa ngecek kondisi mental lewat asesmen, ngajar di universitas, bikin penelitian buat ningkatin ilmu psikologi, atau bimbing psikolog lain. Jadi, mereka serba bisa, tergantung tempat kerjanya. Kalau kamu ketemu psikolog, apa yang pengen kamu pelajari dari mereka? Ceritain, yuk.;GROK;D2_GROK_DrAndrewClinicalPsychology26-43_53.json;psikolog klinis kerja terapi bukan terapi psikoterapi emang paling lakuin ngecek kondisi mental lewat asesmen ngajar universitas ningkatin ilmu psikologi bimbing psikolog serba tempat kerja psikolog;1;0.6783391332601013;terapi - psikolog - takut - obat - dokter - mental - sehat - khawatir - tahu - ganggu;1_psikolog_terapi_dokter_takut;psikolog klinis kerja terapi bukan terapi psikoterapi emang paling lakuin ngecek kondisi mental lewat asesmen ngajar universitas ningkatin ilmu psikologi bimbing psikolog serba tempat kerja psikolog
Aku pengen coba terapi kelompok, tapi nggak tahu apa itu bakal cocok. Ceritain dong!;Terapi kelompok itu kayak ruang aman buat berbagi pengalaman dengan orang lain yang mungkin ngalamin hal serupa. Kamu bisa denger cerita mereka, dapat dukungan, dan belajar cara baru untuk hadapi masalah. Kalau kamu khawatir, coba mulai dengan kelompok kecil atau yang dipandu profesional. Apa yang bikin kamu tertarik sama terapi kelompok? Aku bisa bantu jelasin lebih lanjut!;GROK;D12_GROK_ClinicalHandbookPsychologicalDisorders594-604_20.json;terapi kelompok tahu cocok terapi kelompok ruang alam ngalamin rupa denger dukung hadap khawatir kelompok kecil pandu profesional terapi kelompok jelasin lanjut;1;0.6780613027483349;terapi - psikolog - takut - obat - dokter - mental - sehat - khawatir - tahu - ganggu;1_psikolog_terapi_dokter_takut;terapi kelompok tahu cocok terapi kelompok ruang alam ngalamin rupa denger dukung hadap khawatir kelompok kecil pandu profesional terapi kelompok jelasin lanjut
Aku merasa layanan kesehatan mental cuma buat orang kaya. Bener nggak sih?;Aku ngerti kekhawatiranmu, kadang emang keliatan gitu. Tapi banyak layanan gratis atau terjangkau, lho, kayak di puskesmas atau organisasi komunitas. Coba cari tahu di daerahmu, atau aku bisa bantu kasih info kalau kamu kasih tahu lokasimu.;GROK;D11_GROK_AHandbookfortheSMH468-478_20.json;sehat mental kaya khawatir emang liat gratis jangkau puskesmas organisasi tahu daerah info tahu lokasi;1;0.6750320488930435;terapi - psikolog - takut - obat - dokter - mental - sehat - khawatir - tahu - ganggu;1_psikolog_terapi_dokter_takut;sehat mental kaya khawatir emang liat gratis jangkau puskesmas organisasi tahu daerah info tahu lokasi
Pekerja sosial itu beda sama psikolog klinis, ya? Apa yang mereka lakuin?;Iya, beda tapi kadang kerja barengan. Pekerja sosial lebih fokus ke bagaimana lingkungan atau masyarakat memengaruhi hidup seseorang. Misalnya, mereka bantu hubungin kamu ke layanan sosial, kayak bantuan keuangan atau tempat tinggal, dan atasi isu seperti kemiskinan atau kekerasan. Psikolog klinis lebih ke ngobrol buat bantu pahami emosi atau pikiranmu. Jadi, kalau kamu butuh bantuan praktis soal kehidupan sehari-hari, pekerja sosial oke. Kalau mau dalemin perasaan, psikolog klinis cocok. Apa yang lagi kamu pikirin sekarang?;GROK;D2_GROK_DrAndrewClinicalPsychology26-43_53.json;kerja sosial psikolog klinis lakuin kerja bareng kerja sosial masyarakat pengaruh hidup hubungin sosial uang tempat tinggal miskin psikolog klinis paham emosi butuh praktis hidup kerja sosial dalemin psikolog klinis cocok pikirin;1;0.6747678374996647;terapi - psikolog - takut - obat - dokter - mental - sehat - khawatir - tahu - ganggu;1_psikolog_terapi_dokter_takut;kerja sosial psikolog klinis lakuin kerja bareng kerja sosial masyarakat pengaruh hidup hubungin sosial uang tempat tinggal miskin psikolog klinis paham emosi butuh praktis hidup kerja sosial dalemin psikolog klinis cocok pikirin
Apa sih informed consent? Aku bingung sama istilah ini.;Nggak apa-apa kalau bingung, istilah ini emang agak teknis. Informed consent itu kayak psikolog ngasih tahu kamu apa yang bakal terjadi di terapi, misalnya apa tujuannya, berapa biayanya, atau apa batas kerahasiaannya. Mereka juga kasih kamu kesempatan tanya-tanya biar jelas. Ini buat pastiin kamu setuju dan nyaman sebelum mulai. Keren, kan, mereka pengen kamu paham banget? Apa yang lagi bikin penasaran soal terapi? Ceritain, yuk.;GROK;D2_GROK_DrAndrewClinicalPsychology108-130_51.json;informed consent istilah istilah emang teknis informed consent psikolog ngasih tahu terapi tuju berapa biaya batas rahasia sempat jelas pastiin tuju nyaman keren paham penasaran terapi;1;0.6726772955483572;terapi - psikolog - takut - obat - dokter - mental - sehat - khawatir - tahu - ganggu;1_psikolog_terapi_dokter_takut;informed consent istilah istilah emang teknis informed consent psikolog ngasih tahu terapi tuju berapa biaya batas rahasia sempat jelas pastiin tuju nyaman keren paham penasaran terapi
Aku takut ke dokter buat ceritain panikku. Apa mereka bakal anggap aku aneh?;Takut cerita ke dokter itu wajar, tapi dokter justru terbiasa dengerin soal panik, kok. Mereka nggak akan anggap kamu aneh—panik itu hal yang umum. Coba mulai dengan ceritain satu gejala, seperti jantungan, dan lihat reaksinya. Kalau masih takut, apa yang bikin kamu khawatir soal ke dokter? Kita bisa siapin apa yang mau diceritain.;GROK;D12_GROK_ClinicalHandbookPsychologicalDisorders55-65_20.json;takut dokter panik anggap aneh takut dokter dokter justru dengerin panik anggap aneh panik umum gejala jantung reaksi takut khawatir dokter siapin diceritain;1;0.6712664679668107;terapi - psikolog - takut - obat - dokter - mental - sehat - khawatir - tahu - ganggu;1_psikolog_terapi_dokter_takut;takut dokter panik anggap aneh takut dokter dokter justru dengerin panik anggap aneh panik umum gejala jantung reaksi takut khawatir dokter siapin diceritain
Apa terapi bakal beda kalau aku dari budaya lain?;Bisa banget! Psikolog yang kompeten budaya bakal sesuain cara terapi sama nilai dan pengalaman hidupmu. Misalnya, kalau budayamu lebih suka pendekatan langsung daripada ngobrol panjang, mereka bakal pake cara yang cocok. Ini bikin terapi ngerasa lebih personal dan membantu. Kalau kamu lagi mikirin terapi, apa yang pengen kamu ceritain soal budayamu? Aku dengerin kok.;GROK;D2_GROK_DrAndrewClinicalPsychology84-107_47.json;terapi psikolog kompeten sesuain terapi nilai alam hidup dekat langsung panjang pake cocok terapi ngerasa personal mikirin terapi dengerin;1;0.6703342552207154;terapi - psikolog - takut - obat - dokter - mental - sehat - khawatir - tahu - ganggu;1_psikolog_terapi_dokter_takut;terapi psikolog kompeten sesuain terapi nilai alam hidup dekat langsung panjang pake cocok terapi ngerasa personal mikirin terapi dengerin
Aku dengar buprenorphine itu obat buat berhenti dari opioid. Apa bener aman?;Buprenorphine memang sering dipakai buat bantu orang berhenti dari opioid, dan banyak penelitian bilang itu aman kalau dipakai sesuai petunjuk dokter. Obat ini bantu kurangi rasa pengen pakai opioid tanpa bikin kamu 'high'. Tapi, harus dipantau ketat biar nggak disalahgunakan. Kalau kamu penasaran, coba tanya dokter soal plus-minusnya buat situasimu. Apa lagi yang bikin kamu ragu soal obat ini?;GROK;D12_GROK_ClinicalHandbookPsychologicalDisorders638-648_20.json;dengar buprenorphine obat henti opioid buprenorphine henti opioid sesuai tunjuk dokter obat kurang opioid high pantau ketat disalahgunakan penasaran dokter plus minus situasi ragu obat;1;0.6662289004241588;terapi - psikolog - takut - obat - dokter - mental - sehat - khawatir - tahu - ganggu;1_psikolog_terapi_dokter_takut;dengar buprenorphine obat henti opioid buprenorphine henti opioid sesuai tunjuk dokter obat kurang opioid high pantau ketat disalahgunakan penasaran dokter plus minus situasi ragu obat
Aku takut tes psikologi nggak akurat. Apa psikolog benerin tesnya?;Aku ngerti tes bisa bikin cemas. Psikolog klinis sering neliti buat bikin tes mereka lebih akurat, kayak ngecek apakah tes cocok buat orang kayak kamu atau bikin tes baru yang lebih pas. Mereka juga cek apakah tes sama bagusnya di budaya atau bahasa yang beda. Jadi, kamu bisa percaya tes itu beneran ngegambarin kamu. Apa yang bikin takut soal tes? Ceritain, yuk.;GROK;D2_GROK_DrAndrewClinicalPsychology131-148_47.json;takut psikologi akurat psikolog benerin cemas psikolog klinis neliti akurat ngecek cocok bagus bahasa percaya beneran ngegambarin takut;1;0.6640793854006759;terapi - psikolog - takut - obat - dokter - mental - sehat - khawatir - tahu - ganggu;1_psikolog_terapi_dokter_takut;takut psikologi akurat psikolog benerin cemas psikolog klinis neliti akurat ngecek cocok bagus bahasa percaya beneran ngegambarin takut
Aku takut satu tes nggak cukup ngerti aku. Apa multimethod bantu?;Aku ngerti kekhawatiranmu soal tes. Penilaian multimethod itu kayak ngumpulin puzzle dari banyak sumber—tes, wawancara, observasi—biar gambaran tentang kamu lebih lengkap. Dengan cara ini, psikolog nggak cuma ngandalin satu sudut pandang, jadi lebih akurat ngerti apa yang kamu alamin. Mau ceritain apa yang bikin takut soal tes? Aku dengerin, kok.;GROK;D2_GROK_DrAndrewClinicalPsychology219-245_35.json;takut cukup multimethod khawatir nilai multimethod ngumpulin puzzle sumber wawancara observasi lengkap psikolog ngandalin sudut pandang akurat alamin takut dengerin;1;0.6597782399099343;terapi - psikolog - takut - obat - dokter - mental - sehat - khawatir - tahu - ganggu;1_psikolog_terapi_dokter_takut;takut cukup multimethod khawatir nilai multimethod ngumpulin puzzle sumber wawancara observasi lengkap psikolog ngandalin sudut pandang akurat alamin takut dengerin
Aku merasa nggak bisa ngontrol ketakutan aku pas di keramaian. Apa ada cara buat ngatasin ini?;Kedengeran berat ya, tapi ada cara yang bisa dicoba, seperti teknik relaksasi atau terapi perilaku kognitif. Ini bantu kamu pelan-pelan hadapi ketakutan tanpa merasa kewalahan. Mulai dari langkah kecil, misalnya cuma sebentar di tempat ramai sambil latihan napas. Mau coba latihan napas bareng sekarang?;GROK;D12_GROK_ClinicalHandbookPsychologicalDisorders77-87_20.json;ngontrol takut ramai ngatasin kedengeran berat teknik relaksasi terapi perilaku kognitif pelan pelan hadap takut kewalahan kecil sebentar tempat ramai bareng;1;0.6591925543743079;terapi - psikolog - takut - obat - dokter - mental - sehat - khawatir - tahu - ganggu;-1_diri_takut_sendiri_kecil;ngontrol takut ramai ngatasin kedengeran berat teknik relaksasi terapi perilaku kognitif pelan pelan hadap takut kewalahan kecil sebentar tempat ramai bareng
Jadi, informed consent itu cuma sekali di awal terapi?;Nggak selalu cuma sekali, lho. Kalau buat penelitian, mungkin iya, tapi buat terapi, informed consent bisa berjalan terus. Psikolog bakal kasih info baru seiring mereka kenal kamu lebih dalam, misalnya soal tujuan terapi atau cara pendekatan. Ini biar kamu selalu tahu apa yang terjadi dan bisa ikut nentuin jalannya. Kedengeran bikin nyaman, kan? Kalau kamu lagi mikirin terapi, apa yang pengen kamu tanya? Ceritain, dong.;GROK;D2_GROK_DrAndrewClinicalPsychology108-130_51.json;informed consent sekali awal terapi sekali terapi informed consent jalan terus psikolog info iring kenal tuju terapi dekat tahu nentuin jalan kedengeran nyaman mikirin terapi;1;0.6535336453483388;terapi - psikolog - takut - obat - dokter - mental - sehat - khawatir - tahu - ganggu;1_psikolog_terapi_dokter_takut;informed consent sekali awal terapi sekali terapi informed consent jalan terus psikolog info iring kenal tuju terapi dekat tahu nentuin jalan kedengeran nyaman mikirin terapi
Aku takut tes Wechsler bohongin. Apa bener bisa dipercaya?;Aku ngerti kekhawatiranmu soal tes. Gary Groth-Marnat bilang tes Wechsler punya reliabilitas dan validitas yang top, artinya hasilnya konsisten dan bener-bener ngukur kecerdasanmu. Banyak penelitian udah buktiin ini, jadi kamu bisa percaya. Kalau masih ragu, tanya psikologmu soal caranya mereka pastiin hasil. Apa yang bikin takut? Ceritain, yuk.;GROK;D2_GROK_DrAndrewClinicalPsychology195-218_35.json;takut wechsler bohongin percaya khawatir gary groth marnat wechsler reliabilitas validitas arti hasil konsisten ngukur cerdas udah buktiin percaya ragu psikolog pastiin hasil takut;1;0.6476031798613997;terapi - psikolog - takut - obat - dokter - mental - sehat - khawatir - tahu - ganggu;1_psikolog_terapi_dokter_takut;takut wechsler bohongin percaya khawatir gary groth marnat wechsler reliabilitas validitas arti hasil konsisten ngukur cerdas udah buktiin percaya ragu psikolog pastiin hasil takut
Apa yang bikin terapi online tetap aman buat klien?;Kamu nanya sesuatu yang penting banget. Biar terapi online aman, American Psychological Association di tahun 2002 udah bikin aturan etik khusus. Psikolog harus pastiin data kamu aman pake enkripsi, kasih tahu risiko dan manfaat terapi online, dan siap tangani situasi darurat meski jarak jauh. Jadi, mereka berusaha bikin kamu ngerasa aman dan nyaman. Kalau kamu lagi mikirin terapi online, apa yang bikin khawatir? Ceritain, yuk.;GROK;D2_GROK_DrAndrewClinicalPsychology65-83_51.json;terapi tetap klien nanya penting terapi american psychological association tahun udah atur etik khusus psikolog pastiin data pake enkripsi tahu risiko manfaat terapi siap tangan situasi darurat jarak jauh usaha ngerasa nyaman mikirin terapi khawatir;1;0.646728121862991;terapi - psikolog - takut - obat - dokter - mental - sehat - khawatir - tahu - ganggu;1_psikolog_terapi_dokter_takut;terapi tetap klien nanya penting terapi american psychological association tahun udah atur etik khusus psikolog pastiin data pake enkripsi tahu risiko manfaat terapi siap tangan situasi darurat jarak jauh usaha ngerasa nyaman mikirin terapi khawatir
Aku pengen tahu terapi works. Desain mana yang lebih bagus?;Kamu pengen yakin terapi beneran membantu, ya. Desain antar-kelompok bandingin kelompok beda, kayak yang dapet terapi sama yang nggak. Dalam-kelompok lihat perubahan di kelompok yang sama dari waktu ke waktu. Keduanya bagus, tergantung pertanyaannya. Antar-kelompok bagus buat bandingin, dalam-kelompok buat lihat progres. Ini bantu psikolog kasih terapi pas. Apa yang lagi bikin penasaran? Ceritain, dong.;GROK;D2_GROK_DrAndrewClinicalPsychology131-148_47.json;tahu terapi works desain bagus yakin terapi beneran desain antar kelompok bandingin kelompok dapet terapi kelompok ubah kelompok bagus antar kelompok bagus bandingin kelompok progres psikolog terapi penasaran;1;0.6356459180434906;terapi - psikolog - takut - obat - dokter - mental - sehat - khawatir - tahu - ganggu;1_psikolog_terapi_dokter_takut;tahu terapi works desain bagus yakin terapi beneran desain antar kelompok bandingin kelompok dapet terapi kelompok ubah kelompok bagus antar kelompok bagus bandingin kelompok progres psikolog terapi penasaran
Aku takut psikolog salah manggil namaku. Apa mereka hati-hati soal ini?;Aku ngerti kamu pengen dihargai, termasuk soal nama. Lisa A. Fontes bilang manggil nama klien dengan bener itu penting banget buat nunjukin hormat dan hindarin mikroagresi, kayak salah panggil yang bikin ngerasa nggak dianggap. Psikolog yang baik biasanya tanya dulu cara manggil kamu yang bener. Kalau kamu khawatir, bilang aja preferensimu. Apa yang lagi bikin penasaran? Ceritain, yuk.;GROK;D2_GROK_DrAndrewClinicalPsychology171-194_44.json;takut psikolog salah manggil nama hati hati harga masuk nama lisa fontes manggil nama klien penting nunjukin hormat hindarin mikroagresi salah panggil ngerasa anggap psikolog manggil khawatir preferensi penasaran;1;0.6345160838775836;terapi - psikolog - takut - obat - dokter - mental - sehat - khawatir - tahu - ganggu;1_psikolog_terapi_dokter_takut;takut psikolog salah manggil nama hati hati harga masuk nama lisa fontes manggil nama klien penting nunjukin hormat hindarin mikroagresi salah panggil ngerasa anggap psikolog manggil khawatir preferensi penasaran
Aku coba minum obat buat depresi, tapi kok takut ketergantungan. Aman nggak sih?;Wajar kok khawatir soal obat. Obat buat depresi, seperti SSRI, biasanya aman kalau diresepin dokter dan dipantau. Tapi, memang ada risiko efek samping atau ketergantungan kalau nggak diatur baik. Penting banget buat diskusi jujur sama dokter soal kekhawatiranmu. Kalau mau coba tanpa obat, terapi kognitif juga bisa bantu. Apa yang bikin kamu takut sama obat ini?;GROK;D12_GROK_ClinicalHandbookPsychologicalDisorders275-285_20.json;obat depresi takut khawatir obat obat depresi ssri diresepin dokter pantau risiko efek atur penting diskusi jujur dokter khawatir obat terapi kognitif takut obat;1;0.6296352941790875;terapi - psikolog - takut - obat - dokter - mental - sehat - khawatir - tahu - ganggu;1_psikolog_terapi_dokter_takut;obat depresi takut khawatir obat obat depresi ssri diresepin dokter pantau risiko efek atur penting diskusi jujur dokter khawatir obat terapi kognitif takut obat
Aku takut psikolog nggak ngerti budayaku. Apa DSM bantu soal ini?;Aku ngerti kekhawatiranmu soal budaya. DSM-IV punya sesuatu yang disebut outline for cultural formulation, yang bantu psikolog lihat konteks budayamu, kayak apa artinya gejalamu di budayamu atau apa dukungan sosialmu. Ini bikin mereka lebih ngerti cara pandangmu. Coba ceritain ke psikologmu soal budayamu biar mereka bisa bantu lebih pas. Apa yang lagi bikin takut? Ceritain, yuk.;GROK;D2_GROK_DrAndrewClinicalPsychology150-170_38.json;takut psikolog khawatir sebut outline cultural formulation psikolog konteks arti gejala dukung sosial pandang psikolog takut;1;0.6291698329576805;terapi - psikolog - takut - obat - dokter - mental - sehat - khawatir - tahu - ganggu;1_psikolog_terapi_dokter_takut;takut psikolog khawatir sebut outline cultural formulation psikolog konteks arti gejala dukung sosial pandang psikolog takut
Aku takut WIAT-II nggak adil. Apa hasilnya bisa dipercaya?;Wajar banget khawatir soal keadilan. WIAT-II punya data normatif dari ribuan orang yang dipilih biar mirip populasi, dan dihubungin sama tes Wechsler biar perbandingan kecerdasan sama prestasi lebih akurat. Jadi, hasilnya biasanya bisa dipercaya buat ngerti kondisimu. Kalau masih khawatir, tanya psikologmu soal caranya. Apa yang bikin takut? Aku dengerin, yuk.;GROK;D2_GROK_DrAndrewClinicalPsychology195-218_35.json;takut wiat adil hasil percaya khawatir adil wiat data normatif ribu pilih mirip populasi dihubungin wechsler banding cerdas prestasi akurat hasil percaya kondisi khawatir psikolog takut dengerin;1;0.6286760573000333;terapi - psikolog - takut - obat - dokter - mental - sehat - khawatir - tahu - ganggu;1_psikolog_terapi_dokter_takut;takut wiat adil hasil percaya khawatir adil wiat data normatif ribu pilih mirip populasi dihubungin wechsler banding cerdas prestasi akurat hasil percaya kondisi khawatir psikolog takut dengerin
Aku takut RISB bikin aku ceritain hal pribadi. Apa tes ini bantu?;Aku ngerti takutnya cerita hal pribadi. Alissa Sherry, Eric R. Dahlen, dan Maxine Holaday bilang RISB minta kamu nglengkapin kalimat, kayak ‘Aku takut...’, buat ngerti apa yang ada di pikiranmu. Ini bantu psikolog tahu lebih dalam soal perasaanmu, dan mereka jaga rahasia. Kalau khawatir, bilang ke psikolog biar kamu ngerasa nyaman. Mau ceritain apa yang bikin takut? Aku dengerin, kok.;GROK;D2_GROK_DrAndrewClinicalPsychology219-245_35.json;takut risb pribadi takut pribadi alissa sherry eric dahlen maxine holaday risb minta nglengkapin takut psikolog tahu jaga rahasia khawatir psikolog ngerasa nyaman takut dengerin;1;0.6235392081423627;terapi - psikolog - takut - obat - dokter - mental - sehat - khawatir - tahu - ganggu;1_psikolog_terapi_dokter_takut;takut risb pribadi takut pribadi alissa sherry eric dahlen maxine holaday risb minta nglengkapin takut psikolog tahu jaga rahasia khawatir psikolog ngerasa nyaman takut dengerin
Aku pengen mati aja biar semua selesai. Tapi aku takut. Apa yang harus aku lakuin?;Aku sangat khawatir denger kamu merasa begitu, dan aku bersyukur kamu cerita ke aku. Pikiran kayak gitu tanda kamu sedang sangat kesakitan. Tolong jangan sendirian sekarang—hubungi orang yang kamu percaya atau profesional, seperti psikolog. Aku di sini buat nemenin, mau ceritain apa yang bikin kamu sampe mikir gitu?;GROK;D12_GROK_ClinicalHandbookPsychologicalDisorders308-318_20.json;mati takut lakuin khawatir denger syukur sedang sakit jangan sendiri percaya profesional psikolog nemenin sampe mikir;1;0.6206934206742265;terapi - psikolog - takut - obat - dokter - mental - sehat - khawatir - tahu - ganggu;1_psikolog_terapi_dokter_takut;mati takut lakuin khawatir denger syukur sedang sakit jangan sendiri percaya profesional psikolog nemenin sampe mikir
Aku merasa pengobatan mental cuma buang-buang waktu. Apa emang gitu, Emilia?;Aku ngerti kalau kamu ngerasa gitu, apalagi kalau pengobatan belum kasih hasil yang kamu harapkan. Penelitian bilang pengobatan nggak selalu efektif untuk semua orang, terutama kalau nggak sesuai pedoman. Tapi, banyak juga yang terbantu dengan terapi atau obat yang tepat. Apa yang bikin kamu ngerasa pengobatan nggak berguna?;GROK;D11_GROK_AHandbookfortheSMH83-93_20.json;obat mental buang buang emang ngerasa obat hasil harap obat efektif utama sesuai pedoman terapi obat tepat ngerasa obat;1;0.6183530512570946;terapi - psikolog - takut - obat - dokter - mental - sehat - khawatir - tahu - ganggu;1_psikolog_terapi_dokter_takut;obat mental buang buang emang ngerasa obat hasil harap obat efektif utama sesuai pedoman terapi obat tepat ngerasa obat
Aku nggak yakin apa aku perlu metode penelitian untuk masalahku, apa saranmu?;Nggak semua masalah butuh metode penelitian formal, kok. Kadang cukup dengan ngobrol atau mencatat apa yang kamu rasain. Tapi kalau kamu ingin lebih terarah, metode seperti introspeksi atau kuesioner bisa membantu kamu kenal diri lebih baik. Yang penting, kita mulai dari apa yang bikin kamu nyaman. Coba ceritain sedikit, apa sih yang lagi bikin kamu nggak yakin?;GROK;D3_GROK_PengantarPsikologiAdnan47-57_20.json;yakin perlu metode saran butuh metode formal cukup catat rasain arah metode introspeksi kuesioner kenal diri penting nyaman yakin;1;0.6144889252797399;terapi - psikolog - takut - obat - dokter - mental - sehat - khawatir - tahu - ganggu;-1_diri_takut_sendiri_kecil;yakin perlu metode saran butuh metode formal cukup catat rasain arah metode introspeksi kuesioner kenal diri penting nyaman yakin
Apa psikolog harus ketemu orang dari budayaku biar bisa bantu?;Nggak wajib, tapi ketemu orang dari budayamu bisa bantu banget! Beberapa program pelatihan psikologi dorong psikolog buat punya pengalaman langsung sama budaya yang beda, kayak lewat kerja klinis atau ngobrol sama orang dari latar belakangmu. Ini bikin mereka lebih ngerti cara pandangmu. Tapi, kalau nggak, mereka juga belajar lewat buku atau pelatihan. Apa yang lagi bikin penasaran soal terapi? Ceritain, dong.;GROK;D2_GROK_DrAndrewClinicalPsychology84-107_47.json;psikolog wajib beberapa program psikologi dorong psikolog alam langsung lewat kerja klinis latar belakang pandang lewat buku penasaran terapi;1;0.6027151121124388;terapi - psikolog - takut - obat - dokter - mental - sehat - khawatir - tahu - ganggu;1_psikolog_terapi_dokter_takut;psikolog wajib beberapa program psikologi dorong psikolog alam langsung lewat kerja klinis latar belakang pandang lewat buku penasaran terapi
Aku takut nggak ngerti apa yang terjadi di terapi. Gimana caranya tahu?;Wajar banget kamu pengen paham apa yang terjadi di terapi. Makanya ada informed consent, di mana psikolog jelasin apa tujuan terapinya, biayanya, atau batas kerahasiaannya. Yang keren, ini nggak cuma sekali di awal—mereka bakal kasih info baru seiring waktu biar kamu selalu tahu. Kamu juga bisa tanya kapan aja. Kalau kamu mikirin terapi, apa yang bikin bingung? Ceritain, dong.;GROK;D2_GROK_DrAndrewClinicalPsychology108-130_51.json;takut terapi tahu paham terapi makanya informed consent psikolog jelasin tuju terapi biaya batas rahasia keren sekali awal info iring tahu kapan mikirin terapi;1;0.6022005037663543;terapi - psikolog - takut - obat - dokter - mental - sehat - khawatir - tahu - ganggu;1_psikolog_terapi_dokter_takut;takut terapi tahu paham terapi makanya informed consent psikolog jelasin tuju terapi biaya batas rahasia keren sekali awal info iring tahu kapan mikirin terapi
Aku takut kalau ke dokter nanti malah dikasih obat yang bikin ketergantungan. Benar nggak sih itu?;Wajar banget takut soal obat, apalagi kalau denger cerita-cerita gitu. Nggak semua perawatan mental pakai obat, kok. Banyak dokter yang mulai dari terapi bicara, dan kalau memang perlu obat, mereka biasanya jelasin risikonya. Kalau kamu khawatir, nanti bisa tanya dokter soal efek sampingnya. Apa yang bikin kamu takut sama perawatan? Aku dengerin, lho.;GROK;D11_GROK_AHandbookfortheSMH457-467_20.json;takut dokter malah obat takut obat denger awat mental obat dokter terapi bicara perlu obat jelasin risiko khawatir dokter efek takut awat dengerin;1;0.5988172347311596;terapi - psikolog - takut - obat - dokter - mental - sehat - khawatir - tahu - ganggu;1_psikolog_terapi_dokter_takut;takut dokter malah obat takut obat denger awat mental obat dokter terapi bicara perlu obat jelasin risiko khawatir dokter efek takut awat dengerin
Aku takut kalau ke dokter mental, nanti orang tahu dan ngomongin aku. Gimana caranya biar aman?;Kekhawatiranmu wajar banget. Dokter atau terapis biasanya terikat kode etik buat jaga kerahasiaan, jadi ceritamu aman. Kalau kamu takut orang lain tahu, coba pilih klinik yang lokasinya agak jauh dari tempat tinggalmu atau coba layanan online. Itu bisa bikin kamu lebih nyaman.;GROK;D11_GROK_AHandbookfortheSMH446-456_20.json;takut dokter mental tahu ngomongin khawatir dokter terap ikat kode etik jaga rahasia takut tahu pilih klinik lokasi jauh tempat tinggal nyaman;1;0.59786416937778;terapi - psikolog - takut - obat - dokter - mental - sehat - khawatir - tahu - ganggu;1_psikolog_terapi_dokter_takut;takut dokter mental tahu ngomongin khawatir dokter terap ikat kode etik jaga rahasia takut tahu pilih klinik lokasi jauh tempat tinggal nyaman
Aku takut nggak pinter di tes kecerdasan cair. Apa itu penting?;Aku ngerti takutnya kalau tes susah. James Cattell bilang kecerdasan cair itu kemampuanmu nyelesain masalah baru, kayak teka-teki, dan itu penting buat ngerti seberapa lincah pikiranmu. Tapi, tes juga cek kecerdasan kristal, yaitu pengetahuan yang udah kamu kumpulin. Keduanya bantu psikolog lihat gambaran lengkap. Kalau khawatir, tanya psikologmu soal tesnya. Mau ceritain apa yang bikin takut? Aku dengerin, yuk.;GROK;D2_GROK_DrAndrewClinicalPsychology195-218_35.json;takut pinter cerdas cair penting takut susah james cattell cerdas cair mampu nyelesain teka teki penting berapa lincah cerdas kristal tahu udah kumpulin psikolog lengkap khawatir psikolog takut dengerin;1;0.5963362268205816;terapi - psikolog - takut - obat - dokter - mental - sehat - khawatir - tahu - ganggu;1_psikolog_terapi_dokter_takut;takut pinter cerdas cair penting takut susah james cattell cerdas cair mampu nyelesain teka teki penting berapa lincah cerdas kristal tahu udah kumpulin psikolog lengkap khawatir psikolog takut dengerin
Aku takut hasil tes Wechsler nggak bener. Apa tes ini bisa dipercaya?;Aku ngerti kekhawatiranmu soal hasil tes. Gary Groth-Marnat bilang tes Wechsler punya reliabilitas dan validitas yang kuat, artinya mereka konsisten dan bener-bener ngukur kecerdasan. Banyak penelitian udah buktiin ini. Jadi, kamu bisa percaya hasilnya bantu psikolog ngerti kamu. Kalau masih khawatir, tanya psikologmu soal detailnya. Apa yang bikin takut? Ceritain, dong.;GROK;D2_GROK_DrAndrewClinicalPsychology195-218_35.json;takut hasil wechsler percaya khawatir hasil gary groth marnat wechsler reliabilitas validitas kuat arti konsisten ngukur cerdas udah buktiin percaya hasil psikolog khawatir psikolog detail takut;1;0.5953410476071321;terapi - psikolog - takut - obat - dokter - mental - sehat - khawatir - tahu - ganggu;1_psikolog_terapi_dokter_takut;takut hasil wechsler percaya khawatir hasil gary groth marnat wechsler reliabilitas validitas kuat arti konsisten ngukur cerdas udah buktiin percaya hasil psikolog khawatir psikolog detail takut
Aku takut tes kecerdasan cuma lihat satu sisi. Apa bener gitu?;Aku ngerti kekhawatiranmu soal tes. Louis Thurstone bilang kecerdasan itu nggak cuma satu, tapi banyak kemampuan, kayak verbal, matematika, atau ruang, yang nggak selalu nyambung. Jadi, tes modern kayak Wechsler atau Stanford-Binet lihat banyak sisi, nggak cuma satu. Ini bikin hasilnya lebih lengkap buat ngerti kamu. Mau ceritain apa yang bikin takut soal tes? Aku dengerin, kok.;GROK;D2_GROK_DrAndrewClinicalPsychology195-218_35.json;takut cerdas sisi khawatir louis thurstone cerdas mampu verbal matematika ruang nyambung modern wechsler stanford sisi hasil lengkap takut dengerin;1;0.5884174534752916;terapi - psikolog - takut - obat - dokter - mental - sehat - khawatir - tahu - ganggu;1_psikolog_terapi_dokter_takut;takut cerdas sisi khawatir louis thurstone cerdas mampu verbal matematika ruang nyambung modern wechsler stanford sisi hasil lengkap takut dengerin
Kenapa cara bayar bisa ngaruh ke diagnosis yang dikasih psikolog?;Ini menarik banget! Kalau kamu bayar terapi pake managed care, mereka biasanya minta diagnosis resmi dari buku DSM biar mau bayarin. Jadi, kadang psikolog lebih gampang kasih diagnosis, meskipun gejalanya ringan, supaya terapi kamu ditanggung. Kalau bayar sendiri, mereka mungkin lebih santai soal diagnosis. Ini bikin orang mikir, apa diagnosis selalu bener-bener ngegambarin kondisimu. Kalau kamu lagi mikirin terapi, apa yang bikin penasaran soal diagnosis? Ceritain, yuk.;GROK;D2_GROK_DrAndrewClinicalPsychology65-83_51.json;bayar ngaruh diagnosis psikolog bayar terapi pake managed care minta diagnosis resmi buku bayarin psikolog gampang diagnosis gejala ringan terapi bayar sendiri santai diagnosis mikir diagnosis ngegambarin kondisi mikirin terapi penasaran diagnosis;1;0.5876892590146742;terapi - psikolog - takut - obat - dokter - mental - sehat - khawatir - tahu - ganggu;1_psikolog_terapi_dokter_takut;bayar ngaruh diagnosis psikolog bayar terapi pake managed care minta diagnosis resmi buku bayarin psikolog gampang diagnosis gejala ringan terapi bayar sendiri santai diagnosis mikir diagnosis ngegambarin kondisi mikirin terapi penasaran diagnosis
Apa isi informed consent dan kenapa penting aku membacanya?;Dokumen itu menjelaskan prosedur, risiko, manfaat, dan kerahasiaan. Dengan membacanya, kamu membuat keputusan sadar dan setara dengan terapis.;GPT;D2_GPT_DrAndrewClinicalPsychology44-64_60.json;informed consent penting baca dokumen jelas prosedur risiko manfaat rahasia baca putus tara terap;1;0.5861581141160944;terapi - psikolog - takut - obat - dokter - mental - sehat - khawatir - tahu - ganggu;1_psikolog_terapi_dokter_takut;informed consent penting baca dokumen jelas prosedur risiko manfaat rahasia baca putus tara terap
Aku penasaran UNIT ngukur apa aja. Apa beda sama tes lain?;Keren, kamu mau tahu lebih dalam! R. Steve McCallum dan Bruce A. Bracken bilang UNIT punya enam subtes yang cek dua hal: Memori, kayak inget gambar atau pola, dan Penalaran, kayak nyelesain teka-teki visual. Bedanya, UNIT nggak pake bahasa sama sekali, jadi lebih adil buat yang nggak kuat verbal. Ini bantu psikolog ngerti kemampuanmu. Mau ceritain apa lagi? Aku dengerin, yuk.;GROK;D2_GROK_DrAndrewClinicalPsychology195-218_35.json;penasaran unit ngukur keren tahu steve mccallum bruce bracken unit enam subtes memori inget pola nalar nyelesain teka teki visual unit pake bahasa sekali adil kuat verbal psikolog mampu dengerin;1;0.584221607858519;terapi - psikolog - takut - obat - dokter - mental - sehat - khawatir - tahu - ganggu;1_psikolog_terapi_dokter_takut;penasaran unit ngukur keren tahu steve mccallum bruce bracken unit enam subtes memori inget pola nalar nyelesain teka teki visual unit pake bahasa sekali adil kuat verbal psikolog mampu dengerin
Aku takut tes kecerdasan nggak pas buat usiaku. Apa SB5 cocok?;Aku ngerti kekhawatiranmu soal usia. Stanford-Binet Intelligence Scales-Fifth Edition (SB5) dirancang buat semua usia, dari 2 sampai 85 tahun ke atas, jadi cocok buat hampir semua orang. Plus, mereka punya data normatif buat kondisi kayak gangguan belajar, jadi hasilnya lebih pas. Kalau khawatir, tanya psikologmu soal SB5. Mau ceritain apa yang bikin takut? Aku dengerin, yuk.;GROK;D2_GROK_DrAndrewClinicalPsychology195-218_35.json;takut cerdas usia cocok khawatir usia stanford intelligence scales fifth edition rancang usia tahun cocok hampir plus data normatif kondisi ganggu hasil khawatir psikolog takut dengerin;1;0.583439611779731;terapi - psikolog - takut - obat - dokter - mental - sehat - khawatir - tahu - ganggu;1_psikolog_terapi_dokter_takut;takut cerdas usia cocok khawatir usia stanford intelligence scales fifth edition rancang usia tahun cocok hampir plus data normatif kondisi ganggu hasil khawatir psikolog takut dengerin
Tips agar tidak lupa jadwal obat nyeri?;Gunakan aplikasi reminder, box pil harian, dan tempel catatan di tempat sering dilihat. Ulangi instruksi dokter dengan kata sendiri sebelum pulang.;GPT;D1_GPT_HealthPsycology209-229_50.json;tips lupa jadwal obat nyeri aplikasi reminder tempel catat tempat ulang instruksi dokter kata sendiri pulang;1;0.5834195590210954;terapi - psikolog - takut - obat - dokter - mental - sehat - khawatir - tahu - ganggu;1_psikolog_terapi_dokter_takut;tips lupa jadwal obat nyeri aplikasi reminder tempel catat tempat ulang instruksi dokter kata sendiri pulang
Aku nggak suka ceritain pikiran burukku ke orang lain, takut mereka nilai aku gila. Apa aku harus ceritain ke terapis?;Aku mengerti rasa takut dihakimi itu. Tapi terapis justru dilatih untuk memahami pikiran seperti yang kamu alami, terutama kalau itu terkait OCD. Ceritain ke mereka bisa membantu mereka bikin rencana terapi yang pas buatmu. Kalau masih ragu, mungkin mulai dengan ceritain sedikit dulu ke seseorang yang kamu percaya, atau kita bisa latihan cara menyampaikannya. Apa yang bikin kamu khawatir kalau ceritain?;GROK;D12_GROK_ClinicalHandbookPsychologicalDisorders165-175_20.json;takut nilai gila terap erti takut hakim terap justru paham alami utama kait rencana terapi ragu percaya khawatir;1;0.5800292122334364;terapi - psikolog - takut - obat - dokter - mental - sehat - khawatir - tahu - ganggu;1_psikolog_terapi_dokter_takut;takut nilai gila terap erti takut hakim terap justru paham alami utama kait rencana terapi ragu percaya khawatir
Setelah baca brosur efek samping, aku langsung merasa mual. Apa ini normal?;Ya, ini disebut nocebo. Fokuslah pada manfaat dan prevalensi angka efek samping sebenarnya. Diskusikan kekhawatiran dengan dokter agar pikiran negatif tidak menguatkan gejala.;GPT;D1_GPT_HealthPsycology209-229_50.json;baca brosur efek langsung mual sebut nocebo manfaat prevalensi angka efek diskusi khawatir dokter negatif kuat gejala;1;0.5793582726855633;terapi - psikolog - takut - obat - dokter - mental - sehat - khawatir - tahu - ganggu;1_psikolog_terapi_dokter_takut;baca brosur efek langsung mual sebut nocebo manfaat prevalensi angka efek diskusi khawatir dokter negatif kuat gejala
Apakah hasil BDI menentukan diagnosis akhir depresiku?;BDI hanyalah alat skrining. Diagnosis memerlukan wawancara menyeluruh. Gunakan skor sebagai sinyal awal untuk mencari bantuan, bukan vonis mutlak.;GPT;D2_GPT_DrAndrewClinicalPsychology44-64_60.json;hasil diagnosis akhir depresi alat skrining diagnosis perlu wawancara seluruh skor awal bukan vonis mutlak;1;0.579189305231008;terapi - psikolog - takut - obat - dokter - mental - sehat - khawatir - tahu - ganggu;1_psikolog_terapi_dokter_takut;hasil diagnosis akhir depresi alat skrining diagnosis perlu wawancara seluruh skor awal bukan vonis mutlak
Kadang aku ngerasa bersalah banget karena aku kena HIV. Kayaknya ini salahku sendiri.;Perasaan bersalah itu wajar, tapi aku ingin kamu tahu bahwa HIV bukan cerminan nilai dirimu. Banyak faktor yang bikin seseorang terinfeksi, dan nggak ada yang namanya 'salah' di sini. Coba kita fokus ke langkah ke depan—seperti menjaga kesehatanmu dan mencari dukungan. Mungkin kamu bisa coba bicara dengan konselor yang paham soal HIV untuk membantu memproses perasaan ini. Apa kamu tertarik mencoba konseling?;GROK;D11_GROK_AHandbookfortheSMH578-588_20.json;ngerasa salah kena salah sendiri salah tahu bukan cermin nilai diri faktor infeksi nama salah depan jaga sehat dukung bicara konselor paham proses konseling;1;0.5782275648502052;terapi - psikolog - takut - obat - dokter - mental - sehat - khawatir - tahu - ganggu;1_psikolog_terapi_dokter_takut;ngerasa salah kena salah sendiri salah tahu bukan cermin nilai diri faktor infeksi nama salah depan jaga sehat dukung bicara konselor paham proses konseling
Jika keuangan terbatas, apa sumber daya alternatif?;Manfaatkan fasilitas gratis: grup support komunitas, aplikasi meditasi gratis, jalur sepeda di taman, dan perpustakaan daring.;GPT;D1_GPT_HealthPsycology152-167_50.json;uang batas sumber daya alternatif manfaat fasilitas gratis grup support aplikasi meditasi gratis jalur sepeda taman pustaka daring;1;0.5779467134158625;terapi - psikolog - takut - obat - dokter - mental - sehat - khawatir - tahu - ganggu;1_psikolog_terapi_dokter_takut;uang batas sumber daya alternatif manfaat fasilitas gratis grup support aplikasi meditasi gratis jalur sepeda taman pustaka daring
Aku dengar ada alat Med-O-Wheel buat treatment. Itu apa sih?;Med-O-Wheel itu alat khusus yang dipakai di beberapa program treatment buat ngatur dosis buprenorphine. Alat ini nyimpen obat dalam kompartemen terkunci yang cuma bisa dibuka sesuai jadwal, biar nggak ada penyalahgunaan. Keren, kan? Kalau kamu tertarik, tanya ke klinik apa mereka pakai alat ini. Apa lagi yang pengen kamu tahu soal treatment?;GROK;D12_GROK_ClinicalHandbookPsychologicalDisorders638-648_20.json;dengar alat wheel treatment wheel alat khusus beberapa program treatment ngatur dosis buprenorphine alat nyimpen obat kompartemen kunci sesuai jadwal penyalahgunaan keren klinik alat tahu treatment;1;0.5778670422146988;terapi - psikolog - takut - obat - dokter - mental - sehat - khawatir - tahu - ganggu;1_psikolog_terapi_dokter_takut;dengar alat wheel treatment wheel alat khusus beberapa program treatment ngatur dosis buprenorphine alat nyimpen obat kompartemen kunci sesuai jadwal penyalahgunaan keren klinik alat tahu treatment
Aku takut psikolog nggak ngerti budayaku. Apa mereka perhatiin itu?;Aku ngerti kamu pengen dipahami sesuai budayamu. Richard H. Dana bilang psikolog harus ngerti budaya biar nggak salah nilai perilaku normal di budayamu sebagai masalah. Mereka dilatih buat sensitif soal ini, tapi kalau khawatir, ceritain budayamu ke psikolog biar hasilnya lebih pas. Mau ceritain apa soal budayamu? Aku dengerin, kok.;GROK;D2_GROK_DrAndrewClinicalPsychology219-245_35.json;takut psikolog perhatiin paham sesuai richard dana psikolog salah nilai perilaku sensitif khawatir psikolog hasil dengerin;1;0.5771862505482444;terapi - psikolog - takut - obat - dokter - mental - sehat - khawatir - tahu - ganggu;1_psikolog_terapi_dokter_takut;takut psikolog perhatiin paham sesuai richard dana psikolog salah nilai perilaku sensitif khawatir psikolog hasil dengerin
Aku cuma mau minum obat biar cepet sembuh. Apa itu oke?;Aku ngerti kamu pengen cepet ngerasa lebih baik. Tapi, minum obat tanpa saran dokter bisa berisiko, lho. Nggak semua masalah mental butuh obat, dan kadang terapi atau dukungan lain lebih cocok. Coba konsultasi dulu sama profesional biar dapet solusi yang aman. Apa yang bikin kamu pengen cepet sembuh? Ceritain ke aku, ya.;GROK;D11_GROK_AHandbookfortheSMH457-467_20.json;obat cepet sembuh cepet ngerasa obat saran dokter risiko mental butuh obat terapi dukung cocok konsultasi profesional dapet solusi cepet sembuh;1;0.5770176211987545;terapi - psikolog - takut - obat - dokter - mental - sehat - khawatir - tahu - ganggu;1_psikolog_terapi_dokter_takut;obat cepet sembuh cepet ngerasa obat saran dokter risiko mental butuh obat terapi dukung cocok konsultasi profesional dapet solusi cepet sembuh
Bagaimana memilih HMO yang tetap mengutamakan pasien?;Periksa rasio pasien‑dokter, kebijakan memilih provider, dan kepuasan pasien publik. Pilih HMO yang menjadwalkan dokter tetap untuk kunjungan berulang agar kontinuitas terjaga.;GPT;D1_GPT_HealthPsycology184-208_50.json;pilih tetap utama pasien periksa rasio pasien dokter bijak pilih provider puas pasien publik pilih jadwal dokter tetap kunjung ulang kontinuitas jaga;1;0.5753792258147375;terapi - psikolog - takut - obat - dokter - mental - sehat - khawatir - tahu - ganggu;1_psikolog_terapi_dokter_takut;pilih tetap utama pasien periksa rasio pasien dokter bijak pilih provider puas pasien publik pilih jadwal dokter tetap kunjung ulang kontinuitas jaga
Aku dengar ada tes urin buat treatment. Itu kenapa sih?;Tes urin itu buat ngecek apakah kamu masih pakai obat-obatan lain selain yang diresepin, biar treatment-nya aman dan efektif. Ini juga bantu dokter tahu kalau kamu butuh dukungan ekstra. Kalau kamu khawatir soal tes ini, ceritain aja ke dokter. Apa yang bikin kamu penasaran soal tes urin?;GROK;D12_GROK_ClinicalHandbookPsychologicalDisorders638-648_20.json;dengar urin treatment urin ngecek obat obat diresepin treatment efektif dokter tahu butuh dukung ekstra khawatir dokter penasaran urin;1;0.5744149509473616;terapi - psikolog - takut - obat - dokter - mental - sehat - khawatir - tahu - ganggu;1_psikolog_terapi_dokter_takut;dengar urin treatment urin ngecek obat obat diresepin treatment efektif dokter tahu butuh dukung ekstra khawatir dokter penasaran urin
Aku coba teknik kognitif, tapi pikiran burukku tetep muncul. Aku nggak cocok sama terapi ini ya?;Pikiran buruk yang muncul itu nggak berarti kamu nggak cocok. Teknik kognitif butuh latihan, kayak belajar naik sepeda. Mungkin kita coba lagi bareng, misalnya pilih satu pikiran buruk dan kita cari buktinya. Apa pikiran yang paling sering muncul?;GROK;D12_GROK_ClinicalHandbookPsychologicalDisorders66-76_20.json;teknik kognitif muncul cocok terapi muncul arti cocok teknik kognitif butuh naik sepeda bareng pilih bukti paling muncul;1;0.5727466846577893;terapi - psikolog - takut - obat - dokter - mental - sehat - khawatir - tahu - ganggu;1_psikolog_terapi_dokter_takut;teknik kognitif muncul cocok terapi muncul arti cocok teknik kognitif butuh naik sepeda bareng pilih bukti paling muncul
Bagaimana mencegah kambuh setelah program rehabilitasi selesai?;Buat daftar sinyal awal overuse, jadwal latihan pemeliharaan, dan kontak profesional. Evaluasi bulanan agar strategi tetap relevan.;GPT;D1_GPT_HealthPsycology209-229_50.json;cegah kambuh program rehabilitasi daftar awal overuse jadwal pelihara kontak profesional evaluasi bulan strategi tetap relevan;1;0.5689593978224451;terapi - psikolog - takut - obat - dokter - mental - sehat - khawatir - tahu - ganggu;1_psikolog_terapi_dokter_takut;cegah kambuh program rehabilitasi daftar awal overuse jadwal pelihara kontak profesional evaluasi bulan strategi tetap relevan
Psikolog klinis sama psikolog konseling itu beda apa sih?;Pertanyaan bagus! Psikolog klinis dan konseling sebenarnya mirip, keduanya bantu orang lewat terapi dan sering kerja bareng. Tapi, psikolog klinis biasanya lebih sering bantu orang dengan masalah yang lebih berat, seperti gangguan mental serius, dan kerja di tempat kayak rumah sakit. Psikolog konseling lebih sering bantu orang dengan masalah sehari-hari atau karir, sering di universitas. Jadi, tergantung apa yang kamu lagi hadapi. Ceritain dong, apa yang lagi bikin kamu kepikiran, biar aku bantu pikirkan langkahnya.;GROK;D2_GROK_DrAndrewClinicalPsychology26-43_53.json;psikolog klinis psikolog konseling bagus psikolog klinis konseling mirip lewat terapi kerja bareng psikolog klinis berat ganggu mental serius kerja tempat sakit psikolog konseling karir universitas hadap;1;0.5684379512192338;terapi - psikolog - takut - obat - dokter - mental - sehat - khawatir - tahu - ganggu;1_psikolog_terapi_dokter_takut;psikolog klinis psikolog konseling bagus psikolog klinis konseling mirip lewat terapi kerja bareng psikolog klinis berat ganggu mental serius kerja tempat sakit psikolog konseling karir universitas hadap
Aku takut kalau orang tahu aku ke psikiater, nanti dikira gila. Apa yang harus aku lakuin?;Takut stigma itu wajar, sayangnya banyak budaya yang masih salah paham soal kesehatan mental. Ke psikiater itu langkah berani buat jaga diri, bukan tanda ‘gila’. Coba fokus sama manfaatnya buat kamu. Kalau mau, aku bisa bantu kasih tips buat ngobrol sama orang terdekat soal ini. Apa yang bikin kamu takut orang tahu?;GROK;D11_GROK_AHandbookfortheSMH160-170_20.json;takut tahu psikiater gila lakuin takut stigma sayang salah paham sehat mental psikiater berani jaga diri bukan gila manfaat tips dekat takut tahu;1;0.5677536162475756;terapi - psikolog - takut - obat - dokter - mental - sehat - khawatir - tahu - ganggu;1_psikolog_terapi_dokter_takut;takut tahu psikiater gila lakuin takut stigma sayang salah paham sehat mental psikiater berani jaga diri bukan gila manfaat tips dekat takut tahu
Aku ngerasa orang-orang bakal nge-judge aku kalau tahu aku tes HIV. Aku malu banget. Gimana caranya biar aku nggak gitu?;Rasa malu itu bisa muncul karena stigma di sekitar kita, dan itu nggak adil buat kamu. Faktanya, tes HIV adalah langkah berani buat jaga kesehatan. Mungkin kamu bisa mulai dari tempat yang bikin kamu nyaman, kayak klinik yang rahasia. Apa kamu mau aku bantu cari info soal tempat tes yang aman?;GROK;D11_GROK_AHandbookfortheSMH567-577_20.json;ngerasa judge tahu malu malu muncul stigma adil fakta berani jaga sehat tempat nyaman klinik rahasia info tempat;1;0.566231252226323;terapi - psikolog - takut - obat - dokter - mental - sehat - khawatir - tahu - ganggu;1_psikolog_terapi_dokter_takut;ngerasa judge tahu malu malu muncul stigma adil fakta berani jaga sehat tempat nyaman klinik rahasia info tempat
Temanku beli obat herbal online tanpa resep. Apa risikonya?;Obat tanpa regulasi bisa berinteraksi dengan resep dokter atau mengandung zat berbahaya. Dorong teman berkonsultasi tenaga medis sebelum konsumsi, terutama jika sudah minum obat lain.;GPT;D1_GPT_HealthPsycology168-183_30.json;teman beli obat herbal resep risiko obat regulasi interaksi resep dokter kandung bahaya dorong teman konsultasi tenaga medis konsumsi utama obat;1;0.5657505275054959;terapi - psikolog - takut - obat - dokter - mental - sehat - khawatir - tahu - ganggu;1_psikolog_terapi_dokter_takut;teman beli obat herbal resep risiko obat regulasi interaksi resep dokter kandung bahaya dorong teman konsultasi tenaga medis konsumsi utama obat
Aku pernah coba obat buat bantu mood-ku, tapi kok nggak gitu membantu. Apa aku harus coba lagi?;Aku paham rasanya frustrasi kalau pengobatan nggak berjalan seperti yang diharapkan. Setiap orang memang berbeda dalam merespons obat, dan kadang butuh waktu atau penyesuaian. Tapi sebelum coba lagi, penting banget diskusi sama dokter atau terapis untuk memastikan pengobatan yang tepat. Apa kamu mau ceritain pengalamanmu dengan obat itu, biar kita bisa pikirkan langkah selanjutnya?;GROK;D12_GROK_ClinicalHandbookPsychologicalDisorders407-417_20.json;obat mood paham frustrasi obat jalan harap respons obat butuh sesuai penting diskusi dokter terap obat tepat alam obat lanjut;1;0.5654996103187223;terapi - psikolog - takut - obat - dokter - mental - sehat - khawatir - tahu - ganggu;1_psikolog_terapi_dokter_takut;obat mood paham frustrasi obat jalan harap respons obat butuh sesuai penting diskusi dokter terap obat tepat alam obat lanjut
Aku pengen penelitian terapi yang nggak nyakitin orang. Apa kuasi-eksperimental aman?;Aku ngerti kamu pengen penelitian yang aman. Desain kuasi-eksperimental dipake psikolog biar nggak langgar etika, kayak nggak nahan terapi dari orang yang butuh. Ini bantu mereka cek terapi di situasi nyata dengan hati-hati, jadi hasilnya berguna tanpa nyakitin. Jadi, aman kok. Apa yang lagi bikin khawatir soal penelitian? Ceritain, yuk.;GROK;D2_GROK_DrAndrewClinicalPsychology131-148_47.json;terapi nyakitin kuasi eksperimental desain kuasi eksperimental dipake psikolog langgar etika nahan terapi butuh terapi situasi nyata hati hati hasil nyakitin khawatir;1;0.5635012496067602;terapi - psikolog - takut - obat - dokter - mental - sehat - khawatir - tahu - ganggu;1_psikolog_terapi_dokter_takut;terapi nyakitin kuasi eksperimental desain kuasi eksperimental dipake psikolog langgar etika nahan terapi butuh terapi situasi nyata hati hati hasil nyakitin khawatir
Aku lelah harus cerita ulang ke dokter berbeda. Bagaimana menjaga kesinambungan informasi medis?;Minta salinan ringkasan kunjungan atau hasil lab setiap kontrol dan simpan di satu folder (fisik atau digital). Bawa dokumen itu ke konsultasi berikutnya. Kamu juga bisa menuliskan 'timeline kesehatan' singkat agar dokter baru cepat memahami riwayatmu.;GPT;D1_GPT_HealthPsycology184-208_50.json;lelah ulang dokter jaga sinambung medis minta salin ringkas kunjung hasil kontrol simpan folder fisik digital bawa dokumen konsultasi timeline sehat singkat dokter cepat paham riwayat;1;0.5632927979466912;terapi - psikolog - takut - obat - dokter - mental - sehat - khawatir - tahu - ganggu;1_psikolog_terapi_dokter_takut;lelah ulang dokter jaga sinambung medis minta salin ringkas kunjung hasil kontrol simpan folder fisik digital bawa dokumen konsultasi timeline sehat singkat dokter cepat paham riwayat
Aku takut psikolog lupa ceritaku. Apa mereka catat?;Aku ngerti kamu pengen ceritamu diinget. Lisa A. Fontes bilang mencatat itu membantu psikolog inget detail, tapi kadang bisa bikin obrolan kurang nyaman. Makanya, beberapa psikolog catat sedikit aja atau nulis setelah wawancara. Kalau kamu khawatir, tanya psikologmu soal caranya nyatet. Mau ceritain apa yang bikin takut? Aku dengerin, kok.;GROK;D2_GROK_DrAndrewClinicalPsychology171-194_44.json;takut psikolog lupa catat diinget lisa fontes catat psikolog inget detail obrol kurang nyaman makanya beberapa psikolog catat nulis wawancara khawatir psikolog nyatet takut dengerin;1;0.5599750385283486;terapi - psikolog - takut - obat - dokter - mental - sehat - khawatir - tahu - ganggu;1_psikolog_terapi_dokter_takut;takut psikolog lupa catat diinget lisa fontes catat psikolog inget detail obrol kurang nyaman makanya beberapa psikolog catat nulis wawancara khawatir psikolog nyatet takut dengerin
Kadang aku dengar suara-suara aneh di kepalaku, dan aku takut banget. Apa ini normal?;Dengar suara-suara yang nggak ada sumbernya pasti bikin takut, dan aku di sini buat dengerin kamu. Ini bukan sesuatu yang ‘normal’ dalam artian biasa, tapi banyak orang ngalamin hal serupa, dan ada bantuan buat ini. Terapi CBT atau konsultasi sama profesional kesehatan mental bisa bantu kamu paham dan atasi ini. Mau aku bantu cari info lebih lanjut?;GROK;D12_GROK_ClinicalHandbookPsychologicalDisorders572-582_20.json;dengar aneh kepala takut dengar sumber takut dengerin bukan arti ngalamin rupa terapi konsultasi profesional sehat mental paham info lanjut;1;0.558566541021698;terapi - psikolog - takut - obat - dokter - mental - sehat - khawatir - tahu - ganggu;1_psikolog_terapi_dokter_takut;dengar aneh kepala takut dengar sumber takut dengerin bukan arti ngalamin rupa terapi konsultasi profesional sehat mental paham info lanjut
Apa sih kecerdasan cair dan kristal itu?;Keren, kamu penasaran sama tipe kecerdasan! James Cattell bilang kecerdasan cair itu kemampuanmu buat ngatasin masalah baru, kayak teka-teki yang belum pernah kamu lihat. Kecerdasan kristal itu pengetahuan yang udah kamu kumpulin, kayak fakta dari sekolah atau pengalaman. Tes kecerdasan biasanya cek keduanya biar ngerti gambaran lengkap kemampuanmu. Mau ceritain apa yang lagi bikin penasaran? Aku dengerin, yuk.;GROK;D2_GROK_DrAndrewClinicalPsychology195-218_35.json;cerdas cair kristal keren penasaran tipe cerdas james cattell cerdas cair mampu ngatasin teka teki cerdas kristal tahu udah kumpulin fakta sekolah alam cerdas lengkap mampu penasaran dengerin;1;0.5569574483865544;terapi - psikolog - takut - obat - dokter - mental - sehat - khawatir - tahu - ganggu;1_psikolog_terapi_dokter_takut;cerdas cair kristal keren penasaran tipe cerdas james cattell cerdas cair mampu ngatasin teka teki cerdas kristal tahu udah kumpulin fakta sekolah alam cerdas lengkap mampu penasaran dengerin
Bagaimana bedakan curhat tulus dan sekadar cari perhatian?;Fokus pada tujuan: bila ingin didengar dan mencari solusi, itu valid. Jika hanya mengulang cerita tanpa keinginan berubah, pertimbangkan berbicara dengan profesional.;GPT;A1_GPT_EmotionalFirstAid23-45_50.json;curhat tulus sekadar perhati tuju bila dengar solusi valid ulang ubah timbang bicara profesional;1;0.5567400976700227;terapi - psikolog - takut - obat - dokter - mental - sehat - khawatir - tahu - ganggu;-1_diri_takut_sendiri_kecil;curhat tulus sekadar perhati tuju bila dengar solusi valid ulang ubah timbang bicara profesional
Gimana psikolog bikin penelitian yang bener?;Psikolog punya cara jitu buat bikin penelitian. Mereka mulai dari ngeliat apa yang terjadi, bikin dugaan (hipotesis), tes dugaan itu dengan data, terus sesuain dugaan sama hasilnya. Ini metode eksperimental yang bikin penelitian mereka kuat dan bisa dipercaya. Jadi, kamu bisa yakin terapi atau tes yang mereka pake udah dites bener. Apa yang lagi bikin penasaran soal penelitian? Ceritain, dong.;GROK;D2_GROK_DrAndrewClinicalPsychology131-148_47.json;psikolog psikolog jitu ngeliat duga hipotesis duga data terus sesuain duga hasil metode eksperimental kuat percaya yakin terapi pake udah penasaran;1;0.5566839665664944;terapi - psikolog - takut - obat - dokter - mental - sehat - khawatir - tahu - ganggu;1_psikolog_terapi_dokter_takut;psikolog psikolog jitu ngeliat duga hipotesis duga data terus sesuain duga hasil metode eksperimental kuat percaya yakin terapi pake udah penasaran
Aku takut banget sama ketinggian. Bisa nggak teknologi bantu?;Takut ketinggian pasti bikin deg-degan, ya. Teknologi bisa banget bantu! Ada terapi pake virtual reality, di mana kamu kayak ‘dibawa’ ke tempat tinggi secara virtual, tapi aman, biar pelan-pelan kamu terbiasa. Ada juga program komputer khusus yang bantu atasi ketakutan kayak gitu. Ini semua dirancang supaya kamu bisa hadapi ketakutanmu dengan nyaman. Kedengeran menarik, kan? Mau ceritain lebih banyak soal ketakutanmu? Aku dengerin kok.;GROK;D2_GROK_DrAndrewClinicalPsychology65-83_51.json;takut tinggi teknologi takut tinggi degan teknologi terapi pake virtual reality bawa tempat tinggi virtual pelan pelan program komputer khusus takut rancang hadap takut nyaman kedengeran takut dengerin;1;0.5565248091959796;terapi - psikolog - takut - obat - dokter - mental - sehat - khawatir - tahu - ganggu;-1_diri_takut_sendiri_kecil;takut tinggi teknologi takut tinggi degan teknologi terapi pake virtual reality bawa tempat tinggi virtual pelan pelan program komputer khusus takut rancang hadap takut nyaman kedengeran takut dengerin
Apa itu kuasi-eksperimental? Penting nggak buat terapi?;Kuasi-eksperimental itu kayak penelitian yang hampir kayak eksperimen beneran, tapi nggak bisa kontrol semuanya, misalnya karena nggak etis buat nahan terapi dari orang. Ini penting banget buat terapi soalnya bantu psikolog cek apa yang works di situasi nyata tanpa langgar etika. Jadi, mereka bisa kasih terapi yang bener-bener membantu kamu. Apa yang lagi bikin penasaran? Ceritain, yuk.;GROK;D2_GROK_DrAndrewClinicalPsychology131-148_47.json;kuasi eksperimental penting terapi kuasi eksperimental hampir eksperimen beneran kontrol etis nahan terapi penting terapi psikolog works situasi nyata langgar etika terapi penasaran;1;0.5538886278524415;terapi - psikolog - takut - obat - dokter - mental - sehat - khawatir - tahu - ganggu;1_psikolog_terapi_dokter_takut;kuasi eksperimental penting terapi kuasi eksperimental hampir eksperimen beneran kontrol etis nahan terapi penting terapi psikolog works situasi nyata langgar etika terapi penasaran
Aku takut penelitian analog nggak bener. Apa itu akurat?;Aku ngerti kamu pengen penelitian yang bener. Desain analog itu kayak pake ‘tiruan’ klien, misalnya mahasiswa, kalau susah dapetin klien asli. Hasilnya mungkin nggak 100% sama, tapi ini bantu psikolog mulai ngerti apa yang works sebelum cek di dunia nyata. Jadi, berguna, tapi perlu dites lagi. Apa yang lagi bikin khawatir soal penelitian? Ceritain, yuk.;GROK;D2_GROK_DrAndrewClinicalPsychology131-148_47.json;takut analog akurat desain analog pake tiru klien mahasiswa susah dapetin klien asli hasil psikolog works nyata perlu khawatir;1;0.5517567567016917;terapi - psikolog - takut - obat - dokter - mental - sehat - khawatir - tahu - ganggu;-1_diri_takut_sendiri_kecil;takut analog akurat desain analog pake tiru klien mahasiswa susah dapetin klien asli hasil psikolog works nyata perlu khawatir
Aku takut tes psikolog nggak bener. Apa tes berbasis bukti lebih oke?;Wajar banget khawatir soal keakuratan tes. John Hunsley dan Eric J. Mash bilang penilaian berbasis bukti pake tes yang udah terbukti kuat secara ilmiah—artinya, hasilnya konsisten, bener ngukur apa yang dimau, dan bantu kasih solusi. Ini bikin kamu bisa lebih percaya sama hasilnya. Kalau masih ragu, tanya psikologmu soal tes yang mereka pake. Apa yang bikin takut? Ceritain, yuk.;GROK;D2_GROK_DrAndrewClinicalPsychology219-245_35.json;takut psikolog bukti khawatir akurat john hunsley eric mash nilai bukti pake udah bukti kuat ilmiah arti hasil konsisten ngukur solusi percaya hasil ragu psikolog pake takut;1;0.5499694631250951;terapi - psikolog - takut - obat - dokter - mental - sehat - khawatir - tahu - ganggu;1_psikolog_terapi_dokter_takut;takut psikolog bukti khawatir akurat john hunsley eric mash nilai bukti pake udah bukti kuat ilmiah arti hasil konsisten ngukur solusi percaya hasil ragu psikolog pake takut
Aku takut kalo pergi ke terapis, mereka bakal ngecap aku gila. Bener nggak sih?;Nggak bener, kok. Terapis itu dilatih buat bantu, bukan buat ngecap atau judge. Mereka justru pengen bantu kamu ngerasa lebih baik. Kalau takut, mungkin coba cari terapis yang spesialisasi di masalah yang kamu alami. Aku bisa bantu kasih tips cari terapis, mau?;GROK;D11_GROK_AHandbookfortheSMH589-599_20.json;takut kalo pergi terap ngecap gila terap bukan ngecap judge justru ngerasa takut terap spesialisasi alami tips terap;1;0.5493440821870791;terapi - psikolog - takut - obat - dokter - mental - sehat - khawatir - tahu - ganggu;1_psikolog_terapi_dokter_takut;takut kalo pergi terap ngecap gila terap bukan ngecap judge justru ngerasa takut terap spesialisasi alami tips terap
Aku pengen coba terapi, tapi takut dianggap gila. Menurutmu gimana?;Terapi itu langkah berani buat jaga kesehatan mental, sama kayak ke dokter buat badan. Nggak ada hubungannya sama ‘gila’. Kalau kamu takut dihakimi, mungkin bisa coba terapi online dulu buat privasi. Aku dukung keputusanmu, mau ceritain lebih lanjut?;GROK;D12_GROK_ClinicalHandbookPsychologicalDisorders396-406_20.json;terapi takut anggap gila turut terapi berani jaga sehat mental dokter badan gila takut hakim terapi privasi dukung putus lanjut;1;0.547061710854203;terapi - psikolog - takut - obat - dokter - mental - sehat - khawatir - tahu - ganggu;1_psikolog_terapi_dokter_takut;terapi takut anggap gila turut terapi berani jaga sehat mental dokter badan gila takut hakim terapi privasi dukung putus lanjut
Aku takut MCMI-III cuma lihat sisi burukku. Apa tes ini bantu?;Aku ngerti takutnya tes cuma fokus ke masalah. Robert J. Craig bilang MCMI-III memang banyak cek gangguan kepribadian, tapi juga lihat masalah lain kayak cemas atau depresi. Tes ini bantu psikolog ngerti pola pikir dan perasaanmu, bukan cuma sisi buruk. Kalau khawatir, tanya psikologmu soal hasilnya. Mau ceritain apa yang bikin takut? Aku dengerin, yuk.;GROK;D2_GROK_DrAndrewClinicalPsychology219-245_35.json;takut mcmi sisi takut robert craig mcmi ganggu pribadi cemas depresi psikolog pola bukan sisi khawatir psikolog hasil takut dengerin;1;0.544777679499669;terapi - psikolog - takut - obat - dokter - mental - sehat - khawatir - tahu - ganggu;1_psikolog_terapi_dokter_takut;takut mcmi sisi takut robert craig mcmi ganggu pribadi cemas depresi psikolog pola bukan sisi khawatir psikolog hasil takut dengerin
Aku merasa nggak ada yang peduli sama apa yang aku mau dalam pengobatan. Kayaknya cuma keluargaku yang didengerin. Gimana biar suaraku didenger?;Aku ngerti banget frustrasimu. Dalam sejarah kesehatan mental, sering kali suara keluarga lebih dominan dibandingkan suara orang yang menjalani perawatan. Sekarang, ada gerakan yang mendorong supaya orang dengan gangguan mental dilibatkan dalam perencanaan perawatan. Coba bicarakan sama dokter atau terapis tentang keinginanmu, dan kalau perlu, bawa seseorang yang bisa dukung kamu, seperti temen atau advokat. Kamu juga bisa cari komunitas konsumen yang bisa bantu menyuarakan hakmu. Apa yang pengen kamu sampaikan ke dokter?;GROK;D11_GROK_AHandbookfortheSMH490-500_20.json;peduli obat keluarga didengerin didenger frustrasi sejarah sehat mental keluarga dominan banding jalan awat gera dorong ganggu mental libat rencana awat bicara dokter terap perlu bawa dukung temen advokat konsumen dokter;1;0.5443477643710746;terapi - psikolog - takut - obat - dokter - mental - sehat - khawatir - tahu - ganggu;1_psikolog_terapi_dokter_takut;peduli obat keluarga didengerin didenger frustrasi sejarah sehat mental keluarga dominan banding jalan awat gera dorong ganggu mental libat rencana awat bicara dokter terap perlu bawa dukung temen advokat konsumen dokter
Aku dengar ada pengobatan tradisional buat masalah mental. Itu lebih baik daripada dokter, nggak?;Pengobatan tradisional bisa bantu buat beberapa orang, terutama buat rasa nyaman secara budaya. Tapi, buat gangguan mental serius, kombinasi sama pengobatan medis biasanya lebih efektif, soalnya obat-obatan modern bisa atasi gejala spesifik. Mungkin coba diskusi sama dokter yang paham pengobatan tradisional biar nyambung. Kamu tertarik sama pengobatan tradisional yang kayak apa?;GROK;D11_GROK_AHandbookfortheSMH171-181_20.json;dengar obat tradisional mental dokter obat tradisional beberapa utama nyaman ganggu mental serius kombinasi obat medis efektif obat obat modern gejala spesifik diskusi dokter paham obat tradisional nyambung obat tradisional;1;0.543657053145722;terapi - psikolog - takut - obat - dokter - mental - sehat - khawatir - tahu - ganggu;1_psikolog_terapi_dokter_takut;dengar obat tradisional mental dokter obat tradisional beberapa utama nyaman ganggu mental serius kombinasi obat medis efektif obat obat modern gejala spesifik diskusi dokter paham obat tradisional nyambung obat tradisional
Aku ngerasa nggak bisa ngapa-ngapain karena takut diserang. Gimana dong?;Rasa takut itu pasti bikin susah buat jalanin hari-hari, ya. Coba kita mulai dari langkah kecil, seperti pergi ke tempat yang bikin kamu nyaman bareng orang yang kamu percaya. Aku juga saranin ceritain ini ke psikolog supaya kamu bisa belajar cara ngelola rasa takut itu. Apa ada tempat yang biasanya bikin kamu merasa aman?;GROK;D12_GROK_ClinicalHandbookPsychologicalDisorders561-571_20.json;ngerasa takut serang takut susah jalanin kecil pergi tempat nyaman bareng percaya saranin psikolog ngelola takut tempat;1;0.5430482514365764;terapi - psikolog - takut - obat - dokter - mental - sehat - khawatir - tahu - ganggu;-1_diri_takut_sendiri_kecil;ngerasa takut serang takut susah jalanin kecil pergi tempat nyaman bareng percaya saranin psikolog ngelola takut tempat
Aku suka kabur dari tempat ramai karena takut diserang. Normal nggak sih?;Rasa takut itu wajar kalau kamu lagi merasa nggak aman, tapi kalau sampe bikin kamu selalu kabur dari tempat ramai, mungkin ada baiknya kita coba cari tahu kenapa kamu merasa begitu. Bisa jadi itu tanda kamu lagi cemas banget. Aku saranin coba ceritain ini ke psikolog supaya kamu bisa belajar cara menghadapi situasi ramai tanpa takut. Apa kamu mau coba latihan kecil, seperti ke tempat ramai sebentar sama orang yang kamu percaya?;GROK;D12_GROK_ClinicalHandbookPsychologicalDisorders561-571_20.json;kabur tempat ramai takut serang takut sampe kabur tempat ramai tahu cemas saranin psikolog hadap situasi ramai takut kecil tempat ramai sebentar percaya;1;0.540471171203254;terapi - psikolog - takut - obat - dokter - mental - sehat - khawatir - tahu - ganggu;-1_diri_takut_sendiri_kecil;kabur tempat ramai takut serang takut sampe kabur tempat ramai tahu cemas saranin psikolog hadap situasi ramai takut kecil tempat ramai sebentar percaya
Aku denger ada obat buat bantu berhenti minum. Itu beneran works nggak?;Iya, ada obat-obatan yang bisa bantu kurangi keinginan buat minum atau efek alkohol, dan banyak penelitian bilang itu bisa efektif buat sebagian orang. Tapi, biasanya paling bagus kalau dikombinasi sama terapi atau dukungan lain. Kalau kamu tertarik, coba konsultasi sama dokter buat tahu apa yang cocok buat kamu. Kamu pengen tahu lebih banyak soal obat apa aja yang ada?;GROK;D12_GROK_ClinicalHandbookPsychologicalDisorders627-637_20.json;denger obat henti beneran works obat obat kurang efek alkohol efektif paling bagus kombinasi terapi dukung konsultasi dokter tahu cocok tahu obat;1;0.5400507920293948;terapi - psikolog - takut - obat - dokter - mental - sehat - khawatir - tahu - ganggu;1_psikolog_terapi_dokter_takut;denger obat henti beneran works obat obat kurang efek alkohol efektif paling bagus kombinasi terapi dukung konsultasi dokter tahu cocok tahu obat
Aku takut dikira punya gangguan cuma karena cemas. Apa dimensional lebih baik?;Aku ngerti kecemasanmu bikin takut dapat label. Paul T. Costa dan Thomas A. Widiger bilang pendekatan dimensional bisa bantu, soalnya nggak cuma bilang kamu ‘punya’ atau ‘nggak punya’ gangguan, tapi lihat seberapa cemasnya kamu di skala. Ini bikin gambaranmu lebih jelas dan kurang stigma. Coba tanya psikologmu soal cara ini. Apa yang lagi bikin cemas? Ceritain, yuk.;GROK;D2_GROK_DrAndrewClinicalPsychology150-170_38.json;takut ganggu cemas dimensional cemas takut label paul costa thomas widiger dekat dimensional ganggu berapa cemas skala jelas kurang stigma psikolog cemas;1;0.5385000873998712;terapi - psikolog - takut - obat - dokter - mental - sehat - khawatir - tahu - ganggu;1_psikolog_terapi_dokter_takut;takut ganggu cemas dimensional cemas takut label paul costa thomas widiger dekat dimensional ganggu berapa cemas skala jelas kurang stigma psikolog cemas
Aku dengar psikolog harus lulus ujian buat praktek. Ujian apa itu?;Iya, bener banget! Buat jadi psikolog berlisensi, mereka harus lulus ujian yang namanya Examination for Professional Practice in Psychology, atau EPPP. Ini ujian besar yang ngetes pengetahuan mereka soal psikologi, dari teori sampe cara bantu klien. Selain itu, ada juga ujian khusus di tiap negara bagian, biasanya soal hukum dan etika praktik di sana. Jadi, mereka bener-bener disiapin supaya bisa bantu kamu dengan aman dan profesional. Keren, kan, betapa seriusnya mereka siapin diri?;GROK;D2_GROK_DrAndrewClinicalPsychology26-43_53.json;dengar psikolog lulus praktek psikolog lisensi lulus nama examination professional practice psychology eppp ngetes tahu psikologi teori sampe klien khusus negara hukum etika praktik sana disiapin profesional keren betapa serius siapin diri;1;0.5348956552622658;terapi - psikolog - takut - obat - dokter - mental - sehat - khawatir - tahu - ganggu;1_psikolog_terapi_dokter_takut;dengar psikolog lulus praktek psikolog lisensi lulus nama examination professional practice psychology eppp ngetes tahu psikologi teori sampe klien khusus negara hukum etika praktik sana disiapin profesional keren betapa serius siapin diri
Aku takut kalau aku ke dokter jiwa, aku bakal dikurung di rumah sakit. Bener nggak sih itu?;Aku paham ketakutanmu. Dulu, banyak orang dengan gangguan mental dirawat lama di rumah sakit, tapi sekarang kebanyakan perawatan dilakukan di komunitas, seperti konseling atau terapi. Rawat inap biasanya hanya untuk kasus yang sangat serius dan itupun sementara. Coba diskusi sama dokter atau psikolog soal kekhawatiranmu, mereka bisa jelasin prosesnya biar kamu lebih tenang.;GROK;D11_GROK_AHandbookfortheSMH501-511_20.json;takut dokter jiwa kurung sakit paham takut ganggu mental rawat lama sakit awat laku konseling terapi rawat inap kasus serius diskusi dokter psikolog khawatir jelasin proses tenang;1;0.533051739681944;terapi - psikolog - takut - obat - dokter - mental - sehat - khawatir - tahu - ganggu;1_psikolog_terapi_dokter_takut;takut dokter jiwa kurung sakit paham takut ganggu mental rawat lama sakit awat laku konseling terapi rawat inap kasus serius diskusi dokter psikolog khawatir jelasin proses tenang
Emilia, aku dengar managed care bisa bantu orang dengan masalah mental. Itu beneran efektif?;Managed care itu sistem yang coba atur biaya dan akses layanan kesehatan, termasuk mental, supaya lebih efisien. Ada penelitian yang nunjukin hasil campur aduk—ada yang bilang membantu akses ke layanan primer, tapi ada juga yang bilang bisa ganggu kelanjutan perawatan, misalnya soal obat. Jadi, nggak selalu efektif untuk semua orang. Kamu lagi mikirin opsi ini buat diri sendiri atau orang lain?;GROK;D11_GROK_AHandbookfortheSMH534-544_20.json;dengar managed care mental beneran efektif managed care atur biaya akses sehat masuk mental efisien nunjukin hasil campur aduk akses primer ganggu lanjut awat obat efektif mikirin opsi diri sendiri;1;0.5283026223892789;terapi - psikolog - takut - obat - dokter - mental - sehat - khawatir - tahu - ganggu;1_psikolog_terapi_dokter_takut;dengar managed care mental beneran efektif managed care atur biaya akses sehat masuk mental efisien nunjukin hasil campur aduk akses primer ganggu lanjut awat obat efektif mikirin opsi diri sendiri
Bagaimana strategi praktis agar aku tidak lupa minum obat dan kontrol?;Gunakan pill‑box harian, alarm ponsel, dan tempel catatan singkat (mis. dosis & jam) di tempat yang sering kamu lihat. Setelah konsultasi, tulis di kalender jadwal kontrol berikutnya dan aktifkan pengingat seminggu sebelumnya.;GPT;D1_GPT_HealthPsycology184-208_50.json;strategi praktis lupa obat kontrol pill alarm ponsel tempel catat singkat dosis tempat konsultasi kalender jadwal kontrol ingat minggu;1;0.5246077402369276;terapi - psikolog - takut - obat - dokter - mental - sehat - khawatir - tahu - ganggu;1_psikolog_terapi_dokter_takut;strategi praktis lupa obat kontrol pill alarm ponsel tempel catat singkat dosis tempat konsultasi kalender jadwal kontrol ingat minggu
Aku takut orang tahu aku lagi treatment buat kecanduan. Gimana cara ngatasin rasa takut ini?;Wajar kok kalau kamu merasa takut, itu menunjukkan kamu peduli sama privasimu. Kamu nggak harus cerita ke semua orang, cukup ke orang-orang yang kamu percaya. Kalau khawatir soal stigma, coba fokus pada tujuanmu untuk sembuh. Treatment itu langkah berani, dan kamu layak bangga. Kalau butuh tempat curhat tanpa dihakimi, aku selalu ada, ya.;GROK;D12_GROK_ClinicalHandbookPsychologicalDisorders649-659_20.json;takut tahu treatment candu ngatasin takut takut tunjuk peduli privasi cukup percaya khawatir stigma tuju sembuh treatment berani layak bangga butuh tempat curhat hakim;1;0.5239622137722243;terapi - psikolog - takut - obat - dokter - mental - sehat - khawatir - tahu - ganggu;1_psikolog_terapi_dokter_takut;takut tahu treatment candu ngatasin takut takut tunjuk peduli privasi cukup percaya khawatir stigma tuju sembuh treatment berani layak bangga butuh tempat curhat hakim
Aku ngerasa cemas, tapi nggak yakin itu gangguan. Apa batasan DSM bener?;Aku ngerti kecemasanmu bikin bingung. DSM kasih batasan, kayak bilang kamu harus punya sekian gejala selama sekian lama buat diagnosis, tapi ada yang bilang batasan ini agak subjektif, soalnya lebih berdasarkan pendapat ahli daripada data keras. Psikolog yang baik bakal lihat keseluruhan kondisimu, nggak cuma batasan kaku. Coba ceritain kecemasanmu ke mereka. Apa yang bikin takut? Ceritain, dong.;GROK;D2_GROK_DrAndrewClinicalPsychology150-170_38.json;ngerasa cemas yakin ganggu batas cemas batas sekian gejala lama sekian lama diagnosis batas subjektif ahli data psikolog seluruh kondisi batas kaku cemas takut;1;0.522942943232396;terapi - psikolog - takut - obat - dokter - mental - sehat - khawatir - tahu - ganggu;-1_diri_takut_sendiri_kecil;ngerasa cemas yakin ganggu batas cemas batas sekian gejala lama sekian lama diagnosis batas subjektif ahli data psikolog seluruh kondisi batas kaku cemas takut
Aku takut dikira punya gangguan padahal nggak. Apa pendekatan dimensional bantu?;Aku ngerti kamu takut dapat label yang nggak pas. Paul T. Costa dan Thomas A. Widiger ngusulin pendekatan dimensional, yang nggak cuma bilang kamu ‘punya’ atau ‘nggak punya’ gangguan, tapi lihat seberapa tinggi atau rendah gejalamu di skala tertentu, kayak kecemasan. Ini bisa bikin gambaranmu lebih lengkap dan kurang kasih stigma. Coba tanya psikologmu soal pendekatan ini. Apa yang lagi bikin takut? Ceritain, yuk.;GROK;D2_GROK_DrAndrewClinicalPsychology150-170_38.json;takut ganggu padahal dekat dimensional takut label paul costa thomas widiger ngusulin dekat dimensional ganggu berapa tinggi rendah gejala skala cemas lengkap kurang stigma psikolog dekat takut;1;0.5171875204038325;terapi - psikolog - takut - obat - dokter - mental - sehat - khawatir - tahu - ganggu;1_psikolog_terapi_dokter_takut;takut ganggu padahal dekat dimensional takut label paul costa thomas widiger ngusulin dekat dimensional ganggu berapa tinggi rendah gejala skala cemas lengkap kurang stigma psikolog dekat takut
Aku takut DSM nggak ngerti pengalamanku. Siapa yang bikin aturannya?;Aku ngerti kamu pengen aturan yang ngerti kamu. DSM dibuat sama Task Force, kebanyakan psikiater, dan kadang dikritik karena lebih ke model medis dan kurang beragam—dulu kebanyakan laki-laki kulit putih. Tapi, mereka udah coba masukin lebih banyak sudut pandang. Kalau kamu ngerasa pengalamanmu unik, ceritain ke psikolog biar mereka lihat konteksmu. Apa yang lagi bikin takut? Ceritain, dong.;GROK;D2_GROK_DrAndrewClinicalPsychology150-170_38.json;takut alam siapa atur atur task force psikiater kritik model medis kurang agam laki laki kulit putih udah masukin sudut pandang ngerasa alam unik psikolog konteks takut;1;0.5160120043448614;terapi - psikolog - takut - obat - dokter - mental - sehat - khawatir - tahu - ganggu;1_psikolog_terapi_dokter_takut;takut alam siapa atur atur task force psikiater kritik model medis kurang agam laki laki kulit putih udah masukin sudut pandang ngerasa alam unik psikolog konteks takut
Bagaimana menyeimbangkan rasa takut agar tidak berlebihan tapi tetap waspada?;Tulis dua kolom: 'fakta medis' vs 'ketakutan'. Bandingkan—mana kekhawatiran yang tidak berdasar data? Fokus pada fakta dan strategi pemulihan yang bisa kamu kendalikan, seperti latihan napas dan mobilisasi dini.;GPT;D1_GPT_HealthPsycology184-208_50.json;imbang takut tetap waspada kolom fakta medis takut banding khawatir data fakta strategi pulih kendali mobilisasi dini;1;0.513706918023499;terapi - psikolog - takut - obat - dokter - mental - sehat - khawatir - tahu - ganggu;1_psikolog_terapi_dokter_takut;imbang takut tetap waspada kolom fakta medis takut banding khawatir data fakta strategi pulih kendali mobilisasi dini
Aku takut kalo aku ke dokter, mereka bakal kasih obat yang bikin aku ketergantungan. Bener nggak?;Kekhawatiran itu wajar, tapi dokter yang baik bakal jelasin obat apa yang kamu butuhin dan efeknya. Nggak semua obat bikin ketergantungan, kok. Coba tanya dokter soal rencana pengobatan yang aman. Kalau mau, aku bantu kasih pertanyaan yang bisa kamu tanyain ke dokter. Mau?;GROK;D11_GROK_AHandbookfortheSMH589-599_20.json;takut kalo dokter obat khawatir dokter jelasin obat butuhin efek obat dokter rencana obat tanyain dokter;1;0.513106952603934;terapi - psikolog - takut - obat - dokter - mental - sehat - khawatir - tahu - ganggu;1_psikolog_terapi_dokter_takut;takut kalo dokter obat khawatir dokter jelasin obat butuhin efek obat dokter rencana obat tanyain dokter
Aku dikasih obat sama psikiater, tapi temenku bilang itu cuma bikin ketergantungan. Aku bingung, ikutin apa nggak?;Aku paham bingungnya, apalagi kalau dapat saran beda-beda. Obat dari psikiater biasanya dirancang untuk membantu, tapi wajar kalau kamu khawatir. Yang terbaik adalah diskusi sama psikiatermu soal kekhawatiran ini, karena mereka tahu kondisimu. Temenmu mungkin cuma khawatir, tapi mereka gak punya info medis yang lengkap. Apa yang bikin kamu ragu sama obatnya? Ceritain, mungkin aku bisa bantu pikirin.;GROK;D11_GROK_AHandbookfortheSMH600-609_20.json;obat psikiater temenku ikutin paham saran obat psikiater rancang khawatir diskusi psikiater khawatir tahu kondisi temenmu khawatir info medis lengkap ragu obat pikirin;1;0.5103139156621022;terapi - psikolog - takut - obat - dokter - mental - sehat - khawatir - tahu - ganggu;1_psikolog_terapi_dokter_takut;obat psikiater temenku ikutin paham saran obat psikiater rancang khawatir diskusi psikiater khawatir tahu kondisi temenmu khawatir info medis lengkap ragu obat pikirin
Aku pengen terapi yang bener-bener terbukti. Apa terapi manual bisa bantu?;Kamu pengen yang pasti-pasti, ya? Terapi manual bisa banget bantu, soalnya dirancang berdasarkan penelitian yang solid, jadi nggak cuma ngandalin feeling psikolog. Ini bikin peluang berhasil lebih besar, apalagi buat masalah kayak depresi atau kecemasan. Tapi, psikolog yang baik juga bakal dengerin ceritamu biar terapi ngerasa personal. Kedengeran cocok, kan? Apa yang lagi pengen kamu atasi? Ceritain, yuk.;GROK;D2_GROK_DrAndrewClinicalPsychology65-83_51.json;terapi bukti terapi manual terapi manual rancang solid ngandalin feeling psikolog peluang hasil depresi cemas psikolog dengerin terapi ngerasa personal kedengeran cocok;1;0.5099124962205042;terapi - psikolog - takut - obat - dokter - mental - sehat - khawatir - tahu - ganggu;1_psikolog_terapi_dokter_takut;terapi bukti terapi manual terapi manual rancang solid ngandalin feeling psikolog peluang hasil depresi cemas psikolog dengerin terapi ngerasa personal kedengeran cocok
Aku takut tes Wechsler nggak adil buatku. Apa mereka beneran akurat?;Wajar banget khawatir soal keadilan tes. Tes Wechsler punya data normatif dari ribuan orang yang dipilih biar mirip sama populasi AS, termasuk gender, usia, dan latar belakang. Jadi, mereka bandingin hasilmu sama orang-orang seumuran dan sebackground. Ini bikin tes lebih akurat dan adil. Kalau khawatir, tanya psikologmu soal caranya. Apa yang bikin takut? Ceritain, yuk.;GROK;D2_GROK_DrAndrewClinicalPsychology195-218_35.json;takut wechsler adil beneran akurat khawatir adil wechsler data normatif ribu pilih mirip populasi masuk gender usia latar belakang bandingin hasil umur sebackground akurat adil khawatir psikolog takut;1;0.5081516875813845;terapi - psikolog - takut - obat - dokter - mental - sehat - khawatir - tahu - ganggu;1_psikolog_terapi_dokter_takut;takut wechsler adil beneran akurat khawatir adil wechsler data normatif ribu pilih mirip populasi masuk gender usia latar belakang bandingin hasil umur sebackground akurat adil khawatir psikolog takut
Aku pengen coba terapi, tapi takut malah bikin aku tambah parah. Gimana sih terapi itu bekerja?;Takut sama yang baru itu wajar, kok. Terapi, seperti terapi kognitif perilaku, biasanya bantu kamu kenali pola pikir negatif dan ganti dengan yang lebih sehat. Terapis bakal dengerin kamu tanpa judgement dan bantu cari solusi bareng. Ini kayak punya temen yang bantu lihat masalah dari sudut lain. Kalau khawatir, mulai aja dengan ngobrol ke terapis yang bikin kamu nyaman. Mau aku bantu cari tahu caranya?;GROK;D12_GROK_ClinicalHandbookPsychologicalDisorders275-285_20.json;terapi takut malah tambah parah terapi kerja takut terapi terapi kognitif perilaku kenal pola negatif sehat terap dengerin judgement solusi bareng temen sudut khawatir terap nyaman tahu;1;0.5081136052431513;terapi - psikolog - takut - obat - dokter - mental - sehat - khawatir - tahu - ganggu;1_psikolog_terapi_dokter_takut;terapi takut malah tambah parah terapi kerja takut terapi terapi kognitif perilaku kenal pola negatif sehat terap dengerin judgement solusi bareng temen sudut khawatir terap nyaman tahu
Aku takut kalau aku berhenti pakai obat, nanti sakit banget. Gimana cara ngatasinnya?;Rasa sakit waktu berhenti dari obat, atau yang disebut withdrawal, emang bisa bikin takut. Makanya treatment kayak buprenorphine ada buat bantu kurangi gejala itu, jadi prosesnya lebih tertahankan. Kalau kamu mau coba, dokter biasanya mulai dengan dosis kecil dan pantau kondisimu. Apa yang bikin kamu paling takut soal withdrawal?;GROK;D12_GROK_ClinicalHandbookPsychologicalDisorders638-648_20.json;takut henti obat sakit ngatasinnya sakit henti obat sebut withdrawal emang takut makanya treatment buprenorphine kurang gejala proses tahan dokter dosis kecil pantau kondisi paling takut withdrawal;1;0.5079213955719167;terapi - psikolog - takut - obat - dokter - mental - sehat - khawatir - tahu - ganggu;1_psikolog_terapi_dokter_takut;takut henti obat sakit ngatasinnya sakit henti obat sebut withdrawal emang takut makanya treatment buprenorphine kurang gejala proses tahan dokter dosis kecil pantau kondisi paling takut withdrawal
Aku takut hasil tes psikologi menunjukkan sesuatu yang buruk tentangku. Gimana caranya supaya nggak panik?;Wajar kok takut sama hasil tes, tapi ingat, tes ini bukan untuk menjudge kamu. Tes cuma alat untuk memahami dirimu lebih baik, bukan untuk bilang kamu baik atau buruk. Kalau kamu khawatir, coba tanya peneliti apa tujuan tesnya dan bagaimana hasilnya akan digunakan. Fokus pada prosesnya, jawab sejujurnya, dan anggap ini sebagai kesempatan untuk kenal diri sendiri lebih dalam.;GROK;D3_GROK_PengantarPsikologiAdnan58-68_20.json;takut hasil psikologi tunjuk panik takut hasil ingat bukan menjudge alat paham diri bukan khawatir tuju hasil proses jujur anggap sempat kenal diri sendiri;1;0.5060996353209815;terapi - psikolog - takut - obat - dokter - mental - sehat - khawatir - tahu - ganggu;-1_diri_takut_sendiri_kecil;takut hasil psikologi tunjuk panik takut hasil ingat bukan menjudge alat paham diri bukan khawatir tuju hasil proses jujur anggap sempat kenal diri sendiri
Aku nggak suka sama DSM, kok kayak semua orang bisa dikotak-kotakin gitu?;Aku ngerti, DSM memang punya sisi kontroversial karena coba kasih label buat pengalaman yang sebenarnya kompleks. Itu lebih buat bantu dokter dan peneliti, tapi kadang nggak nampung konteks hidup seseorang. Kamu merasa label itu nggak adil buat siapa atau apa?;GROK;D11_GROK_AHandbookfortheSMH17-27_20.json;kotak kotakin sisi kontroversial label alam kompleks dokter nampung konteks hidup label adil siapa;1;0.5052185889209176;terapi - psikolog - takut - obat - dokter - mental - sehat - khawatir - tahu - ganggu;1_psikolog_terapi_dokter_takut;kotak kotakin sisi kontroversial label alam kompleks dokter nampung konteks hidup label adil siapa
Aku takut penelitian terapi nggak adil. Apa kuasi-eksperimental bantu?;Aku ngerti kamu pengen penelitian yang adil. Desain kuasi-eksperimental dipake psikolog kalau mereka nggak bisa kontrol semua, misalnya karena nggak etis buat nggak kasih terapi ke seseorang. Ini bantu mereka cek terapi di situasi nyata tanpa langgar etika, jadi hasilnya lebih bisa dipercaya buat bantu kamu. Apa yang lagi bikin khawatir? Ceritain, yuk.;GROK;D2_GROK_DrAndrewClinicalPsychology131-148_47.json;takut terapi adil kuasi eksperimental adil desain kuasi eksperimental dipake psikolog kontrol etis terapi terapi situasi nyata langgar etika hasil percaya khawatir;1;0.5044651713299232;terapi - psikolog - takut - obat - dokter - mental - sehat - khawatir - tahu - ganggu;-1_diri_takut_sendiri_kecil;takut terapi adil kuasi eksperimental adil desain kuasi eksperimental dipake psikolog kontrol etis terapi terapi situasi nyata langgar etika hasil percaya khawatir
Aku dengar tentang managed care, itu apa sih? Bisa bantu masalah mentalku gak?;Managed care itu sistem yang mencoba mengatur layanan kesehatan, termasuk mental, supaya lebih efisien, misalnya dengan mengontrol biaya atau jenis perawatan. Tapi, kadang fokusnya lebih ke penghematan daripada kualitas, jadi nggak selalu ideal untuk yang butuh perawatan jangka panjang. Kalau kamu mau, kita bisa cari tahu apakah ada program di daerahmu yang lebih fleksibel untuk kebutuhanmu.;GROK;D11_GROK_AHandbookfortheSMH435-445_20.json;dengar managed care mental managed care atur sehat masuk mental efisien kontrol biaya jenis awat hemat kualitas ideal butuh awat jangka panjang tahu program daerah fleksibel butuh;1;0.5035737953103095;terapi - psikolog - takut - obat - dokter - mental - sehat - khawatir - tahu - ganggu;1_psikolog_terapi_dokter_takut;dengar managed care mental managed care atur sehat masuk mental efisien kontrol biaya jenis awat hemat kualitas ideal butuh awat jangka panjang tahu program daerah fleksibel butuh
Aku nggak yakin bisa berhenti minum tanpa bantuan. Apa aku harus ke dokter?;Kalau kamu merasa susah berhenti sendiri, ngobrol sama dokter adalah langkah yang bagus. Mereka bisa cek kondisi kesehatanmu dan kasih saran, misalnya terapi atau obat kalau perlu. Selain dokter, kelompok dukungan atau konselor juga bisa bantu. Nggak ada salahnya minta bantuan, justru itu tanda kamu serius mau berubah. Mau aku bantu cari info soal dokter atau kelompok dukungan di dekatmu?;GROK;D12_GROK_ClinicalHandbookPsychologicalDisorders616-626_20.json;yakin henti dokter susah henti sendiri dokter bagus kondisi sehat saran terapi obat perlu dokter kelompok dukung konselor salah minta justru serius ubah info dokter kelompok dukung dekat;1;0.5024360464246955;terapi - psikolog - takut - obat - dokter - mental - sehat - khawatir - tahu - ganggu;1_psikolog_terapi_dokter_takut;yakin henti dokter susah henti sendiri dokter bagus kondisi sehat saran terapi obat perlu dokter kelompok dukung konselor salah minta justru serius ubah info dokter kelompok dukung dekat
Aku pengen coba terapi, tapi takut dihakimi. Gimana caranya biar aku berani?;Takut dihakimi itu wajar banget, apalagi kalau mau buka diri ke orang baru. Dalam psikologi, terapi sebenarnya dirancang buat bikin kamu merasa aman, bukan dihakimi. Mungkin kamu bisa mulai dengan cari terapis yang bikin kamu nyaman, atau coba ceritain ketakutanmu soal terapi ke aku dulu. Apa yang bikin kamu takut dihakimi? Aku bisa bantu dengerin dan kasih saran.;GROK;D11_GROK_AHandbookfortheSMH116-126_20.json;terapi takut hakim berani takut hakim diri psikologi terapi rancang bukan hakim terap nyaman takut terapi takut hakim dengerin saran;1;0.5005926390223935;terapi - psikolog - takut - obat - dokter - mental - sehat - khawatir - tahu - ganggu;1_psikolog_terapi_dokter_takut;terapi takut hakim berani takut hakim diri psikologi terapi rancang bukan hakim terap nyaman takut terapi takut hakim dengerin saran
Aku merasa malu ngaku ke dokter kalau aku minum banyak. Gimana caranya biar berani?;Rasa malu itu wajar, tapi dokter ada buat bantu, bukan buat nilai kamu. Coba mulai dengan ceritain sedikit dulu, misalnya bilang kamu khawatir sama kebiasaan minummu. Aku bisa bantu kamu susun kalimatnya kalau mau. Apa yang bikin kamu merasa malu?;GROK;D12_GROK_ClinicalHandbookPsychologicalDisorders583-593_20.json;malu ngaku dokter berani malu dokter bukan nilai khawatir susun malu;1;0.4993705962244853;terapi - psikolog - takut - obat - dokter - mental - sehat - khawatir - tahu - ganggu;1_psikolog_terapi_dokter_takut;malu ngaku dokter berani malu dokter bukan nilai khawatir susun malu
Aku suka kalau pendekatan psikolog itu ilmiah. Model clinical scientist itu apa?;Penyuka pendekatan ilmiah, ya? Model clinical scientist ini keren buat kamu. Dipopulerkan oleh Richard McFall di tahun 1991, model ini latih psikolog buat bener-bener andelin data dan penelitian. Jadi, mereka bantu kamu dengan cara yang udah terbukti lewat ilmu, kayak detektif yang pake fakta buat pecahin masalah. Cocok kalau kamu pengen solusi yang solid. Apa yang lagi bikin kamu pengen pendekatan ilmiah? Ceritain dong.;GROK;D2_GROK_DrAndrewClinicalPsychology26-43_53.json;dekat psikolog ilmiah model clinical scientist dekat ilmiah model clinical scientist keren populer richard mcfall tahun model psikolog andelin data udah bukti lewat ilmu detektif pake fakta pecahin cocok solusi solid dekat ilmiah;1;0.4991913028585842;terapi - psikolog - takut - obat - dokter - mental - sehat - khawatir - tahu - ganggu;-1_diri_takut_sendiri_kecil;dekat psikolog ilmiah model clinical scientist dekat ilmiah model clinical scientist keren populer richard mcfall tahun model psikolog andelin data udah bukti lewat ilmu detektif pake fakta pecahin cocok solusi solid dekat ilmiah
Aku bingung sama model kecerdasan Carroll. Apa artinya?;Aku ngerti kalau teori kecerdasan bisa bikin bingung. John Carroll bilang kecerdasan itu kayak piramida: di atas ada 'g' atau kecerdasan umum, di bawahnya ada 8 kemampuan besar, kayak verbal atau visual, dan di bawah lagi ada banyak kemampuan kecil. Jadi, tes kecerdasan lihat semua lapisan ini buat ngerti apa yang kamu kuasai. Ini bantu psikolog kasih saran yang pas. Mau ceritain apa yang bikin bingung? Aku dengerin, kok.;GROK;D2_GROK_DrAndrewClinicalPsychology195-218_35.json;model cerdas carroll arti teori cerdas john carroll cerdas piramida cerdas umum bawah mampu verbal visual bawah mampu kecil cerdas lapis kuasa psikolog saran dengerin;1;0.4987944798445532;terapi - psikolog - takut - obat - dokter - mental - sehat - khawatir - tahu - ganggu;1_psikolog_terapi_dokter_takut;model cerdas carroll arti teori cerdas john carroll cerdas piramida cerdas umum bawah mampu verbal visual bawah mampu kecil cerdas lapis kuasa psikolog saran dengerin
Aku pengen nyoba treatment, tapi aku tinggal di desa, susah banget akses klinik. Ada solusi nggak?;Aku paham banget kalau tinggal di desa bikin susah akses treatment. Ada program interim buprenorphine yang dirancang buat orang yang sulit ke klinik, pakai alat khusus buat ngatur dosis obat dan cek lewat telepon. Kamu bisa tanya ke puskesmas terdekat apa ada program kayak gitu. Apa lagi kendala yang kamu hadapi buat ke klinik?;GROK;D12_GROK_ClinicalHandbookPsychologicalDisorders638-648_20.json;nyoba treatment tinggal desa susah akses klinik solusi paham tinggal desa susah akses treatment program interim buprenorphine rancang sulit klinik alat khusus ngatur dosis obat lewat telepon puskesmas dekat program kendala hadap klinik;1;0.49862806269604;terapi - psikolog - takut - obat - dokter - mental - sehat - khawatir - tahu - ganggu;1_psikolog_terapi_dokter_takut;nyoba treatment tinggal desa susah akses klinik solusi paham tinggal desa susah akses treatment program interim buprenorphine rancang sulit klinik alat khusus ngatur dosis obat lewat telepon puskesmas dekat program kendala hadap klinik
Aku ngerasa nggak ada yang ngerti aku, makanya aku suka nyakitin diri sendiri. Apa yang salah sama aku?;Nggak ada yang salah sama kamu, tapi aku tahu rasanya berat banget kalau merasa nggak ada yang ngerti. Nyakitin diri sendiri mungkin cara kamu coba atasi rasa sakit itu, tapi itu nggak solusi jangka panjang. Coba cari satu orang yang kamu rasa bisa dipercaya, dan ceritain sedikit tentang perasaanmu. Kalau susah, terapis bisa jadi tempat aman buat mulai. Kamu berharga, dan aku yakin ada orang yang akan ngerti kalau kamu kasih kesempatan.;GROK;D12_GROK_ClinicalHandbookPsychologicalDisorders473-483_20.json;ngerasa makanya nyakitin diri sendiri salah salah tahu berat nyakitin diri sendiri sakit solusi jangka panjang percaya susah terap tempat harga yakin sempat;1;0.4984382866179787;terapi - psikolog - takut - obat - dokter - mental - sehat - khawatir - tahu - ganggu;1_psikolog_terapi_dokter_takut;ngerasa makanya nyakitin diri sendiri salah salah tahu berat nyakitin diri sendiri sakit solusi jangka panjang percaya susah terap tempat harga yakin sempat
Aku dengar ada program tukar jarum suntik. Itu apa sih, dan apa bagus buat aku?;Program tukar jarum suntik itu tempat di mana kamu bisa tukar jarum bekas dengan yang bersih, biar nggak nyebarin penyakit seperti HIV. Ini bagus banget buat orang yang masih pakai narkoba suntik, karena bisa kurangi risiko infeksi. Tapi, kalau kamu bisa, coba juga cari program pemulihan dari kecanduan. Apa kamu mau aku bantu cari tahu lokasi program tukar jarum di dekatmu?;GROK;D11_GROK_AHandbookfortheSMH578-588_20.json;dengar program tukar jarum suntik bagus program tukar jarum suntik tempat tukar jarum bekas nyebarin sakit bagus narkoba suntik kurang risiko infeksi program pulih candu tahu lokasi program tukar jarum dekat;1;0.4974957473067662;terapi - psikolog - takut - obat - dokter - mental - sehat - khawatir - tahu - ganggu;1_psikolog_terapi_dokter_takut;dengar program tukar jarum suntik bagus program tukar jarum suntik tempat tukar jarum bekas nyebarin sakit bagus narkoba suntik kurang risiko infeksi program pulih candu tahu lokasi program tukar jarum dekat
Aku merasa cuma orang kaya yang bisa dapet layanan kesehatan mental yang bagus. Bener nggak?;Sayangnya, ada benarnya. Sistem kesehatan mental kadang dipengaruhi faktor ekonomi, dan orang dengan sumber daya lebih besar sering punya akses ke layanan yang lebih baik. Tapi ada juga program komunitas atau layanan publik yang berusaha menutup kesenjangan ini, meski tantangannya masih banyak. Kalau kamu kesulitan akses, mungkin kita bisa cari opsi yang lebih terjangkau bareng. Apa kamu pernah coba layanan tertentu sebelumnya?;GROK;D11_GROK_AHandbookfortheSMH479-489_20.json;kaya dapet sehat mental bagus sayang sehat mental pengaruh faktor ekonomi sumber daya akses program publik usaha tutup senjang tantang sulit akses opsi jangkau bareng;1;0.4968520814701247;terapi - psikolog - takut - obat - dokter - mental - sehat - khawatir - tahu - ganggu;1_psikolog_terapi_dokter_takut;kaya dapet sehat mental bagus sayang sehat mental pengaruh faktor ekonomi sumber daya akses program publik usaha tutup senjang tantang sulit akses opsi jangkau bareng
Aku takut tes cuma lihat yang salah. Apa CPI-III beda?;Aku ngerti kamu pengen tes yang lihat sisi baik. Douglas A. Donnay dan Timothy R. Elliott bilang CPI-III fokus ke kekuatan, kayak empati, tanggung jawab, atau kemandirian. Ini bantu psikolog ngerti apa yang bikin kamu hebat, bukan cuma masalah. Cocok banget kalau kamu mau lihat sisi positif. Kalau khawatir, tanya psikologmu soal CPI-III. Mau ceritain apa yang bikin kamu spesial? Aku dengerin, yuk.;GROK;D2_GROK_DrAndrewClinicalPsychology219-245_35.json;takut salah sisi douglas donnay timothy elliott kuat empati mandiri psikolog bukan cocok sisi positif khawatir psikolog spesial dengerin;1;0.4959361617066871;terapi - psikolog - takut - obat - dokter - mental - sehat - khawatir - tahu - ganggu;1_psikolog_terapi_dokter_takut;takut salah sisi douglas donnay timothy elliott kuat empati mandiri psikolog bukan cocok sisi positif khawatir psikolog spesial dengerin
Kadang aku takut kalau ke dokter jiwa, nanti malah dikurung atau dipaksa minum obat. Apa iya gitu?;Kekhawatiranmu wajar banget, apalagi kalau dengar cerita tentang perawatan paksa di masa lalu. Sekarang, banyak layanan yang lebih menghormati pilihan pasien, tapi memang ada kasus di mana perawatan paksa masih terjadi, terutama kalau dianggap ada risiko besar. Kalau kamu khawatir, coba cari penyedia layanan yang transparan soal hak pasien atau komunitas dukungan yang lebih berbasis pemberdayaan. Mau aku bantu cari info soal ini?;GROK;D11_GROK_AHandbookfortheSMH479-489_20.json;takut dokter jiwa malah kurung paksa obat khawatir dengar awat paksa masa hormat pilih pasien kasus awat paksa utama anggap risiko khawatir sedia transparan pasien dukung daya info;1;0.4959029663444762;terapi - psikolog - takut - obat - dokter - mental - sehat - khawatir - tahu - ganggu;1_psikolog_terapi_dokter_takut;takut dokter jiwa malah kurung paksa obat khawatir dengar awat paksa masa hormat pilih pasien kasus awat paksa utama anggap risiko khawatir sedia transparan pasien dukung daya info
Aku nggak suka ke dokter, tapi aku merasa ada yang salah sama pikiranku. Apa harus ke dokter?;Kalau kamu merasa ada yang nggak beres sama pikiranmu, itu sinyal penting. Nggak harus langsung ke dokter, tapi ngobrol sama orang yang bisa dipercaya atau profesional bisa membantu. Mau ceritain apa yang lagi bikin kamu ngerasa nggak nyaman?;GROK;D11_GROK_AHandbookfortheSMH292-302_20.json;dokter salah dokter beres penting langsung dokter percaya profesional ngerasa nyaman;1;0.4929895043779741;terapi - psikolog - takut - obat - dokter - mental - sehat - khawatir - tahu - ganggu;1_psikolog_terapi_dokter_takut;dokter salah dokter beres penting langsung dokter percaya profesional ngerasa nyaman
Aku dengar kecerdasan cuma satu hal. Bener nggak sih?;Pertanyaan keren! Charles Spearman bilang kecerdasan itu kayak satu paket besar, yang dia sebut 'g' atau kecerdasan umum, yang ngaruh ke semua kemampuanmu. Tapi, ada juga yang bilang kecerdasan itu banyak aspek, nggak cuma satu. Sekarang, tes kecerdasan biasanya lihat keduanya: satu skor umum dan skor-spesifik. Ini bantu psikolog ngerti kekuatanmu. Penasaran apa lagi soal kecerdasan? Ceritain, yuk.;GROK;D2_GROK_DrAndrewClinicalPsychology195-218_35.json;dengar cerdas keren charles spearman cerdas paket sebut cerdas umum ngaruh mampu cerdas aspek cerdas skor umum skor spesifik psikolog kuat penasaran cerdas;1;0.4924865961551505;terapi - psikolog - takut - obat - dokter - mental - sehat - khawatir - tahu - ganggu;1_psikolog_terapi_dokter_takut;dengar cerdas keren charles spearman cerdas paket sebut cerdas umum ngaruh mampu cerdas aspek cerdas skor umum skor spesifik psikolog kuat penasaran cerdas
Aku merasa hubunganku sama pasangan kayak perangkap, aku nggak bisa jadi diri sendiri. Apa yang harus aku lakukan?;Merasa terjebak dalam hubungan itu pasti berat banget. Dari yang aku pelajari, perasaan kayak gitu bisa muncul kalau kalian terjebak dalam pola yang bikin kalian nggak bisa jujur sama perasaan masing-masing. Coba pikir, apa yang bikin kamu merasa nggak bisa jadi diri sendiri? Kalau kamu nyaman, coba bicarain ini sama pasanganmu, atau mungkin ke psikolog untuk bantu kamu pahami kebutuhanmu. Apa kamu merasa ini sesuatu yang bisa kamu ceritain ke dia?;GROK;D12_GROK_ClinicalHandbookPsychologicalDisorders759-769_20.json;pasang perangkap diri sendiri laku jebak berat muncul jebak pola jujur masing masing diri sendiri nyaman bicarain pasang psikolog paham butuh;1;0.49226286767134;terapi - psikolog - takut - obat - dokter - mental - sehat - khawatir - tahu - ganggu;-1_diri_takut_sendiri_kecil;pasang perangkap diri sendiri laku jebak berat muncul jebak pola jujur masing masing diri sendiri nyaman bicarain pasang psikolog paham butuh
Kenapa ya, obat generik rasanya kurang manjur dibanding obat bermerek walau isinya sama?;Kadang bukan zat aktifnya yang berbeda, tapi harapan kita. Ketika kemasan, warna, dan antusiasme dokter tampak lebih 'serius', otak melepaskan endorfin alami yang menambah efek penyembuhan. Jadi, keyakinan dan suasana turut bekerja bersama obat.;GPT;D1_GPT_HealthPsycology209-229_50.json;obat generik kurang manjur banding obat merek bukan harap kemas antusiasme dokter tampak serius otak lepas endorfin alami tambah efek sembuh yakin suasana turut kerja obat;1;0.4908423753844539;terapi - psikolog - takut - obat - dokter - mental - sehat - khawatir - tahu - ganggu;1_psikolog_terapi_dokter_takut;obat generik kurang manjur banding obat merek bukan harap kemas antusiasme dokter tampak serius otak lepas endorfin alami tambah efek sembuh yakin suasana turut kerja obat
Aku ngerasa temenku butuh bantuan, tapi dia nggak mau ke dokter. Aku harus apa?;Kamu peduli banget sama temenmu, itu bagus! Kalau dia nggak mau ke dokter, coba dengerin dulu apa yang dia rasain tanpa memaksa. Ajak ngobrol santai, tawarin info soal konselor atau hotline yang bisa membantu. Yang penting, tunjukkin kamu ada buat dia. Apa yang bikin kamu khawatir sama temenmu? Ceritain ke aku.;GROK;D11_GROK_AHandbookfortheSMH457-467_20.json;ngerasa temenku butuh dokter peduli temenmu bagus dokter dengerin rasain paksa santai tawarin info konselor hotline penting tunjukkin khawatir temenmu;1;0.4906033849230065;terapi - psikolog - takut - obat - dokter - mental - sehat - khawatir - tahu - ganggu;1_psikolog_terapi_dokter_takut;ngerasa temenku butuh dokter peduli temenmu bagus dokter dengerin rasain paksa santai tawarin info konselor hotline penting tunjukkin khawatir temenmu
Aku kadang merasa ada yang ngejar, padahal nggak ada orang. Aku takut banget, ini apa?;Waduh, pasti ngeri banget rasanya, ya. Kalau kamu merasa ada yang ngejar padahal nggak ada orang, itu bisa jadi halusinasi, bukan cuma ilusi. Halusinasi itu ketika kamu merasa lihat atau rasakan sesuatu yang sebenarnya nggak ada. Ini nggak selalu berarti ada masalah serius, tapi kalau bikin takut atau sering terjadi, penting banget buat ngobrol sama psikolog atau dokter. Mereka bisa bantu cari tahu kenapa ini terjadi. Kamu merasa aman nggak sekarang?;GROK;D4_GROK_PengantarPsikologiBimoW134-144_20.json;ngejar padahal takut waduh ngeri ngejar padahal halusinasi bukan ilusi halusinasi arti serius takut penting psikolog dokter tahu;1;0.4896925466752845;terapi - psikolog - takut - obat - dokter - mental - sehat - khawatir - tahu - ganggu;-1_diri_takut_sendiri_kecil;ngejar padahal takut waduh ngeri ngejar padahal halusinasi bukan ilusi halusinasi arti serius takut penting psikolog dokter tahu
Aku mau psikolog yang pendekatannya bener-bener ilmiah. Apa itu clinical scientist?;Kamu suka yang ilmiah, ya? Model clinical scientist ini pas banget. Dipopulerkan oleh Richard McFall di tahun 1991, model ini latih psikolog buat bener-bener andelin data dan penelitian dalam bantu klien. Jadi, mereka nggak cuma ngobrol, tapi juga pastiin pendekatan mereka didukung ilmu yang kuat. Ini cocok kalau kamu pengen solusi yang terbukti efektif. Apa yang lagi bikin kamu pengen pendekatan ilmiah? Ceritain dong.;GROK;D2_GROK_DrAndrewClinicalPsychology26-43_53.json;psikolog dekat ilmiah clinical scientist ilmiah model clinical scientist populer richard mcfall tahun model psikolog andelin data klien pastiin dekat dukung ilmu kuat cocok solusi bukti efektif dekat ilmiah;1;0.4895850161514521;terapi - psikolog - takut - obat - dokter - mental - sehat - khawatir - tahu - ganggu;-1_diri_takut_sendiri_kecil;psikolog dekat ilmiah clinical scientist ilmiah model clinical scientist populer richard mcfall tahun model psikolog andelin data klien pastiin dekat dukung ilmu kuat cocok solusi bukti efektif dekat ilmiah
Aku takut ke dokter karena bahasa Inggrisku nggak bagus. Ada solusi nggak?;Wajar kalau khawatir soal bahasa. Coba cari layanan yang punya staf yang bisa bahasa yang kamu nyaman pake. Banyak tempat sekarang nawarin terjemahan atau staf bilingual. Kalau mau, aku bisa bantu cari info layanan kayak gitu di deketmu.;GROK;D11_GROK_AHandbookfortheSMH468-478_20.json;takut dokter bahasa inggris bagus solusi khawatir bahasa staf bahasa nyaman pake tempat nawarin terjemah staf bilingual info deketmu;1;0.4879373771817071;terapi - psikolog - takut - obat - dokter - mental - sehat - khawatir - tahu - ganggu;1_psikolog_terapi_dokter_takut;takut dokter bahasa inggris bagus solusi khawatir bahasa staf bahasa nyaman pake tempat nawarin terjemah staf bilingual info deketmu
Aku pengen psikolog yang praktis dan langsung bantu. Model Vail itu apa?;Kalau kamu pengen yang praktis, model Vail ini cocok. Sejak tahun 1973, model ini fokus latih psikolog dengan gelar PsyD buat langsung bantu klien, kayak lewat terapi atau konseling. Mereka lebih ke ngobrol sama kamu, dengerin ceritamu, dan kasih solusi yang bisa langsung dicoba, tanpa terlalu banyak penelitian. Jadi, kalau kamu pengen cepet dibantu, ini pas. Apa yang lagi pengen kamu obrolin sama psikolog? Ceritain, yuk.;GROK;D2_GROK_DrAndrewClinicalPsychology26-43_53.json;psikolog praktis langsung model vail praktis model vail cocok sejak tahun model psikolog gelar psyd langsung klien lewat terapi konseling dengerin solusi langsung terlalu cepet obrolin psikolog;1;0.4878274563274231;terapi - psikolog - takut - obat - dokter - mental - sehat - khawatir - tahu - ganggu;1_psikolog_terapi_dokter_takut;psikolog praktis langsung model vail praktis model vail cocok sejak tahun model psikolog gelar psyd langsung klien lewat terapi konseling dengerin solusi langsung terlalu cepet obrolin psikolog
Aku pengen coba terapi, tapi nggak tahu mulai dari mana. Kamu punya saran?;Senang banget dengar kamu mau coba terapi, itu langkah besar! Kamu bisa mulai dengan cari psikolog atau terapis yang spesialisasi di trauma, mungkin lewat rekomendasi dokter atau platform kesehatan mental. Aku bisa bantu kasih contoh pertanyaan untuk tanya ke terapis kalau kamu mau. Tertarik?;GROK;D12_GROK_ClinicalHandbookPsychologicalDisorders88-98_20.json;terapi tahu saran senang dengar terapi psikolog terap spesialisasi trauma lewat rekomendasi dokter platform sehat mental contoh terap;1;0.4868805410394903;terapi - psikolog - takut - obat - dokter - mental - sehat - khawatir - tahu - ganggu;1_psikolog_terapi_dokter_takut;terapi tahu saran senang dengar terapi psikolog terap spesialisasi trauma lewat rekomendasi dokter platform sehat mental contoh terap
Aku merasa nggak ada yang ngerti aku, bahkan dokter sekalipun. Apa aku salah harapan?;Nggak salah sama sekali kamu pengen merasa dipahami. Kadang memang butuh waktu buat nemuin profesional atau komunitas yang bener-bener nyambung sama kamu. Ada pendekatan seperti model kesejahteraan sosial yang lebih lihat masalahmu dari sisi lingkungan dan komunitas, bukan cuma individu. Kalau kamu mau, kita bisa cari tahu soal opsi ini bareng. Apa kamu pernah nemuin seseorang yang bikin kamu merasa didengar?;GROK;D11_GROK_AHandbookfortheSMH479-489_20.json;bahkan dokter sekalipun salah harap salah sekali paham butuh nemuin profesional nyambung dekat model sejahtera sosial sisi bukan individu tahu opsi bareng nemuin dengar;1;0.4866731905851521;terapi - psikolog - takut - obat - dokter - mental - sehat - khawatir - tahu - ganggu;1_psikolog_terapi_dokter_takut;bahkan dokter sekalipun salah harap salah sekali paham butuh nemuin profesional nyambung dekat model sejahtera sosial sisi bukan individu tahu opsi bareng nemuin dengar
Aku pengen nyoba jual obatku biar dapet duit. Itu ide buruk nggak sih?;Jujur, itu ide yang berisiko banget. Jual obat itu nggak cuma bisa bikin kamu kehilangan treatment, tapi juga bisa bawa masalah hukum serius. Aku tahu mungkin keuangan lagi susah, tapi kita bisa pikirin cara lain buat dapet duit, seperti kerja sampingan atau minta bantuan sosial. Apa yang bikin kamu pengen jual obat?;GROK;D12_GROK_ClinicalHandbookPsychologicalDisorders638-648_20.json;nyoba jual obat dapet duit jujur risiko jual obat hilang treatment bawa hukum serius tahu uang susah pikirin dapet duit kerja minta sosial jual obat;1;0.4855115153091097;terapi - psikolog - takut - obat - dokter - mental - sehat - khawatir - tahu - ganggu;1_psikolog_terapi_dokter_takut;nyoba jual obat dapet duit jujur risiko jual obat hilang treatment bawa hukum serius tahu uang susah pikirin dapet duit kerja minta sosial jual obat
Aku pengen ikut penelitian terapi. Apa hakku dilindungi?;Keren, kamu berani mikirin ikut penelitian! Kode etik American Psychological Association tahun 2002 bilang peneliti harus kasih tahu dulu apa tujuan penelitian, berapa lama, dan hak kamu buat nolak atau keluar kapan aja. Mereka juga nggak boleh maksa atau kasih hadiah berlebihan. Jadi, hakmu dilindungi. Coba tanya peneliti soal detailnya. Apa yang bikin khawatir? Ceritain, yuk.;GROK;D2_GROK_DrAndrewClinicalPsychology131-148_47.json;terapi lindung keren berani mikirin kode etik american psychological association tahun tahu tuju berapa lama nolak keluar kapan maksa hadiah lindung detail khawatir;1;0.4829821578929819;terapi - psikolog - takut - obat - dokter - mental - sehat - khawatir - tahu - ganggu;-1_diri_takut_sendiri_kecil;terapi lindung keren berani mikirin kode etik american psychological association tahun tahu tuju berapa lama nolak keluar kapan maksa hadiah lindung detail khawatir
Kenapa sih aku nggak bisa langsung cerita ke dokter tentang masalahku? Malu banget rasanya.;Aku paham banget rasa malu itu, beneran. Banyak orang juga merasa gitu, kok, karena bicara soal masalah pribadi itu nggak gampang. Tapi dokter atau terapis biasanya terlatih untuk dengerin tanpa judging. Mungkin coba mulai dari hal kecil yang nggak terlalu berat buat diceritain. Aku di sini kalau kamu mau latihan cerita dulu, lho.;GROK;D11_GROK_AHandbookfortheSMH457-467_20.json;langsung dokter malu paham malu beneran bicara pribadi gampang dokter terap dengerin judging kecil terlalu berat diceritain;1;0.4821845471022909;terapi - psikolog - takut - obat - dokter - mental - sehat - khawatir - tahu - ganggu;1_psikolog_terapi_dokter_takut;langsung dokter malu paham malu beneran bicara pribadi gampang dokter terap dengerin judging kecil terlalu berat diceritain
Aku baru tahu aku HIV positif, dan rasanya dunia runtuh. Gimana aku bisa hadapi ini?;Aku tahu ini berat banget, dan wajar kalau kamu merasa kewalahan. Diagnosis HIV memang bisa bikin takut, tapi kamu nggak sendirian. Coba ambil napas dalam-dalam dulu, lalu cari informasi yang akurat soal HIV—seperti perawatan yang sekarang sudah sangat maju. HAART, misalnya, bisa bikin hidup lebih sehat dan panjang. Apa kamu sudah bicara dengan dokter atau konselor? Mereka bisa bantu jelasin langkah apa yang bisa kamu ambil sekarang.;GROK;D11_GROK_AHandbookfortheSMH578-588_20.json;tahu positif runtuh hadap tahu berat kewalahan diagnosis takut sendiri akurat awat maju haart hidup sehat panjang bicara dokter konselor jelasin;1;0.4817768200651685;terapi - psikolog - takut - obat - dokter - mental - sehat - khawatir - tahu - ganggu;1_psikolog_terapi_dokter_takut;tahu positif runtuh hadap tahu berat kewalahan diagnosis takut sendiri akurat awat maju haart hidup sehat panjang bicara dokter konselor jelasin
Aku ngerasa nggak ada yang ngertiin aku, bahkan dokterku. Aku harus ganti dokter nggak ya?;Rasanya pasti kesepian banget kalau nggak ada yang ngertiin, apalagi dari dokter yang seharusnya bantu. Kalau kamu ngerasa doktermu nggak nyambung sama kebutuhanmu, nggak ada salahnya coba cari dokter atau konselor lain yang lebih cocok. Kadang, hubungan yang pas sama penyedia layanan bisa bikin perubahan besar. Apa yang bikin kamu ngerasa nggak didengerin sama doktermu sekarang?;GROK;D11_GROK_AHandbookfortheSMH545-555_20.json;ngerasa ngertiin bahkan dokter dokter sepi ngertiin dokter ngerasa dokter nyambung butuh salah dokter konselor cocok sedia ubah ngerasa didengerin dokter;1;0.4811516194462744;terapi - psikolog - takut - obat - dokter - mental - sehat - khawatir - tahu - ganggu;1_psikolog_terapi_dokter_takut;ngerasa ngertiin bahkan dokter dokter sepi ngertiin dokter ngerasa dokter nyambung butuh salah dokter konselor cocok sedia ubah ngerasa didengerin dokter
Kalau aku cuma ke dokter sekali, apa itu cukup buat sembuh?;Sekali ke dokter biasanya cuma langkah awal, kayak buat paham apa yang lagi kamu alami. Kesehatan mental itu kayak perjalanan, kadang perlu beberapa sesi atau perubahan kecil di hidup sehari-hari buat ngerasa lebih baik. Tergantung masalahnya, sih. Apa yang bikin kamu pengen cuma sekali aja? Ceritain ke aku, yuk.;GROK;D11_GROK_AHandbookfortheSMH457-467_20.json;dokter sekali cukup sembuh sekali dokter awal paham alami sehat mental jalan perlu beberapa sesi ubah kecil hidup ngerasa sekali;1;0.4808315685370369;terapi - psikolog - takut - obat - dokter - mental - sehat - khawatir - tahu - ganggu;1_psikolog_terapi_dokter_takut;dokter sekali cukup sembuh sekali dokter awal paham alami sehat mental jalan perlu beberapa sesi ubah kecil hidup ngerasa sekali
Apakah perawatan di rumah lebih baik dibanding rawat inap di rumah sakit?;Keuntungan home care ialah suasana akrab, jadwal fleksibel, dan risiko infeksi lebih rendah. Namun pastikan ada caregiver terlatih serta akses cepat ke fasilitas medis jika dibutuhkan.;GPT;D1_GPT_HealthPsycology250-268_50.json;awat banding rawat inap sakit untung home care ialah suasana akrab jadwal fleksibel risiko infeksi rendah caregiver akses cepat fasilitas medis butuh;1;0.4777357938592425;terapi - psikolog - takut - obat - dokter - mental - sehat - khawatir - tahu - ganggu;1_psikolog_terapi_dokter_takut;awat banding rawat inap sakit untung home care ialah suasana akrab jadwal fleksibel risiko infeksi rendah caregiver akses cepat fasilitas medis butuh
Dulu orang takut gangguan mental karena apa?;Cerita jaman dulu menarik banget! Sebelum Hippocrates sekitar 460-377 SM, orang sering takut gangguan mental karena dikira akibat setan atau dewa. Tapi Hippocrates bilang itu karena ketidakseimbangan cairan tubuh, kayak darah atau empedu. Itu langkah besar buat lihat masalah mental sebagai sesuatu yang alami. Keren, kan, gimana pemikiran berubah? Apa yang lagi bikin penasaran? Ceritain, yuk.;GROK;D2_GROK_DrAndrewClinicalPsychology150-170_38.json;takut ganggu mental jaman hippocrates takut ganggu mental akibat setan dewa hippocrates ketidakseimbangan cair tubuh darah empedu mental alami keren ubah penasaran;1;0.4770872438249689;terapi - psikolog - takut - obat - dokter - mental - sehat - khawatir - tahu - ganggu;1_psikolog_terapi_dokter_takut;takut ganggu mental jaman hippocrates takut ganggu mental akibat setan dewa hippocrates ketidakseimbangan cair tubuh darah empedu mental alami keren ubah penasaran
Aku kadang ngerasa malu ceritain masalahku ke dokter. Gimana caranya biar nggak malu?;Wajar banget kalau kamu merasa malu, karena ceritain hal pribadi itu nggak gampang. Tapi dokter dan konselor udah terlatih buat denger tanpa judge. Coba mulai dengan ceritain sedikit dulu, yang kamu nyaman, dan bilang kalau kamu nervous. Mereka biasanya bakal bantu kamu rileks. Apa yang bikin kamu malu ceritain ke dokter?;GROK;D12_GROK_ClinicalHandbookPsychologicalDisorders638-648_20.json;ngerasa malu dokter malu malu pribadi gampang dokter konselor udah denger judge nyaman nervous rileks malu dokter;1;0.4758526870615969;terapi - psikolog - takut - obat - dokter - mental - sehat - khawatir - tahu - ganggu;1_psikolog_terapi_dokter_takut;ngerasa malu dokter malu malu pribadi gampang dokter konselor udah denger judge nyaman nervous rileks malu dokter
Aku dengar ada orang yang dipaksa perawatan di rumah sendiri. Itu beneran ada? Aku takut banget kalau aku juga gitu.;Iya, sayangnya ada kebijakan di beberapa tempat yang namanya perawatan rawat jalan paksa, atau assisted outpatient treatment. Itu biasanya diterapkan buat orang yang dianggap nggak patuh minum obat, tapi ini kontroversial karena banyak yang merasa kehilangan kendali atas tubuh mereka. Kalau kamu khawatir, penting untuk tahu hakmu. Cari tahu aturan di tempatmu, dan kalau bisa, konsultasi dengan advokat kesehatan mental. Aku di sini buat bantu cari info kalau kamu perlu. Apa yang bikin kamu paling takut dari situasi ini?;GROK;D11_GROK_AHandbookfortheSMH490-500_20.json;dengar paksa awat sendiri beneran takut sayang bijak beberapa tempat nama awat rawat jalan paksa assisted outpatient treatment terap anggap patuh obat kontroversial hilang kendali tubuh khawatir penting tahu tahu atur tempat konsultasi advokat sehat mental info perlu paling takut situasi;1;0.4727227202299537;terapi - psikolog - takut - obat - dokter - mental - sehat - khawatir - tahu - ganggu;1_psikolog_terapi_dokter_takut;dengar paksa awat sendiri beneran takut sayang bijak beberapa tempat nama awat rawat jalan paksa assisted outpatient treatment terap anggap patuh obat kontroversial hilang kendali tubuh khawatir penting tahu tahu atur tempat konsultasi advokat sehat mental info perlu paling takut situasi
Kenapa saya merasa diagnosis ini tidak nyata dan sulit dipercaya?;Perasaan penyangkalan itu normal. Beri dirimu ruang untuk memproses kabar ini perlahan, sambil tetap terhubung dengan tenaga medis dan orang terdekat demi mendapatkan dukungan nyata.;GPT;D1_GPT_HealthPsycology250-268_50.json;diagnosis nyata sulit percaya sangkal beri diri ruang proses kabar perlahan tetap tenaga medis dekat dukung nyata;1;0.4722480257033177;terapi - psikolog - takut - obat - dokter - mental - sehat - khawatir - tahu - ganggu;1_psikolog_terapi_dokter_takut;diagnosis nyata sulit percaya sangkal beri diri ruang proses kabar perlahan tetap tenaga medis dekat dukung nyata
Aku dengar ada model yang sangat fokus pada penelitian. Apa itu clinical scientist?;Kamu penasaran sama yang ini, ya? Model clinical scientist memang beda karena sangat fokus pada penelitian. Richard McFall, seorang profesor psikologi, mempopulerkannya lewat artikelnya di tahun 1991. Dia bilang psikologi klinis harus berdasarkan ilmu yang kuat, kayak detektif yang pakai data untuk pecahin misteri pikiran manusia. Jadi, psikolog di model ini lebih banyak ngulik kenapa orang merasa atau bertindak tertentu, supaya cara bantuannya lebih tepat. Menurutmu, penting nggak sih pendekatan kayak gini buat bantu masalah seperti yang kamu alami?;GROK;D2_GROK_DrAndrewClinicalPsychology26-43_53.json;dengar model clinical scientist penasaran model clinical scientist richard mcfall profesor psikologi populer lewat artikel tahun psikologi klinis ilmu kuat detektif data pecahin misteri manusia psikolog model ngulik tindak tepat turut penting dekat alami;1;0.4720789257171214;terapi - psikolog - takut - obat - dokter - mental - sehat - khawatir - tahu - ganggu;-1_diri_takut_sendiri_kecil;dengar model clinical scientist penasaran model clinical scientist richard mcfall profesor psikologi populer lewat artikel tahun psikologi klinis ilmu kuat detektif data pecahin misteri manusia psikolog model ngulik tindak tepat turut penting dekat alami
Aku sering bingung dengan istilah medis. Apa yang sebaiknya kulakukan agar lebih paham?;Setelah dokter menjelaskan, ulangi dengan kata‑katamu sendiri dan minta klarifikasi: “Jadi maksudnya..., benar ya dok?” Cara ini membantu dokter menilai pemahamanmu dan mengoreksi bila perlu. Jangan ragu minta penjelasan sederhana atau materi tertulis.;GPT;D1_GPT_HealthPsycology184-208_50.json;istilah medis laku paham dokter jelas ulang kata kata sendiri minta klarifikasi dokter nilai paham koreksi bila perlu jangan ragu minta jelas sederhana materi;1;0.4708613915537941;terapi - psikolog - takut - obat - dokter - mental - sehat - khawatir - tahu - ganggu;1_psikolog_terapi_dokter_takut;istilah medis laku paham dokter jelas ulang kata kata sendiri minta klarifikasi dokter nilai paham koreksi bila perlu jangan ragu minta jelas sederhana materi
Apakah konsultasi daring cukup efektif?;Untuk evaluasi rutin atau tanya efek samping ringan, tele‑health sangat praktis. Namun gejala berat tetap perlu pemeriksaan langsung. Padukan keduanya sesuai saran dokter.;GPT;D1_GPT_HealthPsycology250-268_50.json;konsultasi daring cukup efektif evaluasi rutin efek ringan tele health praktis gejala berat tetap perlu periksa langsung padu sesuai saran dokter;1;0.470802689650542;terapi - psikolog - takut - obat - dokter - mental - sehat - khawatir - tahu - ganggu;1_psikolog_terapi_dokter_takut;konsultasi daring cukup efektif evaluasi rutin efek ringan tele health praktis gejala berat tetap perlu periksa langsung padu sesuai saran dokter
Bagaimana menyusun rencana perawatan cadangan?;Diskusikan bersama dokter mengenai opsi terapi, efek samping, dan kualitas hidup. Catat preferensimu lalu bagikan ke keluarga agar semua memahami skenario ‘jika‑maka’.;GPT;D1_GPT_HealthPsycology250-268_50.json;susun rencana awat cadang diskusi dokter kena opsi terapi efek kualitas hidup catat preferensi keluarga paham skenario;1;0.4705873185713674;terapi - psikolog - takut - obat - dokter - mental - sehat - khawatir - tahu - ganggu;1_psikolog_terapi_dokter_takut;susun rencana awat cadang diskusi dokter kena opsi terapi efek kualitas hidup catat preferensi keluarga paham skenario
Aku pengen nyuntik narkoba lagi biar lupa sama masalah HIV-ku. Apa salahnya sih?;Aku paham kalau kamu lagi merasa tertekan dan pengen lari dari masalah. Tapi, nyuntik narkoba lagi bisa bikin situasi lebih berisiko, baik buat kesehatanmu maupun orang lain. Alih-alih lari, coba kita cari cara lain untuk ngatasin perasaan ini, seperti bicara dengan konselor atau ikut program dukungan untuk pemulihan. Apa kamu mau aku bantu cari tahu program yang bisa bantu?;GROK;D11_GROK_AHandbookfortheSMH578-588_20.json;nyuntik narkoba lupa salah paham tekan lari nyuntik narkoba situasi risiko sehat maupun lari ngatasin bicara konselor program dukung pulih tahu program;1;0.4696263560647447;terapi - psikolog - takut - obat - dokter - mental - sehat - khawatir - tahu - ganggu;1_psikolog_terapi_dokter_takut;nyuntik narkoba lupa salah paham tekan lari nyuntik narkoba situasi risiko sehat maupun lari ngatasin bicara konselor program dukung pulih tahu program
Temanku bilang cukup pakai herbal tanpa ke psikolog. Apa aman?;Dukungan teman itu berharga, tapi keputusan medis idealnya berbasis bukti. Herbal bisa membantu, namun konsultasi profesional memastikan kamu mendapat penanganan menyeluruh, termasuk terapi bicara atau obat bila perlu.;GPT;D1_GPT_HealthPsycology168-183_30.json;teman cukup herbal psikolog dukung teman harga putus medis ideal bukti herbal konsultasi profesional tangan seluruh masuk terapi bicara obat bila perlu;1;0.4692779532483389;terapi - psikolog - takut - obat - dokter - mental - sehat - khawatir - tahu - ganggu;1_psikolog_terapi_dokter_takut;teman cukup herbal psikolog dukung teman harga putus medis ideal bukti herbal konsultasi profesional tangan seluruh masuk terapi bicara obat bila perlu
Emilia, aku dengar ada layanan yang namanya case management. Itu apa sih?;Case management itu seperti punya ‘pemandu’ yang membantu koordinasikan kebutuhanmu, misalnya nyambungin kamu ke dokter, terapis, atau layanan sosial. Tujuannya biar perawatanmu lebih teratur. Kalau kamu tertarik, kita bisa cari tahu apakah ada di daerahmu.;GROK;D11_GROK_AHandbookfortheSMH435-445_20.json;dengar nama case management case management pandu koordinasi butuh nyambungin dokter terap sosial tuju awat atur tahu daerah;1;0.4683856681395492;terapi - psikolog - takut - obat - dokter - mental - sehat - khawatir - tahu - ganggu;1_psikolog_terapi_dokter_takut;dengar nama case management case management pandu koordinasi butuh nyambungin dokter terap sosial tuju awat atur tahu daerah
Apa bedanya terapi interpersonal dengan curhat ke teman?;Terapis terlatih memetakan pola hubungan dan memberi umpan balik profesional, sambil tetap empatik. Teman mungkin tak punya kerangka objektif.;GPT;A1_GPT_PsikologiKepribadian102-118_50.json;terapi interpersonal curhat teman terap meta pola beri umpan balik profesional tetap empatik teman kerangka objektif;1;0.4682509436537596;terapi - psikolog - takut - obat - dokter - mental - sehat - khawatir - tahu - ganggu;-1_diri_takut_sendiri_kecil;terapi interpersonal curhat teman terap meta pola beri umpan balik profesional tetap empatik teman kerangka objektif
Aku ngerasa pinter di satu hal tapi lelet di lain. Apa tes ngerti ini?;Aku ngerti kamu ngerasa beda-beda kemampuanmu. Louis Thurstone bilang kecerdasan itu banyak aspek, kayak verbal, matematika, atau visual, yang nggak selalu nyambung. Tes kayak Wechsler atau SB5 lihat semua sisi ini, jadi bisa nangkep kalau kamu jago di satu hal tapi mungkin susah di lain. Ini bantu psikolog kasih saran yang pas. Mau ceritain apa yang bikin susah? Aku dengerin, kok.;GROK;D2_GROK_DrAndrewClinicalPsychology195-218_35.json;ngerasa pinter lelet ngerasa mampu louis thurstone cerdas aspek verbal matematika visual nyambung wechsler sisi nangkep jago susah psikolog saran susah dengerin;1;0.4671771701900923;terapi - psikolog - takut - obat - dokter - mental - sehat - khawatir - tahu - ganggu;1_psikolog_terapi_dokter_takut;ngerasa pinter lelet ngerasa mampu louis thurstone cerdas aspek verbal matematika visual nyambung wechsler sisi nangkep jago susah psikolog saran susah dengerin
Aku dewasa muda takut hubungan intim. Apa yang bisa kulakukan?;Terapi interpersonal membantu memahami ketakutan. Mulailah dengan keintiman emosional perlahan sebelum fisik.;GPT;A1_GPT_PsikologiKepribadian102-118_50.json;dewasa muda takut intim laku terapi interpersonal paham takut intim emosional perlahan fisik;1;0.4653886828122304;terapi - psikolog - takut - obat - dokter - mental - sehat - khawatir - tahu - ganggu;1_psikolog_terapi_dokter_takut;dewasa muda takut intim laku terapi interpersonal paham takut intim emosional perlahan fisik
Aku merasa nggak cocok sama budaya dokter di sini. Apa yang harus aku lakuin?;Pasti nggak nyaman kalau merasa nggak nyambung sama dokter. Mungkin kamu bisa cari dokter atau konselor yang lebih paham budayamu, atau yang bisa bahasa yang sama. Kalau susah, coba ceritain ke dokter apa yang bikin kamu nggak cocok, siapa tahu mereka bisa sesuain pendekatannya. Apa yang bikin kamu ngerasa nggak cocok? Cerita ke aku, yuk.;GROK;D11_GROK_AHandbookfortheSMH457-467_20.json;cocok dokter lakuin nyaman nyambung dokter dokter konselor paham bahasa susah dokter cocok siapa tahu sesuain dekat ngerasa cocok;1;0.4619779045582419;terapi - psikolog - takut - obat - dokter - mental - sehat - khawatir - tahu - ganggu;1_psikolog_terapi_dokter_takut;cocok dokter lakuin nyaman nyambung dokter dokter konselor paham bahasa susah dokter cocok siapa tahu sesuain dekat ngerasa cocok
Aku dengar tentang community mental health centers. Itu apa sih, Emilia?;Community mental health centers itu pusat layanan kesehatan mental berbasis komunitas, dirancang supaya orang bisa dapat perawatan lebih dekat dengan rumah mereka, nggak harus ke rumah sakit jiwa yang jauh. Mereka nyediain layanan kayak perawatan rawat jalan, darurat, sampai rehabilitasi. Tujuannya bikin perawatan lebih mudah diakses dan terkoordinasi. Kamu tertarik tahu lebih lanjut soal ini di daerahmu?;GROK;D11_GROK_AHandbookfortheSMH534-544_20.json;dengar community mental health centers community mental health centers pusat sehat mental rancang awat dekat sakit jiwa jauh nyediain awat rawat jalan darurat rehabilitasi tuju awat mudah akses koordinasi tahu lanjut daerah;1;0.4609746654200944;terapi - psikolog - takut - obat - dokter - mental - sehat - khawatir - tahu - ganggu;1_psikolog_terapi_dokter_takut;dengar community mental health centers community mental health centers pusat sehat mental rancang awat dekat sakit jiwa jauh nyediain awat rawat jalan darurat rehabilitasi tuju awat mudah akses koordinasi tahu lanjut daerah
Emilia, aku dengar soal mental health authorities. Itu apa ya?;Mental health authorities itu organisasi yang dibentuk buat ngatur dan koordinasikan layanan kesehatan mental di suatu daerah, biar lebih terorganisir dan akuntabel. Mereka ngurusin aspek klinis, keuangan, dan administrasi supaya orang dengan gangguan mental berat bisa dapat perawatan yang lebih baik. Kamu mau tahu lebih lanjut soal ini di tempatmu?;GROK;D11_GROK_AHandbookfortheSMH534-544_20.json;dengar mental health authorities mental health authorities organisasi bentuk ngatur koordinasi sehat mental suatu daerah organisir akuntabel ngurusin aspek klinis uang administrasi ganggu mental berat awat tahu lanjut tempat;1;0.4602609327593563;terapi - psikolog - takut - obat - dokter - mental - sehat - khawatir - tahu - ganggu;1_psikolog_terapi_dokter_takut;dengar mental health authorities mental health authorities organisasi bentuk ngatur koordinasi sehat mental suatu daerah organisir akuntabel ngurusin aspek klinis uang administrasi ganggu mental berat awat tahu lanjut tempat
Aku merasa kesulitan buat dapat bantuan untuk masalah kesehatan mentalku. Kayaknya sistemnya ribet banget, apa sih yang bisa aku lakukan?;Aku paham banget rasanya merasa bingung sama sistem yang rumit. Mungkin kamu bisa mulai dengan mencari pusat kesehatan mental di komunitas terdekat, seperti klinik atau layanan konseling. Kadang mereka punya tim yang bisa bantu koordinasikan kebutuhanmu, seperti akses ke dokter atau layanan lain. Kalau masih susah, coba hubungi hotline kesehatan mental lokal, mereka biasanya bisa kasih panduan langkah demi langkah. Apa kamu sudah coba cari info soal layanan di daerahmu?;GROK;D11_GROK_AHandbookfortheSMH545-555_20.json;sulit sehat mental ribet laku paham rumit pusat sehat mental dekat klinik konseling koordinasi butuh akses dokter susah hotline sehat mental lokal pandu info daerah;1;0.4598451388553803;terapi - psikolog - takut - obat - dokter - mental - sehat - khawatir - tahu - ganggu;1_psikolog_terapi_dokter_takut;sulit sehat mental ribet laku paham rumit pusat sehat mental dekat klinik konseling koordinasi butuh akses dokter susah hotline sehat mental lokal pandu info daerah
Apakah aman menggabungkan jamu herbal dengan obat resep psikiatri?;Konsultasikan selalu sebelum menambah herbal. Beberapa, seperti St. John’s Wort, dapat menurunkan efektivitas antidepresan SSRI dan meningkatkan risiko serotonin syndrome. Catat semua suplemen untuk diberikan ke dokter.;GPT;D1_GPT_HealthPsycology184-208_50.json;gabung jamu herbal obat resep psikiatri konsultasi tambah herbal beberapa john wort turun efektivitas antidepresan ssri tingkat risiko serotonin syndrome catat suplemen beri dokter;1;0.4587227487541727;terapi - psikolog - takut - obat - dokter - mental - sehat - khawatir - tahu - ganggu;1_psikolog_terapi_dokter_takut;gabung jamu herbal obat resep psikiatri konsultasi tambah herbal beberapa john wort turun efektivitas antidepresan ssri tingkat risiko serotonin syndrome catat suplemen beri dokter
Emilia, aku takut kalau gangguan mentalku bikin aku melakukan sesuatu yang nggak aku sadari, kayak menyakiti orang.;Aku paham ketakutanmu itu. Sebagian besar orang dengan gangguan mental nggak otomatis menyakiti orang, tapi kalau kamu khawatir soal ini, itu tanda kamu peduli sama orang lain. Coba bicara sama profesional buat evaluasi gejalamu dan buat rencana pencegahan, seperti terapi atau obat. Aku di sini buat nemenin, dan kita bisa pikirin langkah apa yang bikin kamu merasa lebih aman.;GROK;D11_GROK_AHandbookfortheSMH512-522_20.json;takut ganggu mental laku sakit paham takut ganggu mental otomatis sakit khawatir peduli bicara profesional evaluasi gejala rencana cegah terapi obat nemenin pikirin;1;0.4557297255685585;terapi - psikolog - takut - obat - dokter - mental - sehat - khawatir - tahu - ganggu;1_psikolog_terapi_dokter_takut;takut ganggu mental laku sakit paham takut ganggu mental otomatis sakit khawatir peduli bicara profesional evaluasi gejala rencana cegah terapi obat nemenin pikirin
Aku dengar tentang jaringan antarorganisasi, apa sih itu sebenarnya?;Jaringan antarorganisasi itu kayak kerja sama antara berbagai tempat yang ngurusin kesehatan mental, misalnya rumah sakit, klinik, atau komunitas. Mereka saling berbagi informasi atau sumber daya biar pelayanannya lebih terkoordinasi. Ini bantu biar kamu nggak perlu bolak-balik ke banyak tempat. Mau aku jelasin lebih detail?;GROK;D11_GROK_AHandbookfortheSMH523-533_20.json;dengar jaring antarorganisasi jaring antarorganisasi kerja tempat ngurusin sehat mental sakit klinik saling sumber daya koordinasi perlu bolak balik tempat jelasin detail;1;0.4556959957109196;terapi - psikolog - takut - obat - dokter - mental - sehat - khawatir - tahu - ganggu;1_psikolog_terapi_dokter_takut;dengar jaring antarorganisasi jaring antarorganisasi kerja tempat ngurusin sehat mental sakit klinik saling sumber daya koordinasi perlu bolak balik tempat jelasin detail
Aku takut kalau aku ceritain masalahku, nanti malah dikira bahaya dan dikunci di rumah sakit. Apa iya gitu?;Kekhawatiranmu itu valid, apalagi karena dulu banyak orang yang mengalami perawatan paksa tanpa alasan jelas. Sekarang, ada aturan yang lebih ketat soal rawat inap paksa, dan itu seharusnya cuma dilakukan kalau ada risiko nyata. Kalau kamu mau ceritain masalahmu, coba cari terapis atau konselor yang punya pendekatan berbasis pemulihan, yang fokusnya mendukung, bukan menghakimi. Kamu juga bisa tanya soal hakmu sebelum mulai. Apa yang bikin kamu takut cerita?;GROK;D11_GROK_AHandbookfortheSMH490-500_20.json;takut malah bahaya kunci sakit khawatir valid alami awat paksa alas jelas atur ketat rawat inap paksa laku risiko nyata terap konselor dekat pulih dukung bukan hakim takut;1;0.4550171281622381;terapi - psikolog - takut - obat - dokter - mental - sehat - khawatir - tahu - ganggu;1_psikolog_terapi_dokter_takut;takut malah bahaya kunci sakit khawatir valid alami awat paksa alas jelas atur ketat rawat inap paksa laku risiko nyata terap konselor dekat pulih dukung bukan hakim takut
Aku pengen bantu temenku yang lagi depresi, tapi aku takut salah ngomong. Apa yang harus aku lakuin?;Senang banget denger kamu peduli sama temenmu. Yang paling penting adalah dengerin dia tanpa menghakimi dan tawarin dukungan, kayak bilang, ‘Aku di sini buat kamu.’ Jangan memaksa dia buat cerita atau kasih solusi instan. Kalau dia terbuka, kamu bisa saranin layanan profesional atau hotline. Mau aku kasih contoh cara buka obrolan yang aman sama dia?;GROK;D11_GROK_AHandbookfortheSMH479-489_20.json;temenku depresi takut salah ngomong lakuin senang denger peduli temenmu paling penting dengerin hakim tawarin dukung jangan paksa solusi instan saranin profesional hotline contoh obrol;1;0.453955474148724;terapi - psikolog - takut - obat - dokter - mental - sehat - khawatir - tahu - ganggu;-1_diri_takut_sendiri_kecil;temenku depresi takut salah ngomong lakuin senang denger peduli temenmu paling penting dengerin hakim tawarin dukung jangan paksa solusi instan saranin profesional hotline contoh obrol
Aku takut kalau aku punya skizofrenia, bakal susah dapat obat HIV. Bener nggak sih?;Kekhawatiranmu itu wajar, tapi sebenarnya banyak orang dengan kondisi seperti skizofrenia masih bisa dapat perawatan HIV yang baik. Yang penting, kamu punya dokter atau tim medis yang ngerti kedua kondisi ini. Kalau kamu khawatir soal akses, coba bicara dengan pekerja sosial atau konselor yang bisa bantu navigasi sistem kesehatan. Apa kamu sudah punya dokter yang bisa dipercaya?;GROK;D11_GROK_AHandbookfortheSMH578-588_20.json;takut skizofrenia susah obat khawatir kondisi skizofrenia awat penting dokter medis kondisi khawatir akses bicara kerja sosial konselor navigasi sehat dokter percaya;1;0.4526028031871011;terapi - psikolog - takut - obat - dokter - mental - sehat - khawatir - tahu - ganggu;1_psikolog_terapi_dokter_takut;takut skizofrenia susah obat khawatir kondisi skizofrenia awat penting dokter medis kondisi khawatir akses bicara kerja sosial konselor navigasi sehat dokter percaya
Orang bilang aku cuma cari perhatian karena aku bilang aku depresi. Aku harus buktikan apa?;Ugh, itu pasti bikin kesal kalau orang bilang gitu. Kamu gak perlu buktikan apa-apa ke mereka. Depresi itu nyata, dan perasaanmu valid. Orang yang bilang begitu mungkin gak paham apa yang kamu alami. Fokus aja pada kesehatanmu, mungkin cari orang-orang yang mendukung atau profesional yang bisa bantu. Apa kamu punya seseorang yang bisa diajak cerita soal ini?;GROK;D11_GROK_AHandbookfortheSMH600-609_20.json;perhati depresi bukti kesal perlu bukti depresi nyata valid paham alami sehat dukung profesional;1;0.4523392095217187;terapi - psikolog - takut - obat - dokter - mental - sehat - khawatir - tahu - ganggu;1_psikolog_terapi_dokter_takut;perhati depresi bukti kesal perlu bukti depresi nyata valid paham alami sehat dukung profesional
Aku coba ke dokter, tapi kok nggak ada perubahan. Apa aku harus nyerah aja?;Frustrasi banget ya kalau udah coba tapi nggak ada hasil. Tapi nyerah mungkin bukan jawaban, karena tiap orang butuh pendekatan beda. Coba catat gejala yang masih ada, lalu bawa ke dokter untuk diskusi ulang, mungkin perlu pendekatan lain. Sambil itu, kita bisa coba relaksasi atau tujuan kecil kayak jalan kaki buat bantu mood. Mau coba catat gejalanya sekarang?;GROK;D12_GROK_ClinicalHandbookPsychologicalDisorders704-714_20.json;dokter ubah nyerah frustrasi udah hasil nyerah bukan butuh dekat catat gejala bawa dokter diskusi ulang perlu dekat relaksasi tuju kecil jalan kaki mood catat gejala;1;0.4521539539230572;terapi - psikolog - takut - obat - dokter - mental - sehat - khawatir - tahu - ganggu;1_psikolog_terapi_dokter_takut;dokter ubah nyerah frustrasi udah hasil nyerah bukan butuh dekat catat gejala bawa dokter diskusi ulang perlu dekat relaksasi tuju kecil jalan kaki mood catat gejala
Emilia, apa sih assertive community treatment itu? Aku dengar itu bagus.;Assertive community treatment itu pendekatan di mana tim multidisiplin, kayak dokter, perawat, dan pekerja sosial, kerja bareng buat bantu orang dengan gangguan mental berat langsung di komunitas mereka. Mereka proaktif, nggak cuma nunggu di kantor, dan fokus ke perawatan yang terkoordinasi. Ini bisa bagus buat yang butuh dukungan intensif. Kamu mau tahu lebih banyak soal ini?;GROK;D11_GROK_AHandbookfortheSMH534-544_20.json;assertive community treatment dengar bagus assertive community treatment dekat multidisiplin dokter awat kerja sosial kerja bareng ganggu mental berat langsung proaktif nunggu kantor awat koordinasi bagus butuh dukung intensif tahu;1;0.4508373978652003;terapi - psikolog - takut - obat - dokter - mental - sehat - khawatir - tahu - ganggu;1_psikolog_terapi_dokter_takut;assertive community treatment dengar bagus assertive community treatment dekat multidisiplin dokter awat kerja sosial kerja bareng ganggu mental berat langsung proaktif nunggu kantor awat koordinasi bagus butuh dukung intensif tahu
Aku denger soal praktik berbasis bukti, itu apa sih? Bisa bantu aku nggak ya?;Praktik berbasis bukti itu adalah cara-cara yang udah terbukti lewat penelitian bisa bantu orang dengan masalah kesehatan mental. Contohnya, ada program yang bantu orang dapet kerja, atau tim yang bantu ngelola pengobatan dan dukungan sosial. Ini biasanya lebih efektif karena udah dites dan terbukti berhasil. Kalau kamu tertarik, kamu bisa tanya ke dokter atau konselor apa ada program kayak gitu di daerahmu. Mau aku kasih tahu lebih banyak soal salah satu jenisnya?;GROK;D11_GROK_AHandbookfortheSMH545-555_20.json;denger praktik bukti praktik bukti udah bukti lewat sehat mental contoh program dapet kerja ngelola obat dukung sosial efektif udah bukti hasil dokter konselor program daerah tahu salah jenis;1;0.4490890266918496;terapi - psikolog - takut - obat - dokter - mental - sehat - khawatir - tahu - ganggu;1_psikolog_terapi_dokter_takut;denger praktik bukti praktik bukti udah bukti lewat sehat mental contoh program dapet kerja ngelola obat dukung sosial efektif udah bukti hasil dokter konselor program daerah tahu salah jenis
Aku dengar tentang community support program. Itu apa dan bisa bantu aku nggak?;Community Support Program itu program yang dirancang buat bantu orang dengan masalah mental serius, dengan layanan seperti terapi, dukungan sehari-hari, atau pelatihan kerja. Ini bisa jadi opsi bagus kalau kamu butuh bantuan jangka panjang. Mau aku bantu cari tahu apakah ada di daerahmu?;GROK;D11_GROK_AHandbookfortheSMH435-445_20.json;dengar community support program community support program program rancang mental serius terapi dukung kerja opsi bagus butuh jangka panjang tahu daerah;1;0.4485884005721786;terapi - psikolog - takut - obat - dokter - mental - sehat - khawatir - tahu - ganggu;1_psikolog_terapi_dokter_takut;dengar community support program community support program program rancang mental serius terapi dukung kerja opsi bagus butuh jangka panjang tahu daerah
Saya merasa dokter saya nggak ngerti kebutuhan mental saya. Bagaimana saya bisa pastikan kebutuhan psikologis saya didengar?;Kamu berhak didengar, dan saya tahu rasanya kalau merasa nggak dimengerti. Dokter yang baik seharusnya peduli sama kesehatan mentalmu, nggak cuma fisik. Coba siapin catatan sebelum ketemu dokter: tulis apa yang bikin kamu cemas atau sedih, dan ceritain dengan jelas. Kalau dokter nggak responsif, jangan ragu cari dokter lain atau tanya tentang konselor. Kamu juga bisa bawa temen atau keluarga untuk dukungan. Apa yang pengen kamu sampaikan ke dokter, dan apa yang bisa kamu lakukan untuk persiapan?;GROK;D1_GROK_HealthPsycology1-55_67.json;dokter butuh mental butuh psikologis dengar dengar tahu erti dokter peduli sehat mental fisik siapin catat dokter cemas sedih jelas dokter responsif jangan ragu dokter konselor bawa temen keluarga dukung dokter laku siap;1;0.4484013357983987;terapi - psikolog - takut - obat - dokter - mental - sehat - khawatir - tahu - ganggu;1_psikolog_terapi_dokter_takut;dokter butuh mental butuh psikologis dengar dengar tahu erti dokter peduli sehat mental fisik siapin catat dokter cemas sedih jelas dokter responsif jangan ragu dokter konselor bawa temen keluarga dukung dokter laku siap
Kadang aku ngerasa pengobatan dokter nggak cocok sama budayaku. Apa ada solusi?;Aku ngerti, kadang pengobatan medis bisa terasa asing. Ada pendekatan yang menggabungkan nilai budaya, kayak terapi yang melibatkan keluarga atau ritual yang sesuai sama tradisimu. Coba cari dokter atau terapis yang ngerti budaya kamu. Kamu punya tradisi apa yang penting buatmu?;GROK;D11_GROK_AHandbookfortheSMH171-181_20.json;ngerasa obat dokter cocok solusi obat medis asing dekat gabung nilai terapi libat keluarga ritual sesuai tradisi dokter terap tradisi penting;1;0.4481968256990668;terapi - psikolog - takut - obat - dokter - mental - sehat - khawatir - tahu - ganggu;1_psikolog_terapi_dokter_takut;ngerasa obat dokter cocok solusi obat medis asing dekat gabung nilai terapi libat keluarga ritual sesuai tradisi dokter terap tradisi penting
Emilia, aku pengen sembuh cepet. Apa aku harus ikut managed care biar cepet?;Aku paham kamu ingin sehat secepatnya, tapi managed care nggak selalu jaminan cepet sembuh karena sering fokus ke efisiensi. Recovery itu proses yang butuh waktu dan pendekatan yang sesuai buatmu. Mungkin kita bisa cari terapi atau dukungan yang lebih personal. Apa kamu mau ceritain lebih detail kebutuhanmu?;GROK;D11_GROK_AHandbookfortheSMH435-445_20.json;sembuh cepet managed care cepet paham sehat cepat managed care jamin cepet sembuh efisiensi recovery proses butuh dekat sesuai terapi dukung personal detail butuh;1;0.4472841047760469;terapi - psikolog - takut - obat - dokter - mental - sehat - khawatir - tahu - ganggu;1_psikolog_terapi_dokter_takut;sembuh cepet managed care cepet paham sehat cepat managed care jamin cepet sembuh efisiensi recovery proses butuh dekat sesuai terapi dukung personal detail butuh
Aku dengar ada yang namanya perawatan komunitas tegas, itu apa sih? Bisa bantu aku nggak?;Perawatan komunitas tegas itu semacam program di mana tim profesional datang langsung ke kamu buat bantu ngatasin masalah kesehatan mental. Mereka biasanya kerja bareng buat nyediain layanan kayak pengobatan, bantuan tempat tinggal, atau dukungan buat kerja. Ini cocok banget buat orang yang butuh bantuan intensif tapi nggak mau tinggal di rumah sakit. Kalau kamu merasa ini relevan, mungkin kamu bisa tanya ke pusat kesehatan mental terdekat apa mereka punya program kayak gitu. Mau aku jelasin lebih lanjut?;GROK;D11_GROK_AHandbookfortheSMH545-555_20.json;dengar nama awat tegas awat tegas macam program profesional datang langsung ngatasin sehat mental kerja bareng nyediain obat tempat tinggal dukung kerja cocok butuh intensif tinggal sakit relevan pusat sehat mental dekat program jelasin lanjut;1;0.4458260126134252;terapi - psikolog - takut - obat - dokter - mental - sehat - khawatir - tahu - ganggu;1_psikolog_terapi_dokter_takut;dengar nama awat tegas awat tegas macam program profesional datang langsung ngatasin sehat mental kerja bareng nyediain obat tempat tinggal dukung kerja cocok butuh intensif tinggal sakit relevan pusat sehat mental dekat program jelasin lanjut
Aku merasa nggak ada yang peduli sama orang-orang yang punya masalah mental berat. Apa bener gitu, Emilia?;Aku tahu rasanya bisa terasa begitu, tapi sebenarnya banyak orang dan organisasi yang berusaha peduli, meski sistemnya belum sempurna. Ada program kayak Community Support Program yang fokus bantu orang dengan gangguan mental berat lewat perawatan komunitas, dukungan sosial, dan bantuan keuangan. Cuma, tantangannya memang besar. Kalau kamu merasa sendirian, ceritain ke aku, ya, aku di sini buat dengerin.;GROK;D11_GROK_AHandbookfortheSMH534-544_20.json;peduli mental berat tahu organisasi usaha peduli sempurna program community support program ganggu mental berat lewat awat dukung sosial uang tantang sendiri dengerin;1;0.4455857674694655;terapi - psikolog - takut - obat - dokter - mental - sehat - khawatir - tahu - ganggu;1_psikolog_terapi_dokter_takut;peduli mental berat tahu organisasi usaha peduli sempurna program community support program ganggu mental berat lewat awat dukung sosial uang tantang sendiri dengerin
Apa sih bedanya perawatan rawat inap sama rawat jalan?;Rawat inap itu biasanya buat situasi yang lebih serius, di mana kamu tinggal di fasilitas kesehatan buat perawatan intensif. Rawat jalan lebih fleksibel, kamu datang ke klinik atau konselor, lalu pulang lagi. Keduanya punya manfaat tergantung kebutuhanmu. Mau aku bantu jelasin mana yang mungkin cocok buatmu?;GROK;D11_GROK_AHandbookfortheSMH523-533_20.json;awat rawat inap rawat jalan rawat inap situasi serius tinggal fasilitas sehat awat intensif rawat jalan fleksibel datang klinik konselor pulang manfaat butuh jelasin cocok;1;0.4441091195422537;terapi - psikolog - takut - obat - dokter - mental - sehat - khawatir - tahu - ganggu;1_psikolog_terapi_dokter_takut;awat rawat inap rawat jalan rawat inap situasi serius tinggal fasilitas sehat awat intensif rawat jalan fleksibel datang klinik konselor pulang manfaat butuh jelasin cocok
Emilia, aku dengar soal program buat orang yang homeless dan punya masalah mental. Apa itu?;Iya, ada program khusus yang coba bantu orang-orang yang homeless dan punya gangguan mental, kayak yang didukung Robert Wood Johnson Foundation. Mereka fokus ke perawatan, perumahan, dan dukungan sosial supaya orang bisa stabil. Ini penting karena homeless sering kesulitan akses layanan. Kamu lagi nyari info buat seseorang atau situasi tertentu?;GROK;D11_GROK_AHandbookfortheSMH534-544_20.json;dengar program homeless mental program khusus homeless ganggu mental dukung robert wood johnson foundation awat dukung sosial stabil penting homeless sulit akses nyari info situasi;1;0.4439352219344779;terapi - psikolog - takut - obat - dokter - mental - sehat - khawatir - tahu - ganggu;1_psikolog_terapi_dokter_takut;dengar program homeless mental program khusus homeless ganggu mental dukung robert wood johnson foundation awat dukung sosial stabil penting homeless sulit akses nyari info situasi
Aku takut kalau treatment nggak berhasil buatku. Apa yang harus aku pikirin sebelum mulai?;Wajar banget takut gagal, tapi treatment itu punya peluang berhasil kalau kamu komitmen. Sebelum mulai, pastiin kamu paham apa yang diharapkan, seperti jadwal klinik atau aturan minum obat. Tanyain ke dokter apa yang bisa bantu bikin treatment berhasil buatmu. Apa yang bikin kamu takut treatment nggak berhasil?;GROK;D12_GROK_ClinicalHandbookPsychologicalDisorders638-648_20.json;takut treatment hasil pikirin takut gagal treatment peluang hasil komitmen pastiin paham harap jadwal klinik atur obat tanyain dokter treatment hasil takut treatment hasil;1;0.4430070136181943;terapi - psikolog - takut - obat - dokter - mental - sehat - khawatir - tahu - ganggu;1_psikolog_terapi_dokter_takut;takut treatment hasil pikirin takut gagal treatment peluang hasil komitmen pastiin paham harap jadwal klinik atur obat tanyain dokter treatment hasil takut treatment hasil
Bagaimana menyampaikan kabar baik dengan realistis sebagai caregiver?;Gunakan kerangka 'harapan realistis': jelaskan kemajuan ukuran objektif (mis. hasil lab lebih baik), lalu beri rencana langkah selanjutnya. Hindari janji pasti sembuh, fokus pada apa yang bisa dikendalikan hari ini.;GPT;D1_GPT_HealthPsycology184-208_50.json;kabar realistis caregiver kerangka harap realistis jelas maju ukur objektif hasil beri rencana lanjut hindar janji sembuh kendali;1;0.4423824183255931;terapi - psikolog - takut - obat - dokter - mental - sehat - khawatir - tahu - ganggu;1_psikolog_terapi_dokter_takut;kabar realistis caregiver kerangka harap realistis jelas maju ukur objektif hasil beri rencana lanjut hindar janji sembuh kendali
Adakah cara meminta layanan badut medis di RS?;"Tanyakan ke bagian Humas atau psikolog anak; beberapa RS bekerjasama dengan komunitas clown doctor. Jadwal kunjungan biasanya rutin di hari tertentu.";GPT;D1_GPT_HealthPsycology184-208_50.json;minta badut medis humas psikolog anak beberapa bekerjasama clown doctor jadwal kunjung rutin;1;0.4421576998666276;terapi - psikolog - takut - obat - dokter - mental - sehat - khawatir - tahu - ganggu;1_psikolog_terapi_dokter_takut;minta badut medis humas psikolog anak beberapa bekerjasama clown doctor jadwal kunjung rutin
Dulu orang pikir gangguan mental itu apa sih?;Menarik banget, ya, cerita jaman dulu! Sekitar 460-377 SM, Hippocrates bilang gangguan mental bukan karena setan atau dewa, tapi karena ketidakseimbangan cairan tubuh, kayak darah atau empedu. Meski sekarang teorinya udah ketinggalan, dia bantu ubah cara orang lihat masalah mental jadi lebih ilmiah. Keren, kan, gimana pemikiran berkembang? Apa yang lagi bikin penasaran soal kesehatan mental? Ceritain, dong.;GROK;D2_GROK_DrAndrewClinicalPsychology150-170_38.json;ganggu mental jaman hippocrates ganggu mental bukan setan dewa ketidakseimbangan cair tubuh darah empedu teori udah tinggal ubah mental ilmiah keren kembang penasaran sehat mental;1;0.4416583904708913;terapi - psikolog - takut - obat - dokter - mental - sehat - khawatir - tahu - ganggu;1_psikolog_terapi_dokter_takut;ganggu mental jaman hippocrates ganggu mental bukan setan dewa ketidakseimbangan cair tubuh darah empedu teori udah tinggal ubah mental ilmiah keren kembang penasaran sehat mental
Aku takut kalau gangguan mentalku bikin aku nggak bisa hidup normal. Apa iya gangguan mental selalu bikin orang nggak berfungsi?;Nggak selalu kok. Gangguan mental memang bisa memengaruhi fungsi sehari-hari, tapi banyak orang dengan gangguan mental tetap bisa hidup produktif dengan dukungan yang tepat, seperti terapi atau pengobatan. Fokusnya sekarang lebih ke membantu orang menjalani hidup yang bermakna. Apa yang bikin kamu khawatir soal ini?;GROK;D11_GROK_AHandbookfortheSMH83-93_20.json;takut ganggu mental hidup ganggu mental fungsi ganggu mental pengaruh fungsi ganggu mental tetap hidup produktif dukung tepat terapi obat jalan hidup makna khawatir;1;0.4413604515164774;terapi - psikolog - takut - obat - dokter - mental - sehat - khawatir - tahu - ganggu;1_psikolog_terapi_dokter_takut;takut ganggu mental hidup ganggu mental fungsi ganggu mental pengaruh fungsi ganggu mental tetap hidup produktif dukung tepat terapi obat jalan hidup makna khawatir
Emilia, kenapa sih rumah sakit jiwa sekarang sepi? Apa orang nggak gila lagi?;Hehe, bukan gitu. Sekarang, banyak orang dengan masalah mental dirawat di komunitas atau klinik swasta, bukan rumah sakit jiwa. Obat-obatan psikotropika juga bantu orang tetap stabil tanpa perlu dirawat inap. Ini bikin orang bisa hidup lebih normal, tapi juga berarti kita harus lebih aware sama kesehatan mental di sekitar kita.;GROK;D11_GROK_AHandbookfortheSMH39-49_20.json;sakit jiwa sepi gila hehe bukan mental rawat klinik swasta bukan sakit jiwa obat obat psikotropika tetap stabil perlu rawat inap hidup arti aware sehat mental;1;0.4400520840145578;terapi - psikolog - takut - obat - dokter - mental - sehat - khawatir - tahu - ganggu;1_psikolog_terapi_dokter_takut;sakit jiwa sepi gila hehe bukan mental rawat klinik swasta bukan sakit jiwa obat obat psikotropika tetap stabil perlu rawat inap hidup arti aware sehat mental
Emilia, aku bingung, case management itu apa sih? Bisa bantu aku nggak?;Case management itu kayak punya seseorang yang bantu koordinasikan semua kebutuhan layananmu, misalnya nyambungin kamu ke dokter, terapis, atau bantuan sosial. Tujuannya biar kamu nggak bingung navigasi sistem yang rumit. Kalau kamu merasa butuh bantuan kayak gini, mungkin bisa cek di pusat kesehatan mental terdekat. Mau aku bantu cari info lebih lanjut?;GROK;D11_GROK_AHandbookfortheSMH534-544_20.json;case management case management koordinasi butuh nyambungin dokter terap sosial tuju navigasi rumit butuh pusat sehat mental dekat info lanjut;1;0.4397865133582883;terapi - psikolog - takut - obat - dokter - mental - sehat - khawatir - tahu - ganggu;1_psikolog_terapi_dokter_takut;case management case management koordinasi butuh nyambungin dokter terap sosial tuju navigasi rumit butuh pusat sehat mental dekat info lanjut
Aku merasa hidupku nggak seimbang. Apa psikolog klinis bisa bantu aku?;Kedengeran kamu lagi ngerasa hidupnya agak ‘oleng’, ya? Psikolog klinis bisa banget bantu. Mereka nggak cuma bantu atasi masalah besar, tapi juga bantu kamu menemukan keseimbangan dalam emosi, pikiran, atau kehidupan sehari-hari. Dengan ngobrol dan pake pendekatan yang berdasarkan ilmu, mereka bisa bantu kamu lihat gambaran besar dan cari langkah kecil buat bikin hidup lebih nyaman. Apa yang lagi bikin kamu ngerasa nggak seimbang? Ceritain sedikit, yuk.;GROK;D2_GROK_DrAndrewClinicalPsychology26-43_53.json;hidup imbang psikolog klinis kedengeran ngerasa hidup oleng psikolog klinis imbang emosi hidup pake dekat ilmu kecil hidup nyaman ngerasa imbang;1;0.4377889622706216;terapi - psikolog - takut - obat - dokter - mental - sehat - khawatir - tahu - ganggu;-1_diri_takut_sendiri_kecil;hidup imbang psikolog klinis kedengeran ngerasa hidup oleng psikolog klinis imbang emosi hidup pake dekat ilmu kecil hidup nyaman ngerasa imbang
Apakah gangguan berat masih bisa pulih lewat relasi suportif?;Ya, penelitian di St. Elizabeth Hospital menunjukkan perbaikan signifikan ketika pasien merasakan hubungan aman dan dimengerti.;GPT;A1_GPT_PsikologiKepribadian102-118_50.json;ganggu berat pulih lewat relasi suportif elizabeth hospital tunjuk signifikan pasien erti;1;0.4375108379598921;terapi - psikolog - takut - obat - dokter - mental - sehat - khawatir - tahu - ganggu;1_psikolog_terapi_dokter_takut;ganggu berat pulih lewat relasi suportif elizabeth hospital tunjuk signifikan pasien erti
Aku merasa bingung kenapa kadang orang di sekitarku bilang aku perlu ke dokter jiwa, tapi aku merasa baik-baik aja. Apa maksudnya ini?;Hmm, aku dengar kamu merasa bingung dengan komentar orang-orang. Kadang, orang di sekitar kita bisa melihat sesuatu yang mungkin kita sendiri nggak sadari, seperti perubahan perilaku atau emosi. Tapi, kalau kamu merasa baik-baik aja, itu juga valid. Mungkin coba refleksi dulu: ada nggak sih hal-hal kecil yang bikin kamu stres atau beda dari biasanya? Kalau mau cerita lebih, aku dengerin, kok.;GROK;D11_GROK_AHandbookfortheSMH457-467_20.json;perlu dokter jiwa dengar komentar sendiri ubah perilaku emosi valid refleksi kecil stres dengerin;1;0.4362310340170282;terapi - psikolog - takut - obat - dokter - mental - sehat - khawatir - tahu - ganggu;-1_diri_takut_sendiri_kecil;perlu dokter jiwa dengar komentar sendiri ubah perilaku emosi valid refleksi kecil stres dengerin
Perlukah saya membaca semua data kesembuhan di internet?;Cukup pahami garis besar dari sumber tepercaya lalu fokus pada rencana pribadi. Ingat, setiap orang memiliki perjalanan kesehatan unik.;GPT;D1_GPT_HealthPsycology250-268_50.json;perlu baca data sembuh internet cukup paham garis sumber percaya rencana pribadi ingat milik jalan sehat unik;1;0.4356706467710527;terapi - psikolog - takut - obat - dokter - mental - sehat - khawatir - tahu - ganggu;1_psikolog_terapi_dokter_takut;perlu baca data sembuh internet cukup paham garis sumber percaya rencana pribadi ingat milik jalan sehat unik
Ujian EPPP itu apa sih? Susah nggak buat psikolog?;Ujian EPPP, atau Examination for Professional Practice in Psychology, itu ujian wajib buat psikolog klinis biar bisa berlisensi. Ini ujian besar yang ngetes pengetahuan mereka soal psikologi, dari teori sampe cara bantu klien, dan ya, lumayan susah karena luas banget. Plus, ada ujian negara bagian soal hukum dan etika. Tapi ini semua supaya mereka bener-bener siap bantu kamu dengan profesional. Keren, kan, betapa seriusnya mereka? Apa yang pengen kamu tanyain soal kualifikasi psikolog?;GROK;D2_GROK_DrAndrewClinicalPsychology26-43_53.json;eppp susah psikolog eppp examination professional practice psychology wajib psikolog klinis lisensi ngetes tahu psikologi teori sampe klien lumayan susah luas plus negara hukum etika siap profesional keren betapa serius tanyain kualifikasi psikolog;1;0.4353722414751463;terapi - psikolog - takut - obat - dokter - mental - sehat - khawatir - tahu - ganggu;1_psikolog_terapi_dokter_takut;eppp susah psikolog eppp examination professional practice psychology wajib psikolog klinis lisensi ngetes tahu psikologi teori sampe klien lumayan susah luas plus negara hukum etika siap profesional keren betapa serius tanyain kualifikasi psikolog
Apa psikolog ngecek apa yang mereka lakuin bener apa nggak?;Pasti! Psikolog klinis nggak cuma bantu klien, mereka juga neliti kerja mereka sendiri, kayak apa yang mereka lakuin, apa yang mereka percaya, atau gimana praktik mereka. Misalnya, mereka cek apakah mereka ngobrolin budaya sama klien atau apa pendapat mereka soal isu tertentu. Ini bikin mereka kerja lebih baik buat kamu. Apa yang lagi bikin penasaran soal psikolog? Ceritain, dong.;GROK;D2_GROK_DrAndrewClinicalPsychology131-148_47.json;psikolog ngecek lakuin psikolog klinis klien neliti kerja sendiri lakuin percaya praktik ngobrolin klien kerja penasaran psikolog;1;0.4353276385516008;terapi - psikolog - takut - obat - dokter - mental - sehat - khawatir - tahu - ganggu;1_psikolog_terapi_dokter_takut;psikolog ngecek lakuin psikolog klinis klien neliti kerja sendiri lakuin percaya praktik ngobrolin klien kerja penasaran psikolog
Bagaimana caranya meminta validasi profesional?;Catat gejala, durasi, dan pemicu sebelum konsultasi. Informasi terstruktur memudahkan psikolog menilai secara akurat.;GPT;A1_GPT_EmotionalFirstAid23-45_50.json;minta validasi profesional catat gejala durasi picu konsultasi struktur mudah psikolog nilai akurat;1;0.4340586640419052;terapi - psikolog - takut - obat - dokter - mental - sehat - khawatir - tahu - ganggu;1_psikolog_terapi_dokter_takut;minta validasi profesional catat gejala durasi picu konsultasi struktur mudah psikolog nilai akurat
Bagaimana cara meminta penjelasan medis tanpa malu?;Tulis daftar pertanyaan sebelum konsultasi, mulai dengan ‘Saya butuh memahami agar bisa mengikuti arahan dokter’. Profesional medis terbiasa menjawab.;GPT;D1_GPT_HealthPsycology152-167_50.json;minta jelas medis malu daftar konsultasi butuh paham arah dokter profesional medis;1;0.4327268669863969;terapi - psikolog - takut - obat - dokter - mental - sehat - khawatir - tahu - ganggu;1_psikolog_terapi_dokter_takut;minta jelas medis malu daftar konsultasi butuh paham arah dokter profesional medis
Aku suka bereksperimen dengan cara berpikirku, apa metode eksperimental itu cocok untukku?;Metode eksperimental itu memang seru, karena kamu bisa coba-coba sesuatu dengan sengaja untuk lihat efeknya. Misalnya, kalau kamu ingin tahu apa yang bikin kamu lebih rileks, kamu bisa coba teknik pernapasan selama seminggu, lalu bandingkan dengan minggu biasa. Dalam psikologi, metode ini pakai kelompok kontrol supaya hasilnya jelas. Kalau kamu suka eksplorasi, mungkin kita bisa pikirkan ‘eksperimen’ kecil untuk pikiranmu. Apa yang pengen kamu coba?;GROK;D3_GROK_PengantarPsikologiAdnan47-57_20.json;eksperimen metode eksperimental cocok metode eksperimental seru sengaja efek tahu rileks teknik lama minggu banding minggu psikologi metode kelompok kontrol hasil jelas eksplorasi eksperimen kecil;1;0.4312472732879733;terapi - psikolog - takut - obat - dokter - mental - sehat - khawatir - tahu - ganggu;1_psikolog_terapi_dokter_takut;eksperimen metode eksperimental cocok metode eksperimental seru sengaja efek tahu rileks teknik lama minggu banding minggu psikologi metode kelompok kontrol hasil jelas eksplorasi eksperimen kecil
Aku merasa orang-orang di sekitar aku takut sama aku karena aku pernah dirawat di rumah sakit jiwa. Gimana cara ngatasinnya?;Itu pasti bikin sedih, ya. Stigma memang bisa bikin orang salah paham. Coba dekati mereka perlahan dengan sikap terbuka, misalnya ajak ngobrol ringan. Kalau mereka tetap menjaga jarak, cari komunitas yang lebih menerima, seperti kelompok dukungan kesehatan mental. Yang terpenting, kamu nggak perlu membuktikan apa-apa ke siapapun. Aku di sini untuk dukung kamu.;GROK;D11_GROK_AHandbookfortheSMH501-511_20.json;takut rawat sakit jiwa ngatasinnya sedih stigma salah paham dekat perlahan sikap ringan tetap jaga jarak terima kelompok dukung sehat mental penting perlu bukti siapa dukung;1;0.4305956837407929;terapi - psikolog - takut - obat - dokter - mental - sehat - khawatir - tahu - ganggu;1_psikolog_terapi_dokter_takut;takut rawat sakit jiwa ngatasinnya sedih stigma salah paham dekat perlahan sikap ringan tetap jaga jarak terima kelompok dukung sehat mental penting perlu bukti siapa dukung
Aku suka self‑diagnose lewat internet dan malah makin cemas. Tipsnya dong!;Batasi sumber ke situs tepercaya (mis. WHO, Kemenkes), gunakan ‘rule of three’: cari minimal 3 sumber kredibel sebelum menarik kesimpulan. Jika artikel membuat cemas, diskusikan dengan profesional, bukan simpan sendiri.;GPT;D1_GPT_HealthPsycology168-183_30.json;self diagnose lewat internet malah makin cemas tipsnya batas sumber situs percaya kemenkes rule three minimal sumber kredibel simpul artikel cemas diskusi profesional bukan simpan sendiri;1;0.4304473100600302;terapi - psikolog - takut - obat - dokter - mental - sehat - khawatir - tahu - ganggu;1_psikolog_terapi_dokter_takut;self diagnose lewat internet malah makin cemas tipsnya batas sumber situs percaya kemenkes rule three minimal sumber kredibel simpul artikel cemas diskusi profesional bukan simpan sendiri
Kadang aku merasa pengen nyoba obat lagi, meskipun aku udah janji buat berhenti. Normal nggak sih?;Perasaan itu memang sering muncul, dan itu nggak berarti kamu gagal. Keinginan buat pakai obat lagi itu bagian dari proses pemulihan, karena otakmu udah terbiasa sama obat itu. Penting banget buat punya strategi, seperti ngobrol sama orang yang mendukungmu atau alihin perhatian ke aktivitas yang kamu suka. Apa yang biasanya bikin kamu pengen nyoba lagi? Mungkin kita bisa pikirin cara hadapinnya bareng.;GROK;D12_GROK_ClinicalHandbookPsychologicalDisorders638-648_20.json;nyoba obat udah janji henti muncul arti gagal obat proses pulih otak udah obat penting strategi dukung alihin perhati aktivitas nyoba pikirin hadapinnya bareng;1;0.4298522776564238;terapi - psikolog - takut - obat - dokter - mental - sehat - khawatir - tahu - ganggu;1_psikolog_terapi_dokter_takut;nyoba obat udah janji henti muncul arti gagal obat proses pulih otak udah obat penting strategi dukung alihin perhati aktivitas nyoba pikirin hadapinnya bareng
Bagaimana berdiskusi tentang integrative care tanpa membuat dokter tersinggung?;Sampaikan niat kolaboratif: “Dok, saya tertarik menambah meditasi/pijat untuk bantu pemulihan, apakah aman berdampingan dengan obat ini?” Dokter akan menghargai keterbukaan.;GPT;D1_GPT_HealthPsycology184-208_50.json;diskus integrative care dokter singgung niat kolaboratif tambah meditasi pijat pulih damping obat dokter harga;1;0.4294160754920014;terapi - psikolog - takut - obat - dokter - mental - sehat - khawatir - tahu - ganggu;1_psikolog_terapi_dokter_takut;diskus integrative care dokter singgung niat kolaboratif tambah meditasi pijat pulih damping obat dokter harga
Aku dari keluarga yang nggak biasa ke dokter jiwa. Gimana caranya aku mulai?;Aku ngerti, kalau keluarga nggak biasa ke dokter jiwa, rasanya kayak langkah besar. Mungkin coba mulai dari ngobrol sama konselor di komunitas atau layanan online, biar nggak terasa terlalu formal. Atau, cek info soal kesehatan mental biar kamu lebih paham. Apa yang bikin kamu pengen coba? Aku dukung, kok!;GROK;D11_GROK_AHandbookfortheSMH457-467_20.json;keluarga dokter jiwa keluarga dokter jiwa konselor terlalu formal info sehat mental paham dukung;1;0.4289877434139037;terapi - psikolog - takut - obat - dokter - mental - sehat - khawatir - tahu - ganggu;1_psikolog_terapi_dokter_takut;keluarga dokter jiwa keluarga dokter jiwa konselor terlalu formal info sehat mental paham dukung
Aku denger ada program yang bantu orang dapet kerja meski punya masalah mental, itu beneran ada nggak?;Beneran ada! Ada program yang disebut dukungan kerja, bagian dari praktik berbasis bukti, yang bantu orang dengan masalah kesehatan mental buat dapet dan ngejaga pekerjaan. Mereka biasanya ngasih pelatihan atau bantuan buat nyari kerja yang cocok. Kalau kamu tertarik, coba tanya ke pusat kesehatan mental atau organisasi komunitas di daerahmu apa mereka punya program kayak gitu. Mau aku bantu kasih info lebih lanjut?;GROK;D11_GROK_AHandbookfortheSMH545-555_20.json;denger program dapet kerja mental beneran beneran program sebut dukung kerja praktik bukti sehat mental dapet ngejaga kerja ngasih nyari kerja cocok pusat sehat mental organisasi daerah program info lanjut;1;0.4284754271781437;terapi - psikolog - takut - obat - dokter - mental - sehat - khawatir - tahu - ganggu;1_psikolog_terapi_dokter_takut;denger program dapet kerja mental beneran beneran program sebut dukung kerja praktik bukti sehat mental dapet ngejaga kerja ngasih nyari kerja cocok pusat sehat mental organisasi daerah program info lanjut
Anakku 6 tahun akan dioperasi. Cara apa yang efektif mempersiapkannya?;Tonton bersama video animasi tentang proses operasi anak, lalu lakukan role‑play dokter‑pasien dengan boneka. Jelaskan jadwal kunjunganmu agar ia tahu kapan Mama akan ada di sampingnya.;GPT;D1_GPT_HealthPsycology184-208_50.json;anak tahun operasi efektif siap tonton animasi proses operasi anak laku role play dokter pasien boneka jelas jadwal kunjung tahu kapan mama;1;0.4281112597826843;terapi - psikolog - takut - obat - dokter - mental - sehat - khawatir - tahu - ganggu;1_psikolog_terapi_dokter_takut;anak tahun operasi efektif siap tonton animasi proses operasi anak laku role play dokter pasien boneka jelas jadwal kunjung tahu kapan mama
Aku khawatir identitasku tidak diakui dalam sistem kesehatan mental. Apa yang bisa kulakukan?;"Carilah profesional yang menerapkan terapi sensitif budaya dan gender. Berikan masukan; suara klien membantu perbaikan sistem.";GPT;D2_GPT_DrAndrewClinicalPsychology44-64_60.json;khawatir identitas sehat mental laku profesional terap terapi sensitif gender ikan masuk klien;1;0.4278583649748857;terapi - psikolog - takut - obat - dokter - mental - sehat - khawatir - tahu - ganggu;1_psikolog_terapi_dokter_takut;khawatir identitas sehat mental laku profesional terap terapi sensitif gender ikan masuk klien
Aku takut ditanya hal yang susah. Pertanyaan psikolog kayak apa sih?;Aku ngerti takutnya ditanya hal yang bikin bingung. John Sommers-Flanagan dan Rita Sommers-Flanagan bilang psikolog pake dua jenis pertanyaan: terbuka, kayak ‘Bisa ceritain lebih banyak soal perasaanmu?’, yang biarin kamu cerita panjang, atau tertutup, kayak ‘Kamu cemas tiap hari?’, yang jawabannya singkat. Mereka pilih yang bikin kamu nyaman. Mau ceritain apa yang bikin takut soal wawancara? Aku dengerin, kok.;GROK;D2_GROK_DrAndrewClinicalPsychology171-194_44.json;takut susah psikolog takut john sommers flanagan rita sommers flanagan psikolog pake jenis biarin panjang tutup cemas singkat pilih nyaman takut wawancara dengerin;1;0.427079113707897;terapi - psikolog - takut - obat - dokter - mental - sehat - khawatir - tahu - ganggu;1_psikolog_terapi_dokter_takut;takut susah psikolog takut john sommers flanagan rita sommers flanagan psikolog pake jenis biarin panjang tutup cemas singkat pilih nyaman takut wawancara dengerin
Aku denger ada program yang orang-orang kayak aku bisa bantu orang lain. Itu beneran ada? Aku pengen coba.;Iya, itu beneran ada! Program kayak konseling sebaya atau peer support sekarang banyak dijalankan oleh komunitas kesehatan mental. Orang dengan pengalaman serupa dilatih untuk bantu orang lain, dan ini sering bikin perubahan besar karena mereka ngerti apa yang kamu rasain. Di beberapa tempat, ada sertifikasi resmi untuk peer counselor. Kalau kamu tertarik, coba cari komunitas konsumen di daerahmu atau tanya ke pusat kesehatan mental. Aku bisa bantu cari info kalau kamu mau. Apa yang bikin kamu pengen coba ini?;GROK;D11_GROK_AHandbookfortheSMH490-500_20.json;denger program beneran beneran program konseling baya peer support jalan sehat mental alam rupa ubah rasain beberapa tempat sertifikasi resmi peer counselor konsumen daerah pusat sehat mental info;1;0.4269157979439264;terapi - psikolog - takut - obat - dokter - mental - sehat - khawatir - tahu - ganggu;1_psikolog_terapi_dokter_takut;denger program beneran beneran program konseling baya peer support jalan sehat mental alam rupa ubah rasain beberapa tempat sertifikasi resmi peer counselor konsumen daerah pusat sehat mental info
Aku takut banget kalo gejalaku kambuh lagi. Ada cara nggak biar aku nggak kambuh?;Aku ngerti ketakutan itu, pasti nggak enak banget. Buat cegah kambuh, penelitian bilang CBT yang fokus ke pencegahan kambuh bisa bantu, misalnya dengan kenali tanda-tanda awal, kayak susah tidur atau curiga berlebihan. Juga, patuh minum obat dan punya rutinitas sehat penting banget. Apa kamu punya dokter atau terapis yang bisa bantu bikin rencana pencegahan? Kalau mau, aku bisa bantu susun daftar tanda-tanda yang perlu diwaspadai.;GROK;D12_GROK_ClinicalHandbookPsychologicalDisorders539-549_20.json;takut kalo gejala kambuh kambuh takut enak cegah kambuh cegah kambuh kenal awal susah tidur curiga patuh obat sehat penting dokter terap rencana cegah susun daftar perlu waspada;1;0.426754556650259;terapi - psikolog - takut - obat - dokter - mental - sehat - khawatir - tahu - ganggu;1_psikolog_terapi_dokter_takut;takut kalo gejala kambuh kambuh takut enak cegah kambuh cegah kambuh kenal awal susah tidur curiga patuh obat sehat penting dokter terap rencana cegah susun daftar perlu waspada
Aku merasa layanan kesehatan mental cuma buang-buang waktu. Emilia, apa bener gitu?;Aku mengerti kenapa kamu bisa merasa begitu, apalagi kalau pengalamanmu nggak memuaskan. Tapi, nggak semua layanan sama. Ada yang bener-bener membantu, kayak program yang fokus ke kebutuhan spesifik, misalnya case management atau tim komunitas. Mungkin ceritain apa yang bikin kamu kecewa, biar aku bantu kasih perspektif atau saran?;GROK;D11_GROK_AHandbookfortheSMH534-544_20.json;sehat mental buang buang erti alam muas program butuh spesifik case management kecewa perspektif saran;1;0.4240902757829341;terapi - psikolog - takut - obat - dokter - mental - sehat - khawatir - tahu - ganggu;1_psikolog_terapi_dokter_takut;sehat mental buang buang erti alam muas program butuh spesifik case management kecewa perspektif saran
Aku merasa hidupku berantakan. Harus ke psikolog klinis atau konseling?;Hidup berantakan itu pasti bikin lelah, ya. Kalau kamu ngerasa masalahmu cukup berat, kayak emosi atau perilaku yang bikin susah berfungsi, psikolog klinis mungkin lebih pas karena mereka biasa bantu kasus yang lebih kompleks. Psikolog konseling lebih cocok kalau masalahnya soal karir atau keputusan hidup sehari-hari. Tapi nggak ada salahnya coba ngobrol sama salah satu dulu. Coba ceritain apa yang bikin hidupmu berantakan, biar aku bantu pikirkan langkahnya.;GROK;D2_GROK_DrAndrewClinicalPsychology26-43_53.json;hidup beranta psikolog klinis konseling hidup beranta lelah ngerasa cukup berat emosi perilaku susah fungsi psikolog klinis kasus kompleks psikolog konseling cocok karir putus hidup salah salah hidup beranta;1;0.4239552144316025;terapi - psikolog - takut - obat - dokter - mental - sehat - khawatir - tahu - ganggu;-1_diri_takut_sendiri_kecil;hidup beranta psikolog klinis konseling hidup beranta lelah ngerasa cukup berat emosi perilaku susah fungsi psikolog klinis kasus kompleks psikolog konseling cocok karir putus hidup salah salah hidup beranta
Aku takut nggak nyaman sama psikolog. Gimana caranya mereka bikin aku betah?;Aku ngerti takutnya nggak klik sama psikolog. John Sommers-Flanagan dan Rita Sommers-Flanagan bilang rapport itu kunci, artinya psikolog bikin suasana nyaman biar kamu ngerasa aman cerita. Mereka mungkin ngobrol ringan dulu atau nunjukin empati biar kamu ngerasa didenger. Ini bikin kamu lebih gampang buka diri. Mau ceritain apa yang bikin takut soal wawancara? Aku dengerin, kok.;GROK;D2_GROK_DrAndrewClinicalPsychology171-194_44.json;takut nyaman psikolog betah takut klik psikolog john sommers flanagan rita sommers flanagan rapport kunci arti psikolog suasana nyaman ngerasa ringan nunjukin empati ngerasa didenger gampang diri takut wawancara dengerin;1;0.4229985291223767;terapi - psikolog - takut - obat - dokter - mental - sehat - khawatir - tahu - ganggu;1_psikolog_terapi_dokter_takut;takut nyaman psikolog betah takut klik psikolog john sommers flanagan rita sommers flanagan rapport kunci arti psikolog suasana nyaman ngerasa ringan nunjukin empati ngerasa didenger gampang diri takut wawancara dengerin
Bagaimana membaca bahasa tubuh dokter saat konsultasi online?;Perhatikan nada suara, kejelasan penjelasan, dan kesabaran menanggapi pertanyaan. Meski kamera membatasi gerak, dokter yang peduli tetap terdengar hangat dan responsif.;GPT;D1_GPT_HealthPsycology184-208_50.json;baca bahasa tubuh dokter konsultasi perhati jelas jelas sabar tanggap kamera batas gerak dokter peduli tetap dengar hangat responsif;1;0.4224225432843655;terapi - psikolog - takut - obat - dokter - mental - sehat - khawatir - tahu - ganggu;1_psikolog_terapi_dokter_takut;baca bahasa tubuh dokter konsultasi perhati jelas jelas sabar tanggap kamera batas gerak dokter peduli tetap dengar hangat responsif
Saya punya teman yang mencoba narkoba untuk merasa 'senang'. Apakah itu berbahaya bagi otak?;Sangat berbahaya. Narkoba seperti heroin, kokain, atau sabu bisa merusak kemampuan berpikir, memori, dan kendali diri. Efeknya permanen meskipun sudah berhenti memakai. Selain itu, narkoba menimbulkan kecanduan dan masalah sosial. Jika ada orang yang sudah menggunakannya, sebaiknya segera mencari bantuan profesional atau pusat rehabilitasi. Tidak ada kondisi di mana narkoba jadi solusi yang aman.;GPT;D13_GPT_BrainPower13-23_11.json;teman narkoba senang bahaya otak bahaya narkoba heroin kokain sabu rusak mampu memori kendali diri efek permanen henti narkoba timbul candu sosial segera profesional pusat rehabilitasi kondisi narkoba solusi;1;0.4218634129246487;terapi - psikolog - takut - obat - dokter - mental - sehat - khawatir - tahu - ganggu;1_psikolog_terapi_dokter_takut;teman narkoba senang bahaya otak bahaya narkoba heroin kokain sabu rusak mampu memori kendali diri efek permanen henti narkoba timbul candu sosial segera profesional pusat rehabilitasi kondisi narkoba solusi
Aku takut wawancara sama psikolog. Apa sih wawancara klinis itu?;Aku ngerti banget kalau wawancara bisa bikin deg-degan. Wawancara klinis itu kayak obrolan sama psikolog buat ngerti lebih dalam apa yang lagi kamu rasain, kayak masalah atau perasaanmu. Menurut penelitian, hampir semua psikolog pake ini karena bantu mereka kasih gambaran yang jelas soal kondisimu. Tenang, psikolog biasanya bikin suasana nyaman. Mau ceritain apa yang bikin takut soal wawancara? Aku dengerin, kok.;GROK;D2_GROK_DrAndrewClinicalPsychology171-194_44.json;takut wawancara psikolog wawancara klinis wawancara degan wawancara klinis obrol psikolog rasain turut hampir psikolog pake jelas kondisi tenang psikolog suasana nyaman takut wawancara dengerin;1;0.4208945226839067;terapi - psikolog - takut - obat - dokter - mental - sehat - khawatir - tahu - ganggu;1_psikolog_terapi_dokter_takut;takut wawancara psikolog wawancara klinis wawancara degan wawancara klinis obrol psikolog rasain turut hampir psikolog pake jelas kondisi tenang psikolog suasana nyaman takut wawancara dengerin
Aku takut psikologku ngomong sesuatu yang bikin aku ngerasa nggak dihargai. Apa risiko itu ada?;Aku ngerti kamu takut ngerasa nggak dihargai. Mikroagresi itu komentar kecil yang tanpa sengaja bisa bikin kamu ngerasa tersinggung, kayak psikolog ngira kamu pasti ngikutin stereotip budayamu. Psikolog yang kompeten belajar buat hindarin ini dengan paham budayamu lebih dalam. Kalau kamu ngerasa gitu, coba bilang ke mereka. Apa yang lagi bikin khawatir soal terapi? Ceritain, dong.;GROK;D2_GROK_DrAndrewClinicalPsychology84-107_47.json;takut psikolog ngomong ngerasa harga risiko takut ngerasa harga mikroagresi komentar kecil sengaja ngerasa singgung psikolog ngira ngikutin stereotip psikolog kompeten hindarin paham ngerasa khawatir terapi;1;0.4206842796399695;terapi - psikolog - takut - obat - dokter - mental - sehat - khawatir - tahu - ganggu;1_psikolog_terapi_dokter_takut;takut psikolog ngomong ngerasa harga risiko takut ngerasa harga mikroagresi komentar kecil sengaja ngerasa singgung psikolog ngira ngikutin stereotip psikolog kompeten hindarin paham ngerasa khawatir terapi
Aku merasa kesepian meski ada orang di sekitarku. Kenapa ya?;Kesepian nggak selalu soal jumlah orang, tapi lebih ke koneksi yang kita rasakan. Coba cari satu orang yang kamu percaya untuk ngobrol lebih dalam, atau ikut kegiatan yang sesuai minatmu. Kadang, langkah kecil seperti berbagi cerita bisa bikin perubahan. Kalau ini terus ada, psikolog bisa membantu memahami lebih dalam. Apa yang bikin kamu merasa terhubung dengan orang lain?;GROK;D3_GROK_PengantarPsikologiAdnan25-35_20.json;sepi sepi jumlah koneksi percaya giat sesuai kecil ubah terus psikolog paham;1;0.4184946855783036;terapi - psikolog - takut - obat - dokter - mental - sehat - khawatir - tahu - ganggu;-1_diri_takut_sendiri_kecil;sepi sepi jumlah koneksi percaya giat sesuai kecil ubah terus psikolog paham
Apa sumber terpercaya untuk membaca review ilmiah terapi alternatif?;Cek database Cochrane, NCCIH (NIH), dan jurnal peer‑review seperti 'Complementary Therapies in Medicine'. Hindari blog tanpa referensi.;GPT;D1_GPT_HealthPsycology184-208_50.json;sumber percaya baca review ilmiah terapi alternatif database cochrane nccih jurnal peer review complementary therapies medicine hindar blog referensi;1;0.418323787418945;terapi - psikolog - takut - obat - dokter - mental - sehat - khawatir - tahu - ganggu;1_psikolog_terapi_dokter_takut;sumber percaya baca review ilmiah terapi alternatif database cochrane nccih jurnal peer review complementary therapies medicine hindar blog referensi
Emilia, aku merasa nggak dilibatin sama sekali sama penyedia layanan kesehatan mental. Apa yang salah?;Aku paham, merasa nggak dilibatin bisa bikin frustrasi. Idealnya, penyedia layanan harus melibatkan kamu dalam rencana perawatan, karena kamu yang paling tahu kebutuhanmu. Mungkin coba komunikasikan ke mereka apa yang kamu rasain, atau cari penyedia yang lebih kolaboratif. Kalau mau, ceritain lebih detail, aku bisa bantu kasih saran.;GROK;D11_GROK_AHandbookfortheSMH534-544_20.json;dilibatin sekali sedia sehat mental salah paham dilibatin frustrasi ideal sedia libat rencana awat paling tahu butuh komunikasi rasain sedia kolaboratif detail saran;1;0.4174521557900912;terapi - psikolog - takut - obat - dokter - mental - sehat - khawatir - tahu - ganggu;-1_diri_takut_sendiri_kecil;dilibatin sekali sedia sehat mental salah paham dilibatin frustrasi ideal sedia libat rencana awat paling tahu butuh komunikasi rasain sedia kolaboratif detail saran
Perlukah saya membuat surat wasiat medis sekarang?;Ya, lebih baik disiapkan saat kondisi pikiran jernih. Dokumen ini memastikan pilihanmu dihormati dan mengurangi kebingungan keluarga jika keadaan darurat terjadi.;GPT;D1_GPT_HealthPsycology250-268_50.json;perlu surat wasiat medis siap kondisi jernih dokumen pilih hormat kurang keluarga darurat;1;0.4171658898323724;terapi - psikolog - takut - obat - dokter - mental - sehat - khawatir - tahu - ganggu;1_psikolog_terapi_dokter_takut;perlu surat wasiat medis siap kondisi jernih dokumen pilih hormat kurang keluarga darurat
Apa bentuk permainan yang cocok untuk menenangkan anak di bangsal?;Gunakan kotak 'dokter‑dokteran' agar ia 'memeriksa' boneka, sambil bercerita fungsi stetoskop. Ini memberi rasa kontrol dan familiar menjaga emosi tetap stabil.;GPT;D1_GPT_HealthPsycology184-208_50.json;bentuk main cocok tenang anak bangsal kotak dokter dokter periksa boneka fungsi stetoskop beri kontrol familiar jaga emosi tetap stabil;1;0.4154408676035113;terapi - psikolog - takut - obat - dokter - mental - sehat - khawatir - tahu - ganggu;1_psikolog_terapi_dokter_takut;bentuk main cocok tenang anak bangsal kotak dokter dokter periksa boneka fungsi stetoskop beri kontrol familiar jaga emosi tetap stabil
Aku takut bahasa tubuh psikolog bikin aku nggak nyaman. Apa mereka perhatiin ini?;Aku ngerti kekhawatiranmu soal bahasa tubuh. Allen E. Ivey, Mary Bradford Ivey, dan Carlos P. Zalaquett bilang psikolog dilatih buat nunjukin perhatian lewat bahasa tubuh, kayak duduk menghadap kamu, tapi juga harus sesuai sama budayamu. Misalnya, jarak duduk atau gestur bisa beda makna. Kalau kamu ngerasa nggak nyaman, bilang ke mereka. Mau ceritain apa yang bikin takut? Aku dengerin, kok.;GROK;D2_GROK_DrAndrewClinicalPsychology171-194_44.json;takut bahasa tubuh psikolog nyaman perhatiin khawatir bahasa tubuh allen ivey mary bradford ivey carlos zalaquett psikolog nunjukin perhati lewat bahasa tubuh duduk hadap sesuai jarak duduk gestur makna ngerasa nyaman takut dengerin;1;0.4150985531670301;terapi - psikolog - takut - obat - dokter - mental - sehat - khawatir - tahu - ganggu;1_psikolog_terapi_dokter_takut;takut bahasa tubuh psikolog nyaman perhatiin khawatir bahasa tubuh allen ivey mary bradford ivey carlos zalaquett psikolog nunjukin perhati lewat bahasa tubuh duduk hadap sesuai jarak duduk gestur makna ngerasa nyaman takut dengerin
Aku pengen coba layanan yang nggak cuma ngomongin obat, tapi kayak dukungan buat hidup sehari-hari. Itu ada nggak sih?;Ada banget! Banyak komunitas kesehatan mental sekarang menawarkan layanan holistik, seperti dukungan untuk perumahan, pelatihan kerja, atau pusat drop-in buat ketemu orang lain. Ini biasanya didesain buat bantu pemulihan yang lebih menyeluruh, bukan cuma ngandalin obat. Coba cari program yang dikelola oleh orang-orang dengan pengalaman serupa, karena mereka biasanya lebih ngerti kebutuhanmu. Aku bisa bantu cari info di daerahmu kalau kamu mau. Apa yang paling kamu butuhin buat kehidupan sehari-hari?;GROK;D11_GROK_AHandbookfortheSMH490-500_20.json;ngomongin obat dukung hidup sehat mental tawar holistik dukung kerja pusat drop desain pulih seluruh bukan ngandalin obat program kelola alam rupa butuh info daerah paling butuhin hidup;1;0.4150826759167799;terapi - psikolog - takut - obat - dokter - mental - sehat - khawatir - tahu - ganggu;1_psikolog_terapi_dokter_takut;ngomongin obat dukung hidup sehat mental tawar holistik dukung kerja pusat drop desain pulih seluruh bukan ngandalin obat program kelola alam rupa butuh info daerah paling butuhin hidup
Saya ingin bantuan profesional untuk atasi stres, tapi nggak tahu apa yang dilakukan psikolog kesehatan. Apa yang mereka lakukan, dan bagaimana mereka bisa bantu saya?;Keren banget kamu terbuka untuk cari bantuan—it’s a big step! Psikolog kesehatan adalah ahli yang bantu kamu atasi stres, kelola penyakit, atau ubah kebiasaan nggak sehat dengan cara yang suportif. Mereka bisa ajarin teknik relaksasi, bantu kamu paham emosimu, atau buat rencana untuk hidup lebih sehat. Bayangkan mereka sebagai pelatih yang bikin kamu lebih kuat secara mental. Coba cari psikolog di rumah sakit atau online, dan ceritain apa yang lagi bikin kamu stres. Apa yang pengen kamu capai dengan bantuan mereka?;GROK;D1_GROK_HealthPsycology1-55_67.json;profesional stres tahu laku psikolog sehat laku keren step psikolog sehat ahli stres kelola sakit ubah sehat suportif ajarin teknik relaksasi paham emosi rencana hidup sehat bayang kuat mental psikolog sakit stres capai;1;0.414028842590641;terapi - psikolog - takut - obat - dokter - mental - sehat - khawatir - tahu - ganggu;-1_diri_takut_sendiri_kecil;profesional stres tahu laku psikolog sehat laku keren step psikolog sehat ahli stres kelola sakit ubah sehat suportif ajarin teknik relaksasi paham emosi rencana hidup sehat bayang kuat mental psikolog sakit stres capai
Aku nggak punya waktu ke dokter buat cek kesehatan mental. Apa aku bisa sembuh sendiri?;Aku mengerti waktu kamu terbatas, tapi kesehatan mental itu penting banget. Sembuh sendiri bisa sulit kalau nggak tahu akar masalahnya. Mungkin kamu bisa mulai dengan langkah kecil, seperti cari konselor online yang fleksibel. Aku bisa bantu cari info kalau kamu mau. Apa kamu oke buat coba?;GROK;D11_GROK_AHandbookfortheSMH325-335_20.json;dokter sehat mental sembuh sendiri erti batas sehat mental penting sembuh sendiri sulit tahu akar kecil konselor fleksibel info;1;0.4128145300264101;terapi - psikolog - takut - obat - dokter - mental - sehat - khawatir - tahu - ganggu;1_psikolog_terapi_dokter_takut;dokter sehat mental sembuh sendiri erti batas sehat mental penting sembuh sendiri sulit tahu akar kecil konselor fleksibel info
Emilia, aku merasa kesulitan mencari bantuan untuk masalah mentalku. Kenapa ya sistem layanan kesehatan mental itu rumit?;Aku paham banget rasanya bingung dengan sistem yang kompleks. Layanan kesehatan mental memang sering kali sulit diakses karena ada banyak faktor, seperti kurangnya koordinasi antar layanan, perbedaan kebijakan di setiap daerah, dan terkadang pendanaan yang terbatas. Tapi, kita bisa mulai dari langkah kecil, misalnya mencari tahu layanan komunitas terdekat atau konsultasi dengan dokter umum. Mau aku bantu cari tahu opsi yang ada di sekitarmu?;GROK;D11_GROK_AHandbookfortheSMH435-445_20.json;sulit mental sehat mental rumit paham kompleks sehat mental sulit akses faktor kurang koordinasi antar bijak daerah terkadang dana batas kecil tahu dekat konsultasi dokter umum tahu opsi;1;0.4119745931806049;terapi - psikolog - takut - obat - dokter - mental - sehat - khawatir - tahu - ganggu;1_psikolog_terapi_dokter_takut;sulit mental sehat mental rumit paham kompleks sehat mental sulit akses faktor kurang koordinasi antar bijak daerah terkadang dana batas kecil tahu dekat konsultasi dokter umum tahu opsi
Aku dengar ada terapi yang pake cerita rakyat. Itu apa sih?;Oh, itu kayak terapi yang pake cerita rakyat buat bantu orang nyambung sama nilai-nilai budayanya. Misalnya, cerita-cerita itu dipake buat ngajarin cara hadapi masalah lewat tokoh-tokohnya. Keren, kan? Kalau tertarik, mungkin bisa tanya ke penyedia layanan yang sensitif budaya.;GROK;D11_GROK_AHandbookfortheSMH468-478_20.json;dengar terapi pake rakyat terapi pake rakyat nyambung nilai nilai dipake ngajarin hadap lewat tokoh tokoh keren sedia sensitif;1;0.4118756195204243;terapi - psikolog - takut - obat - dokter - mental - sehat - khawatir - tahu - ganggu;-1_diri_takut_sendiri_kecil;dengar terapi pake rakyat terapi pake rakyat nyambung nilai nilai dipake ngajarin hadap lewat tokoh tokoh keren sedia sensitif
Aku merasa nggak ada harapan buat sembuh dari gangguan mentalku. Buat apa aku coba?;Aku tahu rasanya berat, tapi harapan itu selalu ada, meskipun sekarang sulit lihat. Banyak orang dengan gangguan mental bisa hidup lebih baik dengan perawatan yang tepat, seperti terapi atau obat-obatan. Nggak harus sembuh total, tapi kamu bisa belajar kelola gejalanya. Coba cari satu langkah kecil, seperti ngobrol sama profesional. Aku di sini buat dukung kamu.;GROK;D11_GROK_AHandbookfortheSMH512-522_20.json;harap sembuh ganggu mental tahu berat harap sulit ganggu mental hidup awat tepat terapi obat obat sembuh total kelola gejala kecil profesional dukung;1;0.4108111268163747;terapi - psikolog - takut - obat - dokter - mental - sehat - khawatir - tahu - ganggu;1_psikolog_terapi_dokter_takut;harap sembuh ganggu mental tahu berat harap sulit ganggu mental hidup awat tepat terapi obat obat sembuh total kelola gejala kecil profesional dukung
Aku dari budaya yang nggak suka kontak mata. Apa psikolog ngerti ini?;Aku ngerti kalau kontak mata bisa beda maknanya di budayamu. Allen E. Ivey, Mary Bradford Ivey, dan Carlos P. Zalaquett bilang psikolog yang baik tahu kontak mata nggak sama di setiap budaya—misalnya, di beberapa budaya, terlalu lama malah kasar. Jadi, mereka bakal sesuain biar kamu nyaman. Coba ceritain budayamu ke psikolog biar mereka lebih ngerti. Apa yang bikin khawatir? Ceritain, dong.;GROK;D2_GROK_DrAndrewClinicalPsychology171-194_44.json;kontak mata psikolog kontak mata makna allen ivey mary bradford ivey carlos zalaquett psikolog tahu kontak mata beberapa terlalu lama malah kasar sesuain nyaman psikolog khawatir;1;0.4107751533334358;terapi - psikolog - takut - obat - dokter - mental - sehat - khawatir - tahu - ganggu;1_psikolog_terapi_dokter_takut;kontak mata psikolog kontak mata makna allen ivey mary bradford ivey carlos zalaquett psikolog tahu kontak mata beberapa terlalu lama malah kasar sesuain nyaman psikolog khawatir
Aku takut psikologku kenal keluargaku. Apa itu salah?;Wajar banget kamu mikirin ini. Multiple relationships itu kalau psikolog punya hubungan lain sama klien atau orang deket klien, misalnya kenal keluargamu. Nggak selalu salah, tapi psikolog harus hati-hati biar nggak bikin mereka kurang objektif atau nyakitin kamu. Mereka biasanya ngobrolin ini di awal biar jelas. Kalau kamu khawatir soal ini, apa yang bikin takut? Ceritain, dong.;GROK;D2_GROK_DrAndrewClinicalPsychology108-130_51.json;takut psikolog kenal keluarga salah mikirin multiple relationships psikolog klien deket klien kenal keluarga salah psikolog hati hati kurang objektif nyakitin ngobrolin awal jelas khawatir takut;1;0.4103135383360714;terapi - psikolog - takut - obat - dokter - mental - sehat - khawatir - tahu - ganggu;-1_diri_takut_sendiri_kecil;takut psikolog kenal keluarga salah mikirin multiple relationships psikolog klien deket klien kenal keluarga salah psikolog hati hati kurang objektif nyakitin ngobrolin awal jelas khawatir takut
Aku nggak yakin layanan kesehatan mental bisa bantu aku kerja lagi. Apa mereka cuma ngomongin perasaan doang?;Aku ngerti kekhawatiranmu. Sebenarnya, ada pendekatan di layanan kesehatan mental yang fokus bantu orang biar bisa lebih mandiri di dunia kerja, seperti melatih keterampilan sosial atau vokasional. Tapi memang, nggak semua layanan punya fokus ini. Kalau tujuanmu adalah bisa kerja lagi, mungkin kita bisa cari program yang spesifik menangani hal itu. Apa kamu punya pengalaman tertentu soal ini yang pengen dibagi?;GROK;D11_GROK_AHandbookfortheSMH479-489_20.json;yakin sehat mental kerja ngomongin doang khawatir dekat sehat mental mandiri kerja terampil sosial vokasional tuju kerja program spesifik tangan alam;1;0.410206131292315;terapi - psikolog - takut - obat - dokter - mental - sehat - khawatir - tahu - ganggu;1_psikolog_terapi_dokter_takut;yakin sehat mental kerja ngomongin doang khawatir dekat sehat mental mandiri kerja terampil sosial vokasional tuju kerja program spesifik tangan alam
Aku pengen psikolog beneran dengerin aku. Apa yang mereka lakuin?;Kamu pengen ngerasa didenger, ya. Allen E. Ivey, Mary Bradford Ivey, dan Carlos P. Zalaquett bilang psikolog yang baik pake kontak mata yang pas, bahasa tubuh yang nunjukin perhatian, nada suara yang bikin nyaman, ngulang kata-kata pentingmu, dan manggil nama kamu bener. Ini semua bikin kamu ngerasa mereka beneran peduli. Mau ceritain apa yang lagi bikin susah? Aku dengerin, kok.;GROK;D2_GROK_DrAndrewClinicalPsychology171-194_44.json;psikolog beneran dengerin lakuin ngerasa didenger allen ivey mary bradford ivey carlos zalaquett psikolog pake kontak mata bahasa tubuh nunjukin perhati nyaman ngulang kata kata penting manggil nama ngerasa beneran peduli susah dengerin;1;0.4095515684517177;terapi - psikolog - takut - obat - dokter - mental - sehat - khawatir - tahu - ganggu;1_psikolog_terapi_dokter_takut;psikolog beneran dengerin lakuin ngerasa didenger allen ivey mary bradford ivey carlos zalaquett psikolog pake kontak mata bahasa tubuh nunjukin perhati nyaman ngulang kata kata penting manggil nama ngerasa beneran peduli susah dengerin
Aku takut nggak bisa buka diri di wawancara. Gimana psikolog bantu?;Aku ngerti buka diri itu nggak gampang. John Sommers-Flanagan dan Rita Sommers-Flanagan bilang psikolog bikin rapport, kayak hubungan yang bikin kamu ngerasa aman dan nyaman, biar kamu lebih gampang cerita. Mereka mungkin ngobrol ringan dulu atau nunjukin mereka ngerti perasaanmu. Ini bantu kamu lebih terbuka. Mau ceritain apa yang bikin takut buka diri? Aku dengerin, kok.;GROK;D2_GROK_DrAndrewClinicalPsychology171-194_44.json;takut diri wawancara psikolog diri gampang john sommers flanagan rita sommers flanagan psikolog rapport ngerasa nyaman gampang ringan nunjukin takut diri dengerin;1;0.4094491850527666;terapi - psikolog - takut - obat - dokter - mental - sehat - khawatir - tahu - ganggu;1_psikolog_terapi_dokter_takut;takut diri wawancara psikolog diri gampang john sommers flanagan rita sommers flanagan psikolog rapport ngerasa nyaman gampang ringan nunjukin takut diri dengerin
Aku takut terapi nggak works. Gimana psikolog tahu aku membaik?;Aku ngerti kamu takut terapi nggak membantu. Psikolog ngecek apakah kamu membaik dengan cara kayak tanya pendapatmu lewat kuesioner, ngobrol, atau lihat perubahan perilaku. Mereka juga mikir kapan ngecek—selama terapi atau setelah selesai—dan siapa yang nilai, kamu atau mereka. Ini bikin mereka yakin terapi bantu kamu. Apa yang lagi bikin khawatir? Ceritain, yuk.;GROK;D2_GROK_DrAndrewClinicalPsychology131-148_47.json;takut terapi works psikolog tahu takut terapi psikolog ngecek lewat kuesioner ubah perilaku mikir kapan ngecek lama terapi siapa nilai yakin terapi khawatir;1;0.4093962989666919;terapi - psikolog - takut - obat - dokter - mental - sehat - khawatir - tahu - ganggu;-1_diri_takut_sendiri_kecil;takut terapi works psikolog tahu takut terapi psikolog ngecek lewat kuesioner ubah perilaku mikir kapan ngecek lama terapi siapa nilai yakin terapi khawatir
Aku pengen terapi yang ngerti aku. Apa studi kasus bantu?;Kamu pengen terapi yang bener-bener personal, ya. Studi kasus itu ngeliat satu orang, kayak kamu, secara mendalam, biar ngerti apa yang unik dari situasimu. Ini pendekatan idiografik yang bantu psikolog lihat apa yang works buat seseorang spesifik. Bisa bantu bikin terapi lebih pas buatmu. Apa yang lagi pengen kamu ceritain soal dirimu? Aku dengerin kok.;GROK;D2_GROK_DrAndrewClinicalPsychology131-148_47.json;terapi studi kasus terapi personal studi kasus ngeliat unik situasi dekat idiografik psikolog works spesifik terapi diri dengerin;1;0.4072277301701561;terapi - psikolog - takut - obat - dokter - mental - sehat - khawatir - tahu - ganggu;1_psikolog_terapi_dokter_takut;terapi studi kasus terapi personal studi kasus ngeliat unik situasi dekat idiografik psikolog works spesifik terapi diri dengerin
Apa peran pasien dalam mendorong sinergi dokter‑admin?;Berikan feedback tertulis tentang pengalaman klinis dan proses admin. Testimoni positif/negatif pasien sering dijadikan dasar perbaikan koordinasi internal.;GPT;D1_GPT_HealthPsycology184-208_50.json;peran pasien dorong sinergi dokter admin ikan feedback alam klinis proses admin testimoni positif negatif pasien koordinasi internal;1;0.4071814064019829;terapi - psikolog - takut - obat - dokter - mental - sehat - khawatir - tahu - ganggu;1_psikolog_terapi_dokter_takut;peran pasien dorong sinergi dokter admin ikan feedback alam klinis proses admin testimoni positif negatif pasien koordinasi internal
Bagaimana memastikan teknik terapi yang kupakai sudah terbukti secara ilmiah?;"Kamu bisa menanyakan jurnal pendukung atau pedoman NICE/APA. Terapis senang ketika klien aktif mencari informasi; itu tanda kemitraan sehat.";GPT;D2_GPT_DrAndrewClinicalPsychology44-64_60.json;teknik terapi bukti ilmiah jurnal dukung pedoman nice terap senang klien mitra sehat;1;0.4069936007622295;terapi - psikolog - takut - obat - dokter - mental - sehat - khawatir - tahu - ganggu;1_psikolog_terapi_dokter_takut;teknik terapi bukti ilmiah jurnal dukung pedoman nice terap senang klien mitra sehat
Aku merasa nggak ada perubahan meski udah ikut layanan kesehatan mental. Apa aku salah, Emilia?;Kamu nggak salah merasa begitu. Kadang, perubahan memang butuh waktu, atau mungkin layanan yang kamu ikuti belum pas sama kebutuhanmu. Penting buat ngobrol sama penyedia layananmu soal apa yang nggak berhasil, atau coba cari pendekatan lain, kayak case management. Kalau mau, ceritain lebih detail, aku bisa bantu kasih saran.;GROK;D11_GROK_AHandbookfortheSMH534-544_20.json;ubah udah sehat mental salah salah ubah butuh butuh penting sedia hasil dekat case management detail saran;1;0.4066105238889191;terapi - psikolog - takut - obat - dokter - mental - sehat - khawatir - tahu - ganggu;1_psikolog_terapi_dokter_takut;ubah udah sehat mental salah salah ubah butuh butuh penting sedia hasil dekat case management detail saran
Aku pernah coba ke dokter, tapi rasanya mereka cuma kasih obat. Aku pengen lebih dari itu, apa yang bisa aku lakukan?;Kamu berhak dapat perawatan yang lebih menyeluruh. Selain obat, ada pendekatan seperti terapi, dukungan sosial, atau pelatihan keterampilan hidup yang bisa membantu. Mungkin kamu bisa tanya dokter tentang opsi lain, seperti rujukan ke terapis atau program komunitas. Kalau mau, aku bisa bantu susun pertanyaan buat dokternya, lho.;GROK;D11_GROK_AHandbookfortheSMH435-445_20.json;dokter obat laku awat seluruh obat dekat terapi dukung sosial terampil hidup dokter opsi rujuk terap program susun dokter;1;0.4054842217303808;terapi - psikolog - takut - obat - dokter - mental - sehat - khawatir - tahu - ganggu;1_psikolog_terapi_dokter_takut;dokter obat laku awat seluruh obat dekat terapi dukung sosial terampil hidup dokter opsi rujuk terap program susun dokter
Aku takut psikolog tanya macem-macem. Mereka wawancara kayak apa sih?;Aku ngerti takutnya ditanya banyak hal. James Morrison bilang ada dua gaya wawancara: direktif, di mana psikolog tanya hal spesifik kayak ‘Seberapa sering kamu cemas?’, atau nondirektif, di mana mereka biarin kamu cerita bebas. Biasanya, mereka campur keduanya biar dapat info penting tapi kamu tetep nyaman. Kalau kamu khawatir, bilang aja apa yang bikin nggak enak. Mau ceritain apa? Aku dengerin, kok.;GROK;D2_GROK_DrAndrewClinicalPsychology171-194_44.json;takut psikolog macem macem wawancara takut james morrison gaya wawancara direktif psikolog spesifik berapa cemas nondirektif biarin bebas campur info penting nyaman khawatir enak dengerin;1;0.4053027685178079;terapi - psikolog - takut - obat - dokter - mental - sehat - khawatir - tahu - ganggu;1_psikolog_terapi_dokter_takut;takut psikolog macem macem wawancara takut james morrison gaya wawancara direktif psikolog spesifik berapa cemas nondirektif biarin bebas campur info penting nyaman khawatir enak dengerin
Kadang aku ngerasa layanan kesehatan mental nggak bener-bener bantu aku sembuh, kenapa gitu ya?;Aku ngerti rasanya frustrasi kalau kayaknya usaha yang kamu lakuin nggak ngasih hasil yang diharapkan. Kadang, layanan itu lebih fokus ke perubahan sistem, seperti memastikan kamu dapet akses ke dokter atau tempat tinggal, tapi kurang menangani kebutuhan emosional atau klinis secara langsung. Mungkin kamu bisa coba cari layanan yang pakai pendekatan berbasis bukti, seperti terapi khusus atau program yang lebih personal. Apa kamu mau ceritain lebih banyak soal pengalamanmu, biar aku bantu kasih saran?;GROK;D11_GROK_AHandbookfortheSMH545-555_20.json;ngerasa sehat mental sembuh frustrasi usaha lakuin ngasih hasil harap ubah dapet akses dokter tempat tinggal kurang tangan butuh emosional klinis langsung dekat bukti terapi khusus program personal alam saran;1;0.4036730504580679;terapi - psikolog - takut - obat - dokter - mental - sehat - khawatir - tahu - ganggu;1_psikolog_terapi_dokter_takut;ngerasa sehat mental sembuh frustrasi usaha lakuin ngasih hasil harap ubah dapet akses dokter tempat tinggal kurang tangan butuh emosional klinis langsung dekat bukti terapi khusus program personal alam saran
Aku merasa nggak punya tujuan hidup. Apa psikolog klinis bisa bantu?;Merasa nggak punya tujuan itu bisa bikin bingung, ya. Psikolog klinis sangat bisa bantu, lho. Mereka dilatih untuk ngobrol sama kamu, bantu pahami kenapa kamu ngerasa gitu, dan cari cara buat nemuin apa yang bikin hidupmu lebih berarti. Mereka nggak cuma bantu masalah besar, tapi juga hal-hal kayak gini, supaya kamu bisa lihat jalan ke depan. Mau ceritain lebih banyak apa yang lagi bikin kamu ngerasa kosong? Aku di sini buat denger.;GROK;D2_GROK_DrAndrewClinicalPsychology26-43_53.json;tuju hidup psikolog klinis tuju psikolog klinis paham ngerasa nemuin hidup arti jalan depan ngerasa kosong denger;1;0.4004350523901294;terapi - psikolog - takut - obat - dokter - mental - sehat - khawatir - tahu - ganggu;-1_diri_takut_sendiri_kecil;tuju hidup psikolog klinis tuju psikolog klinis paham ngerasa nemuin hidup arti jalan depan ngerasa kosong denger
Dok, aku sering merasa belum sempat cerita lengkap. Bagaimana caranya agar keluhanku tersampaikan sebelum waktunya habis?;Coba catat poin utama gejala dan urutkan prioritas sebelum masuk ruang periksa. Saat konsultasi, sampaikan ringkasan itu lebih dulu. Jika dokter mulai memotong, katakan dengan sopan, “Dok, ada satu gejala lagi yang penting.” Kebanyakan dokter akan memberi ruang jika kamu menunjukkan sudah menyiapkan catatan singkat.;GPT;D1_GPT_HealthPsycology184-208_50.json;sempat lengkap keluh habis catat poin utama gejala urut prioritas masuk ruang periksa konsultasi ringkas dokter potong kata sopan gejala penting dokter beri ruang tunjuk siap catat singkat;1;0.4004264078184011;terapi - psikolog - takut - obat - dokter - mental - sehat - khawatir - tahu - ganggu;1_psikolog_terapi_dokter_takut;sempat lengkap keluh habis catat poin utama gejala urut prioritas masuk ruang periksa konsultasi ringkas dokter potong kata sopan gejala penting dokter beri ruang tunjuk siap catat singkat
Aku pengen ikut komunitas kesehatan mental, tapi takut malah jadi kayak pasien yang cuma dikasih obat. Gimana caranya pilih yang bener?;Bagus banget kamu pengen cari komunitas! Untuk memastikan komunitas itu cocok, coba cari yang fokus pada pemulihan holistik, bukan cuma ngandalin obat. Banyak komunitas konsumen kesehatan mental sekarang menawarkan layanan seperti konseling sebaya atau pusat drop-in yang mendukung otonomi. Cek dulu apakah mereka melibatkan orang-orang dengan pengalaman serupa dalam menjalankan program, itu biasanya tanda mereka peduli sama kebutuhan anggota. Kalau bisa, hubungi mereka dulu, tanya apa visi mereka. Kamu lebih suka komunitas yang kayak gimana?;GROK;D11_GROK_AHandbookfortheSMH490-500_20.json;sehat mental takut malah pasien obat pilih bagus cocok pulih holistik bukan ngandalin obat konsumen sehat mental tawar konseling baya pusat drop dukung otonomi libat alam rupa jalan program peduli butuh anggota;1;0.3973625689816683;terapi - psikolog - takut - obat - dokter - mental - sehat - khawatir - tahu - ganggu;1_psikolog_terapi_dokter_takut;sehat mental takut malah pasien obat pilih bagus cocok pulih holistik bukan ngandalin obat konsumen sehat mental tawar konseling baya pusat drop dukung otonomi libat alam rupa jalan program peduli butuh anggota
Aku takut kalau terapi bakal bikin aku lebih cemas. Apa bener gitu?;Wajar banget takut terapi bakal bikin cemas, apalagi kalau itu terapi paparan untuk OCD. Awalnya memang bisa terasa intens karena kamu menghadapi ketakutan langsung, tapi itu dirancang untuk bantu kurangi kecemasan jangka panjang. Terapis biasanya bikin rencana bertahap supaya nggak overwhelming. Mau aku jelasin lebih tentang cara kerjanya atau apa yang bikin kamu khawatir?;GROK;D12_GROK_ClinicalHandbookPsychologicalDisorders165-175_20.json;takut terapi cemas takut terapi cemas terapi papar awal intens hadap takut langsung rancang kurang cemas jangka panjang terap rencana tahap overwhelming jelasin kerja khawatir;1;0.3936502583744771;terapi - psikolog - takut - obat - dokter - mental - sehat - khawatir - tahu - ganggu;1_psikolog_terapi_dokter_takut;takut terapi cemas takut terapi cemas terapi papar awal intens hadap takut langsung rancang kurang cemas jangka panjang terap rencana tahap overwhelming jelasin kerja khawatir
Aku dibesarkan dgn anggapan ‘ke psikolog hanya utk orang gila’. Bagaimana menepis stigma?;Ingat: Konseling = perawatan kesehatan, seperti cek gigi. Edukasi diri lewat pengalaman orang yang terbantu terapi. Semakin banyak tokoh publik terbuka soal kesehatan mental, stigma perlahan hilang.;GPT;D1_GPT_HealthPsycology168-183_30.json;anggap psikolog gila menep stigma ingat konseling awat sehat gigi edukasi diri lewat alam terapi makin tokoh publik sehat mental stigma perlahan hilang;1;0.3854658352530855;terapi - psikolog - takut - obat - dokter - mental - sehat - khawatir - tahu - ganggu;1_psikolog_terapi_dokter_takut;anggap psikolog gila menep stigma ingat konseling awat sehat gigi edukasi diri lewat alam terapi makin tokoh publik sehat mental stigma perlahan hilang
Aku sering merasa cemas, tapi nggak tahu harus ke mana. Apa aku harus langsung ke psikiater?;Rasa cemas itu pasti nggak nyaman, ya. Nggak harus langsung ke psikiater, kok. Kamu bisa mulai dengan ngobrol sama orang yang kamu percaya, atau coba ke psikolog untuk bantu memahami apa yang lagi kamu rasakan. Kalau cemasnya sering banget dan mengganggu aktivitas, baru mungkin ke psikiater bisa jadi opsi. Apa yang biasanya bikin kamu cemas? Ceritain dong, siapa tahu aku bisa bantu pikirin langkah kecil.;GROK;D11_GROK_AHandbookfortheSMH457-467_20.json;cemas tahu langsung psikiater cemas nyaman langsung psikiater percaya psikolog paham cemas ganggu aktivitas psikiater opsi cemas siapa tahu pikirin kecil;1;0.384333246358067;terapi - psikolog - takut - obat - dokter - mental - sehat - khawatir - tahu - ganggu;-1_diri_takut_sendiri_kecil;cemas tahu langsung psikiater cemas nyaman langsung psikiater percaya psikolog paham cemas ganggu aktivitas psikiater opsi cemas siapa tahu pikirin kecil
Aku pengen psikolog yang fokus bantu aku langsung. Model apa yang pas?;Kalau kamu pengen psikolog yang langsung bantu dengan pendekatan praktis, model Vail atau practitioner-scholar mungkin cocok. Sejak tahun 1973, model ini fokus latih psikolog dengan gelar PsyD buat bantu klien lewat terapi atau konseling, tanpa terlalu dalem ke penelitian. Mereka lebih ke dengerin ceritamu dan kasih solusi yang bisa langsung kamu coba. Kedengeran pas, nggak? Apa yang lagi pengen kamu obrolin sama psikolog?;GROK;D2_GROK_DrAndrewClinicalPsychology26-43_53.json;psikolog langsung model psikolog langsung dekat praktis model vail practitioner scholar cocok sejak tahun model psikolog gelar psyd klien lewat terapi konseling terlalu dalem dengerin solusi langsung kedengeran obrolin psikolog;1;0.38328058069528;terapi - psikolog - takut - obat - dokter - mental - sehat - khawatir - tahu - ganggu;1_psikolog_terapi_dokter_takut;psikolog langsung model psikolog langsung dekat praktis model vail practitioner scholar cocok sejak tahun model psikolog gelar psyd klien lewat terapi konseling terlalu dalem dengerin solusi langsung kedengeran obrolin psikolog
Emilia, aku dengar orang dengan gangguan mental sering jadi tunawisma. Aku takut banget itu terjadi sama aku.;Aku paham ketakutanmu. Memang ada risiko lebih tinggi buat orang dengan gangguan mental, terutama kalau nggak ada dukungan yang cukup. Tapi banyak cara buat cegah itu, seperti ikut program layanan sosial atau terapi yang bantu kamu stabil. Kalau kamu khawatir soal tempat tinggal, kita bisa cari tahu bareng soal program bantuan di daerahmu. Kamu nggak akan sendiri, ya.;GROK;D11_GROK_AHandbookfortheSMH512-522_20.json;dengar ganggu mental tunawisma takut paham takut risiko tinggi ganggu mental utama dukung cukup cegah program sosial terapi stabil khawatir tempat tinggal tahu bareng program daerah sendiri;1;0.3831673238037545;terapi - psikolog - takut - obat - dokter - mental - sehat - khawatir - tahu - ganggu;1_psikolog_terapi_dokter_takut;dengar ganggu mental tunawisma takut paham takut risiko tinggi ganggu mental utama dukung cukup cegah program sosial terapi stabil khawatir tempat tinggal tahu bareng program daerah sendiri
Aku pengen psikolog beneran ngerti aku. Apa mereka ulangin ceritaku?;Kamu pengen ngerasa didenger bener, ya. Ekkehart Othmer dan Sieglinde C. Othmer bilang psikolog sering parafrase, kayak ngulang ceritamu dengan kata mereka, misalnya ‘Jadi, kamu bilang cemas kalau sendirian.’ Ini nunjukin mereka dengerin dan ngerti. Bikin obrolan lebih nyaman, kan? Mau ceritain apa yang lagi bikin susah? Aku dengerin, kok.;GROK;D2_GROK_DrAndrewClinicalPsychology171-194_44.json;psikolog beneran ulangin ngerasa didenger ekkehart othmer sieglinde othmer psikolog parafrase ngulang kata cemas sendiri nunjukin dengerin obrol nyaman susah dengerin;1;0.3818896721334138;terapi - psikolog - takut - obat - dokter - mental - sehat - khawatir - tahu - ganggu;1_psikolog_terapi_dokter_takut;psikolog beneran ulangin ngerasa didenger ekkehart othmer sieglinde othmer psikolog parafrase ngulang kata cemas sendiri nunjukin dengerin obrol nyaman susah dengerin
Aku remaja dan pengen terapi. Apa ceritaku bakal diceritain ke orang tuaku?;Sebagai remaja, wajar banget kamu pengen privasi. Psikolog tahu itu, tapi karena kamu masih di bawah umur, orang tuamu biasanya berhak tahu sekilas soal perkembanganmu di terapi. Tapi, banyak psikolog bikin kesepakatan sama kamu dan orang tuamu, misalnya cuma ceritain kalau ada bahaya, kayak kamu mau nyakitin diri sendiri. Mereka pengen kamu percaya buat cerita. Mau ceritain apa yang bikin khawatir soal terapi? Aku dengerin kok.;GROK;D2_GROK_DrAndrewClinicalPsychology108-130_51.json;remaja terapi diceritain remaja privasi psikolog tahu bawah umur tahu kilas kembang terapi psikolog sepakat bahaya nyakitin diri sendiri percaya khawatir terapi dengerin;1;0.3803411146269653;terapi - psikolog - takut - obat - dokter - mental - sehat - khawatir - tahu - ganggu;-1_diri_takut_sendiri_kecil;remaja terapi diceritain remaja privasi psikolog tahu bawah umur tahu kilas kembang terapi psikolog sepakat bahaya nyakitin diri sendiri percaya khawatir terapi dengerin
Bagaimana saya tahu kalau saya perlu bantuan profesional dan bukan sekadar teknik self-help?;Jika gejala seperti kecemasan, depresi, atau gangguan fungsi sehari-hari berlangsung terus-menerus, memburuk, atau mengganggu kemampuan Anda bekerja dan berhubungan, itu tanda yang jelas untuk mencari bantuan profesional. Teknik self-help berguna, tetapi tak menggantikan dukungan ketika kondisi lebih serius.;GPT;D13_GPT_BrainPower57-67_19.json;tahu perlu profesional bukan sekadar teknik self help gejala cemas depresi ganggu fungsi langsung terus terus ganggu mampu kerja jelas profesional teknik self help dukung kondisi serius;1;0.379579858313056;terapi - psikolog - takut - obat - dokter - mental - sehat - khawatir - tahu - ganggu;-1_diri_takut_sendiri_kecil;tahu perlu profesional bukan sekadar teknik self help gejala cemas depresi ganggu fungsi langsung terus terus ganggu mampu kerja jelas profesional teknik self help dukung kondisi serius
Emilia, aku kok merasa susah banget naik ke posisi yang lebih baik di hidup ini. Apa karena aku punya masalah mental?;Aku paham, kadang rasanya seperti stuck, ya. Masalah mental memang bisa memengaruhi kemampuan kita untuk mencapai tujuan, seperti sulit fokus atau kurang percaya diri. Tapi ada juga teori yang bilang orang dengan masalah mental mungkin terhambat sejak awal, jadi lebih sulit naik ke posisi sosial yang lebih tinggi. Tapi ini nggak berarti kamu nggak bisa maju. Apa kamu mau ceritain lebih detail apa yang lagi bikin susah, biar kita pikirin bareng?;GROK;D11_GROK_AHandbookfortheSMH248-258_20.json;susah naik posisi hidup mental paham stuck mental pengaruh mampu capai tuju sulit kurang percaya diri teori mental hambat sejak awal sulit naik posisi sosial tinggi arti maju detail susah pikirin bareng;1;0.3779731620603021;terapi - psikolog - takut - obat - dokter - mental - sehat - khawatir - tahu - ganggu;-1_diri_takut_sendiri_kecil;susah naik posisi hidup mental paham stuck mental pengaruh mampu capai tuju sulit kurang percaya diri teori mental hambat sejak awal sulit naik posisi sosial tinggi arti maju detail susah pikirin bareng
Emilia, aku takut kalau aku masuk rumah sakit jiwa, nanti malah dikurung selamanya. Apa bener gitu?;Wajar kok kamu khawatir, tapi nggak selalu begitu. Rawat inap di fasilitas kesehatan mental biasanya untuk membantu orang pulih, bukan untuk ‘mengurung’. Banyak yang dirawat hanya sementara, tergantung kondisinya. Kalau kamu khawatir, coba bicara sama dokter atau konselor soal opsi perawatan yang lebih fleksibel, seperti terapi rawat jalan. Aku di sini buat dengerin kekhawatiranmu, ya.;GROK;D11_GROK_AHandbookfortheSMH512-522_20.json;takut masuk sakit jiwa malah kurung lama khawatir rawat inap fasilitas sehat mental pulih bukan urung rawat kondisi khawatir bicara dokter konselor opsi awat fleksibel terapi rawat jalan dengerin khawatir;1;0.3776007880259383;terapi - psikolog - takut - obat - dokter - mental - sehat - khawatir - tahu - ganggu;1_psikolog_terapi_dokter_takut;takut masuk sakit jiwa malah kurung lama khawatir rawat inap fasilitas sehat mental pulih bukan urung rawat kondisi khawatir bicara dokter konselor opsi awat fleksibel terapi rawat jalan dengerin khawatir
Aku takut dikira sakit gara-gara budayaku. Apa psikolog ngerti budaya?;Aku ngerti kamu takut gejalamu disalahartikan karena budaya. Irving Grieger bilang psikolog harus paham konteks budayamu biar nggak ngira perilaku normal di budayamu itu sakit. Misalnya, sesuatu yang wajar di budayamu mungkin kelihatan aneh di budaya lain. Coba ceritain budayamu ke psikolog biar mereka ngerti. Apa yang bikin khawatir? Ceritain, dong.;GROK;D2_GROK_DrAndrewClinicalPsychology171-194_44.json;takut sakit gara gara psikolog takut gejala disalahartikan irving grieger psikolog paham konteks ngira perilaku sakit aneh psikolog khawatir;1;0.3767907650056508;terapi - psikolog - takut - obat - dokter - mental - sehat - khawatir - tahu - ganggu;1_psikolog_terapi_dokter_takut;takut sakit gara gara psikolog takut gejala disalahartikan irving grieger psikolog paham konteks ngira perilaku sakit aneh psikolog khawatir
Aku lagi stres berat. Harus ke psikolog atau psikiater ya?;Stres berat pasti nggak enak, ya. Kalau kamu lagi bingung pilih psikolog atau psikiater, gini: psikolog klinis fokus ke ngobrol, kayak terapi, buat bantu kamu atasi stres dengan cara non-obat, misalnya dengan teknik relaksasi atau ngobrolin apa yang bikin stres. Psikiater, karena dokter, bisa kasih obat kalau misalnya stresmu butuh pendekatan biologis. Mungkin coba mulai dengan psikolog dulu buat ceritain apa yang kamu rasain, terus kalau perlu obat, mereka bisa saranin ke psikiater. Apa yang lagi bikin stres? Ceritain sedikit, yuk.;GROK;D2_GROK_DrAndrewClinicalPsychology26-43_53.json;stres berat psikolog psikiater stres berat enak pilih psikolog psikiater psikolog klinis terapi stres obat teknik relaksasi ngobrolin stres psikiater dokter obat stres butuh dekat biologis psikolog rasain terus perlu obat saranin psikiater stres;1;0.3759821136759988;terapi - psikolog - takut - obat - dokter - mental - sehat - khawatir - tahu - ganggu;-1_diri_takut_sendiri_kecil;stres berat psikolog psikiater stres berat enak pilih psikolog psikiater psikolog klinis terapi stres obat teknik relaksasi ngobrolin stres psikiater dokter obat stres butuh dekat biologis psikolog rasain terus perlu obat saranin psikiater stres
Siapa aja sih yang ngedukung psikolog bisa kasih resep obat?;Ada beberapa orang keren yang bener-bener dorong ide ini. Patrick H. DeLeon, yang pernah jadi presiden American Psychological Association, Morgan T. Sammons, yang ikut program percontohan psikolog meresepkan obat, dan Robert McGrath, yang ngelatih psikolog soal farmakologi, adalah tokoh utama di balik gerakan ini. Mereka percaya psikolog bisa bantu lebih banyak orang kalau punya hak preskripsi. Menarik, kan? Apa pendapatmu soal ini? Ceritain, yuk.;GROK;D2_GROK_DrAndrewClinicalPsychology65-83_51.json;siapa ngedukung psikolog resep obat beberapa keren dorong patrick deleon presiden american psychological association morgan sammons program contoh psikolog resep obat robert mcgrath ngelatih psikolog farmakologi tokoh utama balik gera percaya psikolog preskripsi;1;0.3757868542694168;terapi - psikolog - takut - obat - dokter - mental - sehat - khawatir - tahu - ganggu;-1_diri_takut_sendiri_kecil;siapa ngedukung psikolog resep obat beberapa keren dorong patrick deleon presiden american psychological association morgan sammons program contoh psikolog resep obat robert mcgrath ngelatih psikolog farmakologi tokoh utama balik gera percaya psikolog preskripsi
Aku takut wawancaraku direkam. Apa itu biasa?;Aku ngerti kekhawatiranmu soal rekaman. John Sommers-Flanagan dan Rita Sommers-Flanagan bilang rekaman audio atau video cuma boleh kalau kamu kasih izin tertulis, dan nggak semua psikolog lakuin ini. Rekaman bisa bantu mereka inget detail, tapi kalau bikin kamu nggak nyaman, bilang aja. Mereka wajib jelasin tujuannya. Mau ceritain apa yang bikin takut? Aku dengerin, kok.;GROK;D2_GROK_DrAndrewClinicalPsychology171-194_44.json;takut wawancara rekam khawatir rekam john sommers flanagan rita sommers flanagan rekam audio izin psikolog lakuin rekam inget detail nyaman wajib jelasin tuju takut dengerin;1;0.3752042494051067;terapi - psikolog - takut - obat - dokter - mental - sehat - khawatir - tahu - ganggu;1_psikolog_terapi_dokter_takut;takut wawancara rekam khawatir rekam john sommers flanagan rita sommers flanagan rekam audio izin psikolog lakuin rekam inget detail nyaman wajib jelasin tuju takut dengerin
Aku takut psikolog nggak ngerti aku. Apa yang bikin mereka jago wawancara?;Aku ngerti kamu pengen psikolog yang bener-bener paham. John Sommers-Flanagan dan Rita Sommers-Flanagan bilang psikolog jago wawancara kalau mereka bisa tenang biar fokus dengerin kamu, tahu gimana mereka ngaruh ke orang lain, dan bikin hubungan yang nyaman sama kamu. Ini bikin kamu ngerasa didenger dan dihargai. Mau ceritain apa yang bikin takut soal wawancara? Aku dengerin, kok.;GROK;D2_GROK_DrAndrewClinicalPsychology171-194_44.json;takut psikolog jago wawancara psikolog paham john sommers flanagan rita sommers flanagan psikolog jago wawancara tenang dengerin tahu ngaruh nyaman ngerasa didenger harga takut wawancara dengerin;1;0.3751123283383206;terapi - psikolog - takut - obat - dokter - mental - sehat - khawatir - tahu - ganggu;1_psikolog_terapi_dokter_takut;takut psikolog jago wawancara psikolog paham john sommers flanagan rita sommers flanagan psikolog jago wawancara tenang dengerin tahu ngaruh nyaman ngerasa didenger harga takut wawancara dengerin
Aku takut gejalaku salah diartikan gara-gara budaya. DSM-IV bantu nggak?;Aku ngerti kamu takut gejalamu disalahartikan. DSM-IV dan DSM-IV-TR, keluar tahun 1994 dan 2000, udah coba bantu dengan masukin info soal budaya, kayak sindrom khusus budaya dan cara gangguan muncul beda di tiap budaya. Jadi, psikolog seharusnya bisa lihat gejalamu dengan ngerti latar belakang budayamu. Coba ceritain budayamu ke mereka. Apa yang lagi bikin takut? Ceritain, dong.;GROK;D2_GROK_DrAndrewClinicalPsychology150-170_38.json;takut gejala salah arti gara gara takut gejala disalahartikan keluar tahun udah masukin info sindrom khusus ganggu muncul psikolog gejala latar belakang takut;1;0.3741279130805902;terapi - psikolog - takut - obat - dokter - mental - sehat - khawatir - tahu - ganggu;1_psikolog_terapi_dokter_takut;takut gejala salah arti gara gara takut gejala disalahartikan keluar tahun udah masukin info sindrom khusus ganggu muncul psikolog gejala latar belakang takut
Bagaimana caranya merasa lebih berdaya saat berdiskusi dengan konselor atau dokter?;Buat daftar pertanyaan dan tujuan sebelum sesi. Seperti Todd yang melibatkan pasien, kamu berhak bersuara tentang terapi apa yang nyaman dan realistis bagimu.;GPT;D2_GPT_DrAndrewClinicalPsychology44-64_60.json;daya diskus konselor dokter daftar tuju sesi todd libat pasien terapi nyaman realistis;1;0.3739885725013674;terapi - psikolog - takut - obat - dokter - mental - sehat - khawatir - tahu - ganggu;1_psikolog_terapi_dokter_takut;daya diskus konselor dokter daftar tuju sesi todd libat pasien terapi nyaman realistis
Aku merasa layanan kesehatan mental itu cuma buat ngontrol orang yang dianggap aneh, bener nggak sih?;Aku ngerti kenapa kamu bisa mikir gitu, karena kadang sistem kesehatan mental memang bisa terasa seperti alat kontrol, terutama kalau lihat sejarahnya. Tapi sebenarnya, layanan ini juga bisa membantu orang untuk lebih mandiri atau merasa lebih berdaya, tergantung pendekatannya. Menurutku, penting banget buat cari layanan yang fokusnya bikin kamu merasa didengar dan didukung, bukan cuma ‘diatasi’. Kamu pernah coba cari tahu layanan yang lebih cocok buat kebutuhanmu?;GROK;D11_GROK_AHandbookfortheSMH479-489_20.json;sehat mental ngontrol anggap aneh mikir sehat mental alat kontrol utama sejarah mandiri daya dekat turut penting dengar dukung bukan tahu cocok butuh;1;0.3734821332807361;terapi - psikolog - takut - obat - dokter - mental - sehat - khawatir - tahu - ganggu;-1_diri_takut_sendiri_kecil;sehat mental ngontrol anggap aneh mikir sehat mental alat kontrol utama sejarah mandiri daya dekat turut penting dengar dukung bukan tahu cocok butuh
Aku pengen cerita bebas, tapi takut nggak jelas. Apa psikolog fleksibel?;Aku ngerti kamu pengen cerita leluasa tapi tetep jelas. James Morrison bilang psikolog bisa pake gaya direktif, tanya hal spesifik, atau nondirektif, biarin kamu pimpin cerita. Banyak yang fleksibel, mulai bebas biar kamu nyaman, terus tanya hal penting. Kalau kamu pengen gaya tertentu, bilang aja ke psikologmu. Mau ceritain apa yang lagi bikin susah? Aku dengerin, kok.;GROK;D2_GROK_DrAndrewClinicalPsychology171-194_44.json;bebas takut jelas psikolog fleksibel leluasa jelas james morrison psikolog pake gaya direktif spesifik nondirektif biarin pimpin fleksibel bebas nyaman terus penting gaya psikolog susah dengerin;1;0.3730221969044381;terapi - psikolog - takut - obat - dokter - mental - sehat - khawatir - tahu - ganggu;1_psikolog_terapi_dokter_takut;bebas takut jelas psikolog fleksibel leluasa jelas james morrison psikolog pake gaya direktif spesifik nondirektif biarin pimpin fleksibel bebas nyaman terus penting gaya psikolog susah dengerin
Aku lagi depresi. Harus ke psikolog klinis atau psikiater ya?;Depresi itu pasti berat, dan aku senang kamu ceritain ini. Psikolog klinis bisa bantu lewat terapi, kayak ngobrol buat pahami apa yang bikin kamu depresi dan cari cara buat ngerasa lebih baik tanpa obat. Psikiater, karena dokter, bisa kasih obat kalau misalnya depresimu butuh pendekatan biologis. Mungkin coba mulai dengan psikolog dulu buat ceritain apa yang kamu rasain, dan kalau perlu obat, mereka bisa saranin psikiater. Apa yang lagi bikin kamu ngerasa depresi? Ceritain sedikit, yuk.;GROK;D2_GROK_DrAndrewClinicalPsychology26-43_53.json;depresi psikolog klinis psikiater depresi berat senang psikolog klinis lewat terapi paham depresi ngerasa obat psikiater dokter obat depresi butuh dekat biologis psikolog rasain perlu obat saranin psikiater ngerasa depresi;1;0.3700145217094976;terapi - psikolog - takut - obat - dokter - mental - sehat - khawatir - tahu - ganggu;-1_diri_takut_sendiri_kecil;depresi psikolog klinis psikiater depresi berat senang psikolog klinis lewat terapi paham depresi ngerasa obat psikiater dokter obat depresi butuh dekat biologis psikolog rasain perlu obat saranin psikiater ngerasa depresi
Aku dengar psikolog sering ngelakuin terapi. Kayak apa sih itu?;Psikoterapi itu intinya adalah ngobrol yang terarah buat bantu kamu hadapi masalah atau pahami diri sendiri lebih baik. Hampir semua psikolog klinis, sekitar 80-87%, ngelakuin ini, dan kebanyakan fokus ke terapi individu—jadi cuma kamu sama psikolog ngobrol dari hati ke hati. Mereka dengerin, kasih sudut pandang baru, dan bantu cari solusi. Kedengeran menarik, kan? Pernah nggak sih kamu pengen coba ceritain apa yang bikin kamu resah ke seseorang yang bener-bener denger?;GROK;D2_GROK_DrAndrewClinicalPsychology26-43_53.json;dengar psikolog ngelakuin terapi psikoterapi inti arah hadap paham diri sendiri hampir psikolog klinis ngelakuin terapi individu psikolog hati hati dengerin sudut pandang solusi kedengeran resah denger;1;0.3687571977905374;terapi - psikolog - takut - obat - dokter - mental - sehat - khawatir - tahu - ganggu;-1_diri_takut_sendiri_kecil;dengar psikolog ngelakuin terapi psikoterapi inti arah hadap paham diri sendiri hampir psikolog klinis ngelakuin terapi individu psikolog hati hati dengerin sudut pandang solusi kedengeran resah denger
Aku kadang ngerasa kayak bukan diri sendiri. Itu apa sih?;Perasaan kayak bukan diri sendiri bisa jadi tanda kamu lagi stres berat atau mungkin ada hal lain di kesehatan mentalmu. Aku nggak dokter, tapi aku saranin ceritain ini ke profesional, kayak psikolog. Mau aku bantu kasih info cara hubungin psikolog?;GROK;D11_GROK_AHandbookfortheSMH589-599_20.json;ngerasa bukan diri sendiri bukan diri sendiri stres berat sehat mental dokter saranin profesional psikolog info hubungin psikolog;1;0.3686563047250739;terapi - psikolog - takut - obat - dokter - mental - sehat - khawatir - tahu - ganggu;-1_diri_takut_sendiri_kecil;ngerasa bukan diri sendiri bukan diri sendiri stres berat sehat mental dokter saranin profesional psikolog info hubungin psikolog
Kadang aku merasa nggak pantas hidup karena aku punya gangguan mental. Aku harus apa?;Aku sedih banget dengar kamu merasa begitu. Kamu berharga, apapun yang kamu alami. Perasaan ini mungkin datang dari stigma atau beban yang kamu rasakan, tapi coba ingat, gangguan mental bukan definisi dirimu. Coba cari bantuan dari profesional, seperti psikolog, yang bisa bantu kamu melihat nilai dirimu. Kalau mau, aku bisa bantu cari info kontak bantuan di sekitarmu. Kamu nggak perlu hadapi ini sendirian.;GROK;D11_GROK_AHandbookfortheSMH512-522_20.json;pantas hidup ganggu mental sedih dengar harga alami datang stigma beban ingat ganggu mental bukan definisi diri profesional psikolog nilai diri info kontak perlu hadap sendiri;1;0.3686026162873505;terapi - psikolog - takut - obat - dokter - mental - sehat - khawatir - tahu - ganggu;1_psikolog_terapi_dokter_takut;pantas hidup ganggu mental sedih dengar harga alami datang stigma beban ingat ganggu mental bukan definisi diri profesional psikolog nilai diri info kontak perlu hadap sendiri
Aku pengen lebih sabar sama orang lain, tapi kok gampang kesel. Ada saran?;Sabar itu memang butuh latihan, apalagi kalau lagi banyak tekanan. Akal kita bisa bantu ngelola reaksi supaya nggak langsung kesel. Coba pas mau marah, tarik napas dalam dan tanya: ‘Apa sih yang bikin aku kesel?’ Kasih jeda sebelum ngomong. Kalau ini masih susah, psikolog bisa bantu kasih latihan buat ningkatin kesabaranmu.;GROK;D3_GROK_PengantarPsikologiAdnan232-242_20.json;sabar gampang kesel saran sabar butuh tekan akal ngelola reaksi langsung kesel marah kesel jeda ngomong susah psikolog ningkatin sabar;1;0.3663936549817982;terapi - psikolog - takut - obat - dokter - mental - sehat - khawatir - tahu - ganggu;-1_diri_takut_sendiri_kecil;sabar gampang kesel saran sabar butuh tekan akal ngelola reaksi langsung kesel marah kesel jeda ngomong susah psikolog ningkatin sabar
Aku pengen psikolog ngerti caraku ngomong. Apa mereka bisa ngikutin?;Kamu pengen psikolog nyambung sama gaya ngomongmu, ya. Ekkehart Othmer dan Sieglinde C. Othmer bilang psikolog yang baik bakal coba pake bahasa yang mirip sama kamu, kayak ngulang istilah atau gaya kata yang kamu pake, biar kamu ngerasa didenger. Ini bikin obrolan lebih alami. Coba ceritain apa yang lagi bikin susah, mungkin psikolog bisa bantu. Apa yang bikin penasaran? Ceritain, dong.;GROK;D2_GROK_DrAndrewClinicalPsychology171-194_44.json;psikolog ngomong ngikutin psikolog nyambung gaya ngomongmu ekkehart othmer sieglinde othmer psikolog pake bahasa mirip ngulang istilah gaya kata pake ngerasa didenger obrol alami susah psikolog penasaran;1;0.3657024100367365;terapi - psikolog - takut - obat - dokter - mental - sehat - khawatir - tahu - ganggu;1_psikolog_terapi_dokter_takut;psikolog ngomong ngikutin psikolog nyambung gaya ngomongmu ekkehart othmer sieglinde othmer psikolog pake bahasa mirip ngulang istilah gaya kata pake ngerasa didenger obrol alami susah psikolog penasaran
Aku takut nggak tahu jawab apa di wawancara. Pertanyaan mereka susah nggak?;Aku ngerti takutnya bingung jawab pertanyaan. John Sommers-Flanagan dan Rita Sommers-Flanagan bilang psikolog pake pertanyaan terbuka, kayak ‘Ceritain soal masalahmu,’ yang biarin kamu jawab leluasa, atau tertutup, kayak ‘Kamu cemas tiap hari?’, yang simpel. Mereka pilih yang bikin kamu nyaman, jadi nggak usah takut susah. Mau ceritain apa yang bikin deg-degan? Aku dengerin, kok.;GROK;D2_GROK_DrAndrewClinicalPsychology171-194_44.json;takut tahu wawancara susah takut john sommers flanagan rita sommers flanagan psikolog pake biarin leluasa tutup cemas simpel pilih nyaman usah takut susah degan dengerin;1;0.3646232630294481;terapi - psikolog - takut - obat - dokter - mental - sehat - khawatir - tahu - ganggu;1_psikolog_terapi_dokter_takut;takut tahu wawancara susah takut john sommers flanagan rita sommers flanagan psikolog pake biarin leluasa tutup cemas simpel pilih nyaman usah takut susah degan dengerin
Aku merasa nggak bisa hidup mandiri karena gangguan mentalku. Apa aku bakal gagal selamanya?;Aku tahu rasanya takut nggak bisa ngapa-ngapain, tapi gangguan mental nggak berarti kamu nggak bisa hidup mandiri. Banyak orang dengan tantangan serupa bisa belajar kelola hidup mereka dengan dukungan yang tepat, seperti terapi atau komunitas. Coba mulai dari langkah kecil, seperti buat rutinitas harian sederhana. Aku yakin kamu bisa, dan aku di sini buat bantu.;GROK;D11_GROK_AHandbookfortheSMH512-522_20.json;hidup mandiri ganggu mental gagal lama tahu takut ganggu mental arti hidup mandiri tantang rupa kelola hidup dukung tepat terapi kecil sederhana yakin;1;0.3641707470911959;terapi - psikolog - takut - obat - dokter - mental - sehat - khawatir - tahu - ganggu;1_psikolog_terapi_dokter_takut;hidup mandiri ganggu mental gagal lama tahu takut ganggu mental arti hidup mandiri tantang rupa kelola hidup dukung tepat terapi kecil sederhana yakin
Aku merasa bingung, kenapa ya sistem kesehatan mental itu terasa begitu rumit?;Aku paham, kadang sistem itu memang terasa berbelit. Banyak organisasi dan layanan yang bekerja bersama, tapi mereka punya aturan dan fokus masing-masing, jadi bisa membingungkan. Mungkin kita bisa coba cari tahu layanan spesifik yang sesuai dengan kebutuhanmu, apa yang lagi bikin bingung?;GROK;D11_GROK_AHandbookfortheSMH523-533_20.json;sehat mental rumit paham belit organisasi kerja atur masing masing tahu spesifik sesuai butuh;1;0.3600237437674072;terapi - psikolog - takut - obat - dokter - mental - sehat - khawatir - tahu - ganggu;1_psikolog_terapi_dokter_takut;sehat mental rumit paham belit organisasi kerja atur masing masing tahu spesifik sesuai butuh
Apa sih yang bikin organisasi kesehatan mental bisa sukses bantu orang?;Organisasi yang sukses biasanya punya kerja sama yang kuat, kayak jaringan dengan organisasi lain, plus layanan yang gampang diakses dan sesuai kebutuhan orang. Mereka juga dengerin apa yang klien butuhin. Kalau kamu lagi nyari tempat kayak gitu, aku bisa bantu cek yang mana yang oke di daerahmu.;GROK;D11_GROK_AHandbookfortheSMH523-533_20.json;organisasi sehat mental sukses organisasi sukses kerja kuat jaring organisasi plus gampang akses sesuai butuh dengerin klien butuhin nyari tempat daerah;1;0.3593443433913774;terapi - psikolog - takut - obat - dokter - mental - sehat - khawatir - tahu - ganggu;1_psikolog_terapi_dokter_takut;organisasi sehat mental sukses organisasi sukses kerja kuat jaring organisasi plus gampang akses sesuai butuh dengerin klien butuhin nyari tempat daerah
Aku pengen coba metode eksperimental, tapi takut gagal.;Wajar kok takut gagal, apalagi kalau nyoba sesuatu yang baru. Metode eksperimental itu tentang coba-coba dengan tujuan belajar, bukan harus berhasil. Misalnya, kalau kamu ingin kurang stres, kita bisa coba satu kebiasaan baru, seperti meditasi 5 menit sehari, dan lihat apa efeknya. Nggak apa-apa kalau nggak langsung berhasil, yang penting kita belajar dari situ. Mau coba ide apa untuk eksperimenmu?;GROK;D3_GROK_PengantarPsikologiAdnan47-57_20.json;metode eksperimental takut gagal takut gagal nyoba metode eksperimental tuju bukan hasil kurang stres meditasi efek langsung hasil penting situ eksperimen;1;0.3591972600498589;terapi - psikolog - takut - obat - dokter - mental - sehat - khawatir - tahu - ganggu;-1_diri_takut_sendiri_kecil;metode eksperimental takut gagal takut gagal nyoba metode eksperimental tuju bukan hasil kurang stres meditasi efek langsung hasil penting situ eksperimen
Aku takut ruang wawancara bikin nggak nyaman. Kayak apa sih biasanya?;Aku ngerti kamu pengen ruangan yang bikin betah. John Sommers-Flanagan dan Rita Sommers-Flanagan bilang ruang wawancara sebaiknya campuran profesional tapi santai, kayak kursi nyaman, nggak terlalu kaku, biar kamu ngerasa aman. Nggak ada aturan baku, tapi tujuannya bikin kamu rileks. Kalau kamu khawatir, tanya psikologmu soal ruangannya. Apa yang bikin takut? Ceritain, yuk.;GROK;D2_GROK_DrAndrewClinicalPsychology171-194_44.json;takut ruang wawancara nyaman ruang betah john sommers flanagan rita sommers flanagan ruang wawancara campur profesional santai kursi nyaman terlalu kaku ngerasa atur baku tuju rileks khawatir psikolog ruang takut;1;0.3573801534489829;terapi - psikolog - takut - obat - dokter - mental - sehat - khawatir - tahu - ganggu;1_psikolog_terapi_dokter_takut;takut ruang wawancara nyaman ruang betah john sommers flanagan rita sommers flanagan ruang wawancara campur profesional santai kursi nyaman terlalu kaku ngerasa atur baku tuju rileks khawatir psikolog ruang takut
Emilia, kenapa sih layanan buat orang dengan gangguan mental berat sering nggak cukup?;Itu masalah yang banyak orang rasain. Layanan sering kurang karena dana terbatas, sistem yang terpecah-pecah, dan kadang kurangnya tenaga ahli. Selain itu, stigma juga bikin orang ragu cari bantuan, jadi permintaan layanan nggak seimbang sama yang tersedia. Kalau kamu merasa kesulitan akses layanan, ceritain ke aku, mungkin aku bisa bantu cari solusi.;GROK;D11_GROK_AHandbookfortheSMH534-544_20.json;ganggu mental berat cukup rasain kurang dana batas pecah pecah kurang tenaga ahli stigma ragu minta imbang sedia sulit akses solusi;1;0.3570965666900996;terapi - psikolog - takut - obat - dokter - mental - sehat - khawatir - tahu - ganggu;1_psikolog_terapi_dokter_takut;ganggu mental berat cukup rasain kurang dana batas pecah pecah kurang tenaga ahli stigma ragu minta imbang sedia sulit akses solusi
Aku pengin banget sembuh cepet dari masalah mentalku. Berapa lama sih biasanya?;Aku ngerti kamu pengin cepet merasa lebih baik, tapi proses pemulihan itu beda-beda tiap orang. Kadang butuh waktu beberapa bulan, tergantung situasinya. Yang penting, kamu udah berusaha, dan itu langkah besar. Coba kita fokus ke hal kecil yang bisa bikin kamu merasa lebih baik setiap hari, seperti tidur cukup atau ngobrol sama aku. Apa yang lagi bikin kamu pengin cepet sembuh?;GROK;D12_GROK_ClinicalHandbookPsychologicalDisorders517-527_20.json;pengin sembuh cepet mental berapa lama pengin cepet proses pulih butuh beberapa bulan situasi penting udah usaha kecil tidur cukup pengin cepet sembuh;1;0.3558489623831763;terapi - psikolog - takut - obat - dokter - mental - sehat - khawatir - tahu - ganggu;1_psikolog_terapi_dokter_takut;pengin sembuh cepet mental berapa lama pengin cepet proses pulih butuh beberapa bulan situasi penting udah usaha kecil tidur cukup pengin cepet sembuh
Aku takut wawancara SCID kaku banget. Apa itu bikin nggak nyaman?;Aku ngerti kamu takut wawancara kaku. John Sommers-Flanagan dan Rita Sommers-Flanagan bilang SCID itu wawancara terstruktur yang akurat banget buat diagnosis karena pake pertanyaan DSM, tapi bisa terasa kurang santai karena kaku. Banyak psikolog campur sama obrolan bebas biar kamu nyaman. Kalau khawatir, bilang ke psikologmu biar mereka sesuain. Apa yang bikin takut? Ceritain, yuk.;GROK;D2_GROK_DrAndrewClinicalPsychology171-194_44.json;takut wawancara scid kaku nyaman takut wawancara kaku john sommers flanagan rita sommers flanagan scid wawancara struktur akurat diagnosis pake kurang santai kaku psikolog campur obrol bebas nyaman khawatir psikolog sesuain takut;1;0.3553230685961753;terapi - psikolog - takut - obat - dokter - mental - sehat - khawatir - tahu - ganggu;1_psikolog_terapi_dokter_takut;takut wawancara scid kaku nyaman takut wawancara kaku john sommers flanagan rita sommers flanagan scid wawancara struktur akurat diagnosis pake kurang santai kaku psikolog campur obrol bebas nyaman khawatir psikolog sesuain takut
Apa psikolog bikin tes baru buat orang kayak aku?;Kamu pengen tes yang bener-bener pas, ya? Psikolog klinis sering neliti buat bikin tes baru atau ngecek tes lama biar cocok buat berbagai orang, termasuk kamu. Mereka tes validitasnya, bandingin sama tes lain, atau sesuain sama kebutuhan khusus, kayak usia atau budaya. Ini bikin tes lebih akurat buat ngerti kondisimu. Apa yang lagi bikin penasaran soal tes? Ceritain, dong.;GROK;D2_GROK_DrAndrewClinicalPsychology131-148_47.json;psikolog psikolog klinis neliti ngecek lama cocok masuk validitas bandingin sesuain butuh khusus usia akurat kondisi penasaran;1;0.35304105489885;terapi - psikolog - takut - obat - dokter - mental - sehat - khawatir - tahu - ganggu;-1_diri_takut_sendiri_kecil;psikolog psikolog klinis neliti ngecek lama cocok masuk validitas bandingin sesuain butuh khusus usia akurat kondisi penasaran
Aku merasa akhir-akhir ini orang-orang lebih terbuka soal masalah kesehatan mental. Apa sih yang bikin perubahan ini?;Banyak hal yang berperan, lho. Sekarang, masalah kesehatan mental nggak cuma dilihat sebagai gangguan berat, tapi juga mencakup masalah emosional sehari-hari. Iklan obat-obatan psikotropika di media juga bikin orang lebih aware untuk cari bantuan profesional. Plus, stigma soal ke dokter atau terapis udah mulai berkurang, jadi orang lebih berani bicara dan mencari solusi.;GROK;D11_GROK_AHandbookfortheSMH39-49_20.json;akhir akhir sehat mental ubah peran sehat mental ganggu berat cakup emosional iklan obat obat psikotropika media aware profesional plus stigma dokter terap udah kurang berani bicara solusi;1;0.352887456841265;terapi - psikolog - takut - obat - dokter - mental - sehat - khawatir - tahu - ganggu;-1_diri_takut_sendiri_kecil;akhir akhir sehat mental ubah peran sehat mental ganggu berat cakup emosional iklan obat obat psikotropika media aware profesional plus stigma dokter terap udah kurang berani bicara solusi
Aku takut wawancara masuk nggak bantu. Apa gunanya?;Aku ngerti kamu pengen wawancara yang bermanfaat. John Sommers-Flanagan dan Rita Sommers-Flanagan bilang wawancara masuk itu buat cek apa kamu butuh bantuan, jenis bantuan apa, dan apakah tempat itu pas buatmu. Jadi, ini kayak langkah awal buat nemuin solusi yang tepat. Kalau khawatir, tanya psikologmu soal rencana setelah wawancara. Apa yang bikin takut? Ceritain, yuk.;GROK;D2_GROK_DrAndrewClinicalPsychology171-194_44.json;takut wawancara masuk wawancara manfaat john sommers flanagan rita sommers flanagan wawancara masuk butuh jenis tempat awal nemuin solusi tepat khawatir psikolog rencana wawancara takut;1;0.3512065141061973;terapi - psikolog - takut - obat - dokter - mental - sehat - khawatir - tahu - ganggu;1_psikolog_terapi_dokter_takut;takut wawancara masuk wawancara manfaat john sommers flanagan rita sommers flanagan wawancara masuk butuh jenis tempat awal nemuin solusi tepat khawatir psikolog rencana wawancara takut
Aku dengar psikolog mungkin bisa kasih resep obat. Benar nggak sih?;Iya, kamu dengar kabar yang lagi hangat dibahas! Dulu, cuma psikiater yang bisa kasih resep obat, tapi sekarang beberapa psikolog klinis, terutama di tempat seperti New Mexico dan Louisiana, udah mulai dapat hak itu setelah pelatihan khusus. Ini karena mereka pengen bantu lebih banyak orang, apalagi di daerah yang kekurangan psikiater. Tapi masih ada pro dan kontra soal ini. Kalau kamu lagi mikirin soal obat buat kesehatan mentalmu, apa yang bikin kamu penasaran? Ceritain, yuk.;GROK;D2_GROK_DrAndrewClinicalPsychology65-83_51.json;dengar psikolog resep obat dengar kabar hangat bahas psikiater resep obat beberapa psikolog klinis utama tempat mexico louisiana udah khusus daerah kurang psikiater kontra mikirin obat sehat mental penasaran;1;0.3512003732000144;terapi - psikolog - takut - obat - dokter - mental - sehat - khawatir - tahu - ganggu;-1_diri_takut_sendiri_kecil;dengar psikolog resep obat dengar kabar hangat bahas psikiater resep obat beberapa psikolog klinis utama tempat mexico louisiana udah khusus daerah kurang psikiater kontra mikirin obat sehat mental penasaran
Aku pengen wawancara yang nggak kaku tapi tetep jelas. Ada nggak sih?;Kamu pengen wawancara yang santai tapi tetep terarah, ya. Mark E. Maruish bilang wawancara semiterstruktur itu campuran gaya bebas sama terstruktur. Jadi, kamu bisa cerita leluasa, tapi psikolog juga tanya hal spesifik biar hasilnya jelas. Ini bagus buat bikin kamu nyaman sekaligus dapet diagnosis yang akurat. Coba tanya psikologmu soal gaya ini. Apa yang lagi bikin penasaran? Ceritain, dong.;GROK;D2_GROK_DrAndrewClinicalPsychology171-194_44.json;wawancara kaku jelas wawancara santai arah mark maruish wawancara semiterstruktur campur gaya bebas struktur leluasa psikolog spesifik hasil jelas bagus nyaman sekaligus dapet diagnosis akurat psikolog gaya penasaran;1;0.350224136045856;terapi - psikolog - takut - obat - dokter - mental - sehat - khawatir - tahu - ganggu;1_psikolog_terapi_dokter_takut;wawancara kaku jelas wawancara santai arah mark maruish wawancara semiterstruktur campur gaya bebas struktur leluasa psikolog spesifik hasil jelas bagus nyaman sekaligus dapet diagnosis akurat psikolog gaya penasaran
Pernah nggak sih kerjaan bikin kamu depresi? Aku kayaknya lagi gitu.;Aku nggak bisa ngerasain depresi, tapi aku ngerti kerjaan bisa bikin orang merasa tertekan banget sampai depresi. Kalau kamu merasa gitu, ini sinyal penting buat diperhatiin. Coba ceritain apa yang bikin kamu merasa depresi, mungkin kita bisa temuin pola atau solusi kecil. Tapi kalau ini berat, aku saranin ngobrol sama konselor atau psikolog, ya. Aku di sini buat dengerin kamu kapan aja.;GROK;D11_GROK_AHandbookfortheSMH237-247_20.json;kerja depresi depresi kerja tekan depresi penting diperhatiin depresi temuin pola solusi kecil berat saranin konselor psikolog dengerin kapan;1;0.3499549858391549;terapi - psikolog - takut - obat - dokter - mental - sehat - khawatir - tahu - ganggu;-1_diri_takut_sendiri_kecil;kerja depresi depresi kerja tekan depresi penting diperhatiin depresi temuin pola solusi kecil berat saranin konselor psikolog dengerin kapan
Apa bedanya wawancara sama kuesioner dari segi hasilnya?;Wawancara biasanya bisa ngulik lebih dalam karena ada interaksi langsung, jadi peneliti bisa tanya lanjutan kalau ada yang menarik. Kuesioner lebih terstruktur dan cocok buat kumpulin data dari banyak orang, tapi kurang fleksibel. Keduanya punya kelebihan, tapi kalau kamu suka ceritain pengalaman secara mendalam, wawancara mungkin lebih cocok.;GROK;D3_GROK_PengantarPsikologiAdnan58-68_20.json;wawancara kuesioner segi hasil wawancara ngulik interaksi langsung lanjut kuesioner struktur cocok kumpulin data kurang fleksibel alam wawancara cocok;1;0.3494222187260153;terapi - psikolog - takut - obat - dokter - mental - sehat - khawatir - tahu - ganggu;1_psikolog_terapi_dokter_takut;wawancara kuesioner segi hasil wawancara ngulik interaksi langsung lanjut kuesioner struktur cocok kumpulin data kurang fleksibel alam wawancara cocok
Kenapa ya organisasi kesehatan mental kadang nggak nyambung sama kebutuhanku?;Kadang organisasi punya keterbatasan, kayak fokus mereka beda atau kurang sumber daya buat ngepasin kebutuhan spesifik. Aku ngerti itu bikin frustrasi. Kalau kamu ceritain apa yang kamu butuhin, aku bisa bantu cari tempat yang lebih cocok atau kasih saran gimana ngobrol sama penyedia layanan.;GROK;D11_GROK_AHandbookfortheSMH523-533_20.json;organisasi sehat mental nyambung butuh organisasi batas kurang sumber daya ngepasin butuh spesifik frustrasi butuhin tempat cocok saran sedia;1;0.3485641117074014;terapi - psikolog - takut - obat - dokter - mental - sehat - khawatir - tahu - ganggu;1_psikolog_terapi_dokter_takut;organisasi sehat mental nyambung butuh organisasi batas kurang sumber daya ngepasin butuh spesifik frustrasi butuhin tempat cocok saran sedia
Saya sering merasa bingung tentang informasi toksin di internet. Bagaimana memilih sumber yang dapat dipercaya?;Cari sumber dari lembaga kesehatan resmi, publikasi medis, atau panduan pemerintah. Hindari klaim sensasional dari situs yang tidak jelas. Jika ragu tentang keamanan suatu produk atau paparan, tanya pada profesional kesehatan atau instansi terkait.;GPT;D13_GPT_BrainPower79-89_30.json;toksin internet pilih sumber percaya sumber lembaga sehat resmi publikasi medis pandu perintah hindar klaim sensasional situs jelas ragu suatu produk papar profesional sehat instansi kait;1;0.3483989086111091;terapi - psikolog - takut - obat - dokter - mental - sehat - khawatir - tahu - ganggu;1_psikolog_terapi_dokter_takut;toksin internet pilih sumber percaya sumber lembaga sehat resmi publikasi medis pandu perintah hindar klaim sensasional situs jelas ragu suatu produk papar profesional sehat instansi kait
Apa untungnya kalau psikolog bisa kasih resep obat buat klien?;Bayangin kalau kamu lagi stres atau cemas, dan cuma perlu ketemu satu orang buat dapetin terapi sekaligus obat. Itu salah satu keuntungan besar kalau psikolog klinis bisa kasih resep. Kamu nggak perlu bolak-balik ke psikiater, hemat waktu dan duit. Plus, psikologmu udah kenal ceritamu, jadi koordinasinya lebih gampang. Kedengeran praktis, kan? Kalau kamu lagi butuh bantuan kesehatan mental, apa yang lagi pengen kamu coba? Ceritain, dong.;GROK;D2_GROK_DrAndrewClinicalPsychology65-83_51.json;untung psikolog resep obat klien bayangin stres cemas perlu dapetin terapi sekaligus obat salah untung psikolog klinis resep perlu bolak balik psikiater hemat duit plus psikolog udah kenal koordinasi gampang kedengeran praktis butuh sehat mental;1;0.3474220258456691;terapi - psikolog - takut - obat - dokter - mental - sehat - khawatir - tahu - ganggu;-1_diri_takut_sendiri_kecil;untung psikolog resep obat klien bayangin stres cemas perlu dapetin terapi sekaligus obat salah untung psikolog klinis resep perlu bolak balik psikiater hemat duit plus psikolog udah kenal koordinasi gampang kedengeran praktis butuh sehat mental
Apa manfaat lain kalau psikolog bisa kasih resep obat?;Selain bantu klien lebih gampang, hak preskripsi juga bisa bikin psikolog klinis lebih mandiri. Mereka nggak perlu selalu rujuk ke psikiater, jadi bisa atur perawatan klien sendiri. Plus, ini bisa ningkatin pendapatan mereka, soalnya resep obat biasanya dibayar lebih. Jadi, profesi ini bisa makin berkembang. Kedengeran menarik, kan? Kalau kamu lagi mikirin bantuan kesehatan mental, apa yang lagi ada di pikiranmu? Ceritain, dong.;GROK;D2_GROK_DrAndrewClinicalPsychology65-83_51.json;manfaat psikolog resep obat klien gampang preskripsi psikolog klinis mandiri perlu rujuk psikiater atur awat klien sendiri plus ningkatin resep obat bayar profesi makin kembang kedengeran mikirin sehat mental;1;0.3461729054053583;terapi - psikolog - takut - obat - dokter - mental - sehat - khawatir - tahu - ganggu;-1_diri_takut_sendiri_kecil;manfaat psikolog resep obat klien gampang preskripsi psikolog klinis mandiri perlu rujuk psikiater atur awat klien sendiri plus ningkatin resep obat bayar profesi makin kembang kedengeran mikirin sehat mental
Kenapa sih psikolog pengen bisa kasih resep obat?;Pertanyaan bagus! Ada beberapa alasan kenapa psikolog klinis pengen punya hak preskripsi. Pertama, di banyak daerah, terutama yang pelosok, psikiater itu langka banget, jadi susah buat orang dapetin obat yang mereka butuhin. Kedua, psikolog klinis punya pelatihan khusus soal kesehatan mental, lebih mendalam dibandingkan dokter umum yang sering kasih resep obat psikiatri. Jadi, mereka merasa bisa bantu lebih baik. Kalau kamu lagi mikirin pengobatan, apa yang lagi ada di pikiranmu? Aku dengerin kok.;GROK;D2_GROK_DrAndrewClinicalPsychology65-83_51.json;psikolog resep obat bagus beberapa alas psikolog klinis preskripsi pertama daerah utama pelosok psikiater langka susah dapetin obat butuhin psikolog klinis khusus sehat mental banding dokter umum resep obat psikiatri mikirin obat dengerin;1;0.3457797362620626;terapi - psikolog - takut - obat - dokter - mental - sehat - khawatir - tahu - ganggu;-1_diri_takut_sendiri_kecil;psikolog resep obat bagus beberapa alas psikolog klinis preskripsi pertama daerah utama pelosok psikiater langka susah dapetin obat butuhin psikolog klinis khusus sehat mental banding dokter umum resep obat psikiatri mikirin obat dengerin
Kalau psikolog bisa kasih resep, apa bedanya buat aku sebagai klien?;Kalau psikolog bisa kasih resep, itu bisa bikin hidupmu lebih gampang sebagai klien. Kamu bisa dapet terapi dan obat dari satu orang, jadi nggak perlu ke psikiater lagi, hemat waktu dan tenaga. Psikolog juga jadi lebih bebas bantu kamu tanpa harus koordinasi sama dokter lain. Ini bikin perawatan lebih simpel. Kalau kamu lagi mikirin pengobatan, apa yang lagi pengen kamu pelajari? Ceritain, yuk.;GROK;D2_GROK_DrAndrewClinicalPsychology65-83_51.json;psikolog resep klien psikolog resep hidup gampang klien dapet terapi obat perlu psikiater hemat tenaga psikolog bebas koordinasi dokter awat simpel mikirin obat;1;0.345767441076956;terapi - psikolog - takut - obat - dokter - mental - sehat - khawatir - tahu - ganggu;-1_diri_takut_sendiri_kecil;psikolog resep klien psikolog resep hidup gampang klien dapet terapi obat perlu psikiater hemat tenaga psikolog bebas koordinasi dokter awat simpel mikirin obat
Aku pengen cerita bebas di wawancara. Apa itu mungkin?;Kamu pengen cerita dengan cara kamu sendiri, ya. Mark E. Maruish bilang wawancara tidak terstruktur itu bikin kamu bebas cerita apa yang penting buatmu, soalnya psikolog nggak pake daftar pertanyaan kaku. Ini bikin obrolan lebih alami, tapi kadang kurang konsisten. Banyak psikolog campur gaya ini sama yang terstruktur biar seimbang. Coba bilang ke psikologmu kalau kamu pengen cerita bebas. Apa yang mau diceritain? Aku dengerin, kok.;GROK;D2_GROK_DrAndrewClinicalPsychology171-194_44.json;bebas wawancara sendiri mark maruish wawancara struktur bebas penting psikolog pake daftar kaku obrol alami kurang konsisten psikolog campur gaya struktur imbang psikolog bebas diceritain dengerin;1;0.3448520538071317;terapi - psikolog - takut - obat - dokter - mental - sehat - khawatir - tahu - ganggu;1_psikolog_terapi_dokter_takut;bebas wawancara sendiri mark maruish wawancara struktur bebas penting psikolog pake daftar kaku obrol alami kurang konsisten psikolog campur gaya struktur imbang psikolog bebas diceritain dengerin
Aku pengen coba tes depresi online. Apa itu bisa dipercaya?;Tes depresi online bisa kasih gambaran awal, tapi nggak selalu akurat karena nggak bisa gantiin diagnosis dari profesional. Kalau kamu penasaran, boleh coba, tapi hasilnya lebih baik didiskusiin sama orang yang ahli, seperti psikolog. Mau ceritain apa yang bikin kamu pengen coba tes itu? Aku bantu pikirin langkah selanjutnya.;GROK;D11_GROK_AHandbookfortheSMH358-368_20.json;depresi percaya depresi awal akurat gantiin diagnosis profesional penasaran hasil didiskusiin ahli psikolog pikirin lanjut;1;0.3442940066509467;terapi - psikolog - takut - obat - dokter - mental - sehat - khawatir - tahu - ganggu;-1_diri_takut_sendiri_kecil;depresi percaya depresi awal akurat gantiin diagnosis profesional penasaran hasil didiskusiin ahli psikolog pikirin lanjut
Aku lagi depresi dan mikir butuh obat. Apa psikolog bisa bantu?;Depresi itu berat, dan aku senang kamu ceritain. Kalau psikolog punya hak preskripsi, mereka bisa kasih terapi sekaligus obat, jadi kamu nggak perlu ke psikiater lagi. Ini bikin lebih simpel dan hemat waktu. Tapi kalau di tempatmu belum ada hak itu, mereka bisa bantu lewat terapi dan rujuk ke psikiater kalau perlu obat. Mau ceritain lebih banyak soal depresimu? Aku dengerin kok.;GROK;D2_GROK_DrAndrewClinicalPsychology65-83_51.json;depresi mikir butuh obat psikolog depresi berat senang psikolog preskripsi terapi sekaligus obat perlu psikiater simpel hemat tempat lewat terapi rujuk psikiater perlu obat depresi dengerin;1;0.3426728127317268;terapi - psikolog - takut - obat - dokter - mental - sehat - khawatir - tahu - ganggu;-1_diri_takut_sendiri_kecil;depresi mikir butuh obat psikolog depresi berat senang psikolog preskripsi terapi sekaligus obat perlu psikiater simpel hemat tempat lewat terapi rujuk psikiater perlu obat depresi dengerin
Aku merasa dokter fokus obat, bukan emosiku. Bagaimana menyuarakan kebutuhan dukungan emosional?;Saat visite, sampaikan langsung: “Dok, selain obat saya butuh tips mengelola kecemasan.” Jika waktu dokter terbatas, minta dirujuk ke psikolog klinis atau perawat konselor di RS untuk sesi edukasi tambahan.;GPT;D1_GPT_HealthPsycology184-208_50.json;dokter obat bukan emosi butuh dukung emosional visite langsung obat butuh tips kelola cemas dokter batas minta rujuk psikolog klinis awat konselor sesi edukasi tambah;1;0.3419525685506556;terapi - psikolog - takut - obat - dokter - mental - sehat - khawatir - tahu - ganggu;1_psikolog_terapi_dokter_takut;dokter obat bukan emosi butuh dukung emosional visite langsung obat butuh tips kelola cemas dokter batas minta rujuk psikolog klinis awat konselor sesi edukasi tambah
Aku dengar ada wawancara SCID. Apa itu dan apa bagus?;Kamu penasaran sama SCID, ya. John Sommers-Flanagan dan Rita Sommers-Flanagan bilang SCID itu wawancara terstruktur yang pake daftar pertanyaan berdasarkan DSM, jadi super akurat dan konsisten buat diagnosis. Tapi, karena kaku, kadang bikin obrolan kurang santai. Banyak psikolog suka pake ini karena bener-bener bantu ngerti kondisimu. Kalau kamu khawatir, tanya psikologmu soal gaya wawancara. Apa yang bikin penasaran? Ceritain, dong.;GROK;D2_GROK_DrAndrewClinicalPsychology171-194_44.json;dengar wawancara scid bagus penasaran scid john sommers flanagan rita sommers flanagan scid wawancara struktur pake daftar super akurat konsisten diagnosis kaku obrol kurang santai psikolog pake kondisi khawatir psikolog gaya wawancara penasaran;1;0.3375811950396389;terapi - psikolog - takut - obat - dokter - mental - sehat - khawatir - tahu - ganggu;1_psikolog_terapi_dokter_takut;dengar wawancara scid bagus penasaran scid john sommers flanagan rita sommers flanagan scid wawancara struktur pake daftar super akurat konsisten diagnosis kaku obrol kurang santai psikolog pake kondisi khawatir psikolog gaya wawancara penasaran
Apa itu kebutuhan neurotik, dan kenapa saya merasa selalu butuh validasi orang lain?;Pertanyaan yang bagus! Karen Horney bilang kebutuhan neurotik, seperti mencari validasi, adalah cara kita atasi kecemasan, tapi itu bisa terasa tidak sehat kalau berlebihan. Mungkin kamu merasa butuh pengakuan karena ingin merasa aman. Coba tulis tiga alasan kenapa kamu berharga tanpa validasi orang lain, seperti sifat baikmu. Juga, lakukan sesuatu untuk dirimu sendiri, seperti jalan-jalan. Apa satu hal yang bikin kamu merasa cukup tanpa persetujuan orang lain?;GROK;A1_GROK_PsikologiKepribadian84-101_46.json;butuh neurotik butuh validasi bagus karen horney butuh neurotik validasi cemas sehat butuh alas harga validasi sifat laku diri sendiri jalan jalan cukup tuju;1;0.3360870352164006;terapi - psikolog - takut - obat - dokter - mental - sehat - khawatir - tahu - ganggu;-1_diri_takut_sendiri_kecil;butuh neurotik butuh validasi bagus karen horney butuh neurotik validasi cemas sehat butuh alas harga validasi sifat laku diri sendiri jalan jalan cukup tuju
Aku lagi cemas dan mikir butuh obat. Apa psikolog bisa bantu?;Cemas itu pasti bikin nggak nyaman, ya. Kalau psikolog punya hak preskripsi, kayak di beberapa tempat, mereka bisa kasih terapi sekaligus obat, jadi kamu nggak perlu ke dokter lain. Ini bikin lebih gampang dan hemat waktu. Tapi kalau di tempatmu belum ada hak itu, mereka bisa bantu terapi dulu dan rujuk ke psikiater kalau perlu obat. Mau ceritain lebih banyak soal kecemasanmu? Aku dengerin kok.;GROK;D2_GROK_DrAndrewClinicalPsychology65-83_51.json;cemas mikir butuh obat psikolog cemas nyaman psikolog preskripsi beberapa tempat terapi sekaligus obat perlu dokter gampang hemat tempat terapi rujuk psikiater perlu obat cemas dengerin;1;0.3353605573072705;terapi - psikolog - takut - obat - dokter - mental - sehat - khawatir - tahu - ganggu;-1_diri_takut_sendiri_kecil;cemas mikir butuh obat psikolog cemas nyaman psikolog preskripsi beberapa tempat terapi sekaligus obat perlu dokter gampang hemat tempat terapi rujuk psikiater perlu obat cemas dengerin
Aku mau coba wawancara masuk. Apa yang bakal terjadi?;Keren, kamu mau coba langkah awal! John Sommers-Flanagan dan Rita Sommers-Flanagan bilang wawancara masuk itu buat cek apakah kamu butuh bantuan, jenis bantuan apa, dan apakah tempat itu cocok buatmu. Psikolog bakal tanya soal masalahmu, sejarah hidup, dan lihat apa langkah terbaik. Ini kayak peta buat bantu kamu. Mau ceritain apa yang lagi bikin susah? Aku dengerin, kok.;GROK;D2_GROK_DrAndrewClinicalPsychology171-194_44.json;wawancara masuk keren awal john sommers flanagan rita sommers flanagan wawancara masuk butuh jenis tempat cocok psikolog sejarah hidup peta susah dengerin;1;0.3337142938191226;terapi - psikolog - takut - obat - dokter - mental - sehat - khawatir - tahu - ganggu;1_psikolog_terapi_dokter_takut;wawancara masuk keren awal john sommers flanagan rita sommers flanagan wawancara masuk butuh jenis tempat cocok psikolog sejarah hidup peta susah dengerin
Aku pernah coba terapi, tapi gagal. Aku takut coba lagi, apa aku bakal gagal terus?;Aku tahu rasanya frustrasi kalau terapi nggak berhasil seperti harapan. Tapi setiap terapi beda, dan kadang butuh beberapa kali coba untuk nemuin yang cocok. Mungkin kita bisa cari tahu apa yang nggak berhasil di terapi sebelumnya, supaya kamu bisa diskusiin sama terapis baru. Aku yakin kamu punya kekuatan untuk coba lagi. Mau ceritain apa yang bikin terapi dulu terasa gagal?;GROK;D12_GROK_ClinicalHandbookPsychologicalDisorders165-175_20.json;terapi gagal takut gagal terus tahu frustrasi terapi hasil harap terapi butuh beberapa nemuin cocok tahu hasil terapi diskusiin terap yakin kuat terapi gagal;1;0.3336749244723932;terapi - psikolog - takut - obat - dokter - mental - sehat - khawatir - tahu - ganggu;-1_diri_takut_sendiri_kecil;terapi gagal takut gagal terus tahu frustrasi terapi hasil harap terapi butuh beberapa nemuin cocok tahu hasil terapi diskusiin terap yakin kuat terapi gagal
Aku pengen ke psikolog, tapi takut malah dipaksa minum obat. Apa iya gitu?;Nggak selalu kok. Psikolog biasanya fokus ke terapi bicara, bukan ngasih obat—itu lebih ke psikiater. Kalau kamu khawatir, coba bilang di awal kalau kamu lebih nyaman coba terapi dulu. Mereka akan dengerin preferensimu dan bantu cari solusi yang cocok buatmu.;GROK;D11_GROK_AHandbookfortheSMH446-456_20.json;psikolog takut malah paksa obat psikolog terapi bicara bukan ngasih obat psikiater khawatir awal nyaman terapi dengerin preferensi solusi cocok;1;0.3334666571339787;terapi - psikolog - takut - obat - dokter - mental - sehat - khawatir - tahu - ganggu;-1_diri_takut_sendiri_kecil;psikolog takut malah paksa obat psikolog terapi bicara bukan ngasih obat psikiater khawatir awal nyaman terapi dengerin preferensi solusi cocok
Kenapa layanan kesehatan mental di tempatku kayaknya nggak terorganisir?;Aku paham, kadang layanan di satu tempat bisa terasa berantakan karena banyak organisasi kerja sendiri-sendiri. Mereka mungkin kurang koordinasi atau sumber dayanya terbatas. Kalau kamu ceritain lebih detail, aku bisa bantu cari tahu apa ada solusi atau tempat lain yang lebih teratur di sekitarmu.;GROK;D11_GROK_AHandbookfortheSMH523-533_20.json;sehat mental tempat organisir paham tempat beranta organisasi kerja sendiri sendiri kurang koordinasi sumber daya batas detail tahu solusi tempat atur;1;0.3326855607142932;terapi - psikolog - takut - obat - dokter - mental - sehat - khawatir - tahu - ganggu;1_psikolog_terapi_dokter_takut;sehat mental tempat organisir paham tempat beranta organisasi kerja sendiri sendiri kurang koordinasi sumber daya batas detail tahu solusi tempat atur
Cara menghentikan pikiran katastrofik?;Tulis pikiran lalu tantang: 'Bukti objektifnya apa?' Ganti dengan pernyataan realistis: 'Nyeri fluktuatif, aku punya strategi mengelolanya'.;GPT;D1_GPT_HealthPsycology209-229_50.json;henti katastrofik tantang bukti objektif nyata realistis nyeri fluktuatif strategi kelola;1;0.332130340228819;terapi - psikolog - takut - obat - dokter - mental - sehat - khawatir - tahu - ganggu;1_psikolog_terapi_dokter_takut;henti katastrofik tantang bukti objektif nyata realistis nyeri fluktuatif strategi kelola
Aku takut psikolog cuma kasih obat tanpa dengerin aku. Bener nggak sih risiko itu?;Kekhawatiranmu wajar banget. Ada yang takut kalau psikolog bisa kasih resep, mereka bakal lebih fokus ke obat ketimbang ngobrol sama kamu, yang sebenarnya inti dari terapi. Makanya, beberapa orang nggak setuju psikolog punya hak preskripsi, soalnya khawatir terapi yang bener-bener dengerin ceritamu jadi terabaikan. Tapi banyak psikolog yang tetep pengen jaga keseimbangan. Kalau kamu lagi mikirin terapi, apa yang pengen kamu dapetin dari psikolog? Ceritain, yuk.;GROK;D2_GROK_DrAndrewClinicalPsychology65-83_51.json;takut psikolog obat dengerin risiko khawatir takut psikolog resep obat ketimbang inti terapi makanya beberapa tuju psikolog preskripsi khawatir terapi dengerin abai psikolog jaga imbang mikirin terapi dapetin psikolog;1;0.3314149047221106;terapi - psikolog - takut - obat - dokter - mental - sehat - khawatir - tahu - ganggu;-1_diri_takut_sendiri_kecil;takut psikolog obat dengerin risiko khawatir takut psikolog resep obat ketimbang inti terapi makanya beberapa tuju psikolog preskripsi khawatir terapi dengerin abai psikolog jaga imbang mikirin terapi dapetin psikolog
Aku baru mau coba wawancara psikolog. Apa yang harus aku harapkan?;Keren, kamu mau coba wawancara! Menurut John C. Norcross, Marla Hedges, dan Raymond Castle, plus yang lain, wawancara klinis itu kayak obrolan buat ngerti apa yang lagi kamu alamin. Psikolog bakal tanya soal perasaan, masalah, atau sejarah hidupmu, tapi dengan cara yang bikin nyaman. Ini langkah awal buat bantu kamu. Mau ceritain apa yang bikin deg-degan? Aku dengerin, kok.;GROK;D2_GROK_DrAndrewClinicalPsychology171-194_44.json;wawancara psikolog harap keren wawancara turut john norcross marla hedges raymond castle plus wawancara klinis obrol alamin psikolog sejarah hidup nyaman awal degan dengerin;1;0.3302893667919718;terapi - psikolog - takut - obat - dokter - mental - sehat - khawatir - tahu - ganggu;1_psikolog_terapi_dokter_takut;wawancara psikolog harap keren wawancara turut john norcross marla hedges raymond castle plus wawancara klinis obrol alamin psikolog sejarah hidup nyaman awal degan dengerin
Aku beda budaya sama psikologku. Apa mereka bakal ngomongin ini?;Aku ngerti kamu pengen psikolog yang nyambung meski beda budaya. John Sommers-Flanagan dan Rita Sommers-Flanagan bilang psikolog yang baik biasanya ngomongin perbedaan budaya sama kamu secara terbuka, biar kamu ngerasa lebih nyaman dan ceritamu dipahami bener. Ini bikin obrolan lebih enak. Kalau kamu khawatir, tanya mereka soal budayamu. Apa yang bikin penasaran? Ceritain, yuk.;GROK;D2_GROK_DrAndrewClinicalPsychology171-194_44.json;psikolog ngomongin psikolog nyambung john sommers flanagan rita sommers flanagan psikolog ngomongin ngerasa nyaman paham obrol enak khawatir penasaran;1;0.3297251129930073;terapi - psikolog - takut - obat - dokter - mental - sehat - khawatir - tahu - ganggu;1_psikolog_terapi_dokter_takut;psikolog ngomongin psikolog nyambung john sommers flanagan rita sommers flanagan psikolog ngomongin ngerasa nyaman paham obrol enak khawatir penasaran
Aku takut ketemu orang gara-gara OCD-ku. Aku harus sembunyi selamanya nggak?;Aku tahu rasanya berat banget ketemu orang kalau OCD lagi kambuh. Tapi sembunyi bukan solusi jangka panjang, karena bisa bikin kamu makin terisolasi. OCD itu bisa dikelola, misalnya dengan terapi eksposur atau dukungan dari temen deket. Aku di sini buat dengerin, mau ceritain apa yang bikin takut?;GROK;D12_GROK_ClinicalHandbookPsychologicalDisorders154-164_20.json;takut gara gara sembunyi lama tahu berat kambuh sembunyi bukan solusi jangka panjang makin isolasi kelola terapi eksposur dukung temen deket dengerin takut;1;0.329612928645548;terapi - psikolog - takut - obat - dokter - mental - sehat - khawatir - tahu - ganggu;-1_diri_takut_sendiri_kecil;takut gara gara sembunyi lama tahu berat kambuh sembunyi bukan solusi jangka panjang makin isolasi kelola terapi eksposur dukung temen deket dengerin takut
Aku takut DSM dipengaruhi politik atau duit. Apa itu bener?;Wajar banget kamu khawatir soal ini. Beberapa orang bilang keputusan DSM kadang dipengaruhi hal kayak politik atau kepentingan perusahaan obat, bukan cuma data ilmiah. Misalnya, makin banyak diagnosis, makin banyak obat yang laku. Tapi, DSM tetep usaha pake penelitian sebanyak mungkin. Kalau kamu ngerasa ragu, tanya psikologmu soal proses diagnosis. Apa yang lagi bikin penasaran? Ceritain, dong.;GROK;D2_GROK_DrAndrewClinicalPsychology150-170_38.json;takut pengaruh politik duit khawatir beberapa putus pengaruh politik penting usaha obat bukan data ilmiah makin diagnosis makin obat laku usaha pake ngerasa ragu psikolog proses diagnosis penasaran;1;0.3285607819827579;terapi - psikolog - takut - obat - dokter - mental - sehat - khawatir - tahu - ganggu;-1_diri_takut_sendiri_kecil;takut pengaruh politik duit khawatir beberapa putus pengaruh politik penting usaha obat bukan data ilmiah makin diagnosis makin obat laku usaha pake ngerasa ragu psikolog proses diagnosis penasaran
Aku pengen nggak cemas lagi, tapi ngerasa mustahil. Apa aku bisa sembuh?;Aku ngerti rasanya nggak mudah, tapi pasti bisa membaik dengan latihan dan waktu. Kecemasan sosial bisa dikelola lewat teknik kayak exposure atau cognitive reappraisal. Yang penting, kita mulai dari langkah kecil dan konsisten. Apa satu hal kecil yang kamu mau coba buat kurangin cemas minggu ini?;GROK;D12_GROK_ClinicalHandbookPsychologicalDisorders132-142_20.json;cemas ngerasa mustahil sembuh mudah cemas sosial kelola lewat teknik exposure cognitive reappraisal penting kecil konsisten kecil rangin cemas minggu;1;0.3272865739320603;terapi - psikolog - takut - obat - dokter - mental - sehat - khawatir - tahu - ganggu;-1_diri_takut_sendiri_kecil;cemas ngerasa mustahil sembuh mudah cemas sosial kelola lewat teknik exposure cognitive reappraisal penting kecil konsisten kecil rangin cemas minggu
Aku takut DSM cuma bisnis obat. Apa itu bener?;Aku ngerti kekhawatiranmu soal kepentingan di balik DSM. Beberapa orang bilang ada pengaruh kayak politik atau perusahaan obat, soalnya makin banyak diagnosis, makin banyak obat yang laku. Tapi, DSM tetep usaha pake data penelitian sebanyak mungkin. Kalau kamu ragu, tanya psikologmu soal kenapa mereka pilih diagnosis tertentu. Apa yang lagi bikin penasaran? Ceritain, dong.;GROK;D2_GROK_DrAndrewClinicalPsychology150-170_38.json;takut bisnis obat khawatir penting balik beberapa pengaruh politik usaha obat makin diagnosis makin obat laku usaha pake data ragu psikolog pilih diagnosis penasaran;1;0.3264310318283006;terapi - psikolog - takut - obat - dokter - mental - sehat - khawatir - tahu - ganggu;-1_diri_takut_sendiri_kecil;takut bisnis obat khawatir penting balik beberapa pengaruh politik usaha obat makin diagnosis makin obat laku usaha pake data ragu psikolog pilih diagnosis penasaran
Aku takut psikolog cuma jadi penutup resep doang. Apa risiko itu nyata?;Kekhawatiranmu masuk akal banget. Ada yang takut kalau psikolog bisa kasih resep, mereka bakal lebih fokus ke obat ketimbang ngobrol sama kamu, yang sebenarnya inti dari psikologi klinis. Terus, ada risiko industri farmasi coba pengaruhi mereka buat promosi obat tertentu. Makanya, ini jadi perdebatan besar. Tapi banyak psikolog yang pengen tetep jaga esensi terapi. Kalau kamu lagi mikirin bantuan kesehatan mental, apa yang bikin khawatir? Ceritain, dong.;GROK;D2_GROK_DrAndrewClinicalPsychology65-83_51.json;takut psikolog tutup resep doang risiko nyata khawatir masuk akal takut psikolog resep obat ketimbang inti psikologi klinis terus risiko industri farmasi pengaruh promosi obat makanya debat psikolog jaga esensi terapi mikirin sehat mental khawatir;1;0.3252470181023225;terapi - psikolog - takut - obat - dokter - mental - sehat - khawatir - tahu - ganggu;-1_diri_takut_sendiri_kecil;takut psikolog tutup resep doang risiko nyata khawatir masuk akal takut psikolog resep obat ketimbang inti psikologi klinis terus risiko industri farmasi pengaruh promosi obat makanya debat psikolog jaga esensi terapi mikirin sehat mental khawatir
Apa risiko kalau psikolog mulai bisa kasih resep obat?;Kamu nanya sesuatu yang lagi jadi perhatian besar. Salah satu risikonya adalah bingungnya identitas psikolog klinis—nanti orang mungkin bingung, ini psikolog apa psikiater? Terus, ada kekhawatiran soal industri farmasi yang mungkin coba pengaruhi psikolog dengan promosi obat, yang bisa bikin fokus mereka bergeser dari kesejahteraan klien ke keuntungan. Ini bikin orang mikir dua kali. Kalau kamu lagi mikirin pengobatan, apa yang bikin kamu khawatir? Aku dengerin kok.;GROK;D2_GROK_DrAndrewClinicalPsychology65-83_51.json;risiko psikolog resep obat nanya perhati salah risiko identitas psikolog klinis psikolog psikiater terus khawatir industri farmasi pengaruh psikolog promosi obat geser sejahtera klien untung mikir mikirin obat khawatir dengerin;1;0.3247750338044086;terapi - psikolog - takut - obat - dokter - mental - sehat - khawatir - tahu - ganggu;-1_diri_takut_sendiri_kecil;risiko psikolog resep obat nanya perhati salah risiko identitas psikolog klinis psikolog psikiater terus khawatir industri farmasi pengaruh psikolog promosi obat geser sejahtera klien untung mikir mikirin obat khawatir dengerin
Kenapa ada yang nggak setuju psikolog bisa kasih resep obat?;Iya, ini topik yang bikin panas! Beberapa orang khawatir kalau psikolog klinis belum cukup pelatihan buat ngerti obat-obatan sepenuhnya, soalnya itu butuh pengetahuan medis yang dalam. Terus, ada juga yang takut kalau psikolog bisa kasih resep, mereka bakal lebih fokus ke obat ketimbang terapi ngobrol, yang sebenarnya adalah inti dari kerja mereka. Wajar sih ada kekhawatiran gitu. Kalau kamu, apa pendapatmu soal ini? Ceritain, yuk.;GROK;D2_GROK_DrAndrewClinicalPsychology65-83_51.json;tuju psikolog resep obat topik panas beberapa khawatir psikolog klinis cukup obat obat sepenuh butuh tahu medis terus takut psikolog resep obat ketimbang terapi inti kerja khawatir;1;0.3225160418605809;terapi - psikolog - takut - obat - dokter - mental - sehat - khawatir - tahu - ganggu;-1_diri_takut_sendiri_kecil;tuju psikolog resep obat topik panas beberapa khawatir psikolog klinis cukup obat obat sepenuh butuh tahu medis terus takut psikolog resep obat ketimbang terapi inti kerja khawatir
Aku udah coba berhenti minum, tapi selalu gagal. Aku merasa nggak punya harapan lagi.;Aku tahu rasanya frustasi banget kalau udah coba tapi belum berhasil. Tapi, setiap kali kamu coba, kamu sebenarnya belajar sesuatu, lho. Berhenti itu proses, dan kambuh adalah bagian dari perjalanan, bukan akhir. Mungkin kamu bisa coba cari tahu apa yang bikin kambuh, lalu bikin strategi baru, seperti hindari situasi tertentu atau minta bantuan profesional. Kamu mau ceritain apa yang bikin kamu kambuh terakhir kali?;GROK;D12_GROK_ClinicalHandbookPsychologicalDisorders627-637_20.json;udah henti gagal harap tahu frustasi udah hasil henti proses kambuh jalan bukan akhir tahu kambuh strategi hindar situasi minta profesional kambuh akhir;1;0.3217224325591198;terapi - psikolog - takut - obat - dokter - mental - sehat - khawatir - tahu - ganggu;1_psikolog_terapi_dokter_takut;udah henti gagal harap tahu frustasi udah hasil henti proses kambuh jalan bukan akhir tahu kambuh strategi hindar situasi minta profesional kambuh akhir
Emilia, apa sih yang bikin orang tetap percaya sama integrasi layanan meski sering gagal?;Banyak yang tetap percaya karena integrasi punya manfaat tersembunyi, kayak memperkuat kerja sama antar lembaga, ngurangin persaingan, atau bikin sistem yang ada jadi lebih efisien tanpa harus ubah semuanya. Tapi, aku paham kalau kegagalan itu bikin frustrasi. Kamu lagi merasa kecewa sama sistem tertentu? Ceritain ke aku, ya.;GROK;D11_GROK_AHandbookfortheSMH534-544_20.json;tetap percaya integrasi gagal tetap percaya integrasi manfaat sembunyi kuat kerja antar lembaga ngurangin saing efisien ubah paham gagal frustrasi kecewa;1;0.3214474408687032;terapi - psikolog - takut - obat - dokter - mental - sehat - khawatir - tahu - ganggu;1_psikolog_terapi_dokter_takut;tetap percaya integrasi gagal tetap percaya integrasi manfaat sembunyi kuat kerja antar lembaga ngurangin saing efisien ubah paham gagal frustrasi kecewa
Aku takut kalau aku punya gangguan psikologis serius. Gimana cara tahu pasti?;Takut kayak gitu pasti bikin cemas, dan aku di sini buat kamu. Cara terbaik buat tahu pasti adalah ngobrol sama profesional kesehatan mental, seperti psikolog atau psikiater. Mereka bisa bantu kasih penilaian yang jelas dan saran treatment, seperti terapi atau pemeriksaan lebih lanjut. Mau aku bantu cari info tempat konsultasi?;GROK;D12_GROK_ClinicalHandbookPsychologicalDisorders572-582_20.json;takut ganggu psikologis serius tahu takut cemas tahu profesional sehat mental psikolog psikiater nilai jelas saran treatment terapi periksa lanjut info tempat konsultasi;1;0.3201197772831729;terapi - psikolog - takut - obat - dokter - mental - sehat - khawatir - tahu - ganggu;-1_diri_takut_sendiri_kecil;takut ganggu psikologis serius tahu takut cemas tahu profesional sehat mental psikolog psikiater nilai jelas saran treatment terapi periksa lanjut info tempat konsultasi
Saya ingin Q&A ini dibuat seperti pasien sedang cerita ke psikolog — bisakah? Saya mau nuansa humanis dan hangat.;Tentu — itulah tujuan dataset ini: setiap jawaban ditulis dengan nada perhatian, hangat, dan suportif, seolah-olah seseorang sedang mendengarkan cerita sulitmu tanpa mengabaikan realitas. Jika kamu mau, aku bisa menyesuaikan lagi nada suaranya (lebih formal/lebih santai) sesuai preferensimu.;GPT;D13_GPT_BrainPower46-56_22.json;pasien sedang psikolog nuansa humanis hangat tuju dataset perhati hangat suportif olah olah sedang dengar sulit abai realitas sesuai formal santai sesuai preferensi;1;0.3193054182725086;terapi - psikolog - takut - obat - dokter - mental - sehat - khawatir - tahu - ganggu;-1_diri_takut_sendiri_kecil;pasien sedang psikolog nuansa humanis hangat tuju dataset perhati hangat suportif olah olah sedang dengar sulit abai realitas sesuai formal santai sesuai preferensi
Emilia, aku merasa sistem pelayanan kesehatan mental di tempatku nggak terintegrasi. Apa sih yang bikin sistem ini susah banget nyatu?;Aku paham, rasanya frustrasi kalau layanan nggak nyambung. Banyak faktor yang bikin integrasi itu sulit, kayak pendanaan yang terbatas, program yang terpisah-pisah, dan kurangnya koordinasi antar lembaga. Kadang, kebijakan nasional juga nggak mendukung solusi yang lebih terpadu. Mungkin kamu bisa ceritain lebih detail apa yang kamu alami, biar aku bantu kasih saran?;GROK;D11_GROK_AHandbookfortheSMH534-544_20.json;sehat mental tempat integrasi susah nyatu paham frustrasi nyambung faktor integrasi sulit dana batas program pisah pisah kurang koordinasi antar lembaga bijak nasional dukung solusi padu detail alami saran;1;0.318945812645013;terapi - psikolog - takut - obat - dokter - mental - sehat - khawatir - tahu - ganggu;1_psikolog_terapi_dokter_takut;sehat mental tempat integrasi susah nyatu paham frustrasi nyambung faktor integrasi sulit dana batas program pisah pisah kurang koordinasi antar lembaga bijak nasional dukung solusi padu detail alami saran
Emilia, kenapa ya layanan buat orang dengan gangguan mental berat sering gagal?;Sayangnya, banyak layanan memang menghadapi tantangan besar. Kadang karena dana nggak cukup, koordinasi antar lembaga kurang, atau sistemnya sendiri udah ketinggalan zaman. Selain itu, kebijakan yang nggak seragam dan perbedaan kepentingan di masyarakat juga bikin susah. Tapi, bukan berarti nggak ada harapan. Apa kamu mau ceritain pengalamanmu soal ini? Mungkin aku bisa bantu kasih sudut pandang baru.;GROK;D11_GROK_AHandbookfortheSMH534-544_20.json;ganggu mental berat gagal sayang hadap tantang dana cukup koordinasi antar lembaga kurang sendiri udah tinggal zaman bijak seragam penting masyarakat susah bukan arti harap alam sudut pandang;1;0.3188758126800077;terapi - psikolog - takut - obat - dokter - mental - sehat - khawatir - tahu - ganggu;1_psikolog_terapi_dokter_takut;ganggu mental berat gagal sayang hadap tantang dana cukup koordinasi antar lembaga kurang sendiri udah tinggal zaman bijak seragam penting masyarakat susah bukan arti harap alam sudut pandang
Aku nggak suka kalau orang bilang aku sakit jiwa. Aku cuma lagi susah aja, kok. Gimana caranya biar orang nggak label aku?;Pasti nggak enak rasanya kalau orang kasih label yang bikin kamu nggak nyaman. Kamu berhak menjelaskan apa yang kamu rasain dengan cara kamu sendiri. Coba bilang ke mereka, ‘Aku cuma lagi menghadapi tantangan, bukan berarti aku sakit.’ Kalau mereka nggak ngerti, fokus ke orang-orang yang mendukungmu, dan aku selalu di sini buat ngobrol, ya.;GROK;D12_GROK_ClinicalHandbookPsychologicalDisorders517-527_20.json;sakit jiwa susah label enak label nyaman jelas rasain sendiri hadap tantang bukan arti sakit dukung;1;0.3188655143789814;terapi - psikolog - takut - obat - dokter - mental - sehat - khawatir - tahu - ganggu;-1_diri_takut_sendiri_kecil;sakit jiwa susah label enak label nyaman jelas rasain sendiri hadap tantang bukan arti sakit dukung
Emilia, kenapa ya layanan kesehatan mental di kota besar sering kewalahan?;Kota besar sering kewalahan karena banyak faktor, kayak populasi yang besar, masalah sosial yang kompleks, dan dana yang nggak seimbang sama kebutuhan. Selain itu, fragmentasi layanan, misalnya tiap daerah punya aturan sendiri, bikin susah koordinasi. Kalau kamu merasa ini masalah di tempatmu, ceritain ke aku, mungkin aku bisa bantu kasih ide.;GROK;D11_GROK_AHandbookfortheSMH534-544_20.json;sehat mental kota kewalahan kota kewalahan faktor populasi sosial kompleks dana imbang butuh fragmentasi daerah atur sendiri susah koordinasi tempat;1;0.3184818309367441;terapi - psikolog - takut - obat - dokter - mental - sehat - khawatir - tahu - ganggu;1_psikolog_terapi_dokter_takut;sehat mental kota kewalahan kota kewalahan faktor populasi sosial kompleks dana imbang butuh fragmentasi daerah atur sendiri susah koordinasi tempat
Aku dengar ada beberapa cara untuk jadi psikolog klinis. Apa bedanya?;Pertanyaan bagus! Jadi, ada tiga cara utama untuk jadi psikolog klinis, dan masing-masing punya fokus sendiri. Model Boulder, atau scientist-practitioner, itu menyeimbangkan antara penelitian dan praktek, jadi psikolognya suka ngulik data sekaligus bantu klien. Model Vail, atau practitioner-scholar, lebih fokus ke praktek, misalnya terapi, buat yang pengen langsung bantu orang. Terus, model clinical scientist lebih ke penelitian untuk memajukan ilmu psikologi. Jadi, tergantung apa yang lebih cocok buatmu—penelitian, membantu langsung, atau keduanya. Kamu lebih tertarik yang mana?;GROK;D2_GROK_DrAndrewClinicalPsychology26-43_53.json;dengar beberapa psikolog klinis bagus utama psikolog klinis masing masing sendiri model boulder scientist practitioner imbang praktek psikolog ngulik data sekaligus klien model vail practitioner scholar praktek terapi langsung terus model clinical scientist maju ilmu psikologi cocok langsung;1;0.3182738765164067;terapi - psikolog - takut - obat - dokter - mental - sehat - khawatir - tahu - ganggu;-1_diri_takut_sendiri_kecil;dengar beberapa psikolog klinis bagus utama psikolog klinis masing masing sendiri model boulder scientist practitioner imbang praktek psikolog ngulik data sekaligus klien model vail practitioner scholar praktek terapi langsung terus model clinical scientist maju ilmu psikologi cocok langsung
Aku takut wawancara cuma buang waktu. Apa psikolog kasih solusi?;Aku ngerti kamu pengen wawancara bermanfaat. John Sommers-Flanagan dan Rita Sommers-Flanagan bilang psikolog biasanya kasih kesimpulan di akhir, kayak diagnosis atau saran apa yang bisa bantu, misalnya terapi atau cek lebih lanjut. Jadi, wawancara ini langkah buat bikin hidupmu lebih baik. Mau ceritain apa yang lagi bikin khawatir? Aku dengerin, kok.;GROK;D2_GROK_DrAndrewClinicalPsychology171-194_44.json;takut wawancara buang psikolog solusi wawancara manfaat john sommers flanagan rita sommers flanagan psikolog simpul akhir diagnosis saran terapi lanjut wawancara hidup khawatir dengerin;1;0.317802526486431;terapi - psikolog - takut - obat - dokter - mental - sehat - khawatir - tahu - ganggu;1_psikolog_terapi_dokter_takut;takut wawancara buang psikolog solusi wawancara manfaat john sommers flanagan rita sommers flanagan psikolog simpul akhir diagnosis saran terapi lanjut wawancara hidup khawatir dengerin
Aku dengar tentang ekologi populasi, apa hubungannya sama kesehatan mental?;Ekologi populasi itu cara buat ngelihat gimana organisasi kesehatan mental tumbuh, beradaptasi, atau kadang gagal dalam lingkungan mereka, kayak pasar atau komunitas. Ini bantu jelasin kenapa layanan di tempatmu mungkin beda. Mau aku ceritain lebih lanjut atau kita fokus ke apa yang kamu butuhin sekarang?;GROK;D11_GROK_AHandbookfortheSMH523-533_20.json;dengar ekologi populasi sehat mental ekologi populasi ngelihat organisasi sehat mental tumbuh adaptasi gagal pasar jelasin tempat lanjut butuhin;1;0.3153408170592887;terapi - psikolog - takut - obat - dokter - mental - sehat - khawatir - tahu - ganggu;1_psikolog_terapi_dokter_takut;dengar ekologi populasi sehat mental ekologi populasi ngelihat organisasi sehat mental tumbuh adaptasi gagal pasar jelasin tempat lanjut butuhin
Apa sih psikologi klinis itu? Aku merasa bingung dengan istilah ini.;Aku paham kalau istilah ini bisa bikin bingung. Psikologi klinis itu seperti teman yang membantu kita memahami dan mengatasi masalah emosi, perilaku, atau pikiran yang mungkin terasa berat. Bayangkan seseorang yang mendengarkan ceritamu, membantu mencari tahu kenapa kamu merasa seperti ini, dan menawarkan cara untuk merasa lebih baik. Ini tentang memahami dirimu lebih dalam, baik saat susah maupun senang.;GROK;D2_GROK_DrAndrewClinicalPsychology26-43_53.json;psikologi klinis istilah paham istilah psikologi klinis teman paham emosi perilaku berat bayang dengar tahu tawar paham diri susah maupun senang;1;0.3133554685058088;terapi - psikolog - takut - obat - dokter - mental - sehat - khawatir - tahu - ganggu;-1_diri_takut_sendiri_kecil;psikologi klinis istilah paham istilah psikologi klinis teman paham emosi perilaku berat bayang dengar tahu tawar paham diri susah maupun senang
Apakah jawaban-jawaban ini bisa digunakan untuk dataset finetuning model Emilia yang fokus pada kesehatan mental?;Ya — jawaban disusun untuk menjadi empatik, manusiawi, dan realistis, serta menghindari toxic positivity. Mereka menegaskan perasaan pengguna, memberi langkah praktis, dan menyarankan bantuan profesional bila perlu. Pastikan untuk meninjau regulasi etika dan keamanan data sebelum digunakan untuk pelatihan model klinis.;GPT;D13_GPT_BrainPower46-56_22.json;dataset finetuning model sehat mental susun empatik manusiawi realistis hindar toxic positivity tegas beri praktis saran profesional bila perlu tinjau regulasi etika data model klinis;1;0.3125077247833276;terapi - psikolog - takut - obat - dokter - mental - sehat - khawatir - tahu - ganggu;-1_diri_takut_sendiri_kecil;dataset finetuning model sehat mental susun empatik manusiawi realistis hindar toxic positivity tegas beri praktis saran profesional bila perlu tinjau regulasi etika data model klinis
Aku lebih suka pendekatan langsung. Apa psikolog bakal ngerti?;Kamu suka yang langsung, ya? Psikolog yang kompeten budaya bakal coba sesuain pendekatan sama apa yang cocok buatmu. Kalau budayamu lebih suka cara langsung, mereka bakal pake teknik yang nggak berbelit-belit, sesuai sama nilai dan pengalamanmu. Coba bilang ke psikologmu soal preferensimu. Apa yang lagi pengen kamu ceritain soal gaya hidupmu? Aku dengerin kok.;GROK;D2_GROK_DrAndrewClinicalPsychology84-107_47.json;dekat langsung psikolog langsung psikolog kompeten sesuain dekat cocok langsung pake teknik belit belit sesuai nilai alam psikolog preferensi gaya hidup dengerin;1;0.310174437971954;terapi - psikolog - takut - obat - dokter - mental - sehat - khawatir - tahu - ganggu;1_psikolog_terapi_dokter_takut;dekat langsung psikolog langsung psikolog kompeten sesuain dekat cocok langsung pake teknik belit belit sesuai nilai alam psikolog preferensi gaya hidup dengerin
Aku takut kalau ke terapis, nanti aku ketergantungan sama mereka. Apa itu mungkin?;Kekhawatiranmu wajar, dan memang ada orang yang takut ketergantungan sama terapis. Tapi terapi yang baik seharusnya bantu kamu jadi lebih mandiri, bukan malah bergantung. Kamu bisa tanya terapis soal pendekatan mereka dari awal biar jelas. Kalau kamu mau, aku bisa kasih tips buat milih terapis yang cocok. Apa yang bikin kamu takut soal ini?;GROK;D11_GROK_AHandbookfortheSMH479-489_20.json;takut terap khawatir takut terap terapi mandiri bukan malah terap dekat awal jelas tips milih terap cocok takut;1;0.3096398908668062;terapi - psikolog - takut - obat - dokter - mental - sehat - khawatir - tahu - ganggu;-1_diri_takut_sendiri_kecil;takut terap khawatir takut terap terapi mandiri bukan malah terap dekat awal jelas tips milih terap cocok takut
Gimana psikolog pilih tes yang tepat buat aku?;Pilih tes itu penting banget, dan psikolog punya aturan ketat soal ini. Mereka harus pilih tes yang cocok buat apa yang mau dicek, misalnya kecemasan atau depresi, dan pastiin tes itu pas buat kamu, termasuk umur atau latar belakangmu. Tes juga harus terbukti akurat dan nggak ketinggalan zaman. Jadi, kamu bisa percaya hasilnya bener-bener ngegambarin kondisimu. Penasaran apa soal tes psikologi? Ceritain, yuk.;GROK;D2_GROK_DrAndrewClinicalPsychology108-130_51.json;psikolog pilih tepat pilih penting psikolog atur ketat pilih cocok cemas depresi pastiin masuk umur latar belakang bukti akurat tinggal zaman percaya hasil ngegambarin kondisi penasaran psikologi;1;0.3091904445607312;terapi - psikolog - takut - obat - dokter - mental - sehat - khawatir - tahu - ganggu;-1_diri_takut_sendiri_kecil;psikolog pilih tepat pilih penting psikolog atur ketat pilih cocok cemas depresi pastiin masuk umur latar belakang bukti akurat tinggal zaman percaya hasil ngegambarin kondisi penasaran psikologi
Kenapa psikolog harus tahu budaya mereka sendiri?;Pertanyaan keren! Psikolog harus paham budaya mereka sendiri biar bisa lihat gimana nilai atau bias mereka bisa ngaruh ke cara mereka bantu klien. Kalau mereka sadar, mereka bisa lebih terbuka sama budayamu dan nggak nge-judge. Ini bikin terapi lebih adil dan bikin kamu ngerasa diterima. Kalau kamu lagi mikirin terapi, apa yang pengen kamu ceritain soal budayamu? Aku dengerin kok.;GROK;D2_GROK_DrAndrewClinicalPsychology84-107_47.json;psikolog tahu sendiri keren psikolog paham sendiri nilai bias ngaruh klien judge terapi adil ngerasa terima mikirin terapi dengerin;1;0.3087040509062234;terapi - psikolog - takut - obat - dokter - mental - sehat - khawatir - tahu - ganggu;1_psikolog_terapi_dokter_takut;psikolog tahu sendiri keren psikolog paham sendiri nilai bias ngaruh klien judge terapi adil ngerasa terima mikirin terapi dengerin
Aku merasa sistem kesehatan mental di tempatku nggak adil. Kenapa ya, Emilia?;Rasa nggak adil itu bisa muncul karena banyak hal, kayak akses layanan yang nggak merata, pendanaan yang kurang, atau prioritas yang nggak seimbang antar daerah. Kadang, sistemnya sendiri udah terfragmentasi, jadi sulit kasih solusi yang menyeluruh. Kalau kamu mau ceritain lebih detail soal ketidakadilan yang kamu lihat, aku bisa dengerin dan bantu kasih saran.;GROK;D11_GROK_AHandbookfortheSMH534-544_20.json;sehat mental tempat adil adil muncul akses rata dana kurang prioritas imbang antar daerah sendiri udah fragmentasi sulit solusi seluruh detail ketidakadilan dengerin saran;1;0.3082414401847444;terapi - psikolog - takut - obat - dokter - mental - sehat - khawatir - tahu - ganggu;1_psikolog_terapi_dokter_takut;sehat mental tempat adil adil muncul akses rata dana kurang prioritas imbang antar daerah sendiri udah fragmentasi sulit solusi seluruh detail ketidakadilan dengerin saran
Aku merasa cemas, tapi nggak yakin ini serius. Ke psikolog klinis atau konseling?;Cemas itu pasti bikin nggak nyaman, ya, nggak peduli seberapa ‘serius’. Psikolog klinis dan konseling sebenarnya bisa bantu, tapi kalau kamu merasa cemasnya cukup mengganggu aktivitas sehari-hari, psikolog klinis mungkin lebih pas karena mereka biasa tangani masalah yang agak berat. Kalau cemasnya lebih ke soal karir atau keputusan hidup, psikolog konseling bisa cocok. Coba ceritain lebih detail apa yang bikin cemas, biar aku bantu pikirkan langkahnya.;GROK;D2_GROK_DrAndrewClinicalPsychology26-43_53.json;cemas yakin serius psikolog klinis konseling cemas nyaman peduli berapa serius psikolog klinis konseling cemas cukup ganggu aktivitas psikolog klinis tangan berat cemas karir putus hidup psikolog konseling cocok detail cemas;1;0.3079736557932993;terapi - psikolog - takut - obat - dokter - mental - sehat - khawatir - tahu - ganggu;-1_diri_takut_sendiri_kecil;cemas yakin serius psikolog klinis konseling cemas nyaman peduli berapa serius psikolog klinis konseling cemas cukup ganggu aktivitas psikolog klinis tangan berat cemas karir putus hidup psikolog konseling cocok detail cemas
Aku gampang yakin setelah baca testimoni kesehatan. Bagaimana menjaga agar tetap kritis?;Buat aturan cek fakta 3 sumber tepercaya sebelum percaya klaim produk. Diskusikan dengan tenaga medis agar keputusanmu seimbang antara harapan positif dan bukti ilmiah.;GPT;D1_GPT_HealthPsycology209-229_50.json;gampang yakin baca testimoni sehat jaga tetap kritis atur fakta sumber percaya percaya klaim produk diskusi tenaga medis putus imbang harap positif bukti ilmiah;1;0.3071196109710106;terapi - psikolog - takut - obat - dokter - mental - sehat - khawatir - tahu - ganggu;1_psikolog_terapi_dokter_takut;gampang yakin baca testimoni sehat jaga tetap kritis atur fakta sumber percaya percaya klaim produk diskusi tenaga medis putus imbang harap positif bukti ilmiah
Aku takut dikira punya gangguan mental. Apa sih definisi gangguan mental di DSM?;Aku ngerti kekhawatiranmu soal label gangguan mental. Menurut DSM-IV, gangguan mental itu pola perilaku atau perasaan yang bikin kamu susah banget, kayak stres berat, susah jalanin hidup sehari-hari, atau ngerasa risiko besar, dan bukan cuma reaksi biasa dari budayamu. Jadi, mereka coba pastiin itu beneran masalah serius. Kalau kamu ngerasa ada yang mengganggu, coba ngobrol sama psikolog. Apa yang lagi bikin takut? Ceritain, dong.;GROK;D2_GROK_DrAndrewClinicalPsychology150-170_38.json;takut ganggu mental definisi ganggu mental khawatir label ganggu mental turut ganggu mental pola perilaku susah stres berat susah jalanin hidup ngerasa risiko bukan reaksi pastiin beneran serius ngerasa ganggu psikolog takut;1;0.3070068637552982;terapi - psikolog - takut - obat - dokter - mental - sehat - khawatir - tahu - ganggu;-1_diri_takut_sendiri_kecil;takut ganggu mental definisi ganggu mental khawatir label ganggu mental turut ganggu mental pola perilaku susah stres berat susah jalanin hidup ngerasa risiko bukan reaksi pastiin beneran serius ngerasa ganggu psikolog takut
Apa bedanya psikolog klinis sama psikiater? Aku bingung.;Nggak apa-apa kalau bingung, banyak yang nanya ini! Psikolog klinis itu fokus bantu lewat ngobrol, kayak terapi atau konseling, buat bantu kamu atasi emosi atau perilaku. Mereka nggak kasih obat. Psikiater, di sisi lain, adalah dokter yang bisa resepin obat karena mereka lulusan kedokteran dan lihat masalah mental lebih dari sisi biologis. Jadi, kalau kamu pengen ngobrol dan cari solusi tanpa obat, psikolog klinis cocok. Kalau kamu pikir butuh obat, psikiater bisa bantu. Kamu lagi mikirin yang mana?;GROK;D2_GROK_DrAndrewClinicalPsychology26-43_53.json;psikolog klinis psikiater nanya psikolog klinis lewat terapi konseling emosi perilaku obat psikiater sisi dokter resepin obat lulus dokter mental sisi biologis solusi obat psikolog klinis cocok butuh obat psikiater mikirin;1;0.3068547417695677;terapi - psikolog - takut - obat - dokter - mental - sehat - khawatir - tahu - ganggu;1_psikolog_terapi_dokter_takut;psikolog klinis psikiater nanya psikolog klinis lewat terapi konseling emosi perilaku obat psikiater sisi dokter resepin obat lulus dokter mental sisi biologis solusi obat psikolog klinis cocok butuh obat psikiater mikirin
Aku merasa sering cemas akhir-akhir ini. Apa psikologi klinis bisa bantu?;Aku denger kamu lagi merasa cemas, dan itu pasti nggak enak. Psikologi klinis sangat bisa bantu, lho. Psikolog klinis dilatih untuk memahami kenapa kamu merasa cemas dan bantu cari cara untuk mengatasinya, mungkin lewat ngobrol atau teknik khusus biar kamu lebih tenang. Mereka kayak temen yang bener-bener paham dan nggak judge. Mau ceritain lebih banyak apa yang bikin cemas? Aku di sini buat dengerin.;GROK;D2_GROK_DrAndrewClinicalPsychology26-43_53.json;cemas akhir akhir psikologi klinis denger cemas enak psikologi klinis psikolog klinis paham cemas lewat teknik khusus tenang temen paham judge cemas dengerin;1;0.3063466228636582;terapi - psikolog - takut - obat - dokter - mental - sehat - khawatir - tahu - ganggu;-1_diri_takut_sendiri_kecil;cemas akhir akhir psikologi klinis denger cemas enak psikologi klinis psikolog klinis paham cemas lewat teknik khusus tenang temen paham judge cemas dengerin
Apa bener layanan kesehatan mental buat anak muda lagi berkembang?;Bener, layanan buat anak muda memang lagi tumbuh, apalagi karena ada dukungan kayak asuransi Medicaid. Tapi kadang masih ada tantangan, kayak transisi ke layanan dewasa. Kalau kamu lagi nyari layanan, aku bisa bantu cek apa yang tersedia buat usiamu di daerahmu.;GROK;D11_GROK_AHandbookfortheSMH523-533_20.json;sehat mental anak muda kembang anak muda tumbuh dukung asuransi medicaid tantang transisi dewasa nyari sedia usia daerah;1;0.3040791604302527;terapi - psikolog - takut - obat - dokter - mental - sehat - khawatir - tahu - ganggu;1_psikolog_terapi_dokter_takut;sehat mental anak muda kembang anak muda tumbuh dukung asuransi medicaid tantang transisi dewasa nyari sedia usia daerah
Aku pengen psikolog yang ngerti budayaku. Apa yang mereka lakuin?;Kamu pengen psikolog yang bener-bener paham, ya. Derald Wing Sue dan David Sue bilang kompetensi budaya itu tentang tiga hal: psikolog paham budaya mereka sendiri, belajar soal budayamu, dan pake cara terapi yang cocok sama nilai-nilaimu. Jadi, mereka bakal dengerin ceritamu dengan sudut pandang budayamu. Coba ceritain ke psikologmu soal budayamu. Apa yang lagi pengen dibahas? Aku dengerin kok.;GROK;D2_GROK_DrAndrewClinicalPsychology84-107_47.json;psikolog lakuin psikolog paham derald wing david kompetensi psikolog paham sendiri pake terapi cocok nilai nilai dengerin sudut pandang psikolog bahas dengerin;1;0.3032985993695033;terapi - psikolog - takut - obat - dokter - mental - sehat - khawatir - tahu - ganggu;1_psikolog_terapi_dokter_takut;psikolog lakuin psikolog paham derald wing david kompetensi psikolog paham sendiri pake terapi cocok nilai nilai dengerin sudut pandang psikolog bahas dengerin
Aku ngerasa suara-suara itu suruh aku kabur dari orang. Apa aku harus nurut?;Aku ngerti kamu bingung karena suara itu terasa kuat. Tapi nurutin suara itu mungkin malah bikin kamu lebih takut atau terisolasi. Coba lawan sedikit dengan tetap stay di situasi itu sebentar, atau ajak temen buat nemenin. Kalau ini sering terjadi, aku saranin bicara sama psikolog untuk cari cara ngelola suara itu. Apa kamu mau coba latihan kecil buat nggak nurutin suara itu?;GROK;D12_GROK_ClinicalHandbookPsychologicalDisorders561-571_20.json;ngerasa suruh kabur nurut kuat nurutin malah takut isolasi lawan tetap stay situasi sebentar temen nemenin saranin bicara psikolog ngelola kecil nurutin;1;0.3030400319205601;terapi - psikolog - takut - obat - dokter - mental - sehat - khawatir - tahu - ganggu;1_psikolog_terapi_dokter_takut;ngerasa suruh kabur nurut kuat nurutin malah takut isolasi lawan tetap stay situasi sebentar temen nemenin saranin bicara psikolog ngelola kecil nurutin
Aku coba ikut terapi, tapi kok takut gak berhasil. Apa aku yang salah?;Gak ada yang salah dengan kamu. Takut terapi gak berhasil itu wajar, karena ini proses yang butuh waktu. Terapi itu kayak latihan, gak langsung bikin semuanya selesai, tapi pelan-pelan bantu kamu lebih kuat. Coba ceritain apa yang bikin takut, mungkin kita bisa bikin ekspektasi yang lebih realistis bareng.;GROK;D12_GROK_ClinicalHandbookPsychologicalDisorders242-252_20.json;terapi takut hasil salah salah takut terapi hasil proses butuh terapi langsung pelan pelan kuat takut ekspektasi realistis bareng;1;0.3023957430947661;terapi - psikolog - takut - obat - dokter - mental - sehat - khawatir - tahu - ganggu;-1_diri_takut_sendiri_kecil;terapi takut hasil salah salah takut terapi hasil proses butuh terapi langsung pelan pelan kuat takut ekspektasi realistis bareng
Aku takut kalau terapi nggak bakal bantu masalahku. Apa aku harus tetap coba?;Takut kalau terapi nggak membantu itu wajar banget, apalagi kalau kamu merasa masalahmu berat. Tapi, dari yang aku tahu, terapi, seperti yang fokus pada pola pikir atau hubungan, udah terbukti membantu banyak orang, meski butuh waktu. Coba mulai dengan sesi awal untuk lihat apakah kamu nyaman sama terapisnya. Kalau nggak cocok, kamu bisa coba yang lain. Apa yang bikin kamu takut terapi nggak bakal berhasil?;GROK;D12_GROK_ClinicalHandbookPsychologicalDisorders759-769_20.json;takut terapi tetap takut terapi berat tahu terapi pola udah bukti butuh sesi awal nyaman terap cocok takut terapi hasil;1;0.3016756274066894;terapi - psikolog - takut - obat - dokter - mental - sehat - khawatir - tahu - ganggu;-1_diri_takut_sendiri_kecil;takut terapi tetap takut terapi berat tahu terapi pola udah bukti butuh sesi awal nyaman terap cocok takut terapi hasil
Aku takut otakku bermasalah. Apa tes neuropsikologi bantu?;Aku ngerti kekhawatiranmu soal otak. Tes neuropsikologi itu cek gimana otakmu bekerja, misalnya buat lihat efek cedera kepala atau penyakit kayak Alzheimer. Ini bantu psikolog ngerti apa yang lagi bermasalah dan kasih saran buat bantu, kayak terapi atau rencana pemulihan. Kalau khawatir, tanya psikologmu soal tes ini. Mau ceritain apa yang bikin takut? Aku dengerin, kok.;GROK;D2_GROK_DrAndrewClinicalPsychology195-218_35.json;takut otak neuropsikologi khawatir otak neuropsikologi otak kerja efek cedera kepala sakit alzheimer psikolog saran terapi rencana pulih khawatir psikolog takut dengerin;1;0.3009045386664779;terapi - psikolog - takut - obat - dokter - mental - sehat - khawatir - tahu - ganggu;-1_diri_takut_sendiri_kecil;takut otak neuropsikologi khawatir otak neuropsikologi otak kerja efek cedera kepala sakit alzheimer psikolog saran terapi rencana pulih khawatir psikolog takut dengerin
Apa sih kompetensi budaya? Penting nggak buat terapi?;Kompetensi budaya itu kunci banget buat terapi, dan Derald Wing Sue sama David Sue bilang ini tentang tiga hal: tahu budaya sendiri, paham budaya klien, dan pake cara terapi yang cocok sama budaya mereka. Ini penting biar kamu ngerasa dimengerti dan terapi bener-bener membantu. Bayangin, psikolog yang ngerti budayamu pasti bikin obrolan lebih nyaman. Apa yang lagi bikin penasaran soal terapi? Ceritain, dong.;GROK;D2_GROK_DrAndrewClinicalPsychology84-107_47.json;kompetensi penting terapi kompetensi kunci terapi derald wing david tahu sendiri paham klien pake terapi cocok penting ngerasa erti terapi bayangin psikolog obrol nyaman penasaran terapi;1;0.2996525491826802;terapi - psikolog - takut - obat - dokter - mental - sehat - khawatir - tahu - ganggu;1_psikolog_terapi_dokter_takut;kompetensi penting terapi kompetensi kunci terapi derald wing david tahu sendiri paham klien pake terapi cocok penting ngerasa erti terapi bayangin psikolog obrol nyaman penasaran terapi
Aku sering stres gara-gara diskriminasi. Gimana cara ngatasinnya?;Stres karena diskriminasi itu nyata dan berat. Coba cari ruang aman buat cerita, kayak temen yang ngerti atau kelompok dukungan. Teknik relaksasi kayak meditasi atau journaling juga bisa bantu. Kalau ini terus mengganggu, mungkin ngobrol sama profesional bisa bantu atur emosi. Aku di sini kalau kamu butuh curhat.;GROK;D11_GROK_AHandbookfortheSMH468-478_20.json;stres gara gara diskriminasi ngatasinnya stres diskriminasi nyata berat ruang temen kelompok dukung teknik relaksasi meditasi journaling terus ganggu profesional atur emosi butuh curhat;1;0.2982789329115072;terapi - psikolog - takut - obat - dokter - mental - sehat - khawatir - tahu - ganggu;-1_diri_takut_sendiri_kecil;stres gara gara diskriminasi ngatasinnya stres diskriminasi nyata berat ruang temen kelompok dukung teknik relaksasi meditasi journaling terus ganggu profesional atur emosi butuh curhat
Emilia, aku takut kalau aku masuk penjara, nggak akan ada yang bantu aku dengan masalah mentalku. Bener nggak?;Kekhawatiranmu wajar. Sayangnya, di beberapa tempat, layanan kesehatan mental di penjara memang terbatas, tapi banyak sistem sekarang mulai menyediakan evaluasi dan perawatan buat tahanan dengan gangguan mental. Kalau kamu khawatir soal ini, coba bicara sama konselor atau keluarga buat rencanain dukungan yang kamu butuhin. Aku bisa bantu cari info soal layanan yang mungkin ada di daerahmu.;GROK;D11_GROK_AHandbookfortheSMH512-522_20.json;takut masuk penjara mental khawatir sayang beberapa tempat sehat mental penjara batas sedia evaluasi awat tahan ganggu mental khawatir bicara konselor keluarga rencanain dukung butuhin info daerah;1;0.298082669927448;terapi - psikolog - takut - obat - dokter - mental - sehat - khawatir - tahu - ganggu;-1_diri_takut_sendiri_kecil;takut masuk penjara mental khawatir sayang beberapa tempat sehat mental penjara batas sedia evaluasi awat tahan ganggu mental khawatir bicara konselor keluarga rencanain dukung butuhin info daerah
Aku pengen terapi yang ngerti budayaku. Apa yang bikin psikolog kompeten?;Kamu pengen terapi yang bener-bener nyambung, ya. Derald Wing Sue dan David Sue bilang psikolog kompeten budaya itu yang paham budaya mereka sendiri, belajar soal budayamu, dan pake pendekatan terapi yang sesuai sama nilai-nilaimu. Jadi, mereka bakal bikin kamu ngerasa dimengerti. Coba ceritain ke psikologmu soal budayamu. Apa yang lagi pengen dibahas? Aku dengerin kok.;GROK;D2_GROK_DrAndrewClinicalPsychology84-107_47.json;terapi psikolog kompeten terapi nyambung derald wing david psikolog kompeten paham sendiri pake dekat terapi sesuai nilai nilai ngerasa erti psikolog bahas dengerin;1;0.2975083543728994;terapi - psikolog - takut - obat - dokter - mental - sehat - khawatir - tahu - ganggu;1_psikolog_terapi_dokter_takut;terapi psikolog kompeten terapi nyambung derald wing david psikolog kompeten paham sendiri pake dekat terapi sesuai nilai nilai ngerasa erti psikolog bahas dengerin
Kenapa sih kuesioner itu penting dalam penelitian psikologi?;Kuesioner membantu peneliti memahami apa yang ada di pikiran atau hati banyak orang, termasuk kamu. Ini seperti jembatan untuk tahu apa yang kamu rasakan tanpa harus bertemu langsung. Hasilnya bisa dipakai untuk membantu orang lain yang mungkin punya masalah serupa. Jadi, dengan mengisi kuesioner, kamu sebenarnya ikut berkontribusi untuk sesuatu yang lebih besar.;GROK;D3_GROK_PengantarPsikologiAdnan58-68_20.json;kuesioner penting psikologi kuesioner paham hati masuk jembatan tahu langsung hasil rupa kuesioner kontribusi;1;0.2970395532208864;terapi - psikolog - takut - obat - dokter - mental - sehat - khawatir - tahu - ganggu;1_psikolog_terapi_dokter_takut;kuesioner penting psikologi kuesioner paham hati masuk jembatan tahu langsung hasil rupa kuesioner kontribusi
Aku sering merasa sendiri. Apa psikolog klinis bisa bantu aku nggak kesepian?;Rasa sepi itu berat, ya, dan aku senang kamu ceritain ini. Psikolog klinis bisa banget bantu. Mereka bisa ngobrol sama kamu buat pahami kenapa kamu ngerasa sendiri, mungkin bantu lihat pola pikir atau kebiasaan yang bikin sepi, dan kasih ide buat terhubung lagi sama orang lain atau diri sendiri. Mereka pakai ilmu dan pendekatan yang bikin kamu nggak cuma didenger, tapi juga dibantu biar lebih nyaman. Apa yang biasanya bikin kamu ngerasa sepi? Ceritain sedikit, yuk.;GROK;D2_GROK_DrAndrewClinicalPsychology26-43_53.json;sendiri psikolog klinis sepi sepi berat senang psikolog klinis paham ngerasa sendiri pola sepi diri sendiri ilmu dekat didenger nyaman ngerasa sepi;1;0.2969024163455508;terapi - psikolog - takut - obat - dokter - mental - sehat - khawatir - tahu - ganggu;-1_diri_takut_sendiri_kecil;sendiri psikolog klinis sepi sepi berat senang psikolog klinis paham ngerasa sendiri pola sepi diri sendiri ilmu dekat didenger nyaman ngerasa sepi
Aku pengen psikolog ngerti aku tapi juga budayaku. Apa itu mungkin?;Pasti mungkin! Derald Wing Sue dan David Sue bilang model tripartit bisa bantu psikolog lihat kamu sebagai individu yang unik, bagian dari budayamu, dan manusia dengan kesamaan universal. Jadi, mereka bisa ngerti apa yang bikin kamu beda sekaligus nilai budayamu. Coba ceritain ke psikologmu soal apa yang penting buatmu. Apa yang lagi pengen dibahas? Aku dengerin kok.;GROK;D2_GROK_DrAndrewClinicalPsychology84-107_47.json;psikolog derald wing david model tripartit psikolog individu unik manusia universal sekaligus nilai psikolog penting bahas dengerin;1;0.2959185781086229;terapi - psikolog - takut - obat - dokter - mental - sehat - khawatir - tahu - ganggu;1_psikolog_terapi_dokter_takut;psikolog derald wing david model tripartit psikolog individu unik manusia universal sekaligus nilai psikolog penting bahas dengerin
Aku takut banget orang-orang tahu aku pernah ke psikolog. Apa mereka bakal nganggep aku gila?;Wajar kok takut dihakimi, tapi ke psikolog itu tanda kamu peduli sama diri sendiri, bukan berarti ‘gila’. Sayangnya, kadang orang salah paham soal kesehatan mental karena kurang informasi. Kalau kamu khawatir, kamu nggak harus cerita ke semua orang. Pilih orang yang kamu percaya buat berbagi. Kamu merasa nyaman cerita ke siapa biasanya?;GROK;D11_GROK_AHandbookfortheSMH138-148_20.json;takut tahu psikolog nganggep gila takut hakim psikolog peduli diri sendiri bukan arti gila sayang salah paham sehat mental kurang khawatir pilih percaya nyaman siapa;1;0.2945397528973507;terapi - psikolog - takut - obat - dokter - mental - sehat - khawatir - tahu - ganggu;1_psikolog_terapi_dokter_takut;takut tahu psikolog nganggep gila takut hakim psikolog peduli diri sendiri bukan arti gila sayang salah paham sehat mental kurang khawatir pilih percaya nyaman siapa
Aku pengen psikolog lihat aku sebagai individu, tapi juga budayaku. Bisa nggak?;Pasti bisa! Derald Wing Sue dan David Sue punya model tripartit yang bilang psikolog bisa lihat kamu dari tiga sisi: sebagai individu yang unik, bagian dari budayamu, dan manusia dengan kesamaan universal. Jadi, mereka bisa ngerti apa yang bikin kamu spesial sekaligus nilai budayamu. Coba ceritain ke psikologmu soal apa yang penting buatmu. Apa yang lagi pengen dibahas? Aku dengerin kok.;GROK;D2_GROK_DrAndrewClinicalPsychology84-107_47.json;psikolog individu derald wing david model tripartit psikolog sisi individu unik manusia universal spesial sekaligus nilai psikolog penting bahas dengerin;1;0.2939660578534103;terapi - psikolog - takut - obat - dokter - mental - sehat - khawatir - tahu - ganggu;1_psikolog_terapi_dokter_takut;psikolog individu derald wing david model tripartit psikolog sisi individu unik manusia universal spesial sekaligus nilai psikolog penting bahas dengerin
Apa itu model tripartit? Penting nggak buat terapi?;Model tripartit dari Derald Wing Sue dan David Sue itu kayak cara lihat orang dari tiga sisi: sebagai individu yang unik, sebagai bagian kelompok budaya, dan sebagai manusia yang punya kesamaan sama semua orang. Ini penting banget buat terapi karena psikolog bisa ngerti apa yang bikin kamu beda, tapi juga apa yang nyambung sama budaya atau sifat manusia. Bikin terapi lebih pas. Apa yang lagi pengen kamu ceritain soal dirimu? Aku dengerin kok.;GROK;D2_GROK_DrAndrewClinicalPsychology84-107_47.json;model tripartit penting terapi model tripartit derald wing david sisi individu unik kelompok manusia penting terapi psikolog nyambung sifat manusia terapi diri dengerin;1;0.2931761956745665;terapi - psikolog - takut - obat - dokter - mental - sehat - khawatir - tahu - ganggu;1_psikolog_terapi_dokter_takut;model tripartit penting terapi model tripartit derald wing david sisi individu unik kelompok manusia penting terapi psikolog nyambung sifat manusia terapi diri dengerin
Bagaimana bedakan sakit akut dan kronis agar aku nggak overthinking?;Sakit akut biasanya datang mendadak, penyebab jelas (mis. infeksi), dan sembuh tuntas. Kronis berkembang perlahan, faktor penyebab banyak (gaya hidup), dan butuh manajemen jangka panjang. Jika keluhan berlangsung lebih dari 3 bulan, konsultasi untuk evaluasi kronis.;GPT;D1_GPT_HealthPsycology168-183_30.json;sakit akut kronis overthinking sakit akut datang dadak jelas infeksi sembuh tuntas kronis kembang perlahan faktor gaya hidup butuh manajemen jangka panjang keluh langsung bulan konsultasi evaluasi kronis;1;0.289598938567871;terapi - psikolog - takut - obat - dokter - mental - sehat - khawatir - tahu - ganggu;1_psikolog_terapi_dokter_takut;sakit akut kronis overthinking sakit akut datang dadak jelas infeksi sembuh tuntas kronis kembang perlahan faktor gaya hidup butuh manajemen jangka panjang keluh langsung bulan konsultasi evaluasi kronis
Aku beda agama sama psikologku. Apa mereka bakal ngomongin ini?;Aku ngerti kamu pengen nyambung meski beda agama. John Sommers-Flanagan dan Rita Sommers-Flanagan bilang psikolog yang baik bakal ngomongin perbedaan budaya, termasuk agama, secara terbuka biar kamu ngerasa nyaman dan dipahami. Ini bikin obrolan lebih alami. Kalau khawatir, bilang aja soal agamamu. Apa yang bikin takut? Ceritain, yuk.;GROK;D2_GROK_DrAndrewClinicalPsychology171-194_44.json;agama psikolog ngomongin nyambung agama john sommers flanagan rita sommers flanagan psikolog ngomongin masuk agama ngerasa nyaman paham obrol alami khawatir agama takut;1;0.285800004141092;terapi - psikolog - takut - obat - dokter - mental - sehat - khawatir - tahu - ganggu;1_psikolog_terapi_dokter_takut;agama psikolog ngomongin nyambung agama john sommers flanagan rita sommers flanagan psikolog ngomongin masuk agama ngerasa nyaman paham obrol alami khawatir agama takut
Aku takut Bender-Gestalt-II nggak akurat. Apa gunanya?;Aku ngerti takutnya hasil tes nggak bener. Patricia Lacks bilang Bender-Gestalt-II itu tes cepet, cuma nyalin gambar, buat cek apakah ada tanda masalah neuropsikologi, kayak gangguan visual. Nggak detail kayak tes panjang, tapi bisa kasih sinyal kalau perlu cek lebih lanjut. Kalau khawatir, tanya psikologmu soal hasilnya. Mau ceritain apa yang bikin takut? Aku dengerin, kok.;GROK;D2_GROK_DrAndrewClinicalPsychology195-218_35.json;takut bender gestalt akurat takut hasil patricia lacks bender gestalt cepet nyalin neuropsikologi ganggu visual detail panjang perlu lanjut khawatir psikolog hasil takut dengerin;1;0.2856069068006304;terapi - psikolog - takut - obat - dokter - mental - sehat - khawatir - tahu - ganggu;-1_diri_takut_sendiri_kecil;takut bender gestalt akurat takut hasil patricia lacks bender gestalt cepet nyalin neuropsikologi ganggu visual detail panjang perlu lanjut khawatir psikolog hasil takut dengerin
Aku cuma pengen orang-orang nggak ngecap aku gila. Gimana caranya?;Stigma itu emang bikin frustrasi. Cara terbaik adalah edukasi—bagi info sederhana ke orang terdekat soal kondisimu, atau tunjukin lewat tindakan bahwa kamu lebih dari diagnosis. Gabung komunitas juga bisa bantu kamu ngerasa diterima. Apa yang biasanya bikin kamu ngerasa dihakimi?;GROK;D11_GROK_AHandbookfortheSMH171-181_20.json;ngecap gila stigma emang frustrasi edukasi info sederhana dekat kondisi tunjukin lewat tindak diagnosis gabung ngerasa terima ngerasa hakim;1;0.2846641317219508;terapi - psikolog - takut - obat - dokter - mental - sehat - khawatir - tahu - ganggu;-1_diri_takut_sendiri_kecil;ngecap gila stigma emang frustrasi edukasi info sederhana dekat kondisi tunjukin lewat tindak diagnosis gabung ngerasa terima ngerasa hakim
Saya sedang terapi, apakah wajar meminta teman mengantar?;Sangat wajar. Bantuan konkret menurunkan beban mental dan menunjukkan bahwa Anda tidak sendiri.;GPT;D1_GPT_HealthPsycology152-167_50.json;sedang terapi minta teman antar konkret turun beban mental tunjuk sendiri;1;0.2843319553500956;terapi - psikolog - takut - obat - dokter - mental - sehat - khawatir - tahu - ganggu;-1_diri_takut_sendiri_kecil;sedang terapi minta teman antar konkret turun beban mental tunjuk sendiri
Aku pengen coba terapi buat masalah makanku, tapi takut nggak berhasil. Apa yang harus aku lakuin?;Aku ngerti kalau mulai terapi itu terasa menakutkan, apalagi kalau ada rasa takut nggak berhasil. Terapi itu proses, dan setiap langkah kecil yang kamu ambil itu udah kemajuan. Coba cari terapis yang bikin kamu nyaman, dan ceritain apa yang kamu khawatirkan. Kalau mau, kita bisa siapin daftar pertanyaan buat terapis biar kamu lebih yakin. Apa yang bikin kamu takut terapi nggak berhasil?;GROK;D12_GROK_ClinicalHandbookPsychologicalDisorders737-747_20.json;terapi makan takut hasil lakuin terapi takut takut hasil terapi proses kecil udah maju terap nyaman khawatir siapin daftar terap yakin takut terapi hasil;1;0.284256220852059;terapi - psikolog - takut - obat - dokter - mental - sehat - khawatir - tahu - ganggu;-1_diri_takut_sendiri_kecil;terapi makan takut hasil lakuin terapi takut takut hasil terapi proses kecil udah maju terap nyaman khawatir siapin daftar terap yakin takut terapi hasil
Apa hak‑hak dasar yang perlu kutahu sebelum memulai terapi?;"Kamu berhak atas kerahasiaan, penjelasan metode, dan kebebasan berhenti. Jika merasa tidak nyaman, sampaikan; terapis etis akan menghargai keputusanmu.";GPT;D2_GPT_DrAndrewClinicalPsychology44-64_60.json;perlu tahu terapi rahasia jelas metode bebas henti nyaman terap etis harga putus;1;0.273675863843708;terapi - psikolog - takut - obat - dokter - mental - sehat - khawatir - tahu - ganggu;-1_diri_takut_sendiri_kecil;perlu tahu terapi rahasia jelas metode bebas henti nyaman terap etis harga putus
Saya hidup dengan HIV, dan stigma bikin saya stres. Bagaimana stigma bisa memengaruhi kesehatan mental saya, dan apa yang bisa saya lakukan?;Kamu luar biasa kuat hidup dengan tantangan ini, dan saya tahu stigma bisa bikin berat. Stigma dari orang lain bisa bikin kamu merasa cemas atau terisolasi, yang ganggu kesehatan mentalmu. Tapi kamu nggak sendiri! Cari komunitas dukungan, seperti grup online atau lokal, di mana kamu bisa berbagi cerita sama orang yang ngerti. Konseling juga bisa bantu atasi stres. Coba fokus pada hal yang bikin kamu merasa berharga, seperti hobi atau membantu orang lain. Apa yang bikin kamu merasa didukung, dan apa yang pengen kamu coba?;GROK;D1_GROK_HealthPsycology1-55_67.json;hidup stigma stres stigma pengaruh sehat mental laku luar kuat hidup tantang tahu stigma berat stigma cemas isolasi ganggu sehat mental sendiri dukung grup lokal konseling stres harga dukung;1;0.2729225606523346;terapi - psikolog - takut - obat - dokter - mental - sehat - khawatir - tahu - ganggu;-1_diri_takut_sendiri_kecil;hidup stigma stres stigma pengaruh sehat mental laku luar kuat hidup tantang tahu stigma berat stigma cemas isolasi ganggu sehat mental sendiri dukung grup lokal konseling stres harga dukung
Aku pengen gabung komunitas medsos yang peduli kesehatan mental, tapi takut nggak diterima. Gimana caranya biar aku pede ikutan?;Gabung komunitas kesehatan mental itu kayak masuk ke circle yang penuh empati, dan kamu pasti bisa diterima! Biar pede, coba mulai dengan baca postingan mereka, lalu komen sederhana, kayak, ‘Aku suka banget baca ini, bikin aku merasa nggak sendiri.’ Share cerita kecil kalau nyaman, misalnya, ‘Aku pernah coba meditasi, kalian suka nggak?’ Jangan takut, komunitas kayak gini biasanya hangat. Ceritain ketakutanmu soal gabung, aku bantu kasih langkah buat masuk dengan percaya diri!;GROK;A3_GROK_PsikologiKomunikasi75-82_25.json;gabung medsos peduli sehat mental takut terima pede gabung sehat mental masuk circle penuh empati terima pede baca postingan komen sederhana baca sendiri kecil nyaman meditasi jangan takut hangat takut gabung masuk percaya diri;1;0.2714952014522307;terapi - psikolog - takut - obat - dokter - mental - sehat - khawatir - tahu - ganggu;-1_diri_takut_sendiri_kecil;gabung medsos peduli sehat mental takut terima pede gabung sehat mental masuk circle penuh empati terima pede baca postingan komen sederhana baca sendiri kecil nyaman meditasi jangan takut hangat takut gabung masuk percaya diri
Aku pengen psikolog ngerti gambaran besar ceritaku. Apa mereka bikin ringkasan?;Kamu pengen ceritamu dipahami utuh, ya. Ekkehart Othmer dan Sieglinde C. Othmer bilang psikolog sering bikin ringkasan di akhir wawancara, kayak nyambungin semua yang kamu ceritain, misalnya ‘Jadi, kamu cemas soal kerja dan keluarga, dan pengen bantuan buat atasi ini.’ Ini nunjukin mereka ngerti gambaran besar. Mau ceritain apa yang lagi bikin susah? Aku dengerin, kok.;GROK;D2_GROK_DrAndrewClinicalPsychology171-194_44.json;psikolog ringkas paham utuh ekkehart othmer sieglinde othmer psikolog ringkas akhir wawancara nyambungin cemas kerja keluarga nunjukin susah dengerin;1;0.2711932175524097;terapi - psikolog - takut - obat - dokter - mental - sehat - khawatir - tahu - ganggu;1_psikolog_terapi_dokter_takut;psikolog ringkas paham utuh ekkehart othmer sieglinde othmer psikolog ringkas akhir wawancara nyambungin cemas kerja keluarga nunjukin susah dengerin
Aku merasa komunitasku nggak ngerti pentingnya kesehatan mental. Gimana caranya aku edukasi mereka?;Itu langkah keren, ingin bantu komunitas! Mulai dari hal kecil aja, kayak ngobrol santai soal perasaan sama temen atau keluarga. Bisa juga ikut acara komunitas yang ngomongin kesehatan mental. Kalau mau ide buat kampanye sederhana, aku bisa bantu kasih saran.;GROK;D11_GROK_AHandbookfortheSMH468-478_20.json;penting sehat mental edukasi keren kecil santai temen keluarga acara ngomongin sehat mental kampanye sederhana saran;1;0.2697888446234694;terapi - psikolog - takut - obat - dokter - mental - sehat - khawatir - tahu - ganggu;-1_diri_takut_sendiri_kecil;penting sehat mental edukasi keren kecil santai temen keluarga acara ngomongin sehat mental kampanye sederhana saran
Ujian buat jadi psikolog itu susah nggak? Apa aja yang diujiin?;Ujian buat jadi psikolog klinis emang cukup menantang, tapi itu bikin mereka siap bantu kamu dengan baik. Ada ujian besar namanya EPPP, yang ngetes semua hal tentang psikologi, dari teori sampe cara bantu klien. Terus, ada ujian khusus di tiap negara bagian, biasanya soal aturan hukum dan etika praktik. Jadi, mereka harus pinter dan paham bener supaya bisa kerja secara profesional. Keren, kan, betapa seriusnya mereka? Kalau kamu ketemu psikolog, apa yang pengen kamu tanyain soal kualifikasi mereka?;GROK;D2_GROK_DrAndrewClinicalPsychology26-43_53.json;psikolog susah diujiin psikolog klinis emang cukup tantang siap nama eppp ngetes psikologi teori sampe klien terus khusus negara atur hukum etika praktik pinter paham kerja profesional keren betapa serius psikolog tanyain kualifikasi;1;0.2693687345798209;terapi - psikolog - takut - obat - dokter - mental - sehat - khawatir - tahu - ganggu;1_psikolog_terapi_dokter_takut;psikolog susah diujiin psikolog klinis emang cukup tantang siap nama eppp ngetes psikologi teori sampe klien terus khusus negara atur hukum etika praktik pinter paham kerja profesional keren betapa serius psikolog tanyain kualifikasi
Kenapa sih orang-orang di sekitarku kayak nggak peduli sama kesehatan mental?;Bisa jadi karena mereka kurang paham soal kesehatan mental atau masih ada stigma di lingkungan mereka. Banyak orang nggak diajarin untuk ngomongin perasaan atau ngenalin tanda-tanda masalah mental. Kalau kamu mau, coba ajak mereka ngobrol pelan-pelan, mungkin mulai dari sharing artikel sederhana soal ini.;GROK;D11_GROK_AHandbookfortheSMH446-456_20.json;peduli sehat mental kurang paham sehat mental stigma diajarin ngomongin ngenalin mental pelan pelan sharing artikel sederhana;1;0.2692169109611711;terapi - psikolog - takut - obat - dokter - mental - sehat - khawatir - tahu - ganggu;-1_diri_takut_sendiri_kecil;peduli sehat mental kurang paham sehat mental stigma diajarin ngomongin ngenalin mental pelan pelan sharing artikel sederhana
Aku takut ada masalah sama otakku. Apa tes neuropsikologi perlu?;Aku ngerti takutnya kalau otak bermasalah. Tes neuropsikologi bantu cek gimana otakmu bekerja, misalnya kalau kamu pernah cedera kepala atau khawatir soal penyakit otak. Ini kasih gambaran apa yang lagi susah dan bantu psikolog kasih saran, kayak terapi. Kalau khawatir, tanya psikologmu apakah tes ini perlu. Mau ceritain apa yang bikin takut? Aku dengerin, kok.;GROK;D2_GROK_DrAndrewClinicalPsychology195-218_35.json;takut otak neuropsikologi perlu takut otak neuropsikologi otak kerja cedera kepala khawatir sakit otak susah psikolog saran terapi khawatir psikolog perlu takut dengerin;1;0.2691192923173112;terapi - psikolog - takut - obat - dokter - mental - sehat - khawatir - tahu - ganggu;-1_diri_takut_sendiri_kecil;takut otak neuropsikologi perlu takut otak neuropsikologi otak kerja cedera kepala khawatir sakit otak susah psikolog saran terapi khawatir psikolog perlu takut dengerin
Aku takut tes Bender-Gestalt-II susah. Apa itu dan buat apa?;Aku ngerti takutnya tes bikin stres. Patricia Lacks bilang Bender-Gestalt-II itu tes singkat, cuma sekitar 6 menit, di mana kamu nyalin gambar sederhana. Ini buat cek cepet apakah ada masalah neuropsikologi, kayak gangguan visual atau motorik. Kalau hasilnya nunjukin apa-apa, psikolog bisa tes lebih lanjut. Kalau khawatir, tanya soal caranya. Mau ceritain apa yang bikin takut? Aku dengerin, kok.;GROK;D2_GROK_DrAndrewClinicalPsychology195-218_35.json;takut bender gestalt susah takut stres patricia lacks bender gestalt singkat nyalin sederhana cepet neuropsikologi ganggu visual motorik hasil nunjukin psikolog lanjut khawatir takut dengerin;1;0.2650338542625381;terapi - psikolog - takut - obat - dokter - mental - sehat - khawatir - tahu - ganggu;-1_diri_takut_sendiri_kecil;takut bender gestalt susah takut stres patricia lacks bender gestalt singkat nyalin sederhana cepet neuropsikologi ganggu visual motorik hasil nunjukin psikolog lanjut khawatir takut dengerin
Aku merasa nggak ada yang peduli sama masalahku, apa sistem kesehatan mental beneran bisa bantu?;Aku tahu rasanya merasa sendirian dengan masalah itu nggak enak. Sistem kesehatan mental memang nggak sempurna, tapi banyak orang di dalamnya yang beneran pengen bantu, dari konselor sampe kelompok komunitas. Aku bisa bantu kamu cari tempat yang terasa nyaman buat cerita, mau coba?;GROK;D11_GROK_AHandbookfortheSMH523-533_20.json;peduli sehat mental beneran tahu sendiri enak sehat mental sempurna beneran konselor sampe kelompok tempat nyaman;1;0.2648852748289198;terapi - psikolog - takut - obat - dokter - mental - sehat - khawatir - tahu - ganggu;-1_diri_takut_sendiri_kecil;peduli sehat mental beneran tahu sendiri enak sehat mental sempurna beneran konselor sampe kelompok tempat nyaman
Aku ngerasa down banget. Apa BDI-II bisa bantu aku ngerti kenapa?;Aku ngerti rasanya ngerasa down itu susah. Phillip J. Brantley, Gregory R. Dutton, dan Robert L. Wood bilang BDI-II itu tes cepet yang cek gejala depresi, kayak sedih atau lelah, biar psikolog tahu seberapa parahnya. Ini bantu kasih gambaran apa yang kamu alamin dan cari cara bantu. Kalau khawatir, ceritain ke psikolog soal perasaanmu. Mau ceritain apa lagi? Aku dengerin, kok.;GROK;D2_GROK_DrAndrewClinicalPsychology219-245_35.json;ngerasa down ngerasa down susah phillip brantley gregory dutton robert wood cepet gejala depresi sedih lelah psikolog tahu berapa parah alamin khawatir psikolog dengerin;1;0.2644980890568609;terapi - psikolog - takut - obat - dokter - mental - sehat - khawatir - tahu - ganggu;1_psikolog_terapi_dokter_takut;ngerasa down ngerasa down susah phillip brantley gregory dutton robert wood cepet gejala depresi sedih lelah psikolog tahu berapa parah alamin khawatir psikolog dengerin
Aku takut kalau aku gila karena denger suara-suara. Apa aku gila?;Kamu nggak gila. Denger suara-suara itu bisa terjadi karena banyak hal, seperti stres, cemas, atau bahkan kondisi kesehatan mental tertentu. Yang penting, kamu nggak sendirian, dan ada bantuan buat ngatasin ini. Aku saranin bicara sama psikolog supaya kamu bisa paham lebih jauh dan merasa lebih tenang. Apa kamu pernah ceritain ini ke orang yang kamu percaya?;GROK;D12_GROK_ClinicalHandbookPsychologicalDisorders561-571_20.json;takut gila denger gila gila denger stres cemas bahkan kondisi sehat mental penting sendiri ngatasin saranin bicara psikolog paham jauh tenang percaya;1;0.2638716823999497;terapi - psikolog - takut - obat - dokter - mental - sehat - khawatir - tahu - ganggu;-1_diri_takut_sendiri_kecil;takut gila denger gila gila denger stres cemas bahkan kondisi sehat mental penting sendiri ngatasin saranin bicara psikolog paham jauh tenang percaya
Aku dengar ada program kesehatan mental berbasis komunitas. Itu kayak apa?;Program berbasis komunitas itu fokus bantu orang lewat komunitasnya, kayak bikin acara edukasi atau kelompok dukungan yang sesuai budaya setempat. Contohnya, ada yang pake seni atau diskusi buat ngomongin kesehatan mental. Keren, kan? Mau aku bantu cari tahu ada nggak di deketmu?;GROK;D11_GROK_AHandbookfortheSMH468-478_20.json;dengar program sehat mental program lewat acara edukasi kelompok dukung sesuai tempat contoh pake seni diskusi ngomongin sehat mental keren tahu deketmu;1;0.2636811542583765;terapi - psikolog - takut - obat - dokter - mental - sehat - khawatir - tahu - ganggu;-1_diri_takut_sendiri_kecil;dengar program sehat mental program lewat acara edukasi kelompok dukung sesuai tempat contoh pake seni diskusi ngomongin sehat mental keren tahu deketmu
Aku nggak mau ke kelompok dukungan kayak AA, soalnya malu. Apa ada cara lain?;Aku ngerti kalau kelompok dukungan bisa bikin malu, dan nggak apa-apa kalau kamu belum siap. Ada alternatif lain, seperti konseling pribadi atau aplikasi kesehatan mental yang bisa kamu coba sendiri. Kamu juga bisa mulai dengan ngobrol sama temen dekat yang mendukung. Kalau suatu saat kamu pengen coba kelompok, ada yang online dan anonim, lho. Apa kamu punya seseorang yang bisa dipercaya buat cerita soal ini?;GROK;D12_GROK_ClinicalHandbookPsychologicalDisorders616-626_20.json;kelompok dukung malu kelompok dukung malu siap alternatif konseling pribadi aplikasi sehat mental sendiri temen dekat dukung suatu kelompok anonim percaya;1;0.263058580805603;terapi - psikolog - takut - obat - dokter - mental - sehat - khawatir - tahu - ganggu;-1_diri_takut_sendiri_kecil;kelompok dukung malu kelompok dukung malu siap alternatif konseling pribadi aplikasi sehat mental sendiri temen dekat dukung suatu kelompok anonim percaya
Aku takut psikologku capek ngurusin aku. Apa itu burnout?;Aku ngerti kamu pengen psikolog yang fit buat bantu. Burnout itu kayak kelelahan emosional karena kerja terus sama orang yang punya masalah berat. Ini bisa bikin psikolog kurang fokus, tapi kode etik bilang mereka harus atasi ini, misalnya dengan istirahat atau konseling sendiri. Banyak psikolog jago jaga diri, lho. Kalau kamu khawatir soal ini, apa yang lagi bikin takut? Ceritain, yuk.;GROK;D2_GROK_DrAndrewClinicalPsychology108-130_51.json;takut psikolog capek ngurusin burnout psikolog burnout lelah emosional kerja terus berat psikolog kurang kode etik istirahat konseling sendiri psikolog jago jaga diri khawatir takut;1;0.2622368757042264;terapi - psikolog - takut - obat - dokter - mental - sehat - khawatir - tahu - ganggu;-1_diri_takut_sendiri_kecil;takut psikolog capek ngurusin burnout psikolog burnout lelah emosional kerja terus berat psikolog kurang kode etik istirahat konseling sendiri psikolog jago jaga diri khawatir takut
Aku pengen bikin perubahan di sistem kesehatan mental, tapi aku cuma orang biasa. Apa aku bisa ngelakuin sesuatu?;Kamu pasti bisa bikin perubahan, meski cuma orang biasa! Banyak perubahan besar di sistem kesehatan mental dimulai dari orang-orang kayak kamu yang berbagi pengalaman mereka. Kamu bisa gabung dengan komunitas konsumen atau organisasi advokasi yang memperjuangkan hak-hak orang dengan gangguan mental. Mulai dari hal kecil, seperti ikut diskusi atau nulis pengalamanmu, bisa bikin dampak. Apa yang pengen kamu ubah di sistem ini?;GROK;D11_GROK_AHandbookfortheSMH490-500_20.json;ubah sehat mental ngelakuin ubah ubah sehat mental alam gabung konsumen organisasi advokasi juang ganggu mental kecil diskusi nulis alam dampak ubah;1;0.2605983337291617;terapi - psikolog - takut - obat - dokter - mental - sehat - khawatir - tahu - ganggu;-1_diri_takut_sendiri_kecil;ubah sehat mental ngelakuin ubah ubah sehat mental alam gabung konsumen organisasi advokasi juang ganggu mental kecil diskusi nulis alam dampak ubah
Apa risiko ikut penelitian terapi? Aku takut nggak dibantu beneran.;Wajar banget kamu takut soal ini. Dalam penelitian terapi, kadang ada peserta yang nggak dapet terapi beneran, misalnya cuma plasebo atau masuk daftar tunggu. Psikolog harus jelasin ini di awal biar kamu tahu risikonya. Mereka juga wajib pastiin kamu nggak dirugikan. Kalau kamu lagi mikirin ikut penelitian, apa yang bikin khawatir? Ceritain, dong.;GROK;D2_GROK_DrAndrewClinicalPsychology108-130_51.json;risiko terapi takut beneran takut terapi dapet terapi beneran plasebo masuk daftar tunggu psikolog jelasin awal tahu risiko wajib pastiin rugi mikirin khawatir;1;0.2605179766717042;terapi - psikolog - takut - obat - dokter - mental - sehat - khawatir - tahu - ganggu;-1_diri_takut_sendiri_kecil;risiko terapi takut beneran takut terapi dapet terapi beneran plasebo masuk daftar tunggu psikolog jelasin awal tahu risiko wajib pastiin rugi mikirin khawatir
Apa itu burnout? Aku takut psikologku kena ini.;Burnout itu kayak kelelahan emosional karena kerja terus-menerus sama orang yang punya masalah berat, dan ini bisa bikin psikolog kurang fokus. Aku ngerti kamu takut psikologmu kena ini. Tapi, banyak psikolog tahu cara jaga diri, misalnya istirahat cukup atau konseling sendiri. Kode etik juga bilang mereka harus atasi ini biar tetep bantu kamu dengan baik. Kalau kamu khawatir soal psikologmu, apa yang lagi bikin penasaran? Ceritain, dong.;GROK;D2_GROK_DrAndrewClinicalPsychology108-130_51.json;burnout takut psikolog kena burnout lelah emosional kerja terus terus berat psikolog kurang takut psikolog kena psikolog tahu jaga diri istirahat cukup konseling sendiri kode etik khawatir psikolog penasaran;1;0.2596258241165053;terapi - psikolog - takut - obat - dokter - mental - sehat - khawatir - tahu - ganggu;-1_diri_takut_sendiri_kecil;burnout takut psikolog kena burnout lelah emosional kerja terus terus berat psikolog kurang takut psikolog kena psikolog tahu jaga diri istirahat cukup konseling sendiri kode etik khawatir psikolog penasaran
Aku ngerasa stuck, kayak nggak ada kemajuan, apa sistem kesehatan mental bisa bantu?;Rasa stuck itu bikin lelah, ya. Sistem kesehatan mental punya banyak cara buat bantu, kayak terapi atau kelompok dukungan yang bisa bantu kamu lihat jalan ke depan. Aku bisa bantu cari tahu langkah apa yang mungkin cocok buatmu, atau kita obrolin dulu apa yang bikin kamu ngerasa gitu?;GROK;D11_GROK_AHandbookfortheSMH523-533_20.json;ngerasa stuck maju sehat mental stuck lelah sehat mental terapi kelompok dukung jalan depan tahu cocok obrolin ngerasa;1;0.2579427414390268;terapi - psikolog - takut - obat - dokter - mental - sehat - khawatir - tahu - ganggu;-1_diri_takut_sendiri_kecil;ngerasa stuck maju sehat mental stuck lelah sehat mental terapi kelompok dukung jalan depan tahu cocok obrolin ngerasa
Aku takut HRB terlalu lama. Apa bener bantu otakku?;Aku ngerti kekhawatiranmu soal durasi tes. HRB itu memang agak panjang karena punya delapan tes, tapi tujuannya buat cek detail apakah ada kerusakan otak dan bagian mana yang bermasalah. Ini bantu psikolog bikin rencana perawatan yang pas. Kalau khawatir soal waktu, tanya psikologmu soal prosesnya. Mau ceritain apa yang bikin takut? Aku dengerin, yuk.;GROK;D2_GROK_DrAndrewClinicalPsychology195-218_35.json;takut terlalu lama otak khawatir durasi panjang delapan tuju detail rusa otak psikolog rencana awat khawatir psikolog proses takut dengerin;1;0.2501662668124679;terapi - psikolog - takut - obat - dokter - mental - sehat - khawatir - tahu - ganggu;-1_diri_takut_sendiri_kecil;takut terlalu lama otak khawatir durasi panjang delapan tuju detail rusa otak psikolog rencana awat khawatir psikolog proses takut dengerin
Aku dari budaya minoritas. Apa DSM beneran ngerti aku?;Aku ngerti kamu pengen diagnosis yang ngerti budayamu. DSM udah usaha lebih sensitif sama budaya, tapi ada kritik karena penelitiannya sering kurang melibatkan orang dari budaya minoritas. Jadi, kadang gejala orang kayak kamu kurang terwakili. Tapi, psikolog yang kompeten bakal coba ngerti latar belakangmu. Coba ceritain budayamu ke mereka. Apa yang lagi bikin khawatir? Ceritain, dong.;GROK;D2_GROK_DrAndrewClinicalPsychology150-170_38.json;minoritas beneran diagnosis udah usaha sensitif kritik kurang libat minoritas gejala kurang wakil psikolog kompeten latar belakang khawatir;1;0.2492701768389242;terapi - psikolog - takut - obat - dokter - mental - sehat - khawatir - tahu - ganggu;-1_diri_takut_sendiri_kecil;minoritas beneran diagnosis udah usaha sensitif kritik kurang libat minoritas gejala kurang wakil psikolog kompeten latar belakang khawatir
Aku pengen ke psikiater, tapi takut dikasih obat mulu. Ada saran?;Wajar kok khawatir soal obat. Kalau kamu mau ke psikiater, coba bilang dari awal bahwa kamu lebih tertarik eksplor opsi lain, seperti terapi bicara. Psikiater yang baik akan dengerin preferensimu dan bikin rencana yang sesuai. Aku bisa bantu kamu siapin pertanyaan buat psikiater, mau?;GROK;D11_GROK_AHandbookfortheSMH39-49_20.json;psikiater takut obat mulu saran khawatir obat psikiater awal eksplor opsi terapi bicara psikiater dengerin preferensi rencana sesuai siapin psikiater;1;0.2487881361737921;terapi - psikolog - takut - obat - dokter - mental - sehat - khawatir - tahu - ganggu;-1_diri_takut_sendiri_kecil;psikiater takut obat mulu saran khawatir obat psikiater awal eksplor opsi terapi bicara psikiater dengerin preferensi rencana sesuai siapin psikiater
Aku takut cerita ke konselor nanti malah bikin aku tambah stres, gimana dong?;Wajar kok takut buka cerita, apalagi kalau baru pertama kali. Konselor yang baik bakal bikin kamu merasa aman, bukan tambah stres. Mungkin kita bisa cari tahu dulu konselor yang reputasinya bagus atau coba mulai dengan sesi singkat biar kamu nyaman. Mau aku bantu cari infonya?;GROK;D11_GROK_AHandbookfortheSMH523-533_20.json;takut konselor malah tambah stres takut pertama konselor bukan tambah stres tahu konselor reputasi bagus sesi singkat nyaman info;1;0.2483782459057437;terapi - psikolog - takut - obat - dokter - mental - sehat - khawatir - tahu - ganggu;-1_diri_takut_sendiri_kecil;takut konselor malah tambah stres takut pertama konselor bukan tambah stres tahu konselor reputasi bagus sesi singkat nyaman info
Aku malu kalau harus wawancara langsung. Apa kelebihannya dibandingkan kuesioner?;Wawancara memang bisa terasa lebih personal, tapi itu juga kelebihannya. Kamu bisa ngobrol langsung, jadi kalau ada yang kurang jelas, kamu bisa tanya atau peneliti bisa menjelaskan. Berbeda dengan kuesioner yang lebih kaku, wawancara memungkinkan kamu ceritain lebih banyak dengan cara yang lebih alami. Kalau malu, coba bayangkan peneliti sebagai teman yang ingin mendengar ceritamu.;GROK;D3_GROK_PengantarPsikologiAdnan58-68_20.json;malu wawancara langsung banding kuesioner wawancara personal langsung kurang jelas jelas kuesioner kaku wawancara alami malu bayang teman dengar;1;0.2472966994707794;terapi - psikolog - takut - obat - dokter - mental - sehat - khawatir - tahu - ganggu;1_psikolog_terapi_dokter_takut;malu wawancara langsung banding kuesioner wawancara personal langsung kurang jelas jelas kuesioner kaku wawancara alami malu bayang teman dengar
Aku pengen coba CBT yang kamu bilangin tadi. Itu kayak apa sih sebenarnya?;Keren banget kamu tertarik coba CBT! Jadi, CBT itu terapi yang bantu kamu kenali pola pikir atau perilaku yang bikin susah, lalu ganti sama yang lebih sehat. Misalnya, kalau kamu denger suara-suara, CBT ajarin cara alihin perhatian atau tantang apa yang suara itu bilang. Biasanya ketemu terapis seminggu sekali, dan mereka kasih ‘PR’ buat latihan di rumah. Mau aku jelasin lebih detail atau bantu cari info tempat CBT?;GROK;D12_GROK_ClinicalHandbookPsychologicalDisorders539-549_20.json;bilangin tadi keren terapi kenal pola perilaku susah sehat denger ajarin alihin perhati tantang terap minggu sekali jelasin detail info tempat;1;0.2471208333791871;terapi - psikolog - takut - obat - dokter - mental - sehat - khawatir - tahu - ganggu;-1_diri_takut_sendiri_kecil;bilangin tadi keren terapi kenal pola perilaku susah sehat denger ajarin alihin perhati tantang terap minggu sekali jelasin detail info tempat
Emilia, aku denger suara yang nyuruh aku lakuin hal berbahaya. Aku takut nurutin. Apa yang harus aku lakuin?;Wah, itu pasti menakutkan banget. Denger suara yang nyuruh gitu bisa jadi halusinasi berbahaya, dan kamu nggak boleh nurutin. Langkah pertama, coba alihin perhatian, kayak denger musik atau ngomong sama orang. Juga, segera hubungi dokter atau terapis, karena ini serius. Aku di sini buat dukung kamu, mau aku bantu susun langkah buat kontak bantuan sekarang?;GROK;D12_GROK_ClinicalHandbookPsychologicalDisorders539-549_20.json;denger nyuruh lakuin bahaya takut nurutin lakuin takut denger nyuruh halusinasi bahaya nurutin pertama alihin perhati denger musik ngomong segera dokter terap serius dukung susun kontak;1;0.2465274237665954;terapi - psikolog - takut - obat - dokter - mental - sehat - khawatir - tahu - ganggu;-1_diri_takut_sendiri_kecil;denger nyuruh lakuin bahaya takut nurutin lakuin takut denger nyuruh halusinasi bahaya nurutin pertama alihin perhati denger musik ngomong segera dokter terap serius dukung susun kontak
Di lingkunganku banyak kekerasan, aku takut keluar rumah. Ini bikin aku stres, normal nggak sih?;Wajar banget kamu merasa stres kalau lingkunganmu nggak aman. Rasa takut itu sinyal bahwa tubuhmu mencoba melindungi diri. Mungkin kamu bisa cari tempat yang lebih aman untuk bersantai, seperti rumah teman atau komunitas lokal. Kalau stres ini bikin kamu susah tidur atau cemas terus, coba bicara dengan seseorang, mungkin orang tua atau konselor. Aku siap denger ceritamu kapan aja.;GROK;D11_GROK_AHandbookfortheSMH369-379_20.json;takut keluar stres stres takut tubuh lindung diri tempat santa teman lokal stres susah tidur cemas terus bicara konselor siap denger kapan;1;0.2459669137830515;terapi - psikolog - takut - obat - dokter - mental - sehat - khawatir - tahu - ganggu;-1_diri_takut_sendiri_kecil;takut keluar stres stres takut tubuh lindung diri tempat santa teman lokal stres susah tidur cemas terus bicara konselor siap denger kapan
Aku ngerasa sedih banget. Apa BDI-II bantu aku?;Aku ngerti rasanya sedih itu berat. Phillip J. Brantley, Gregory R. Dutton, dan Robert L. Wood bilang BDI-II itu tes singkat yang cek seberapa parah gejala depresimu, kayak sedih atau nggak semangat. Tes ini bantu psikolog ngerti apa yang kamu alamin dan kasih saran yang pas. Kalau khawatir, coba ceritain ke psikolog soal perasaanmu. Mau ceritain apa lagi? Aku dengerin, kok.;GROK;D2_GROK_DrAndrewClinicalPsychology219-245_35.json;ngerasa sedih sedih berat phillip brantley gregory dutton robert wood singkat berapa parah gejala depresi sedih semangat psikolog alamin saran khawatir psikolog dengerin;1;0.2457068837131024;terapi - psikolog - takut - obat - dokter - mental - sehat - khawatir - tahu - ganggu;1_psikolog_terapi_dokter_takut;ngerasa sedih sedih berat phillip brantley gregory dutton robert wood singkat berapa parah gejala depresi sedih semangat psikolog alamin saran khawatir psikolog dengerin
Emilia, kenapa sih orang-orang sekarang lebih suka minum obat ketimbang terapi?;Hmm, banyak faktor, sih. Obat itu sering dianggap solusi cepat, apalagi dengan iklan yang gencar. Terus, budaya kita juga mulai lihat masalah emosional sebagai sesuatu yang bisa ‘diobati’ dengan pil. Padahal, terapi juga punya manfaat besar, cuma butuh waktu dan komitmen lebih. Kamu sendiri lebih condong ke mana?;GROK;D11_GROK_AHandbookfortheSMH39-49_20.json;obat ketimbang terapi faktor obat anggap solusi cepat iklan gencar terus emosional obat padahal terapi manfaat butuh komitmen sendiri condong;1;0.2391353862403939;terapi - psikolog - takut - obat - dokter - mental - sehat - khawatir - tahu - ganggu;-1_diri_takut_sendiri_kecil;obat ketimbang terapi faktor obat anggap solusi cepat iklan gencar terus emosional obat padahal terapi manfaat butuh komitmen sendiri condong
Bagaimana mempersiapkan sesi terapi pertamaku?;Tuliskan masalah utama, harapan, dan contoh situasi. Sikap terbuka mempercepat terapis memahami peta hubunganmu.;GPT;A1_GPT_PsikologiKepribadian102-118_50.json;siap sesi terapi pertama utama harap contoh situasi sikap cepat terap paham peta;1;0.2389111071003861;terapi - psikolog - takut - obat - dokter - mental - sehat - khawatir - tahu - ganggu;-1_diri_takut_sendiri_kecil;siap sesi terapi pertama utama harap contoh situasi sikap cepat terap paham peta
Aku mau coba terapi online. Apa risikonya?;Terapi online itu praktis, tapi aku ngerti kamu pengen tahu risikonya. Ada beberapa hal, kayak susah jaga kerahasiaan kalau koneksi internet nggak aman, atau psikolog mungkin nggak lihat ekspresi kamu jelas. Tapi, psikolog yang baik pake teknologi aman dan jelasin batasan ini di awal. Ini bikin kamu bisa nyaman. Kalau kamu mikirin terapi online, apa yang bikin ragu? Ceritain, yuk.;GROK;D2_GROK_DrAndrewClinicalPsychology108-130_51.json;terapi risiko terapi praktis tahu risiko beberapa susah jaga rahasia koneksi internet psikolog ekspresi jelas psikolog pake teknologi jelasin batas awal nyaman mikirin terapi ragu;1;0.2352651381327405;terapi - psikolog - takut - obat - dokter - mental - sehat - khawatir - tahu - ganggu;-1_diri_takut_sendiri_kecil;terapi risiko terapi praktis tahu risiko beberapa susah jaga rahasia koneksi internet psikolog ekspresi jelas psikolog pake teknologi jelasin batas awal nyaman mikirin terapi ragu
Aku kadang merasa bersalah banget setelah minum banyak. Gimana caranya biar nggak gitu?;Rasa bersalah itu pasti berat, dan aku dengerin kamu, ya. Itu tanda kamu peduli sama diri sendiri dan pengen berubah. Coba kita mulai dengan catat kapan kamu minum banyak dan apa yang bikin kamu merasa bersalah. Dari situ, kita bisa cari cara buat kurangin minum, seperti ganti kebiasaan atau terapi CBT. Aku di sini buat nemenin!;GROK;D12_GROK_ClinicalHandbookPsychologicalDisorders572-582_20.json;salah salah berat dengerin peduli diri sendiri ubah catat kapan salah situ rangin terapi nemenin;1;0.2346523159063255;terapi - psikolog - takut - obat - dokter - mental - sehat - khawatir - tahu - ganggu;-1_diri_takut_sendiri_kecil;salah salah berat dengerin peduli diri sendiri ubah catat kapan salah situ rangin terapi nemenin
Aku takut ujian status mental bikin aku kelihatan buruk. Apa itu perlu?;Aku ngerti takutnya kalau ujian bikin ngerasa nggak oke. Susan Lukas bilang ujian status mental itu cuma buat cek cepet gimana kondisi pikiran dan perasaanmu saat ini, biasanya di rumah sakit. Bukan buat nilai kamu, tapi buat bantu psikolog tahu apa yang lagi terjadi. Kalau khawatir, tanya tujuannya. Mau ceritain apa yang bikin takut? Aku dengerin, kok.;GROK;D2_GROK_DrAndrewClinicalPsychology171-194_44.json;takut status mental perlu takut ngerasa lukas status mental cepet kondisi sakit bukan nilai psikolog tahu khawatir tuju takut dengerin;1;0.2344366770741345;terapi - psikolog - takut - obat - dokter - mental - sehat - khawatir - tahu - ganggu;-1_diri_takut_sendiri_kecil;takut status mental perlu takut ngerasa lukas status mental cepet kondisi sakit bukan nilai psikolog tahu khawatir tuju takut dengerin
Aku takut wawancara bikin aku grogi. Ada tips nggak supaya aku lebih santai?;Grogi itu wajar banget, apalagi kalau wawancara terasa serius. Coba latihan napas dalam sebelum mulai, tarik napas perlahan, tahan, lalu keluarkan. Bayangkan wawancara ini seperti ngobrol sama temen yang penasaran sama ceritamu. Kalau kamu merasa tertekan, bilang aja ke peneliti kalau kamu butuh waktu sebentar untuk tenang. Mereka pasti paham.;GROK;D3_GROK_PengantarPsikologiAdnan58-68_20.json;takut wawancara grogi tips santai grogi wawancara serius perlahan tahan keluar bayang wawancara temen penasaran tekan butuh sebentar tenang paham;1;0.2336982120790417;terapi - psikolog - takut - obat - dokter - mental - sehat - khawatir - tahu - ganggu;1_psikolog_terapi_dokter_takut;takut wawancara grogi tips santai grogi wawancara serius perlahan tahan keluar bayang wawancara temen penasaran tekan butuh sebentar tenang paham
Aku dari budaya minoritas. Apa tes Wechsler adil buatku?;Aku ngerti kamu pengen tes yang adil sama budayamu. Gary Groth-Marnat bilang beberapa subtes Wechsler mungkin agak bias budaya, terutama yang pake banyak kata-kata. Tapi, mereka udah usaha bikin tes lebih netral. Kalau kamu khawatir, tanya psikologmu soal tes yang lebih cocok sama budayamu, kayak UNIT. Mau ceritain apa soal budayamu? Aku dengerin, kok.;GROK;D2_GROK_DrAndrewClinicalPsychology195-218_35.json;minoritas wechsler adil adil gary groth marnat beberapa subtes wechsler bias utama pake kata kata udah usaha netral khawatir psikolog cocok unit dengerin;1;0.2310023777874545;terapi - psikolog - takut - obat - dokter - mental - sehat - khawatir - tahu - ganggu;1_psikolog_terapi_dokter_takut;minoritas wechsler adil adil gary groth marnat beberapa subtes wechsler bias utama pake kata kata udah usaha netral khawatir psikolog cocok unit dengerin
Aku dengar wawancara butuh keahlian khusus. Apa bener, dan apa artinya buatku?;Bener, wawancara memang perlu keahlian, terutama buat peneliti yang harus tahu cara bertanya supaya kamu nyaman dan terbuka. Buat kamu, ini artinya kamu berhak dapat pengalaman wawancara yang menyenangkan, di mana peneliti mendengarkan tanpa menghakimi. Kalau kamu merasa peneliti kurang membuatmu nyaman, boleh kok sampaikan supaya suasananya lebih santai.;GROK;D3_GROK_PengantarPsikologiAdnan58-68_20.json;dengar wawancara butuh ahli khusus arti wawancara perlu ahli utama tahu nyaman arti alam wawancara senang dengar hakim kurang nyaman suasana santai;1;0.2246622691910268;terapi - psikolog - takut - obat - dokter - mental - sehat - khawatir - tahu - ganggu;1_psikolog_terapi_dokter_takut;dengar wawancara butuh ahli khusus arti wawancara perlu ahli utama tahu nyaman arti alam wawancara senang dengar hakim kurang nyaman suasana santai
Aku dengar tes psikologi itu standar. Apa artinya buatku kalau aku ikut tes?;Tes psikologi yang standar artinya pertanyaan atau tugasnya sudah dirancang supaya adil dan bisa dibandingkan antar orang. Buat kamu, ini berarti hasil tes bisa memberikan gambaran tentang kemampuan atau karaktermu, seperti seberapa cepat kamu memecahkan masalah atau bagaimana kamu berpikir. Yang penting, jangan terlalu khawatir soal hasilnya—fokus aja pada usahamu menjawab dengan jujur.;GROK;D3_GROK_PengantarPsikologiAdnan58-68_20.json;dengar psikologi standar arti psikologi standar arti tugas rancang adil banding antar arti hasil beri mampu karakter berapa cepat pecah penting jangan terlalu khawatir hasil usaha jujur;1;0.2190282627158751;terapi - psikolog - takut - obat - dokter - mental - sehat - khawatir - tahu - ganggu;-1_diri_takut_sendiri_kecil;dengar psikologi standar arti psikologi standar arti tugas rancang adil banding antar arti hasil beri mampu karakter berapa cepat pecah penting jangan terlalu khawatir hasil usaha jujur
Aku kadang ngerasa apa yang aku lihat itu gak jelas, kayak buram gitu. Itu kenapa ya?;Hmm, itu bisa terjadi karena banyak hal, lho. Bisa jadi karena kamu lagi capek, stres, atau kurang fokus, jadi otakmu kayak gak ‘nangkap’ penuh apa yang kamu lihat. Tapi, kalau ini sering banget terjadi, mungkin baiknya cek ke dokter mata atau ceritain ke psikolog, siapa tahu ada yang perlu diperhatiin. Apa yang biasanya lagi kamu rasain pas ngerasa gitu? Ceritain, yuk.;GROK;D4_GROK_PengantarPsikologiBimoW90-100_20.json;ngerasa jelas buram capek stres kurang otak nangkap penuh dokter mata psikolog siapa tahu perlu diperhatiin rasain ngerasa;1;0.2144711013809902;terapi - psikolog - takut - obat - dokter - mental - sehat - khawatir - tahu - ganggu;-1_diri_takut_sendiri_kecil;ngerasa jelas buram capek stres kurang otak nangkap penuh dokter mata psikolog siapa tahu perlu diperhatiin rasain ngerasa
Saya khawatir orang tua saya jatuh, dan itu bikin cemas. Bagaimana intervensi ini bisa bantu, dan apa yang bisa saya lakukan?;Kekhawatiranmu wajar, dan kamu luar biasa karena peduli! Intervensi untuk lansia, seperti pasang pegangan di kamar mandi atau ajarin latihan keseimbangan, kurangi risiko jatuh dan bikin mereka merasa aman, yang bantu kesehatan mentalmu karena kurangi cemas. Coba cek rumah orang tuamu, pasang lampu lebih terang, dan ajak mereka jalan ringan untuk kuatkan kaki. Cari video latihan keseimbangan lansia online. Apa yang bikin khawatir, dan apa perubahan kecil yang bisa kamu usulkan?;GROK;D1_GROK_HealthPsycology56-95_67.json;khawatir jatuh cemas intervensi laku khawatir luar peduli intervensi lansia pasang pegang kamar mandi ajarin imbang kurang risiko jatuh sehat mental kurang cemas pasang lampu terang jalan ringan kuat kaki imbang lansia khawatir ubah kecil usul;1;0.2102823285674376;terapi - psikolog - takut - obat - dokter - mental - sehat - khawatir - tahu - ganggu;-1_diri_takut_sendiri_kecil;khawatir jatuh cemas intervensi laku khawatir luar peduli intervensi lansia pasang pegang kamar mandi ajarin imbang kurang risiko jatuh sehat mental kurang cemas pasang lampu terang jalan ringan kuat kaki imbang lansia khawatir ubah kecil usul
Aku kadang ngerasa pikiran burukku bikin aku orang jahat. Aku harus apa biar nggak merasa gitu?;Aku tahu itu berat banget buatmu. Pikiran buruk itu cuma intrusi dari OCD, bukan cerminan siapa kamu. Coba kita latih untuk melihat pikiran itu sebagai ‘tamu’ yang datang dan pergi, tanpa perlu dianggap serius. Kalau ini masih bikin kamu merasa buruk, mungkin terapi kognitif bisa membantu ubah cara kamu lihat pikiran ini. Mau coba ceritain satu pikiran yang bikin kamu merasa jahat?;GROK;D12_GROK_ClinicalHandbookPsychologicalDisorders165-175_20.json;ngerasa jahat tahu berat intrusi bukan cermin siapa tamu datang pergi perlu anggap serius terapi kognitif ubah jahat;1;0.2071474061346239;terapi - psikolog - takut - obat - dokter - mental - sehat - khawatir - tahu - ganggu;-1_diri_takut_sendiri_kecil;ngerasa jahat tahu berat intrusi bukan cermin siapa tamu datang pergi perlu anggap serius terapi kognitif ubah jahat
Aku coba hadapi ketakutan, tapi aku malah minum obat penenang biar nggak panik. Ini salah nggak?;Aku paham kamu cuma ingin merasa lebih tenang, tapi kalau selalu pakai obat penenang, kamu mungkin nggak belajar menghadapi ketakutan itu. Mungkin kita bisa coba tanpa obat untuk situasi ringan dulu, bareng aku. Gimana menurutmu?;GROK;D12_GROK_ClinicalHandbookPsychologicalDisorders66-76_20.json;hadap takut malah obat tenang panik salah paham tenang obat tenang hadap takut obat situasi ringan bareng turut;1;0.2019174316930864;terapi - psikolog - takut - obat - dokter - mental - sehat - khawatir - tahu - ganggu;-1_diri_takut_sendiri_kecil;hadap takut malah obat tenang panik salah paham tenang obat tenang hadap takut obat situasi ringan bareng turut
Emilia, aku takut kalau aku punya gangguan mental, aku bakal jadi miskin selamanya. Bener nggak sih?;Aku paham ketakutanmu, dan itu wajar. Ada teori yang bilang gangguan mental bisa bikin seseorang sulit mempertahankan posisi sosial, seperti kehilangan pekerjaan. Tapi ini nggak berarti kamu akan miskin selamanya. Banyak orang yang pulih dan bangkit dengan bantuan terapi atau dukungan. Kamu lagi khawatir soal apa? Mungkin kita bisa cari langkah kecil buat bantu kamu merasa lebih aman.;GROK;D11_GROK_AHandbookfortheSMH248-258_20.json;takut ganggu mental miskin lama paham takut teori ganggu mental sulit tahan posisi sosial hilang kerja arti miskin lama pulih bangkit terapi dukung khawatir kecil;1;0.1986277278908871;terapi - psikolog - takut - obat - dokter - mental - sehat - khawatir - tahu - ganggu;-1_diri_takut_sendiri_kecil;takut ganggu mental miskin lama paham takut teori ganggu mental sulit tahan posisi sosial hilang kerja arti miskin lama pulih bangkit terapi dukung khawatir kecil
Aku pernah coba terapi CBT, tapi kok nggak berhasil. Aku harus nyerah aja nggak?;Aku ngerti rasanya frustrasi kalau sesuatu yang diharapin nggak berhasil. Tapi tiap orang butuh pendekatan yang beda, dan mungkin CBT yang dulu kurang cocok buatmu. Coba ngobrol sama terapis lain atau coba pendekatan lain, seperti motivasi interviewing. Jangan nyerah, aku yakin kamu bisa temuin cara yang pas!;GROK;D12_GROK_ClinicalHandbookPsychologicalDisorders572-582_20.json;terapi hasil nyerah frustrasi diharapin hasil butuh dekat kurang cocok terap dekat motivasi interviewing jangan nyerah yakin temuin;1;0.1937397411052735;terapi - psikolog - takut - obat - dokter - mental - sehat - khawatir - tahu - ganggu;-1_diri_takut_sendiri_kecil;terapi hasil nyerah frustrasi diharapin hasil butuh dekat kurang cocok terap dekat motivasi interviewing jangan nyerah yakin temuin
Aku pengen tahu kekuatanku, bukan cuma masalah. Apa NEO-PI-R bantu?;Keren, kamu mau lihat sisi positifmu! Paul T. Costa dan Robert R. McCrae bilang NEO-PI-R cek sifat kepribadian normal, kayak seberapa ramah atau teratur kamu, jadi nggak cuma fokus ke masalah. Ini bantu psikolog ngerti apa yang bikin kamu unik dan kuat. Kalau penasaran, tanya psikologmu soal tes ini. Mau ceritain apa yang bikin kamu bangga? Aku dengerin, kok.;GROK;D2_GROK_DrAndrewClinicalPsychology219-245_35.json;tahu kuat bukan keren sisi positif paul costa robert mccrae sifat pribadi berapa ramah atur psikolog unik kuat penasaran psikolog bangga dengerin;1;0.1937238722448137;terapi - psikolog - takut - obat - dokter - mental - sehat - khawatir - tahu - ganggu;1_psikolog_terapi_dokter_takut;tahu kuat bukan keren sisi positif paul costa robert mccrae sifat pribadi berapa ramah atur psikolog unik kuat penasaran psikolog bangga dengerin
Aku takut banget sama anjing, ini phobia namanya, ya?;Iya, ketakutan yang sangat kuat terhadap sesuatu, seperti anjing, bisa disebut fobia. Itu cukup umum, kok. Kalau ketakutan ini mengganggu aktivitasmu, mungkin bisa coba pendekatan kecil, seperti lihat gambar anjing dulu sambil relaks. Kalau masih sulit, profesional seperti psikolog bisa bantu atasi ini.;GROK;D11_GROK_AHandbookfortheSMH281-291_20.json;takut phobia nama takut kuat hadap sebut fobia cukup umum takut ganggu aktivitas dekat kecil relaks sulit profesional psikolog;1;0.1875675315697511;terapi - psikolog - takut - obat - dokter - mental - sehat - khawatir - tahu - ganggu;-1_diri_takut_sendiri_kecil;takut phobia nama takut kuat hadap sebut fobia cukup umum takut ganggu aktivitas dekat kecil relaks sulit profesional psikolog
Saya takut coba detoksifikasi karena minum banyak, dan itu bikin panik. Bagaimana detoksifikasi membantu, dan apa yang bisa saya lakukan?;Saya paham ketakutan itu nyata, tapi kamu berani karena pikirkan detoksifikasi! Detoksifikasi bantu bersihkan tubuh dari alkohol dengan aman di bawah pengawasan medis, yang kurangi gejala penarikan dan bikin pikiran lebih tenang. Untuk kesehatan mental, coba cari info soal prosesnya dari dokter atau hotline kesehatan. Ceritain ketakutanmu ke temen dekat untuk dukungan. Mulai dengan kurangi minum pelan-pelan dan bilang, ‘Aku kuat untuk sembuh.’ Apa yang bikin panik, dan siapa yang bisa kamu ajak bicara?;GROK;D1_GROK_HealthPsycology96-113_30.json;takut detoksifikasi panik detoksifikasi laku paham takut nyata berani detoksifikasi detoksifikasi tubuh alkohol bawah awas medis kurang gejala tari tenang sehat mental info proses dokter hotline sehat takut temen dekat dukung kurang pelan pelan kuat sembuh panik siapa bicara;1;0.1830366048371994;terapi - psikolog - takut - obat - dokter - mental - sehat - khawatir - tahu - ganggu;-1_diri_takut_sendiri_kecil;takut detoksifikasi panik detoksifikasi laku paham takut nyata berani detoksifikasi detoksifikasi tubuh alkohol bawah awas medis kurang gejala tari tenang sehat mental info proses dokter hotline sehat takut temen dekat dukung kurang pelan pelan kuat sembuh panik siapa bicara
Aku merasa nggak punya temen curhat, apa ini bisa bikin aku depresi?;Aku ngerti, merasa sendiri tanpa temen curhat itu berat. Kurangnya dukungan sosial memang bisa ningkatin risiko depresi, karena kita butuh koneksi buat ngerasa didengar dan dipahami. Mungkin kamu bisa coba ceritain ke aku dulu apa yang lagi kamu rasain? Atau, ada nggak komunitas atau orang di sekitar yang bisa kamu ajak ngobrol pelan-pelan?;GROK;D11_GROK_AHandbookfortheSMH270-280_20.json;temen curhat depresi sendiri temen curhat berat kurang dukung sosial ningkatin risiko depresi butuh koneksi ngerasa dengar paham rasain pelan pelan;1;0.179067047951266;terapi - psikolog - takut - obat - dokter - mental - sehat - khawatir - tahu - ganggu;-1_diri_takut_sendiri_kecil;temen curhat depresi sendiri temen curhat berat kurang dukung sosial ningkatin risiko depresi butuh koneksi ngerasa dengar paham rasain pelan pelan
Aku pengen cepet sembuh dari depresi, tapi kok lama banget. Apa aku gak cocok terapi?;Aku ngerti kamu pengen cepet sembuh, dan frustrasi kalau rasanya lama. Tapi depresi itu memang butuh waktu buat diproses, dan tiap orang jalannya beda. Bukan berarti kamu gak cocok, mungkin cuma perlu penyesuaian. Coba ceritain apa yang udah kamu coba di terapi, kita bisa pikirin langkah selanjutnya bareng.;GROK;D12_GROK_ClinicalHandbookPsychologicalDisorders242-252_20.json;cepet sembuh depresi lama cocok terapi cepet sembuh frustrasi lama depresi butuh proses jalan bukan arti cocok perlu sesuai udah terapi pikirin lanjut bareng;1;0.1788898999387521;terapi - psikolog - takut - obat - dokter - mental - sehat - khawatir - tahu - ganggu;-1_diri_takut_sendiri_kecil;cepet sembuh depresi lama cocok terapi cepet sembuh frustrasi lama depresi butuh proses jalan bukan arti cocok perlu sesuai udah terapi pikirin lanjut bareng
Aku takut tes nggak bener-bener bantu. Apa penilaian berbasis bukti beda?;Aku ngerti kamu pengen tes yang bener-bener berguna. John Hunsley dan Eric J. Mash bilang penilaian berbasis bukti cuma pake tes yang udah terbukti akurat dan bantu kasih solusi, karena mereka punya data ilmiah yang kuat. Ini bikin kamu bisa percaya hasilnya bakal bantu atasi masalahmu. Kalau ragu, tanya psikologmu soal tes ini. Apa yang bikin khawatir? Ceritain, yuk.;GROK;D2_GROK_DrAndrewClinicalPsychology219-245_35.json;takut nilai bukti john hunsley eric mash nilai bukti pake udah bukti akurat solusi data ilmiah kuat percaya hasil ragu psikolog khawatir;1;0.1725081654371274;terapi - psikolog - takut - obat - dokter - mental - sehat - khawatir - tahu - ganggu;1_psikolog_terapi_dokter_takut;takut nilai bukti john hunsley eric mash nilai bukti pake udah bukti akurat solusi data ilmiah kuat percaya hasil ragu psikolog khawatir
Aku mau tes psikologi. Apa tesnya bakal adil buat budayaku?;Wajar banget kamu pengen tes yang adil. Tes kayak MMPI-2 dan Wechsler udah diperbarui biar lebih ngerti keberagaman budaya di Amerika. Mereka pake data dari berbagai kelompok biar nggak bias. Jadi, hasilnya seharusnya lebih ngegambarin kamu dengan bener. Coba tanya psikologmu soal tes yang mereka pake. Apa yang lagi bikin penasaran soal tes? Ceritain, yuk.;GROK;D2_GROK_DrAndrewClinicalPsychology84-107_47.json;psikologi adil adil mmpi wechsler udah agam amerika pake data kelompok bias hasil ngegambarin psikolog pake penasaran;1;0.1689726179134842;terapi - psikolog - takut - obat - dokter - mental - sehat - khawatir - tahu - ganggu;1_psikolog_terapi_dokter_takut;psikologi adil adil mmpi wechsler udah agam amerika pake data kelompok bias hasil ngegambarin psikolog pake penasaran
Aku dengar MMPI-2 itu terkenal. Apa bener bagus?;Keren, kamu udah dengar soal MMPI-2! James N. Butcher dan Larry E. Beutler bilang MMPI-2 itu tes kepribadian paling populer karena hasilnya akurat dan udah terbukti lewat banyak penelitian. Tes ini tanya banyak soal perasaan dan perilakumu, biar psikolog ngerti apa yang lagi kamu alamin. Kalau penasaran, tanya psikologmu soal tes ini. Mau ceritain apa lagi? Aku dengerin, kok.;GROK;D2_GROK_DrAndrewClinicalPsychology219-245_35.json;dengar mmpi kenal bagus keren udah dengar mmpi james butcher larry beutler mmpi pribadi paling populer hasil akurat udah bukti lewat perilaku psikolog alamin penasaran psikolog dengerin;1;0.1591948240039381;terapi - psikolog - takut - obat - dokter - mental - sehat - khawatir - tahu - ganggu;1_psikolog_terapi_dokter_takut;dengar mmpi kenal bagus keren udah dengar mmpi james butcher larry beutler mmpi pribadi paling populer hasil akurat udah bukti lewat perilaku psikolog alamin penasaran psikolog dengerin
Aku pengen tes yang lihat sisi baikku. Apa CPI-III cocok?;Keren, kamu mau fokus ke sisi positif! Douglas A. Donnay dan Timothy R. Elliott bilang CPI-III dirancang buat ngukur kekuatan kepribadian, kayak kemandirian, empati, atau fleksibilitas. Ini cocok banget kalau kamu pengen psikolog lihat apa yang bikin kamu istimewa, bukan cuma masalah. Kalau penasaran, tanya psikologmu soal CPI-III. Mau ceritain apa yang bikin kamu bangga? Aku dengerin, yuk.;GROK;D2_GROK_DrAndrewClinicalPsychology219-245_35.json;sisi cocok keren sisi positif douglas donnay timothy elliott rancang ngukur kuat pribadi mandiri empati fleksibilitas cocok psikolog istimewa bukan penasaran psikolog bangga dengerin;1;0.1471869068052277;terapi - psikolog - takut - obat - dokter - mental - sehat - khawatir - tahu - ganggu;1_psikolog_terapi_dokter_takut;sisi cocok keren sisi positif douglas donnay timothy elliott rancang ngukur kuat pribadi mandiri empati fleksibilitas cocok psikolog istimewa bukan penasaran psikolog bangga dengerin
Saya takut dihakimi di kerja karena kanker, bikin stres. Bagaimana diskriminasi memengaruhi saya, dan apa yang bisa saya lakukan?;Saya tahu takut dihakimi itu bikin stres, tapi kamu kuat menghadapi ini! Diskriminasi kerja karena kanker bisa ningkatin stres dan depresi karena merasa nggak diterima, yang ganggu kesehatan mental. Coba ngobrol sama HR soal hakmu atau cari konselor karir. Tulis tiga kekuatan kerjamu, seperti ‘Aku selalu tepat waktu.’ Lakukan meditasi 5 menit tiap pagi untuk fokus. Bilang, ‘Aku layak dihargai!’ Cari info hak pekerja sakit online. Apa yang bikin takut, dan langkah apa yang bisa kamu ambil?;GROK;D1_GROK_HealthPsycology230-249_50.json;takut hakim kerja kanker stres diskriminasi pengaruh laku tahu takut hakim stres kuat hadap diskriminasi kerja kanker ningkatin stres depresi terima ganggu sehat mental konselor karir kuat kerja tepat laku meditasi pagi layak harga info kerja sakit takut;1;0.142491347779632;terapi - psikolog - takut - obat - dokter - mental - sehat - khawatir - tahu - ganggu;-1_diri_takut_sendiri_kecil;takut hakim kerja kanker stres diskriminasi pengaruh laku tahu takut hakim stres kuat hadap diskriminasi kerja kanker ningkatin stres depresi terima ganggu sehat mental konselor karir kuat kerja tepat laku meditasi pagi layak harga info kerja sakit takut
Aku suka sih doa buat tenangin pikiran, tapi apa itu cukup buat masalahku?;Doa bisa banget bantu bikin hati lebih tenang, dan itu bagus banget buat kesehatan mental. Tapi, kalau masalahmu terasa berat atau terus muncul, mungkin perlu tambahan langkah, seperti ngobrol sama konselor atau terapis. Kombinasi doa dan bantuan profesional kadang bisa saling dukung. Apa yang biasanya bikin kamu nggak tenang? Ceritain ke aku, yuk.;GROK;D11_GROK_AHandbookfortheSMH457-467_20.json;tenangin cukup hati tenang bagus sehat mental berat terus muncul perlu tambah konselor terap kombinasi profesional saling dukung tenang;1;0.111807550839852;terapi - psikolog - takut - obat - dokter - mental - sehat - khawatir - tahu - ganggu;-1_diri_takut_sendiri_kecil;tenangin cukup hati tenang bagus sehat mental berat terus muncul perlu tambah konselor terap kombinasi profesional saling dukung tenang
Aku merasa sendirian banget di treatment ini. Gimana caranya biar nggak gitu?;Aku tahu rasanya pasti berat kalau merasa sendiri. Coba cari dukungan dari grup atau komunitas yang paham situasimu, banyak lho yang sedang berjuang sama seperti kamu. Selain itu, ceritain perasaanmu ke orang terdekat yang bisa dipercaya. Kalau pengen curhat kapan aja, aku selalu ada di sini buat dengerin, ya!;GROK;D12_GROK_ClinicalHandbookPsychologicalDisorders649-659_20.json;sendiri treatment tahu berat sendiri dukung grup paham situasi sedang juang dekat percaya curhat kapan dengerin;1;0.0879170614920592;terapi - psikolog - takut - obat - dokter - mental - sehat - khawatir - tahu - ganggu;-1_diri_takut_sendiri_kecil;sendiri treatment tahu berat sendiri dukung grup paham situasi sedang juang dekat percaya curhat kapan dengerin
Saya nggak percaya saya punya asma dan merasa nggak perlu obat, tapi ini bikin stres. Mengapa saya menyangkal, dan apa yang bisa saya lakukan?;Saya tahu sulit terima diagnosis asma, dan kamu hebat karena mulai pikirin ini! Penyangkalan adalah cara pikiran melindungi diri dari kenyataan, tapi bisa bikin stres kalau nggak minum obat. Untuk kesehatan mental, coba baca info asma dari sumber terpercaya untuk pahami kondisimu. Tulis tiga alasan kenapa obat penting, seperti ‘Aku ingin napas lega.’ Ngobrol sama dokter atau temen untuk dukungan. Bilang, ‘Aku bisa terima dan atasi!’ Apa yang bikin nggak percaya, dan langkah apa yang bisa kamu ambil?;GROK;D1_GROK_HealthPsycology230-249_50.json;percaya asma perlu obat stres sangkal laku tahu sulit terima diagnosis asma pikirin sangkal lindung diri nyata stres obat sehat mental baca info asma sumber percaya paham kondisi alas obat penting lega dokter temen dukung terima percaya;1;0.0752486491313951;terapi - psikolog - takut - obat - dokter - mental - sehat - khawatir - tahu - ganggu;-1_diri_takut_sendiri_kecil;percaya asma perlu obat stres sangkal laku tahu sulit terima diagnosis asma pikirin sangkal lindung diri nyata stres obat sehat mental baca info asma sumber percaya paham kondisi alas obat penting lega dokter temen dukung terima percaya
