question;answer;from;filename;document_preprocessed;Topic;Probability;Top_n_words;Name;Document
Kenapa kebiasaan ngemil bisa sulit diubah?;Karena ia sudah menjadi dinamisme—pola otomatis pemecah tegangan. Menggantinya perlu pola baru, seperti minum air hangat saat stres.;GPT;A1_GPT_PsikologiKepribadian102-118_50.json;ngemil sulit ubah dinamisme pola otomatis pecah tegang perlu pola hangat stres;5;0.0818171825062201;makan - sehat - stres - makan sehat - badan - berat badan - sehat mental - tubuh - pola makan - mental;-1_diri_takut_sendiri_kecil;ngemil sulit ubah dinamisme pola otomatis pecah tegang perlu pola hangat stres
Aku sering ngemil saat stres. Ada kaitan dengan tahap oral?;Mungkin. Cobalah alihkan dengan menyesap air hangat atau tarik napas dalam, memberi rasa ‘diperhatikan’ tanpa kalori berlebih.;GPT;A1_GPT_PsikologiKepribadian14-33_50.json;ngemil stres kait tahap oral sesap hangat beri perhati kalori;5;0.3855175575687835;makan - sehat - stres - makan sehat - badan - berat badan - sehat mental - tubuh - pola makan - mental;5_makan_sehat_stres_makan sehat;ngemil stres kait tahap oral sesap hangat beri perhati kalori
Aku ingin pertemanan lebih sehat. Tips memilih lingkungan?;Amati bagaimana kamu merasa setelah bertemu mereka—energik atau terkuras? Pilih kelompok yang saling menyemangati tujuan sehat.;GPT;A1_GPT_PsikologiKepribadian14-33_50.json;teman sehat tips pilih energik kuras pilih kelompok saling semangat tuju sehat;5;0.1578553266214949;makan - sehat - stres - makan sehat - badan - berat badan - sehat mental - tubuh - pola makan - mental;5_makan_sehat_stres_makan sehat;teman sehat tips pilih energik kuras pilih kelompok saling semangat tuju sehat
Setelah kehilangan, aku sulit terhubung sama orang lain. Gimana cara membuka diri lagi?;Wajar kalau kamu merasa menutup diri setelah kehilangan—it’s like protecting yourself. Mulai dari langkah kecil, seperti kirim pesan ke temen buat nanya kabar. Nggak perlu cerita yang berat, cukup ngobrol ringan dulu. Kalau merasa siap, ajak seseorang buat ketemu, seperti ngopi bareng. Hubungan itu kayak tanaman—butuh sedikit usaha untuk tumbuh lagi, tapi kamu pasti bisa melakukannya perlahan.;GROK;A1_GROK_EmotionalFirstAid1-22_41.json;hilang sulit diri tutup diri hilang protecting yourself kecil kirim pesan temen nanya kabar perlu berat cukup ringan siap ngopi bareng tanam butuh usaha tumbuh laku perlahan;5;0.3721177803905366;makan - sehat - stres - makan sehat - badan - berat badan - sehat mental - tubuh - pola makan - mental;-1_diri_takut_sendiri_kecil;hilang sulit diri tutup diri hilang protecting yourself kecil kirim pesan temen nanya kabar perlu berat cukup ringan siap ngopi bareng tanam butuh usaha tumbuh laku perlahan
Aku susah banget diet, selalu gagal. Rasanya nggak akan berhasil. Apa yang bisa aku coba?;Diet memang tantangan, ya. Coba tanya: ‘Bener nggak aku selalu gagal?’ Tulis tiga kali kamu berhasil jaga pola makan, meski cuma sehari—itu bukti kamu bisa. Buat rencana kecil, seperti ganti camilan dengan buah tiga kali seminggu, dan kasih reward kalau berhasil, misalnya nonton film. Kalau kepengen makan, tanya dulu: ‘Aku laper atau cuma bosan?’ Yuk, coba ganti satu camilan besok.;GROK;A1_GROK_FilosofiTeras150-157_26.json;susah diet gagal hasil diet tantang gagal hasil jaga pola makan bukti rencana kecil minggu reward hasil nonton film makan laper bosan;5;0.2174372739282355;makan - sehat - stres - makan sehat - badan - berat badan - sehat mental - tubuh - pola makan - mental;5_makan_sehat_stres_makan sehat;susah diet gagal hasil diet tantang gagal hasil jaga pola makan bukti rencana kecil minggu reward hasil nonton film makan laper bosan
Aku sering lupa makan gara-gara stres, apa efeknya ke hidupku?;Stres emang bisa bikin kita lupa sama kebutuhan dasar, ya. Abraham Maslow bilang bahwa kebutuhan seperti makan itu penting banget karena memengaruhi energi dan pikiran kita. Coba atur pengingat untuk makan teratur, meski cuma camilan sehat. Itu bisa bikin kamu lebih kuat hadapi stres.;GROK;A1_GROK_PsikologiKepribadian147-173_52.json;lupa makan gara gara stres efek hidup stres emang lupa butuh butuh makan penting pengaruh energi atur ingat makan atur sehat kuat hadap stres;5;0.2180128278277054;makan - sehat - stres - makan sehat - badan - berat badan - sehat mental - tubuh - pola makan - mental;5_makan_sehat_stres_makan sehat;lupa makan gara gara stres efek hidup stres emang lupa butuh butuh makan penting pengaruh energi atur ingat makan atur sehat kuat hadap stres
Saya sering lupa makan atau istirahat karena sibuk. Bagaimana cara mengatur diri?;Sibuk itu bisa bikin kita lupa jaga diri, dan kamu hebat karena menyadarinya! Abraham Harold Maslow bilang kebutuhan fisiologis seperti makan dan istirahat adalah dasar untuk merasa baik. Coba atur pengingat di ponsel untuk makan siang atau istirahat 5 menit setiap 2 jam. Mulai kecil, seperti bawa camilan sehat atau tarik napas dalam saat break. Apa satu kebiasaan kecil yang bisa kamu coba untuk jaga diri minggu ini?;GROK;A1_GROK_PsikologiKepribadian61-83_99.json;lupa makan istirahat sibuk atur diri sibuk lupa jaga diri butuh fisiologis makan istirahat atur ingat ponsel makan siang istirahat kecil bawa sehat break kecil jaga diri minggu;5;0.1082733446248651;makan - sehat - stres - makan sehat - badan - berat badan - sehat mental - tubuh - pola makan - mental;-1_diri_takut_sendiri_kecil;lupa makan istirahat sibuk atur diri sibuk lupa jaga diri butuh fisiologis makan istirahat atur ingat ponsel makan siang istirahat kecil bawa sehat break kecil jaga diri minggu
Aku orang tua baru, dan aku khawatir banget soal biaya sekolah anak nanti. Rasanya nggak siap. Apa yang bisa aku lakuin dari sekarang?;Jadi orang tua baru pasti penuh tantangan, ya, apalagi mikirin masa depan anak. Aku saranin mulai dari sekarang buat rencana keuangan sederhana—misalnya, tiap bulan sisihkan sedikit buat tabungan pendidikan, meski cuma kecil. Coba juga cari info soal investasi aman, kayak reksadana, tapi pelajari dulu baik-baik. Selain itu, jaga kesehatanmu dan anak dengan pola hidup sehat, biar biaya kesehatan nggak membengkak. Kalau overwhelmd, ngobrol sama pasangan atau komunitas orang tua bisa bantu kasih ide. Kamu pasti bisa, satu langkah dulu!;GROK;A2_GROK_FilosofiTeras31-44_30.json;khawatir biaya sekolah anak siap lakuin penuh tantang mikirin masa depan anak saranin rencana uang sederhana bulan sisih tabung didik kecil info investasi reksadana jaga sehat anak pola hidup sehat biaya sehat bengkak overwhelmd pasang;5;0.1613028430172516;makan - sehat - stres - makan sehat - badan - berat badan - sehat mental - tubuh - pola makan - mental;5_makan_sehat_stres_makan sehat;khawatir biaya sekolah anak siap lakuin penuh tantang mikirin masa depan anak saranin rencana uang sederhana bulan sisih tabung didik kecil info investasi reksadana jaga sehat anak pola hidup sehat biaya sehat bengkak overwhelmd pasang
Aku ngerasa stresku udah lama banget, dan sekarang lambungku sering bermasalah. Apa yang bisa aku lakuin biar nggak tambah parah?;Wah, aku ngerti, stres yang lama bisa bikin tubuh kena imbasnya. Untuk lambung, coba jaga pola makan—hindari makanan pedas atau asam dulu, dan makan dalam porsi kecil tapi sering. Buat stresnya, coba cari aktivitas yang bikin rileks, seperti jalan kaki di taman atau yoga ringan. Tulis juga apa yang bikin kamu stres, dan lihat apa yang bisa kamu kendalikan—mungkin ngobrol sama temen atau kurangin kafein bisa bantu. Kalau masih berat, pertimbangkan konsultasi ke dokter. Kamu nggak sendiri, ya, kita atasi bareng.;GROK;A2_GROK_FilosofiTeras31-44_30.json;ngerasa stres udah lama lambung lakuin tambah parah stres lama tubuh kena imbas lambung jaga pola makan hindar makan pedas asam makan porsi kecil stres aktivitas rileks jalan kaki taman yoga ringan stres kendali temen rangin kafein berat timbang konsultasi dokter sendiri bareng;5;0.2166512586719479;makan - sehat - stres - makan sehat - badan - berat badan - sehat mental - tubuh - pola makan - mental;5_makan_sehat_stres_makan sehat;ngerasa stres udah lama lambung lakuin tambah parah stres lama tubuh kena imbas lambung jaga pola makan hindar makan pedas asam makan porsi kecil stres aktivitas rileks jalan kaki taman yoga ringan stres kendali temen rangin kafein berat timbang konsultasi dokter sendiri bareng
Aku baru punya anak, dan aku stres mikirin biaya kesehatan mereka nanti. Gimana caranya biar lebih siap?;Jadi orang tua emang bikin kita mikir jauh ke depan, ya. Untuk biaya kesehatan, coba mulai dari langkah kecil: pastiin anak dan keluargamu punya pola hidup sehat, seperti makan sayur dan cukup tidur, biar nggak gampang sakit. Sisihkan sedikit tabungan tiap bulan buat dana darurat kesehatan, meski cuma 50 ribu. Kalau memungkinkan, cek asuransi kesehatan yang terjangkau. Ngobrol sama pasangan atau orang tua lain juga bisa kasih ide. Kamu nggak sendiri, dan langkah kecil sekarang bakal bantu banget nanti.;GROK;A2_GROK_FilosofiTeras31-44_30.json;anak stres mikirin biaya sehat siap emang mikir jauh depan biaya sehat kecil pastiin anak keluarga pola hidup sehat makan cukup tidur gampang sakit sisih tabung bulan dana darurat sehat ribu asuransi sehat jangkau pasang sendiri kecil;5;0.1606151108067359;makan - sehat - stres - makan sehat - badan - berat badan - sehat mental - tubuh - pola makan - mental;5_makan_sehat_stres_makan sehat;anak stres mikirin biaya sehat siap emang mikir jauh depan biaya sehat kecil pastiin anak keluarga pola hidup sehat makan cukup tidur gampang sakit sisih tabung bulan dana darurat sehat ribu asuransi sehat jangkau pasang sendiri kecil
Saya sering makan berlebihan saat stres. Bagaimana saya bisa mengendalikan kebiasaan ini?;Aku paham, kadang makanan jadi pelarian saat stres, kayak pelukan hangat, kan? Musonius Rufus, filsuf Stoa, bilang kita sebaiknya makan untuk hidup, bukan hidup untuk makan. Coba mulai dengan langkah kecil: saat pengin ngemil karena stres, pause dulu, tarik napas dalam, dan tanya, ‘Apa yang sebenarnya aku butuhin sekarang?’ Mungkin ngobrol sama temen atau jalan-jalan sebentar. Atau, siapkan porsi kecil makanan sehat biar nggak kebablasan. Apa yang biasanya bikin kamu makan berlebihan? Ceritain, yuk, biar kita cari cara buat hadapi stres tanpa makanan!;GROK;A3_GROK_FilosofiTeras239-259_37.json;makan stres kendali paham makan lari stres peluk hangat musonius rufus filsuf stoa makan hidup bukan hidup makan kecil pengin ngemil stres pause butuhin temen jalan jalan sebentar siap porsi kecil makan sehat bablas makan hadap stres makan;5;0.2281351808673861;makan - sehat - stres - makan sehat - badan - berat badan - sehat mental - tubuh - pola makan - mental;5_makan_sehat_stres_makan sehat;makan stres kendali paham makan lari stres peluk hangat musonius rufus filsuf stoa makan hidup bukan hidup makan kecil pengin ngemil stres pause butuhin temen jalan jalan sebentar siap porsi kecil makan sehat bablas makan hadap stres makan
Aku notice aku susah konsen kalau lagi laper atau capek. Kenapa ya, dan apa yang bisa aku lakukan?;Laper atau capek memang bisa bikin otak kita kayak mobil kehabisan bensin! Secara psikologi, kebutuhan biologis seperti lapar atau lelah bikin otak lebih fokus ke sinyal tubuh daripada tugas lain. Solusinya, coba jaga ‘bahan bakar’ tubuhmu: makan camilan sehat seperti kacang atau buah sebelum kerja, dan istirahat 10 menit kalau capek. Juga, minum air putih biar otak segar. Ceritain kebiasaanmu pas lagi susah konsen, biar aku kasih saran yang lebih ngepas!;GROK;A3_GROK_PsikologiKomunikasi35-46_25.json;notice susah konsen laper capek laku laper capek otak mobil habis bensin psikologi butuh biologis lapar lelah otak tubuh tugas solusi jaga bahan bakar tubuh makan sehat kacang kerja istirahat capek putih otak segar susah konsen saran ngepas;5;0.0988310589592497;makan - sehat - stres - makan sehat - badan - berat badan - sehat mental - tubuh - pola makan - mental;5_makan_sehat_stres_makan sehat;notice susah konsen laper capek laku laper capek otak mobil habis bensin psikologi butuh biologis lapar lelah otak tubuh tugas solusi jaga bahan bakar tubuh makan sehat kacang kerja istirahat capek putih otak segar susah konsen saran ngepas
Aku susah makan teratur karena sibuk, apa dampaknya serius?;Iya, makan nggak teratur bisa bikin tubuh lemas dan susah fokus. Coba siapkan makanan sederhana atau camilan sehat yang gampang dibawa. Dengarkan tubuhmu, makan secukupnya biar energimu stabil.;GROK;D10_GROK_HidupDamaiTanpaBerpikirBerlebihan107-118_20.json;susah makan atur sibuk dampak serius makan atur tubuh lemas susah siap makan sederhana sehat gampang bawa dengar tubuh makan cukup energi stabil;5;0.9115131393903428;makan - sehat - stres - makan sehat - badan - berat badan - sehat mental - tubuh - pola makan - mental;5_makan_sehat_stres_makan sehat;susah makan atur sibuk dampak serius makan atur tubuh lemas susah siap makan sederhana sehat gampang bawa dengar tubuh makan cukup energi stabil
Aku suka makan banyak kalau stres, tapi malah bikin aku tambah nggak enak badan. Apa yang salah sama aku?;Nggak ada yang salah sama kamu. Makan saat stres adalah cara tubuh mencari kenyamanan, tapi kalau malah bikin nggak enak, mungkin kita bisa coba cara lain buat kelola stres. Misalnya, tarik napas dalam-dalam atau jalan kaki sebentar. Apa kamu mau coba satu teknik bareng aku sekarang?;GROK;D11_GROK_AHandbookfortheSMH325-335_20.json;makan stres malah tambah enak badan salah salah makan stres tubuh nyaman malah enak kelola stres jalan kaki sebentar teknik bareng;5;0.1196954177134505;makan - sehat - stres - makan sehat - badan - berat badan - sehat mental - tubuh - pola makan - mental;5_makan_sehat_stres_makan sehat;makan stres malah tambah enak badan salah salah makan stres tubuh nyaman malah enak kelola stres jalan kaki sebentar teknik bareng
Aku suka melakukan hal-hal yang beresiko, kayak pacaran sama orang yang nggak bener. Apa ini tanda aku depresi?;Melakukan hal-hal berisiko, seperti memilih pasangan yang nggak sehat, bisa jadi cara buat mengalihkan perasaan yang lagi berat, tapi itu nggak selalu berarti kamu depresi. Yang penting, kita perlu pikirin kenapa kamu merasa tertarik sama pilihan itu. Apa kamu merasa ada sesuatu yang kurang dalam hidupmu? Aku di sini buat bantu kamu cari tahu, biar kamu bisa pilih yang lebih baik buat dirimu.;GROK;D11_GROK_AHandbookfortheSMH380-390_20.json;laku resiko pacar depresi laku risiko pilih pasang sehat berat arti depresi penting perlu pikirin pilih kurang hidup tahu pilih diri;5;0.2691277653037014;makan - sehat - stres - makan sehat - badan - berat badan - sehat mental - tubuh - pola makan - mental;-1_diri_takut_sendiri_kecil;laku resiko pacar depresi laku risiko pilih pasang sehat berat arti depresi penting perlu pikirin pilih kurang hidup tahu pilih diri
Aku sering ngelakuin hal-hal bodoh kayak nyuri makanan. Aku nggak mau gitu, tapi susah berhenti. Apa yang salah sama aku?;Aku senang kamu jujur soal ini. Kadang, perilaku kayak nyuri makanan bisa terjadi karena tekanan hidup, seperti kelaparan atau stres, bukan karena kamu 'salah'. Tapi, itu bisa bikin masalah lebih besar, jadi penting cari bantuan. Coba bicara sama konselor atau layanan sosial untuk temukan solusi, misalnya akses ke makanan atau cara mengelola stres. Kamu nggak sendiri, dan kita bisa cari jalan keluar bareng.;GROK;D11_GROK_AHandbookfortheSMH501-511_20.json;ngelakuin bodoh nyuri makan susah henti salah senang jujur perilaku nyuri makan tekan hidup lapar stres bukan salah penting bicara konselor sosial solusi akses makan kelola stres sendiri jalan keluar bareng;5;0.2974320145526423;makan - sehat - stres - makan sehat - badan - berat badan - sehat mental - tubuh - pola makan - mental;5_makan_sehat_stres_makan sehat;ngelakuin bodoh nyuri makan susah henti salah senang jujur perilaku nyuri makan tekan hidup lapar stres bukan salah penting bicara konselor sosial solusi akses makan kelola stres sendiri jalan keluar bareng
Aku merasa nggak punya kontrol atas hidupku sejak tahu aku HIV positif. Gimana caranya aku balik lagi?;Merasa kehilangan kontrol itu berat, tapi kamu bisa mulai ambil langkah kecil untuk merasa lebih berdaya. Misalnya, buat rutinitas sederhana seperti minum obat tepat waktu atau makan sehat. Kamu juga bisa coba teknik ‘problem-focused coping’, seperti bikin daftar tujuan kecil setiap hari. Apa ada satu hal kecil yang kamu rasa bisa mulai kamu kontrol sekarang?;GROK;D11_GROK_AHandbookfortheSMH578-588_20.json;kontrol hidup sejak tahu positif balik hilang kontrol berat kecil daya sederhana obat tepat makan sehat teknik problem focused coping daftar tuju kecil kecil kontrol;5;0.0889888005406417;makan - sehat - stres - makan sehat - badan - berat badan - sehat mental - tubuh - pola makan - mental;-1_diri_takut_sendiri_kecil;kontrol hidup sejak tahu positif balik hilang kontrol berat kecil daya sederhana obat tepat makan sehat teknik problem focused coping daftar tuju kecil kecil kontrol
Aku sering merasa takut kalau berat badanku naik, sampai aku menghindari timbangan. Apa yang salah denganku?;Kedengarannya kamu sedang merasa sangat khawatir tentang berat badan, dan itu bisa jadi berat buatmu. Rasa takut itu mungkin terkait dengan cara kamu melihat tubuh atau makan. Banyak orang merasakan hal serupa, tapi kalau ini sampai mengganggu hari-harimu, mungkin kita bisa coba cari cara untuk mengatasinya bareng. Apa kamu mau ceritain lebih detail apa yang bikin kamu takut?;GROK;D12_GROK_ClinicalHandbookPsychologicalDisorders726-736_20.json;takut berat badan naik hindar timbang salah dengar sedang khawatir berat badan berat takut kait tubuh makan rupa ganggu bareng detail takut;5;1.0;makan - sehat - stres - makan sehat - badan - berat badan - sehat mental - tubuh - pola makan - mental;5_makan_sehat_stres_makan sehat;takut berat badan naik hindar timbang salah dengar sedang khawatir berat badan berat takut kait tubuh makan rupa ganggu bareng detail takut
Kadang aku sengaja nggak makan seharian biar kurus. Apa itu wajar?;Aku dengar kamu sedang berusaha mengontrol berat badan dengan cara itu, tapi melewatkan makan seharian sebenarnya bisa bikin tubuh dan pikiranmu lelah. Itu bukan cara yang sehat, dan aku khawatir itu bisa memengaruhi kesehatanmu. Mungkin kita bisa bicara tentang cara lain yang lebih baik untuk merasa nyaman dengan tubuhmu?;GROK;D12_GROK_ClinicalHandbookPsychologicalDisorders726-736_20.json;sengaja makan kurus dengar sedang usaha kontrol berat badan lewat makan tubuh lelah bukan sehat khawatir pengaruh sehat bicara nyaman tubuh;5;0.59852632643355;makan - sehat - stres - makan sehat - badan - berat badan - sehat mental - tubuh - pola makan - mental;5_makan_sehat_stres_makan sehat;sengaja makan kurus dengar sedang usaha kontrol berat badan lewat makan tubuh lelah bukan sehat khawatir pengaruh sehat bicara nyaman tubuh
Aku muntahkan makanan kalau merasa kebanyakan makan. Apa itu bahaya?;Aku khawatir mendengar itu, karena memuntahkan makanan bisa berbahaya buat tubuh dan kesehatan mentalmu. Itu bisa memengaruhi tubuhmu secara fisik dan bikin kamu merasa lebih tertekan. Aku pikir penting untuk bicara sama seseorang yang bisa bantu, seperti profesional. Apa kamu mau ceritain lebih banyak biar aku bantu pikirin langkah selanjutnya?;GROK;D12_GROK_ClinicalHandbookPsychologicalDisorders726-736_20.json;muntah makan makan bahaya khawatir dengar muntah makan bahaya tubuh sehat mental pengaruh tubuh fisik tekan penting bicara profesional pikirin lanjut;5;0.1399016718338039;makan - sehat - stres - makan sehat - badan - berat badan - sehat mental - tubuh - pola makan - mental;5_makan_sehat_stres_makan sehat;muntah makan makan bahaya khawatir dengar muntah makan bahaya tubuh sehat mental pengaruh tubuh fisik tekan penting bicara profesional pikirin lanjut
Aku merasa bersalah kalau makan makanan yang aku anggap ‘berat’. Normal nggak sih?;Rasa bersalah soal makanan itu sering dialami, tapi kalau sampai bikin kamu terus-terusan nggak nyaman, mungkin ada pola pikir yang perlu kita lihat bareng. Makanan seharusnya nggak bikin kamu merasa buruk. Apa kamu punya aturan ketat soal makanan yang boleh dan nggak boleh dimakan?;GROK;D12_GROK_ClinicalHandbookPsychologicalDisorders726-736_20.json;salah makan makan anggap berat salah makan alami terus terus nyaman pola perlu bareng makan atur ketat makan makan;5;1.0;makan - sehat - stres - makan sehat - badan - berat badan - sehat mental - tubuh - pola makan - mental;5_makan_sehat_stres_makan sehat;salah makan makan anggap berat salah makan alami terus terus nyaman pola perlu bareng makan atur ketat makan makan
Aku kadang makan banyak karena lagi stres. Apa yang bisa aku lakuin?;Stres memang bisa bikin kita mencari kenyamanan dari makanan, dan itu wajar dalam batas tertentu. Tapi kalau ini sering terjadi, mungkin kita bisa coba cari cara lain untuk mengelola stres, seperti jalan-jalan atau ngobrol sama aku. Apa yang biasanya bikin kamu stres sampai makan banyak?;GROK;D12_GROK_ClinicalHandbookPsychologicalDisorders726-736_20.json;makan stres lakuin stres nyaman makan batas kelola stres jalan jalan stres makan;5;0.2174172444881216;makan - sehat - stres - makan sehat - badan - berat badan - sehat mental - tubuh - pola makan - mental;5_makan_sehat_stres_makan sehat;makan stres lakuin stres nyaman makan batas kelola stres jalan jalan stres makan
Aku merasa nggak bisa kontrol diri kalau sudah mulai makan. Aku takut banget. Apa yang salah?;Kedengarannya kamu sedang merasa kewalahan sama pola makanmu, dan itu pasti bikin takut. Merasa kehilangan kontrol bisa terkait sama banyak hal, seperti aturan makan yang ketat atau emosi yang lagi berat. Aku di sini untuk bantu. Apa kamu mau ceritain lebih lanjut kapan ini biasanya terjadi?;GROK;D12_GROK_ClinicalHandbookPsychologicalDisorders726-736_20.json;kontrol diri makan takut salah dengar sedang kewalahan pola makan takut hilang kontrol kait atur makan ketat emosi berat lanjut kapan;5;1.0;makan - sehat - stres - makan sehat - badan - berat badan - sehat mental - tubuh - pola makan - mental;5_makan_sehat_stres_makan sehat;kontrol diri makan takut salah dengar sedang kewalahan pola makan takut hilang kontrol kait atur makan ketat emosi berat lanjut kapan
Aku nggak mau makan kalau ada orang lain, soalnya takut dikira gendut. Gimana caranya biar nggak gitu?;Aku paham itu pasti bikin kamu nggak nyaman, apalagi kalau sampai menghindari makan bareng orang lain. Rasa takut itu mungkin datang dari kekhawatiran tentang penilaian orang. Mungkin kita bisa mulai dengan langkah kecil, seperti makan bareng orang yang kamu percaya. Mau ceritain lebih banyak tentang situasinya?;GROK;D12_GROK_ClinicalHandbookPsychologicalDisorders726-736_20.json;makan takut gendut paham nyaman hindar makan bareng takut datang khawatir nilai kecil makan bareng percaya situasi;5;0.2404080130627683;makan - sehat - stres - makan sehat - badan - berat badan - sehat mental - tubuh - pola makan - mental;-1_diri_takut_sendiri_kecil;makan takut gendut paham nyaman hindar makan bareng takut datang khawatir nilai kecil makan bareng percaya situasi
Aku kadang sengaja nggak makan biar orang notice aku kurus. Apa itu salah?;Aku mengerti kamu mungkin ingin diperhatikan, tapi melewatkan makan untuk mencapai itu bisa bikin tubuh dan pikiranmu lelah. Kamu berharga apa adanya, dan aku khawatir cara ini malah bikin kamu nggak sehat. Apa kamu mau ceritain kenapa kamu merasa perlu melakukan itu?;GROK;D12_GROK_ClinicalHandbookPsychologicalDisorders726-736_20.json;sengaja makan notice kurus salah erti perhati lewat makan capai tubuh lelah harga khawatir malah sehat perlu laku;5;1.0;makan - sehat - stres - makan sehat - badan - berat badan - sehat mental - tubuh - pola makan - mental;5_makan_sehat_stres_makan sehat;sengaja makan notice kurus salah erti perhati lewat makan capai tubuh lelah harga khawatir malah sehat perlu laku
Aku takut banget kalau nggak bisa berhenti makan banyak. Apa yang harus aku lakuin?;Rasa takut itu pasti berat, dan aku di sini untuk bantu. Makan banyak kadang terjadi karena emosi, stres, atau aturan makan yang ketat. Mungkin kita bisa mulai dengan mencatat kapan ini terjadi, biar kita paham polanya. Apa kamu mau coba ceritain satu momen ketika kamu merasa nggak bisa berhenti?;GROK;D12_GROK_ClinicalHandbookPsychologicalDisorders726-736_20.json;takut henti makan lakuin takut berat makan emosi stres atur makan ketat catat kapan paham pola momen henti;5;1.0;makan - sehat - stres - makan sehat - badan - berat badan - sehat mental - tubuh - pola makan - mental;5_makan_sehat_stres_makan sehat;takut henti makan lakuin takut berat makan emosi stres atur makan ketat catat kapan paham pola momen henti
Aku sering merasa takut kalau berat badanku naik, makanya aku suka ngecek berat badan tiap hari. Ini normal nggak sih?;Aku ngerti kalau kamu khawatir soal berat badan, tapi ngecek tiap hari bisa bikin kamu tambah stres, lho. Berat badan itu bisa berubah-ubah karena banyak hal, seperti cairan tubuh atau waktu makan. Mungkin kita bisa coba kurangi frekuensinya dan fokus ke hal lain yang bikin kamu merasa lebih baik, seperti aktivitas yang kamu suka. Apa kamu mau ceritain apa yang bikin kamu takut kalau berat badan naik?;GROK;D12_GROK_ClinicalHandbookPsychologicalDisorders737-747_20.json;takut berat badan naik makanya ngecek berat badan khawatir berat badan ngecek tambah stres berat badan ubah ubah cair tubuh makan kurang frekuensi aktivitas takut berat badan naik;5;1.0;makan - sehat - stres - makan sehat - badan - berat badan - sehat mental - tubuh - pola makan - mental;5_makan_sehat_stres_makan sehat;takut berat badan naik makanya ngecek berat badan khawatir berat badan ngecek tambah stres berat badan ubah ubah cair tubuh makan kurang frekuensi aktivitas takut berat badan naik
Aku susah banget makan teratur, kadang lupa makan, kadang makan kebanyakan. Gimana caranya biar bisa lebih teratur?;Wah, aku ngerti banget kalau pola makan kadang susah diatur. Coba kita mulai dari langkah kecil, misalnya buat jadwal makan sederhana dengan 3 kali makan dan 1-2 camilan sehari. Rencanain dulu kapan dan apa yang mau dimakan, biar nggak lupa. Kalau lupa makan atau makan kebanyakan, kita bisa cek apa pemicunya, mungkin stres atau kesibukan? Apa kamu punya waktu buat kita bikin rencana bareng?;GROK;D12_GROK_ClinicalHandbookPsychologicalDisorders737-747_20.json;susah makan atur lupa makan makan atur pola makan susah atur kecil jadwal makan sederhana makan rencanain kapan makan lupa lupa makan makan picu stres sibuk rencana bareng;5;0.6201984859697691;makan - sehat - stres - makan sehat - badan - berat badan - sehat mental - tubuh - pola makan - mental;5_makan_sehat_stres_makan sehat;susah makan atur lupa makan makan atur pola makan susah atur kecil jadwal makan sederhana makan rencanain kapan makan lupa lupa makan makan picu stres sibuk rencana bareng
Aku suka makan banyak banget pas lagi stres, terus nyesel. Kenapa sih aku gini?;Makan banyak pas stres itu sering terjadi, dan itu nggak berarti kamu salah. Kadang, stres bikin kita cari kenyamanan lewat makanan. Mungkin kita bisa coba cari tahu apa yang bikin kamu stres, dan coba cara lain buat ngatasinnya, seperti jalan-jalan atau dengerin musik. Kalau nyesel, coba ingetin diri sendiri bahwa satu kali makan banyak nggak bakal merusak semuanya. Mau ceritain apa yang lagi bikin kamu stres?;GROK;D12_GROK_ClinicalHandbookPsychologicalDisorders737-747_20.json;makan stres terus makan stres arti salah stres nyaman lewat makan tahu stres ngatasinnya jalan jalan dengerin musik ingetin diri sendiri makan rusak stres;5;0.2264296300519724;makan - sehat - stres - makan sehat - badan - berat badan - sehat mental - tubuh - pola makan - mental;5_makan_sehat_stres_makan sehat;makan stres terus makan stres arti salah stres nyaman lewat makan tahu stres ngatasinnya jalan jalan dengerin musik ingetin diri sendiri makan rusak stres
Aku pengen berhenti diet ketat, tapi takut gemuk. Apa yang bisa aku lakuin?;Aku ngerti kalau berhenti diet ketat itu menantang, apalagi kalau ada ketakutan soal berat badan. Diet ketat sering bikin kita malah susah makan teratur. Coba mulai dengan makan yang lebih seimbang, tanpa ngurangin porsi drastis. Kita juga bisa cek apa yang bikin kamu takut gemuk, dan cari cara supaya kamu merasa lebih nyaman sama tubuhmu. Mau coba bikin rencana makan sederhana bareng?;GROK;D12_GROK_ClinicalHandbookPsychologicalDisorders737-747_20.json;henti diet ketat takut gemuk lakuin henti diet ketat tantang takut berat badan diet ketat malah susah makan atur makan imbang ngurangin porsi drastis takut gemuk nyaman tubuh rencana makan sederhana bareng;5;1.0;makan - sehat - stres - makan sehat - badan - berat badan - sehat mental - tubuh - pola makan - mental;5_makan_sehat_stres_makan sehat;henti diet ketat takut gemuk lakuin henti diet ketat tantang takut berat badan diet ketat malah susah makan atur makan imbang ngurangin porsi drastis takut gemuk nyaman tubuh rencana makan sederhana bareng
Kadang aku makan banyak, terus muntahin. Aku tahu ini nggak baik, tapi susah berhenti. Aku harus apa?;Aku sayang banget denger kamu ngalamin ini, dan aku senang kamu cerita. Apa yang kamu lakuin itu memang bisa berbahaya buat tubuh dan pikiran, tapi susah berhenti itu wajar karena ini kayak kebiasaan yang susah diubah sendiri. Mungkin kita bisa cari bantuan dari terapis atau dokter yang paham soal ini. Sementara ini, apa kamu mau ceritain apa yang biasanya bikin kamu pengen muntahin makanan?;GROK;D12_GROK_ClinicalHandbookPsychologicalDisorders737-747_20.json;makan terus muntahin tahu susah henti sayang denger ngalamin senang lakuin bahaya tubuh susah henti susah ubah sendiri terap dokter paham muntahin makan;5;0.1802097276822817;makan - sehat - stres - makan sehat - badan - berat badan - sehat mental - tubuh - pola makan - mental;5_makan_sehat_stres_makan sehat;makan terus muntahin tahu susah henti sayang denger ngalamin senang lakuin bahaya tubuh susah henti susah ubah sendiri terap dokter paham muntahin makan
Aku nggak suka makan sama orang lain, takut mereka nilai aku. Normalkah ini?;Perasaan takut dinilai waktu makan sama orang lain itu bisa muncul, terutama kalau kamu lagi struggle sama pola makan. Tapi, itu bisa bikin kamu merasa terisolasi. Mungkin kita bisa mulai dengan makan bareng orang yang kamu percaya, dalam situasi yang santai. Kita juga bisa cek apa yang bikin kamu takut dinilai. Mau ceritain pengalamanmu waktu makan sama orang lain?;GROK;D12_GROK_ClinicalHandbookPsychologicalDisorders737-747_20.json;makan takut nilai takut nilai makan muncul utama struggle pola makan isolasi makan bareng percaya situasi santai takut nilai alam makan;5;1.0;makan - sehat - stres - makan sehat - badan - berat badan - sehat mental - tubuh - pola makan - mental;5_makan_sehat_stres_makan sehat;makan takut nilai takut nilai makan muncul utama struggle pola makan isolasi makan bareng percaya situasi santai takut nilai alam makan
Aku coba makan teratur, tapi kok masih suka binge eating. Aku gagal nggak sih?;Kamu nggak gagal sama sekali! Makan teratur itu langkah besar, dan kalau masih ada binge eating, itu cuma tanda kita perlu cek lagi apa pemicunya. Mungkin ada stres, emosi, atau kebiasaan tertentu. Coba kita catat kapan binge eating terjadi, biar kita cari polanya bareng. Apa kamu mau ceritain kapan terakhir kali itu terjadi?;GROK;D12_GROK_ClinicalHandbookPsychologicalDisorders737-747_20.json;makan atur binge eating gagal gagal sekali makan atur binge eating perlu picu stres emosi catat kapan binge eating pola bareng kapan akhir;5;1.0;makan - sehat - stres - makan sehat - badan - berat badan - sehat mental - tubuh - pola makan - mental;5_makan_sehat_stres_makan sehat;makan atur binge eating gagal gagal sekali makan atur binge eating perlu picu stres emosi catat kapan binge eating pola bareng kapan akhir
Aku suka nimbang badan tiap hari, tapi kadang aku takut lihat angkanya. Ini kenapa ya?;Aku ngerti kalau nimbang badan bisa bikin campur aduk perasaan. Terlalu sering nimbang bisa bikin kamu fokus ke angka, padahal berat badan itu nggak ceritain semua tentang dirimu. Mungkin kita bisa coba kurangi jadi sekali seminggu, dan fokus ke hal lain kayak kesehatan atau energi. Mau ceritain apa yang bikin kamu takut lihat angka di timbangan?;GROK;D12_GROK_ClinicalHandbookPsychologicalDisorders737-747_20.json;nimbang badan takut angka nimbang badan campur aduk terlalu nimbang angka padahal berat badan diri kurang sekali minggu sehat energi takut angka timbang;5;1.0;makan - sehat - stres - makan sehat - badan - berat badan - sehat mental - tubuh - pola makan - mental;5_makan_sehat_stres_makan sehat;nimbang badan takut angka nimbang badan campur aduk terlalu nimbang angka padahal berat badan diri kurang sekali minggu sehat energi takut angka timbang
Aku ngerasa badanku gemuk banget, makanya aku diet ketat. Tapi kok nggak bahagia ya?;Aku ngerti kalau kamu ngerasa nggak nyaman sama badanmu, tapi diet ketat sering bikin kita malah nggak bahagia. Mungkin kita bisa coba alihkan fokus ke kesehatan, seperti makan yang bikin kamu berenergi, bukan cuma kurus. Aku juga bisa bantu cari cara buat bikin kamu lebih nyaman sama dirimu. Mau ceritain apa yang bikin kamu ngerasa badanmu gemuk?;GROK;D12_GROK_ClinicalHandbookPsychologicalDisorders737-747_20.json;ngerasa badan gemuk makanya diet ketat bahagia ngerasa nyaman badan diet ketat malah bahagia sehat makan energi bukan kurus nyaman diri ngerasa badan gemuk;5;1.0;makan - sehat - stres - makan sehat - badan - berat badan - sehat mental - tubuh - pola makan - mental;5_makan_sehat_stres_makan sehat;ngerasa badan gemuk makanya diet ketat bahagia ngerasa nyaman badan diet ketat malah bahagia sehat makan energi bukan kurus nyaman diri ngerasa badan gemuk
Aku takut makan camilan, soalnya ngerasa bakal bikin gemuk. Gimana caranya biar nggak takut?;Takut makan camilan itu bisa muncul kalau kita khawatir soal berat badan. Padahal, camilan yang seimbang bisa bantu jaga energi dan mencegah makan berlebihan nantinya. Coba mulai dengan camilan kecil yang kamu suka, dan kita catat apa yang kamu rasain setelahnya. Mau coba pilih satu camilan buat dicoba minggu ini?;GROK;D12_GROK_ClinicalHandbookPsychologicalDisorders737-747_20.json;takut makan ngerasa gemuk takut takut makan muncul khawatir berat badan padahal imbang jaga energi cegah makan kecil catat rasain pilih minggu;5;1.0;makan - sehat - stres - makan sehat - badan - berat badan - sehat mental - tubuh - pola makan - mental;5_makan_sehat_stres_makan sehat;takut makan ngerasa gemuk takut takut makan muncul khawatir berat badan padahal imbang jaga energi cegah makan kecil catat rasain pilih minggu
Aku suka makan banyak pas malam, terus ngerasa bersalah. Gimana caranya biar nggak gitu?;Makan banyak di malam hari dan ngerasa bersalah itu sering terjadi, terutama kalau siangnya kamu kurang makan atau lagi stres. Coba kita cek pola makanmu seharian, mungkin bisa tambah camilan di sore hari biar malam nggak terlalu lapar. Kita juga bisa cari tahu apa yang bikin kamu makan banyak di malam hari. Mau ceritain kebiasaanmu pas malam?;GROK;D12_GROK_ClinicalHandbookPsychologicalDisorders737-747_20.json;makan terus ngerasa salah makan ngerasa salah utama siang kurang makan stres pola makan tambah sore terlalu lapar tahu makan;5;0.7061146207093885;makan - sehat - stres - makan sehat - badan - berat badan - sehat mental - tubuh - pola makan - mental;5_makan_sehat_stres_makan sehat;makan terus ngerasa salah makan ngerasa salah utama siang kurang makan stres pola makan tambah sore terlalu lapar tahu makan
Aku nggak mau makan makanan tertentu karena takut gemuk. Apa salah sih?;Takut makan makanan tertentu bisa jadi tanda kamu punya aturan ketat soal makanan, yang kadang malah bikin stres. Menghindari makanan nggak selalu buruk, tapi kalau bikin kamu cemas terus, mungkin perlu diubah. Coba mulai dengan makan sedikit makanan yang kamu hindari, yang paling nggak bikin takut. Kita bisa rencanakan langkah kecil ini bareng, mau?;GROK;D12_GROK_ClinicalHandbookPsychologicalDisorders748-758_20.json;makan makan takut gemuk salah takut makan makan atur ketat makan malah stres hindar makan cemas terus perlu ubah makan makan hindar paling takut rencana kecil bareng;5;1.0;makan - sehat - stres - makan sehat - badan - berat badan - sehat mental - tubuh - pola makan - mental;5_makan_sehat_stres_makan sehat;makan makan takut gemuk salah takut makan makan atur ketat makan malah stres hindar makan cemas terus perlu ubah makan makan hindar paling takut rencana kecil bareng
Aku ngecek berat badan tiap hari. Harusnya berhenti nggak?;Ngecek berat badan tiap hari bisa bikin kamu terlalu fokus sama angka, yang kadang bikin stres. Berat badan itu bisa berubah-ubah karena banyak hal, seperti air atau makanan. Coba kurangi jadi seminggu sekali, atau fokus ke perasaan tubuhmu, seperti energimu. Kita bisa bikin rencana buat kurangi kebiasaan ini, oke?;GROK;D12_GROK_ClinicalHandbookPsychologicalDisorders748-758_20.json;ngecek berat badan henti ngecek berat badan terlalu angka stres berat badan ubah ubah makan kurang minggu sekali tubuh energi rencana kurang;5;1.0;makan - sehat - stres - makan sehat - badan - berat badan - sehat mental - tubuh - pola makan - mental;5_makan_sehat_stres_makan sehat;ngecek berat badan henti ngecek berat badan terlalu angka stres berat badan ubah ubah makan kurang minggu sekali tubuh energi rencana kurang
Aku suka muntah setelah makan banyak. Ini membantu aku tenang, normal nggak?;Aku paham itu terasa menenangkan buatmu, tapi muntah setelah makan bisa bahaya buat tubuh dan pikiranmu. Itu juga bisa jadi tanda kamu kesulitan hadapi emosi tertentu. Kita bisa coba cari cara lain yang lebih sehat untuk tenang, seperti bicara soal perasaanmu atau relaksasi. Mau coba ceritain apa yang bikin kamu pengen muntah?;GROK;D12_GROK_ClinicalHandbookPsychologicalDisorders748-758_20.json;muntah makan tenang paham tenang muntah makan bahaya tubuh sulit hadap emosi sehat tenang bicara relaksasi muntah;5;0.1641347518892337;makan - sehat - stres - makan sehat - badan - berat badan - sehat mental - tubuh - pola makan - mental;5_makan_sehat_stres_makan sehat;muntah makan tenang paham tenang muntah makan bahaya tubuh sulit hadap emosi sehat tenang bicara relaksasi muntah
Aku nggak mau makan sama temen karena takut dinilai. Gimana cara ngatasin ini?;Takut dinilai saat makan bareng temen bisa bikin cemas, tapi menghindari itu bikin kamu kehilangan momen seru. Coba mulai dengan makan bareng satu temen yang bikin kamu nyaman, pilih makanan yang nggak bikin stres. Kita bisa rencanakan langkah kecil ini bareng, mau coba kapan?;GROK;D12_GROK_ClinicalHandbookPsychologicalDisorders748-758_20.json;makan temen takut nilai ngatasin takut nilai makan bareng temen cemas hindar hilang momen seru makan bareng temen nyaman pilih makan stres rencana kecil bareng kapan;5;0.2264216719169933;makan - sehat - stres - makan sehat - badan - berat badan - sehat mental - tubuh - pola makan - mental;-1_diri_takut_sendiri_kecil;makan temen takut nilai ngatasin takut nilai makan bareng temen cemas hindar hilang momen seru makan bareng temen nyaman pilih makan stres rencana kecil bareng kapan
Aku takut gemuk kalau makan normal. Apa yang bisa aku lakukan?;Takut gemuk saat makan normal itu sering datang dari kekhawatiran yang nggak sepenuhnya benar. Coba kita mulai dengan makan porsi kecil yang seimbang, dan catat apa yang terjadi sama tubuhmu. Biasanya, makan normal nggak bikin gemuk tiba-tiba. Kita bisa buat rencana makan yang bikin kamu nyaman. Mau mulai dari mana?;GROK;D12_GROK_ClinicalHandbookPsychologicalDisorders748-758_20.json;takut gemuk makan laku takut gemuk makan datang khawatir sepenuh makan porsi kecil imbang catat tubuh makan gemuk rencana makan nyaman;5;1.0;makan - sehat - stres - makan sehat - badan - berat badan - sehat mental - tubuh - pola makan - mental;5_makan_sehat_stres_makan sehat;takut gemuk makan laku takut gemuk makan datang khawatir sepenuh makan porsi kecil imbang catat tubuh makan gemuk rencana makan nyaman
Aku merasa sangat tertekan karena berat badanku terus turun, tapi aku takut makan lebih banyak. Apa yang harus kulakukan?;Aku bisa bayangkan betapa sulitnya situasi ini buatmu. Merasa takut untuk makan lebih banyak itu wajar kalau kamu sedang berjuang dengan tekanan seperti ini. Berdasarkan apa yang aku tahu, untuk kasus di mana berat badan turun drastis, penting untuk mencoba pendekatan yang lembut tapi terarah, seperti terapi yang fokus pada pola makan dan pikiran negatif tentang tubuh. Aku sarankan kamu bicara dengan profesional, seperti psikolog atau ahli gizi, yang bisa bantu buat rencana yang aman dan nyaman. Apa kamu sudah pernah coba bicara dengan seseorang tentang ini?;GROK;D12_GROK_ClinicalHandbookPsychologicalDisorders759-769_20.json;tekan berat badan terus turun takut makan laku bayang betapa sulit situasi takut makan sedang juang tekan tahu kasus berat badan turun drastis penting dekat lembut arah terapi pola makan negatif tubuh saran bicara profesional psikolog ahli gizi rencana nyaman bicara;5;1.0;makan - sehat - stres - makan sehat - badan - berat badan - sehat mental - tubuh - pola makan - mental;5_makan_sehat_stres_makan sehat;tekan berat badan terus turun takut makan laku bayang betapa sulit situasi takut makan sedang juang tekan tahu kasus berat badan turun drastis penting dekat lembut arah terapi pola makan negatif tubuh saran bicara profesional psikolog ahli gizi rencana nyaman bicara
Kadang aku merasa nggak punya motivasi untuk ubah kebiasaanku yang buruk. Gimana caranya biar aku lebih termotivasi?;Aku paham, kadang motivasi itu memang sulit datang, apalagi kalau kamu merasa stuck. Dari yang aku pelajari, salah satu cara untuk membangun motivasi adalah dengan fokus pada hal-hal kecil yang bisa kamu ubah dulu, bukan langsung yang besar. Misalnya, kalau kebiasaan burukmu terkait pola makan, coba mulai dengan menambahkan satu jenis makanan sehat setiap hari. Terus, coba pikirkan alasan pribadi kenapa kamu ingin berubah—mungkin untuk merasa lebih sehat atau bahagia? Kalau mau, kita bisa bikin daftar kecil langkah yang bisa kamu coba. Apa menurutmu itu membantu?;GROK;D12_GROK_ClinicalHandbookPsychologicalDisorders759-769_20.json;motivasi ubah motivasi paham motivasi sulit datang stuck salah motivasi kecil ubah bukan langsung kait pola makan tambah jenis makan sehat terus alas pribadi ubah sehat bahagia daftar kecil turut;5;0.170110133255761;makan - sehat - stres - makan sehat - badan - berat badan - sehat mental - tubuh - pola makan - mental;5_makan_sehat_stres_makan sehat;motivasi ubah motivasi paham motivasi sulit datang stuck salah motivasi kecil ubah bukan langsung kait pola makan tambah jenis makan sehat terus alas pribadi ubah sehat bahagia daftar kecil turut
Aku pengen berhenti makan berlebihan, tapi tiap stres aku selalu makan banyak. Gimana caranya berhenti?;Stres memang bisa bikin kita lari ke makanan, dan itu nggak mudah buat dihentikan. Dari yang aku tahu, salah satu cara untuk mulai mengatasinya adalah dengan mencari tahu apa yang bikin kamu stres, lalu coba cari alternatif selain makan, seperti jalan-jalan sebentar atau dengar musik. Terapi yang fokus pada pola makan bisa bantu kamu kenali pemicu ini dan bikin rencana yang lebih sehat. Penting juga untuk nggak terlalu keras sama diri sendiri. Apa kamu punya aktivitas lain yang bisa bantu kurangi stres?;GROK;D12_GROK_ClinicalHandbookPsychologicalDisorders759-769_20.json;henti makan stres makan henti stres lari makan mudah henti tahu salah tahu stres alternatif makan jalan jalan sebentar dengar musik terapi pola makan kenal picu rencana sehat penting terlalu diri sendiri aktivitas kurang stres;5;0.2197439798553407;makan - sehat - stres - makan sehat - badan - berat badan - sehat mental - tubuh - pola makan - mental;5_makan_sehat_stres_makan sehat;henti makan stres makan henti stres lari makan mudah henti tahu salah tahu stres alternatif makan jalan jalan sebentar dengar musik terapi pola makan kenal picu rencana sehat penting terlalu diri sendiri aktivitas kurang stres
Aku takut kalau berat badanku nggak ideal, aku harus diet ketat nggak sih?;Aku paham kekhawatiranmu tentang berat badan, itu wajar kok. Tapi diet ketat seringkali malah bikin stres dan nggak sehat buat tubuh atau pikiran. Dari yang aku tahu, kalau berat badanmu bikin kamu khawatir, lebih baik konsultasi sama ahli gizi atau dokter untuk cek apakah beratmu sehat atau nggak. Mereka bisa bantu bikin rencana makan yang seimbang, bukan yang ekstrem. Yang penting, coba fokus pada kesehatan, bukan cuma angka di timbangan. Apa kamu sudah pernah cek kesehatanmu baru-baru ini?;GROK;D12_GROK_ClinicalHandbookPsychologicalDisorders759-769_20.json;takut berat badan ideal diet ketat paham khawatir berat badan diet ketat seringkali malah stres sehat tubuh tahu berat badan khawatir konsultasi ahli gizi dokter berat sehat rencana makan imbang bukan ekstrem penting sehat bukan angka timbang sehat;5;1.0;makan - sehat - stres - makan sehat - badan - berat badan - sehat mental - tubuh - pola makan - mental;5_makan_sehat_stres_makan sehat;takut berat badan ideal diet ketat paham khawatir berat badan diet ketat seringkali malah stres sehat tubuh tahu berat badan khawatir konsultasi ahli gizi dokter berat sehat rencana makan imbang bukan ekstrem penting sehat bukan angka timbang sehat
Aku takut kalau aku nggak bisa sembuh dari gangguan makan yang aku alami. Apa aku bakal gini selamanya?;Aku bisa bayangkan betapa menakutkannya merasa kayak gitu. Tapi, dari yang aku tahu, banyak orang yang mengalami gangguan makan bisa pulih dengan bantuan yang tepat, seperti terapi yang fokus pada pola makan dan emosi. Prosesnya memang nggak instan, tapi dengan dukungan profesional, kamu bisa belajar mengelola ini. Penting untuk nggak menyerah dan cari bantuan dari psikolog atau kelompok dukungan. Apa kamu sudah punya seseorang yang bisa bantu kamu di perjalanan ini?;GROK;D12_GROK_ClinicalHandbookPsychologicalDisorders759-769_20.json;takut sembuh ganggu makan alami lama bayang betapa takut tahu alami ganggu makan pulih tepat terapi pola makan emosi proses instan dukung profesional kelola penting serah psikolog kelompok dukung jalan;5;1.0;makan - sehat - stres - makan sehat - badan - berat badan - sehat mental - tubuh - pola makan - mental;5_makan_sehat_stres_makan sehat;takut sembuh ganggu makan alami lama bayang betapa takut tahu alami ganggu makan pulih tepat terapi pola makan emosi proses instan dukung profesional kelola penting serah psikolog kelompok dukung jalan
Aku pengen makan apa aja yang aku suka tanpa mikir kalori, tapi aku takut gemuk. Gimana caranya?;Aku paham, keinginan makan bebas tapi takut gemuk itu bikin dilema. Dari yang aku tahu, obsesi sama kalori bisa bikin hubunganmu sama makanan jadi nggak sehat. Coba pelan-pelan belajar nikmati makanan tanpa rasa bersalah, misalnya dengan mindful eating—fokus pada rasa dan kenikmatannya. Kalau ketakutan ini terus muncul, mungkin terapi yang fokus pada pola makan bisa bantu. Apa kamu pernah coba cara kayak gitu sebelumnya?;GROK;D12_GROK_ClinicalHandbookPsychologicalDisorders759-769_20.json;makan mikir kalori takut gemuk paham makan bebas takut gemuk dilema tahu obsesi kalori makan sehat pelan pelan nikmat makan salah mindful eating nikmat takut terus muncul terapi pola makan;5;1.0;makan - sehat - stres - makan sehat - badan - berat badan - sehat mental - tubuh - pola makan - mental;5_makan_sehat_stres_makan sehat;makan mikir kalori takut gemuk paham makan bebas takut gemuk dilema tahu obsesi kalori makan sehat pelan pelan nikmat makan salah mindful eating nikmat takut terus muncul terapi pola makan
Aku sering merasa bersalah kalau makan banyak, apa ini normal?;Merasa bersalah setelah makan banyak itu bisa dialami banyak orang, tapi kalau ini sering bikin kamu stres, mungkin ada pola yang perlu diperhatikan. Dari yang aku tahu, perasaan bersalah ini bisa terkait dengan cara kita lihat makanan atau tubuh kita. Coba mulai dengan nggak menghukum diri sendiri, dan kalau ini terus mengganggu, bicara sama psikolog bisa bantu kamu pahami akar masalahnya. Apa kamu merasa ini sering banget terjadi?;GROK;D12_GROK_ClinicalHandbookPsychologicalDisorders759-769_20.json;salah makan salah makan alami stres pola perlu perhati tahu salah kait makan tubuh hukum diri sendiri terus ganggu bicara psikolog paham akar;5;0.4950945608907237;makan - sehat - stres - makan sehat - badan - berat badan - sehat mental - tubuh - pola makan - mental;5_makan_sehat_stres_makan sehat;salah makan salah makan alami stres pola perlu perhati tahu salah kait makan tubuh hukum diri sendiri terus ganggu bicara psikolog paham akar
Aku kadang sengaja nggak makan biar kurus, tapi aku tahu ini nggak sehat. Aku harus mulai dari mana?;Aku senang kamu sadar kalau itu nggak sehat, itu langkah besar. Sengaja nggak makan bisa berbahaya, jadi penting untuk ambil tindakan. Dari yang aku tahu, langkah pertama adalah bicara sama profesional, seperti psikolog atau ahli gizi, yang bisa bantu kamu bikin pola makan yang sehat dan atasi pikiran negatif tentang tubuhmu. Coba juga cari dukungan dari teman atau keluarga. Apa kamu merasa nyaman untuk cari bantuan sekarang?;GROK;D12_GROK_ClinicalHandbookPsychologicalDisorders759-769_20.json;sengaja makan kurus tahu sehat senang sehat sengaja makan bahaya penting tindak tahu pertama bicara profesional psikolog ahli gizi pola makan sehat negatif tubuh dukung teman keluarga nyaman;5;0.7698664279215751;makan - sehat - stres - makan sehat - badan - berat badan - sehat mental - tubuh - pola makan - mental;5_makan_sehat_stres_makan sehat;sengaja makan kurus tahu sehat senang sehat sengaja makan bahaya penting tindak tahu pertama bicara profesional psikolog ahli gizi pola makan sehat negatif tubuh dukung teman keluarga nyaman
Aku sering merasa kalau aku terlalu berlebihan dalam banyak hal, entah makan manis, kopi, atau main medsos. Aku bingung bagaimana cara menyeimbangkannya.;Itu hal yang banyak orang rasakan. Kita memang cenderung ingin lebih dari sesuatu yang membuat kita merasa enak. Tapi, kalau terlalu banyak justru bisa bikin lelah dan kehilangan fokus. Mungkin kamu bisa coba pendekatan moderasi: tidak harus berhenti total, tapi mulai mengenali batas yang sehat buatmu. Misalnya, kalau kopi bikin segar satu cangkir, cukupkan di situ. Kalau medsos bikin kepikiran, coba atur waktunya. Yang penting bukan menyiksa diri, tapi menemukan keseimbangan yang nyaman.;GPT;D13_GPT_BrainPower101-111_10.json;terlalu entah makan manis kopi main medsos imbang cenderung enak terlalu justru lelah hilang dekat moderasi henti total nali batas sehat kopi segar cangkir cukup situ medsos atur penting bukan siksa diri imbang nyaman;5;0.0712060838571703;makan - sehat - stres - makan sehat - badan - berat badan - sehat mental - tubuh - pola makan - mental;-1_diri_takut_sendiri_kecil;terlalu entah makan manis kopi main medsos imbang cenderung enak terlalu justru lelah hilang dekat moderasi henti total nali batas sehat kopi segar cangkir cukup situ medsos atur penting bukan siksa diri imbang nyaman
Aku merasa gampang cemas tentang kesehatan. Apa aku harus konsumsi suplemen biar lebih tenang?;Kecemasan soal kesehatan itu wajar, tapi kadang bikin kita makin tegang. Salah satu nutrisi yang baik untuk otak adalah selenium, karena bisa membantu melindungi dari kerusakan. Tapi, terlalu banyak juga bisa berbahaya. Jadi, yang terbaik adalah menjaga pola makan seimbang: sayuran, biji-bijian, dan makanan sehat lainnya. Kalau ingin pakai suplemen, sebaiknya konsultasikan dulu dengan tenaga medis agar aman buat tubuhmu.;GPT;D13_GPT_BrainPower101-111_10.json;gampang cemas sehat konsumsi suplemen tenang cemas sehat makin tegang salah nutrisi otak selenium lindung rusa terlalu bahaya jaga pola makan imbang biji biji makan sehat suplemen konsultasi tenaga medis tubuh;5;1.0;makan - sehat - stres - makan sehat - badan - berat badan - sehat mental - tubuh - pola makan - mental;5_makan_sehat_stres_makan sehat;gampang cemas sehat konsumsi suplemen tenang cemas sehat makin tegang salah nutrisi otak selenium lindung rusa terlalu bahaya jaga pola makan imbang biji biji makan sehat suplemen konsultasi tenaga medis tubuh
Aku suka minum cokelat hangat saat lagi capek. Apakah itu ada manfaatnya atau cuma sugesti?;Bukan sekadar sugesti, cokelat hangat memang bisa bermanfaat untuk otak. Kandungan tertentu di dalamnya dapat membantu aliran darah ke otak, yang mendukung daya ingat dan fokus. Jadi, menikmati secangkir cokelat hangat tidak hanya menenangkan, tapi juga bisa mendukung kesehatan mentalmu.;GPT;D13_GPT_BrainPower112-122_10.json;cokelat hangat capek manfaat sugesti bukan sekadar sugesti cokelat hangat manfaat otak kandung alir darah otak dukung daya ingat nikmat cangkir cokelat hangat tenang dukung sehat mental;5;0.1179013701627868;makan - sehat - stres - makan sehat - badan - berat badan - sehat mental - tubuh - pola makan - mental;5_makan_sehat_stres_makan sehat;cokelat hangat capek manfaat sugesti bukan sekadar sugesti cokelat hangat manfaat otak kandung alir darah otak dukung daya ingat nikmat cangkir cokelat hangat tenang dukung sehat mental
Saya minum suplemen vitamin D. Apa ada risiko kelebihan?;Vitamin D berlebihan bisa berbahaya dan biasanya berasal dari suplemen, bukan dari sinar matahari. Batas atas umum adalah sekitar 2.000 IU (50 mcg) per hari untuk orang dewasa. Jika Anda mengonsumsi suplemen, konsultasikan dosis dengan penyedia layanan kesehatan.;GPT;D13_GPT_BrainPower123-133_27.json;suplemen vitamin risiko vitamin bahaya asal suplemen bukan sinar matahari batas umum dewasa konsumsi suplemen konsultasi dosis sedia sehat;5;1.0;makan - sehat - stres - makan sehat - badan - berat badan - sehat mental - tubuh - pola makan - mental;5_makan_sehat_stres_makan sehat;suplemen vitamin risiko vitamin bahaya asal suplemen bukan sinar matahari batas umum dewasa konsumsi suplemen konsultasi dosis sedia sehat
Saya sering melewatkan sarapan karena sibuk. Apa dampaknya pada mood dan fokus?;Melewatkan makan, terutama sarapan, bisa menurunkan kadar glukosa yang otak butuhkan—mengakibatkan kesulitan fokus, mood yang buruk, dan penurunan produktivitas. Jika sulit makan di pagi hari, coba pilihan ringan seperti buah atau roti gandum yang mudah dicerna.;GPT;D13_GPT_BrainPower123-133_27.json;lewat sarap sibuk dampak mood lewat makan utama sarap turun kadar glukosa otak butuh akibat sulit mood turun produktivitas sulit makan pagi pilih ringan roti gandum mudah cerna;5;1.0;makan - sehat - stres - makan sehat - badan - berat badan - sehat mental - tubuh - pola makan - mental;5_makan_sehat_stres_makan sehat;lewat sarap sibuk dampak mood lewat makan utama sarap turun kadar glukosa otak butuh akibat sulit mood turun produktivitas sulit makan pagi pilih ringan roti gandum mudah cerna
Kalau saya sedang diet ketat dan sengaja melewatkan makan, apakah itu berbahaya untuk otak?;"Puasa ekstrem atau melewatkan makan secara rutin dapat mengganggu fungsi kognitif dan suasana hati. Jika Anda sedang menurunkan berat badan, lakukan dengan cara seimbang dan terencana agar nutrisi otak tetap terpenuhi; berkonsultasilah dengan ahli gizi bila perlu.";GPT;D13_GPT_BrainPower123-133_27.json;sedang diet ketat sengaja lewat makan bahaya otak puasa ekstrem lewat makan rutin ganggu fungsi kognitif suasana hati sedang turun berat badan laku imbang rencana nutrisi otak tetap penuh konsultasi ahli gizi bila perlu;5;1.0;makan - sehat - stres - makan sehat - badan - berat badan - sehat mental - tubuh - pola makan - mental;5_makan_sehat_stres_makan sehat;sedang diet ketat sengaja lewat makan bahaya otak puasa ekstrem lewat makan rutin ganggu fungsi kognitif suasana hati sedang turun berat badan laku imbang rencana nutrisi otak tetap penuh konsultasi ahli gizi bila perlu
Saya jadi mudah marah kalau telat makan. Apa nama kondisi ini dan bagaimana mengatasinya?;Perubahan mood yang tajam karena lapar umum disebut 'hangry'. Atasi dengan jadwal makan teratur, sedia camilan sehat, dan pastikan asupan karbohidrat kompleks untuk menjaga gula darah tetap stabil.;GPT;D13_GPT_BrainPower123-133_27.json;mudah marah telat makan nama kondisi ubah mood tajam lapar umum sebut hangry jadwal makan atur sedia sehat asupan karbohidrat kompleks jaga gula darah tetap stabil;5;1.0;makan - sehat - stres - makan sehat - badan - berat badan - sehat mental - tubuh - pola makan - mental;5_makan_sehat_stres_makan sehat;mudah marah telat makan nama kondisi ubah mood tajam lapar umum sebut hangry jadwal makan atur sedia sehat asupan karbohidrat kompleks jaga gula darah tetap stabil
Saya sering skip sarapan supaya cepat turun berat badan. Apa saran yang lebih sehat?;Melewatkan sarapan bisa memperburuk kontrol nafsu makan dan fokus. Pilih sarapan seimbang tinggi serat dan rendah lemak—misalnya gandum utuh atau buah—yang membantu energi pagi dan mengatur nafsu makan sepanjang hari. Jika ingin menurunkan berat badan, rencanakan makanan secara seimbang daripada melewatkan makan.;GPT;D13_GPT_BrainPower123-133_27.json;skip sarap cepat turun berat badan saran sehat lewat sarap kontrol nafsu makan pilih sarap imbang tinggi serat rendah lemak gandum utuh energi pagi atur nafsu makan panjang turun berat badan rencana makan imbang lewat makan;5;1.0;makan - sehat - stres - makan sehat - badan - berat badan - sehat mental - tubuh - pola makan - mental;5_makan_sehat_stres_makan sehat;skip sarap cepat turun berat badan saran sehat lewat sarap kontrol nafsu makan pilih sarap imbang tinggi serat rendah lemak gandum utuh energi pagi atur nafsu makan panjang turun berat badan rencana makan imbang lewat makan
Apakah sarapan memengaruhi kemampuan belajar dan kerja?;Iya — sarapan menyediakan glukosa segar untuk otak. Orang yang sarapan cenderung lebih fokus, lebih baik pemecahan masalah, dan mempunyai daya tahan lebih baik di pagi hari.;GPT;D13_GPT_BrainPower123-133_27.json;sarap pengaruh mampu kerja sarap sedia glukosa segar otak sarap cenderung pecah daya tahan pagi;5;1.0;makan - sehat - stres - makan sehat - badan - berat badan - sehat mental - tubuh - pola makan - mental;5_makan_sehat_stres_makan sehat;sarap pengaruh mampu kerja sarap sedia glukosa segar otak sarap cenderung pecah daya tahan pagi
Saya sering merasa cepat lupa, apakah ada vitamin yang bisa membantu otak saya?;Vitamin B12 penting untuk menjaga fungsi otak, terutama pada usia lanjut. Kekurangan B12 bisa menyebabkan masalah ingatan dan suasana hati. Kamu bisa mendapatkannya dari makanan atau multivitamin. Mengonsumsi B12 aman, tapi jangan berharap dosis berlebih memberi manfaat ekstra. Cukup penuhi kebutuhan harianmu.;GPT;D13_GPT_BrainPower13-23_11.json;cepat lupa vitamin otak vitamin penting jaga fungsi otak utama usia lanjut kurang ingat suasana hati makan multivitamin konsumsi jangan harap dosis beri manfaat ekstra cukup penuh butuh;5;1.0;makan - sehat - stres - makan sehat - badan - berat badan - sehat mental - tubuh - pola makan - mental;5_makan_sehat_stres_makan sehat;cepat lupa vitamin otak vitamin penting jaga fungsi otak utama usia lanjut kurang ingat suasana hati makan multivitamin konsumsi jangan harap dosis beri manfaat ekstra cukup penuh butuh
Aku lagi gampang cemas akhir-akhir ini. Katanya makanan bisa berpengaruh ke otak, bener nggak sih?;Betul sekali. Apa yang kamu makan bisa memengaruhi kesehatan otak. Misalnya, makanan nabati, ikan berlemak, kacang-kacangan, dan sayuran hijau bisa bantu daya ingat dan turunkan tekanan darah. Sebaliknya, terlalu sering makan makanan berlemak jenuh atau gorengan bisa bikin otak lebih cepat lelah. Jadi kamu bisa coba pelan-pelan menambah sayuran atau buah di menu harianmu, bukan dengan aturan kaku, tapi sebagai bentuk perhatian ke dirimu sendiri.;GPT;D13_GPT_BrainPower2-12_12.json;gampang cemas akhir akhir kata makan pengaruh otak betul sekali makan pengaruh sehat otak makan nabati ikan lemak kacang kacang hijau daya ingat turun tekan darah balik terlalu makan makan lemak jenuh goreng otak cepat lelah pelan pelan tambah menu bukan atur kaku bentuk perhati diri sendiri;5;1.0;makan - sehat - stres - makan sehat - badan - berat badan - sehat mental - tubuh - pola makan - mental;5_makan_sehat_stres_makan sehat;gampang cemas akhir akhir kata makan pengaruh otak betul sekali makan pengaruh sehat otak makan nabati ikan lemak kacang kacang hijau daya ingat turun tekan darah balik terlalu makan makan lemak jenuh goreng otak cepat lelah pelan pelan tambah menu bukan atur kaku bentuk perhati diri sendiri
Aku sering merasa cepat lapar padahal sudah makan. Apa benar serat bisa bikin lebih kenyang dan juga bantu otak?;Iya, serat bisa membuat tubuh merasa kenyang lebih lama dan juga berperan penting untuk kesehatan otak. Cobalah menambahkan sayuran segar, buah utuh, kacang-kacangan, atau gandum dalam setiap makanmu. Dengan begitu tubuh dan otakmu mendapat energi yang lebih stabil.;GPT;D13_GPT_BrainPower24-34_11.json;cepat lapar padahal makan serat kenyang otak serat tubuh kenyang lama peran penting sehat otak tambah segar utuh kacang kacang gandum makan tubuh otak energi stabil;5;1.0;makan - sehat - stres - makan sehat - badan - berat badan - sehat mental - tubuh - pola makan - mental;5_makan_sehat_stres_makan sehat;cepat lapar padahal makan serat kenyang otak serat tubuh kenyang lama peran penting sehat otak tambah segar utuh kacang kacang gandum makan tubuh otak energi stabil
Aku dengar peradangan bisa bikin orang gampang kena depresi atau pikun, apa itu benar?;Benar, peradangan kronis di tubuh bisa memengaruhi kesehatan otak, termasuk meningkatkan risiko masalah seperti depresi atau penurunan daya ingat. Untuk mencegahnya, kamu bisa menjaga pola hidup sehat, seperti makan buah dan sayur, hindari rokok dan alkohol berlebihan, serta menjaga pola tidur. Itu langkah kecil yang bisa membantu tubuhmu lebih kuat.;GPT;D13_GPT_BrainPower24-34_11.json;dengar adang gampang kena depresi pikun adang kronis tubuh pengaruh sehat otak masuk tingkat risiko depresi turun daya ingat cegah jaga pola hidup sehat makan hindar rokok alkohol jaga pola tidur kecil tubuh kuat;5;0.0715891425471374;makan - sehat - stres - makan sehat - badan - berat badan - sehat mental - tubuh - pola makan - mental;-1_diri_takut_sendiri_kecil;dengar adang gampang kena depresi pikun adang kronis tubuh pengaruh sehat otak masuk tingkat risiko depresi turun daya ingat cegah jaga pola hidup sehat makan hindar rokok alkohol jaga pola tidur kecil tubuh kuat
Aku bosan makan menu yang itu-itu saja, tapi juga malas coba makanan baru. Apa itu ada pengaruhnya ke otak?;Ada pengaruhnya. Otak suka dengan tantangan dan hal baru. Mencoba makanan baru bukan hanya menyenangkan, tapi juga membantu otak tetap aktif dan tubuh mendapat variasi nutrisi. Tidak perlu langsung yang rumit, cukup ganti satu menu sederhana dalam seminggu sebagai permulaan.;GPT;D13_GPT_BrainPower24-34_11.json;bosan makan menu malas makan pengaruh otak pengaruh otak tantang makan bukan senang otak tetap tubuh variasi nutrisi perlu langsung rumit cukup menu sederhana minggu mula;5;1.0;makan - sehat - stres - makan sehat - badan - berat badan - sehat mental - tubuh - pola makan - mental;5_makan_sehat_stres_makan sehat;bosan makan menu malas makan pengaruh otak pengaruh otak tantang makan bukan senang otak tetap tubuh variasi nutrisi perlu langsung rumit cukup menu sederhana minggu mula
Aku gampang capek dan susah fokus. Temanku bilang coba minum vitamin C, apa benar bisa bantu otak juga?;Vitamin C memang penting untuk otak, karena membantu produksi neurotransmitter yang mendukung fokus dan suasana hati. Kamu bisa mendapatkannya dari buah segar seperti jeruk, kiwi, tomat, atau mangga. Namun ingat, jangan berlebihan karena bisa ada efek samping. Cukupkan saja sesuai kebutuhan tubuhmu.;GPT;D13_GPT_BrainPower24-34_11.json;gampang capek susah teman vitamin otak vitamin penting otak produksi neurotransmitter dukung suasana hati segar jeruk kiwi tomat mangga ingat jangan efek cukup sesuai butuh tubuh;5;0.626438469562871;makan - sehat - stres - makan sehat - badan - berat badan - sehat mental - tubuh - pola makan - mental;5_makan_sehat_stres_makan sehat;gampang capek susah teman vitamin otak vitamin penting otak produksi neurotransmitter dukung suasana hati segar jeruk kiwi tomat mangga ingat jangan efek cukup sesuai butuh tubuh
Aku khawatir dengan racun dari makanan atau polusi. Apa ada cara alami buat bersihin tubuh dan otak dari racun?;Kekhawatiranmu valid. Untuk membantu tubuh melawan racun, kamu bisa banyak minum air, makan buah dan sayuran segar, olahraga, atau sekadar coba pernapasan dalam di tempat bersih. Jangan lupa juga cuci bahan makanan dengan baik. Kalau memang ada paparan serius, sebaiknya konsultasikan ke dokter.;GPT;D13_GPT_BrainPower24-34_11.json;khawatir racun makan polusi alami bersihin tubuh otak racun khawatir valid tubuh lawan racun makan segar olahraga sekadar tempat jangan lupa cuci bahan makan papar serius konsultasi dokter;5;0.1094861100332745;makan - sehat - stres - makan sehat - badan - berat badan - sehat mental - tubuh - pola makan - mental;5_makan_sehat_stres_makan sehat;khawatir racun makan polusi alami bersihin tubuh otak racun khawatir valid tubuh lawan racun makan segar olahraga sekadar tempat jangan lupa cuci bahan makan papar serius konsultasi dokter
Apa langkah sederhana untuk menjaga kesehatan usus yang juga bisa membantu suasana hati saya?;Perhatikan pola makan seimbang, atasi gejala sindrom iritasi usus dengan bimbingan dokter, dan jaga hidrasi serta aktivitas fisik. Jika perlu, konsultasikan profesional kesehatan untuk saran yang terpersonalisasi.;GPT;D13_GPT_BrainPower35-45_20.json;sederhana jaga sehat usus suasana hati perhati pola makan imbang gejala sindrom iritasi usus bimbing dokter jaga hidrasi aktivitas fisik perlu konsultasi profesional sehat saran personal;5;0.1988065509260576;makan - sehat - stres - makan sehat - badan - berat badan - sehat mental - tubuh - pola makan - mental;5_makan_sehat_stres_makan sehat;sederhana jaga sehat usus suasana hati perhati pola makan imbang gejala sindrom iritasi usus bimbing dokter jaga hidrasi aktivitas fisik perlu konsultasi profesional sehat saran personal
Saya mudah tergoda makan manis terus, padahal khawatir ini memengaruhi mood dan ingatan. Apa yang realistis untuk dilakukan?;Kekhawatiranmu valid. Konsumsi gula berlebih memang dapat mengganggu kognisi dan berhubungan dengan suasana hati seperti kecemasan atau depresi. Mulailah dengan langkah kecil: catat jenis makanan manis yang sering kamu konsumsi, ganti camilan manis dengan buah ketika memungkinkan, dan perhatikan porsi. Hindari menyalahkan diri sendiri bila tergelincir — perubahan pola makan adalah proses bertahap.;GPT;D13_GPT_BrainPower46-56_22.json;mudah goda makan manis terus padahal khawatir pengaruh mood ingat realistis laku khawatir valid konsumsi gula ganggu kognisi suasana hati cemas depresi kecil catat jenis makan manis konsumsi manis perhati porsi hindar salah diri sendiri bila gelincir ubah pola makan proses tahap;5;1.0;makan - sehat - stres - makan sehat - badan - berat badan - sehat mental - tubuh - pola makan - mental;5_makan_sehat_stres_makan sehat;mudah goda makan manis terus padahal khawatir pengaruh mood ingat realistis laku khawatir valid konsumsi gula ganggu kognisi suasana hati cemas depresi kecil catat jenis makan manis konsumsi manis perhati porsi hindar salah diri sendiri bila gelincir ubah pola makan proses tahap
Saya sulit menjauhi makanan tinggi kolesterol keluarga. Adakah cara makan yang lebih aman tanpa harus merasa ketinggalan?;Kamu bisa membuat perubahan bertahap: pilih metode masak rendah lemak (panggang, kukus), kurangi kuning telur menjadi beberapa kali per minggu, dan tambahkan lebih banyak kacang, tahu, atau tempe sebagai sumber protein alternatif. Perubahan kecil dan berkelanjutan lebih realistis dan bertahan lama daripada penggantian total sekaligus.;GPT;D13_GPT_BrainPower46-56_22.json;sulit jauh makan tinggi kolesterol keluarga makan tinggal ubah tahap pilih metode masak rendah lemak panggang kukus kurang kuning telur beberapa minggu tambah kacang tahu tempe sumber protein alternatif ubah kecil lanjut realistis tahan lama total sekaligus;5;1.0;makan - sehat - stres - makan sehat - badan - berat badan - sehat mental - tubuh - pola makan - mental;5_makan_sehat_stres_makan sehat;sulit jauh makan tinggi kolesterol keluarga makan tinggal ubah tahap pilih metode masak rendah lemak panggang kukus kurang kuning telur beberapa minggu tambah kacang tahu tempe sumber protein alternatif ubah kecil lanjut realistis tahan lama total sekaligus
Saya ingin makan lebih sehat tapi bingung mulai dari mana. Ada saran untuk otak sehat?;Mulailah dengan menambah variasi buah dan sayur setiap minggu. Usahakan piring Anda berwarna-warni—itu membantu memastikan asupan vitamin, mineral, dan serat yang beragam. Pilih buah utuh lebih sering daripada jus atau buah kaleng agar mendapatkan serat yang lebih baik. Target sederhana: minimal dua porsi buah dan tiga porsi sayur sehari.;GPT;D13_GPT_BrainPower57-67_19.json;makan sehat saran otak sehat tambah variasi minggu usaha piring warni asupan vitamin mineral serat agam pilih utuh kaleng serat target sederhana minimal porsi porsi;5;1.0;makan - sehat - stres - makan sehat - badan - berat badan - sehat mental - tubuh - pola makan - mental;5_makan_sehat_stres_makan sehat;makan sehat saran otak sehat tambah variasi minggu usaha piring warni asupan vitamin mineral serat agam pilih utuh kaleng serat target sederhana minimal porsi porsi
Saya merasa melakukan hal yang sama terus membuatnya tidak lagi menyenangkan. Bagaimana mengatasinya?;"Fenomena ini disebut habituasi—pengulangan membuat pengalaman terasa biasa dan menurunkan efek 'kesenangan' awal. Salah satu cara mengatasinya adalah mencari variasi atau pengalaman baru agar otak terus mendapat rangsangan. Namun juga penting menilai apakah pengejaran sensasi baru itu sehat; hindari pilihan yang berisiko seperti obat atau pola makan tidak sehat.";GPT;D13_GPT_BrainPower57-67_19.json;laku terus senang fenomena sebut habituasi ulang alam turun efek senang awal salah variasi alam otak terus rangsang penting nilai kejar sensasi sehat hindar pilih risiko obat pola makan sehat;5;0.335525582934115;makan - sehat - stres - makan sehat - badan - berat badan - sehat mental - tubuh - pola makan - mental;5_makan_sehat_stres_makan sehat;laku terus senang fenomena sebut habituasi ulang alam turun efek senang awal salah variasi alam otak terus rangsang penting nilai kejar sensasi sehat hindar pilih risiko obat pola makan sehat
Saya ingin makan lebih sehat untuk otak, tapi bingung harus mulai dari mana.;Mulai dari hal sederhana: tambahkan porsi buah dan sayur setiap hari, sertakan sumber protein dan lemak sehat seperti ikan atau telur beberapa kali seminggu. Perubahan kecil yang konsisten lebih bermanfaat daripada diet drastis. Jika kamu punya kondisi kesehatan khusus, konsultasikan ke tenaga medis.;GPT;D13_GPT_BrainPower68-78_21.json;makan sehat otak sederhana tambah porsi sumber protein lemak sehat ikan telur beberapa minggu ubah kecil konsisten manfaat diet drastis kondisi sehat khusus konsultasi tenaga medis;5;1.0;makan - sehat - stres - makan sehat - badan - berat badan - sehat mental - tubuh - pola makan - mental;5_makan_sehat_stres_makan sehat;makan sehat otak sederhana tambah porsi sumber protein lemak sehat ikan telur beberapa minggu ubah kecil konsisten manfaat diet drastis kondisi sehat khusus konsultasi tenaga medis
Kalau saya tidak suka makanan tertentu yang katanya 'baik untuk otak', apakah itu berarti saya tidak bisa mendapatkan manfaatnya?;Tidak perlu memaksakan diri pada makanan yang benar-benar tidak cocok. Ada banyak sumber nutrisi — misalnya omega-3 tidak hanya dari satu jenis ikan, dan buah beri bisa diganti dengan buah lain yang tinggi antioksidan. Intinya variasi dan keseimbangan, bukan paksa satu makanan aja.;GPT;D13_GPT_BrainPower68-78_21.json;makan kata otak arti manfaat perlu paksa diri makan cocok sumber nutrisi omega jenis ikan beri tinggi antioksidan inti variasi imbang bukan paksa makan;5;1.0;makan - sehat - stres - makan sehat - badan - berat badan - sehat mental - tubuh - pola makan - mental;5_makan_sehat_stres_makan sehat;makan kata otak arti manfaat perlu paksa diri makan cocok sumber nutrisi omega jenis ikan beri tinggi antioksidan inti variasi imbang bukan paksa makan
Saya tergoda minum banyak suplemen agar cepat 'cerdas'. Apa risikonya?;Mengonsumsi suplemen sembarangan bisa menimbulkan overdosis nutrisi, interaksi obat, atau efek samping lain. Lebih aman berkonsultasi dulu, mengikuti dosis yang dianjurkan, dan utamakan makanan bergizi sebagai sumber utama nutrisi.;GPT;D13_GPT_BrainPower79-89_30.json;goda suplemen cepat cerdas risiko konsumsi suplemen sembarang timbul overdosis nutrisi interaksi obat efek konsultasi dosis anjur utama makan gizi sumber utama nutrisi;5;0.5914437015882033;makan - sehat - stres - makan sehat - badan - berat badan - sehat mental - tubuh - pola makan - mental;5_makan_sehat_stres_makan sehat;goda suplemen cepat cerdas risiko konsumsi suplemen sembarang timbul overdosis nutrisi interaksi obat efek konsultasi dosis anjur utama makan gizi sumber utama nutrisi
Bagaimana cara sederhana melindungi saraf saya dalam kehidupan sehari-hari?;Praktik sederhana: kurangi paparan bahan kimia berbahaya (baca label produk), hindari penggunaan pestisida sendiri tanpa alat pelindung, konsumsi makanan yang rendah kemungkinan tercemar, dan jaga pola hidup sehat. Langkah-langkah kecil dapat menurunkan risiko secara signifikan.;GPT;D13_GPT_BrainPower79-89_30.json;sederhana lindung saraf hidup praktik sederhana kurang papar bahan bahaya baca label produk hindar pestisida sendiri alat lindung konsumsi makan rendah cemar jaga pola hidup sehat kecil turun risiko signifikan;5;0.0867732182587762;makan - sehat - stres - makan sehat - badan - berat badan - sehat mental - tubuh - pola makan - mental;5_makan_sehat_stres_makan sehat;sederhana lindung saraf hidup praktik sederhana kurang papar bahan bahaya baca label produk hindar pestisida sendiri alat lindung konsumsi makan rendah cemar jaga pola hidup sehat kecil turun risiko signifikan
Saya khawatir tentang berat perut saya. Apakah perut buncit benar-benar berhubungan dengan kesehatan otak?;Ada hubungan antara lemak visceral (lemak yang mengelilingi organ) dengan risiko kondisi kesehatan jangka panjang. Menjaga pola makan seimbang, aktivitas fisik yang meliputi latihan beban dan aerobik, serta mengurangi gula dan lemak berlebih adalah langkah realistis. Jangan gunakan informasi ini untuk menyalahkan diri sendiri — fokus pada perubahan kecil dan konsisten yang bisa Anda lakukan sehari-hari.;GPT;D13_GPT_BrainPower90-100_10.json;khawatir berat perut perut buncit sehat otak lemak visceral lemak keliling organ risiko kondisi sehat jangka panjang jaga pola makan imbang aktivitas fisik liput beban aerobik kurang gula lemak realistis jangan salah diri sendiri ubah kecil konsisten laku;5;1.0;makan - sehat - stres - makan sehat - badan - berat badan - sehat mental - tubuh - pola makan - mental;5_makan_sehat_stres_makan sehat;khawatir berat perut perut buncit sehat otak lemak visceral lemak keliling organ risiko kondisi sehat jangka panjang jaga pola makan imbang aktivitas fisik liput beban aerobik kurang gula lemak realistis jangan salah diri sendiri ubah kecil konsisten laku
Saya sering makan berlebihan saat stres. Ada cara agar saya tidak terus menerus makan berlebih?;Makan berlebihan sering berakar pada emosi dan kebiasaan. Coba praktik sederhana: sebelum makan, beri nilai rasa lapar 0–10. Jika bukan lapar nyata, pilih porsi kecil atau lakukan kegiatan pengalih yang menenangkan (jalan singkat, tarik napas dalam, minum air). Latih kesadaran saat makan — perlambat, nikmati tekstur dan rasa. Jika pola makan berlebih terkait stres yang dalam, bicarakan dengan profesional karena solusi jangka panjang mungkin diperlukan.;GPT;D13_GPT_BrainPower90-100_10.json;makan stres terus terus makan makan akar emosi praktik sederhana makan beri nilai lapar bukan lapar nyata pilih porsi kecil laku giat tenang jalan singkat makan lambat nikmat tekstur pola makan kait stres bicara profesional solusi jangka panjang perlu;5;0.2297345842388773;makan - sehat - stres - makan sehat - badan - berat badan - sehat mental - tubuh - pola makan - mental;5_makan_sehat_stres_makan sehat;makan stres terus terus makan makan akar emosi praktik sederhana makan beri nilai lapar bukan lapar nyata pilih porsi kecil laku giat tenang jalan singkat makan lambat nikmat tekstur pola makan kait stres bicara profesional solusi jangka panjang perlu
Apakah konsumsi garam (sodium) berpengaruh pada suasana hati atau kondisi neurologis?;Sodium memang berperan kuat dalam fungsi tubuh dan otak. Konsumsi berlebih dapat memengaruhi tekanan darah dan kondisi neurologis tertentu. Mengurangi makanan olahan dan membaca label bisa membantu menurunkan asupan sodium. Jangan merasa bersalah berlebihan — fokuslah pada langkah konkret seperti mengganti makanan kemasan dengan bahan segar dan menambah makanan kaya kalium (pisang, bayam, ubi) sebagai penyeimbang.;GPT;D13_GPT_BrainPower90-100_10.json;konsumsi garam sodium pengaruh suasana hati kondisi neurologis sodium peran kuat fungsi tubuh otak konsumsi pengaruh tekan darah kondisi neurologis kurang makan olah baca label turun asupan sodium jangan salah konkret makan kemas bahan segar tambah makan kaya kalium pisang bayam imbang;5;0.748426297705327;makan - sehat - stres - makan sehat - badan - berat badan - sehat mental - tubuh - pola makan - mental;5_makan_sehat_stres_makan sehat;konsumsi garam sodium pengaruh suasana hati kondisi neurologis sodium peran kuat fungsi tubuh otak konsumsi pengaruh tekan darah kondisi neurologis kurang makan olah baca label turun asupan sodium jangan salah konkret makan kemas bahan segar tambah makan kaya kalium pisang bayam imbang
Saya suka cokelat dan khawatir apakah itu baik atau buruk untuk otak saya?;Cokelat hitam mengandung antioksidan yang bisa memberi manfaat jantung dan otak jika dikonsumsi secara moderat. Pilihan bijak adalah menikmati dalam porsi kecil sebagai bagian dari pola makan seimbang. Jangan gunakan cokelat sebagai pelarian emosional setiap saat — jika Anda sering 'menghibur' diri lewat makanan, ada baiknya mengeksplorasi strategi coping lain juga.;GPT;D13_GPT_BrainPower90-100_10.json;cokelat khawatir otak cokelat hitam kandung antioksidan beri manfaat jantung otak konsumsi moderat pilih bijak nikmat porsi kecil pola makan imbang jangan cokelat lari emosional hibur diri lewat makan eksplorasi strategi coping;5;0.3015994361123717;makan - sehat - stres - makan sehat - badan - berat badan - sehat mental - tubuh - pola makan - mental;5_makan_sehat_stres_makan sehat;cokelat khawatir otak cokelat hitam kandung antioksidan beri manfaat jantung otak konsumsi moderat pilih bijak nikmat porsi kecil pola makan imbang jangan cokelat lari emosional hibur diri lewat makan eksplorasi strategi coping
Aku rutin minum multivitamin agar tidak gampang stres. Apakah perlu?;Jika pola makanmu sudah beragam (buah, sayur, protein), multivitamin belum tentu memberi ekstra manfaat. Fokus pada tidur cukup, olahraga, dan teknik relaksasi—strategi ini lebih terbukti menurunkan stres.;GPT;D1_GPT_HealthPsycology184-208_50.json;rutin multivitamin gampang stres perlu pola makan agam protein multivitamin beri ekstra manfaat tidur cukup olahraga teknik relaksasi strategi bukti turun stres;5;0.084729583672411;makan - sehat - stres - makan sehat - badan - berat badan - sehat mental - tubuh - pola makan - mental;-1_diri_takut_sendiri_kecil;rutin multivitamin gampang stres perlu pola makan agam protein multivitamin beri ekstra manfaat tidur cukup olahraga teknik relaksasi strategi bukti turun stres
Apakah placebo membantu untuk tekanan darah tinggi?;"Tekanan darah adalah parameter objektif; placebo berdampak kecil. Perubahan gaya hidup dan obat antihipertensi tetap utama. Sikap positif membantu kepatuhan, namun tidak menggantikan terapi.";GPT;D1_GPT_HealthPsycology184-208_50.json;placebo tekan darah tinggi tekan darah parameter objektif placebo dampak kecil ubah gaya hidup obat antihipertensi tetap utama sikap positif patuh terapi;5;0.1440186554147073;makan - sehat - stres - makan sehat - badan - berat badan - sehat mental - tubuh - pola makan - mental;5_makan_sehat_stres_makan sehat;placebo tekan darah tinggi tekan darah parameter objektif placebo dampak kecil ubah gaya hidup obat antihipertensi tetap utama sikap positif patuh terapi
Cara menganggarkan biaya pijat rutin agar tidak mengganggu keuangan?;Masukkan pos 'wellness' 5‑10% dari penghasilan bulanan. Bandingkan paket bundling atau promo membership spa. Prioritaskan ketika stress tinggi, tunda saat budget ketat.;GPT;D1_GPT_HealthPsycology184-208_50.json;anggar biaya pijat rutin ganggu uang masuk wellness hasil bulan banding paket bundling promo membership prioritas stress tinggi tunda budget ketat;5;0.132257055337323;makan - sehat - stres - makan sehat - badan - berat badan - sehat mental - tubuh - pola makan - mental;5_makan_sehat_stres_makan sehat;anggar biaya pijat rutin ganggu uang masuk wellness hasil bulan banding paket bundling promo membership prioritas stress tinggi tunda budget ketat
Apakah diet bisa memengaruhi nyeri artritis?;Ya. Kurangi gula rafinasi, tingkatkan ikan berlemak, kunyit, dan sayuran hijau. Banyak pasien melaporkan kekakuan sendi menurun dalam 4–6 minggu.;GPT;D1_GPT_HealthPsycology209-229_50.json;diet pengaruh nyeri artritis kurang gula rafinasi tingkat ikan lemak kunyit hijau pasien lapor kaku sendi turun minggu;5;0.1096070204494641;makan - sehat - stres - makan sehat - badan - berat badan - sehat mental - tubuh - pola makan - mental;5_makan_sehat_stres_makan sehat;diet pengaruh nyeri artritis kurang gula rafinasi tingkat ikan lemak kunyit hijau pasien lapor kaku sendi turun minggu
Saya sering berjanji akan berubah asal sembuh. Apakah itu membantu?;Janji positif bisa memotivasimu mengubah gaya hidup. Namun kesembuhan juga butuh dukungan medis. Jadikan tekadmu sebagai langkah konkret: makan bergizi, istirahat cukup, dan ikuti saran dokter.;GPT;D1_GPT_HealthPsycology250-268_50.json;janji ubah asal sembuh janji positif motivasi ubah gaya hidup sembuh butuh dukung medis tekad konkret makan gizi istirahat cukup saran dokter;5;0.2328248295981979;makan - sehat - stres - makan sehat - badan - berat badan - sehat mental - tubuh - pola makan - mental;5_makan_sehat_stres_makan sehat;janji ubah asal sembuh janji positif motivasi ubah gaya hidup sembuh butuh dukung medis tekad konkret makan gizi istirahat cukup saran dokter
Apa tips makan sehat meski nafsu makan menurun?;Pilih porsi kecil tapi sering, kombinasi karbo kompleks, protein lembut (telur, tahu), dan sayur warna‑warni. Smoothie dingin bisa jadi alternatif mudah ditelan.;GPT;D1_GPT_HealthPsycology250-268_50.json;tips makan sehat nafsu makan turun pilih porsi kecil kombinasi karbo kompleks protein lembut telur tahu warni smoothie dingin alternatif mudah;5;1.0;makan - sehat - stres - makan sehat - badan - berat badan - sehat mental - tubuh - pola makan - mental;5_makan_sehat_stres_makan sehat;tips makan sehat nafsu makan turun pilih porsi kecil kombinasi karbo kompleks protein lembut telur tahu warni smoothie dingin alternatif mudah
Saya merasa bingung tentang apa itu kesehatan psikologis. Bisa jelaskan apa yang dimaksud dengan kesehatan psikologis dan bagaimana itu membantu saya merasa lebih baik?;Tentu, saya paham kalau istilah ini bisa terasa sedikit membingungkan. Kesehatan psikologis adalah bagian dari kesehatan secara keseluruhan yang melibatkan keseimbangan antara pikiran, tubuh, dan hubungan sosialmu. Bayangkan seperti taman kecil dalam dirimu: kalau kamu merawatnya dengan baik—dengan tidur cukup, makan sehat, dan mengelola stres—taman itu akan mekar indah. Kesehatan psikologis membantu kamu merasa lebih tenang, fokus, dan bahagia dengan mendukung kebiasaan positif, seperti berbicara dengan teman saat sedih atau mencoba teknik relaksasi. Apa yang biasanya membuatmu merasa lebih baik saat hari terasa berat?;GROK;D1_GROK_HealthPsycology1-55_67.json;sehat psikologis jelas sehat psikologis paham istilah sehat psikologis sehat seluruh libat imbang tubuh sosial bayang taman kecil diri rawat tidur cukup makan sehat kelola stres taman mekar indah sehat psikologis tenang bahagia dukung positif bicara teman sedih teknik relaksasi berat;5;0.0748466392816926;makan - sehat - stres - makan sehat - badan - berat badan - sehat mental - tubuh - pola makan - mental;-1_diri_takut_sendiri_kecil;sehat psikologis jelas sehat psikologis paham istilah sehat psikologis sehat seluruh libat imbang tubuh sosial bayang taman kecil diri rawat tidur cukup makan sehat kelola stres taman mekar indah sehat psikologis tenang bahagia dukung positif bicara teman sedih teknik relaksasi berat
Saya sering merasa kesehatan saya dipengaruhi oleh banyak hal, tapi saya tidak yakin bagaimana. Apa itu model biopsikososial, dan bagaimana ini bisa membantu saya memahami diri saya?;Keren banget kamu peka sama tubuh dan pikiranmu! Model biopsikososial itu seperti peta yang menunjukkan bahwa kesehatanmu adalah perpaduan dari tiga elemen: biologis (seperti genetik atau hormon), psikologis (seperti stres atau pola pikir), dan sosial (seperti dukungan dari keluarga atau teman). Misalnya, kalau kamu sedang stres karena ujian, itu bisa bikin badanmu lelah atau susah tidur, tapi kalau ada teman yang mendengarkan keluh kesahmu, kamu mungkin merasa lebih ringan. Dengan memahami ini, kamu bisa mencari cara untuk menyeimbangkan ketiganya, misalnya dengan meditasi atau ngobrol sama orang tersayang. Apa yang biasanya bikin kamu merasa tertekan, dan apa yang membantu?;GROK;D1_GROK_HealthPsycology1-55_67.json;sehat pengaruh yakin model biopsikososial paham diri keren peka tubuh model biopsikososial peta tunjuk sehat padu elemen biologis genetik hormon psikologis stres pola sosial dukung keluarga teman sedang stres badan lelah susah tidur teman dengar keluh kesah ringan paham imbang meditasi sayang tekan;5;0.0776931102258867;makan - sehat - stres - makan sehat - badan - berat badan - sehat mental - tubuh - pola makan - mental;-1_diri_takut_sendiri_kecil;sehat pengaruh yakin model biopsikososial paham diri keren peka tubuh model biopsikososial peta tunjuk sehat padu elemen biologis genetik hormon psikologis stres pola sosial dukung keluarga teman sedang stres badan lelah susah tidur teman dengar keluh kesah ringan paham imbang meditasi sayang tekan
Saya tahu makan sehat itu penting, tapi susah konsisten. Bagaimana pola makan bisa bantu kesehatan mental saya?;Keren banget kamu peduli sama pola makan—itu fondasi buat badan dan pikiran! Makanan sehat, seperti sayur, buah, dan protein, memberi otakmu bahan bakar untuk tetap fokus dan tenang. Misalnya, omega-3 dari ikan bisa bikin mood lebih stabil. Untuk konsisten, mulai kecil: tambah satu porsi sayur sehari atau ganti camilan dengan kacang. Buat seru dengan coba resep baru bareng temen. Apa makanan favoritmu, dan apa satu perubahan kecil yang bisa kamu coba minggu ini?;GROK;D1_GROK_HealthPsycology1-55_67.json;tahu makan sehat penting susah konsisten pola makan sehat mental keren peduli pola makan fondasi badan makan sehat protein beri otak bahan bakar tetap tenang omega ikan mood stabil konsisten kecil tambah porsi kacang seru resep bareng temen makan favorit ubah kecil minggu;5;1.0;makan - sehat - stres - makan sehat - badan - berat badan - sehat mental - tubuh - pola makan - mental;5_makan_sehat_stres_makan sehat;tahu makan sehat penting susah konsisten pola makan sehat mental keren peduli pola makan fondasi badan makan sehat protein beri otak bahan bakar tetap tenang omega ikan mood stabil konsisten kecil tambah porsi kacang seru resep bareng temen makan favorit ubah kecil minggu
Saya merasa nggak nyaman sama tubuh saya dan kadang nggak mau makan. Apa itu gangguan makan, dan bagaimana saya bisa mulai atasi ini?;Aduh, saya tahu rasanya nggak nyaman sama diri sendiri, dan kamu nggak sendiri. Gangguan makan, seperti anoreksia, adalah kondisi di mana seseorang sangat khawatir soal berat badan atau bentuk tubuh, sampai membatasi makan atau punya pola makan nggak sehat. Ini bisa bikin tubuh dan pikiranmu lelah. Langkah pertama adalah ceritain ini ke seseorang yang kamu percaya, seperti temen atau keluarga, atau bahkan konselor. Coba juga makan kecil tapi teratur, dan ingat, kamu berharga apa adanya. Apa yang bikin kamu nggak nyaman, dan siapa yang bisa kamu ajak bicara?;GROK;D1_GROK_HealthPsycology1-55_67.json;nyaman tubuh makan ganggu makan aduh tahu nyaman diri sendiri sendiri ganggu makan anoreksia kondisi khawatir berat badan bentuk tubuh batas makan pola makan sehat tubuh lelah pertama percaya temen keluarga bahkan konselor makan kecil atur ingat harga nyaman siapa bicara;5;1.0;makan - sehat - stres - makan sehat - badan - berat badan - sehat mental - tubuh - pola makan - mental;5_makan_sehat_stres_makan sehat;nyaman tubuh makan ganggu makan aduh tahu nyaman diri sendiri sendiri ganggu makan anoreksia kondisi khawatir berat badan bentuk tubuh batas makan pola makan sehat tubuh lelah pertama percaya temen keluarga bahkan konselor makan kecil atur ingat harga nyaman siapa bicara
Saya punya diabetes tipe II, dan stres bikin gula darah saya nggak stabil. Bagaimana stres memengaruhi diabetes, dan apa yang bisa saya lakukan?;Hidup dengan diabetes memang tantangan, tapi kamu kuat banget! Stres bisa bikin gula darahmu naik karena hormon stres mengganggu cara tubuhmu pakai insulin. Untuk bantu stabilkan, coba teknik relaksasi, seperti meditasi atau jalan santai, dan pastikan makan teratur dengan porsi seimbang. Ngobrol sama dokter atau konselor juga bisa bantu atasi stres. Apa yang lagi bikin kamu stres, dan apa satu kebiasaan sehat yang bisa kamu coba minggu ini?;GROK;D1_GROK_HealthPsycology1-55_67.json;diabetes tipe stres gula darah stabil stres pengaruh diabetes laku hidup diabetes tantang kuat stres gula darah naik hormon stres ganggu tubuh insulin stabil teknik relaksasi meditasi jalan santai makan atur porsi imbang dokter konselor stres stres sehat minggu;5;0.1190065724451425;makan - sehat - stres - makan sehat - badan - berat badan - sehat mental - tubuh - pola makan - mental;5_makan_sehat_stres_makan sehat;diabetes tipe stres gula darah stabil stres pengaruh diabetes laku hidup diabetes tantang kuat stres gula darah naik hormon stres ganggu tubuh insulin stabil teknik relaksasi meditasi jalan santai makan atur porsi imbang dokter konselor stres stres sehat minggu
Saya ingin hidup lebih sehat, tapi nggak tahu mulai dari mana. Apa itu promosi kesehatan, dan bagaimana saya bisa mulai?;Semangatmu untuk hidup sehat itu inspiratif banget! Promosi kesehatan adalah cara bantu orang hidup lebih baik dengan kebiasaan sehat, seperti makan bergizi, olahraga, dan kelola stres. Ini seperti menanam benih untuk tubuh dan pikiran yang kuat. Mulai kecil: coba tambah satu porsi sayur sehari, jalan 10 menit, atau tidur lebih awal. Buat seru dengan ajak temen atau catat progresmu. Apa satu kebiasaan sehat yang pengen kamu coba, dan kapan kamu mulai?;GROK;D1_GROK_HealthPsycology1-55_67.json;hidup sehat tahu promosi sehat semangat hidup sehat inspiratif promosi sehat hidup sehat makan gizi olahraga kelola stres tanam benih tubuh kuat kecil tambah porsi jalan tidur awal seru temen catat progres sehat kapan;5;0.1504986643868909;makan - sehat - stres - makan sehat - badan - berat badan - sehat mental - tubuh - pola makan - mental;5_makan_sehat_stres_makan sehat;hidup sehat tahu promosi sehat semangat hidup sehat inspiratif promosi sehat hidup sehat makan gizi olahraga kelola stres tanam benih tubuh kuat kecil tambah porsi jalan tidur awal seru temen catat progres sehat kapan
Saya khawatir tentang kesehatan mental orang tua saya yang sudah lansia. Bagaimana saya bisa bantu mereka tetap sehat secara mental?;Kamu anak yang super peduli—itu pasti bikin orang tuamu bangga! Kesehatan mental lansia penting supaya mereka tetap bahagia dan aktif. Bantu mereka dengan ajak ngobrol rutin, dengerin cerita mereka, atau ajak jalan-jalan ringan. Aktivitas seperti main kartu atau tanam bunga juga bikin pikiran mereka segar. Kalau mereka suka, coba ajak ikut komunitas lansia. Apa yang biasanya bikin orang tuamu senang, dan apa yang bisa kamu lakukan bareng mereka minggu ini?;GROK;D1_GROK_HealthPsycology1-55_67.json;khawatir sehat mental lansia tetap sehat mental anak super peduli bangga sehat mental lansia penting tetap bahagia rutin dengerin jalan jalan ringan aktivitas main kartu tanam bunga segar lansia senang laku bareng minggu;5;0.0912914304302214;makan - sehat - stres - makan sehat - badan - berat badan - sehat mental - tubuh - pola makan - mental;5_makan_sehat_stres_makan sehat;khawatir sehat mental lansia tetap sehat mental anak super peduli bangga sehat mental lansia penting tetap bahagia rutin dengerin jalan jalan ringan aktivitas main kartu tanam bunga segar lansia senang laku bareng minggu
Saya khawatir tentang kesehatan mental saya saat tua nanti. Bagaimana saya bisa persiapkan diri untuk tetap sehat secara mental?;Keren banget kamu mikirin masa depanmu! Penuaan memang bawa tantangan, tapi kamu bisa siapin diri dari sekarang. Jaga pikiran tetap aktif dengan baca buku, main teka-teki, atau belajar hal baru. Tetap terhubung sama temen dan keluarga, karena dukungan sosial bikin kamu kuat. Olahraga ringan, seperti jalan atau yoga, juga bantu pikiran dan tubuh sehat. Mulai kecil, seperti ajak temen ngobrol mingguan. Apa yang bikin kamu excited buat masa depan, dan apa yang bisa kamu lakukan sekarang?;GROK;D1_GROK_HealthPsycology1-55_67.json;khawatir sehat mental siap diri tetap sehat mental keren mikirin masa depan bawa tantang siapin diri jaga tetap baca buku main teka teki tetap temen keluarga dukung sosial kuat olahraga ringan jalan yoga tubuh sehat kecil temen minggu excited masa depan laku;5;0.0933825593655892;makan - sehat - stres - makan sehat - badan - berat badan - sehat mental - tubuh - pola makan - mental;5_makan_sehat_stres_makan sehat;khawatir sehat mental siap diri tetap sehat mental keren mikirin masa depan bawa tantang siapin diri jaga tetap baca buku main teka teki tetap temen keluarga dukung sosial kuat olahraga ringan jalan yoga tubuh sehat kecil temen minggu excited masa depan laku
Saya sering merasa asam lambung naik saat stres. Bagaimana stres memengaruhi pencernaan, dan apa yang bisa saya lakukan?;Asam lambung naik pasti nggak nyaman, dan kamu hebat karena pengen atasi ini! Stres bisa bikin sistem pencernaanmu kacau, misalnya ningkatin asam lambung atau bikin otot esofagus tegang, yang bikin GERD tambah parah. Untuk bantu, coba makan kecil tapi sering, hindari makanan pedas, dan lakukan relaksasi, seperti napas dalam atau meditasi. Tidur dengan kepala agak tinggi juga membantu. Apa yang biasanya bikin asam lambungmu naik, dan apa yang pengen kamu coba?;GROK;D1_GROK_HealthPsycology1-55_67.json;asam lambung naik stres stres pengaruh cerna laku asam lambung naik nyaman stres cerna kacau ningkatin asam lambung esofagus tegang gerd tambah parah makan kecil hindar makan pedas laku relaksasi meditasi tidur kepala tinggi asam lambung naik;5;0.2143274605690417;makan - sehat - stres - makan sehat - badan - berat badan - sehat mental - tubuh - pola makan - mental;5_makan_sehat_stres_makan sehat;asam lambung naik stres stres pengaruh cerna laku asam lambung naik nyaman stres cerna kacau ningkatin asam lambung esofagus tegang gerd tambah parah makan kecil hindar makan pedas laku relaksasi meditasi tidur kepala tinggi asam lambung naik
Saya sering merasa sedih tanpa alasan, dan dengar itu bisa dari peradangan. Bagaimana ini terjadi, dan apa yang bisa saya lakukan?;Kamu peka banget sama perasaanmu—it’s a strength! Peradangan kronis, seperti dari stres atau pola makan nggak sehat, bisa ganggu otak dan bikin kamu merasa sedih atau depresi. Ini karena inflamasi ngobrol sama sistem sarafmu. Untuk bantu, coba makan makanan anti-inflamasi, seperti ikan atau sayur hijau, dan lakukan olahraga ringan. Relaksasi, seperti meditasi, juga kurangi inflamasi. Apa yang lagi bikin kamu sedih, dan apa satu kebiasaan sehat yang pengen kamu coba?;GROK;D1_GROK_HealthPsycology1-55_67.json;sedih alas dengar adang laku peka strength adang kronis stres pola makan sehat ganggu otak sedih depresi inflamasi saraf makan makan anti inflamasi ikan hijau laku olahraga ringan relaksasi meditasi kurang inflamasi sedih sehat;5;0.1271091582278834;makan - sehat - stres - makan sehat - badan - berat badan - sehat mental - tubuh - pola makan - mental;5_makan_sehat_stres_makan sehat;sedih alas dengar adang laku peka strength adang kronis stres pola makan sehat ganggu otak sedih depresi inflamasi saraf makan makan anti inflamasi ikan hijau laku olahraga ringan relaksasi meditasi kurang inflamasi sedih sehat
Saya nggak suka lihat tubuh saya karena diabetes, bikin minder. Bagaimana ini memengaruhi kesehatan mental, dan apa yang bisa saya lakukan?;Saya paham minder itu bikin berat, tapi kamu berharga apa adanya! Citra tubuh yang buruk karena diabetes bisa ningkatin depresi dan cemas karena merasa nggak nyaman sama diri sendiri. Untuk kesehatan mental, coba fokus pada apa yang kamu suka dari dirimu, seperti kebaikanmu. Lakukan olahraga ringan, seperti jalan 15 menit, untuk naikin percaya diri. Tulis tiga hal positif tentang tubuhmu. Bilang, ‘Aku bisa sayang diri!’ Cari cerita pasien diabetes online. Apa yang bikin minder, dan koping apa yang pengen kamu coba?;GROK;D1_GROK_HealthPsycology230-249_50.json;tubuh diabetes minder pengaruh sehat mental laku paham minder berat harga citra tubuh diabetes ningkatin depresi cemas nyaman diri sendiri sehat mental diri laku olahraga ringan jalan naikin percaya diri positif tubuh sayang diri pasien diabetes minder koping;5;0.1310567954305096;makan - sehat - stres - makan sehat - badan - berat badan - sehat mental - tubuh - pola makan - mental;5_makan_sehat_stres_makan sehat;tubuh diabetes minder pengaruh sehat mental laku paham minder berat harga citra tubuh diabetes ningkatin depresi cemas nyaman diri sendiri sehat mental diri laku olahraga ringan jalan naikin percaya diri positif tubuh sayang diri pasien diabetes minder koping
Saya ingin lebih baik hadapi diabetes, tapi bingung mulai dari mana, bikin cemas. Bagaimana koping aktif membantu, dan apa yang bisa saya lakukan?;Keinginanmu atasi diabetes itu inspiratif, dan kamu nggak sendiri! Koping aktif, seperti cari info diabetes, bantu kurangi cemas karena kamu merasa kendali, yang ningkatin kesehatan mental. Coba baca artikel diabetes dari sumber terpercaya seminggu sekali. Tulis tiga tujuan sehat, seperti ‘Aku akan makan sayur tiap hari.’ Ngobrol sama dokter untuk panduan. Bilang, ‘Aku bisa kelola diabetes!’ Cari forum diabetes online. Apa yang bikin bingung, dan langkah aktif apa yang pengen kamu coba?;GROK;D1_GROK_HealthPsycology230-249_50.json;hadap diabetes cemas koping laku diabetes inspiratif sendiri koping info diabetes kurang cemas kendali ningkatin sehat mental baca artikel diabetes sumber percaya minggu sekali tuju sehat makan dokter pandu kelola diabetes forum diabetes;5;0.1312694559327528;makan - sehat - stres - makan sehat - badan - berat badan - sehat mental - tubuh - pola makan - mental;5_makan_sehat_stres_makan sehat;hadap diabetes cemas koping laku diabetes inspiratif sendiri koping info diabetes kurang cemas kendali ningkatin sehat mental baca artikel diabetes sumber percaya minggu sekali tuju sehat makan dokter pandu kelola diabetes forum diabetes
Saya stres karena biaya pengobatan diabetes, bikin depresi. Bagaimana ini memengaruhi kesehatan mental, dan apa yang bisa saya lakukan?;Saya paham biaya pengobatan itu berat, dan kamu hebat karena terus berjuang! Dampak finansial diabetes bikin stres karena tekanan uang, yang ningkatin depresi dan ganggu kesehatan mental. Coba cari program bantuan medis di daerahmu atau tanya dokter soal opsi murah. Tulis anggaran sederhana untuk kurangi cemas. Lakukan jalan santai 10 menit tiap hari. Bilang, ‘Aku bisa atur keuanganku!’ Cari info bantuan finansial diabetes online. Apa yang bikin stres, dan langkah apa yang bisa kamu coba?;GROK;D1_GROK_HealthPsycology230-249_50.json;stres biaya obat diabetes depresi pengaruh sehat mental laku paham biaya obat berat terus juang dampak finansial diabetes stres tekan uang ningkatin depresi ganggu sehat mental program medis daerah dokter opsi murah anggar sederhana kurang cemas laku jalan santai atur uang info finansial diabetes stres;5;0.1515100390777738;makan - sehat - stres - makan sehat - badan - berat badan - sehat mental - tubuh - pola makan - mental;5_makan_sehat_stres_makan sehat;stres biaya obat diabetes depresi pengaruh sehat mental laku paham biaya obat berat terus juang dampak finansial diabetes stres tekan uang ningkatin depresi ganggu sehat mental program medis daerah dokter opsi murah anggar sederhana kurang cemas laku jalan santai atur uang info finansial diabetes stres
Saya punya diabetes dan ingin lihat sisi positif, tapi susah, bikin down. Bagaimana ini membantu, dan apa yang bisa saya lakukan?;Keinginanmu lihat sisi positif itu inspiratif, dan kamu hebat! Diabetes bisa bikin kamu lebih empati dan temukan makna baru, seperti hargai hidup, yang naikin kesehatan mental. Coba tulis tiga hal positif dari diabetes, seperti ‘Aku lebih peduli kesehatan.’ Lakukan jalan santai 10 menit untuk naikin mood. Ceritain pengalamanmu ke temen untuk inspirasi. Bilang, ‘Aku bisa temukan kebaikan!’ Cari cerita positif diabetes online. Apa yang bikin susah, dan hal positif apa yang pengen kamu coba?;GROK;D1_GROK_HealthPsycology230-249_50.json;diabetes sisi positif susah down laku sisi positif inspiratif diabetes empati makna harga hidup naikin sehat mental positif diabetes peduli sehat laku jalan santai naikin mood alam temen inspirasi positif diabetes susah positif;5;0.1197385488408734;makan - sehat - stres - makan sehat - badan - berat badan - sehat mental - tubuh - pola makan - mental;5_makan_sehat_stres_makan sehat;diabetes sisi positif susah down laku sisi positif inspiratif diabetes empati makna harga hidup naikin sehat mental positif diabetes peduli sehat laku jalan santai naikin mood alam temen inspirasi positif diabetes susah positif
Saya punya diabetes dan merasa keluarga nggak paham, bikin cemas. Bagaimana dukungan keluarga membantu, dan apa yang bisa saya lakukan?;Saya tahu cemas kalau keluarga nggak paham, tapi kamu hebat karena ingin ubah! Dukungan keluarga bantu kurangi cemas dan bikin kamu patuh pada pengobatan diabetes, yang naikin kesehatan mental. Coba ajak keluarga baca info diabetes bareng. Libatkan mereka masak makanan sehat, seperti salad. Tulis tiga cara keluarga bisa bantu, seperti ‘Ingatkan minum obat.’ Bilang, ‘Kita kuat bareng!’ Cari forum keluarga diabetes online. Apa yang bikin cemas, dan langkah apa yang bisa kamu coba?;GROK;D1_GROK_HealthPsycology230-249_50.json;diabetes keluarga paham cemas dukung keluarga laku tahu cemas keluarga paham ubah dukung keluarga kurang cemas patuh obat diabetes naikin sehat mental keluarga baca info diabetes bareng libat masak makan sehat salad keluarga ingat obat kuat bareng forum keluarga diabetes cemas;5;0.1549102989836354;makan - sehat - stres - makan sehat - badan - berat badan - sehat mental - tubuh - pola makan - mental;5_makan_sehat_stres_makan sehat;diabetes keluarga paham cemas dukung keluarga laku tahu cemas keluarga paham ubah dukung keluarga kurang cemas patuh obat diabetes naikin sehat mental keluarga baca info diabetes bareng libat masak makan sehat salad keluarga ingat obat kuat bareng forum keluarga diabetes cemas
Saya ingin hidup lebih sehat, tapi bingung mulai dari mana. Apa itu kebiasaan kesehatan, dan bagaimana saya bisa memulainya untuk bantu kesehatan mental saya?;Semangatmu untuk hidup lebih sehat itu luar biasa! Kebiasaan kesehatan adalah langkah-langkah kecil yang kamu lakukan setiap hari untuk jaga tubuh dan pikiran, seperti jalan kaki, makan sayur, atau tidur cukup. Ini seperti menanam benih untuk taman batinmu yang lebih tenang dan bahagia. Untuk kesehatan mental, olahraga ringan bisa ningkatin mood, dan makan sehat bikin pikiran lebih jernih. Mulai aja dari sesuatu yang kamu suka, misalnya jalan 10 menit sambil denger musik favorit. Apa kebiasaan sehat yang pengen kamu coba, dan kapan kamu bisa mulai?;GROK;D1_GROK_HealthPsycology56-95_67.json;hidup sehat sehat mula sehat mental semangat hidup sehat luar sehat kecil laku jaga tubuh jalan kaki makan tidur cukup tanam benih taman batin tenang bahagia sehat mental olahraga ringan ningkatin mood makan sehat jernih jalan denger musik favorit sehat kapan;5;0.0788370265534338;makan - sehat - stres - makan sehat - badan - berat badan - sehat mental - tubuh - pola makan - mental;5_makan_sehat_stres_makan sehat;hidup sehat sehat mula sehat mental semangat hidup sehat luar sehat kecil laku jaga tubuh jalan kaki makan tidur cukup tanam benih taman batin tenang bahagia sehat mental olahraga ringan ningkatin mood makan sehat jernih jalan denger musik favorit sehat kapan
Saya merasa hidup saya kacau karena stres, dan ingin lebih sehat. Apa itu promosi kesehatan, dan bagaimana ini bisa bantu saya?;Saya tahu stres bisa bikin hidup terasa berat, tapi kamu hebat karena ingin perubahan! Promosi kesehatan adalah seperti peta untuk hidup lebih baik, membantu kamu pilih kebiasaan sehat—like olahraga atau makan bergizi—dan hindari yang bikin stres tambah parah, seperti begadang. Ini bantu kesehatan mentalmu dengan kurangi cemas dan bikin kamu lebih kuat hadapi hari. Coba mulai dengan tarik napas dalam 5 menit setiap pagi atau tambah buah di makanmu. Apa yang lagi bikin kamu stres, dan apa langkah kecil yang bisa kamu ambil?;GROK;D1_GROK_HealthPsycology56-95_67.json;hidup kacau stres sehat promosi sehat tahu stres hidup berat ubah promosi sehat peta hidup pilih sehat olahraga makan gizi hindar stres tambah parah begadang sehat mental kurang cemas kuat hadap pagi tambah makan stres kecil;5;0.2226762418337262;makan - sehat - stres - makan sehat - badan - berat badan - sehat mental - tubuh - pola makan - mental;5_makan_sehat_stres_makan sehat;hidup kacau stres sehat promosi sehat tahu stres hidup berat ubah promosi sehat peta hidup pilih sehat olahraga makan gizi hindar stres tambah parah begadang sehat mental kurang cemas kuat hadap pagi tambah makan stres kecil
Saya merasa kebiasaan buruk saya dari kecil susah diubah. Bagaimana kebiasaan masa kecil memengaruhi saya sekarang, dan apa yang bisa saya lakukan?;Wajar banget kalau kebiasaan dari kecil terasa kayak ‘menempel’—itu normal! Kebiasaan kesehatan, seperti makan apa atau seberapa aktif kamu, sering mulai dari masa kanak-kanak karena orang tua atau lingkungan membentuk pola itu. Tapi, kabar baiknya, kamu bisa ubah pola itu sekarang! Misalnya, kalau dulu jarang olahraga, coba mulai jalan kaki 15 menit sehari sambil nikmati udara segar. Tulis alasan kamu ingin berubah, seperti ‘pengen lebih happy,’ untuk motivasi. Apa kebiasaan lama yang pengen kamu ubah, dan apa yang bisa kamu coba?;GROK;D1_GROK_HealthPsycology56-95_67.json;kecil susah ubah masa kecil pengaruh laku kecil tempel sehat makan berapa masa kanak kanak bentuk pola kabar ubah pola jarang olahraga jalan kaki nikmat udara segar alas ubah happy motivasi lama ubah;5;0.1572946416686802;makan - sehat - stres - makan sehat - badan - berat badan - sehat mental - tubuh - pola makan - mental;5_makan_sehat_stres_makan sehat;kecil susah ubah masa kecil pengaruh laku kecil tempel sehat makan berapa masa kanak kanak bentuk pola kabar ubah pola jarang olahraga jalan kaki nikmat udara segar alas ubah happy motivasi lama ubah
Saya merasa stres dan sibuk bikin saya susah jaga kesehatan. Bagaimana faktor seperti stres memengaruhi kebiasaan kesehatan, dan apa yang bisa saya lakukan?;Saya tahu rasanya saat stres bikin semuanya terasa sulit—kamu nggak sendiri! Stres, usia, atau kesibukan bisa bikin kebiasaan sehat, seperti olahraga atau makan teratur, terabaikan karena pikiranmu penuh. Stres bikin kamu cenderung pilih makanan cepat saji atau skip tidur, yang bikin kesehatan mental drop. Tapi, kamu bisa ambil kendali! Coba sisihkan 5 menit untuk tarik napas dalam atau jalan santai di sela kerja. Pilih satu kebiasaan sehat yang gampang, seperti minum air lebih banyak. Apa yang bikin kamu stres, dan apa yang pengen kamu coba untuk atasi itu?;GROK;D1_GROK_HealthPsycology56-95_67.json;stres sibuk susah jaga sehat faktor stres pengaruh sehat laku tahu stres sulit sendiri stres usia sibuk sehat olahraga makan atur abai penuh stres cenderung pilih makan cepat saji skip tidur sehat mental drop kendali sisih jalan santai sela kerja pilih sehat gampang stres;5;0.0728330307602585;makan - sehat - stres - makan sehat - badan - berat badan - sehat mental - tubuh - pola makan - mental;-1_diri_takut_sendiri_kecil;stres sibuk susah jaga sehat faktor stres pengaruh sehat laku tahu stres sulit sendiri stres usia sibuk sehat olahraga makan atur abai penuh stres cenderung pilih makan cepat saji skip tidur sehat mental drop kendali sisih jalan santai sela kerja pilih sehat gampang stres
Saya merasa temen saya bikin saya susah hidup sehat. Bagaimana pengaruh sosial memengaruhi kesehatan mental saya, dan apa yang bisa saya lakukan?;Saya tahu lingkungan sosial bisa bikin susah atau gampang jaga kesehatan—kamu nggak sendirian! Teman atau keluarga bisa dorong kebiasaan baik, seperti olahraga bareng, atau buruk, seperti ngajak makan nggak sehat, yang bisa bikin stres atau cemas. Untuk kesehatan mentalmu, cari temen yang suportif—mungkin ajak mereka jalan santai atau masak sehat bareng. Kalau temenmu susah diajak, coba batasi waktu sama mereka dan fokus pada dirimu. Siapa yang biasanya bikin kamu merasa didukung, dan apa yang bisa kamu lakukan bareng mereka?;GROK;D1_GROK_HealthPsycology56-95_67.json;temen susah hidup sehat pengaruh sosial pengaruh sehat mental laku tahu sosial susah gampang jaga sehat sendiri teman keluarga dorong olahraga bareng ngajak makan sehat stres cemas sehat mental temen suportif jalan santai masak sehat bareng temenmu susah batas diri siapa dukung laku bareng;5;0.16064160592535;makan - sehat - stres - makan sehat - badan - berat badan - sehat mental - tubuh - pola makan - mental;5_makan_sehat_stres_makan sehat;temen susah hidup sehat pengaruh sosial pengaruh sehat mental laku tahu sosial susah gampang jaga sehat sendiri teman keluarga dorong olahraga bareng ngajak makan sehat stres cemas sehat mental temen suportif jalan santai masak sehat bareng temenmu susah batas diri siapa dukung laku bareng
Saya susah ke dokter karena biaya, dan itu bikin saya stres. Bagaimana akses kesehatan memengaruhi saya, dan apa yang bisa saya lakukan?;Saya tahu biaya kesehatan bisa bikin stres, dan kamu nggak sendiri merasakan ini. Akses ke dokter atau saran gaya hidup, seperti olahraga atau diet, penting karena bantu kamu jaga tubuh dan pikiran. Kalau nggak bisa sering ke dokter, kamu tetap bisa lakukan langkah sehat sendiri, seperti jalan kaki gratis di taman atau makan lebih banyak sayur. Cari juga klinik gratis atau komunitas kesehatan di daerahmu. Untuk kurangi stres, coba meditasi 5 menit sehari. Apa yang bikin kamu susah ke dokter, dan apa langkah sehat yang bisa kamu coba?;GROK;D1_GROK_HealthPsycology56-95_67.json;susah dokter biaya stres akses sehat pengaruh laku tahu biaya sehat stres sendiri akses dokter saran gaya hidup olahraga diet penting jaga tubuh dokter tetap laku sehat sendiri jalan kaki gratis taman makan klinik gratis sehat daerah kurang stres meditasi susah dokter sehat;5;0.1456603081928627;makan - sehat - stres - makan sehat - badan - berat badan - sehat mental - tubuh - pola makan - mental;5_makan_sehat_stres_makan sehat;susah dokter biaya stres akses sehat pengaruh laku tahu biaya sehat stres sendiri akses dokter saran gaya hidup olahraga diet penting jaga tubuh dokter tetap laku sehat sendiri jalan kaki gratis taman makan klinik gratis sehat daerah kurang stres meditasi susah dokter sehat
Saya merasa kebiasaan buruk saya karena orang tua dulu nggak ngajarin. Bagaimana ini memengaruhi saya sekarang, dan apa yang bisa saya lakukan?;Saya paham kalau kebiasaan dari kecil bisa terasa membekas, tapi kamu hebat karena ingin ubah itu! Orang tua memang berperan besar membentuk kebiasaan kesehatan, seperti makan sehat atau olahraga, lewat contoh dan ajaran mereka. Kalau dulu nggak diajarin, mungkin sekarang susah mulai. Tapi, sekarang kamu punya kuasa! Coba pilih satu kebiasaan sehat, seperti makan satu porsi sayur sehari, dan lakukan pelan-pelan. Cari inspirasi dari temen atau video online. Apa kebiasaan yang pengen kamu perbaiki, dan apa langkah pertamamu?;GROK;D1_GROK_HealthPsycology56-95_67.json;ngajarin pengaruh laku paham kecil bekas ubah peran bentuk sehat makan sehat olahraga lewat contoh diajarin susah kuasa pilih sehat makan porsi laku pelan pelan inspirasi temen pertama;5;0.1544517458258803;makan - sehat - stres - makan sehat - badan - berat badan - sehat mental - tubuh - pola makan - mental;5_makan_sehat_stres_makan sehat;ngajarin pengaruh laku paham kecil bekas ubah peran bentuk sehat makan sehat olahraga lewat contoh diajarin susah kuasa pilih sehat makan porsi laku pelan pelan inspirasi temen pertama
Saya ingin ajari anak saya kebiasaan sehat, tapi khawatir dia nggak dengar. Bagaimana saya bisa bantu kesehatan mental mereka lewat ini?;Kamu orang tua yang super peduli—itu luar biasa! Anak-anak bisa belajar kebiasaan sehat, seperti pilih camilan buah atau jalan hati-hati, kalau diajarkan dengan cara seru dan jelas. Ini bantu kesehatan mental mereka karena kebiasaan sehat bikin mereka merasa percaya diri dan tenang. Coba buat aktivitas bareng, seperti masak salad sambil cerita atau main ‘petak umpet’ yang aktif. Jadilah contoh, misalnya makan sayur di depan mereka. Apa kebiasaan yang pengen kamu ajarin, dan apa cara seru yang bisa kamu coba?;GROK;D1_GROK_HealthPsycology56-95_67.json;anak sehat khawatir dengar sehat mental lewat super peduli luar anak anak sehat pilih jalan hati hati seru jelas sehat mental sehat percaya diri tenang aktivitas bareng masak salad main petak umpet contoh makan depan ajarin seru;5;0.160665147230606;makan - sehat - stres - makan sehat - badan - berat badan - sehat mental - tubuh - pola makan - mental;5_makan_sehat_stres_makan sehat;anak sehat khawatir dengar sehat mental lewat super peduli luar anak anak sehat pilih jalan hati hati seru jelas sehat mental sehat percaya diri tenang aktivitas bareng masak salad main petak umpet contoh makan depan ajarin seru
Saya khawatir kebiasaan buruk remaja saya bikin masalah nanti. Bagaimana ini memengaruhi masa depan mereka, dan apa yang bisa saya lakukan?;Kamu peduli banget sama masa depan anakmu—itu luar biasa! Kebiasaan remaja, seperti makan nggak sehat atau jarang olahraga, bisa ningkatin risiko penyakit jantung atau diabetes di masa dewasa, yang juga bikin stres mental. Tapi, kamu bisa bantu mereka sekarang! Coba ajak masak makanan sehat bareng atau olahraga keluarga, seperti main badminton. Jadilah contoh dengan kebiasaan sehatmu sendiri. Ngobrol santai tentang pentingnya jaga diri. Apa kebiasaan anakmu yang khawatirkan, dan apa yang bisa kalian lakukan bareng?;GROK;D1_GROK_HealthPsycology56-95_67.json;khawatir remaja pengaruh masa depan laku peduli masa depan anak luar remaja makan sehat jarang olahraga ningkatin risiko sakit jantung diabetes masa dewasa stres mental masak makan sehat bareng olahraga keluarga main badminton contoh sehat sendiri santai penting jaga diri anak khawatir laku bareng;5;0.1586000374429638;makan - sehat - stres - makan sehat - badan - berat badan - sehat mental - tubuh - pola makan - mental;5_makan_sehat_stres_makan sehat;khawatir remaja pengaruh masa depan laku peduli masa depan anak luar remaja makan sehat jarang olahraga ningkatin risiko sakit jantung diabetes masa dewasa stres mental masak makan sehat bareng olahraga keluarga main badminton contoh sehat sendiri santai penting jaga diri anak khawatir laku bareng
Keluarga saya punya riwayat diabetes, dan itu bikin saya cemas. Bagaimana fokus pada risiko bisa bantu, dan apa yang bisa saya lakukan?;Saya tahu cemas soal riwayat keluarga itu berat, tapi kamu hebat karena peduli! Fokus pada orang berisiko berarti kasih perhatian ekstra pada mereka yang punya riwayat penyakit, seperti diabetes, untuk cegah sebelum terjadi. Ini bantu kesehatan mentalmu karena kamu merasa proaktif. Coba mulai dengan cek gula darah rutin, makan rendah gula, dan jalan 20 menit sehari. Ngobrol sama dokter untuk saran spesifik. Apa yang bikin kamu cemas, dan apa langkah sehat yang pengen kamu coba?;GROK;D1_GROK_HealthPsycology56-95_67.json;keluarga riwayat diabetes cemas risiko laku tahu cemas riwayat keluarga berat peduli risiko arti perhati ekstra riwayat sakit diabetes cegah sehat mental proaktif gula darah rutin makan rendah gula jalan dokter saran spesifik cemas sehat;5;0.1521402526168405;makan - sehat - stres - makan sehat - badan - berat badan - sehat mental - tubuh - pola makan - mental;5_makan_sehat_stres_makan sehat;keluarga riwayat diabetes cemas risiko laku tahu cemas riwayat keluarga berat peduli risiko arti perhati ekstra riwayat sakit diabetes cegah sehat mental proaktif gula darah rutin makan rendah gula jalan dokter saran spesifik cemas sehat
Saya merasa saran kesehatan umum nggak cocok sama budaya saya. Bagaimana intervensi sesuai budaya bisa bantu kesehatan mental saya?;Saya tahu rasanya kalau saran kesehatan terasa nggak nyambung—kamu nggak sendiri! Intervensi sesuai budaya bikin saran kesehatan pas sama nilai dan gaya hidupmu, misalnya masak makanan sehat khas budayamu atau olahraga yang sesuai norma komunitas. Ini bantu kesehatan mental karena kamu merasa dihargai dan termotivasi. Coba cari komunitas lokal atau online yang promosi kesehatan dengan cara budayamu, atau ngobrol sama dokter yang paham latar belakangmu. Apa nilai budaya yang penting buatmu, dan apa langkah sehat yang bisa nyambung?;GROK;D1_GROK_HealthPsycology56-95_67.json;saran sehat umum cocok intervensi sesuai sehat mental tahu saran sehat nyambung sendiri intervensi sesuai saran sehat nilai gaya hidup masak makan sehat khas olahraga sesuai norma sehat mental harga motivasi lokal promosi sehat dokter paham latar belakang nilai penting sehat nyambung;5;0.1411009484145622;makan - sehat - stres - makan sehat - badan - berat badan - sehat mental - tubuh - pola makan - mental;5_makan_sehat_stres_makan sehat;saran sehat umum cocok intervensi sesuai sehat mental tahu saran sehat nyambung sendiri intervensi sesuai saran sehat nilai gaya hidup masak makan sehat khas olahraga sesuai norma sehat mental harga motivasi lokal promosi sehat dokter paham latar belakang nilai penting sehat nyambung
Saya ingin ubah pola makan, tapi selalu gagal, dan itu bikin stres. Bagaimana CBT bisa bantu kesehatan mental saya, dan apa yang bisa saya lakukan?;Kamu hebat karena nggak menyerah meski gagal—itu kekuatan besar! CBT bantu ubah pola makan dengan pantau apa yang kamu makan (self-monitoring) dan atur lingkungan, seperti simpan buah di meja. Ini kurangi stres karena kamu merasa kendali dan sukses. Coba tulis apa yang kamu makan selama 3 hari, lalu ganti satu camilan nggak sehat dengan buah. Bilang, ‘Aku bisa pilih sehat!’ Cari resep sehat online untuk inspirasi. Apa yang bikin kamu gagal, dan apa langkah CBT yang pengen kamu coba?;GROK;D1_GROK_HealthPsycology56-95_67.json;ubah pola makan gagal stres sehat mental laku serah gagal kuat ubah pola makan pantau makan self monitoring atur simpan meja kurang stres kendali sukses makan lama sehat pilih sehat resep sehat inspirasi gagal;5;0.2144160387083123;makan - sehat - stres - makan sehat - badan - berat badan - sehat mental - tubuh - pola makan - mental;5_makan_sehat_stres_makan sehat;ubah pola makan gagal stres sehat mental laku serah gagal kuat ubah pola makan pantau makan self monitoring atur simpan meja kurang stres kendali sukses makan lama sehat pilih sehat resep sehat inspirasi gagal
Saya nggak tahu kenapa saya makan berlebihan, dan itu bikin cemas. Bagaimana pemantauan diri bisa bantu, dan apa yang bisa saya lakukan?;Saya tahu cemas soal makan berlebihan itu nggak enak, tapi kamu hebat karena ingin paham! Pemantauan diri adalah seperti jadi detektif buat dirimu sendiri—catat kapan, apa, dan kenapa kamu makan, misalnya karena stres atau bosan. Ini bantu kesehatan mental karena kamu lihat pola dan bisa ubah. Coba buku catatan kecil, tulis 3 hari apa yang kamu makan dan perasaanmu. Lalu, ganti satu pemicu, seperti denger musik saat bosan. Apa yang bikin kamu makan berlebihan, dan kapan kamu bisa mulai catat?;GROK;D1_GROK_HealthPsycology56-95_67.json;tahu makan cemas pantau diri laku tahu cemas makan enak paham pantau diri detektif diri sendiri catat kapan makan stres bosan sehat mental pola ubah buku catat kecil makan picu denger musik bosan makan kapan catat;5;0.2283295052755986;makan - sehat - stres - makan sehat - badan - berat badan - sehat mental - tubuh - pola makan - mental;5_makan_sehat_stres_makan sehat;tahu makan cemas pantau diri laku tahu cemas makan enak paham pantau diri detektif diri sendiri catat kapan makan stres bosan sehat mental pola ubah buku catat kecil makan picu denger musik bosan makan kapan catat
Saya selalu ngemil nggak sehat saat nonton TV, dan itu bikin saya stres. Bagaimana kontrol stimulus bisa bantu, dan apa yang bisa saya lakukan?;Wah, ngemil saat nonton TV memang menggoda, tapi kamu hebat karena ingin ubah! Kontrol stimulus adalah atur lingkungan biar dukung kebiasaan sehat, seperti simpan camilan sehat, misalnya apel, di dekat sofa, dan jauhkan keripik. Ini bantu kesehatan mental karena kurangi rasa bersalah dan bikin kamu bangga. Coba siapkan mangkuk buah sebelum nonton, dan bilang, ‘Aku pilih sehat malam ini!’ Apa pemicu ngemilmu, dan apa camilan sehat yang pengen kamu coba?;GROK;D1_GROK_HealthPsycology56-95_67.json;ngemil sehat nonton stres kontrol stimulus laku ngemil nonton goda ubah kontrol stimulus atur dukung sehat simpan sehat apel dekat sofa jauh keripik sehat mental kurang salah bangga siap mangkuk nonton pilih sehat picu ngemil sehat;5;0.2327065961694819;makan - sehat - stres - makan sehat - badan - berat badan - sehat mental - tubuh - pola makan - mental;5_makan_sehat_stres_makan sehat;ngemil sehat nonton stres kontrol stimulus laku ngemil nonton goda ubah kontrol stimulus atur dukung sehat simpan sehat apel dekat sofa jauh keripik sehat mental kurang salah bangga siap mangkuk nonton pilih sehat picu ngemil sehat
Saya susah motivasi diri untuk makan sehat, dan itu bikin stres. Bagaimana penguatan diri bisa bantu, dan apa yang bisa saya lakukan?;Motivasi memang kadang susah, tapi kamu hebat karena pengen coba! Penguatan diri adalah kasih hadiah saat kamu makan sehat, seperti nonton film favorit setelah seminggu makan sayur, atau hukuman kecil, seperti nggak beli camilan kalau makan junk food. Ini bantu kesehatan mental karena bikin kamu merasa sukses dan kurangi stres. Coba set tujuan, seperti ‘makan buah 3 kali seminggu,’ dan hadiahi diri dengan sesuatu yang seru. Apa hadiah yang bikin kamu semangat, dan apa tujuan makan sehatmu?;GROK;D1_GROK_HealthPsycology56-95_67.json;susah motivasi diri makan sehat stres kuat diri laku motivasi susah kuat diri hadiah makan sehat nonton film favorit minggu makan hukum kecil beli makan junk food sehat mental sukses kurang stres tuju makan minggu hadiah diri seru hadiah semangat tuju makan sehat;5;0.2200651879721538;makan - sehat - stres - makan sehat - badan - berat badan - sehat mental - tubuh - pola makan - mental;5_makan_sehat_stres_makan sehat;susah motivasi diri makan sehat stres kuat diri laku motivasi susah kuat diri hadiah makan sehat nonton film favorit minggu makan hukum kecil beli makan junk food sehat mental sukses kurang stres tuju makan minggu hadiah diri seru hadiah semangat tuju makan sehat
Saya sering cemas, dan itu bikin saya makan nggak sehat. Bagaimana pelatihan relaksasi bisa bantu, dan apa yang bisa saya lakukan?;Cemas memang bisa bikin semuanya terasa berat, tapi kamu luar biasa karena ingin ubah! Pelatihan relaksasi, seperti napas dalam atau meditasi, bantu tenangin pikiranmu, kurangi dorongan makan nggak sehat, dan ningkatin kesehatan mental. Coba teknik 4-7-8: tarik napas 4 detik, tahan 7 detik, keluarkan 8 detik, 3 kali sehari. Bayangin tempat damai, seperti pantai. Cari video relaksasi online untuk panduan. Apa yang bikin kamu cemas, dan kapan kamu bisa coba teknik ini?;GROK;D1_GROK_HealthPsycology56-95_67.json;cemas makan sehat relaksasi laku cemas berat luar ubah relaksasi meditasi tenangin kurang dorong makan sehat ningkatin sehat mental teknik detik tahan detik keluar detik bayangin tempat damai pantai relaksasi pandu cemas kapan teknik;5;0.071757425814925;makan - sehat - stres - makan sehat - badan - berat badan - sehat mental - tubuh - pola makan - mental;-1_diri_takut_sendiri_kecil;cemas makan sehat relaksasi laku cemas berat luar ubah relaksasi meditasi tenangin kurang dorong makan sehat ningkatin sehat mental teknik detik tahan detik keluar detik bayangin tempat damai pantai relaksasi pandu cemas kapan teknik
Saya cuma mikir soal makan sehat, tapi belum mulai, dan itu bikin stres. Bagaimana tahap kesiapan bisa bantu, dan apa yang bisa saya lakukan?;Saya tahu stres karena belum mulai itu nggak enak, tapi kamu hebat karena mikirin makan sehat! Intervensi sesuai tahap kesiapan bantu karena kasih langkah yang pas buatmu, yang lagi di tahap ‘kontemplasi.’ Ini bantu kesehatan mental karena bikin kamu merasa nggak terburu-buru dan sukses. Coba baca artikel singkat soal manfaat sayur, dan mulai dengan tambah satu porsi sayur seminggu. Bilang, ‘Aku mulai dari sini!’ Apa yang bikin kamu ragu, dan apa info yang pengen kamu cari?;GROK;D1_GROK_HealthPsycology56-95_67.json;mikir makan sehat stres tahap kesiap laku tahu stres enak mikirin makan sehat intervensi sesuai tahap kesiap tahap kontemplasi sehat mental buru buru sukses baca artikel singkat manfaat tambah porsi minggu ragu info;5;0.2219126321999391;makan - sehat - stres - makan sehat - badan - berat badan - sehat mental - tubuh - pola makan - mental;5_makan_sehat_stres_makan sehat;mikir makan sehat stres tahap kesiap laku tahu stres enak mikirin makan sehat intervensi sesuai tahap kesiap tahap kontemplasi sehat mental buru buru sukses baca artikel singkat manfaat tambah porsi minggu ragu info
Saya pengen keluarga saya makan lebih sehat, tapi susah, dan itu bikin stres. Bagaimana keluarga bisa bantu, dan apa yang bisa saya lakukan?;Keinginanmu untuk keluarga sehat itu inspiratif! Keluarga adalah tim kuat untuk ubah kebiasaan, seperti makan sehat, karena kalian bisa dukung satu sama lain. Ini bantu kesehatan mental karena kurangi stres dan bikin bahagia bareng. Coba ajak keluarga masak salad seru atau buat tantangan ‘siapa makan sayur terbanyak.’ Mulai kecil, seperti ganti camilan dengan buah. Libatkan semua, termasuk anak-anak, biar fun. Apa yang bikin susah, dan apa resep sehat yang bisa kalian coba bareng?;GROK;D1_GROK_HealthPsycology56-95_67.json;keluarga makan sehat susah stres keluarga laku keluarga sehat inspiratif keluarga kuat ubah makan sehat dukung sehat mental kurang stres bahagia bareng keluarga masak salad seru tantang siapa makan kecil libat masuk anak anak susah resep sehat bareng;5;0.1587440672220056;makan - sehat - stres - makan sehat - badan - berat badan - sehat mental - tubuh - pola makan - mental;5_makan_sehat_stres_makan sehat;keluarga makan sehat susah stres keluarga laku keluarga sehat inspiratif keluarga kuat ubah makan sehat dukung sehat mental kurang stres bahagia bareng keluarga masak salad seru tantang siapa makan kecil libat masuk anak anak susah resep sehat bareng
Saya khawatir anak saya nggak sehat di sekolah, dan itu bikin stres. Bagaimana sekolah bisa bantu kesehatan mental mereka, dan apa yang bisa saya lakukan?;Kamu orang tua yang peduli banget—itu luar biasa! Sekolah bisa ajarin anak-anak kebiasaan sehat, seperti makan bergizi atau olahraga, lewat program atau pelajaran. Ini bantu kesehatan mental karena bikin mereka percaya diri dan kurangi stres. Coba tanya guru soal program kesehatan di sekolah, dan dukung di rumah dengan kasih bekal sehat atau ajak main aktif. Libatkan anakmu dalam pilih makanan sehat biar seru. Apa yang bikin khawatir, dan apa yang bisa kamu bicarain sama guru?;GROK;D1_GROK_HealthPsycology56-95_67.json;khawatir anak sehat sekolah stres sekolah sehat mental laku peduli luar sekolah ajarin anak anak sehat makan gizi olahraga lewat program sehat mental percaya diri kurang stres guru program sehat sekolah dukung bekal sehat main libat anak pilih makan sehat seru khawatir bicarain guru;5;0.1608313062331221;makan - sehat - stres - makan sehat - badan - berat badan - sehat mental - tubuh - pola makan - mental;5_makan_sehat_stres_makan sehat;khawatir anak sehat sekolah stres sekolah sehat mental laku peduli luar sekolah ajarin anak anak sehat makan gizi olahraga lewat program sehat mental percaya diri kurang stres guru program sehat sekolah dukung bekal sehat main libat anak pilih makan sehat seru khawatir bicarain guru
Saya merasa nggak punya dukungan untuk hidup sehat, dan itu bikin down. Bagaimana komunitas bisa bantu kesehatan mental saya, dan apa yang bisa saya lakukan?;Saya tahu rasanya sendirian itu nggak enak, tapi kamu nggak sendiri! Intervensi komunitas, seperti kelompok lari atau kelas masak sehat, kasih dukungan sosial yang bikin kamu semangat jaga kesehatan. Ini bantu kesehatan mental karena kamu merasa terhubung dan bahagia. Coba cari komunitas lokal, seperti klub jalan kaki, atau grup online. Mulai dengan ikut satu acara, dan bilang, ‘Aku coba sesuatu baru!’ Apa aktivitas komunitas yang pengen kamu coba, dan di mana kamu bisa cari info?;GROK;D1_GROK_HealthPsycology56-95_67.json;dukung hidup sehat down sehat mental laku tahu sendiri enak sendiri intervensi kelompok lari kelas masak sehat dukung sosial semangat jaga sehat sehat mental bahagia lokal klub jalan kaki grup acara aktivitas info;5;0.1567396022898492;makan - sehat - stres - makan sehat - badan - berat badan - sehat mental - tubuh - pola makan - mental;5_makan_sehat_stres_makan sehat;dukung hidup sehat down sehat mental laku tahu sendiri enak sendiri intervensi kelompok lari kelas masak sehat dukung sosial semangat jaga sehat sehat mental bahagia lokal klub jalan kaki grup acara aktivitas info
Saya lihat iklan kesehatan di TV, tapi susah ubah kebiasaan, dan itu bikin frustrasi. Bagaimana media massa bisa bantu, dan apa yang bisa saya lakukan?;Frustrasi karena susah ubah kebiasaan itu wajar, tapi kamu hebat karena perhatikan iklan itu! Media massa, seperti iklan antirokok, bantu buka mata soal risiko kesehatan dan bikin kamu mikir. Ini bantu kesehatan mental karena ningkatin kesadaran dan motivasi. Tapi, untuk ubah kebiasaan, coba pilih satu pesan dari iklan, seperti ‘kurangi soda,’ dan buat rencana kecil, seperti ganti soda dengan air lemon. Cari iklan inspiratif online untuk dorongan. Apa pesan kesehatan yang menarik perhatianmu, dan apa yang bisa kamu coba?;GROK;D1_GROK_HealthPsycology56-95_67.json;iklan sehat susah ubah frustrasi media massa laku frustrasi susah ubah perhati iklan media massa iklan antirokok mata risiko sehat mikir sehat mental ningkatin motivasi ubah pilih pesan iklan kurang soda rencana kecil soda lemon iklan inspiratif dorong pesan sehat perhati;5;0.274450423751949;makan - sehat - stres - makan sehat - badan - berat badan - sehat mental - tubuh - pola makan - mental;-1_diri_takut_sendiri_kecil;iklan sehat susah ubah frustrasi media massa laku frustrasi susah ubah perhati iklan media massa iklan antirokok mata risiko sehat mikir sehat mental ningkatin motivasi ubah pilih pesan iklan kurang soda rencana kecil soda lemon iklan inspiratif dorong pesan sehat perhati
Saya dari keluarga dengan ekonomi terbatas dan merasa sulit hidup sehat, yang bikin saya stres. Bagaimana faktor sosial memengaruhi saya, dan apa yang bisa saya lakukan?;Saya tahu hidup dengan keterbatasan ekonomi bisa terasa sangat menantang, tapi kamu kuat karena ingin perubahan! Faktor sosial seperti pendapatan rendah bisa membuat kebiasaan sehat, seperti makan bergizi atau olahraga, lebih sulit karena akses terbatas, dan ini bisa menambah stres. Tapi, kamu bisa mulai dengan langkah kecil, seperti jalan kaki di lingkunganmu atau memasak sayur murah seperti kolplay. Cari komunitas lokal gratis untuk dukungan, seperti kelompok olahraga. Apa yang paling bikin stres, dan langkah kecil apa yang bisa kamu coba?;GROK;D1_GROK_HealthPsycology96-113_30.json;keluarga ekonomi batas sulit hidup sehat stres faktor sosial pengaruh laku tahu hidup batas ekonomi tantang kuat ubah faktor sosial rendah sehat makan gizi olahraga sulit akses batas tambah stres kecil jalan kaki masak murah kolplay lokal gratis dukung kelompok olahraga paling stres kecil;5;0.1597123048424893;makan - sehat - stres - makan sehat - badan - berat badan - sehat mental - tubuh - pola makan - mental;5_makan_sehat_stres_makan sehat;keluarga ekonomi batas sulit hidup sehat stres faktor sosial pengaruh laku tahu hidup batas ekonomi tantang kuat ubah faktor sosial rendah sehat makan gizi olahraga sulit akses batas tambah stres kecil jalan kaki masak murah kolplay lokal gratis dukung kelompok olahraga paling stres kecil
Saya merasa berat badan saya bikin cemas, tapi susah menurunkannya. Mengapa obesitas memengaruhi kesehatan mental, dan apa yang bisa saya lakukan?;Saya paham kecemasan itu bisa terasa berat, dan kamu hebat karena ingin atasi ini! Obesitas bisa memengaruhi kesehatan mental karena tekanan sosial, stigma, atau rasa nggak nyaman dengan tubuh, yang bikin cemas atau depresi. Tapi, kamu punya kuasa untuk berubah! Mulai dengan langkah kecil, seperti tambah satu porsi sayur sehari atau jalan 15 menit. Tulis tujuan positif, seperti ‘Aku ingin lebih energik.’ Cari resep sehat online untuk inspirasi. Apa yang bikin cemas soal berat badanmu, dan apa satu perubahan yang ingin kamu coba?;GROK;D1_GROK_HealthPsycology96-113_30.json;berat badan cemas susah turun obesitas pengaruh sehat mental laku paham cemas berat obesitas pengaruh sehat mental tekan sosial stigma nyaman tubuh cemas depresi kuasa ubah kecil tambah porsi jalan tuju positif energik resep sehat inspirasi cemas berat badan ubah;5;0.1908357380424749;makan - sehat - stres - makan sehat - badan - berat badan - sehat mental - tubuh - pola makan - mental;5_makan_sehat_stres_makan sehat;berat badan cemas susah turun obesitas pengaruh sehat mental laku paham cemas berat obesitas pengaruh sehat mental tekan sosial stigma nyaman tubuh cemas depresi kuasa ubah kecil tambah porsi jalan tuju positif energik resep sehat inspirasi cemas berat badan ubah
Saya merasa depresi dan berat badan saya terus naik, yang bikin saya tambah down. Bagaimana depresi dan obesitas saling terkait, dan apa yang bisa saya lakukan?;Saya tahu lingkaran depresi dan kenaikan berat badan itu terasa seperti beban berat, tapi kamu luar biasa karena mencari solusi! Depresi bisa mendorong makan berlebihan sebagai pelarian emosi, dan obesitas bisa menambah rasa rendah diri, yang memperburuk depresi. Untuk memutus lingkaran ini, coba aktivitas yang ningkatin mood, seperti jalan santai 10 menit atau meditasi singkat. Curhat ke teman atau konselor juga membantu. Apa yang biasanya bikin kamu depresi, dan aktivitas kecil apa yang bisa kamu coba untuk merasa lebih baik?;GROK;D1_GROK_HealthPsycology96-113_30.json;depresi berat badan terus naik tambah down depresi obesitas saling kait laku tahu lingkar depresi naik berat badan beban berat luar solusi depresi dorong makan lari emosi obesitas tambah rendah diri depresi putus lingkar aktivitas ningkatin mood jalan santai meditasi singkat curhat teman konselor depresi aktivitas kecil;5;0.1614220471631346;makan - sehat - stres - makan sehat - badan - berat badan - sehat mental - tubuh - pola makan - mental;5_makan_sehat_stres_makan sehat;depresi berat badan terus naik tambah down depresi obesitas saling kait laku tahu lingkar depresi naik berat badan beban berat luar solusi depresi dorong makan lari emosi obesitas tambah rendah diri depresi putus lingkar aktivitas ningkatin mood jalan santai meditasi singkat curhat teman konselor depresi aktivitas kecil
Anak saya kelebihan berat badan dan kelihatan kurang percaya diri. Bagaimana obesitas memengaruhi kesehatan mentalnya, dan apa yang bisa saya lakukan?;Kamu orang tua yang sangat peduli, dan itu luar biasa! Obesitas pada anak bisa bikin mereka kurang percaya diri karena tekanan teman atau rasa nggak nyaman dengan tubuh, yang ganggu kesehatan mental. Coba ajak anakmu main aktif, seperti bermain bola atau bersepeda, sambil bikin seru dengan musik. Masak makanan sehat bareng, seperti smoothie buah, dan puji usaha mereka, bukan penampilan. Apa yang bikin anakmu kurang percaya diri, dan aktivitas apa yang bisa kalian coba bareng?;GROK;D1_GROK_HealthPsycology96-113_30.json;anak berat badan kurang percaya diri obesitas pengaruh sehat mental laku peduli luar obesitas anak kurang percaya diri tekan teman nyaman tubuh ganggu sehat mental anak main main bola sepeda seru musik masak makan sehat bareng smoothie puji usaha bukan tampil anak kurang percaya diri aktivitas bareng;5;0.1564608525092415;makan - sehat - stres - makan sehat - badan - berat badan - sehat mental - tubuh - pola makan - mental;5_makan_sehat_stres_makan sehat;anak berat badan kurang percaya diri obesitas pengaruh sehat mental laku peduli luar obesitas anak kurang percaya diri tekan teman nyaman tubuh ganggu sehat mental anak main main bola sepeda seru musik masak makan sehat bareng smoothie puji usaha bukan tampil anak kurang percaya diri aktivitas bareng
Saya khawatir anak saya kelebihan berat badan karena kebiasaan keluarga, dan itu bikin saya stres. Bagaimana ini terjadi, dan apa yang bisa saya lakukan?;Kekhawatiranmu wajar, dan kamu hebat karena ingin bantu anakmu! Genetik bisa bikin anak lebih mudah gemuk, tapi kebiasaan makan keluarga, seperti porsi besar atau camilan manis, juga berperan. Ini bisa bikin stres kalau kamu merasa bersalah. Coba ubah kebiasaan keluarga pelan-pelan, seperti ganti soda dengan air lemon atau ajak jalan sore bareng. Libatkan anak dengan cara seru, seperti pilih sayur warna-warni di pasar. Apa kebiasaan keluarga yang ingin kamu ubah, dan langkah apa yang bisa kamu mulai?;GROK;D1_GROK_HealthPsycology96-113_30.json;khawatir anak berat badan keluarga stres laku khawatir anak genetik anak mudah gemuk makan keluarga porsi manis peran stres salah ubah keluarga pelan pelan soda lemon jalan sore bareng libat anak seru pilih warni pasar keluarga ubah;5;0.1588265139645266;makan - sehat - stres - makan sehat - badan - berat badan - sehat mental - tubuh - pola makan - mental;5_makan_sehat_stres_makan sehat;khawatir anak berat badan keluarga stres laku khawatir anak genetik anak mudah gemuk makan keluarga porsi manis peran stres salah ubah keluarga pelan pelan soda lemon jalan sore bareng libat anak seru pilih warni pasar keluarga ubah
Saya dari keluarga sederhana dan merasa sulit jaga berat badan, yang bikin cemas. Mengapa ini terjadi, dan apa yang bisa saya lakukan?;Saya paham betapa sulitnya menjaga kesehatan dengan sumber daya terbatas, dan kamu hebat karena berusaha! Wanita dari SES rendah sering menghadapi tantangan seperti akses makanan sehat yang terbatas, yang bisa menyebabkan obesitas dan meningkatkan kecemasan. Tapi, kamu bisa ambil langkah kecil! Coba masak sayur lokal yang murah, seperti bayam, atau jalan kaki 15 menit di sekitar rumah. Cari komunitas gratis, seperti kelompok jalan kaki. Apa yang bikin cemas, dan langkah sehat apa yang bisa kamu coba?;GROK;D1_GROK_HealthPsycology96-113_30.json;keluarga sederhana sulit jaga berat badan cemas laku paham betapa sulit jaga sehat sumber daya batas usaha wanita rendah hadap tantang akses makan sehat batas obesitas tingkat cemas kecil masak lokal murah bayam jalan kaki gratis kelompok jalan kaki cemas sehat;5;0.1589060734189308;makan - sehat - stres - makan sehat - badan - berat badan - sehat mental - tubuh - pola makan - mental;5_makan_sehat_stres_makan sehat;keluarga sederhana sulit jaga berat badan cemas laku paham betapa sulit jaga sehat sumber daya batas usaha wanita rendah hadap tantang akses makan sehat batas obesitas tingkat cemas kecil masak lokal murah bayam jalan kaki gratis kelompok jalan kaki cemas sehat
Saya makan banyak saat stres, dan itu bikin saya merasa bersalah. Bagaimana stres memengaruhi makan saya, dan apa yang bisa saya lakukan?;Saya tahu rasa bersalah itu bisa berat, tapi kamu nggak sendiri! Stres bisa bikin sebagian orang makan lebih banyak karena otak mencari kenyamanan dari makanan, terutama yang manis atau berlemak, yang bikin kesehatan mental terganggu. Coba ganti kebiasaan makan dengan aktivitas lain saat stres, seperti tarik napas dalam 5 menit atau denger musik. Simpan camilan sehat, seperti buah, di dekatmu. Tulis perasaanmu untuk pahami pemicu. Apa yang biasanya bikin stres, dan aktivitas apa yang bisa kamu coba?;GROK;D1_GROK_HealthPsycology96-113_30.json;makan stres salah stres pengaruh makan laku tahu salah berat sendiri stres makan otak nyaman makan utama manis lemak sehat mental ganggu makan aktivitas stres denger musik simpan sehat dekat paham picu stres aktivitas;5;0.2236575651529641;makan - sehat - stres - makan sehat - badan - berat badan - sehat mental - tubuh - pola makan - mental;5_makan_sehat_stres_makan sehat;makan stres salah stres pengaruh makan laku tahu salah berat sendiri stres makan otak nyaman makan utama manis lemak sehat mental ganggu makan aktivitas stres denger musik simpan sehat dekat paham picu stres aktivitas
Saya sering diet tapi berat badan balik lagi, dan itu bikin depresi. Mengapa diet yo-yo bikin susah, dan apa yang bisa saya lakukan?;Saya paham betapa frustrasinya diet yo-yo, tapi kamu kuat karena terus berusaha! Diet yo-yo bikin tubuh lebih efisien simpan lemak dan turunkan metabolisme, yang bikin berat badan gampang naik dan depresi bertambah. Alih-alih diet ketat, coba ubah gaya hidup: makan sayur lebih banyak, kurangi porsi, dan jalan 20 menit sehari. Tulis tujuan jangka panjang, seperti ‘Aku ingin sehat dan bahagia.’ Cari resep sehat yang enak. Apa yang bikin diet gagal, dan perubahan kecil apa yang bisa kamu coba?;GROK;D1_GROK_HealthPsycology96-113_30.json;diet berat badan balik depresi diet susah laku paham betapa frustrasi diet kuat terus usaha diet tubuh efisien simpan lemak turun metabolisme berat badan gampang naik depresi tambah diet ketat ubah gaya hidup makan kurang porsi jalan tuju jangka panjang sehat bahagia resep sehat enak diet gagal ubah kecil;5;0.2208518980344587;makan - sehat - stres - makan sehat - badan - berat badan - sehat mental - tubuh - pola makan - mental;5_makan_sehat_stres_makan sehat;diet berat badan balik depresi diet susah laku paham betapa frustrasi diet kuat terus usaha diet tubuh efisien simpan lemak turun metabolisme berat badan gampang naik depresi tambah diet ketat ubah gaya hidup makan kurang porsi jalan tuju jangka panjang sehat bahagia resep sehat enak diet gagal ubah kecil
Saya ingin turunkan berat badan, tapi selalu gagal, dan itu bikin stres. Bagaimana CBT bisa membantu kesehatan mental saya, dan apa yang bisa saya lakukan?;Kegagalan itu wajar, tapi kamu luar biasa karena nggak menyerah! CBT bantu dengan pantau pola makan (self-monitoring) dan atur lingkungan, seperti simpan buah di meja, yang bikin kamu merasa kendali dan kurangi stres. Untuk kesehatan mental, coba tulis apa yang kamu makan dan perasaanmu selama 3 hari, lalu ganti satu camilan nggak sehat dengan sayur. Bilang, ‘Aku bisa pilih sehat!’ Cari video CBT online untuk inspirasi. Apa yang bikin gagal, dan langkah CBT apa yang pengen kamu coba?;GROK;D1_GROK_HealthPsycology96-113_30.json;turun berat badan gagal stres sehat mental laku gagal luar serah pantau pola makan self monitoring atur simpan meja kendali kurang stres sehat mental makan lama sehat pilih sehat inspirasi gagal;5;0.2155225481665205;makan - sehat - stres - makan sehat - badan - berat badan - sehat mental - tubuh - pola makan - mental;5_makan_sehat_stres_makan sehat;turun berat badan gagal stres sehat mental laku gagal luar serah pantau pola makan self monitoring atur simpan meja kendali kurang stres sehat mental makan lama sehat pilih sehat inspirasi gagal
Saya nggak tahu kenapa saya makan berlebihan, dan itu bikin cemas. Bagaimana pemantauan diri bisa membantu, dan apa yang bisa saya lakukan?;Saya tahu kecemasan itu bisa terasa menekan, tapi kamu hebat karena ingin paham! Pemantauan diri adalah seperti jadi detektif pola makanmu—catat apa, kapan, dan kenapa kamu makan, misalnya karena stres atau bosan. Ini bantu kesehatan mental karena kamu lihat pola dan bisa ubah. Coba buku catatan kecil, tulis 3 hari apa yang kamu makan dan emosimu. Ganti satu pemicu, seperti jalan kaki saat bosan. Apa yang bikin makan berlebihan, dan kapan kamu bisa mulai mencatat?;GROK;D1_GROK_HealthPsycology96-113_30.json;tahu makan cemas pantau diri laku tahu cemas tekan paham pantau diri detektif pola makan catat kapan makan stres bosan sehat mental pola ubah buku catat kecil makan emosi picu jalan kaki bosan makan kapan catat;5;0.2236299369700743;makan - sehat - stres - makan sehat - badan - berat badan - sehat mental - tubuh - pola makan - mental;5_makan_sehat_stres_makan sehat;tahu makan cemas pantau diri laku tahu cemas tekan paham pantau diri detektif pola makan catat kapan makan stres bosan sehat mental pola ubah buku catat kecil makan emosi picu jalan kaki bosan makan kapan catat
Saya selalu ngemil nggak sehat di rumah, dan itu bikin bersalah. Bagaimana kontrol stimulus bisa membantu, dan apa yang bisa saya lakukan?;Rasa bersalah itu wajar, tapi kamu hebat karena ingin ubah kebiasaan! Kontrol stimulus bantu dengan atur lingkungan, seperti singkirkan keripik dan taruh apel di meja, yang bikin kamu merasa bangga dan kurangi stres. Untuk kesehatan mental, coba siapkan mangkuk buah di dapur dan bilang, ‘Aku pilih sehat hari ini!’ Beli camilan sehat saat belanja. Cari resep camilan sehat online. Apa pemicu ngemilmu, dan camilan sehat apa yang pengen kamu coba?;GROK;D1_GROK_HealthPsycology96-113_30.json;ngemil sehat salah kontrol stimulus laku salah ubah kontrol stimulus atur singkir keripik taruh apel meja bangga kurang stres sehat mental siap mangkuk dapur pilih sehat beli sehat belanja resep sehat picu ngemil sehat;5;0.2360296025542002;makan - sehat - stres - makan sehat - badan - berat badan - sehat mental - tubuh - pola makan - mental;5_makan_sehat_stres_makan sehat;ngemil sehat salah kontrol stimulus laku salah ubah kontrol stimulus atur singkir keripik taruh apel meja bangga kurang stres sehat mental siap mangkuk dapur pilih sehat beli sehat belanja resep sehat picu ngemil sehat
Saya susah motivasi untuk makan sehat, dan itu bikin down. Bagaimana penguatan diri bisa membantu, dan apa yang bisa saya lakukan?;Kurang motivasi itu normal, tapi kamu luar biasa karena pengen coba! Penguatan diri adalah kasih hadiah saat kamu makan sehat, seperti nonton film kesukaan setelah seminggu makan sayur. Ini bantu kesehatan mental karena bikin kamu merasa sukses dan bahagia. Coba set tujuan, seperti ‘makan buah 4 kali seminggu,’ dan hadiahi diri dengan buku baru. Bilang, ‘Aku layak dapat ini!’ Apa hadiah yang bikin semangat, dan tujuan makan sehat apa yang pengen kamu capai?;GROK;D1_GROK_HealthPsycology96-113_30.json;susah motivasi makan sehat down kuat diri laku kurang motivasi luar kuat diri hadiah makan sehat nonton film minggu makan sehat mental sukses bahagia tuju makan minggu hadiah diri buku layak hadiah semangat tuju makan sehat capai;5;0.2260083042644209;makan - sehat - stres - makan sehat - badan - berat badan - sehat mental - tubuh - pola makan - mental;5_makan_sehat_stres_makan sehat;susah motivasi makan sehat down kuat diri laku kurang motivasi luar kuat diri hadiah makan sehat nonton film minggu makan sehat mental sukses bahagia tuju makan minggu hadiah diri buku layak hadiah semangat tuju makan sehat capai
Saya makan banyak saat stres, dan itu bikin saya merasa gagal. Bagaimana manajemen stres membantu, dan apa yang bisa saya lakukan?;Saya paham rasa gagal itu berat, tapi kamu kuat karena ingin ubah! Stres bisa bikin makan berlebihan karena tubuh cari kenyamanan, yang ganggu kesehatan mental. Manajemen stres, seperti meditasi atau napas dalam, bantu tenangin pikiran dan kurangi dorongan ngemil. Coba teknik 4-4-4: tarik napas 4 detik, tahan 4 detik, keluarkan 4 detik, 3 kali sehari. Simpan buah untuk camilan stres. Apa pemicu stresmu, dan teknik relaksasi apa yang pengen kamu coba?;GROK;D1_GROK_HealthPsycology96-113_30.json;makan stres gagal manajemen stres laku paham gagal berat kuat ubah stres makan tubuh nyaman ganggu sehat mental manajemen stres meditasi tenangin kurang dorong ngemil teknik detik tahan detik keluar detik simpan stres picu stres teknik relaksasi;5;0.1349291050718792;makan - sehat - stres - makan sehat - badan - berat badan - sehat mental - tubuh - pola makan - mental;5_makan_sehat_stres_makan sehat;makan stres gagal manajemen stres laku paham gagal berat kuat ubah stres makan tubuh nyaman ganggu sehat mental manajemen stres meditasi tenangin kurang dorong ngemil teknik detik tahan detik keluar detik simpan stres picu stres teknik relaksasi
Saya merasa sendiri coba turunkan berat badan, dan itu bikin down. Bagaimana dukungan sosial membantu, dan apa yang bisa saya lakukan?;Saya tahu rasanya sendirian itu sulit, tapi kamu nggak sendiri! Dukungan sosial, seperti temen atau keluarga yang ikut makan sehat, bikin kamu semangat dan kurangi stres, yang bantu kesehatan mental. Coba ajak temen masak resep sehat atau gabung grup olahraga lokal. Bilang, ‘Kita sehat bareng!’ Cari komunitas online, seperti forum diet, untuk motivasi. Siapa yang bisa dukungmu, dan aktivitas sehat apa yang pengen kamu coba bareng mereka?;GROK;D1_GROK_HealthPsycology96-113_30.json;sendiri turun berat badan down dukung sosial laku tahu sendiri sulit sendiri dukung sosial temen keluarga makan sehat semangat kurang stres sehat mental temen masak resep sehat gabung grup olahraga lokal sehat bareng forum diet motivasi siapa dukung aktivitas sehat bareng;5;0.1567899990834479;makan - sehat - stres - makan sehat - badan - berat badan - sehat mental - tubuh - pola makan - mental;5_makan_sehat_stres_makan sehat;sendiri turun berat badan down dukung sosial laku tahu sendiri sulit sendiri dukung sosial temen keluarga makan sehat semangat kurang stres sehat mental temen masak resep sehat gabung grup olahraga lokal sehat bareng forum diet motivasi siapa dukung aktivitas sehat bareng
Saya ingin keluarga saya makan lebih sehat, tapi susah, dan itu bikin cemas. Bagaimana intervensi keluarga membantu, dan apa yang bisa saya lakukan?;Keinginanmu untuk keluarga sehat itu inspiratif! Intervensi keluarga bikin semua anggota termotivasi, seperti masak sehat bareng, yang kurangi cemas karena kalian dukung satu sama lain. Coba buat tantangan keluarga, seperti ‘seminggu makan sayur setiap hari,’ dan hadiahi dengan piknik. Libatkan anak-anak dengan pilih resep seru, seperti pizza sayur. Bilang, ‘Kita kuat bareng!’ Apa yang bikin susah, dan resep sehat apa yang bisa kalian coba?;GROK;D1_GROK_HealthPsycology96-113_30.json;keluarga makan sehat susah cemas intervensi keluarga laku keluarga sehat inspiratif intervensi keluarga anggota motivasi masak sehat bareng kurang cemas dukung tantang keluarga minggu makan hadiah piknik libat anak anak pilih resep seru pizza kuat bareng susah resep sehat;5;0.158587261071978;makan - sehat - stres - makan sehat - badan - berat badan - sehat mental - tubuh - pola makan - mental;5_makan_sehat_stres_makan sehat;keluarga makan sehat susah cemas intervensi keluarga laku keluarga sehat inspiratif intervensi keluarga anggota motivasi masak sehat bareng kurang cemas dukung tantang keluarga minggu makan hadiah piknik libat anak anak pilih resep seru pizza kuat bareng susah resep sehat
Saya selalu makan berlebihan di pesta, dan itu bikin stres. Bagaimana pencegahan kekambuhan membantu, dan apa yang bisa saya lakukan?;Pesta memang penuh godaan, tapi kamu hebat karena ingin atasi! Pencegahan kekambuhan ajarin koping untuk situasi berisiko, seperti pesta, dengan rencana, misalnya makan camilan sehat sebelum pergi. Ini bantu kesehatan mental karena bikin kamu merasa kendali. Coba buat strategi: ‘Di pesta, aku pilih sayur dulu.’ Bawa buah untuk dibagi. Latih afirmasi, seperti ‘Aku bisa pilih sehat.’ Apa yang bikin makan berlebihan di pesta, dan strategi apa yang pengen kamu coba?;GROK;D1_GROK_HealthPsycology96-113_30.json;makan pesta stres cegah kambuh laku pesta penuh goda cegah kambuh ajarin koping situasi risiko pesta rencana makan sehat pergi sehat mental kendali strategi pesta pilih bawa afirmasi pilih sehat makan pesta strategi;5;0.2204540807196156;makan - sehat - stres - makan sehat - badan - berat badan - sehat mental - tubuh - pola makan - mental;5_makan_sehat_stres_makan sehat;makan pesta stres cegah kambuh laku pesta penuh goda cegah kambuh ajarin koping situasi risiko pesta rencana makan sehat pergi sehat mental kendali strategi pesta pilih bawa afirmasi pilih sehat makan pesta strategi
Saya khawatir teman saya punya gangguan makan, dan itu bikin saya cemas. Bagaimana gangguan ini memengaruhi kesehatan mental, dan apa yang bisa saya lakukan?;Kekhawatiranmu menunjukkan kamu teman yang peduli, dan itu luar biasa! Gangguan makan seperti anoreksia atau bulimia bisa bikin cemas, depresi, dan rendahnya harga diri karena obsesi dengan tubuh dan makanan. Ini serius, jadi coba ajak temanmu bicara dengan lembut, seperti ‘Aku khawatir sama kamu, boleh cerita?’ Dorong mereka ke konselor atau dokter. Dukung dengan jadi pendengar yang baik. Apa yang bikin khawatir, dan cara apa yang bisa kamu coba untuk dekati temanmu?;GROK;D1_GROK_HealthPsycology96-113_30.json;khawatir teman ganggu makan cemas ganggu pengaruh sehat mental laku khawatir tunjuk teman peduli luar ganggu makan anoreksia bulimia cemas depresi rendah harga diri obsesi tubuh makan serius teman bicara lembut khawatir dorong konselor dokter dukung dengar khawatir dekat teman;5;1.0;makan - sehat - stres - makan sehat - badan - berat badan - sehat mental - tubuh - pola makan - mental;5_makan_sehat_stres_makan sehat;khawatir teman ganggu makan cemas ganggu pengaruh sehat mental laku khawatir tunjuk teman peduli luar ganggu makan anoreksia bulimia cemas depresi rendah harga diri obsesi tubuh makan serius teman bicara lembut khawatir dorong konselor dokter dukung dengar khawatir dekat teman
Saya takut adik saya menunjukkan tanda-tanda anoreksia, dan itu bikin saya panik. Bagaimana anoreksia memengaruhi kesehatan mental, dan apa yang bisa saya lakukan?;Saya tahu panik melihat adikmu seperti ini sangat berat, tapi kamu hebat karena peduli! Anoreksia bisa bikin adikmu cemas, depresi, atau terobsesi dengan tubuh, yang ganggu kesehatan mental. Coba dekati dengan penuh kasih, seperti ‘Aku sayang kamu dan khawatir, boleh ngobrol?’ Dorong ke dokter atau konselor dengan lembut. Tunjukkan dukungan dengan makan sehat bareng, tanpa komentar soal tubuh. Apa tanda yang kamu lihat, dan siapa yang bisa kamu ajak bicara untuk bantu adikmu?;GROK;D1_GROK_HealthPsycology96-113_30.json;takut adik tunjuk anoreksia panik anoreksia pengaruh sehat mental laku tahu panik adik berat peduli anoreksia adik cemas depresi obsesi tubuh ganggu sehat mental dekat penuh sayang khawatir dorong dokter konselor lembut tunjuk dukung makan sehat bareng komentar tubuh siapa bicara adik;5;1.0;makan - sehat - stres - makan sehat - badan - berat badan - sehat mental - tubuh - pola makan - mental;5_makan_sehat_stres_makan sehat;takut adik tunjuk anoreksia panik anoreksia pengaruh sehat mental laku tahu panik adik berat peduli anoreksia adik cemas depresi obsesi tubuh ganggu sehat mental dekat penuh sayang khawatir dorong dokter konselor lembut tunjuk dukung makan sehat bareng komentar tubuh siapa bicara adik
Saya khawatir anoreksia adik saya terkait keluarga kami, dan itu bikin stres. Bagaimana keluarga memengaruhi, dan apa yang bisa saya lakukan?;Saya paham stres itu berat, dan kamu luar biasa karena ingin bantu adikmu! Faktor genetik dan pola keluarga, seperti tekanan untuk sempurna atau konflik, bisa picu anoreksia, yang bikin kesehatan mental terganggu. Coba buka obrolan terbuka di keluarga, seperti ‘Ayo kita dukung adik bareng.’ Dorong adik ke konselor dan libatkan keluarga dalam terapi jika perlu. Tunjukkan kasih sayang tanpa fokus pada penampilan. Apa dinamika keluarga yang bikin khawatir, dan langkah apa yang bisa kamu coba?;GROK;D1_GROK_HealthPsycology96-113_30.json;khawatir anoreksia adik kait keluarga stres keluarga pengaruh laku paham stres berat luar adik faktor genetik pola keluarga tekan sempurna konflik picu anoreksia sehat mental ganggu obrol keluarga dukung adik bareng dorong adik konselor libat keluarga terapi perlu tunjuk sayang tampil dinamika keluarga khawatir;5;1.0;makan - sehat - stres - makan sehat - badan - berat badan - sehat mental - tubuh - pola makan - mental;5_makan_sehat_stres_makan sehat;khawatir anoreksia adik kait keluarga stres keluarga pengaruh laku paham stres berat luar adik faktor genetik pola keluarga tekan sempurna konflik picu anoreksia sehat mental ganggu obrol keluarga dukung adik bareng dorong adik konselor libat keluarga terapi perlu tunjuk sayang tampil dinamika keluarga khawatir
Saya takut teman saya dengan anoreksia nggak mau ke dokter, dan itu bikin cemas. Bagaimana terapi membantu, dan apa yang bisa saya lakukan?;Kekhawatiranmu menunjukkan kamu teman yang luar biasa! Terapi untuk anoreksia mulai dengan naikkan berat badan secara aman, sering di rumah sakit, dan pakai CBT untuk ubah pola pikir, yang bantu kurangi cemas dan tingkatin kesehatan mental. Coba ajak temanmu bicara dengan empati, seperti ‘Aku tahu ini susah, tapi aku di sini buat kamu.’ Tawari nemenin ke dokter atau cari info terapi online. Apa yang bikin temanmu takut, dan cara apa yang bisa kamu coba untuk dukung mereka?;GROK;D1_GROK_HealthPsycology96-113_30.json;takut teman anoreksia dokter cemas terapi laku khawatir tunjuk teman luar terapi anoreksia naik berat badan sakit ubah pola kurang cemas tingkatin sehat mental teman bicara empati tahu susah tawar nemenin dokter info terapi teman takut dukung;5;1.0;makan - sehat - stres - makan sehat - badan - berat badan - sehat mental - tubuh - pola makan - mental;5_makan_sehat_stres_makan sehat;takut teman anoreksia dokter cemas terapi laku khawatir tunjuk teman luar terapi anoreksia naik berat badan sakit ubah pola kurang cemas tingkatin sehat mental teman bicara empati tahu susah tawar nemenin dokter info terapi teman takut dukung
Saya khawatir teman saya bulimia karena dia makan banyak lalu muntah, dan itu bikin saya stres. Bagaimana bulimia memengaruhi kesehatan mental, dan apa yang bisa saya lakukan?;Saya tahu melihat temanmu seperti ini bikin stres, tapi kamu hebat karena peduli! Bulimia bisa bikin cemas, depresi, dan rasa kehilangan kontrol karena siklus makan dan muntah, yang ganggu kesehatan mental. Coba dekati temanmu dengan lembut, seperti ‘Aku khawatir sama kamu, boleh cerita apa yang lagi kamu rasain?’ Dorong ke konselor atau dokter, dan tunjukkan dukungan dengan ngobrol tanpa judgement. Apa yang bikin khawatir, dan cara apa yang bisa kamu coba untuk bantu temanmu?;GROK;D1_GROK_HealthPsycology96-113_30.json;khawatir teman bulimia makan muntah stres bulimia pengaruh sehat mental laku tahu teman stres peduli bulimia cemas depresi hilang kontrol siklus makan muntah ganggu sehat mental dekat teman lembut khawatir rasain dorong konselor dokter tunjuk dukung judgement khawatir teman;5;1.0;makan - sehat - stres - makan sehat - badan - berat badan - sehat mental - tubuh - pola makan - mental;5_makan_sehat_stres_makan sehat;khawatir teman bulimia makan muntah stres bulimia pengaruh sehat mental laku tahu teman stres peduli bulimia cemas depresi hilang kontrol siklus makan muntah ganggu sehat mental dekat teman lembut khawatir rasain dorong konselor dokter tunjuk dukung judgement khawatir teman
Saya merasa makan banyak saat sedih, dan itu bikin saya merasa buruk. Bagaimana emosi negatif memengaruhi, dan apa yang bisa saya lakukan?;Saya paham betapa sulitnya merasa buruk karena makan berlebihan, tapi kamu nggak sendiri! Emosi negatif, seperti kesedihan, bisa picu makan berlebihan karena otak cari kenyamanan, yang bikin kesehatan mental drop. Coba ganti makan dengan aktivitas lain saat sedih, seperti tulis perasaanmu atau tarik napas dalam 5 menit. Simpan camilan sehat, seperti kacang, dan cari temen untuk curhat. Apa yang bikin kamu sedih, dan aktivitas apa yang bisa kamu coba untuk merasa lebih baik?;GROK;D1_GROK_HealthPsycology96-113_30.json;makan sedih emosi negatif pengaruh laku paham betapa sulit makan sendiri emosi negatif sedih picu makan otak nyaman sehat mental drop makan aktivitas sedih simpan sehat kacang temen curhat sedih aktivitas;5;0.2130380715396846;makan - sehat - stres - makan sehat - badan - berat badan - sehat mental - tubuh - pola makan - mental;5_makan_sehat_stres_makan sehat;makan sedih emosi negatif pengaruh laku paham betapa sulit makan sendiri emosi negatif sedih picu makan otak nyaman sehat mental drop makan aktivitas sedih simpan sehat kacang temen curhat sedih aktivitas
Saya pikir saya punya bulimia, tapi takut ke dokter, dan itu bikin cemas. Bagaimana terapi membantu, dan apa yang bisa saya lakukan?;Keberanianmu untuk pikirkan ini luar biasa, meski takut! Terapi untuk bulimia, seperti CBT, bantu atur pola makan dengan pantau kebiasaan dan ubah pikiran negatif, sering dikombinasikan dengan obat untuk kurangi dorongan makan berlebihan. Ini bantu kesehatan mental karena bikin kamu merasa kendali. Coba cari konselor yang ramah atau hotline kesehatan mental untuk mulai bicara. Tulis perasaanmu untuk persiapan. Bilang, ‘Aku layak sembuh.’ Apa yang bikin takut, dan langkah kecil apa yang bisa kamu ambil?;GROK;D1_GROK_HealthPsycology96-113_30.json;bulimia takut dokter cemas terapi laku berani luar takut terapi bulimia atur pola makan pantau ubah negatif kombinasi obat kurang dorong makan sehat mental kendali konselor ramah hotline sehat mental bicara siap layak sembuh takut kecil;5;1.0;makan - sehat - stres - makan sehat - badan - berat badan - sehat mental - tubuh - pola makan - mental;5_makan_sehat_stres_makan sehat;bulimia takut dokter cemas terapi laku berani luar takut terapi bulimia atur pola makan pantau ubah negatif kombinasi obat kurang dorong makan sehat mental kendali konselor ramah hotline sehat mental bicara siap layak sembuh takut kecil
Saya coba atasi bulimia, tapi kambuh saat stres, dan itu bikin down. Bagaimana pencegahan kekambuhan membantu, dan apa yang bisa saya lakukan?;Kamu kuat banget udah berusaha atasi bulimia—kambuh itu wajar! Pencegahan kekambuhan ajarin koping untuk situasi stres, seperti buat rencana ‘Kalau stres, aku meditasi 5 menit.’ Ini bantu kesehatan mental karena bikin kamu merasa siap. Coba tulis pemicu stresmu dan solusi, seperti denger musik atau jalan kaki. Simpan jurnal untuk lacak progres. Bilang, ‘Aku bisa hadapi ini!’ Apa situasi yang bikin kambuh, dan koping apa yang pengen kamu coba?;GROK;D1_GROK_HealthPsycology96-113_30.json;bulimia kambuh stres down cegah kambuh laku kuat udah usaha bulimia kambuh cegah kambuh ajarin koping situasi stres rencana stres meditasi sehat mental siap picu stres solusi denger musik jalan kaki simpan jurnal lacak progres hadap situasi kambuh koping;5;0.2175490052955467;makan - sehat - stres - makan sehat - badan - berat badan - sehat mental - tubuh - pola makan - mental;5_makan_sehat_stres_makan sehat;bulimia kambuh stres down cegah kambuh laku kuat udah usaha bulimia kambuh cegah kambuh ajarin koping situasi stres rencana stres meditasi sehat mental siap picu stres solusi denger musik jalan kaki simpan jurnal lacak progres hadap situasi kambuh koping
Mengapa kegiatan sederhana seperti makan teratur dan jalan santai bisa membantu kesehatan mentalku?;Rutinitas menenangkan sistem saraf. Makanan seimbang dan gerakan ringan memberi sinyal pada otak bahwa tubuh aman, sehingga rasa cemas atau sedih cenderung mereda.;GPT;D2_GPT_DrAndrewClinicalPsychology44-64_60.json;giat sederhana makan atur jalan santai sehat mental tenang saraf makan imbang gera ringan beri otak tubuh cemas sedih cenderung reda;5;0.1094657641529967;makan - sehat - stres - makan sehat - badan - berat badan - sehat mental - tubuh - pola makan - mental;5_makan_sehat_stres_makan sehat;giat sederhana makan atur jalan santai sehat mental tenang saraf makan imbang gera ringan beri otak tubuh cemas sedih cenderung reda
Bagaimana menerapkan konsep ‘values’ dari ACT untuk memotivasi diri bangun pagi?;Hubungkan tindakan kecil dengan nilai penting—misalnya kesehatan atau keluarga. Ingatkan diri, ‘Aku bangun lebih awal agar punya energi bermain dengan adik’.;GPT;D2_GPT_DrAndrewClinicalPsychology44-64_60.json;terap konsep values motivasi diri pagi tindak kecil nilai penting sehat keluarga ingat diri awal energi main adik;5;0.1381337905586725;makan - sehat - stres - makan sehat - badan - berat badan - sehat mental - tubuh - pola makan - mental;5_makan_sehat_stres_makan sehat;terap konsep values motivasi diri pagi tindak kecil nilai penting sehat keluarga ingat diri awal energi main adik
Aku merasa lapar padahal baru saja makan, apa yang salah denganku?;Wah, itu bisa jadi karena kebiasaan atau kondisi tertentu, lho. Kadang, rasa lapar muncul bukan karena perut kosong, tapi karena kamu terbiasa makan di waktu tertentu atau melihat makanan yang menggoda. Coba perhatikan, apakah ini sering terjadi saat kamu stres atau bosan? Mungkin kita bisa cari tahu pemicunya bersama.;GROK;D4_GROK_PengantarPsikologiBimoW233-248_22.json;lapar padahal makan salah kondisi lapar muncul bukan perut kosong makan makan goda perhati stres bosan tahu picu;5;1.0;makan - sehat - stres - makan sehat - badan - berat badan - sehat mental - tubuh - pola makan - mental;5_makan_sehat_stres_makan sehat;lapar padahal makan salah kondisi lapar muncul bukan perut kosong makan makan goda perhati stres bosan tahu picu
Aku nggak yakin aku bisa pilih gaya hidup baru. Aku nggak tahu caranya mulai dari mana. Kamu punya saran?;Aku paham itu terasa berat. Coba mulai dengan sesuatu yang sederhana, seperti menulis tiga hal yang kamu syukuri setiap hari. Itu bisa bantu kamu lihat dunia dari sudut yang lebih positif. Kalau mau, kita bisa bikin daftar bareng. Apa yang menurutmu bisa jadi langkah pertama?;GROK;D6_GROK_BeraniTidakDisukaiW53-63_15.json;yakin pilih gaya hidup tahu saran paham berat sederhana syukur sudut positif daftar bareng turut pertama;5;0.3695260026099174;makan - sehat - stres - makan sehat - badan - berat badan - sehat mental - tubuh - pola makan - mental;-1_diri_takut_sendiri_kecil;yakin pilih gaya hidup tahu saran paham berat sederhana syukur sudut positif daftar bareng turut pertama
