question;answer;from;filename;document_preprocessed;Topic;Probability;Top_n_words;Name;Document
Kenapa ditolak rasanya seperti dunia runtuh? Apa ini normal?;Sangat normal kalau kamu merasa begitu. Otak kita memang dirancang untuk bereaksi kuat terhadap penolakan, karena dulu itu bisa berarti kehilangan sesuatu yang penting untuk bertahan hidup. Sekarang, coba ingat bahwa penolakan ini tidak mendefinisikan nilai dirimu. Lakukan sesuatu yang menenangkan, seperti jalan-jalan atau dengar musik. Kalau bisa, ceritakan perasaanmu ke seseorang yang kamu percaya—itu bisa bikin bebanmu lebih ringan.;GROK;A1_GROK_EmotionalFirstAid1-22_41.json;tolak runtuh otak rancang reaksi kuat hadap tolak arti hilang penting tahan hidup ingat tolak definisi nilai diri laku tenang jalan jalan dengar musik percaya beban ringan;2;1.0;jalan - hidup - kecil - musik - diri - sendiri - ngerasa - capek - dengar - stres;2_musik_jalan_dengar musik_energi;tolak runtuh otak rancang reaksi kuat hadap tolak arti hilang penting tahan hidup ingat tolak definisi nilai diri laku tenang jalan jalan dengar musik percaya beban ringan
Aku susah banget ngatur emosi, gampang marah. Apa yang bisa aku coba biar lebih tenang?;Gampang marah bisa bikin capek, ya. Coba pas mau marah, tarik napas dalam 10 kali, lalu tanya: ‘Apa yang bikin aku kesal?’ Tulis tiga hal yang bikin kamu tenang, seperti musik atau jalan kaki. Buat kebiasaan kecil, seperti hitung sampai lima sebelum ngomong pas emosi. Ngobrol sama temen yang kalem juga bisa bantu. Yuk, coba hitung napas pas kesal besok.;GROK;A1_GROK_FilosofiTeras150-157_26.json;susah ngatur emosi gampang marah tenang gampang marah capek marah kesal tenang musik jalan kaki kecil hitung lima ngomong emosi temen kalem hitung kesal;2;1.0;jalan - hidup - kecil - musik - diri - sendiri - ngerasa - capek - dengar - stres;2_musik_jalan_dengar musik_energi;susah ngatur emosi gampang marah tenang gampang marah capek marah kesal tenang musik jalan kaki kecil hitung lima ngomong emosi temen kalem hitung kesal
Aku merasa sering ‘ngidam’ kenyamanan, normal nggak sih?;Itu sangat normal, kok! Melanie Klein bilang bahwa sejak bayi, kita punya dorongan untuk mencari kenyamanan, seperti saat kita lapar atau butuh pelukan. Coba cari cara sederhana untuk menenangkan diri, seperti mendengarkan musik favorit atau minum teh hangat. Itu bisa membantu memenuhi kebutuhan kenyamananmu.;GROK;A1_GROK_PsikologiKepribadian147-173_52.json;ngidam nyaman melanie klein sejak dorong nyaman lapar butuh peluk sederhana tenang diri dengar musik favorit hangat penuh butuh nyaman;2;1.0;jalan - hidup - kecil - musik - diri - sendiri - ngerasa - capek - dengar - stres;2_musik_jalan_dengar musik_energi;ngidam nyaman melanie klein sejak dorong nyaman lapar butuh peluk sederhana tenang diri dengar musik favorit hangat penuh butuh nyaman
Aku kesal banget gara-gara antrean panjang di kasir. Gimana caranya biar nggak emosi?;Antrean panjang emang bikin bete. Tapi coba tanya: layak nggak sih ini bikin moodku rusak? Fakta cuma antrean, bukan akhir dunia. Putar lagu favorit di earphone atau amatin orang sekitar buat hiburan. Tulis tiga hal kecil yang bikin kamu senyum hari ini, seperti kopi enak tadi. Alihkan energi ke hal yang bikin happy. Coba dengar satu lagu santai pas antre besok.;GROK;A2_GROK_FilosofiTeras159-182_60.json;kesal gara gara antre panjang kasir emosi antre panjang emang bete layak moodku rusak fakta antre bukan akhir putar favorit earphone amatin hibur kecil senyum kopi enak tadi energi happy dengar santai antre;2;1.0;jalan - hidup - kecil - musik - diri - sendiri - ngerasa - capek - dengar - stres;2_musik_jalan_dengar musik_energi;kesal gara gara antre panjang kasir emosi antre panjang emang bete layak moodku rusak fakta antre bukan akhir putar favorit earphone amatin hibur kecil senyum kopi enak tadi energi happy dengar santai antre
Aku suka ngeluh kalau macet, bikin stres sendiri. Apa yang bisa aku coba biar nggak gitu?;Macet bisa bikin pengen ngeluh, tapi coba tantang diri buat nggak ngomel. Pas macet, tarik napas dalam, lalu tanya: ‘Apa gunanya ngeluh? Macetnya ilang nggak?’ Fokus ke apa yang bisa kamu nikmati, seperti podcast atau nyanyi. Tulis tiga hal yang bikin kamu bersyukur, seperti sampai tujuan dengan selamat. Coba buat hari ini ‘no complaint day’ di jalan. Yuk, siapin playlist seru buat besok.;GROK;A2_GROK_FilosofiTeras159-182_60.json;ngeluh macet stres sendiri macet ngeluh tantang diri ngomel macet ngeluh macet ilang nikmat podcast syukur tuju selamat complaint jalan siapin playlist seru;2;1.0;jalan - hidup - kecil - musik - diri - sendiri - ngerasa - capek - dengar - stres;2_musik_jalan_dengar musik_energi;ngeluh macet stres sendiri macet ngeluh tantang diri ngomel macet ngeluh macet ilang nikmat podcast syukur tuju selamat complaint jalan siapin playlist seru
Aku suka ngeluh kalau antre di bank, bikin capek. Apa yang bisa aku coba biar nggak gitu?;Antre di bank bisa bikin pengen ngomel, tapi coba tantang diri buat stop ngeluh. Pas mau ngeluh, tarik napas dalam, lalu tanya: ‘Ngeluh bikin antrean cepet nggak?’ Fokus ke apa yang bisa kamu nikmati, seperti denger podcast atau amatin orang. Tulis tiga hal yang bikin kamu bersyukur, seperti urusan selesai. Coba buat ‘no complaint’ saat antre besok. Yuk, siapin podcast seru.;GROK;A2_GROK_FilosofiTeras159-182_60.json;ngeluh antre bank capek antre bank ngomel tantang diri stop ngeluh ngeluh ngeluh antre cepet nikmat denger podcast amatin syukur urus complaint antre siapin podcast seru;2;1.0;jalan - hidup - kecil - musik - diri - sendiri - ngerasa - capek - dengar - stres;2_musik_jalan_dengar musik_energi;ngeluh antre bank capek antre bank ngomel tantang diri stop ngeluh ngeluh ngeluh antre cepet nikmat denger podcast amatin syukur urus complaint antre siapin podcast seru
Aku suka ngeluh kalau cuaca panas, bikin stres sendiri. Apa yang bisa aku coba?;Cuaca panas bisa bikin pengen ngeluh, tapi coba tantang diri buat stop ngomel. Pas mau ngeluh, tarik napas dalam, lalu tanya: ‘Ngeluh bikin udara dingin nggak?’ Fokus ke apa yang bisa kamu nikmati, seperti minum es atau denger musik. Tulis tiga hal yang bikin kamu bersyukur, seperti kesehatan. Coba buat ‘no complaint’ saat panas besok. Yuk, siapin minuman dingin.;GROK;A2_GROK_FilosofiTeras159-182_60.json;ngeluh cuaca panas stres sendiri cuaca panas ngeluh tantang diri stop ngomel ngeluh ngeluh udara dingin nikmat denger musik syukur sehat complaint panas siapin dingin;2;1.0;jalan - hidup - kecil - musik - diri - sendiri - ngerasa - capek - dengar - stres;2_musik_jalan_dengar musik_energi;ngeluh cuaca panas stres sendiri cuaca panas ngeluh tantang diri stop ngomel ngeluh ngeluh udara dingin nikmat denger musik syukur sehat complaint panas siapin dingin
Aku kesal gara-gara antrean dokter lama. Gimana caranya biar nggak bete lama?;Antrean dokter lama emang bikin jengkel, tapi tanya: layak nggak sih ini bikin hariku rusak? Fakta cuma antrean, bukan bencana. Bawa buku atau denger podcast biar santai. Tulis tiga hal yang bikin kamu senyum hari ini, seperti kesehatan. Alihkan energi ke hal seru, seperti ngobrol sama orang di antrean. Coba bawa satu buku buat antre besok.;GROK;A2_GROK_FilosofiTeras159-182_60.json;kesal gara gara antre dokter lama bete lama antre dokter lama emang jengkel layak rusak fakta antre bukan bencana bawa buku denger podcast santai senyum sehat energi seru antre bawa buku antre;2;1.0;jalan - hidup - kecil - musik - diri - sendiri - ngerasa - capek - dengar - stres;2_musik_jalan_dengar musik_energi;kesal gara gara antre dokter lama bete lama antre dokter lama emang jengkel layak rusak fakta antre bukan bencana bawa buku denger podcast santai senyum sehat energi seru antre bawa buku antre
Aku kesal gara-gara antrean panjang di dokter mata. Gimana caranya biar nggak bete lama?;Antrean panjang emang bikin jengkel, tapi tanya: layak nggak sih ini bikin hariku rusak? Fakta cuma antrean, bukan bencana. Bawa buku atau denger podcast biar santai. Tulis tiga hal yang bikin kamu senyum hari ini, seperti kesehatan. Alihkan energi ke hal seru, seperti ngobrol sama orang di antrean. Coba bawa satu buku buat antre besok.;GROK;A2_GROK_FilosofiTeras159-182_60.json;kesal gara gara antre panjang dokter mata bete lama antre panjang emang jengkel layak rusak fakta antre bukan bencana bawa buku denger podcast santai senyum sehat energi seru antre bawa buku antre;2;1.0;jalan - hidup - kecil - musik - diri - sendiri - ngerasa - capek - dengar - stres;2_musik_jalan_dengar musik_energi;kesal gara gara antre panjang dokter mata bete lama antre panjang emang jengkel layak rusak fakta antre bukan bencana bawa buku denger podcast santai senyum sehat energi seru antre bawa buku antre
Aku kesal gara-gara antrean panjang di ATM. Gimana caranya biar nggak bete lama?;Antrean ATM lama emang bikin jengkel, tapi tanya: layak nggak sih ini bikin hariku rusak? Fakta cuma antrean, bukan bencana. Bawa buku atau denger podcast biar santai. Tulis tiga hal yang bikin kamu senyum hari ini, seperti cuaca cerah. Alihkan energi ke hal seru, seperti ngobrol sama orang di antrean. Coba bawa satu buku buat antre besok.;GROK;A2_GROK_FilosofiTeras159-182_60.json;kesal gara gara antre panjang bete lama antre lama emang jengkel layak rusak fakta antre bukan bencana bawa buku denger podcast santai senyum cuaca cerah energi seru antre bawa buku antre;2;1.0;jalan - hidup - kecil - musik - diri - sendiri - ngerasa - capek - dengar - stres;2_musik_jalan_dengar musik_energi;kesal gara gara antre panjang bete lama antre lama emang jengkel layak rusak fakta antre bukan bencana bawa buku denger podcast santai senyum cuaca cerah energi seru antre bawa buku antre
Aku selalu stres kalau macet di jalan, rasanya bikin mood jelek seharian. Gimana caranya biar nggak kesel terus?;Macet emang bikin frustrasi, ya. Tapi coba ubah cara pandangmu—misalnya, anggap macet sebagai waktu buat nikmatin musik atau podcast favorit. Kalau masih kesel, coba tarik napas dalam beberapa kali sambil bilang dalam hati, ‘Ini cuma sementara.’ Persiapan sebelum berangkat juga bantu, kayak bawa air minum atau camilan biar nggak tambah bete. Lama-lama, kamu bakal lebih santai. Yuk, coba dulu di perjalanan besok!;GROK;A2_GROK_FilosofiTeras31-44_30.json;stres macet jalan mood jelek kesel terus macet emang frustrasi ubah pandang anggap macet nikmatin musik podcast favorit kesel beberapa hati siap berangkat bawa tambah bete lama lama santai jalan;2;1.0;jalan - hidup - kecil - musik - diri - sendiri - ngerasa - capek - dengar - stres;2_musik_jalan_dengar musik_energi;stres macet jalan mood jelek kesel terus macet emang frustrasi ubah pandang anggap macet nikmatin musik podcast favorit kesel beberapa hati siap berangkat bawa tambah bete lama lama santai jalan
Aku sering emosi dan ngeluh kalau sesuatu nggak berjalan sesuai rencana. Gimana caranya biar nggak gampang kesal?;Wah, emosi pas rencana berantakan itu wajar, kok. Coba kalau lagi kesal, ambil jeda sebentar—hitung sampai 10 atau jalan kaki 5 menit. Lalu, tanya ke diri sendiri: ‘Apa yang bikin aku kesal, dan apa yang bisa aku ubah?’ Misalnya, kalau macet bikin bete, putar musik favorit atau dengar podcast biar lebih santai. Dengan fokus ke apa yang bisa kamu kendalikan, seperti reaksimu, lama-lama kamu bakal lebih tenang. Yuk, coba satu cara dulu besok!;GROK;A2_GROK_FilosofiTeras63-89_60.json;emosi ngeluh jalan sesuai rencana gampang kesal emosi rencana beranta kesal jeda sebentar hitung jalan kaki diri sendiri kesal ubah macet bete putar musik favorit dengar podcast santai kendali reaksi lama lama tenang;2;1.0;jalan - hidup - kecil - musik - diri - sendiri - ngerasa - capek - dengar - stres;2_musik_jalan_dengar musik_energi;emosi ngeluh jalan sesuai rencana gampang kesal emosi rencana beranta kesal jeda sebentar hitung jalan kaki diri sendiri kesal ubah macet bete putar musik favorit dengar podcast santai kendali reaksi lama lama tenang
Aku pengen nyanyi keras-keras di tengah malam biar stresku hilang. Boleh nggak?;Haha, nyanyi keras-keras memang bisa ngelepasin emosi, tapi tengah malam mungkin bikin tetangga protes. Mungkin coba nyanyi di siang hari atau dengar musik keras pake earphone? Kalau stresnya berat, mungkin kita bisa coba cara lain, kayak jurnal atau olahraga. Apa yang bikin kamu stres banget?;GROK;D11_GROK_AHandbookfortheSMH17-27_20.json;tengah stres hilang haha ngelepasin emosi tengah tetangga protes siang dengar musik pake earphone stres berat jurnal olahraga stres;2;1.0;jalan - hidup - kecil - musik - diri - sendiri - ngerasa - capek - dengar - stres;2_musik_jalan_dengar musik_energi;tengah stres hilang haha ngelepasin emosi tengah tetangga protes siang dengar musik pake earphone stres berat jurnal olahraga stres
Aku suka ngebayangin hal-hal buruk, kayak kecelakaan atau orang rumah sakit. Aku nggak mau gitu, tapi susah berhenti. Kenapa ya?;Pikiran kayak gitu pasti bikin capek, ya? Itu bisa jadi tanda GAD, di mana pikiran suka bikin skenario buruk yang bikin cemas. Kadang, ini cara otak kita buat ‘nyiapin’ diri, tapi malah bikin stres. Coba alihin pikiran ke hal yang bikin seneng, kayak denger musik atau jalan-jalan. Apa yang biasanya bikin kamu rileks? Ceritain, yuk!;GROK;D12_GROK_ClinicalHandbookPsychologicalDisorders198-208_20.json;ngebayangin celaka sakit susah henti capek skenario cemas otak nyiapin diri malah stres alihin neng denger musik jalan jalan rileks;2;1.0;jalan - hidup - kecil - musik - diri - sendiri - ngerasa - capek - dengar - stres;2_musik_jalan_dengar musik_energi;ngebayangin celaka sakit susah henti capek skenario cemas otak nyiapin diri malah stres alihin neng denger musik jalan jalan rileks
Aku suka ngelakuin hal yang sebenarnya nggak baik buat aku, kayak begadang atau nunda-nunda. Aku benci diri sendiri karena ini. Gimana caranya berhenti?;Jangan benci diri sendiri dulu, ya. Kebiasaan kayak begadang atau nunda itu sering datang dari cara kita ngatasin stres. Coba kita lihat apa yang bikin kamu ngelakuin itu, misalnya apa yang kamu rasain sebelum begadang? Mungkin kita bisa ganti kebiasaan itu dengan sesuatu yang lebih sehat, seperti tidur lebih awal dengan musik santai. Mau coba buat rencana kecil bareng?;GROK;D12_GROK_ClinicalHandbookPsychologicalDisorders253-263_20.json;ngelakuin begadang nunda nunda benci diri sendiri henti jangan benci diri sendiri begadang nunda datang ngatasin stres ngelakuin rasain begadang sehat tidur awal musik santai rencana kecil bareng;2;1.0;jalan - hidup - kecil - musik - diri - sendiri - ngerasa - capek - dengar - stres;2_musik_jalan_dengar musik_energi;ngelakuin begadang nunda nunda benci diri sendiri henti jangan benci diri sendiri begadang nunda datang ngatasin stres ngelakuin rasain begadang sehat tidur awal musik santai rencana kecil bareng
Tiap kali aku sedih, aku cuma pengen rebahan di kamar. Tapi malah makin parah. Aku harus apa?;Aku ngerti, rebahan memang nyaman buat sementara. Tapi, coba deh lakuin sesuatu yang beda, meski kecil, kayak jalan keluar rumah sebentar atau dengerin musik favorit. Pernah coba sesuatu yang bikin mood kamu naik meski sedikit?;GROK;D12_GROK_ClinicalHandbookPsychologicalDisorders264-274_20.json;sedih rebah kamar malah makin parah rebah nyaman lakuin kecil jalan keluar sebentar dengerin musik favorit mood naik;2;1.0;jalan - hidup - kecil - musik - diri - sendiri - ngerasa - capek - dengar - stres;2_musik_jalan_dengar musik_energi;sedih rebah kamar malah makin parah rebah nyaman lakuin kecil jalan keluar sebentar dengerin musik favorit mood naik
Aku pengen nyanyi lagi, tapi tiap buka lagu, aku malah inget kehilanganku. Aku harus stop nyanyi nggak?;Nggak perlu stop, tapi mungkin coba pilih lagu yang nggak terlalu emosional dulu, seperti lagu upbeat atau instrumental. Kalau masih susah, coba nyanyi bareng temen atau di tempat yang bikin kamu rileks. Kalau kenangan itu terus muncul, ceritain ke terapis biar kamu bisa nikmati nyanyi lagi tanpa beban.;GROK;D12_GROK_ClinicalHandbookPsychologicalDisorders352-362_20.json;malah inget hilang stop perlu stop pilih terlalu emosional upbeat instrumental susah bareng temen tempat rileks kenang terus muncul terap nikmat beban;2;1.0;jalan - hidup - kecil - musik - diri - sendiri - ngerasa - capek - dengar - stres;2_musik_jalan_dengar musik_energi;malah inget hilang stop perlu stop pilih terlalu emosional upbeat instrumental susah bareng temen tempat rileks kenang terus muncul terap nikmat beban
Aku suka nonton TV berjam-jam buat ngalihin pikiran. Tapi kok malah tambah down?;Aku paham, kadang kita cari pelarian biar nggak mikir terlalu banyak. Tapi, kalau terlalu lama, itu bisa bikin kita makin terjebak dalam suasana hati yang buruk. Mungkin kita bisa coba ganti sebagian waktu nonton dengan aktivitas yang bikin kamu merasa lebih hidup, seperti jalan kaki sebentar atau dengar musik yang kamu suka. Apa ada aktivitas yang dulu pernah bikin kamu senang?;GROK;D12_GROK_ClinicalHandbookPsychologicalDisorders374-384_20.json;nonton ngalihin malah tambah down paham lari mikir terlalu terlalu lama makin jebak suasana hati nonton aktivitas hidup jalan kaki sebentar dengar musik aktivitas senang;2;1.0;jalan - hidup - kecil - musik - diri - sendiri - ngerasa - capek - dengar - stres;2_musik_jalan_dengar musik_energi;nonton ngalihin malah tambah down paham lari mikir terlalu terlalu lama makin jebak suasana hati nonton aktivitas hidup jalan kaki sebentar dengar musik aktivitas senang
Aku ngerasa capek banget sama hidupku yang gini. Kadang pengen nyerah. Apa yang bisa aku lakuin?;Aku denger betapa lelahnya kamu, dan nggak apa-apa merasa gitu. Tapi kamu masih di sini, itu artinya kamu kuat. Coba cari satu hal kecil yang bikin kamu merasa hidup, seperti jalan-jalan atau denger musik. Kalau rasa pengen nyerah kuat banget, ngobrol sama konselor atau hotline bisa bantu. Apa yang bikin kamu merasa capek banget akhir-akhir ini?;GROK;D12_GROK_ClinicalHandbookPsychologicalDisorders638-648_20.json;ngerasa capek hidup nyerah lakuin denger betapa lelah arti kuat kecil hidup jalan jalan denger musik nyerah kuat konselor hotline capek akhir akhir;2;1.0;jalan - hidup - kecil - musik - diri - sendiri - ngerasa - capek - dengar - stres;2_musik_jalan_dengar musik_energi;ngerasa capek hidup nyerah lakuin denger betapa lelah arti kuat kecil hidup jalan jalan denger musik nyerah kuat konselor hotline capek akhir akhir
Aku cuma pengen nyerah, ngapain berusaha kalau sakit ini nggak hilang-hilang?;Aku dengar kamu lagi merasa putus asa, dan itu wajar kalau kamu udah berjuang lama. Tapi nyerah mungkin bikin kamu kehilangan kesempatan buat merasa lebih baik. Coba kita fokus ke satu hal kecil yang bisa bikin harimu sedikit lebih nyaman, misalnya dengar musik yang kamu suka atau latihan relaksasi otot. Apa satu hal kecil yang bisa kamu coba hari ini?;GROK;D12_GROK_ClinicalHandbookPsychologicalDisorders704-714_20.json;nyerah usaha sakit hilang hilang dengar putus udah juang lama nyerah hilang sempat kecil nyaman dengar musik relaksasi kecil;2;1.0;jalan - hidup - kecil - musik - diri - sendiri - ngerasa - capek - dengar - stres;2_musik_jalan_dengar musik_energi;nyerah usaha sakit hilang hilang dengar putus udah juang lama nyerah hilang sempat kecil nyaman dengar musik relaksasi kecil
Aku suka ngelamun tentang kejadian buruk di masa lalu, susah banget ngelupain. Apa yang harus aku lakuin?;Kedengeran kayak kamu lagi ngalamin memori intrusif, sering terjadi sama orang yang punya trauma. Nggak gampang memang, tapi coba alihkan fokus ke hal yang bikin tenang, kayak dengar musik atau jalan-jalan. Kalau ini sering banget, mungkin ngobrol sama profesional bisa bantu. Apa kamu punya aktivitas yang bikin rileks?;GROK;D12_GROK_ClinicalHandbookPsychologicalDisorders77-87_20.json;ngelamun masa susah ngelupain lakuin kedengeran ngalamin memori intrusif trauma gampang tenang dengar musik jalan jalan profesional aktivitas rileks;2;1.0;jalan - hidup - kecil - musik - diri - sendiri - ngerasa - capek - dengar - stres;2_musik_jalan_dengar musik_energi;ngelamun masa susah ngelupain lakuin kedengeran ngalamin memori intrusif trauma gampang tenang dengar musik jalan jalan profesional aktivitas rileks
Aku merasa capek banget sama rutinitas belajar. Gimana biar nggak bosen?;Rutinitas yang itu-itu aja emang bikin capek. Coba selingi belajarmu dengan sesuatu yang seru, kayak belajar sambil dengerin musik atau pindah tempat belajar, mungkin ke kafe atau taman. Atau, ajak temen buat belajar bareng biar lebih hidup. Cari cara buat bikin belajar jadi petualangan kecil. Apa yang biasanya bikin kamu semangat lagi?;GROK;D3_GROK_PengantarPsikologiAdnan111-121_20.json;capek bosen emang capek seling seru dengerin musik pindah tempat kafe taman temen bareng hidup tualang kecil semangat;2;1.0;jalan - hidup - kecil - musik - diri - sendiri - ngerasa - capek - dengar - stres;2_musik_jalan_dengar musik_energi;capek bosen emang capek seling seru dengerin musik pindah tempat kafe taman temen bareng hidup tualang kecil semangat
Aku pengen lebih aktif, tapi kok rasanya susah banget, ada saran?;Pengen aktif tapi susah mulai itu wajar banget, kok. Kadang, kita butuh pemicu kecil buat gerak. Misalnya, coba mulai dari sesuatu yang kamu suka, seperti jalan kaki sambil dengar musik atau ikut kegiatan yang bikin penasaran. Tubuh dan pikiran kita sering dipengaruhi sama kebiasaan, jadi coba buat langkah kecil yang rutin. Kalau misalnya nggak mood, tanya ke diri sendiri: apa satu hal kecil yang bisa aku lakukan sekarang? Itu bisa bantu banget.;GROK;D3_GROK_PengantarPsikologiAdnan133-143_20.json;susah saran susah butuh picu kecil gerak jalan kaki dengar musik giat penasaran tubuh pengaruh kecil rutin mood diri sendiri kecil laku;2;1.0;jalan - hidup - kecil - musik - diri - sendiri - ngerasa - capek - dengar - stres;2_musik_jalan_dengar musik_energi;susah saran susah butuh picu kecil gerak jalan kaki dengar musik giat penasaran tubuh pengaruh kecil rutin mood diri sendiri kecil laku
Kenapa aku gampang kesal sama hal kecil? Aku capek begini.;Gampang kesal sama hal kecil bisa bikin lelah, ya. Ini bisa terjadi karena ada emosi lain yang mendasarinya, seperti stres atau kelelahan. Coba perhatikan, apa kamu sedang banyak tekanan akhir-akhir ini? Kalau iya, mungkin kamu perlu jeda, seperti jalan-jalan sebentar atau dengar musik yang bikin tenang. Mengelola hal kecil dulu bisa bantu nggak mudah tersulut.;GROK;D4_GROK_PengantarPsikologiBimoW13-23_20.json;gampang kesal kecil capek begini gampang kesal kecil lelah emosi stres lelah perhati sedang tekan akhir akhir perlu jeda jalan jalan sebentar dengar musik tenang kelola kecil mudah sulut;2;1.0;jalan - hidup - kecil - musik - diri - sendiri - ngerasa - capek - dengar - stres;2_musik_jalan_dengar musik_energi;gampang kesal kecil capek begini gampang kesal kecil lelah emosi stres lelah perhati sedang tekan akhir akhir perlu jeda jalan jalan sebentar dengar musik tenang kelola kecil mudah sulut
Kenapa aku gampang kesal sama hal-hal kecil? Aku capek begini.;Gampang kesal sama hal kecil bisa bikin lelah, ya. Ini kadang karena ada emosi lain di baliknya, seperti stres atau kelelahan. Coba perhatikan kapan kamu paling gampang kesal—mungkin saat capek? Luangkan waktu untuk istirahat, seperti dengar musik atau tarik napas dalam. Mengelola hal kecil dulu bisa bantu kamu lebih tenang. Apa yang lagi bikin kamu stres akhir-akhir ini?;GROK;D4_GROK_PengantarPsikologiBimoW35-45_20.json;gampang kesal kecil capek begini gampang kesal kecil lelah emosi balik stres lelah perhati kapan paling gampang kesal capek luang istirahat dengar musik kelola kecil tenang stres akhir akhir;2;1.0;jalan - hidup - kecil - musik - diri - sendiri - ngerasa - capek - dengar - stres;2_musik_jalan_dengar musik_energi;gampang kesal kecil capek begini gampang kesal kecil lelah emosi balik stres lelah perhati kapan paling gampang kesal capek luang istirahat dengar musik kelola kecil tenang stres akhir akhir
Tiap macet di jalan, aku suka marah-marah sendiri. Aku tahu ini nggak ngaruh, tapi susah berhenti. Gimana caranya?;Macet memang bikin frustrasi, tapi marah nggak akan bikin jalanan lancar, kan? Coba ubah cara kamu merespons. Misalnya, putar podcast atau lagu yang bikin rileks, atau tarik napas dalam-dalam sambil bilang ke diri sendiri, 'Ini cuma sementara.' Lama-lama, kamu bisa lebih santai. Apa yang biasanya bikin kamu tenang pas lagi stuck di jalan?;GROK;D5_GROK_MindfullLife11-20_20.json;macet jalan marah marah sendiri tahu ngaruh susah henti macet frustrasi marah jalan lancar ubah respons putar podcast rileks diri sendiri lama lama santai tenang stuck jalan;2;1.0;jalan - hidup - kecil - musik - diri - sendiri - ngerasa - capek - dengar - stres;2_musik_jalan_dengar musik_energi;macet jalan marah marah sendiri tahu ngaruh susah henti macet frustrasi marah jalan lancar ubah respons putar podcast rileks diri sendiri lama lama santai tenang stuck jalan
Aku ngerasa macet bikin aku buang waktu. Aku pengen lebih santai, tapi susah. Ada tips?;Macet memang bikin sebal, tapi itu di luar kendali kita. Coba manfaatkan waktu di jalan buat sesuatu yang bikin rileks, seperti dengerin audiobook atau latihan napas. Atau, berangkat lebih pagi kalau memungkinkan. Apa yang bisa bikin waktu di jalan terasa lebih produktif buat kamu?;GROK;D5_GROK_MindfullLife11-20_20.json;ngerasa macet buang santai susah tips macet sebal luar kendali manfaat jalan rileks dengerin audiobook berangkat pagi jalan produktif;2;1.0;jalan - hidup - kecil - musik - diri - sendiri - ngerasa - capek - dengar - stres;2_musik_jalan_dengar musik_energi;ngerasa macet buang santai susah tips macet sebal luar kendali manfaat jalan rileks dengerin audiobook berangkat pagi jalan produktif
Aku sering kesal sama kemacetan, gimana caranya biar nggak stres?;Kemacetan emang bikin jengkel, ya. Tapi, karena itu di luar kendali, coba alihkan energimu ke apa yang bisa kamu lakukan. Misalnya, dengerin podcast favorit, nyanyi, atau latihan napas dalam. Itu bisa bantu ubah momen macet jadi sesuatu yang lebih produktif atau menyenangkan. Apa aktivitas yang biasanya bikin kamu rileks?;GROK;D5_GROK_MindfullLife21-31_20.json;kesal macet stres macet emang jengkel luar kendali energi laku dengerin podcast favorit ubah momen macet produktif senang aktivitas rileks;2;1.0;jalan - hidup - kecil - musik - diri - sendiri - ngerasa - capek - dengar - stres;2_musik_jalan_dengar musik_energi;kesal macet stres macet emang jengkel luar kendali energi laku dengerin podcast favorit ubah momen macet produktif senang aktivitas rileks
Aku cemas tiap naik pesawat, takut delay atau kecelakaan. Gimana caranya biar nggak panik?;Naik pesawat bisa bikin deg-degan, tapi coba siapin pikiranmu. Bayangin delay terjadi: apa yang bisa kamu lakuin? Bawa buku atau playlist favorit biar santai. Soal kecelakaan, tanya: ‘Seberapa sering sih itu terjadi?’ Statistik bilang jarang banget. Tulis tiga hal yang bikin kamu excited soal perjalanan, seperti tujuanmu. Tarik napas dalam kalau cemas. Kamu bisa handle ini. Coba siapin satu aktivitas seru buat di pesawat.;GROK;A2_GROK_FilosofiTeras159-182_60.json;cemas naik pesawat takut delay celaka panik naik pesawat degan siapin bayangin delay lakuin bawa buku playlist favorit santai celaka berapa statistik jarang excited jalan tuju cemas handle siapin aktivitas seru pesawat;2;0.6686706564038767;jalan - hidup - kecil - musik - diri - sendiri - ngerasa - capek - dengar - stres;-1_diri_takut_sendiri_kecil;cemas naik pesawat takut delay celaka panik naik pesawat degan siapin bayangin delay lakuin bawa buku playlist favorit santai celaka berapa statistik jarang excited jalan tuju cemas handle siapin aktivitas seru pesawat
Aku gampang cemas soal hal-hal kecil, kayak ketinggalan bus. Gimana caranya biar nggak panik terus?;Cemas soal hal kecil emang bisa bikin capek, ya. Coba ubah sudut pandangmu—misalnya, kalau ketinggalan bus, anggap itu waktu buat nikmatin udara pagi atau dengar lagu favorit. Persiapan juga bantu, kayak cek jadwal bus sebelumnya. Kalau panik mulai datang, tarik napas dalam beberapa kali sambil bilang, ‘Aku bisa handle ini.’ Catat juga tiga hal kecil yang bikin kamu seneng hari ini—itu bantu pikiran lebih positif. Yuk, coba satu cara dulu besok!;GROK;A2_GROK_FilosofiTeras31-44_30.json;gampang cemas kecil tinggal panik terus cemas kecil emang capek ubah sudut pandang tinggal anggap nikmatin udara pagi dengar favorit siap jadwal panik datang beberapa handle catat kecil neng positif;2;0.6386168932253524;jalan - hidup - kecil - musik - diri - sendiri - ngerasa - capek - dengar - stres;-1_diri_takut_sendiri_kecil;gampang cemas kecil tinggal panik terus cemas kecil emang capek ubah sudut pandang tinggal anggap nikmatin udara pagi dengar favorit siap jadwal panik datang beberapa handle catat kecil neng positif
Aku takut nyetir sendirian, soalnya takut panik. Gimana biar percaya diri?;Takut nyetir sendirian itu bisa diatasi pelan-pelan. Coba mulai dengan rute pendek yang familiar, sambil bawa teknik napas atau musik yang bikin tenang. Ingat, panik nggak akan bikin kamu kehilangan kendali mobil—itu cuma sensasi. Apa rute pendek yang bisa kamu coba minggu ini? Kita bisa rencanain bareng.;GROK;D12_GROK_ClinicalHandbookPsychologicalDisorders55-65_20.json;takut nyetir sendiri takut panik percaya diri takut nyetir sendiri pelan pelan rute pendek familiar bawa teknik musik tenang ingat panik hilang kendali mobil sensasi rute pendek minggu rencanain bareng;2;0.610223449419325;jalan - hidup - kecil - musik - diri - sendiri - ngerasa - capek - dengar - stres;-1_diri_takut_sendiri_kecil;takut nyetir sendiri takut panik percaya diri takut nyetir sendiri pelan pelan rute pendek familiar bawa teknik musik tenang ingat panik hilang kendali mobil sensasi rute pendek minggu rencanain bareng
Aku merasa hidupku nggak punya arah, kayak cuma ngikutin apa yang orang lain harapkan. Apa yang bisa aku lakukan biar hidupku lebih bermakna?;Wajar kok kadang merasa bingung sama arah hidup, apalagi kalau banyak tekanan dari sekitar. Coba luangkan waktu buat kenal diri sendiri lebih dalam—misalnya, apa sih yang bikin kamu semangat atau merasa hidup? Tulis hal-hal kecil yang kamu nikmati, seperti denger musik atau jalan-jalan. Dari situ, kamu bisa mulai coba hal baru yang sesuai sama nilai kamu, bukan cuma ikut harapan orang lain. Langkah kecil aja dulu, nggak perlu buru-buru.;GROK;D3_GROK_PengantarPsikologiAdnan166-176_20.json;hidup arah ngikutin harap laku hidup makna arah hidup tekan luang kenal diri sendiri semangat hidup kecil nikmat denger musik jalan jalan situ sesuai nilai bukan harap kecil perlu buru buru;2;0.5089701836115242;jalan - hidup - kecil - musik - diri - sendiri - ngerasa - capek - dengar - stres;2_musik_jalan_dengar musik_energi;hidup arah ngikutin harap laku hidup makna arah hidup tekan luang kenal diri sendiri semangat hidup kecil nikmat denger musik jalan jalan situ sesuai nilai bukan harap kecil perlu buru buru
Aku merasa hidupku cuma refleks aja, seperti nggak punya makna. Gimana cara mengubahnya?;Merasa hidup seperti berjalan otomatis bisa bikin kita merasa hampa. Coba cari tahu apa yang dulu bikin kamu merasa hidup, meski itu hal kecil seperti mendengar musik atau membantu orang lain. Mulai dari situ, lakukan satu langkah kecil setiap hari. Kalau perasaan ini berlangsung lama, ngobrol dengan seseorang bisa membantu menemukan makna baru. Apa satu hal yang pernah bikin kamu merasa bersemangat?;GROK;D3_GROK_PengantarPsikologiAdnan25-35_20.json;hidup refleks makna ubah hidup jalan otomatis hampa tahu hidup kecil dengar musik situ laku kecil langsung lama makna semangat;2;0.5076830717504991;jalan - hidup - kecil - musik - diri - sendiri - ngerasa - capek - dengar - stres;2_musik_jalan_dengar musik_energi;hidup refleks makna ubah hidup jalan otomatis hampa tahu hidup kecil dengar musik situ laku kecil langsung lama makna semangat
Aku pengen lebih bahagia, tapi nggak tahu caranya. Ada saran?;Bahagia itu memang kadang terasa sulit dicari, ya. Coba mulai dari hal-hal kecil yang bikin kamu tersenyum, seperti dengerin musik favorit atau jalan-jalan di tempat yang tenang. Lalu, pikirkan apa yang bikin hidupmu terasa bermakna, misalnya hubungan sama orang terdekat atau tujuan pribadi. Kalau ada hal yang bikin kamu down, nggak apa-apa untuk ngobrol sama seseorang yang bisa mendengar. Kita cari kebahagiaan bareng, ya.;GROK;D3_GROK_PengantarPsikologiAdnan210-220_20.json;bahagia tahu saran bahagia sulit kecil senyum dengerin musik favorit jalan jalan tempat tenang hidup makna dekat tuju pribadi down dengar bahagia bareng;2;0.5051703308091838;jalan - hidup - kecil - musik - diri - sendiri - ngerasa - capek - dengar - stres;2_musik_jalan_dengar musik_energi;bahagia tahu saran bahagia sulit kecil senyum dengerin musik favorit jalan jalan tempat tenang hidup makna dekat tuju pribadi down dengar bahagia bareng
Aku ingin bahagia, tapi rasanya sulit banget. Apa kuncinya?;Bahagia itu nggak selalu tentang mencapai sesuatu yang besar. Coba lihat hidup sebagai rangkaian momen kecil. Lakukan sesuatu yang membuatmu merasa hidup hari ini, seperti mendengarkan musik favorit atau ngobrol dengan teman. Setiap langkah kecil itu berarti.;GROK;D6_GROK_BeraniTidakDisukaiW317-327_15.json;bahagia sulit kunci bahagia capai hidup rangkai momen kecil laku hidup dengar musik favorit teman kecil arti;2;0.5047203550144316;jalan - hidup - kecil - musik - diri - sendiri - ngerasa - capek - dengar - stres;2_musik_jalan_dengar musik_energi;bahagia sulit kunci bahagia capai hidup rangkai momen kecil laku hidup dengar musik favorit teman kecil arti
Aku ngerasa hidupku nggak ada artinya. Gimana caranya aku nemuin makna?;Cari makna itu kayak perjalanan, nggak instan. Coba pikir, apa satu hal yang bikin kamu merasa hidup, meski kecil? Mungkin membantu orang lain atau nyanyi karaoke. Dari situ, kita bisa cari langkah berikutnya bareng.;GROK;D8_GROK_BerdamaiDenganDiriSendiri120-130_20.json;ngerasa hidup arti nemuin makna makna jalan instan hidup kecil karaoke situ bareng;2;0.5013799999950317;jalan - hidup - kecil - musik - diri - sendiri - ngerasa - capek - dengar - stres;2_musik_jalan_dengar musik_energi;ngerasa hidup arti nemuin makna makna jalan instan hidup kecil karaoke situ bareng
Aku ngerasa hidupku nggak adil karena keluargaku susah. Gimana caranya aku tetap semangat?;Merasa hidup nggak adil itu wajar, tapi kamu kuat, kok. Coba cari hal kecil yang bikin kamu senang setiap hari, seperti dengerin musik atau ngobrol sama temen. Fokus pada tujuanmu, seperti belajar atau hobi, untuk bikin kamu merasa punya arah. Aku di sini buat ingetin kamu bahwa kamu hebat.;GROK;D11_GROK_AHandbookfortheSMH347-357_20.json;ngerasa hidup adil keluarga susah tetap semangat hidup adil kuat kecil senang dengerin musik temen tuju arah ingetin;2;0.4990495057689657;jalan - hidup - kecil - musik - diri - sendiri - ngerasa - capek - dengar - stres;2_musik_jalan_dengar musik_energi;ngerasa hidup adil keluarga susah tetap semangat hidup adil kuat kecil senang dengerin musik temen tuju arah ingetin
Aku sering merasa nggak berharga. Gimana caranya aku bisa merasa lebih baik?;Perasaan nggak berharga itu pasti berat, tapi kamu berharga, lho. Coba mulai dengan hal kecil, seperti mengingat satu hal yang kamu lakukan dengan baik hari ini. Atau mungkin lakukan sesuatu yang kamu suka, seperti dengerin musik atau jalan-jalan. Apa ada sesuatu yang biasanya bikin kamu senyum?;GROK;D12_GROK_ClinicalHandbookPsychologicalDisorders451-461_20.json;harga harga berat harga kecil ingat laku laku dengerin musik jalan jalan senyum;2;0.4985748910337242;jalan - hidup - kecil - musik - diri - sendiri - ngerasa - capek - dengar - stres;2_musik_jalan_dengar musik_energi;harga harga berat harga kecil ingat laku laku dengerin musik jalan jalan senyum
Aku ngerasa hidupku nggak ada harapan karena nyeri ini. Aku harus apa?;Perasaan putus asa itu berat banget, dan aku dengerin kamu. Tapi hidupmu masih punya banyak kemungkinan, kok. Coba mulai dengan satu hal kecil yang bikin kamu senang, seperti dengar musik atau telepon keluarga. Apa satu hal yang dulu bikin kamu semangat?;GROK;D12_GROK_ClinicalHandbookPsychologicalDisorders715-725_20.json;ngerasa hidup harap nyeri putus berat dengerin hidup kecil senang dengar musik telepon keluarga semangat;2;0.4970567350168533;jalan - hidup - kecil - musik - diri - sendiri - ngerasa - capek - dengar - stres;2_musik_jalan_dengar musik_energi;ngerasa hidup harap nyeri putus berat dengerin hidup kecil senang dengar musik telepon keluarga semangat
Aku merasa nggak punya keberanian untuk jadi beda dari orang lain. Apa yang bisa aku lakukan?;Jadi beda itu kekuatan, lho! Coba mulai dengan sesuatu yang kecil, seperti menunjukkan selera musik atau pakaian yang kamu suka. Orang yang nerima kamu apa adanya adalah orang yang tepat di hidupmu. Kamu nggak perlu sama dengan yang lain untuk berharga.;GROK;D8_GROK_BerdamaiDenganDiriSendiri43-53_20.json;berani laku kuat kecil tunjuk selera musik nerima tepat hidup perlu harga;2;0.4950106283619284;jalan - hidup - kecil - musik - diri - sendiri - ngerasa - capek - dengar - stres;2_musik_jalan_dengar musik_energi;berani laku kuat kecil tunjuk selera musik nerima tepat hidup perlu harga
Aku ngerasa hidupku nggak ada artinya lagi setelah diagnosis HIV. Apa yang bisa aku lakuin?;Aku tahu diagnosis HIV bisa bikin semuanya terasa kelabu, tapi hidupmu masih punya makna. Coba cari satu hal kecil yang bikin kamu merasa hidup—mungkin ketemu temen, denger musik, atau bantu orang lain. Kalau perasaan ini terus ada, konselor bisa bantu kamu temukan tujuan baru. Apa ada sesuatu yang dulu bikin kamu senang?;GROK;D11_GROK_AHandbookfortheSMH578-588_20.json;ngerasa hidup arti diagnosis lakuin tahu diagnosis kelabu hidup makna kecil hidup temen denger musik terus konselor tuju senang;2;0.4948527144655926;jalan - hidup - kecil - musik - diri - sendiri - ngerasa - capek - dengar - stres;2_musik_jalan_dengar musik_energi;ngerasa hidup arti diagnosis lakuin tahu diagnosis kelabu hidup makna kecil hidup temen denger musik terus konselor tuju senang
Aku merasa hidupku gak ada artinya. Apa yang harus aku lakukan?;Rasanya berat banget, ya. Coba cari satu hal kecil yang bikin kamu merasa hidup, entah itu ngobrol sama temen, jalan-jalan, atau cuma dengerin musik. Dari situ, pelan-pelan cari makna yang cocok buatmu.;GROK;D9_GROK_EgoIsTheEnemy239-248_20.json;hidup arti laku berat kecil hidup entah temen jalan jalan dengerin musik situ pelan pelan makna cocok;2;0.4914087036653994;jalan - hidup - kecil - musik - diri - sendiri - ngerasa - capek - dengar - stres;2_musik_jalan_dengar musik_energi;hidup arti laku berat kecil hidup entah temen jalan jalan dengerin musik situ pelan pelan makna cocok
Aku ngerasa hidupku nggak ada artinya, apa yang bisa aku lakuin?;Perasaan kayak gitu pasti berat. Coba mulai dari hal kecil yang bikin kamu merasa hidup, kayak jalan-jalan, denger musik, atau bantu orang lain dalam hal sederhana. Kadang, makna datang dari hal-hal kecil itu. Kalau masih ngerasa kosong, mungkin baik juga ngobrol sama seseorang yang bisa bantu, seperti konselor. Aku di sini kalau kamu mau cerita lebih lanjut.;GROK;D10_GROK_HidupDamaiTanpaBerpikirBerlebihan63-73_20.json;ngerasa hidup arti lakuin berat kecil hidup jalan jalan denger musik sederhana makna datang kecil ngerasa kosong konselor lanjut;2;0.4853767845800817;jalan - hidup - kecil - musik - diri - sendiri - ngerasa - capek - dengar - stres;2_musik_jalan_dengar musik_energi;ngerasa hidup arti lakuin berat kecil hidup jalan jalan denger musik sederhana makna datang kecil ngerasa kosong konselor lanjut
Aku merasa warna oranye bikin aku lebih semangat. Itu cuma perasaan atau beneran ada efeknya?;Bukan cuma perasaan! Warna oranye, yang campuran merah dan kuning, memang cenderung bikin semangat karena sifatnya yang cerah dan energik. Kalau kamu merasa lebih hidup sama warna itu, mungkin coba pakai oranye di pakaian atau dekorasi ruanganmu untuk boost mood.;GROK;D4_GROK_PengantarPsikologiBimoW123-133_20.json;oranye semangat beneran efek bukan oranye campur merah kuning cenderung semangat sifat cerah energik hidup oranye dekorasi ruang boost mood;2;0.4780305068379344;jalan - hidup - kecil - musik - diri - sendiri - ngerasa - capek - dengar - stres;2_musik_jalan_dengar musik_energi;oranye semangat beneran efek bukan oranye campur merah kuning cenderung semangat sifat cerah energik hidup oranye dekorasi ruang boost mood
Aku ngerasa hidupku berat banget, kayak nggak ada harapan. Apa yang bisa aku lakuin?;Aku dengerin kamu, dan aku tahu rasanya berat. Coba deh fokus ke satu hal kecil yang masih bisa kamu nikmati, kayak jalan-jalan bentar atau dengerin musik. Nggak perlu buru-buru ubah semuanya, tapi mulai dari yang kecil bisa bikin hati sedikit lebih ringan.;GROK;D10_GROK_HidupDamaiTanpaBerpikirBerlebihan30-40_20.json;ngerasa hidup berat harap lakuin dengerin tahu berat kecil nikmat jalan jalan bentar dengerin musik perlu buru buru ubah kecil hati ringan;2;0.4652584354610296;jalan - hidup - kecil - musik - diri - sendiri - ngerasa - capek - dengar - stres;2_musik_jalan_dengar musik_energi;ngerasa hidup berat harap lakuin dengerin tahu berat kecil nikmat jalan jalan bentar dengerin musik perlu buru buru ubah kecil hati ringan
Aku pengen punya semangat tinggi, tapi entah kenapa susah, ada saran?;Semangat itu bisa dibangun! Coba cari satu hal kecil yang bikin kamu excited, seperti mendengar musik favorit atau jalan-jalan. Mulai dari situ, dan aku yakin energimu akan naik perlahan.;GROK;D8_GROK_BerdamaiDenganDiriSendiri65-75_20.json;semangat tinggi entah susah saran semangat kecil excited dengar musik favorit jalan jalan situ yakin energi naik perlahan;2;0.4642713927758057;jalan - hidup - kecil - musik - diri - sendiri - ngerasa - capek - dengar - stres;2_musik_jalan_dengar musik_energi;semangat tinggi entah susah saran semangat kecil excited dengar musik favorit jalan jalan situ yakin energi naik perlahan
Kadang aku ngerasa semangatku naik turun. Gimana caranya biar stabil?;Semangat naik turun itu kayak cuaca, nggak selalu cerah. Coba buat rutinitas kecil yang bikin kamu merasa 'hidup’, misalnya jalan pagi atau denger musik favorit. Inget satu tujuan kecil yang bikin kamu excited, dan pegang itu sebagai jangkar pas semangat lagi kendor.;GROK;D8_GROK_BerdamaiDenganDiriSendiri164-174_20.json;ngerasa semangat naik turun stabil semangat naik turun cuaca cerah kecil hidup jalan pagi denger musik favorit inget tuju kecil excited pegang jangkar semangat kendor;2;0.4621250149880429;jalan - hidup - kecil - musik - diri - sendiri - ngerasa - capek - dengar - stres;2_musik_jalan_dengar musik_energi;ngerasa semangat naik turun stabil semangat naik turun cuaca cerah kecil hidup jalan pagi denger musik favorit inget tuju kecil excited pegang jangkar semangat kendor
Aku ngerasa hidupku nggak bakal pernah membaik, apa gunanya coba terus?;Aku tahu rasanya berat banget kalau kayaknya nggak ada cahaya di ujung terowongan. Tapi, meski sekarang kelihatan gitu, kadang langkah kecil bisa bikin perubahan yang nggak kamu duga. Mungkin kamu bisa coba ngomong sama seseorang yang bisa bantu, seperti konselor, atau mulai dengan sesuatu yang bikin kamu merasa sedikit lebih baik, kayak jalan-jalan atau dengerin musik. Aku di sini buat nemenin kamu, apa yang lagi bikin kamu merasa stuck?;GROK;D11_GROK_AHandbookfortheSMH545-555_20.json;ngerasa hidup terus tahu berat cahaya ujung terowongan kecil ubah duga ngomong konselor jalan jalan dengerin musik nemenin stuck;2;0.4598338653788142;jalan - hidup - kecil - musik - diri - sendiri - ngerasa - capek - dengar - stres;2_musik_jalan_dengar musik_energi;ngerasa hidup terus tahu berat cahaya ujung terowongan kecil ubah duga ngomong konselor jalan jalan dengerin musik nemenin stuck
Aku ngerasa hidupku nggak ada artinya lagi setelah kehilangan. Aku harus mulai dari mana biar bisa move on?;Aku tahu rasanya pasti hampa banget. Mulai dari langkah kecil aja, seperti melakukan satu hal yang dulu kamu suka, misalnya dengerin musik atau jalan di taman. Coba juga cari koneksi dengan orang-orang yang peduli sama kamu. Kalau masih terasa berat, ngobrol sama terapis bisa bantu kamu menemukan makna lagi, langkah demi langkah.;GROK;D12_GROK_ClinicalHandbookPsychologicalDisorders352-362_20.json;ngerasa hidup arti hilang move tahu hampa kecil laku dengerin musik jalan taman koneksi peduli berat terap makna;2;0.4590779390012044;jalan - hidup - kecil - musik - diri - sendiri - ngerasa - capek - dengar - stres;2_musik_jalan_dengar musik_energi;ngerasa hidup arti hilang move tahu hampa kecil laku dengerin musik jalan taman koneksi peduli berat terap makna
Aku ngerasa nggak punya energi buat ngapa-ngapain. Gimana caranya aku semangat lagi?;Kehabisan energi itu berat, ya. Coba mulai dengan sesuatu yang ringan, kayak dengerin musik favorit atau jalan-jalan sebentar. Apa yang biasanya bikin kamu merasa hidup lagi?;GROK;D8_GROK_BerdamaiDenganDiriSendiri120-130_20.json;ngerasa energi semangat habis energi berat ringan dengerin musik favorit jalan jalan sebentar hidup;2;0.4507703410976291;jalan - hidup - kecil - musik - diri - sendiri - ngerasa - capek - dengar - stres;2_musik_jalan_dengar musik_energi;ngerasa energi semangat habis energi berat ringan dengerin musik favorit jalan jalan sebentar hidup
Aku takut banget dikira pecandu kalau nolak minum di acara. Gimana biar nggak gitu?;Wah, aku paham kekhawatiranmu. Tapi, sebenarnya orang nggak selalu mikir sejauh itu. Kalau kamu nolak dengan santai, misalnya, 'Aku lagi pengen minum jus aja, nih,' biasanya orang nggak nanya-nanya lagi. Fokus aja ke alasan yang bikin kamu nyaman, kayak jaga kesehatan atau cuma lagi nggak mood minum. Kalau ada yang nyeletuk, bilang aja, 'Ini pilihanku, sih,' sambil senyum. Kamu nggak wajib kasih penjelasan panjang!;GROK;D12_GROK_ClinicalHandbookPsychologicalDisorders605-615_20.json;takut candu nolak acara paham khawatir mikir jauh nolak santai nanya nanya alas nyaman jaga sehat mood nyeletuk pilih senyum wajib jelas panjang;2;0.4484256407317705;jalan - hidup - kecil - musik - diri - sendiri - ngerasa - capek - dengar - stres;-1_diri_takut_sendiri_kecil;takut candu nolak acara paham khawatir mikir jauh nolak santai nanya nanya alas nyaman jaga sehat mood nyeletuk pilih senyum wajib jelas panjang
Aku nggak suka ngomong sama orang soal masalahku. Itu buruk nggak?;Nggak buruk, kok. Tiap orang punya cara nyaman sendiri. Tapi kalau nyimpan sendiri bikin berat, mungkin coba ceritain ke seseorang yang bikin kamu aman, atau tulis dulu di buku. Aku di sini juga kalau kamu mau cerita. Apa yang bikin kamu nggak suka ngomongin masalah?;GROK;D12_GROK_ClinicalHandbookPsychologicalDisorders363-373_20.json;ngomong nyaman sendiri nyimpan sendiri berat buku ngomongin;2;0.4452865519156306;jalan - hidup - kecil - musik - diri - sendiri - ngerasa - capek - dengar - stres;2_musik_jalan_dengar musik_energi;ngomong nyaman sendiri nyimpan sendiri berat buku ngomongin
Aku sering merasa nggak siap buat ujian, padahal udah belajar. Ini kenapa ya?;Rasa nggak siap itu wajar kok, apalagi kalau tekanannya besar. Mungkin kamu bisa coba lihat, apakah kamu belajar dengan cara yang bikin kamu nyaman? Misalnya, kalau cuma baca buku nggak cukup, coba latihan soal atau ajarin temen. Persiapan itu nggak cuma soal materi, tapi juga mental. Coba kasih waktu buat rileks sebelum ujian, kayak tarik napas dalam atau dengerin musik. Apa yang biasanya bikin kamu lebih pede?;GROK;D3_GROK_PengantarPsikologiAdnan111-121_20.json;siap padahal udah siap tekan nyaman baca buku cukup ajarin temen siap materi mental rileks dengerin musik pede;2;0.4428426146660685;jalan - hidup - kecil - musik - diri - sendiri - ngerasa - capek - dengar - stres;2_musik_jalan_dengar musik_energi;siap padahal udah siap tekan nyaman baca buku cukup ajarin temen siap materi mental rileks dengerin musik pede
Aku ngerasa hidupku nggak ada artinya, apa yang salah sama aku?;Rasa kayak gitu bisa muncul kalau kamu lagi capek atau kehilangan arah. Nggak ada yang salah sama kamu. Coba cari satu hal kecil yang bikin kamu senang, seperti denger musik atau jalan di taman. Kalau masih berat, ngobrol sama seseorang yang kamu percaya bisa bantu kasih perspektif.;GROK;D10_GROK_HidupDamaiTanpaBerpikirBerlebihan96-106_20.json;ngerasa hidup arti salah muncul capek hilang arah salah kecil senang denger musik jalan taman berat percaya perspektif;2;0.4427560643253991;jalan - hidup - kecil - musik - diri - sendiri - ngerasa - capek - dengar - stres;2_musik_jalan_dengar musik_energi;ngerasa hidup arti salah muncul capek hilang arah salah kecil senang denger musik jalan taman berat percaya perspektif
Aku sering merasa overwhelmed dengan banyaknya hal di sekitarku. Apa yang bisa aku lakukan biar lebih fokus?;Wajar banget kalau kamu merasa kewalahan dengan banyaknya hal yang menarik perhatian. Coba deh perhatikan satu hal yang paling menonjol buatmu, misalnya sesuatu yang besar atau berenergi, seperti musik yang kamu suka. Fokus ke situ dulu, dan biarkan yang lain jadi latar belakang. Kalau masih susah, coba atur lingkunganmu supaya lebih sederhana, misalnya matikan notifikasi atau pilih tempat yang tenang.;GROK;D4_GROK_PengantarPsikologiBimoW112-122_20.json;overwhelmed laku kewalahan perhati perhati paling tonjol energi musik situ latar belakang susah atur sederhana mati notifikasi pilih tempat tenang;2;0.4400990553412128;jalan - hidup - kecil - musik - diri - sendiri - ngerasa - capek - dengar - stres;2_musik_jalan_dengar musik_energi;overwhelmed laku kewalahan perhati perhati paling tonjol energi musik situ latar belakang susah atur sederhana mati notifikasi pilih tempat tenang
Saya stres karena macet tiap hari, dan itu bikin lelah. Bagaimana hassel ini memengaruhi saya, dan apa yang bisa saya lakukan?;Saya tahu macet itu bikin lelah, tapi kamu hebat karena ingin atasi! Hassel harian seperti kemacetan bikin tekanan psikologis dan tubuh tegang, yang ganggu kesehatan mental kalau numpuk. Coba denger podcast atau musik rileks di mobil untuk kurangi stres. Tarik napas dalam 3 menit saat macet. Tulis satu hal positif tiap hari. Bilang, ‘Aku bisa tenang di macet!’ Cari playlist relaksasi online. Apa hassel harian lain yang bikin stres, dan koping apa yang pengen kamu coba?;GROK;D1_GROK_HealthPsycology114-151_58.json;stres macet lelah hassel pengaruh laku tahu macet lelah hassel macet tekan psikologis tubuh tegang ganggu sehat mental numpuk denger podcast musik rileks mobil kurang stres macet positif tenang macet playlist relaksasi hassel stres koping;2;0.4378695472147217;jalan - hidup - kecil - musik - diri - sendiri - ngerasa - capek - dengar - stres;2_musik_jalan_dengar musik_energi;stres macet lelah hassel pengaruh laku tahu macet lelah hassel macet tekan psikologis tubuh tegang ganggu sehat mental numpuk denger podcast musik rileks mobil kurang stres macet positif tenang macet playlist relaksasi hassel stres koping
Aku ngerasa orang lain harus ngerti perasaan aku tanpa aku bilang. Itu wajar, kan?;Aku paham kalau kamu pengen orang lain ngerti perasaan kamu, tapi kadang mereka nggak bisa baca pikiran kita. Tiap orang punya cara pandang sendiri, jadi wajar kalau mereka nggak langsung ngerti. Mungkin coba ceritain apa yang kamu rasain ke mereka dengan santai. Apa ada orang yang pengen kamu ajak ngobrol soal ini?;GROK;D10_GROK_HidupDamaiTanpaBerpikirBerlebihan41-52_20.json;ngerasa paham baca pandang sendiri langsung rasain santai;2;0.4343265964620538;jalan - hidup - kecil - musik - diri - sendiri - ngerasa - capek - dengar - stres;2_musik_jalan_dengar musik_energi;ngerasa paham baca pandang sendiri langsung rasain santai
Aku suka ngeluh pas hujan atau panas. Tapi aku pengen lebih santai. Gimana caranya?;Cuaca memang di luar kendali kita, dan ngeluh cuma bikin hati tambah sebal. Coba cari sisi positifnya—hujan bisa bikin suasana cozy, panas bisa buat jalan-jalan santai. Atau alihkan fokus ke apa yang bisa kamu nikmati, seperti minum kopi hangat atau es krim. Apa yang bisa bikin kamu lebih menikmati cuaca apa pun?;GROK;D5_GROK_MindfullLife11-20_20.json;ngeluh hujan panas santai cuaca luar kendali ngeluh hati tambah sebal sisi positif hujan suasana cozy panas jalan jalan santai nikmat kopi hangat krim nikmat cuaca;2;0.433153906700495;jalan - hidup - kecil - musik - diri - sendiri - ngerasa - capek - dengar - stres;2_musik_jalan_dengar musik_energi;ngeluh hujan panas santai cuaca luar kendali ngeluh hati tambah sebal sisi positif hujan suasana cozy panas jalan jalan santai nikmat kopi hangat krim nikmat cuaca
Aku merasa nggak punya energi buat nulis atau melakukan apa-apa. Rasanya cuma pengen di depan TV. Normalkah ini?;Aku dengar kamu merasa stuck, dan itu pasti berat. Rasa nggak berenergi itu bisa jadi tanda kamu sedang menghadapi banyak tekanan. Bukan berarti nggak normal, tapi mungkin kita bisa coba cari tahu apa yang bikin kamu merasa begini. Misalnya, apa ada satu hal kecil yang dulu bikin kamu senang? Mungkin kita mulai dari situ, seperti membaca satu halaman buku atau jalan-jalan sebentar di luar.;GROK;D12_GROK_ClinicalHandbookPsychologicalDisorders385-395_20.json;energi nulis laku depan dengar stuck berat energi sedang hadap tekan bukan arti tahu begini kecil senang situ baca halaman buku jalan jalan sebentar luar;2;0.431054741757014;jalan - hidup - kecil - musik - diri - sendiri - ngerasa - capek - dengar - stres;2_musik_jalan_dengar musik_energi;energi nulis laku depan dengar stuck berat energi sedang hadap tekan bukan arti tahu begini kecil senang situ baca halaman buku jalan jalan sebentar luar
Aku merasa nggak punya energi buat ngapa-ngapain. Gimana caranya biar semangat?;Aku ngerti, kadang rasanya lelah banget. Coba mulai dengan istirahat yang cukup dan lakuin satu hal kecil yang bikin senang, seperti denger lagu favorit. Perlahan, energimu bakal balik, kok!;GROK;D8_GROK_BerdamaiDenganDiriSendiri131-141_20.json;energi semangat lelah istirahat cukup lakuin kecil senang denger favorit perlahan energi balik;2;0.43000954246984;jalan - hidup - kecil - musik - diri - sendiri - ngerasa - capek - dengar - stres;2_musik_jalan_dengar musik_energi;energi semangat lelah istirahat cukup lakuin kecil senang denger favorit perlahan energi balik
Aku merasa hidupku nggak akan lebih baik meskipun aku berhenti minum. Buat apa coba?;Aku dengar kamu lagi merasa putus asa, dan itu pasti bikin berat buat bayangin perubahan. Tapi, berhenti minum bisa buka jalan buat hal-hal yang sekarang mungkin nggak kebayang, seperti hubungan yang lebih baik atau kesehatan yang lebih stabil. Mungkin kita bisa mulai dari langkah kecil, seperti catat apa yang kamu rasain setiap hari tanpa minum. Apa ada satu hal kecil yang pengen kamu perbaiki dalam hidupmu sekarang?;GROK;D12_GROK_ClinicalHandbookPsychologicalDisorders627-637_20.json;hidup henti dengar putus berat bayangin ubah henti jalan bayang sehat stabil kecil catat rasain kecil hidup;2;0.4294609301307495;jalan - hidup - kecil - musik - diri - sendiri - ngerasa - capek - dengar - stres;-1_diri_takut_sendiri_kecil;hidup henti dengar putus berat bayangin ubah henti jalan bayang sehat stabil kecil catat rasain kecil hidup
Aku ngerasa hidupku penuh tekanan, pengen rileks tapi bingung caranya. Apa aktivitas yang bisa aku coba?;Tekanan hidup emang bisa bikin capek, ya. Coba mulai dengan sesuatu yang sederhana, seperti ngobrol sama temen dekat—nggak perlu serius, ceritain aja hal lucu atau rencana weekend. Kalau suka aktivitas, jalan kaki di taman atau coba yoga dari YouTube bisa bikin tubuh dan pikiran lebih santai. Atau, luangin waktu buat hobi lama yang udah lama nggak disentuh, kayak gambar atau denger musik. Pilih satu yang paling gampang buatmu, dan lakuin besok—kamu layak istirahat, lho!;GROK;A2_GROK_FilosofiTeras31-44_30.json;ngerasa hidup penuh tekan rileks aktivitas tekan hidup emang capek sederhana temen dekat perlu serius lucu rencana weekend aktivitas jalan kaki taman yoga youtube tubuh santai luangin lama udah lama sentuh denger musik pilih paling gampang lakuin layak istirahat;2;0.4270315643625129;jalan - hidup - kecil - musik - diri - sendiri - ngerasa - capek - dengar - stres;2_musik_jalan_dengar musik_energi;ngerasa hidup penuh tekan rileks aktivitas tekan hidup emang capek sederhana temen dekat perlu serius lucu rencana weekend aktivitas jalan kaki taman yoga youtube tubuh santai luangin lama udah lama sentuh denger musik pilih paling gampang lakuin layak istirahat
Aku capek terus-terusan mencoba, tapi nggak ada hasil. Harusnya aku menyerah nggak?;Capek itu wajar, tapi coba lihat usahamu seperti tarian. Setiap gerakan punya makna, meski nggak langsung membawamu ke tujuan. Istirahat sebentar kalau perlu, lalu coba lagi dengan langkah kecil. Apa satu hal kecil yang bisa kamu lakukan besok untuk tetap bergerak?;GROK;D6_GROK_BeraniTidakDisukaiW317-327_15.json;capek terus terus hasil serah capek usaha tari gera makna langsung bawa tuju istirahat sebentar perlu kecil kecil laku tetap gerak;2;0.4266412670789646;jalan - hidup - kecil - musik - diri - sendiri - ngerasa - capek - dengar - stres;2_musik_jalan_dengar musik_energi;capek terus terus hasil serah capek usaha tari gera makna langsung bawa tuju istirahat sebentar perlu kecil kecil laku tetap gerak
Aku sering kesepian, tapi takut perasaanku ini nggak valid. Gimana cara menghadapinya?;Perasaanmu sangat valid, dan kamu berhak merasakan apa yang kamu rasakan. Kesepian itu nyata, dan nggak apa-apa untuk mengakuinya. Coba tulis apa yang kamu rasakan di buku atau catatan, lalu ingatkan diri bahwa ini cuma sementara. Setelah itu, lakuin sesuatu yang bikin kamu senang, seperti jalan-jalan atau denger musik. Kalau siap, hubungi seseorang untuk ngobrol—langkah kecil ini bisa bikin hati lebih ringan.;GROK;A1_GROK_EmotionalFirstAid1-22_41.json;sepi takut valid hadap valid sepi nyata buku catat ingat diri lakuin senang jalan jalan denger musik siap kecil hati ringan;2;0.4258799705372166;jalan - hidup - kecil - musik - diri - sendiri - ngerasa - capek - dengar - stres;2_musik_jalan_dengar musik_energi;sepi takut valid hadap valid sepi nyata buku catat ingat diri lakuin senang jalan jalan denger musik siap kecil hati ringan
Kadang aku merasa nggak punya energi buat ngapa-ngapain, kayak cuma pengen di tempat tidur aja. Normal nggak sih?;Wajar kok merasa begitu kadang-kadang, tapi kalau ini sering terjadi, mungkin ada baiknya kita coba cari tahu kenapa. Coba deh mulai dengan sesuatu yang ringan, seperti jalan kaki 5 menit atau dengar musik yang kamu suka. Itu bisa bantu naikin energi sedikit demi sedikit. Mau coba bareng?;GROK;D12_GROK_ClinicalHandbookPsychologicalDisorders396-406_20.json;energi tempat tidur tahu ringan jalan kaki dengar musik naikin energi bareng;2;0.4253615887759454;jalan - hidup - kecil - musik - diri - sendiri - ngerasa - capek - dengar - stres;2_musik_jalan_dengar musik_energi;energi tempat tidur tahu ringan jalan kaki dengar musik naikin energi bareng
Aku sering ngerasa nggak punya energi buat ngelakuin apa-apa. Apa yang bisa kulakukan?;Wajar kok merasa lelah, mungkin kamu butuh sedikit waktu buat isi ulang energi. Coba lakukan sesuatu yang bikin kamu rileks, seperti jalan-jalan atau dengar musik. Mulai dari langkah kecil, seperti bikin daftar tiga hal yang bikin kamu senang. Mau ceritain apa yang bikin kamu lelah?;GROK;D8_GROK_BerdamaiDenganDiriSendiri208-222_20.json;ngerasa energi ngelakuin laku lelah butuh ulang energi laku rileks jalan jalan dengar musik kecil daftar senang lelah;2;0.4241592517822729;jalan - hidup - kecil - musik - diri - sendiri - ngerasa - capek - dengar - stres;2_musik_jalan_dengar musik_energi;ngerasa energi ngelakuin laku lelah butuh ulang energi laku rileks jalan jalan dengar musik kecil daftar senang lelah
Aku sering sakit kepala kalau stres soal kerja. Apa yang bisa aku lakuin biar nggak gitu?;Sakit kepala dari stres memang nggak enak, ya. Coba tiap stres, tarik napas dalam 10 kali sambil tutup mata. Tulis tiga hal yang bikin kamu tenang, seperti musik atau jalan kaki. Kurangin kafein, dan coba istirahat 5 menit tiap jam kerja. Kalau masih sering, catat kapan sakitnya muncul buat tahu pemicunya. Langkah kecil ini bantu banget. Yuk, coba tarik napas dalam sore ini.;GROK;A1_GROK_FilosofiTeras150-157_26.json;sakit kepala stres kerja lakuin sakit kepala stres enak stres tutup mata tenang musik jalan kaki rangin kafein istirahat kerja catat kapan sakit muncul tahu picu kecil sore;2;0.4234413228875662;jalan - hidup - kecil - musik - diri - sendiri - ngerasa - capek - dengar - stres;2_musik_jalan_dengar musik_energi;sakit kepala stres kerja lakuin sakit kepala stres enak stres tutup mata tenang musik jalan kaki rangin kafein istirahat kerja catat kapan sakit muncul tahu picu kecil sore
Kadang aku merasa hidupku nggak akan pernah berubah. Aku capek berusaha. Apa yang bisa aku lakukan biar nggak nyerah?;Aku tahu rasanya capek banget, tapi kamu udah kuat banget bisa sampai di sini. Kadang, kita perlu istirahat sejenak buat kumpulin tenaga. Coba lakukan sesuatu yang bikin kamu rileks, seperti jalan-jalan atau dengar musik. Setelah itu, kita bisa pikirkan satu langkah kecil ke depan bareng. Apa yang biasanya bikin kamu merasa tenang?;GROK;D6_GROK_BeraniTidakDisukaiW53-63_15.json;hidup ubah capek usaha laku nyerah tahu capek udah kuat perlu istirahat jenak kumpulin tenaga laku rileks jalan jalan dengar musik kecil depan bareng tenang;2;0.4222404785921743;jalan - hidup - kecil - musik - diri - sendiri - ngerasa - capek - dengar - stres;2_musik_jalan_dengar musik_energi;hidup ubah capek usaha laku nyerah tahu capek udah kuat perlu istirahat jenak kumpulin tenaga laku rileks jalan jalan dengar musik kecil depan bareng tenang
Aku pengen nggak sedih lagi, tapi kayak nggak tahu caranya. Bisa bantu aku?;Aku di sini buat bantu, kok. Sedih itu wajar, tapi kalau lama banget, mungkin kita bisa coba cari tahu apa pemicunya. Mungkin mulai dari hal kecil, seperti jalan-jalan sebentar atau dengar musik yang kamu suka. Apa ada sesuatu yang biasanya bikin kamu merasa sedikit lebih baik?;GROK;D12_GROK_ClinicalHandbookPsychologicalDisorders319-329_20.json;sedih tahu sedih lama tahu picu kecil jalan jalan sebentar dengar musik;2;0.4211429321912528;jalan - hidup - kecil - musik - diri - sendiri - ngerasa - capek - dengar - stres;2_musik_jalan_dengar musik_energi;sedih tahu sedih lama tahu picu kecil jalan jalan sebentar dengar musik
Aku merasa capek banget sama hidup yang penuh tekanan. Gimana caranya aku bisa lebih santai?;Aku paham, hidup kadang terasa berat. Coba luangkan waktu buat dirimu sendiri, mungkin dengan melakukan hal yang kamu suka, seperti jalan-jalan atau dengar musik. Kadang, istirahat sebentar bisa bantu kamu lihat semuanya lebih jernih. Apa aktivitas yang biasanya bikin kamu rileks?;GROK;D8_GROK_BerdamaiDenganDiriSendiri175-185_20.json;capek hidup penuh tekan santai paham hidup berat luang diri sendiri laku jalan jalan dengar musik istirahat sebentar jernih aktivitas rileks;2;0.4209968654567875;jalan - hidup - kecil - musik - diri - sendiri - ngerasa - capek - dengar - stres;2_musik_jalan_dengar musik_energi;capek hidup penuh tekan santai paham hidup berat luang diri sendiri laku jalan jalan dengar musik istirahat sebentar jernih aktivitas rileks
Saya merasa kehabisan tenaga mental. Apa yang bisa membantu?;Kehilangan tenaga mental itu berat, dan kamu hebat karena mencari solusi! Carl Gustav Jung bilang energi psikis adalah ‘bahan bakar’ pikiran kita. Kalau habis, coba isi ulang dengan istirahat atau aktivitas menyenangkan, seperti mendengarkan musik atau jalan di taman. Batasi hal yang bikin stres, seperti media sosial. Apa satu hal kecil yang bisa bikin kamu merasa segar hari ini?;GROK;A1_GROK_PsikologiKepribadian34-60_47.json;habis tenaga mental hilang tenaga mental berat solusi energi psikis bahan bakar habis ulang istirahat aktivitas senang dengar musik jalan taman batas stres media sosial kecil segar;2;0.419036128701403;jalan - hidup - kecil - musik - diri - sendiri - ngerasa - capek - dengar - stres;2_musik_jalan_dengar musik_energi;habis tenaga mental hilang tenaga mental berat solusi energi psikis bahan bakar habis ulang istirahat aktivitas senang dengar musik jalan taman batas stres media sosial kecil segar
Aku merasa susah banget fokus ke satu hal. Pikiranku kayak lari ke mana-mana. Ada saran gak?;Aku ngerti, rasanya kayak pikiran punya remote sendiri, ya, loncat-loncat gitu. Salah satu cara buat bantu fokus adalah dengan latih perhatianmu. Coba mulai dari hal kecil, misalnya fokus ke nafasmu selama satu menit. Tarik napas, tahan, keluarin, sambil perhatiin rasanya. Kalau pikiran lari, gak apa, tarik pelan-pelan lagi ke nafas. Lama-lama, ini bisa bantu pikiran lebih tenang. Apa yang biasanya bikin kamu susah fokus? Ceritain, yuk.;GROK;D4_GROK_PengantarPsikologiBimoW90-100_20.json;susah lari saran remote sendiri loncat loncat salah perhati kecil nafas lama tahan keluarin perhatiin lari pelan pelan nafas lama lama tenang susah;2;0.4169592847434686;jalan - hidup - kecil - musik - diri - sendiri - ngerasa - capek - dengar - stres;-1_diri_takut_sendiri_kecil;susah lari saran remote sendiri loncat loncat salah perhati kecil nafas lama tahan keluarin perhatiin lari pelan pelan nafas lama lama tenang susah
Aku coba baca buku, tapi nggak selesai-selesai. Aku merasa nggak berguna. Gimana caranya biar nggak gitu?;Hei, kamu nggak nggak berguna hanya karena buku belum selesai. Membaca itu nggak harus buru-buru, yang penting kamu mencoba. Mungkin kita bisa atur target yang lebih ringan, seperti baca satu halaman sehari, atau coba audiobook kalau fokusnya susah. Buku apa yang lagi kamu baca? Aku bisa bantu bikin rencana biar lebih mudah.;GROK;D12_GROK_ClinicalHandbookPsychologicalDisorders385-395_20.json;baca buku buku baca buru buru penting atur target ringan baca halaman audiobook susah buku baca rencana mudah;2;0.4143453913116555;jalan - hidup - kecil - musik - diri - sendiri - ngerasa - capek - dengar - stres;2_musik_jalan_dengar musik_energi;baca buku buku baca buru buru penting atur target ringan baca halaman audiobook susah buku baca rencana mudah
Aku merasa nggak berguna karena nggak bisa melakukan hal-hal seperti dulu. Gimana caranya aku nggak merasa gini?;Aku paham, rasanya berat banget ketika tubuh nggak bisa seperti dulu. Tapi, kamu tetap punya nilai dan kekuatan, meski mungkin sekarang bentuknya berbeda. Apa kalau kita coba cari satu hal kecil yang kamu nikmati, seperti mendengarkan musik atau mengobrol dengan teman, untuk membangun kembali rasa percaya dirimu?;GROK;D12_GROK_ClinicalHandbookPsychologicalDisorders693-703_20.json;laku paham berat tubuh tetap nilai kuat bentuk kecil nikmat dengar musik obrol teman percaya diri;2;0.4137512900519687;jalan - hidup - kecil - musik - diri - sendiri - ngerasa - capek - dengar - stres;-1_diri_takut_sendiri_kecil;laku paham berat tubuh tetap nilai kuat bentuk kecil nikmat dengar musik obrol teman percaya diri
Aku merasa sering menghindari masalah dengan menonton TV sepanjang malam. Apa yang bisa aku lakukan?;Aku paham, kadang TV jadi pelarian yang mudah, tapi itu bisa bikin masalah lain menumpuk, seperti tagihan yang belum dibayar atau rumah yang berantakan. Mungkin kita bisa mulai dengan sesuatu yang kecil, seperti mengganti satu jam menonton TV dengan aktivitas yang kamu suka dulu, misalnya membaca buku. Apa ada buku atau hobi yang dulu kamu nikmati?;GROK;D12_GROK_ClinicalHandbookPsychologicalDisorders385-395_20.json;hindar tonton panjang laku paham lari mudah tumpuk tagih bayar beranta kecil tonton aktivitas baca buku buku nikmat;2;0.413702400281553;jalan - hidup - kecil - musik - diri - sendiri - ngerasa - capek - dengar - stres;2_musik_jalan_dengar musik_energi;hindar tonton panjang laku paham lari mudah tumpuk tagih bayar beranta kecil tonton aktivitas baca buku buku nikmat
Aku suka nunda-nunda belajar. Gimana cara ngatasinnya?;Nunda-nunda itu kayak musuh dalam selimut, ya. Coba mulai dari yang kecil, misalnya belajar 10 menit aja. Pakai timer biar nggak kelamaan. Juga, coba buat lingkungan yang minim distraksi, kayak matiin notif HP. Kalau masih susah, ceritain ke temen biar mereka ingetin. Apa yang biasanya bikin kamu akhirnya mulai kerja?;GROK;D3_GROK_PengantarPsikologiAdnan111-121_20.json;nunda nunda ngatasinnya nunda nunda musuh selimut kecil timer lama minim distraksi matiin notif susah temen ingetin akhir kerja;2;0.413510565879414;jalan - hidup - kecil - musik - diri - sendiri - ngerasa - capek - dengar - stres;-1_diri_takut_sendiri_kecil;nunda nunda ngatasinnya nunda nunda musuh selimut kecil timer lama minim distraksi matiin notif susah temen ingetin akhir kerja
Apakah playlist tertentu bisa membantu mengurangi stres?;Pilih musik tempo lambat 60‑80 bpm—genre klasik, lo‑fi, atau instrumental akustik. Dengarkan dengan napas teratur untuk efek relaksasi maksimal.;GPT;D1_GPT_HealthPsycology250-268_50.json;playlist kurang stres pilih musik tempo lambat genre klasik instrumental akustik dengar atur efek relaksasi maksimal;2;0.4126361309654984;jalan - hidup - kecil - musik - diri - sendiri - ngerasa - capek - dengar - stres;2_musik_jalan_dengar musik_energi;playlist kurang stres pilih musik tempo lambat genre klasik instrumental akustik dengar atur efek relaksasi maksimal
Kenapa aku susah banget fokus sama satu hal?;Susah fokus bisa karena banyak hal, seperti capek atau ada yang bikin khawatir. Coba atur lingkunganmu supaya lebih tenang, misalnya matiin notifikasi HP. Atau, coba teknik fokus kayak pomodoro, kerja 25 menit, istirahat 5 menit. Pelan-pelan pasti bisa.;GROK;D3_GROK_PengantarPsikologiAdnan100-110_20.json;susah susah capek khawatir atur tenang matiin notifikasi teknik pomodoro kerja istirahat pelan pelan;2;0.4098978392792883;jalan - hidup - kecil - musik - diri - sendiri - ngerasa - capek - dengar - stres;-1_diri_takut_sendiri_kecil;susah susah capek khawatir atur tenang matiin notifikasi teknik pomodoro kerja istirahat pelan pelan
Aku ngerasa cemas kalau nggak ngecek HP tiap 5 menit. Ini normal nggak?;Kedengarannya kayak kebiasaan yang bikin kamu nggak tenang, ya. Cemas kalau nggak ngecek HP bisa jadi tanda kamu takut ketinggalan sesuatu. Coba kita kurangin pelan-pelan, misalnya taruh HP di tempat lain selama 15 menit, lalu tambah waktunya. Kalau cemas banget, kita bisa latihan napas bareng. Mau coba langkah pertamanya sekarang?;GROK;D12_GROK_ClinicalHandbookPsychologicalDisorders231-241_20.json;ngerasa cemas ngecek dengar tenang cemas ngecek takut tinggal rangin pelan pelan taruh tempat lama tambah cemas bareng pertama;2;0.4098850906728865;jalan - hidup - kecil - musik - diri - sendiri - ngerasa - capek - dengar - stres;-1_diri_takut_sendiri_kecil;ngerasa cemas ngecek dengar tenang cemas ngecek takut tinggal rangin pelan pelan taruh tempat lama tambah cemas bareng pertama
Aku merasa sedih banget, tapi nggak tahu kenapa. Apa yang salah denganku?;Nggak ada yang salah denganmu. Sedih itu perasaan yang wajar, dan kadang muncul tanpa alasan yang jelas. Coba perhatikan tubuhmu—mungkin ada tanda seperti lemas atau jantungan pelan. Luangkan waktu untuk istirahat, lakukan hal kecil yang kamu suka, seperti dengerin musik atau jalan-jalan. Kalau sedihnya berlangsung lama, ngobrol sama seseorang yang peduli bisa membantu.;GROK;D3_GROK_PengantarPsikologiAdnan122-132_20.json;sedih tahu salah salah sedih muncul alas jelas perhati tubuh lemas jantung pelan luang istirahat laku kecil dengerin musik jalan jalan sedih langsung lama peduli;2;0.4085311699010921;jalan - hidup - kecil - musik - diri - sendiri - ngerasa - capek - dengar - stres;2_musik_jalan_dengar musik_energi;sedih tahu salah salah sedih muncul alas jelas perhati tubuh lemas jantung pelan luang istirahat laku kecil dengerin musik jalan jalan sedih langsung lama peduli
Aku merasa capek banget menghadapi masalah yang nggak kunjung selesai. Apa aku harus menyerah aja?;Aku tahu rasanya lelah banget, dan boleh kok merasa begitu. Tapi sebelum memutuskan menyerah, coba istirahat dulu sejenak. Kadang otak kita butuh jeda biar bisa lihat solusi baru. Apa kamu punya cara favorit untuk recharge, seperti jalan-jalan atau denger musik?;GROK;D9_GROK_EgoIsTheEnemy217-227_20.json;capek hadap kunjung serah tahu lelah putus serah istirahat jenak otak butuh jeda solusi favorit recharge jalan jalan denger musik;2;0.408425106067934;jalan - hidup - kecil - musik - diri - sendiri - ngerasa - capek - dengar - stres;2_musik_jalan_dengar musik_energi;capek hadap kunjung serah tahu lelah putus serah istirahat jenak otak butuh jeda solusi favorit recharge jalan jalan denger musik
Saya merasa kehilangan diri sendiri karena selalu berusaha aman. Bagaimana cara kembali ke diri saya?;Kamu sedang mencari jati dirimu lagi—itu langkah luar biasa! Karen Horney bilang mekanisme pertahanan seperti mencari keamanan bisa kurangi kecemasan, tapi kadang bikin kita lupa siapa kita. Coba ingat: apa yang dulu bikin kamu bahagia? Luangkan 10 menit untuk aktivitas yang kamu suka, seperti menggambar atau dengar musik. Tulis satu hal yang bikin kamu merasa ‘ini aku’. Apa yang ingin kamu coba untuk terhubung dengan dirimu?;GROK;A1_GROK_PsikologiKepribadian84-101_46.json;hilang diri sendiri usaha diri sedang jati diri luar karen horney mekanisme tahan kurang cemas lupa siapa ingat bahagia luang aktivitas dengar musik diri;2;0.4084018642154303;jalan - hidup - kecil - musik - diri - sendiri - ngerasa - capek - dengar - stres;2_musik_jalan_dengar musik_energi;hilang diri sendiri usaha diri sedang jati diri luar karen horney mekanisme tahan kurang cemas lupa siapa ingat bahagia luang aktivitas dengar musik diri
Aku antri BPJS berjam‑jam bikin tambah stres. Saran?;Cek opsi pendaftaran online atau datang di jam sepi (pagi sekali). Bawa buku atau musik relaksasi. Tetap fokus tujuan: perawatan penting untuk kesejahteraan jangka panjang.;GPT;D1_GPT_HealthPsycology168-183_30.json;antri bpjs tambah stres saran opsi daftar datang sepi pagi sekali bawa buku musik relaksasi tetap tuju awat penting sejahtera jangka panjang;2;0.4032287637879324;jalan - hidup - kecil - musik - diri - sendiri - ngerasa - capek - dengar - stres;2_musik_jalan_dengar musik_energi;antri bpjs tambah stres saran opsi daftar datang sepi pagi sekali bawa buku musik relaksasi tetap tuju awat penting sejahtera jangka panjang
Aku ngerasa dunia ini kejam, gimana caranya tetep kuat?;Dunia emang kadang terasa berat, tapi kamu lebih kuat dari yang kamu kira. Coba cari satu hal yang bikin kamu merasa aman, seperti musik, jalan-jalan, atau ngobrol sama seseorang. Apa yang biasanya bikin kamu merasa tenang?;GROK;D7_GROK_SeniMenyiksaDiri7-17_20.json;ngerasa kejam kuat emang berat kuat musik jalan jalan tenang;2;0.4028194460359511;jalan - hidup - kecil - musik - diri - sendiri - ngerasa - capek - dengar - stres;2_musik_jalan_dengar musik_energi;ngerasa kejam kuat emang berat kuat musik jalan jalan tenang
Aku lagi berduka, tapi nggak tahu cara yang tepat buat ngelupain kesedihan. Ada saran?;Nggak ada cara yang ‘tepat’ buat berduka, karena setiap orang punya caranya sendiri. Coba cari apa yang bikin kamu merasa nyaman, seperti duduk di taman, dengar musik, atau nulis perasaanmu di jurnal. Biarkan dirimu merasakan kesedihan tanpa buru-buru ngelupainnya. Kalau merasa stuck, ceritain ke seseorang yang bisa dengerin tanpa menghakimi. Kamu berhak merasakan ini, dan kamu juga akan menemukan cara untuk melangkah lagi.;GROK;A1_GROK_EmotionalFirstAid1-22_41.json;duka tahu tepat ngelupain sedih saran tepat duka sendiri nyaman duduk taman dengar musik nulis jurnal diri sedih buru buru ngelupainnya stuck dengerin hakim lang;2;0.4026718485222412;jalan - hidup - kecil - musik - diri - sendiri - ngerasa - capek - dengar - stres;2_musik_jalan_dengar musik_energi;duka tahu tepat ngelupain sedih saran tepat duka sendiri nyaman duduk taman dengar musik nulis jurnal diri sedih buru buru ngelupainnya stuck dengerin hakim lang
Aku pengen lebih aktif, tapi rasanya susah banget buat mulai. Gimana caranya?;Aku senang denger kamu pengen coba lebih aktif! Memang awalnya susah, tapi kita bisa mulai dari yang super kecil. Misalnya, beresin meja 5 menit atau jalan di tempat sambil denger lagu. Pilih satu yang rasanya paling gampang, terus kita coba bareng. Apa yang mau kamu mulai?;GROK;D12_GROK_ClinicalHandbookPsychologicalDisorders308-318_20.json;susah senang denger awal susah super kecil resin meja jalan tempat denger pilih paling gampang terus bareng;2;0.4010756192983377;jalan - hidup - kecil - musik - diri - sendiri - ngerasa - capek - dengar - stres;-1_diri_takut_sendiri_kecil;susah senang denger awal susah super kecil resin meja jalan tempat denger pilih paling gampang terus bareng
Aku merasa nggak bisa rileks, selalu tegang. Apa yang salah?;Selalu tegang itu bisa bikin tubuh dan pikiran capek, ya. Dalam psikologi, ketegangan sering muncul kalau jiwa atau pikiran kita kelebihan beban. Dokumen bilang bahwa menjaga jiwa termasuk menghindari hal-hal yang merusak keseimbangan. Coba teknik sederhana seperti tarik napas dalam atau dengarkan musik yang menenangkan. Kalau ini sering terjadi, mungkin kita bisa cari tahu apa yang bikin kamu terus-terusan tegang.;GROK;D3_GROK_PengantarPsikologiAdnan243-252_20.json;rileks tegang salah tegang tubuh capek psikologi tegang muncul jiwa beban dokumen jaga jiwa masuk hindar rusak imbang teknik sederhana dengar musik tenang tahu terus terus tegang;2;0.4001459691579396;jalan - hidup - kecil - musik - diri - sendiri - ngerasa - capek - dengar - stres;2_musik_jalan_dengar musik_energi;rileks tegang salah tegang tubuh capek psikologi tegang muncul jiwa beban dokumen jaga jiwa masuk hindar rusak imbang teknik sederhana dengar musik tenang tahu terus terus tegang
Aku ngerasa hidupku flat, nggak buruk tapi nggak bahagia juga. Ini kenapa ya?;Kedengeran kayak kamu lagi di fase 'languishing', di mana hidup terasa biasa aja, nggak buruk tapi juga nggak bersemangat. Ini wajar, tapi mungkin kita bisa coba cari hal kecil yang bikin kamu excited lagi, kayak hobi atau ketemu temen. Apa yang dulu bikin kamu seneng?;GROK;D11_GROK_AHandbookfortheSMH17-27_20.json;ngerasa hidup flat bahagia kedengeran fase languishing hidup semangat kecil excited temen neng;2;0.3999914672713642;jalan - hidup - kecil - musik - diri - sendiri - ngerasa - capek - dengar - stres;-1_diri_takut_sendiri_kecil;ngerasa hidup flat bahagia kedengeran fase languishing hidup semangat kecil excited temen neng
Aku merasa nggak punya waktu buat diri sendiri. Apa yang harus aku lakukan?;Pasti capek kalau nggak punya waktu buat diri sendiri. Coba sisihkan 15 menit sehari buat lakuin sesuatu yang kamu suka, kayak baca atau denger musik. Itu kayak nge-charge energi. Ceritain, apa yang lagi bikin kamu sibuk banget?;GROK;D11_GROK_AHandbookfortheSMH314-324_20.json;diri sendiri laku capek diri sendiri sisih lakuin baca denger musik charge energi sibuk;2;0.3997507581709866;jalan - hidup - kecil - musik - diri - sendiri - ngerasa - capek - dengar - stres;2_musik_jalan_dengar musik_energi;diri sendiri laku capek diri sendiri sisih lakuin baca denger musik charge energi sibuk
Aku ngerasa hidupku nggak ada artinya. Gimana caranya biar semangat lagi?;Perasaan kayak gitu pasti berat banget, dan aku di sini buat dengerin. Coba kita mulai dari hal kecil yang kamu suka, kayak makan makanan favorit atau dengerin musik. Kadang, hal kecil bisa bantu nyalain semangat. Apa ada sesuatu yang dulu bikin kamu seneng? Ceritain, yuk.;GROK;D11_GROK_AHandbookfortheSMH589-599_20.json;ngerasa hidup arti semangat berat dengerin kecil makan makan favorit dengerin musik kecil nyalain semangat neng;2;0.3990521245586758;jalan - hidup - kecil - musik - diri - sendiri - ngerasa - capek - dengar - stres;-1_diri_takut_sendiri_kecil;ngerasa hidup arti semangat berat dengerin kecil makan makan favorit dengerin musik kecil nyalain semangat neng
Aku merasa hidupku monoton, gimana caranya biar lebih bersemangat?;Hidup yang monoton bisa bikin kita lesu, ya. Abraham Maslow bilang bahwa orang yang bahagia selalu bisa menemukan keindahan dalam hal-hal kecil. Coba tiap hari cari satu hal yang bikin kamu tersenyum, seperti matahari pagi atau kopi enak. Itu bisa bikin kamu lebih menghargai hidup.;GROK;A1_GROK_PsikologiKepribadian147-173_52.json;hidup monoton semangat hidup monoton lesu bahagia indah kecil senyum matahari pagi kopi enak harga hidup;2;0.3976046255996011;jalan - hidup - kecil - musik - diri - sendiri - ngerasa - capek - dengar - stres;2_musik_jalan_dengar musik_energi;hidup monoton semangat hidup monoton lesu bahagia indah kecil senyum matahari pagi kopi enak harga hidup
Aku ngerasa nggak ada yang peduli sama masalahku. Apa aku harus minum obat biar nggak sedih?;Aku tahu rasanya berat banget kalau ngerasa sendirian. Tapi, obat nggak selalu jawabannya, apalagi kalau kamu ngerasa kurang didengar. Coba ceritain ke aku apa yang lagi bikin kamu sedih, aku di sini buat dengerin. Kita bisa coba cari cara bareng buat bikin kamu merasa lebih baik, langkah kecil dulu.;GROK;D11_GROK_AHandbookfortheSMH39-49_20.json;ngerasa peduli obat sedih tahu berat ngerasa sendiri obat ngerasa kurang dengar sedih dengerin bareng kecil;2;0.3971224581276021;jalan - hidup - kecil - musik - diri - sendiri - ngerasa - capek - dengar - stres;-1_diri_takut_sendiri_kecil;ngerasa peduli obat sedih tahu berat ngerasa sendiri obat ngerasa kurang dengar sedih dengerin bareng kecil
Aku merasa hidupku nggak punya tujuan, apa yang harus kulakukan?;Hidup nggak selalu harus punya tujuan besar yang jelas, lho. Coba fokus aja hidup dengan sungguh-sungguh di momen ini. Nikmati hal-hal kecil di sekitarmu, seperti minum kopi pagi atau jalan-jalan sore. Itu sendiri udah seperti tarian hidup yang berharga.;GROK;D6_GROK_BeraniTidakDisukaiW328-338_10.json;hidup tuju laku hidup tuju jelas hidup sungguh sungguh momen nikmat kecil kopi pagi jalan jalan sore sendiri udah tari hidup harga;2;0.3968363893587267;jalan - hidup - kecil - musik - diri - sendiri - ngerasa - capek - dengar - stres;2_musik_jalan_dengar musik_energi;hidup tuju laku hidup tuju jelas hidup sungguh sungguh momen nikmat kecil kopi pagi jalan jalan sore sendiri udah tari hidup harga
Aku merasa hidupku harus kayak cerita di novel, penuh drama. Apa itu buruk?;Membayangkan hidup seperti novel bisa seru, tapi kalau itu bikin kamu nggak menghargai kenyataan, itu bisa menyulitkan. Coba temukan keindahan dalam hal-hal sederhana, seperti ngobrol sama temen atau menikmati kopi pagi.;GROK;D9_GROK_EgoIsTheEnemy106-116_20.json;hidup novel penuh drama bayang hidup novel seru harga nyata sulit indah sederhana temen nikmat kopi pagi;2;0.3966097926082217;jalan - hidup - kecil - musik - diri - sendiri - ngerasa - capek - dengar - stres;2_musik_jalan_dengar musik_energi;hidup novel penuh drama bayang hidup novel seru harga nyata sulit indah sederhana temen nikmat kopi pagi
Aku coba baca buku, tapi susah banget mulai. Aku merasa gagal terus. Apa yang salah sama aku?;Nggak ada yang salah sama kamu. Memulai sesuatu yang baru itu memang sulit, apalagi kalau kamu sedang merasa down. Mungkin kita bisa bikin langkahnya lebih kecil lagi, seperti memilih buku yang bener-bener menarik buatmu dan baca hanya satu paragraf dulu. Kalau nggak berhasil sekali, nggak apa-apa, kita coba lagi. Aku di sini buat dukung kamu. Buku apa yang kira-kira bisa bikin kamu penasaran?;GROK;D12_GROK_ClinicalHandbookPsychologicalDisorders385-395_20.json;baca buku susah gagal terus salah salah sulit sedang down kecil pilih buku baca paragraf hasil sekali dukung buku penasaran;2;0.3962880149657583;jalan - hidup - kecil - musik - diri - sendiri - ngerasa - capek - dengar - stres;2_musik_jalan_dengar musik_energi;baca buku susah gagal terus salah salah sulit sedang down kecil pilih buku baca paragraf hasil sekali dukung buku penasaran
Kadang aku merasa nggak ada gunanya ngomongin perasaanku. Buat apa sih?;Aku tahu rasanya kayak buang-buang waktu, tapi ngomongin perasaan itu kayak buka jendela di ruangan pengap. Bantu pikiranmu lebih lega. Coba tulis satu perasaan yang lagi berat hari ini, misalnya di buku harian atau aplikasi catatan. Kalau mau, aku bisa dengerin juga. Apa satu hal yang lagi bikin kamu sesak sekarang?;GROK;D12_GROK_ClinicalHandbookPsychologicalDisorders704-714_20.json;ngomongin tahu buang buang ngomongin jendela ruang pengap lega berat buku aplikasi catat dengerin sesak;2;0.396143307600789;jalan - hidup - kecil - musik - diri - sendiri - ngerasa - capek - dengar - stres;2_musik_jalan_dengar musik_energi;ngomongin tahu buang buang ngomongin jendela ruang pengap lega berat buku aplikasi catat dengerin sesak
Aku merasa sedih terus dan nggak punya semangat buat ngapa-ngapain. Apa yang bisa aku lakukan?;Aku tahu rasanya berat banget kalau sedih terus. Coba mulai dari hal kecil, misalnya jalan-jalan sebentar di luar atau melakukan sesuatu yang dulu kamu suka, kayak dengerin musik. Kadang, gerak sedikit bisa bantu pikiran jadi lebih ringan. Mau ceritain lebih detail apa yang bikin sedih?;GROK;D12_GROK_ClinicalHandbookPsychologicalDisorders363-373_20.json;sedih terus semangat laku tahu berat sedih terus kecil jalan jalan sebentar luar laku dengerin musik gerak ringan detail sedih;2;0.3958607871604701;jalan - hidup - kecil - musik - diri - sendiri - ngerasa - capek - dengar - stres;2_musik_jalan_dengar musik_energi;sedih terus semangat laku tahu berat sedih terus kecil jalan jalan sebentar luar laku dengerin musik gerak ringan detail sedih
Aku panik pas sendirian di rumah, apa yang bisa bantu?;Itu bisa bikin cemas, ya. Coba buat rutinitas kecil di rumah, seperti dengar musik atau latihan napas. Juga, catat di buku panik apa yang kamu rasakan, biar kamu kenali pemicunya. Mau aku bantu buat daftar aktivitas yang bikin nyaman?;GROK;D12_GROK_ClinicalHandbookPsychologicalDisorders33-43_20.json;panik sendiri cemas kecil dengar musik catat buku panik kenal picu daftar aktivitas nyaman;2;0.3951712590538836;jalan - hidup - kecil - musik - diri - sendiri - ngerasa - capek - dengar - stres;2_musik_jalan_dengar musik_energi;panik sendiri cemas kecil dengar musik catat buku panik kenal picu daftar aktivitas nyaman
Aku merasa gak pernah cukup, meskipun udah banyak yang aku capai. Apa yang salah sama aku?;Kedengerannya kamu lagi ngerasa hampa, padahal udah berusaha keras. Itu bisa jadi sinyal buat istirahat dan lihat apa yang bener-bener penting buatmu. Coba luangkan waktu buat nikmati momen kecil, seperti ngopi santai atau jalan-jalan. Kadang, kebahagiaan ada di situ.;GROK;D9_GROK_EgoIsTheEnemy195-204_20.json;cukup udah capai salah kedengerannya ngerasa hampa padahal udah usaha istirahat penting luang nikmat momen kecil ngopi santai jalan jalan bahagia situ;2;0.3951283241735052;jalan - hidup - kecil - musik - diri - sendiri - ngerasa - capek - dengar - stres;2_musik_jalan_dengar musik_energi;cukup udah capai salah kedengerannya ngerasa hampa padahal udah usaha istirahat penting luang nikmat momen kecil ngopi santai jalan jalan bahagia situ
Aku merasa nggak punya harapan lagi setelah lihat dunia begini kacau. Apa yang harus aku lakuin?;Aku dengar kamu sedang merasa berat banget, dan itu wajar dengan semua yang terjadi di dunia. Tapi, coba ingat bahwa masih ada hal-hal kecil yang bisa bikin hidup terasa lebih baik, seperti ngobrol sama temen atau nikmatin secangkir teh hangat. Apa ada satu hal kecil yang bisa kita lakuin hari ini biar kamu merasa lebih baik?;GROK;D11_GROK_AHandbookfortheSMH413-423_20.json;harap begini kacau lakuin dengar sedang berat ingat kecil hidup temen nikmatin cangkir hangat kecil lakuin;2;0.3950275878994394;jalan - hidup - kecil - musik - diri - sendiri - ngerasa - capek - dengar - stres;2_musik_jalan_dengar musik_energi;harap begini kacau lakuin dengar sedang berat ingat kecil hidup temen nikmatin cangkir hangat kecil lakuin
Apa contoh mudah latihan syukur harian?;Sebelum tidur, tulis tiga hal kecil yang membuatmu tersenyum hari itu—secangkir teh hangat, pesan lucu teman, atau sinar matahari pagi.;GPT;D1_GPT_HealthPsycology250-268_50.json;contoh mudah syukur tidur kecil senyum cangkir hangat pesan lucu teman sinar matahari pagi;2;0.3947676631432142;jalan - hidup - kecil - musik - diri - sendiri - ngerasa - capek - dengar - stres;2_musik_jalan_dengar musik_energi;contoh mudah syukur tidur kecil senyum cangkir hangat pesan lucu teman sinar matahari pagi
Aku merasa nggak layak dapat kebahagiaan. Gimana cara mengubah pikiran ini?;Kamu layak bahagia, sama seperti orang lain. Mulai dengan merayakan hal-hal kecil, seperti menyelesaikan tugas atau sekadar menikmati kopi favoritmu. Apa satu hal kecil yang bisa kamu lakukan untuk merasa lebih baik hari ini?;GROK;D8_GROK_BerdamaiDenganDiriSendiri153-163_20.json;layak bahagia ubah layak bahagia raya kecil tugas sekadar nikmat kopi favorit kecil laku;2;0.3942309434717286;jalan - hidup - kecil - musik - diri - sendiri - ngerasa - capek - dengar - stres;2_musik_jalan_dengar musik_energi;layak bahagia ubah layak bahagia raya kecil tugas sekadar nikmat kopi favorit kecil laku
Aku kesal gara-gara pesenan kopiku salah. Gimana caranya biar nggak bete lama?;Kopi salah emang bikin jengkel, tapi tanya: worth it nggak sih ini bikin hariku rusak? Fakta cuma kopi salah, bukan bencana. Minta ganti ke barista dengan santai, atau ketawain aja momen ini. Tulis tiga hal yang bikin kamu senyum hari ini, seperti cuaca cerah. Alihkan energi ke hal seru, seperti denger lagu. Coba minta ganti kopi dengan senyum besok.;GROK;A2_GROK_FilosofiTeras159-182_60.json;kesal gara gara kopi salah bete lama kopi salah emang jengkel worth rusak fakta kopi salah bukan bencana minta barista santai ketawain momen senyum cuaca cerah energi seru denger minta kopi senyum;2;0.3939683666252194;jalan - hidup - kecil - musik - diri - sendiri - ngerasa - capek - dengar - stres;2_musik_jalan_dengar musik_energi;kesal gara gara kopi salah bete lama kopi salah emang jengkel worth rusak fakta kopi salah bukan bencana minta barista santai ketawain momen senyum cuaca cerah energi seru denger minta kopi senyum
Bagaimana cara mulai menulis syukur agar terasa nyata dan tidak klise?;"Fokus pada detail konkret: tuliskan tiga sampai lima hal spesifik hari ini yang membuat Anda merasa sedikit lebih baik—misalnya 'kopi hangat pagi ini' atau 'pesan singkat dari teman'. Hindari frasa umum; hal kecil yang nyata lebih mudah dirasakan.";GPT;D13_GPT_BrainPower123-133_27.json;syukur nyata klise detail konkret lima spesifik kopi hangat pagi pesan singkat teman hindar frasa umum kecil nyata mudah;2;0.3939011018670965;jalan - hidup - kecil - musik - diri - sendiri - ngerasa - capek - dengar - stres;2_musik_jalan_dengar musik_energi;syukur nyata klise detail konkret lima spesifik kopi hangat pagi pesan singkat teman hindar frasa umum kecil nyata mudah
Aku ngerasa nggak pantas bahagia setelah apa yang aku alamin. Gimana caranya move on?;Perasaan nggak pantas itu sering muncul setelah trauma, tapi kamu berhak bahagia. Mulai dari hal kecil, kayak nikmatin kopi pagi atau jalan di taman. Kasih waktu buat diri sendiri, nggak perlu buru-buru. Apa hal kecil yang dulu bikin kamu seneng?;GROK;D12_GROK_ClinicalHandbookPsychologicalDisorders77-87_20.json;ngerasa pantas bahagia alamin move pantas muncul trauma bahagia kecil nikmatin kopi pagi jalan taman diri sendiri perlu buru buru kecil neng;2;0.3938130515531911;jalan - hidup - kecil - musik - diri - sendiri - ngerasa - capek - dengar - stres;2_musik_jalan_dengar musik_energi;ngerasa pantas bahagia alamin move pantas muncul trauma bahagia kecil nikmatin kopi pagi jalan taman diri sendiri perlu buru buru kecil neng
Aku ngerasa nggak sabaran banget, pengen semua cepet selesai. Gimana caranya biar lebih tenang?;Rasa nggak sabar itu wajar, apalagi kalau banyak tekanan. Coba tarik napas dalam-dalam dan fokus ke ‘sekarang’. Nikmati momen kecil, kayak minum kopi atau denger suara burung. Hasil besar itu butuh waktu. Apa yang biasanya bikin kamu buru-buru gitu?;GROK;D10_GROK_HidupDamaiTanpaBerpikirBerlebihan154-166_20.json;ngerasa sabar cepet tenang sabar tekan nikmat momen kecil kopi denger burung hasil butuh buru buru;2;0.3936186299578419;jalan - hidup - kecil - musik - diri - sendiri - ngerasa - capek - dengar - stres;2_musik_jalan_dengar musik_energi;ngerasa sabar cepet tenang sabar tekan nikmat momen kecil kopi denger burung hasil butuh buru buru
Aku ngerasa hidupku cuma buat bikin orang lain senang. Aku sendiri lupa bahagia.;Kamu orang yang baik banget, tapi kamu juga berhak bahagia. Coba luangkan waktu buat diri sendiri, misalnya nikmatin kopi sambil denger musik favorit. Mulai dari situ, ya.;GROK;D8_GROK_BerdamaiDenganDiriSendiri54-64_20.json;ngerasa hidup senang sendiri lupa bahagia bahagia luang diri sendiri nikmatin kopi denger musik favorit situ;2;0.3934465524456549;jalan - hidup - kecil - musik - diri - sendiri - ngerasa - capek - dengar - stres;2_musik_jalan_dengar musik_energi;ngerasa hidup senang sendiri lupa bahagia bahagia luang diri sendiri nikmatin kopi denger musik favorit situ
Aku gampang kesal sama hal kecil, kayak tumpah kopi tadi pagi. Gimana caranya biar nggak emosian?;Hal kecil kayak tumpah kopi emang bisa bikin bete, ya. Coba kalau itu terjadi, tarik napas dalam dan bilang, ‘Ya udah, nggak apa-apa.’ Fokus ke apa yang bisa kamu lakuin, seperti bersihin tumpahan atau buat kopi baru. Tulis satu hal yang bikin kamu senyum hari ini—mungkin cuaca cerah atau lagu favorit. Dengan latih sabar di momen kecil, lama-lama kamu bakal lebih tenang. Yuk, coba santai di kejadian kecil berikutnya!;GROK;A2_GROK_FilosofiTeras63-89_60.json;gampang kesal kecil tumpah kopi tadi pagi emosi kecil tumpah kopi emang bete udah lakuin bersihin tumpah kopi senyum cuaca cerah favorit sabar momen kecil lama lama tenang santai kecil;2;0.3932865448303292;jalan - hidup - kecil - musik - diri - sendiri - ngerasa - capek - dengar - stres;2_musik_jalan_dengar musik_energi;gampang kesal kecil tumpah kopi tadi pagi emosi kecil tumpah kopi emang bete udah lakuin bersihin tumpah kopi senyum cuaca cerah favorit sabar momen kecil lama lama tenang santai kecil
Aku pengen cuma minum alkohol biar nggak sedih. Itu oke nggak?;Aku ngerti kamu pengen cari cara biar nggak sedih, tapi alkohol biasanya cuma bikin perasaan numb sementara, dan bisa bikin masalah baru. Coba kita cari cara lain, misalnya dengerin musik atau nulis apa yang kamu rasain. Mau ceritain apa yang bikin kamu sedih?;GROK;D12_GROK_ClinicalHandbookPsychologicalDisorders363-373_20.json;alkohol sedih sedih alkohol numb dengerin musik nulis rasain sedih;2;0.3930147328273687;jalan - hidup - kecil - musik - diri - sendiri - ngerasa - capek - dengar - stres;2_musik_jalan_dengar musik_energi;alkohol sedih sedih alkohol numb dengerin musik nulis rasain sedih
Kalau aku coba berhenti menonton TV, aku takut pikiranku malah kemana-mana. Gimana caranya biar nggak begitu?;Wajar kok kalau pikiran jadi berisik saat coba berhenti dari kebiasaan seperti menonton TV. Mungkin kamu bisa coba aktivitas yang bikin pikiranmu tersalurkan, seperti menulis jurnal atau mendengarkan musik yang menenangkan. Kalau pikiranmu masih berputar-putar, coba tarik napas dalam-dalam dan fokus ke apa yang ada di sekitarmu sekarang. Mau coba satu langkah kecil dulu, misalnya menulis apa yang ada di pikiranmu selama 5 menit?;GROK;D12_GROK_ClinicalHandbookPsychologicalDisorders385-395_20.json;henti tonton takut malah berisik henti tonton aktivitas salur jurnal dengar musik tenang putar putar kecil lama;2;0.3924939454930595;jalan - hidup - kecil - musik - diri - sendiri - ngerasa - capek - dengar - stres;2_musik_jalan_dengar musik_energi;henti tonton takut malah berisik henti tonton aktivitas salur jurnal dengar musik tenang putar putar kecil lama
Aku merasa hidupku nggak akan pernah normal lagi. Apa aku salah berpikir gitu?;Pikiran itu wajar muncul kalau kamu lagi berat, tapi itu nggak berarti bener. Coba kita cek: apa sih ‘normal’ buatmu? Tulis satu hal kecil yang bisa bikin harimu terasa lebih ‘normal’, misalnya minum kopi sambil dengar musik. Lalu kita mulai dari situ. Pikiran itu kayak kacamata buram, kita coba bersihin perlahan. Mau coba tulis sekarang?;GROK;D12_GROK_ClinicalHandbookPsychologicalDisorders704-714_20.json;hidup salah muncul berat arti kecil kopi dengar musik situ kacamata buram bersihin perlahan;2;0.3923242680615666;jalan - hidup - kecil - musik - diri - sendiri - ngerasa - capek - dengar - stres;2_musik_jalan_dengar musik_energi;hidup salah muncul berat arti kecil kopi dengar musik situ kacamata buram bersihin perlahan
Aku ngerasa sifatku mirip orang tuaku. Apa ini gak bisa diubah?;Wajar kalau ada kemiripan sama orang tua, tapi kamu bukan cuma kopian mereka. Kamu punya kesempatan buat bentuk sifatmu sendiri lewat pilihan dan pengalaman. Coba pikir, sifat apa yang pengen kamu kembangkan? Aku bisa bantu kasih saran.;GROK;D3_GROK_PengantarPsikologiAdnan155-165_20.json;ngerasa sifat mirip ubah mirip bukan kopi sempat bentuk sifat sendiri lewat pilih alam sifat kembang saran;2;0.3921801338791693;jalan - hidup - kecil - musik - diri - sendiri - ngerasa - capek - dengar - stres;2_musik_jalan_dengar musik_energi;ngerasa sifat mirip ubah mirip bukan kopi sempat bentuk sifat sendiri lewat pilih alam sifat kembang saran
Aku merasa hidupku nggak akan berubah, apapun yang aku lakukan. Gimana caranya aku tetap semangat?;Perasaan itu berat, tapi ingat, perubahan sering datang dari langkah kecil yang nggak kelihatan dulu. Coba tetapkan satu tujuan kecil, seperti bangun 10 menit lebih pagi untuk meditasi atau baca buku. Setiap langkah kecil bikin kamu lebih dekat ke versi terbaikmu.;GROK;D8_GROK_BerdamaiDenganDiriSendiri43-53_20.json;hidup ubah laku tetap semangat berat ingat ubah datang kecil tetap tuju kecil pagi meditasi baca buku kecil dekat versi;2;0.3919424243609929;jalan - hidup - kecil - musik - diri - sendiri - ngerasa - capek - dengar - stres;-1_diri_takut_sendiri_kecil;hidup ubah laku tetap semangat berat ingat ubah datang kecil tetap tuju kecil pagi meditasi baca buku kecil dekat versi
Kadang aku ngerasa kosong banget, kayak nggak bisa nikmatin apa-apa. Gimana caranya biar aku bisa ngerasa ‘hidup’ lagi?;Rasa kosong itu pasti berat banget. Kadang, itu bisa jadi tanda kalau kamu lagi struggle sama emosi atau koneksi sama diri sendiri. Coba mulai dari hal-hal kecil yang dulu pernah bikin kamu senang, meski sekarang rasanya datar. Misalnya, nonton film favorit atau jalan di taman. Nggak harus langsung ngerasa ‘hidup’, tapi coba kasih waktu. Apa ada sesuatu yang dulu kamu suka lakuin?;GROK;D12_GROK_ClinicalHandbookPsychologicalDisorders440-450_20.json;ngerasa kosong nikmatin ngerasa hidup kosong berat struggle emosi koneksi diri sendiri kecil senang datar nonton film favorit jalan taman langsung ngerasa hidup lakuin;2;0.3909792223152103;jalan - hidup - kecil - musik - diri - sendiri - ngerasa - capek - dengar - stres;-1_diri_takut_sendiri_kecil;ngerasa kosong nikmatin ngerasa hidup kosong berat struggle emosi koneksi diri sendiri kecil senang datar nonton film favorit jalan taman langsung ngerasa hidup lakuin
Aku pengen jadi orang yang lebih santai, tapi kok susah banget?;Jadi santai itu proses, kok. Coba mulai dari hal kecil, misalnya kalau lagi stres, tarik napas dalam-dalam beberapa kali, atau luangkan waktu buat ngobrol sama orang yang bikin kamu ketawa. Kalau pikiran masih berat, ceritain ke aku apa yang bikin susah santai, mungkin kita bisa pikirin bareng.;GROK;D10_GROK_HidupDamaiTanpaBerpikirBerlebihan63-73_20.json;santai susah santai proses kecil stres beberapa luang ketawa berat susah santai pikirin bareng;2;0.3900853595535811;jalan - hidup - kecil - musik - diri - sendiri - ngerasa - capek - dengar - stres;-1_diri_takut_sendiri_kecil;santai susah santai proses kecil stres beberapa luang ketawa berat susah santai pikirin bareng
Kenapa aku lebih sering merasa sedih ketimbang temen-temenku?;Setiap orang punya cara merespons kehidupan yang berbeda. Mungkin kamu sedang menghadapi tekanan yang lebih besar, seperti tanggung jawab di rumah atau pekerjaan. Perasaan sedih itu valid, kok. Coba luangkan waktu untuk hal yang bikin kamu senang, misalnya dengerin musik atau jalan-jalan. Kalau masih sering sedih, apa pernah coba cerita ke orang terdekat?;GROK;D11_GROK_AHandbookfortheSMH281-291_20.json;sedih ketimbang temen temenku respons hidup sedang hadap tekan kerja sedih valid luang senang dengerin musik jalan jalan sedih dekat;2;0.3889566472506109;jalan - hidup - kecil - musik - diri - sendiri - ngerasa - capek - dengar - stres;2_musik_jalan_dengar musik_energi;sedih ketimbang temen temenku respons hidup sedang hadap tekan kerja sedih valid luang senang dengerin musik jalan jalan sedih dekat
Aku nggak punya energi buat ngapa-ngapain, bahkan buat ketemu temen. Apa aku harus maksa diri?;Kurang energi itu bisa jadi tanda kamu sedang berat, dan nggak apa-apa untuk nggak memaksakan diri. Tapi, ketemu temen kadang bisa bantu, meski cuma sebentar. Mungkin kita mulai dari sesuatu yang ringan, seperti ngobrol lewat telepon dulu? Apa yang kamu rasa nyaman coba?;GROK;D12_GROK_ClinicalHandbookPsychologicalDisorders341-351_20.json;energi bahkan temen maksa diri kurang energi sedang berat paksa diri temen sebentar ringan lewat telepon nyaman;2;0.3888148233036005;jalan - hidup - kecil - musik - diri - sendiri - ngerasa - capek - dengar - stres;-1_diri_takut_sendiri_kecil;energi bahkan temen maksa diri kurang energi sedang berat paksa diri temen sebentar ringan lewat telepon nyaman
Aku pengen nangis terus tiap inget kehilanganku. Aku takut kalau nangis bakal bikin aku tambah down. Apa aku harus tahan aja?;Nangis itu cara alami tubuhmu buat ngeluarin rasa sakit, jadi nggak perlu ditahan. Justru membiarkan dirimu merasakan emosi itu bisa bikin kamu lega, meski awalnya terasa berat. Coba temenin nangismu dengan sesuatu yang menenangkan, seperti dengerin musik lembut atau peluk bantal kesayangan. Kalau masih terasa overwhelming, aku di sini, atau kamu bisa cerita ke seseorang yang bikin kamu nyaman.;GROK;D12_GROK_ClinicalHandbookPsychologicalDisorders352-362_20.json;nang terus inget hilang takut nang tambah down tahan nang alami tubuh ngeluarin sakit perlu tahan justru diri emosi lega awal berat temenin nang tenang dengerin musik lembut peluk bantal sayang overwhelming nyaman;2;0.388700680216879;jalan - hidup - kecil - musik - diri - sendiri - ngerasa - capek - dengar - stres;2_musik_jalan_dengar musik_energi;nang terus inget hilang takut nang tambah down tahan nang alami tubuh ngeluarin sakit perlu tahan justru diri emosi lega awal berat temenin nang tenang dengerin musik lembut peluk bantal sayang overwhelming nyaman
Aku sering merasa khawatir tentang hidupku secara keseluruhan, rasanya semua serba nggak pasti. Gimana caranya aku bisa lebih tenang?;Aku paham banget, rasa khawatir itu bisa bikin pikiran kita penuh, ya. Coba mulai dengan mengenali apa yang bikin kamu khawatir—mungkin tulis di buku catatan apa saja yang ada di pikiranmu. Lalu, pilih satu hal yang paling bisa kamu kendalikan, misalnya rutinitas kecil seperti jalan kaki 10 menit sambil dengar musik favorit. Ini bisa bantu pikiranmu lebih rileks. Kalau masih terasa berat, ngobrol sama temen dekat atau coba teknik pernapasan dalam—tarik napas dalam 4 detik, tahan, lalu keluarkan perlahan. Sedikit-sedikit, kamu akan merasa lebih ringan.;GROK;A2_GROK_FilosofiTeras31-44_30.json;khawatir hidup seluruh serba tenang paham khawatir penuh nali khawatir buku catat pilih paling kendali kecil jalan kaki dengar musik favorit rileks berat temen dekat teknik detik tahan keluar perlahan ringan;2;0.3878161859633378;jalan - hidup - kecil - musik - diri - sendiri - ngerasa - capek - dengar - stres;2_musik_jalan_dengar musik_energi;khawatir hidup seluruh serba tenang paham khawatir penuh nali khawatir buku catat pilih paling kendali kecil jalan kaki dengar musik favorit rileks berat temen dekat teknik detik tahan keluar perlahan ringan
Aku sering stres gara-gara kerjaan, rasanya nggak bisa lepas. Ada saran nggak?;Stres itu berat, ya. Coba luangkan waktu buat istirahat, meski cuma sebentar. Misalnya, jalan-jalan kecil, dengar musik, atau meditasi. Dengan ngasih waktu buat diri sendiri, kamu bantu pikiranmu rileks. Kamu nggak sendiri, aku di sini nemenin!;GROK;D8_GROK_BerdamaiDenganDiriSendiri109-119_20.json;stres gara gara kerja lepas saran stres berat luang istirahat sebentar jalan jalan kecil dengar musik meditasi ngasih diri sendiri rileks sendiri nemenin;2;0.3851395356732938;jalan - hidup - kecil - musik - diri - sendiri - ngerasa - capek - dengar - stres;2_musik_jalan_dengar musik_energi;stres gara gara kerja lepas saran stres berat luang istirahat sebentar jalan jalan kecil dengar musik meditasi ngasih diri sendiri rileks sendiri nemenin
Saya ingin lingkungan yang lebih mendukung kesehatan mental. Bagaimana cara menciptakannya?;Keinginan untuk lingkungan yang sehat itu luar biasa! Albert Bandura bilang kita bisa ubah lingkungan dengan pikiran kita. Coba ciptakan sudut tenang di rumah dengan tanaman atau musik relaksasi. Dekati orang-orang positif yang suportif. Tulis tiga perubahan kecil untuk lingkunganmu. Apa satu langkah untuk bikin ruangmu lebih menenangkan?;GROK;A1_GROK_PsikologiKepribadian174-185_25.json;dukung sehat mental cipta sehat luar albert bandura ubah cipta sudut tenang tanam musik relaksasi dekat positif suportif ubah kecil ruang tenang;2;0.3838753225634209;jalan - hidup - kecil - musik - diri - sendiri - ngerasa - capek - dengar - stres;2_musik_jalan_dengar musik_energi;dukung sehat mental cipta sehat luar albert bandura ubah cipta sudut tenang tanam musik relaksasi dekat positif suportif ubah kecil ruang tenang
Aku ngerasa orang lain nggak ngertiin aku. Apa aku harus berusaha bikin mereka ngerti?;Orang lain memang nggak selalu bisa ngerti kita, dan itu di luar kendali. Daripada capek bikin mereka ngerti, coba fokus ke cara kamu mengekspresikan diri atau cari orang yang lebih terbuka buat dengerin. Kamu berhak merasa didengar. Apa yang biasanya bikin kamu merasa lebih nyaman buat cerita?;GROK;D5_GROK_MindfullLife11-20_20.json;ngerasa ngertiin usaha luar kendali capek ekspresi diri dengerin dengar nyaman;2;0.3835591862307201;jalan - hidup - kecil - musik - diri - sendiri - ngerasa - capek - dengar - stres;-1_diri_takut_sendiri_kecil;ngerasa ngertiin usaha luar kendali capek ekspresi diri dengerin dengar nyaman
Kadang aku ngerasa kayak balik jadi kekanak-kanakan pas lagi stres. Itu normal nggak sih?;Totally normal! Saat stres, kadang kita tanpa sadar balik ke cara lama yang bikin kita ngerasa aman, kayak jadi kekanak-kanakan. Tapi kalau ini sering bikin kamu nggak nyaman, coba kenali pemicunya. Misalnya, apa yang bikin kamu stres? Lalu, cari cara simpel buat nenangin diri, seperti dengerin musik atau jalan-jalan. Kalau masih ngerasa stuck, ngobrol sama konselor bisa bantu lihat pola ini lebih jelas.;GROK;D3_GROK_PengantarPsikologiAdnan177-187_20.json;ngerasa balik kekanak kana stres totally stres balik lama ngerasa kekanak kana nyaman kenal picu stres simpel nenangin diri dengerin musik jalan jalan ngerasa stuck konselor pola jelas;2;0.3829748676830773;jalan - hidup - kecil - musik - diri - sendiri - ngerasa - capek - dengar - stres;2_musik_jalan_dengar musik_energi;ngerasa balik kekanak kana stres totally stres balik lama ngerasa kekanak kana nyaman kenal picu stres simpel nenangin diri dengerin musik jalan jalan ngerasa stuck konselor pola jelas
Aku ngerasa nggak punya semangat buat ngapa-ngapain. Kayaknya aku cuma pengen di tempat tidur seharian. Ini normal nggak sih?;Rasanya berat banget, ya, ketika semangat hilang begitu. Itu bisa jadi tanda kamu sedang struggle, mungkin karena depresi. Nggak apa-apa kok merasa begini sesekali, tapi kalau terus-terusan, coba lakukan satu hal kecil dulu, seperti jalan-jalan sebentar atau minum teh favoritmu. Kalau masih susah, ngobrol sama terapis bisa bantu cari tahu apa yang lagi bikin kamu stuck.;GROK;D12_GROK_ClinicalHandbookPsychologicalDisorders352-362_20.json;ngerasa semangat tempat tidur berat semangat hilang sedang struggle depresi begini sekal terus terus laku kecil jalan jalan sebentar favorit susah terap tahu stuck;2;0.3827167052975525;jalan - hidup - kecil - musik - diri - sendiri - ngerasa - capek - dengar - stres;2_musik_jalan_dengar musik_energi;ngerasa semangat tempat tidur berat semangat hilang sedang struggle depresi begini sekal terus terus laku kecil jalan jalan sebentar favorit susah terap tahu stuck
Aku suka sendiri, tapi kadang merasa aneh karena orang lain nggak gitu. Itu wajar nggak?;Itu sangat wajar, kok! Abraham Maslow bilang bahwa orang yang sehat secara batin biasanya nyaman baik saat sendiri maupun bersama orang lain. Nikmati waktu sendirimu, mungkin dengan baca buku atau dengerin musik. Itu bukan keanehan, tapi kekuatan untuk kenal dirimu lebih dalam.;GROK;A1_GROK_PsikologiKepribadian147-173_52.json;sendiri aneh sehat batin nyaman sendiri maupun nikmat sendiri baca buku dengerin musik bukan aneh kuat kenal diri;2;0.3824450814967116;jalan - hidup - kecil - musik - diri - sendiri - ngerasa - capek - dengar - stres;2_musik_jalan_dengar musik_energi;sendiri aneh sehat batin nyaman sendiri maupun nikmat sendiri baca buku dengerin musik bukan aneh kuat kenal diri
Aku merasa semua yang aku lakukan sia-sia. Buat apa coba kalau gini terus?;Aku tahu rasanya berat banget kalau semua terasa sia-sia. Tapi setiap langkah kecil yang kamu coba, seperti ngobrol sama aku sekarang, itu sudah berarti. Mungkin kita bisa cari satu hal kecil yang bisa bikin kamu merasa sedikit lebih baik, seperti minum kopi sambil dengar musik atau jalan-jalan. Apa ada sesuatu yang dulu bikin kamu merasa hidup, meski cuma sebentar?;GROK;D12_GROK_ClinicalHandbookPsychologicalDisorders385-395_20.json;laku terus tahu berat kecil arti kecil kopi dengar musik jalan jalan hidup sebentar;2;0.38063877289768;jalan - hidup - kecil - musik - diri - sendiri - ngerasa - capek - dengar - stres;2_musik_jalan_dengar musik_energi;laku terus tahu berat kecil arti kecil kopi dengar musik jalan jalan hidup sebentar
Aku gampang marah kalau disenggol di kereta. Gimana caranya biar nggak naik darah?;Disenggol di kereta bisa bikin panas, tapi coba stop dulu. Hitung sampai sepuluh, lalu tanya: ‘Bikin aku lebih nyaman nggak kalau marah?’ Fakta cuma disenggol, bukan serangan pribadi. Putar lagu favorit atau fokus ke tujuanmu. Tulis tiga hal yang bikin kamu tenang, seperti rencana hari ini. Marah cuma bikin capek diri sendiri. Coba siapin playlist santai buat di kereta besok.;GROK;A2_GROK_FilosofiTeras191-227_54.json;gampang marah senggol kereta naik darah senggol kereta panas stop hitung puluh nyaman marah fakta senggol bukan serang pribadi putar favorit tuju tenang rencana marah capek diri sendiri siapin playlist santai kereta;2;0.380265241280237;jalan - hidup - kecil - musik - diri - sendiri - ngerasa - capek - dengar - stres;2_musik_jalan_dengar musik_energi;gampang marah senggol kereta naik darah senggol kereta panas stop hitung puluh nyaman marah fakta senggol bukan serang pribadi putar favorit tuju tenang rencana marah capek diri sendiri siapin playlist santai kereta
Aku merasa aku harus selalu kelihatan sempurna di depan orang lain. Capek banget. Gimana caranya lepas dari itu?;Pasti melelahkan ya kalau selalu harus kelihatan sempurna. Coba ingat, orang-orang yang dekat sama kamu biasanya suka sama kamu apa adanya. Mulai dari hal kecil, misalnya ceritain satu kekuranganmu ke temen dekat. Kamu akan kaget betapa lega rasanya. Apa yang biasanya bikin kamu pengen kelihatan sempurna?;GROK;D9_GROK_EgoIsTheEnemy150-160_20.json;sempurna depan capek lepas lelah sempurna ingat dekat kecil kurang temen dekat kaget betapa lega sempurna;2;0.3799557945070593;jalan - hidup - kecil - musik - diri - sendiri - ngerasa - capek - dengar - stres;-1_diri_takut_sendiri_kecil;sempurna depan capek lepas lelah sempurna ingat dekat kecil kurang temen dekat kaget betapa lega sempurna
Aku merasa terjebak dalam rutinitas yang nggak bikin bahagia. Apa yang bisa aku ubah?;Rutinitas bisa bikin jenuh, ya. Coba cari satu hal kecil yang bisa bikin harimu lebih cerah, seperti dengar musik favorit atau jalan-jalan sebentar. Tulis apa yang bikin kamu excited, lalu pelan-pelan masukkan ke rutinitasmu. Perubahan kecil bisa bikin beda!;GROK;D8_GROK_BerdamaiDenganDiriSendiri43-53_20.json;jebak bahagia ubah jenuh kecil cerah dengar musik favorit jalan jalan sebentar excited pelan pelan masuk rutinitasmu ubah kecil;2;0.378880248898966;jalan - hidup - kecil - musik - diri - sendiri - ngerasa - capek - dengar - stres;2_musik_jalan_dengar musik_energi;jebak bahagia ubah jenuh kecil cerah dengar musik favorit jalan jalan sebentar excited pelan pelan masuk rutinitasmu ubah kecil
Aku gampang marah kalau disalip di jalan. Gimana caranya biar nggak naik darah?;Disalip di jalan bisa bikin panas, tapi coba stop dulu. Hitung sampai sepuluh, lalu tanya: ‘Bikin aku lebih cepet nggak kalau marah?’ Fakta cuma disalip, bukan serangan pribadi. Putar lagu favorit atau fokus ke nyetir aman. Tulis tiga hal yang bikin kamu tenang, seperti tujuanmu hari ini. Marah cuma bikin capek diri sendiri. Coba siapin playlist santai buat di jalan besok.;GROK;A2_GROK_FilosofiTeras191-227_54.json;gampang marah salip jalan naik darah salip jalan panas stop hitung puluh cepet marah fakta salip bukan serang pribadi putar favorit nyetir tenang tuju marah capek diri sendiri siapin playlist santai jalan;2;0.3776945360456495;jalan - hidup - kecil - musik - diri - sendiri - ngerasa - capek - dengar - stres;2_musik_jalan_dengar musik_energi;gampang marah salip jalan naik darah salip jalan panas stop hitung puluh cepet marah fakta salip bukan serang pribadi putar favorit nyetir tenang tuju marah capek diri sendiri siapin playlist santai jalan
Aku ngerasa orang lain selalu lebih hebat dari aku, gimana caranya biar nggak gitu?;Perbandingan sama orang lain emang bikin capek. Coba fokus ke apa yang udah kamu capai, sekecil apa pun. Tulis tiga hal yang kamu suka dari diri sendiri, atau yang pernah bikin orang lain tersenyum karena kamu. Itu bisa bikin kamu lihat kalau kamu juga punya nilai. Kalau masih ngerasa gitu, ceritain ke aku, kita obrolin bareng.;GROK;D10_GROK_HidupDamaiTanpaBerpikirBerlebihan63-73_20.json;ngerasa banding emang capek udah capai kecil diri sendiri senyum nilai ngerasa obrolin bareng;2;0.3773311538838869;jalan - hidup - kecil - musik - diri - sendiri - ngerasa - capek - dengar - stres;-1_diri_takut_sendiri_kecil;ngerasa banding emang capek udah capai kecil diri sendiri senyum nilai ngerasa obrolin bareng
Kadang aku ngerasa pengen kabur dari semua masalah. Itu wajar nggak?;Pengen kabur dari masalah itu wajar, apalagi kalau masalahnya terasa berat. Tapi kabur mungkin cuma bikin lega sebentar. Apa kalau kita coba lihat satu per satu masalahnya, mungkin aku bisa bantu pikirin langkah kecil buat ngadepinnya. Mau coba ceritain apa yang lagi bikin kamu pengen kabur?;GROK;D4_GROK_PengantarPsikologiBimoW222-232_20.json;ngerasa kabur kabur berat kabur lega sebentar pikirin kecil ngadepinnya kabur;2;0.3769316039066054;jalan - hidup - kecil - musik - diri - sendiri - ngerasa - capek - dengar - stres;-1_diri_takut_sendiri_kecil;ngerasa kabur kabur berat kabur lega sebentar pikirin kecil ngadepinnya kabur
Saya merasa harus selalu jadi yang terbaik, tapi itu melelahkan. Bagaimana cara rileks?;Tekanan untuk selalu jadi terbaik bisa bikin capek, ya? Alfred Adler bilang perjuangan untuk superioritas adalah pendorong alami, tapi kalau berlebihan, bisa bikin stres. Coba fokus pada kemajuan, bukan kesempurnaan—tulis satu hal kecil yang kamu capai minggu ini. Luangkan waktu untuk relaksasi, seperti jalan kaki 10 menit atau dengar musik. Apa satu pencapaian kecil yang bikin kamu bangga?;GROK;A1_GROK_PsikologiKepribadian119-146_57.json;lelah rileks tekan capek alfred adler juang superioritas dorong alami stres maju bukan sempurna kecil capai minggu luang relaksasi jalan kaki dengar musik capai kecil bangga;2;0.3753686865842349;jalan - hidup - kecil - musik - diri - sendiri - ngerasa - capek - dengar - stres;2_musik_jalan_dengar musik_energi;lelah rileks tekan capek alfred adler juang superioritas dorong alami stres maju bukan sempurna kecil capai minggu luang relaksasi jalan kaki dengar musik capai kecil bangga
Aku gampang marah kalau diklakson di jalan. Gimana caranya biar nggak naik darah?;Diklakson bisa bikin panas, tapi coba stop dulu. Hitung sampai sepuluh, lalu tanya: ‘Bikin aku lebih cepet nggak kalau marah?’ Fakta cuma diklakson, bukan serangan pribadi. Putar lagu favorit atau fokus ke nyetir aman. Tulis tiga hal yang bikin kamu tenang, seperti rencana hari ini. Marah cuma bikin capek diri sendiri. Coba siapin playlist santai buat di jalan besok.;GROK;A2_GROK_FilosofiTeras191-227_54.json;gampang marah klakson jalan naik darah klakson panas stop hitung puluh cepet marah fakta klakson bukan serang pribadi putar favorit nyetir tenang rencana marah capek diri sendiri siapin playlist santai jalan;2;0.3711381381292019;jalan - hidup - kecil - musik - diri - sendiri - ngerasa - capek - dengar - stres;2_musik_jalan_dengar musik_energi;gampang marah klakson jalan naik darah klakson panas stop hitung puluh cepet marah fakta klakson bukan serang pribadi putar favorit nyetir tenang rencana marah capek diri sendiri siapin playlist santai jalan
Aku pengen nyanyi keras-keras buat ngelupain masalah, boleh nggak?;Nyanyi keras-keras bisa jadi cara seru buat lepasin emosi! Itu sehat kok, selama nggak ganggu orang lain. Tapi, kalau cuma buat ngelupain masalah, mungkin masalahnya tetap ada di situ. Mau ceritain apa yang lagi bikin kamu pengen lari dari masalah? Aku dengerin.;GROK;D11_GROK_AHandbookfortheSMH28-38_20.json;ngelupain seru lepasin emosi sehat lama ganggu ngelupain tetap situ lari dengerin;2;0.3704606009247697;jalan - hidup - kecil - musik - diri - sendiri - ngerasa - capek - dengar - stres;-1_diri_takut_sendiri_kecil;ngelupain seru lepasin emosi sehat lama ganggu ngelupain tetap situ lari dengerin
Aku merasa nggak punya waktu buat diri sendiri, apa itu normal?;Banyak orang ngalamin itu, tapi penting banget lho punya waktu buat diri sendiri. Coba sisihkan 10-15 menit sehari buat hal yang kamu suka, kayak baca atau jalan santai. Itu bisa bikin kamu lebih segar.;GROK;D10_GROK_HidupDamaiTanpaBerpikirBerlebihan107-118_20.json;diri sendiri ngalamin penting diri sendiri sisih baca jalan santai segar;2;0.3701767946362115;jalan - hidup - kecil - musik - diri - sendiri - ngerasa - capek - dengar - stres;-1_diri_takut_sendiri_kecil;diri sendiri ngalamin penting diri sendiri sisih baca jalan santai segar
Aku suka ngomong sama suara-suara itu. Apa ini buruk?;Nggak ada yang buruk selama itu nggak bikin kamu merasa lebih buruk. Tapi, kalau suara-suara itu bikin kamu stres, mungkin kita bisa coba kurangi interaksinya. Misalnya, alihkan perhatian ke kegiatan yang kamu suka, seperti menggambar atau dengerin musik. Apa kamu punya hobi yang bisa kita coba fokusin?;GROK;D12_GROK_ClinicalHandbookPsychologicalDisorders550-560_20.json;ngomong lama stres kurang interaksi perhati giat dengerin musik fokusin;2;0.3700637799531387;jalan - hidup - kecil - musik - diri - sendiri - ngerasa - capek - dengar - stres;2_musik_jalan_dengar musik_energi;ngomong lama stres kurang interaksi perhati giat dengerin musik fokusin
Aku merasa sulit buka diri sama orang lain. Apa yang bisa aku coba?;Buka diri memang nggak gampang, apalagi kalau kamu nggak terbiasa. Mulai aja dari hal kecil, seperti ceritain pengalaman sederhana ke temen dekat, misalnya film yang baru kamu tonton. Nggak perlu buru-buru cerita yang berat, cukup yang bikin kamu nyaman. Kalau mereka merespons positif, itu bisa bikin kamu lebih percaya diri untuk berbagi lebih banyak. Kamu punya ritme sendiri, jadi santai aja.;GROK;D3_GROK_PengantarPsikologiAdnan188-198_20.json;sulit diri diri gampang kecil alam sederhana temen dekat film tonton perlu buru buru berat cukup nyaman respons positif percaya diri ritme sendiri santai;2;0.3696575240693454;jalan - hidup - kecil - musik - diri - sendiri - ngerasa - capek - dengar - stres;-1_diri_takut_sendiri_kecil;sulit diri diri gampang kecil alam sederhana temen dekat film tonton perlu buru buru berat cukup nyaman respons positif percaya diri ritme sendiri santai
Aku merasa stres karena tekanan dari lingkunganku. Apa yang bisa membantu?;Tekanan dari lingkungan memang bisa bikin stres. Coba cari waktu untuk diri sendiri, meski cuma 10 menit, untuk melakukan sesuatu yang menenangkan, seperti mendengar musik atau jalan kaki. Teknik pernapasan juga bisa membantu meredakan ketegangan. Kalau stres ini terasa berat, ngobrol dengan seseorang bisa membantu. Apa yang biasanya bikin kamu merasa lebih rileks?;GROK;D3_GROK_PengantarPsikologiAdnan25-35_20.json;stres tekan tekan stres diri sendiri laku tenang dengar musik jalan kaki teknik reda tegang stres berat rileks;2;0.3692816471811432;jalan - hidup - kecil - musik - diri - sendiri - ngerasa - capek - dengar - stres;2_musik_jalan_dengar musik_energi;stres tekan tekan stres diri sendiri laku tenang dengar musik jalan kaki teknik reda tegang stres berat rileks
Aku sering banget kesal sama cuaca, apalagi kalau lagi hujan pas aku mau ke mana-mana. Gimana caranya biar nggak stres karena ini?;Cuaca memang susah diprediksi dan nggak bisa kita kendalikan, ya. Kalau hujan bikin kesal, coba alihkan fokus ke apa yang bisa kamu atur. Misalnya, bawa payung atau jas hujan biar nggak basah, atau nikmati momen hujan dengan dengerin musik favorit di rumah. Kadang, menerima apa adanya itu bikin hati lebih ringan. Apa biasanya kamu lakukan kalau cuaca nggak sesuai rencana?;GROK;D5_GROK_MindfullLife11-20_20.json;kesal cuaca hujan stres cuaca susah prediksi kendali hujan kesal atur bawa payung hujan basah nikmat momen hujan dengerin musik favorit terima hati ringan laku cuaca sesuai rencana;2;0.3669618325388553;jalan - hidup - kecil - musik - diri - sendiri - ngerasa - capek - dengar - stres;2_musik_jalan_dengar musik_energi;kesal cuaca hujan stres cuaca susah prediksi kendali hujan kesal atur bawa payung hujan basah nikmat momen hujan dengerin musik favorit terima hati ringan laku cuaca sesuai rencana
Aku gampang marah kalau diserobot di antrean. Gimana caranya biar nggak naik darah?;Diserobot di antrean bisa bikin panas, tapi coba stop dulu. Hitung sampai sepuluh, lalu tanya: ‘Bikin aku lebih cepet nggak kalau marah?’ Fakta cuma diserobot, bukan serangan pribadi. Sapa santai, seperti, ‘Eh, antrean di belakang ya.’ Tulis tiga hal yang bikin kamu tenang, seperti rencana hari ini. Marah cuma bikin capek diri sendiri. Coba sapa ramah kalau diserobot besok.;GROK;A2_GROK_FilosofiTeras191-227_54.json;gampang marah serobot antre naik darah serobot antre panas stop hitung puluh cepet marah fakta serobot bukan serang pribadi sapa santai antre belakang tenang rencana marah capek diri sendiri sapa ramah serobot;2;0.3665627787390181;jalan - hidup - kecil - musik - diri - sendiri - ngerasa - capek - dengar - stres;2_musik_jalan_dengar musik_energi;gampang marah serobot antre naik darah serobot antre panas stop hitung puluh cepet marah fakta serobot bukan serang pribadi sapa santai antre belakang tenang rencana marah capek diri sendiri sapa ramah serobot
Aku merasa orang-orang di sekitarku bikin aku stres, tapi aku nggak bisa pergi. Gimana caranya biar aku nggak kewalahan?;Berada di lingkungan yang bikin stres tanpa bisa pergi itu berat banget. Coba kita cari cara buat kamu punya ruang sendiri, meski cuma sebentar, seperti dengar musik atau jalan-jalan sebentar. Apa yang biasanya bikin kamu merasa tenang pas lagi stres? Kita bisa coba kembangkan itu.;GROK;D11_GROK_AHandbookfortheSMH380-390_20.json;stres pergi kewalahan stres pergi berat ruang sendiri sebentar dengar musik jalan jalan sebentar tenang stres kembang;2;0.3658332242169185;jalan - hidup - kecil - musik - diri - sendiri - ngerasa - capek - dengar - stres;2_musik_jalan_dengar musik_energi;stres pergi kewalahan stres pergi berat ruang sendiri sebentar dengar musik jalan jalan sebentar tenang stres kembang
Aku gampang marah kalau disalip di jalan. Rasanya pengen ngejar! Gimana caranya biar lebih sabar?;Disalip di jalan emang bisa bikin panas, ya. Coba pas kejadian, berhenti sejenak—hitung sampai lima dalam hati. Terus tanya: ‘Apa sih yang bikin aku kesal? Disalip doang, kan?’ Fakta cuma ada orang nyalip, bukan serangan pribadi. Alihkan fokus ke apa yang kamu bisa kontrol, seperti nyanyi lagu favorit atau pastiin nyetir aman. Latihan ini bikin kamu lebih santai. Besok di jalan, coba hitung napas kalau kesal!;GROK;A1_GROK_FilosofiTeras124-148_53.json;gampang marah salip jalan ngejar sabar salip jalan emang panas henti jenak hitung lima hati terus kesal salip doang fakta nyalip bukan serang pribadi kontrol favorit pastiin nyetir santai jalan hitung kesal;2;0.3657164022729766;jalan - hidup - kecil - musik - diri - sendiri - ngerasa - capek - dengar - stres;2_musik_jalan_dengar musik_energi;gampang marah salip jalan ngejar sabar salip jalan emang panas henti jenak hitung lima hati terus kesal salip doang fakta nyalip bukan serang pribadi kontrol favorit pastiin nyetir santai jalan hitung kesal
Aku baru kehilangan seseorang yang penting, dan rasanya hancur. Apa yang bisa aku lakukan?;Aku turut sedih mendengar kehilanganmu, dan aku tahu ini pasti sangat berat. Rasanya seperti dunia ambruk, dan itu wajar. Coba cari cara yang nyaman buatmu untuk berduka, seperti menulis perasaanmu atau dengar musik yang menenangkan. Beri dirimu waktu untuk merasakan kesedihan, tapi kalau terasa terlalu berat, ceritain ke seseorang yang kamu percaya. Kamu nggak harus hadapi ini sendirian.;GROK;A1_GROK_EmotionalFirstAid1-22_41.json;hilang penting hancur laku turut sedih dengar hilang tahu berat ambruk nyaman duka dengar musik tenang beri diri sedih terlalu berat percaya hadap sendiri;2;0.3647324209700422;jalan - hidup - kecil - musik - diri - sendiri - ngerasa - capek - dengar - stres;2_musik_jalan_dengar musik_energi;hilang penting hancur laku turut sedih dengar hilang tahu berat ambruk nyaman duka dengar musik tenang beri diri sedih terlalu berat percaya hadap sendiri
Aku ngerasa capek ngadepin hidup. Apa ini cuma fase?;Ngerasa capek ngadepin hidup itu berat, ya. Bisa jadi ini cuma fase, tapi bisa juga tanda kamu lagi butuh istirahat atau dukungan lebih. Apa yang bikin kamu ngerasa capek? Ceritain yuk, mungkin kita bisa cari cara buat bikin hidup terasa sedikit lebih ringan.;GROK;D11_GROK_AHandbookfortheSMH61-71_20.json;ngerasa capek ngadepin hidup fase ngerasa capek ngadepin hidup berat fase butuh istirahat dukung ngerasa capek hidup ringan;2;0.364009680386124;jalan - hidup - kecil - musik - diri - sendiri - ngerasa - capek - dengar - stres;2_musik_jalan_dengar musik_energi;ngerasa capek ngadepin hidup fase ngerasa capek ngadepin hidup berat fase butuh istirahat dukung ngerasa capek hidup ringan
Aku suka bergaul, tapi kadang merasa capek banget setelah ketemu banyak orang. Kenapa ya?;Wah, kamu mungkin punya sisi yang suka bersosialisasi, tapi juga butuh waktu untuk recharge. Itu wajar banget. Setelah ketemu banyak orang, coba luangkan waktu untuk sendiri, misalnya nonton film favorit atau sekadar rebahan sambil denger musik. Ini membantu kamu mengisi ulang energi. Juga, coba atur jadwal sosialisasi supaya nggak terlalu padat, biar nggak overwhelmed.;GROK;D3_GROK_PengantarPsikologiAdnan188-198_20.json;gaul capek sisi sosial butuh recharge luang sendiri nonton film favorit sekadar rebah denger musik ulang energi atur jadwal sosialisasi terlalu padat overwhelmed;2;0.3637793018923722;jalan - hidup - kecil - musik - diri - sendiri - ngerasa - capek - dengar - stres;2_musik_jalan_dengar musik_energi;gaul capek sisi sosial butuh recharge luang sendiri nonton film favorit sekadar rebah denger musik ulang energi atur jadwal sosialisasi terlalu padat overwhelmed
Aku sering banget kepikiran soal sakitku, sampai nggak bisa fokus ke hal lain. Apa yang bisa aku lakukan?;Pikiran yang terus-terusan ke sakit itu bisa bikin capek, ya. Salah satu cara adalah mencoba teknik distraksi, seperti fokus ke pernapasan atau melakukan aktivitas ringan yang kamu suka. Aku bisa bantu kasih ide, misalnya mendengarkan podcast atau mencoba hobi baru. Mau coba yang mana?;GROK;D12_GROK_ClinicalHandbookPsychologicalDisorders693-703_20.json;sakit laku terus terus sakit capek salah teknik distraksi laku aktivitas ringan dengar podcast;2;0.3616796939225563;jalan - hidup - kecil - musik - diri - sendiri - ngerasa - capek - dengar - stres;2_musik_jalan_dengar musik_energi;sakit laku terus terus sakit capek salah teknik distraksi laku aktivitas ringan dengar podcast
Aku kecewa karena musisi favoritku bikin lagu jelek. Rasanya nggak sesuai ekspektasi. Gimana caranya biar nggak sedih?;Kecewa sama idola itu bikin bete, ya. Tapi coba pisahin fakta: dia cuma bikin lagu yang nggak cocok selera, bukan berarti karirnya hancur. Tulis tiga lagu dia yang masih kamu suka biar inget kenapa kamu ngefans. Fokus ke apa yang bikin kamu happy, seperti denger musisi lain atau bikin playlist baru. Kamu tetep bisa nikmati musik. Yuk, coba cari satu lagu baru malam ini!;GROK;A1_GROK_FilosofiTeras124-148_53.json;kecewa musisi favorit jelek sesuai ekspektasi sedih kecewa idola bete pisahin fakta cocok selera bukan arti karirnya hancur inget ngefans happy denger musisi playlist nikmat musik;2;0.3614897024849997;jalan - hidup - kecil - musik - diri - sendiri - ngerasa - capek - dengar - stres;2_musik_jalan_dengar musik_energi;kecewa musisi favorit jelek sesuai ekspektasi sedih kecewa idola bete pisahin fakta cocok selera bukan arti karirnya hancur inget ngefans happy denger musisi playlist nikmat musik
Aku gampang marah kalau diserobot di jalan. Gimana caranya biar nggak naik darah?;Diserobot di jalan bisa bikin panas, tapi coba stop dulu. Hitung sampai sepuluh, lalu tanya: ‘Bikin aku lebih cepet nggak kalau marah?’ Fakta cuma diserobot, bukan serangan pribadi. Putar lagu favorit atau fokus ke nyetir aman. Tulis tiga hal yang bikin kamu tenang, seperti rencana hari ini. Marah cuma bikin capek diri sendiri. Coba siapin playlist santai buat di jalan besok.;GROK;A2_GROK_FilosofiTeras191-227_54.json;gampang marah serobot jalan naik darah serobot jalan panas stop hitung puluh cepet marah fakta serobot bukan serang pribadi putar favorit nyetir tenang rencana marah capek diri sendiri siapin playlist santai jalan;2;0.360577402386828;jalan - hidup - kecil - musik - diri - sendiri - ngerasa - capek - dengar - stres;2_musik_jalan_dengar musik_energi;gampang marah serobot jalan naik darah serobot jalan panas stop hitung puluh cepet marah fakta serobot bukan serang pribadi putar favorit nyetir tenang rencana marah capek diri sendiri siapin playlist santai jalan
Kalau aku nggak bisa fokus karena semua terasa terlalu 'berisik', apa yang bisa aku lakukan?;Keren banget kamu udah sadar kalau suasana itu memengaruhi fokusmu. Coba cari tempat yang lebih tenang, atau pakai earplug kalau nggak bisa pindah. Kalau pikiranmu yang 'berisik', coba tarik napas dalam-dalam beberapa kali, terus pilih satu hal buat diperhatiin. Mulai dari situ, pelan-pelan aja.;GROK;D4_GROK_PengantarPsikologiBimoW112-122_20.json;terlalu berisik laku keren udah suasana pengaruh tempat tenang earplug pindah berisik beberapa terus pilih diperhatiin situ pelan pelan;2;0.3605045790834584;jalan - hidup - kecil - musik - diri - sendiri - ngerasa - capek - dengar - stres;2_musik_jalan_dengar musik_energi;terlalu berisik laku keren udah suasana pengaruh tempat tenang earplug pindah berisik beberapa terus pilih diperhatiin situ pelan pelan
Aku sering ngerasa bersalah kalo nggak produktif. Harusnya aku terus kerja keras, kan?;Wah, jangan terlalu keras sama diri sendiri. Produktif itu bagus, tapi istirahat juga penting banget. Coba kasih diri kamu ‘izin’ buat rileks, misalnya nonton film atau tidur lebih awal. Kamu nggak harus selalu ‘on’ kok. Apa yang biasanya bikin kamu rileks?;GROK;D10_GROK_HidupDamaiTanpaBerpikirBerlebihan85-95_20.json;ngerasa salah kalo produktif terus kerja jangan terlalu diri sendiri produktif bagus istirahat penting diri izin rileks nonton film tidur awal rileks;2;0.360341368028354;jalan - hidup - kecil - musik - diri - sendiri - ngerasa - capek - dengar - stres;2_musik_jalan_dengar musik_energi;ngerasa salah kalo produktif terus kerja jangan terlalu diri sendiri produktif bagus istirahat penting diri izin rileks nonton film tidur awal rileks
Aku ngerasa capek banget sama hidup, apa aku harus push diri terus?;Kalau udah capek, jangan push terlalu keras, karena itu bisa bikin burnout. Kasih waktu buat istirahat, lakuin sesuatu yang bikin kamu rileks, seperti tidur cukup atau nonton film. Kadang, istirahat itu justru yang bikin kamu kuat buat lanjutin hidup.;GROK;D10_GROK_HidupDamaiTanpaBerpikirBerlebihan96-106_20.json;ngerasa capek hidup push diri terus udah capek jangan push terlalu burnout istirahat lakuin rileks tidur cukup nonton film istirahat justru kuat lanjutin hidup;2;0.3601106665344637;jalan - hidup - kecil - musik - diri - sendiri - ngerasa - capek - dengar - stres;2_musik_jalan_dengar musik_energi;ngerasa capek hidup push diri terus udah capek jangan push terlalu burnout istirahat lakuin rileks tidur cukup nonton film istirahat justru kuat lanjutin hidup
Aku merasa capek banget belajar, apa aku kurang motivasi?;Capek belajar itu wajar, apalagi kalau kamu push diri terlalu keras. Coba ambil jeda, mungkin nonton film atau jalan-jalan. Kadang motivasi balik lagi kalau kamu kasih waktu buat otakmu istirahat. Kamu nggak kurang motivasi, mungkin cuma butuh recharge.;GROK;D3_GROK_PengantarPsikologiAdnan100-110_20.json;capek kurang motivasi capek push diri terlalu jeda nonton film jalan jalan motivasi balik otak istirahat kurang motivasi butuh recharge;2;0.3594716228236622;jalan - hidup - kecil - musik - diri - sendiri - ngerasa - capek - dengar - stres;2_musik_jalan_dengar musik_energi;capek kurang motivasi capek push diri terlalu jeda nonton film jalan jalan motivasi balik otak istirahat kurang motivasi butuh recharge
Aku minum banyak pas lagi sedih. Apa yang salah sama aku?;Nggak ada yang 'salah' sama kamu, tapi sedih itu bisa bikin kita cari pelarian, dan alkohol sering jadi pilihan cepet. Coba deh, pas lagi sedih, alihkan ke sesuatu yang bikin nyaman, seperti dengerin musik, nulis di jurnal, atau ngobrol sama temen. Kalau sedihnya sering banget, mungkin ada baiknya ngobrol sama profesional buat bantu kelola emosi. Aku di sini kalau kamu mau ceritain apa yang bikin sedih, lho.;GROK;D12_GROK_ClinicalHandbookPsychologicalDisorders605-615_20.json;sedih salah salah sedih lari alkohol pilih cepet sedih nyaman dengerin musik nulis jurnal temen sedih profesional kelola emosi sedih;2;0.359171018259458;jalan - hidup - kecil - musik - diri - sendiri - ngerasa - capek - dengar - stres;2_musik_jalan_dengar musik_energi;sedih salah salah sedih lari alkohol pilih cepet sedih nyaman dengerin musik nulis jurnal temen sedih profesional kelola emosi sedih
Aku merasa hidupku nggak punya tujuan jelas. Apa yang bisa aku coba?;Nggak punya tujuan jelas itu kayak nyanyi tanpa lirik, bikin bingung. Coba duduk sebentar, tanyain diri sendiri, ‘Apa yang bikin aku senang atau penasaran?’ Mulai dari situ, buat satu langkah kecil, misalnya baca buku atau ikut workshop. Tujuan itu bakal muncul seiring kamu jalan.;GROK;D8_GROK_BerdamaiDenganDiriSendiri164-174_20.json;hidup tuju jelas tuju jelas lirik duduk sebentar tanyain diri sendiri senang penasaran situ kecil baca buku workshop tuju muncul iring jalan;2;0.3591326658068773;jalan - hidup - kecil - musik - diri - sendiri - ngerasa - capek - dengar - stres;-1_diri_takut_sendiri_kecil;hidup tuju jelas tuju jelas lirik duduk sebentar tanyain diri sendiri senang penasaran situ kecil baca buku workshop tuju muncul iring jalan
Aku ngerasa nggak punya semangat buat ngadepin hidup, apa yang salah?;Nggak ada yang salah sama kamu. Kadang kita cuma butuh jeda buat nge-charge energi. Coba lakuin sesuatu yang bikin kamu senang, seperti denger musik atau makan makanan favorit. Apa yang bisa bikin kamu semangat lagi?;GROK;D7_GROK_SeniMenyiksaDiri29-42_20.json;ngerasa semangat ngadepin hidup salah salah butuh jeda charge energi lakuin senang denger musik makan makan favorit semangat;2;0.3590268649965178;jalan - hidup - kecil - musik - diri - sendiri - ngerasa - capek - dengar - stres;2_musik_jalan_dengar musik_energi;ngerasa semangat ngadepin hidup salah salah butuh jeda charge energi lakuin senang denger musik makan makan favorit semangat
Aku merasa nggak bisa menikmati hidup, apa aku kehilangan semangat?;Merasa nggak bisa menikmati hidup itu bisa bikin kita merasa kosong, ya. Dalam psikologi, jiwa kita butuh nutrisi, seperti hubungan yang bermakna atau aktivitas yang bikin kita merasa hidup. Dokumen menyebutkan bahwa menjaga jiwa termasuk memenuhi kebutuhan hidup dengan cara yang sehat. Coba mulai dengan hal kecil yang kamu suka, seperti mendengarkan musik atau jalan-jalan. Kalau ini berlangsung lama, mungkin kita bisa cari tahu apa yang bikin kamu merasa begitu.;GROK;D3_GROK_PengantarPsikologiAdnan243-252_20.json;nikmat hidup hilang semangat nikmat hidup kosong psikologi jiwa butuh nutrisi makna aktivitas hidup dokumen sebut jaga jiwa masuk penuh butuh hidup sehat kecil dengar musik jalan jalan langsung lama tahu;2;0.358879480023373;jalan - hidup - kecil - musik - diri - sendiri - ngerasa - capek - dengar - stres;-1_diri_takut_sendiri_kecil;nikmat hidup hilang semangat nikmat hidup kosong psikologi jiwa butuh nutrisi makna aktivitas hidup dokumen sebut jaga jiwa masuk penuh butuh hidup sehat kecil dengar musik jalan jalan langsung lama tahu
Aku kesal sama temen yang selalu nyanyi keras di kosan. Gimana caranya biar nggak jengkel?;Nyanyi keras di kosan bisa bikin bete, tapi coba sapa dia santai: ‘Eh, lagunya oke, tapi mungkin pelan dikit ya.’ Tanyain diri: ‘Bisa nggak aku ubah kebiasaannya?’ Kalau nggak berubah, pakai earphone atau fokus ke hobimu. Tulis tiga hal seru di kosan, seperti temen lain yang asik. Kalau masih susah, tahan diri dengan tarik napas dalam. Coba bawa earphone besok.;GROK;A2_GROK_FilosofiTeras191-227_54.json;kesal temen kosan jengkel kosan bete sapa santai pelan dikit tanyain diri ubah ubah earphone seru kosan temen susah tahan diri bawa earphone;2;0.3588578969525327;jalan - hidup - kecil - musik - diri - sendiri - ngerasa - capek - dengar - stres;2_musik_jalan_dengar musik_energi;kesal temen kosan jengkel kosan bete sapa santai pelan dikit tanyain diri ubah ubah earphone seru kosan temen susah tahan diri bawa earphone
Aku pengen nyanyi atau nari buat ngeluarin emosi, tapi malu. Apa itu aneh?;Nggak aneh sama sekali, justru itu ide keren! Nyanyi atau nari bisa jadi cara asik buat ngeluarin emosi tanpa nyakitin diri. Malu itu wajar, tapi coba mulai dari tempat yang aman, kayak di kamar sendiri. Aku yakin kamu bakal ngerasa lebih lega. Mau coba pilih lagu apa yang pengen kamu nyanyiin? Aku bisa bantu kasih saran playlist!;GROK;D12_GROK_ClinicalHandbookPsychologicalDisorders462-472_20.json;nari ngeluarin emosi malu aneh aneh sekali justru keren nari ngeluarin emosi nyakitin diri malu tempat kamar sendiri yakin ngerasa lega pilih nyanyiin saran playlist;2;0.3588468006161014;jalan - hidup - kecil - musik - diri - sendiri - ngerasa - capek - dengar - stres;2_musik_jalan_dengar musik_energi;nari ngeluarin emosi malu aneh aneh sekali justru keren nari ngeluarin emosi nyakitin diri malu tempat kamar sendiri yakin ngerasa lega pilih nyanyiin saran playlist
Aku ngerasa capek ngadepin hidup, apa aku boleh nyerah aja?;Capek itu wajar, tapi nyerah bukan solusi. Kamu boleh istirahat, kok, buat nge-charge energi. Coba lakuin sesuatu yang bikin kamu senang, seperti nonton film atau makan enak. Apa yang bisa bikin kamu rileks sekarang?;GROK;D7_GROK_SeniMenyiksaDiri29-42_20.json;ngerasa capek ngadepin hidup nyerah capek nyerah bukan solusi istirahat charge energi lakuin senang nonton film makan enak rileks;2;0.3584339930706956;jalan - hidup - kecil - musik - diri - sendiri - ngerasa - capek - dengar - stres;2_musik_jalan_dengar musik_energi;ngerasa capek ngadepin hidup nyerah capek nyerah bukan solusi istirahat charge energi lakuin senang nonton film makan enak rileks
Aku ikut grup medsos yang rame, tapi kok ngerasa overwhelmed sama banyaknya opini. Gimana caranya biar aku nggak stres?;Grup medsos yang rame itu kayak konser rock, seru tapi bisa bikin pusing! Grup terbuka emang penuh opini spontan, jadi wajar kalau overwhelming. Biar nggak stres, coba filter apa yang kamu baca—fokus ke topik yang bikin kamu happy. Batasi waktu, misalnya 15 menit aja buat cek grup. Kalau opini bikin kesel, tulis pikiranmu di jurnal dulu, nggak usah buru-buru komen. Ceritain grup yang bikin stres, aku bantu kasih cara buat enjoy tanpa kebawa arus!;GROK;A3_GROK_PsikologiKomunikasi75-82_25.json;grup medsos rame ngerasa overwhelmed opini stres grup medsos rame konser rock seru pusing grup emang penuh opini spontan overwhelming stres filter baca topik happy batas grup opini kesel jurnal usah buru buru komen grup stres enjoy bawa arus;2;0.3583126272362062;jalan - hidup - kecil - musik - diri - sendiri - ngerasa - capek - dengar - stres;2_musik_jalan_dengar musik_energi;grup medsos rame ngerasa overwhelmed opini stres grup medsos rame konser rock seru pusing grup emang penuh opini spontan overwhelming stres filter baca topik happy batas grup opini kesel jurnal usah buru buru komen grup stres enjoy bawa arus
Aku gampang banget marah kalau ada yang nyalip di jalan. Rasanya pengen ngejar! Gimana caranya biar bisa lebih sabar?;Aku tahu, disalip di jalan itu bisa bikin darah naik, ya. Coba tarik napas dalam dan bilang ke diri sendiri, ‘Ini nggak值得 kesel.’ Ingat, kamu nggak bisa kontrol orang lain, tapi kamu bisa kontrol reaksimu. Kalau masih panas, putar lagu santai atau bayangin kamu lagi di tempat favoritmu. Fokus ke tujuanmu—misalnya sampai tujuan dengan selamat—bikin pikiran lebih jernih. Kamu pasti bisa lebih sabar, mulai dari perjalanan berikutnya!;GROK;A2_GROK_FilosofiTeras63-89_60.json;gampang marah nyalip jalan ngejar sabar tahu salip jalan darah naik diri sendiri kesel ingat kontrol kontrol reaksi panas putar santai bayangin tempat favorit tuju tuju selamat jernih sabar jalan;2;0.358056593539974;jalan - hidup - kecil - musik - diri - sendiri - ngerasa - capek - dengar - stres;2_musik_jalan_dengar musik_energi;gampang marah nyalip jalan ngejar sabar tahu salip jalan darah naik diri sendiri kesel ingat kontrol kontrol reaksi panas putar santai bayangin tempat favorit tuju tuju selamat jernih sabar jalan
Aku kesal sama kolega yang selalu nyanyi keras di kantor. Gimana caranya biar nggak jengkel?;Kolega nyanyi keras bisa bikin bete, tapi coba sapa dia santai: ‘Eh, lagunya oke, tapi mungkin pelan dikit ya di kantor.’ Tanyain diri: ‘Bisa nggak aku ubah kebiasaannya?’ Kalau nggak berubah, pakai earphone atau fokus ke kerjaanmu. Tulis tiga hal seru di kantor, seperti proyek baru. Kalau masih susah, tahan diri dengan tarik napas dalam. Coba bawa earphone besok.;GROK;A2_GROK_FilosofiTeras191-227_54.json;kesal kolega kantor jengkel kolega bete sapa santai pelan dikit kantor tanyain diri ubah ubah earphone kerja seru kantor proyek susah tahan diri bawa earphone;2;0.3570075963094503;jalan - hidup - kecil - musik - diri - sendiri - ngerasa - capek - dengar - stres;2_musik_jalan_dengar musik_energi;kesal kolega kantor jengkel kolega bete sapa santai pelan dikit kantor tanyain diri ubah ubah earphone kerja seru kantor proyek susah tahan diri bawa earphone
Aku lagi sedih banget karena kehilangan, tapi nggak tahu cara nenangin diri. Apa yang bisa dicoba?;Sedih itu wajar, dan kamu berhak merasakannya. Coba cari cara yang bikin kamu merasa aman, seperti peluk bantal, dengar musik pelan, atau nulis apa yang ada di hati. Nggak perlu buru-buru ‘sembuh’—fokus aja ke apa yang bikin kamu tenang saat ini. Kalau suka, coba jalan-jalan di alam atau buat teh hangat. Kalau masih berat, ceritain ke seseorang yang suportif. Kamu nggak harus hadapi ini sendirian.;GROK;A1_GROK_EmotionalFirstAid1-22_41.json;sedih hilang tahu nenangin diri sedih peluk bantal dengar musik pelan nulis hati perlu buru buru sembuh tenang jalan jalan alam hangat berat suportif hadap sendiri;2;0.3551169458690468;jalan - hidup - kecil - musik - diri - sendiri - ngerasa - capek - dengar - stres;2_musik_jalan_dengar musik_energi;sedih hilang tahu nenangin diri sedih peluk bantal dengar musik pelan nulis hati perlu buru buru sembuh tenang jalan jalan alam hangat berat suportif hadap sendiri
Aku merasa lingkunganku bikin susah fokus belajar. Apa yang bisa aku ubah?;Lingkungan memang bisa ngaruh banget ke fokus. Coba cari tempat yang bikin kamu tenang, mungkin di sudut rumah yang nggak terlalu ramai. Kalau bising, earplug atau musik instrumental bisa membantu. Atau, atur waktu belajar pas suasana lebih sepi. Kadang, ngobrol sama orang rumah buat dukung kamu belajar juga bisa bikin beda. Apa yang bikin lingkunganmu sekarang susah buat fokus?;GROK;D3_GROK_PengantarPsikologiAdnan111-121_20.json;susah ubah ngaruh tempat tenang sudut terlalu ramai bising earplug musik instrumental atur suasana sepi dukung susah;2;0.3550780747891421;jalan - hidup - kecil - musik - diri - sendiri - ngerasa - capek - dengar - stres;2_musik_jalan_dengar musik_energi;susah ubah ngaruh tempat tenang sudut terlalu ramai bising earplug musik instrumental atur suasana sepi dukung susah
Aku suka sih sama kerjaan, tapi kadang ngerasa capek banget, apa yang salah?;Suka sama kerjaan itu bagus, tapi capek itu sinyal dari tubuhmu bahwa kamu mungkin butuh istirahat atau keseimbangan. Bisa jadi kamu terlalu all-out tanpa kasih waktu buat recharge. Coba atur waktu buat hal yang bikin rileks, seperti nonton film atau jalan-jalan santai. Jangan lupa juga buat cek, apa kamu cukup tidur dan makan yang bikin tubuhmu kuat? Kadang hal kecil kayak gitu bikin perubahan besar, lho.;GROK;D3_GROK_PengantarPsikologiAdnan133-143_20.json;kerja ngerasa capek salah kerja bagus capek tubuh butuh istirahat imbang terlalu recharge atur rileks nonton film jalan jalan santai jangan lupa cukup tidur makan tubuh kuat kecil ubah;2;0.3550465591781494;jalan - hidup - kecil - musik - diri - sendiri - ngerasa - capek - dengar - stres;2_musik_jalan_dengar musik_energi;kerja ngerasa capek salah kerja bagus capek tubuh butuh istirahat imbang terlalu recharge atur rileks nonton film jalan jalan santai jangan lupa cukup tidur makan tubuh kuat kecil ubah
Bagaimana tetap merasa mandiri dengan kondisi ini?;Identifikasi hal yang masih bisa kamu kontrol—memilih pakaian, playlist musik, atau waktu kunjungan teman. Kendali kecil memberi rasa kemandirian yang penting.;GPT;D1_GPT_HealthPsycology250-268_50.json;tetap mandiri kondisi identifikasi kontrol pilih playlist musik kunjung teman kendali kecil beri mandiri penting;2;0.354745250169747;jalan - hidup - kecil - musik - diri - sendiri - ngerasa - capek - dengar - stres;2_musik_jalan_dengar musik_energi;tetap mandiri kondisi identifikasi kontrol pilih playlist musik kunjung teman kendali kecil beri mandiri penting
Aku minum tiap abis kerja buat rileks. Apa ada cara lain buat ngilangin capek abis kerja?;Abis kerja emang enaknya rileks, tapi alkohol bukan satu-satunya cara. Coba ganti dengan kegiatan yang bikin tubuh dan pikiran segar, kayak olahraga ringan, mandi air hangat, atau nonton serial favorit. Kamu juga bisa coba teknik napas dalam buat ngurangin stres. Apa ada sesuatu yang pernah bikin kamu rileks tanpa minum? Mungkin kita bisa mulai dari situ.;GROK;D12_GROK_ClinicalHandbookPsychologicalDisorders616-626_20.json;abis kerja rileks ngilangin capek abis kerja abis kerja emang enak rileks alkohol bukan giat tubuh segar olahraga ringan mandi hangat nonton serial favorit teknik ngurangin stres rileks situ;2;0.3544063762127467;jalan - hidup - kecil - musik - diri - sendiri - ngerasa - capek - dengar - stres;2_musik_jalan_dengar musik_energi;abis kerja rileks ngilangin capek abis kerja abis kerja emang enak rileks alkohol bukan giat tubuh segar olahraga ringan mandi hangat nonton serial favorit teknik ngurangin stres rileks situ
Target apa yang realistis bagi saya saat ini?;Pilih hal sederhana namun bermakna: menyelesaikan buku favorit dalam sebulan, atau merawat tanaman mini. Tujuan kecil memberi rasa pencapaian yang menyejukkan.;GPT;D1_GPT_HealthPsycology250-268_50.json;target realistis pilih sederhana makna buku favorit bulan rawat tanam mini tuju kecil beri capai sejuk;2;0.3539940880515179;jalan - hidup - kecil - musik - diri - sendiri - ngerasa - capek - dengar - stres;2_musik_jalan_dengar musik_energi;target realistis pilih sederhana makna buku favorit bulan rawat tanam mini tuju kecil beri capai sejuk
Aku merasa susah fokus kalau ada gangguan. Apa yang bisa aku lakukan?;Gangguan memang bisa bikin perhatian kita buyar, dan itu wajar. Coba ciptain lingkungan yang lebih tenang, misalnya pakai headphone atau kerja di tempat yang nggak ramai. Kalau masih susah, coba teknik kecil kayak atur timer buat fokus 10 menit, lalu istirahat. Kalau ini sering bikin stres, ngobrol sama temen atau profesional bisa bantu kasih solusi yang lebih cocok buatmu.;GROK;D4_GROK_PengantarPsikologiBimoW101-111_20.json;susah ganggu laku ganggu perhati buyar ciptain tenang headphone kerja tempat ramai susah teknik kecil atur timer istirahat stres temen profesional solusi cocok;2;0.3535858398234661;jalan - hidup - kecil - musik - diri - sendiri - ngerasa - capek - dengar - stres;2_musik_jalan_dengar musik_energi;susah ganggu laku ganggu perhati buyar ciptain tenang headphone kerja tempat ramai susah teknik kecil atur timer istirahat stres temen profesional solusi cocok
Saya sering merasa pikiran saya kacau. Bagaimana cara menenangkannya?;Pikiran yang kacau bisa bikin capek, ya? Carl Gustav Jung menjelaskan bahwa ego kita menyaring apa yang masuk ke kesadaran, tapi kadang terlalu banyak yang masuk. Coba teknik sederhana: tarik napas dalam selama 4 detik, tahan 4 detik, keluarkan 4 detik. Ini bantu menenangkan pikiran. Juga, tulis satu pikiran yang paling mengganggu untuk ‘mengeluarkannya’. Mau coba dan ceritain rasanya?;GROK;A1_GROK_PsikologiKepribadian34-60_47.json;kacau tenang kacau capek jelas nyaring masuk terlalu masuk teknik sederhana lama detik tahan detik keluar detik tenang paling ganggu keluar;2;0.3534875062452012;jalan - hidup - kecil - musik - diri - sendiri - ngerasa - capek - dengar - stres;-1_diri_takut_sendiri_kecil;kacau tenang kacau capek jelas nyaring masuk terlalu masuk teknik sederhana lama detik tahan detik keluar detik tenang paling ganggu keluar
Aku ngerasa capek banget sama hidup, apa aku boleh istirahat?;Boleh banget! Kamu nggak harus lari terus, kok. Istirahat itu penting buat nge-charge energi. Coba luangin waktu buat sesuatu yang bikin kamu rileks, seperti nonton film atau tidur siang. Apa yang pengen kamu lakuin buat istirahat?;GROK;D7_GROK_SeniMenyiksaDiri7-17_20.json;ngerasa capek hidup istirahat lari terus istirahat penting charge energi luangin rileks nonton film tidur siang lakuin istirahat;2;0.3527754575365394;jalan - hidup - kecil - musik - diri - sendiri - ngerasa - capek - dengar - stres;2_musik_jalan_dengar musik_energi;ngerasa capek hidup istirahat lari terus istirahat penting charge energi luangin rileks nonton film tidur siang lakuin istirahat
Kadang aku minum biar rileks setelah kerja seharian. Itu wajar, kan?;Aku ngerti, kerja seharian bikin capek dan pengen santai. Tapi, kalau minum jadi cara utama buat rileks, mungkin itu tanda buat coba cara lain. Misalnya, olahraga ringan, meditasi, atau bahkan nonton film favorit. Minum terus-terusan buat rileks bisa bikin ketergantungan, jadi lebih baik cari alternatif yang sehat, ya.;GROK;D12_GROK_ClinicalHandbookPsychologicalDisorders649-659_20.json;rileks kerja kerja capek santai utama rileks olahraga ringan meditasi bahkan nonton film favorit terus terus rileks alternatif sehat;2;0.3516781330278441;jalan - hidup - kecil - musik - diri - sendiri - ngerasa - capek - dengar - stres;2_musik_jalan_dengar musik_energi;rileks kerja kerja capek santai utama rileks olahraga ringan meditasi bahkan nonton film favorit terus terus rileks alternatif sehat
Kadang aku merasa susah fokus karena perhatianku berpindah-pindah. Ada saran nggak?;Susah fokus itu wajar, apalagi kalau banyak distraksi. Coba ciptakan lingkungan yang lebih tenang, seperti pakai earphone atau jauhkan HP. Otak kita gampang teralih sama perubahan di sekitar, jadi kurangi stimulus yang nggak perlu. Kalau masih susah, mungkin coba teknik fokus kayak pomodoro, kerja 25 menit, istirahat 5 menit.;GROK;D4_GROK_PengantarPsikologiBimoW123-133_20.json;susah perhati pindah pindah saran susah distraksi cipta tenang earphone jauh otak gampang ubah kurang stimulus perlu susah teknik pomodoro kerja istirahat;2;0.3511740315478943;jalan - hidup - kecil - musik - diri - sendiri - ngerasa - capek - dengar - stres;2_musik_jalan_dengar musik_energi;susah perhati pindah pindah saran susah distraksi cipta tenang earphone jauh otak gampang ubah kurang stimulus perlu susah teknik pomodoro kerja istirahat
Aku sadar khawatirku bikin aku capek banget, baik pikiran maupun fisik. Tapi susah banget ngatasinnya. Ada saran apa?;Aku tahu, khawatir itu kayak nyedot energi, ya. Coba mulai dengan teknik sederhana: tiap kali pikiran khawatir muncul, tarik napas dalam, tahan, lalu keluarkan perlahan sambil bilang dalam hati, ‘Aku bisa atasi ini.’ Lalu, tulis apa yang bikin kamu khawatir, dan pilih satu yang bisa kamu lakuin sesuatu, misalnya bikin rencana kecil. Kalau badan capek, coba istirahat 10 menit sambil dengar musik santai. Kadang, ngobrol sama orang terdekat juga bikin lega. Yuk, kita coba pelan-pelan.;GROK;A2_GROK_FilosofiTeras31-44_30.json;khawatir capek maupun fisik susah ngatasinnya saran tahu khawatir nyedot energi teknik sederhana khawatir muncul tahan keluar perlahan hati khawatir pilih lakuin rencana kecil badan capek istirahat dengar musik santai dekat lega pelan pelan;2;0.349989179550117;jalan - hidup - kecil - musik - diri - sendiri - ngerasa - capek - dengar - stres;2_musik_jalan_dengar musik_energi;khawatir capek maupun fisik susah ngatasinnya saran tahu khawatir nyedot energi teknik sederhana khawatir muncul tahan keluar perlahan hati khawatir pilih lakuin rencana kecil badan capek istirahat dengar musik santai dekat lega pelan pelan
Setiap malam aku suka kepikiran kerjaan, sampe susah tidur. Ada saran nggak?;Wah, itu pasti bikin capek. Coba bikin aturan buat diri sendiri: malam itu waktunya buat istirahat, bukan mikirin kerjaan. Kalau pikiran masih lari ke sana, tanya diri sendiri, 'Apa ini harus dipikirin sekarang?' Kalau nggak, coba tarik napas dalam-dalam dan alihkan ke hal yang bikin rileks, kayak dengerin musik pelan.;GROK;D10_GROK_HidupDamaiTanpaBerpikirBerlebihan85-95_20.json;kerja sampe susah tidur saran capek atur diri sendiri istirahat bukan mikirin kerja lari sana diri sendiri dipikirin rileks dengerin musik pelan;2;0.3493999222910553;jalan - hidup - kecil - musik - diri - sendiri - ngerasa - capek - dengar - stres;2_musik_jalan_dengar musik_energi;kerja sampe susah tidur saran capek atur diri sendiri istirahat bukan mikirin kerja lari sana diri sendiri dipikirin rileks dengerin musik pelan
Aku pengen coba sesuatu biar nggak kepikiran hal-hal negatif, ada saran?;Bagus banget kamu mau coba sesuatu yang baru! Coba pikirin satu kegiatan yang bikin kamu lupa waktu, seperti main alat musik, gambar, atau bahkan coba resep masakan baru. Kalau pikiran negatif datang, coba tanya ke diri sendiri, ‘Bener nggak sih pikiran ini?’ Kita bisa latih bareng cara ngatasin pikiran itu kalau kamu mau.;GROK;D12_GROK_ClinicalHandbookPsychologicalDisorders484-494_20.json;negatif saran bagus pikirin giat lupa main alat musik bahkan resep masakan negatif datang diri sendiri bareng ngatasin;2;0.3485649275216997;jalan - hidup - kecil - musik - diri - sendiri - ngerasa - capek - dengar - stres;2_musik_jalan_dengar musik_energi;negatif saran bagus pikirin giat lupa main alat musik bahkan resep masakan negatif datang diri sendiri bareng ngatasin
Saya sulit duduk diam. Ada versi singkat?;Gunakan ‘mindful minute’: 60 detik fokus pada sensasi napas di lubang hidung. Pasang timer supaya tidak terpaku jam.;GPT;D1_GPT_HealthPsycology152-167_50.json;sulit duduk diam versi singkat mindful mute detik sensasi lubang hidung pasang timer terpa;2;0.3481318845128591;jalan - hidup - kecil - musik - diri - sendiri - ngerasa - capek - dengar - stres;-1_diri_takut_sendiri_kecil;sulit duduk diam versi singkat mindful mute detik sensasi lubang hidung pasang timer terpa
Emilia, aku ngerasa lingkungan rumahku bikin aku nggak bisa konsentrasi belajar. Apa yang harus aku lakukan?;Kalau lingkungan rumah nggak mendukung, coba cari tempat yang lebih tenang, seperti perpustakaan atau sudut rumah yang sepi. Pakai earphone kalau ada suara bising. Juga, coba buat jadwal belajar yang teratur. Kalau masih susah, ngobrol sama guru atau konselor bisa bantu. Aku di sini buat dukung kamu.;GROK;D11_GROK_AHandbookfortheSMH347-357_20.json;ngerasa konsentrasi laku dukung tempat tenang pustaka sudut sepi earphone bising jadwal atur susah guru konselor dukung;2;0.3466088866682849;jalan - hidup - kecil - musik - diri - sendiri - ngerasa - capek - dengar - stres;2_musik_jalan_dengar musik_energi;ngerasa konsentrasi laku dukung tempat tenang pustaka sudut sepi earphone bising jadwal atur susah guru konselor dukung
Aku merasa nggak bisa menikmati hidup, apa aku kehilangan semangat?;Merasa nggak bisa menikmati hidup itu bisa jadi tanda bahwa ada sesuatu yang lagi menguras energimu, bukan berarti semangatmu hilang selamanya. Dokumen bilang manusia punya daya hidup yang bergantung pada keseimbangan fisik dan batin. Coba perhatikan apa yang bikin kamu merasa tertekan, dan mulai dari hal kecil yang bisa bikin kamu senang, seperti mendengarkan musik atau makan makanan favorit. Kalau ini terus berlanjut, mungkin kita bisa eksplor lebih lanjut apa yang bikin kamu merasa begitu.;GROK;D3_GROK_PengantarPsikologiAdnan221-231_20.json;nikmat hidup hilang semangat nikmat hidup uras energi bukan arti semangat hilang lama dokumen manusia daya hidup imbang fisik batin perhati tekan kecil senang dengar musik makan makan favorit terus lanjut eksplor lanjut;2;0.3458899892934344;jalan - hidup - kecil - musik - diri - sendiri - ngerasa - capek - dengar - stres;-1_diri_takut_sendiri_kecil;nikmat hidup hilang semangat nikmat hidup uras energi bukan arti semangat hilang lama dokumen manusia daya hidup imbang fisik batin perhati tekan kecil senang dengar musik makan makan favorit terus lanjut eksplor lanjut
Aku gampang banget terganggu kalau lagi kerja di tempat rame. Gimana caranya biar aku lebih fokus?;Tempat rame memang bisa bikin otak kita kayak pasar, penuh gangguan! Secara psikologi, otak kita gampang tertarik sama stimulus yang menonjol, seperti suara keras atau orang lalu-lalang. Biar fokus, coba ciptain ‘zona aman’—pakai headphone dengan musik instrumental atau cari sudut yang lebih tenang. Juga, atur waktu kerja pendek, misalnya 25 menit fokus, 5 menit istirahat. Ceritain suasana tempat kerjamu, biar aku kasih trik yang lebih pas buat ngatasin gangguan!;GROK;A3_GROK_PsikologiKomunikasi35-46_25.json;gampang ganggu kerja tempat rame tempat rame otak pasar penuh ganggu psikologi otak gampang stimulus tonjol lalang ciptain zona headphone musik instrumental sudut tenang atur kerja pendek istirahat suasana tempat kerja trik ngatasin ganggu;2;0.3457491675548129;jalan - hidup - kecil - musik - diri - sendiri - ngerasa - capek - dengar - stres;2_musik_jalan_dengar musik_energi;gampang ganggu kerja tempat rame tempat rame otak pasar penuh ganggu psikologi otak gampang stimulus tonjol lalang ciptain zona headphone musik instrumental sudut tenang atur kerja pendek istirahat suasana tempat kerja trik ngatasin ganggu
Bernyanyi apakah benar membantu orang dengan masalah memori seperti demensia?;Banyak laporan menunjukkan bernyanyi membantu mengaktifkan memori yang mungkin sulit diakses lewat cara lain. Musik sering terhubung dengan emosi dan ingatan sehingga bisa menjadi jalan untuk mengingat dan menenangkan.;GPT;D13_GPT_BrainPower123-133_27.json;memori demensia lapor tunjuk memori sulit akses lewat musik emosi ingat jalan ingat tenang;2;0.3448148179767892;jalan - hidup - kecil - musik - diri - sendiri - ngerasa - capek - dengar - stres;2_musik_jalan_dengar musik_energi;memori demensia lapor tunjuk memori sulit akses lewat musik emosi ingat jalan ingat tenang
Pernah nggak sih ngerasa hidup ini cuma buat sabar terus, capek banget?;Aku ngerti, sabar terus-terusan emang melelahkan. Coba cari cara biar beban itu lebih ringan, misalnya tetapkan tujuan kecil atau cari kegiatan yang bikin kamu senang, kayak jalan-jalan atau ngobrol sama temen. Sabar itu berat, tapi kamu kuat. Kalau perlu cerita lebih, aku dengerin, ya.;GROK;D10_GROK_HidupDamaiTanpaBerpikirBerlebihan119-130_20.json;ngerasa hidup sabar terus capek sabar terus terus emang lelah beban ringan tetap tuju kecil giat senang jalan jalan temen sabar berat kuat perlu dengerin;2;0.3448070420224147;jalan - hidup - kecil - musik - diri - sendiri - ngerasa - capek - dengar - stres;-1_diri_takut_sendiri_kecil;ngerasa hidup sabar terus capek sabar terus terus emang lelah beban ringan tetap tuju kecil giat senang jalan jalan temen sabar berat kuat perlu dengerin
Aku merasa nggak bisa fokus apa-apa, pikiranku cuma muter-muter ke masa lalu. Apa yang bisa aku lakukan?;Pikiran yang muter-muter ke masa lalu itu pasti bikin lelah. Mungkin kita bisa coba teknik buat bawa pikiranmu ke sekarang, seperti fokus ke napasmu atau perhatikan lima hal di sekitarmu—apa yang kamu lihat, dengar, sentuh. Kalau mau, aku bisa bantu pandu. Atau, apa ada aktivitas yang bisa bikin kamu lupa waktu, seperti dengerin musik? Mau coba satu dulu?;GROK;D12_GROK_ClinicalHandbookPsychologicalDisorders385-395_20.json;muter muter masa laku muter muter masa lelah teknik bawa perhati lima dengar sentuh pandu aktivitas lupa dengerin musik;2;0.3432647334383197;jalan - hidup - kecil - musik - diri - sendiri - ngerasa - capek - dengar - stres;2_musik_jalan_dengar musik_energi;muter muter masa laku muter muter masa lelah teknik bawa perhati lima dengar sentuh pandu aktivitas lupa dengerin musik
Aku merasa hidupku stuck, kayak nggak bisa berkembang. Apa yang bisa aku lakukan?;Wah, rasanya pasti nggak enak kalau merasa stuck begitu. Coba kita mulai dari hal kecil dulu, ya. Apa ada sesuatu dalam hidupmu yang bikin kamu merasa terhambat? Mungkin kita bisa cek apa kebutuhan dasarmu, seperti istirahat yang cukup atau merasa aman, sudah terpenuhi belum. Kalau dasarnya sudah oke, kita bisa cari tahu apa yang bikin kamu excited untuk melangkah lagi, misalnya nyoba hobi baru atau ngobrol sama orang yang bikin kamu semangat.;GROK;D3_GROK_PengantarPsikologiAdnan210-220_20.json;hidup stuck kembang laku enak stuck kecil hidup hambat butuh istirahat cukup penuh tahu excited lang nyoba semangat;2;0.3413065545192365;jalan - hidup - kecil - musik - diri - sendiri - ngerasa - capek - dengar - stres;-1_diri_takut_sendiri_kecil;hidup stuck kembang laku enak stuck kecil hidup hambat butuh istirahat cukup penuh tahu excited lang nyoba semangat
Aku suka ngelakuin hal berulang-ulang biar suara-suara ini berhenti. Apa ini salah?;Melakukan sesuatu berulang-ulang buat mengurangi suara itu bisa jadi cara kamu mengatasi stres, tapi kalau itu bikin kamu capek, mungkin kita bisa coba cara lain. Misalnya, alihkan perhatian ke kegiatan yang lebih menyenangkan, seperti mendengarkan lagu favorit. Apa kamu mau coba ganti kebiasaan itu pelan-pelan?;GROK;D12_GROK_ClinicalHandbookPsychologicalDisorders550-560_20.json;ngelakuin ulang ulang henti salah laku ulang ulang kurang stres capek perhati giat senang dengar favorit pelan pelan;2;0.3408244290681652;jalan - hidup - kecil - musik - diri - sendiri - ngerasa - capek - dengar - stres;-1_diri_takut_sendiri_kecil;ngelakuin ulang ulang henti salah laku ulang ulang kurang stres capek perhati giat senang dengar favorit pelan pelan
Apakah mendengarkan musik bisa membuat saya jadi lebih pintar?;Musik bisa memperbaiki suasana hati dan membantu fokus sesaat, tapi tidak ada bukti kuat bahwa mendengarkan musik membuat kecerdasan meningkat secara permanen. Jadi kalau musik membuatmu lebih bersemangat atau lebih tenang, itu manfaat nyata. Jangan berharap musik jadi 'obat ajaib' untuk kecerdasan.;GPT;D13_GPT_BrainPower68-78_21.json;dengar musik pintar musik suasana hati bukti kuat dengar musik cerdas tingkat permanen musik semangat tenang manfaat nyata jangan harap musik obat ajaib cerdas;2;0.3404428941713653;jalan - hidup - kecil - musik - diri - sendiri - ngerasa - capek - dengar - stres;2_musik_jalan_dengar musik_energi;dengar musik pintar musik suasana hati bukti kuat dengar musik cerdas tingkat permanen musik semangat tenang manfaat nyata jangan harap musik obat ajaib cerdas
Aku ngerasa cemas itu bikin aku nggak bisa nikmatin hidup. Apa yang bisa aku lakuin?;Aku ngerti, cemas bisa bikin hidup rasanya nggak sepenuhnya milik kita. Salah satu cara buat mulai nikmatin hidup lagi adalah dengan fokus ke hal-hal kecil yang berarti buatmu, meski cemas masih ada. Misalnya, nikmatin secangkir teh sambil dengerin musik, atau ngobrol sama temen. Coba pikirin satu kegiatan kecil yang bikin kamu senyum. Aku bisa bantu rencanain kapan kamu mau coba lakuin itu!;GROK;D12_GROK_ClinicalHandbookPsychologicalDisorders209-219_20.json;ngerasa cemas nikmatin hidup lakuin cemas hidup sepenuh milik salah nikmatin hidup kecil arti cemas nikmatin cangkir dengerin musik temen pikirin giat kecil senyum rencanain kapan lakuin;2;0.3387171972142064;jalan - hidup - kecil - musik - diri - sendiri - ngerasa - capek - dengar - stres;2_musik_jalan_dengar musik_energi;ngerasa cemas nikmatin hidup lakuin cemas hidup sepenuh milik salah nikmatin hidup kecil arti cemas nikmatin cangkir dengerin musik temen pikirin giat kecil senyum rencanain kapan lakuin
Aku merasa nggak punya ruang buat ngelakuin apa yang aku suka. Apa solusinya?;Aku paham, rasanya sesak kalau nggak bisa ekspresi. Coba cari waktu, meski cuma 30 menit sehari, buat lakuin sesuatu yang kamu suka, seperti menggambar atau denger musik. Itu bisa bikin kamu lebih ringan.;GROK;D8_GROK_BerdamaiDenganDiriSendiri131-141_20.json;ruang ngelakuin solusi paham sesak ekspresi lakuin denger musik ringan;2;0.337203971161617;jalan - hidup - kecil - musik - diri - sendiri - ngerasa - capek - dengar - stres;2_musik_jalan_dengar musik_energi;ruang ngelakuin solusi paham sesak ekspresi lakuin denger musik ringan
Aku ngerasa capek banget, tapi takut kalo istirahat malah ketinggalan. Apa yang harus aku lakuin?;Capek itu sinyal tubuh minta istirahat, loh. Nggak apa-apa ambil jeda, nggak berarti kamu ketinggalan. Coba tidur lebih awal atau lakuin sesuatu yang bikin rileks, kayak dengerin musik. Apa yang biasanya bikin kamu merasa segar lagi?;GROK;D10_GROK_HidupDamaiTanpaBerpikirBerlebihan85-95_20.json;ngerasa capek takut kalo istirahat malah tinggal lakuin capek tubuh minta istirahat jeda arti tinggal tidur awal lakuin rileks dengerin musik segar;2;0.3351660312128001;jalan - hidup - kecil - musik - diri - sendiri - ngerasa - capek - dengar - stres;2_musik_jalan_dengar musik_energi;ngerasa capek takut kalo istirahat malah tinggal lakuin capek tubuh minta istirahat jeda arti tinggal tidur awal lakuin rileks dengerin musik segar
Aku suka sih ngelukain diri sendiri biar rasa sakit batinnya hilang. Ini normal nggak sih?;Aku dengar kamu, dan aku peduli banget sama apa yang kamu rasain. Tapi, melukain diri sendiri bukan cara yang sehat buat ngatasin rasa sakit batin. Itu cuma kasih lega sebentar, tapi nggak bener-bener selesain masalah. Coba kita cari cara lain bareng, seperti menulis apa yang kamu rasain atau dengar musik yang bikin tenang. Apa kamu mau coba sesuatu yang baru buat ngalihin dorongan itu?;GROK;D12_GROK_ClinicalHandbookPsychologicalDisorders440-450_20.json;ngelukain diri sendiri sakit batin hilang dengar peduli rasain melukain diri sendiri bukan sehat ngatasin sakit batin lega sebentar selesain bareng rasain dengar musik tenang ngalihin dorong;2;0.3343411900222962;jalan - hidup - kecil - musik - diri - sendiri - ngerasa - capek - dengar - stres;2_musik_jalan_dengar musik_energi;ngelukain diri sendiri sakit batin hilang dengar peduli rasain melukain diri sendiri bukan sehat ngatasin sakit batin lega sebentar selesain bareng rasain dengar musik tenang ngalihin dorong
Aku merasa nggak punya gairah hidup, apa ini cuma fase?;Kehilangan gairah hidup itu bisa terasa berat, dan wajar kalau kamu bertanya-tanya apakah ini cuma fase. Dalam dokumen, dikatakan bahwa energi kehidupan kita dipengaruhi banyak hal, seperti kesehatan fisik dan keseimbangan batin. Coba perhatikan apa yang bikin kamu merasa begini—mungkin kurang istirahat atau ada beban emosional? Mulai dengan hal kecil, seperti jalan-jalan di alam atau ngobrol dengan teman. Kalau ini berlangsung lama, mungkin kita bisa cari tahu lebih dalam apa yang bisa mengembalikan gairahmu.;GROK;D3_GROK_PengantarPsikologiAdnan221-231_20.json;gairah hidup fase hilang gairah hidup berat fase dokumen kata energi hidup pengaruh sehat fisik imbang batin perhati begini kurang istirahat beban emosional kecil jalan jalan alam teman langsung lama tahu gairah;2;0.333367214637665;jalan - hidup - kecil - musik - diri - sendiri - ngerasa - capek - dengar - stres;2_musik_jalan_dengar musik_energi;gairah hidup fase hilang gairah hidup berat fase dokumen kata energi hidup pengaruh sehat fisik imbang batin perhati begini kurang istirahat beban emosional kecil jalan jalan alam teman langsung lama tahu gairah
Aku merasa susah buat tenang pas lagi stres. Ada saran?;Stres memang bikin pikiran nggak tenang. Coba teknik sederhana, kayak tarik napas dalam selama 4 detik, tahan 4 detik, lalu keluarkan 4 detik. Ulang beberapa kali. Atau, coba alihkan pikiran dengan aktivitas ringan, kayak gambar atau dengerin podcast. Kalau stresnya sering datang, mungkin coba cari tahu pemicunya. Apa yang biasanya bikin kamu rileks?;GROK;D3_GROK_PengantarPsikologiAdnan111-121_20.json;susah tenang stres saran stres tenang teknik sederhana lama detik tahan detik keluar detik ulang beberapa aktivitas ringan dengerin podcast stres datang tahu picu rileks;2;0.3306070333593529;jalan - hidup - kecil - musik - diri - sendiri - ngerasa - capek - dengar - stres;2_musik_jalan_dengar musik_energi;susah tenang stres saran stres tenang teknik sederhana lama detik tahan detik keluar detik ulang beberapa aktivitas ringan dengerin podcast stres datang tahu picu rileks
Aku merasa suara-suara ini nyata banget. Aku harus percaya, kan?;Aku paham suara-suara itu terasa sangat nyata, dan itu pasti bikin bingung. Tapi, coba kita lihat dari sisi lain: apa ada bukti di dunia nyata yang mendukung apa yang suara itu bilang? Kalau nggak ada, mungkin kita bisa coba alihkan fokus ke sesuatu yang lebih menyenangkan, seperti mendengarkan musik favoritmu. Mau coba?;GROK;D12_GROK_ClinicalHandbookPsychologicalDisorders550-560_20.json;nyata percaya paham nyata sisi bukti nyata dukung senang dengar musik favorit;2;0.3301985806674105;jalan - hidup - kecil - musik - diri - sendiri - ngerasa - capek - dengar - stres;2_musik_jalan_dengar musik_energi;nyata percaya paham nyata sisi bukti nyata dukung senang dengar musik favorit
Aku sering bingung kenapa perasaanku naik turun. Apa sih yang bikin kita merasa begitu?;Perasaan yang naik turun bisa bikin bingung, ya. Banyak hal yang bisa memengaruhinya, seperti tekanan di sekitar kita, kurang istirahat, atau bahkan pola makan. Coba perhatikan kapan perasaan itu muncul—mungkin ada pemicu, seperti hari yang melelahkan. Luangkan waktu buat rileks, seperti dengar musik atau jalan sebentar. Kalau ini terus mengganggu, ngobrol sama temen atau profesional bisa bantu lihat gambaran yang lebih jelas.;GROK;D3_GROK_PengantarPsikologiAdnan14-24_20.json;naik turun naik turun pengaruh tekan kurang istirahat bahkan pola makan perhati kapan muncul picu lelah luang rileks dengar musik jalan sebentar terus ganggu temen profesional jelas;2;0.3298483856232791;jalan - hidup - kecil - musik - diri - sendiri - ngerasa - capek - dengar - stres;2_musik_jalan_dengar musik_energi;naik turun naik turun pengaruh tekan kurang istirahat bahkan pola makan perhati kapan muncul picu lelah luang rileks dengar musik jalan sebentar terus ganggu temen profesional jelas
Saya selalu merasa lelah meski tidak sibuk. Apakah ini neurasthenia, dan apa yang bisa saya lakukan?;Kelelahan itu bisa terasa berat, dan kamu tidak sendiri! Karen Horney bilang neurasthenia adalah kelelahan mental dan fisik tanpa sebab fisik jelas, sering terkait kecemasan. Coba cek pola tidur dan makanmu—pastikan kamu cukup istirahat dan nutrisi. Luangkan 10 menit untuk aktivitas ringan, seperti jalan kaki atau meditasi. Tulis apa yang bikin kamu lelah untuk lihat polanya. Apa satu langkah kecil untuk tambah energi?;GROK;A1_GROK_PsikologiKepribadian84-101_46.json;lelah sibuk neurasthenia laku lelah berat sendiri karen horney neurasthenia lelah mental fisik fisik jelas kait cemas pola tidur makan cukup istirahat nutrisi luang aktivitas ringan jalan kaki meditasi lelah pola kecil tambah energi;2;0.3280590008193004;jalan - hidup - kecil - musik - diri - sendiri - ngerasa - capek - dengar - stres;2_musik_jalan_dengar musik_energi;lelah sibuk neurasthenia laku lelah berat sendiri karen horney neurasthenia lelah mental fisik fisik jelas kait cemas pola tidur makan cukup istirahat nutrisi luang aktivitas ringan jalan kaki meditasi lelah pola kecil tambah energi
Aku sering denger orang bilang aku harus begini-begitu. Aku capek nurutin mereka.;Aku ngerti, tekanan dari orang lain itu berat. Coba ambil jeda, tanya ke dirimu: apa yang aku mau? Kamu nggak harus nurutin semua orang. Pilih satu hal yang bikin kamu nyaman, dan mulai dari situ.;GROK;D8_GROK_BerdamaiDenganDiriSendiri54-64_20.json;denger begini capek nurutin tekan berat jeda diri nurutin pilih nyaman situ;2;0.3279963241792911;jalan - hidup - kecil - musik - diri - sendiri - ngerasa - capek - dengar - stres;-1_diri_takut_sendiri_kecil;denger begini capek nurutin tekan berat jeda diri nurutin pilih nyaman situ
Aku merasa nggak punya energi buat ngapa-ngapain. Apa yang salah sama aku?;Nggak punya energi bisa bikin kita ngerasa mentok. Bukan berarti ada yang salah sama kamu, mungkin pikiran atau tubuhmu lagi butuh istirahat lebih. Coba mulai dari hal kecil, seperti jalan 5 menit atau makan sesuatu yang kamu suka. Kurang tidur atau makan nggak teratur juga bisa ngaruh. Kalau ini terus, ngobrol sama temen atau profesional bisa bantu cari tahu kenapa.;GROK;D3_GROK_PengantarPsikologiAdnan14-24_20.json;energi salah energi ngerasa mentok bukan arti salah tubuh butuh istirahat kecil jalan makan kurang tidur makan atur ngaruh terus temen profesional tahu;2;0.3278970851029785;jalan - hidup - kecil - musik - diri - sendiri - ngerasa - capek - dengar - stres;2_musik_jalan_dengar musik_energi;energi salah energi ngerasa mentok bukan arti salah tubuh butuh istirahat kecil jalan makan kurang tidur makan atur ngaruh terus temen profesional tahu
Aku merasa kayak nggak punya energi buat hadapi hari. Apa yang bisa bantu aku bangkit?;Nggak punya energi itu bikin hari terasa panjang, ya. Dalam diri kita, ada dorongan yang bisa dihidupkan lagi. Coba mulai dari hal kecil, kayak mandi air hangat atau makan sesuatu yang kamu suka. Atur ritme harian yang nggak terlalu berat, dan jangan lupa istirahat. Kalau ini terus berlanjut, ngobrol sama psikolog bisa bantu cari tahu apa yang bikin energimu drop.;GROK;D3_GROK_PengantarPsikologiAdnan232-242_20.json;energi hadap bangkit energi panjang diri dorong hidup kecil mandi hangat makan atur ritme terlalu berat jangan lupa istirahat terus lanjut psikolog tahu energi drop;2;0.3276317962898111;jalan - hidup - kecil - musik - diri - sendiri - ngerasa - capek - dengar - stres;2_musik_jalan_dengar musik_energi;energi hadap bangkit energi panjang diri dorong hidup kecil mandi hangat makan atur ritme terlalu berat jangan lupa istirahat terus lanjut psikolog tahu energi drop
Aku suka membantu orang, tapi kadang merasa kehabisan energi. Gimana caranya jaga diri sendiri?;Keren banget kamu suka membantu orang, itu tanda hati yang besar. Tapi, jangan lupa kasih waktu buat diri sendiri juga. Coba buat batasan, misalnya tentukan waktu khusus untuk membantu orang dan waktu untuk istirahat. Lakukan sesuatu yang bikin kamu rileks, seperti baca buku atau jalan-jalan. Dengan menjaga energimu, kamu bisa terus membantu tanpa merasa burnout.;GROK;D3_GROK_PengantarPsikologiAdnan188-198_20.json;habis energi jaga diri sendiri keren hati jangan lupa diri sendiri batas khusus istirahat laku rileks baca buku jalan jalan jaga energi terus burnout;2;0.3273743597226706;jalan - hidup - kecil - musik - diri - sendiri - ngerasa - capek - dengar - stres;2_musik_jalan_dengar musik_energi;habis energi jaga diri sendiri keren hati jangan lupa diri sendiri batas khusus istirahat laku rileks baca buku jalan jalan jaga energi terus burnout
Aku merasa sangat sedih akhir-akhir ini, kayak nggak ada harapan. Apa yang bisa aku lakukan?;Aku dengar kamu sedang merasa berat, dan itu pasti nggak mudah. Kadang, mencoba melakukan hal-hal kecil seperti menulis apa yang kamu rasakan atau jalan-jalan sebentar bisa membantu sedikit mengurangi beban. Apa kamu mau coba ceritain lebih detail apa yang bikin sedih? Aku di sini buat dengerin.;GROK;D12_GROK_ClinicalHandbookPsychologicalDisorders297-307_20.json;sedih akhir akhir harap laku dengar sedang berat mudah laku kecil jalan jalan sebentar kurang beban detail sedih dengerin;2;0.3271410238003656;jalan - hidup - kecil - musik - diri - sendiri - ngerasa - capek - dengar - stres;2_musik_jalan_dengar musik_energi;sedih akhir akhir harap laku dengar sedang berat mudah laku kecil jalan jalan sebentar kurang beban detail sedih dengerin
Aku merasa nggak bisa lepas dari kenangan buruk, apa yang bisa aku lakukan?;Kenangan buruk bisa terasa berat, tapi kamu bisa memilih untuk nggak membiarkannya mengendalikanmu. Coba luangkan waktu untuk menulis apa yang kamu rasakan, lalu pikirkan satu hal positif yang bisa kamu lakukan hari ini, seperti jalan-jalan atau ngobrol sama temen. Itu akan bantu kamu perlahan berdamai dengan masa lalu.;GROK;D6_GROK_BeraniTidakDisukaiW196-206_15.json;lepas kenang laku kenang berat pilih kendali luang positif laku jalan jalan temen perlahan damai masa;2;0.3270172521070118;jalan - hidup - kecil - musik - diri - sendiri - ngerasa - capek - dengar - stres;-1_diri_takut_sendiri_kecil;lepas kenang laku kenang berat pilih kendali luang positif laku jalan jalan temen perlahan damai masa
Aku merasa nggak punya energi untuk ngapa-ngapain, apa aku cuma malas?;Kurang energi nggak selalu soal malas, kok. Bisa jadi tubuh atau jiwa kamu lagi kelelahan. Dokumen bilang bahwa menjaga jiwa termasuk memenuhi kebutuhan hidup dengan cara yang sehat. Coba perhatikan pola hidupmu—cukup nggak istirahatmu, atau ada beban pikiran? Mulai dengan istirahat cukup dan aktivitas ringan seperti jalan kaki. Kalau ini berlangsung lama, mungkin kita bisa cek apa yang perlu diperhatikan.;GROK;D3_GROK_PengantarPsikologiAdnan243-252_20.json;energi malas kurang energi malas tubuh jiwa lelah dokumen jaga jiwa masuk penuh butuh hidup sehat perhati pola hidup cukup istirahat beban istirahat cukup aktivitas ringan jalan kaki langsung lama perlu perhati;2;0.3268904458707713;jalan - hidup - kecil - musik - diri - sendiri - ngerasa - capek - dengar - stres;2_musik_jalan_dengar musik_energi;energi malas kurang energi malas tubuh jiwa lelah dokumen jaga jiwa masuk penuh butuh hidup sehat perhati pola hidup cukup istirahat beban istirahat cukup aktivitas ringan jalan kaki langsung lama perlu perhati
Aku merasa capek banget, tapi nggak tahu kenapa. Apa yang salah?;Capek tanpa tahu sebabnya itu bisa bikin bingung, ya. Dalam dokumen, tubuh kita punya energi kehidupan yang bisa terkuras karena banyak hal, seperti kurang istirahat, stres, atau emosi yang menumpuk. Coba perhatikan pola hidupmu—cukup nggak tidurmu, atau ada nggak beban pikiran? Mulai dengan istirahat yang cukup dan aktivitas ringan seperti jalan kaki. Kalau capek ini nggak hilang, mungkin kita bisa cek apakah ada hal lain yang perlu diperhatikan.;GROK;D3_GROK_PengantarPsikologiAdnan221-231_20.json;capek tahu salah capek tahu dokumen tubuh energi hidup kuras kurang istirahat stres emosi tumpuk perhati pola hidup cukup tidur beban istirahat cukup aktivitas ringan jalan kaki capek hilang perlu perhati;2;0.3263864829058105;jalan - hidup - kecil - musik - diri - sendiri - ngerasa - capek - dengar - stres;2_musik_jalan_dengar musik_energi;capek tahu salah capek tahu dokumen tubuh energi hidup kuras kurang istirahat stres emosi tumpuk perhati pola hidup cukup tidur beban istirahat cukup aktivitas ringan jalan kaki capek hilang perlu perhati
Aku ngerasa sedih terus, tapi aku nggak mau orang tahu. Gimana caranya biar nggak ketahuan?;Aku ikut sedih denger kamu ngerasa gitu. Menyembunyikan sedih itu berat, ya, dan kadang bikin tambah capek. Aku nggak bakal bilang kamu harus cerita ke semua orang, tapi menyimpan sendiri juga nggak selalu sehat. Mungkin coba ceritain ke satu orang yang kamu percaya, atau tulis dulu apa yang kamu rasain. Kalau nggak mau orang tahu, kita bisa coba cara lain buat ngeluarin sedih itu, kayak dengar musik atau gambar. Apa yang biasanya bikin kamu merasa sedikit lebih baik?;GROK;D12_GROK_ClinicalHandbookPsychologicalDisorders220-230_20.json;ngerasa sedih terus tahu tahu sedih denger ngerasa sembunyi sedih berat tambah capek simpan sendiri sehat percaya rasain tahu ngeluarin sedih dengar musik;2;0.326335279322928;jalan - hidup - kecil - musik - diri - sendiri - ngerasa - capek - dengar - stres;2_musik_jalan_dengar musik_energi;ngerasa sedih terus tahu tahu sedih denger ngerasa sembunyi sedih berat tambah capek simpan sendiri sehat percaya rasain tahu ngeluarin sedih dengar musik
Aku merasa lelet banget akhir-akhir ini, apa yang bisa aku lakukan biar lebih berenergi?;Aku paham, kadang kita merasa nggak bertenaga, ya. Abraham Maslow bilang bahwa tubuh kita butuh kebutuhan dasar seperti makanan sehat, air, dan istirahat yang cukup untuk berfungsi baik. Coba cek, apa kamu cukup makan bergizi atau tidur? Mulai dengan minum air lebih banyak atau tidur lebih awal, itu bisa bikin beda.;GROK;A1_GROK_PsikologiKepribadian147-173_52.json;lelet akhir akhir laku energi paham tenaga tubuh butuh butuh makan sehat istirahat cukup fungsi cukup makan gizi tidur tidur awal;2;0.3252441265944051;jalan - hidup - kecil - musik - diri - sendiri - ngerasa - capek - dengar - stres;2_musik_jalan_dengar musik_energi;lelet akhir akhir laku energi paham tenaga tubuh butuh butuh makan sehat istirahat cukup fungsi cukup makan gizi tidur tidur awal
Aku merasa nggak punya energi untuk menjalani hari. Apa yang bisa aku coba?;Merasa kehabisan energi bisa terasa berat. Coba cek dulu kebutuhan dasarmu, seperti cukup tidur atau makan teratur. Aktivitas kecil seperti jalan kaki atau minum air cukup juga bisa membantu. Kalau ini berlangsung lama, ngobrol dengan seseorang bisa membantu menemukan penyebabnya. Apa satu hal yang biasanya bikin kamu sedikit lebih berenergi?;GROK;D3_GROK_PengantarPsikologiAdnan25-35_20.json;energi jalan habis energi berat butuh cukup tidur makan atur aktivitas kecil jalan kaki cukup langsung lama energi;2;0.3241578283365579;jalan - hidup - kecil - musik - diri - sendiri - ngerasa - capek - dengar - stres;2_musik_jalan_dengar musik_energi;energi jalan habis energi berat butuh cukup tidur makan atur aktivitas kecil jalan kaki cukup langsung lama energi
Aku merasa tubuhku berat dan nggak bertenaga, apa ini cuma karena aku kurang olahraga?;Perasaan tubuh berat dan nggak bertenaga nggak selalu cuma soal olahraga, lho. Tubuh kita punya energi kehidupan yang dipengaruhi banyak hal, seperti pola makan, tidur, atau bahkan stres yang nggak kita sadari. Dalam dokumen, disebutkan bahwa tubuh manusia punya vitalitas fisik yang bergantung pada kesehatan organ, seperti jantung atau saraf. Coba perhatikan dulu pola hidupmu, misalnya cukup nggak istirahatmu? Kalau ini berlangsung lama, mungkin kita bisa cek apakah ada hal lain yang memengaruhi energimu.;GROK;D3_GROK_PengantarPsikologiAdnan221-231_20.json;tubuh berat tenaga kurang olahraga tubuh berat tenaga olahraga tubuh energi hidup pengaruh pola makan tidur bahkan stres dokumen sebut tubuh manusia vitalitas fisik sehat organ jantung saraf perhati pola hidup cukup istirahat langsung lama pengaruh energi;2;0.3241370571724656;jalan - hidup - kecil - musik - diri - sendiri - ngerasa - capek - dengar - stres;2_musik_jalan_dengar musik_energi;tubuh berat tenaga kurang olahraga tubuh berat tenaga olahraga tubuh energi hidup pengaruh pola makan tidur bahkan stres dokumen sebut tubuh manusia vitalitas fisik sehat organ jantung saraf perhati pola hidup cukup istirahat langsung lama pengaruh energi
Aku ngerasa bersalah kalau nggak kerja keras setiap hari. Tapi aku juga capek. Harus gimana?;Wah, kayaknya kamu terlalu keras sama diri sendiri. Kerja keras itu bagus, tapi istirahat juga penting. Coba kasih diri kamu izin buat santai, misalnya sehari cuma nonton film atau jalan-jalan. Keseimbangan itu kunci. Apa yang bikin kamu merasa harus terus kerja keras?;GROK;D10_GROK_HidupDamaiTanpaBerpikirBerlebihan154-166_20.json;ngerasa salah kerja capek terlalu diri sendiri kerja bagus istirahat penting diri izin santai nonton film jalan jalan imbang kunci terus kerja;2;0.3239022707686159;jalan - hidup - kecil - musik - diri - sendiri - ngerasa - capek - dengar - stres;-1_diri_takut_sendiri_kecil;ngerasa salah kerja capek terlalu diri sendiri kerja bagus istirahat penting diri izin santai nonton film jalan jalan imbang kunci terus kerja
Aku merasa tubuhku nggak sinkron sama pikiranku, apa yang salah?;Perasaan tubuh dan pikiran nggak sinkron itu bisa bikin kita merasa nggak nyaman. Dalam dokumen, tubuh kita digambarkan punya dua sisi: fisik yang nyata dan energi kehidupan yang abstrak. Kalau salah satunya terganggu, seperti kurang tidur atau stres, bisa bikin semuanya terasa nggak seimbang. Coba mulai dengan merawat tubuhmu, misalnya tidur cukup atau gerakan ringan. Kalau ini terus berlangsung, mungkin kita bisa cek apa yang bikin kamu merasa nggak selaras.;GROK;D3_GROK_PengantarPsikologiAdnan221-231_20.json;tubuh sinkron salah tubuh sinkron nyaman dokumen tubuh sisi fisik nyata energi hidup abstrak salah ganggu kurang tidur stres imbang rawat tubuh tidur cukup gera ringan terus langsung selaras;2;0.3225246925929781;jalan - hidup - kecil - musik - diri - sendiri - ngerasa - capek - dengar - stres;2_musik_jalan_dengar musik_energi;tubuh sinkron salah tubuh sinkron nyaman dokumen tubuh sisi fisik nyata energi hidup abstrak salah ganggu kurang tidur stres imbang rawat tubuh tidur cukup gera ringan terus langsung selaras
Aku ngerasa dunia ini terlalu ramai buat aku. Ada cara biar nggak kewalahan?;Aku ngerti banget rasanya kalau dunia terasa terlalu penuh. Coba cari 'safe space' buat diri sendiri, kayak sudut rumah yang tenang atau pakai headphone buat kurangin suara. Luangin juga waktu buat istirahat dari stimulasi, misalnya meditasi singkat atau jalan-jalan di tempat sepi.;GROK;D4_GROK_PengantarPsikologiBimoW112-122_20.json;ngerasa terlalu ramai kewalahan terlalu penuh safe space diri sendiri sudut tenang headphone rangin luangin istirahat stimulasi meditasi singkat jalan jalan tempat sepi;2;0.3217849567319257;jalan - hidup - kecil - musik - diri - sendiri - ngerasa - capek - dengar - stres;2_musik_jalan_dengar musik_energi;ngerasa terlalu ramai kewalahan terlalu penuh safe space diri sendiri sudut tenang headphone rangin luangin istirahat stimulasi meditasi singkat jalan jalan tempat sepi
Saya merasa stres dengan hal yang orang lain anggap biasa, dan itu bikin minder. Mengapa saya begitu, dan apa yang bisa saya lakukan?;Saya tahu minder itu nggak enak, tapi kamu unik dan hebat apa adanya! Setiap orang nilai stresor beda karena pengalaman dan sensitivitas pribadi, jadi wajar kalau kamu merasa stres. Ini bisa bikin kesehatan mental goyah kalau kamu bandingkan diri. Coba tulis apa yang bikin stres dan kenapa, lalu ganti pikiran negatif dengan ‘Aku bisa hadapi ini.’ Lakukan relaksasi, seperti denger musik lembut. Bilang, ‘Aku boleh beda!’ Cari cerita orang lain soal stres online. Apa yang bikin minder, dan koping apa yang pengen kamu coba?;GROK;D1_GROK_HealthPsycology114-151_58.json;stres anggap minder laku tahu minder enak unik nilai stresor alam sensitivitas pribadi stres sehat mental goyah banding diri stres negatif hadap laku relaksasi denger musik lembut stres minder koping;2;0.3188608548278385;jalan - hidup - kecil - musik - diri - sendiri - ngerasa - capek - dengar - stres;2_musik_jalan_dengar musik_energi;stres anggap minder laku tahu minder enak unik nilai stresor alam sensitivitas pribadi stres sehat mental goyah banding diri stres negatif hadap laku relaksasi denger musik lembut stres minder koping
Saya merasa kehabisan energi mental. Apa yang bisa saya lakukan?;Kehilangan energi mental itu berat, dan kamu hebat karena mencari cara untuk bangkit! Carl Gustav Jung bilang energi psikis adalah ‘bahan bakar’ pikiran kita. Kalau habis, coba isi ulang dengan istirahat atau aktivitas yang menyenangkan, seperti mendengarkan musik atau jalan-jalan di alam. Juga, batasi hal yang bikin stres, seperti scrolling media sosial terlalu lama. Apa satu hal kecil yang bisa bikin kamu merasa segar hari ini?;GROK;A1_GROK_PsikologiKepribadian61-83_99.json;habis energi mental laku hilang energi mental berat bangkit energi psikis bahan bakar habis ulang istirahat aktivitas senang dengar musik jalan jalan alam batas stres scrolling media sosial terlalu lama kecil segar;2;0.3187002974220742;jalan - hidup - kecil - musik - diri - sendiri - ngerasa - capek - dengar - stres;2_musik_jalan_dengar musik_energi;habis energi mental laku hilang energi mental berat bangkit energi psikis bahan bakar habis ulang istirahat aktivitas senang dengar musik jalan jalan alam batas stres scrolling media sosial terlalu lama kecil segar
Aku sering ngerasa capek mental, kayak nggak punya energi. Apa yang bisa aku coba?;Capek mental itu sinyal buat istirahat, lho. Coba lakukan sesuatu yang menenangkan, seperti meditasi, jalan di alam, atau sekadar tidur yang cukup. Jangan lupa, kasih waktu buat dirimu sendiri tanpa tekanan. Aku di sini kalau kamu butuh cerita!;GROK;D8_GROK_BerdamaiDenganDiriSendiri109-119_20.json;ngerasa capek mental energi capek mental istirahat laku tenang meditasi jalan alam sekadar tidur cukup jangan lupa diri sendiri tekan butuh;2;0.3182685882706536;jalan - hidup - kecil - musik - diri - sendiri - ngerasa - capek - dengar - stres;2_musik_jalan_dengar musik_energi;ngerasa capek mental energi capek mental istirahat laku tenang meditasi jalan alam sekadar tidur cukup jangan lupa diri sendiri tekan butuh
Aku sering merasa kosong dan nggak punya semangat. Apa ada aktivitas ringan yang bisa bikin aku lebih hidup?;Rasa kosong itu berat, ya. Kadang kita butuh aktivitas yang sederhana tapi bikin otak aktif sekaligus menyenangkan. Coba bermain ping pong, misalnya. Olahraga ini melatih tubuh, melatih otak, sekaligus seru. Atau kalau kamu lebih suka tenang, membaca novel juga bisa sangat membantu. Membaca memberi otak pengalaman baru, membuka perspektif, dan bisa jadi penghiburan yang dalam. Yang penting, temukan kegiatan yang bisa bikin kamu merasa 'hadir' kembali dalam hidupmu.;GPT;D13_GPT_BrainPower101-111_10.json;kosong semangat aktivitas ringan hidup kosong berat butuh aktivitas sederhana otak sekaligus senang main ping pong olahraga tubuh otak sekaligus seru tenang baca novel baca beri otak alam perspektif hibur penting giat hadir hidup;2;0.3176783767190378;jalan - hidup - kecil - musik - diri - sendiri - ngerasa - capek - dengar - stres;2_musik_jalan_dengar musik_energi;kosong semangat aktivitas ringan hidup kosong berat butuh aktivitas sederhana otak sekaligus senang main ping pong olahraga tubuh otak sekaligus seru tenang baca novel baca beri otak alam perspektif hibur penting giat hadir hidup
Emilia, aku merasa nggak punya energi buat ngapa-ngapain. Ini kenapa ya?;Kurang energi bisa datang dari banyak hal, seperti stres, kurang tidur, atau mungkin tanda kamu butuh istirahat mental. Coba deh, mulai dengan hal kecil, seperti minum air putih atau jalan kaki sebentar. Kalau ini berlangsung lama, mungkin baik buat cek sama dokter atau konselor. Apa yang biasanya bikin kamu semangat, meski sedikit?;GROK;D11_GROK_AHandbookfortheSMH303-313_20.json;energi kurang energi datang stres kurang tidur butuh istirahat mental kecil putih jalan kaki sebentar langsung lama dokter konselor semangat;2;0.3171638010463393;jalan - hidup - kecil - musik - diri - sendiri - ngerasa - capek - dengar - stres;2_musik_jalan_dengar musik_energi;energi kurang energi datang stres kurang tidur butuh istirahat mental kecil putih jalan kaki sebentar langsung lama dokter konselor semangat
Saya merasa aneh membaca catatan dengan suara keras di tempat umum. Adakah alternatif?;Jika tidak nyaman, coba rekam suaramu membacakan poin penting dan dengarkan ulang, atau baca di kamar tertutup. Menggunakan gerakan tubuh saat mengulang informasi juga membantu—yang penting menambah 'jalur' sensorik saat belajar.;GPT;D13_GPT_BrainPower79-89_30.json;aneh baca catat tempat umum alternatif nyaman rekam baca poin penting dengar ulang baca kamar tutup gera tubuh ulang penting tambah jalur sensorik;2;0.3166434749545908;jalan - hidup - kecil - musik - diri - sendiri - ngerasa - capek - dengar - stres;2_musik_jalan_dengar musik_energi;aneh baca catat tempat umum alternatif nyaman rekam baca poin penting dengar ulang baca kamar tutup gera tubuh ulang penting tambah jalur sensorik
Aku sering merasa capek banget meskipun nggak ngapa-ngapain, kenapa ya?;Rasa capek tanpa sebab fisik bisa terkait sama kesehatan mental, seperti depresi atau stres. Bisa juga karena kurang motivasi atau energi emosional. Coba mulai dengan aktivitas kecil yang bikin semangat, seperti jalan pagi. Kalau ini berlangsung lama, mungkin perlu cek sama dokter atau psikolog.;GROK;D11_GROK_AHandbookfortheSMH281-291_20.json;capek capek fisik kait sehat mental depresi stres kurang motivasi energi emosional aktivitas kecil semangat jalan pagi langsung lama perlu dokter psikolog;2;0.3154696369217017;jalan - hidup - kecil - musik - diri - sendiri - ngerasa - capek - dengar - stres;2_musik_jalan_dengar musik_energi;capek capek fisik kait sehat mental depresi stres kurang motivasi energi emosional aktivitas kecil semangat jalan pagi langsung lama perlu dokter psikolog
Kenapa ya aku bisa tiba-tiba teringat sesuatu tanpa sengaja? Itu normal nggak?;Itu normal banget! Kadang bayangan atau kenangan bisa muncul sendiri tanpa kita panggil, kayak tiba-tiba teringat lagu atau momen tertentu. Ini karena otak kita suka menghubungkan satu hal dengan hal lain, seperti bau yang bikin teringat masa kecil. Kalau ini mengganggu, coba alihkan perhatian ke aktivitas yang kamu suka, seperti mendengarkan musik atau jalan-jalan.;GROK;D4_GROK_PengantarPsikologiBimoW145-155_20.json;ingat sengaja bayang kenang muncul sendiri panggil ingat momen otak ingat masa kecil ganggu perhati aktivitas dengar musik jalan jalan;2;0.3150436782644307;jalan - hidup - kecil - musik - diri - sendiri - ngerasa - capek - dengar - stres;2_musik_jalan_dengar musik_energi;ingat sengaja bayang kenang muncul sendiri panggil ingat momen otak ingat masa kecil ganggu perhati aktivitas dengar musik jalan jalan
Saya sering bingung antara ingin sosial atau menyendiri. Apa yang harus saya lakukan?;Kebingungan itu menunjukkan kamu sedang menjelajahi sisi dirimu yang kaya! Carl Gustav Jung bilang ada ‘oposisi’ dalam diri kita, seperti tarik-menarik antara ekstraversi dan introversi. Itu normal! Coba dengarkan kebutuhanmu hari itu: kalau ingin tenang, nikmati waktu sendiri dengan buku atau musik. Kalau ingin koneksi, ajak teman ngobrol santai. Tulis pola ini selama seminggu untuk lihat keseimbangannya. Apa yang lagi kamu rasakan sekarang?;GROK;A1_GROK_PsikologiKepribadian61-83_99.json;sosial sendiri laku tunjuk sedang jajah sisi diri kaya oposisi diri ekstraversi introversi dengar butuh tenang nikmat sendiri buku musik koneksi teman santai pola lama minggu imbang;2;0.3134507690965107;jalan - hidup - kecil - musik - diri - sendiri - ngerasa - capek - dengar - stres;-1_diri_takut_sendiri_kecil;sosial sendiri laku tunjuk sedang jajah sisi diri kaya oposisi diri ekstraversi introversi dengar butuh tenang nikmat sendiri buku musik koneksi teman santai pola lama minggu imbang
Aku merasa nggak bisa relaks, selalu tegang, apa yang bisa aku lakukan?;Selalu tegang itu bisa bikin tubuh dan pikiran capek, ya. Dalam dokumen, tubuh kita punya vitalitas yang dipengaruhi kesehatan fisik dan batin. Ketegangan ini mungkin sinyal bahwa kamu butuh jeda. Coba teknik sederhana seperti tarik napas dalam selama beberapa menit atau dengarkan musik yang menenangkan. Kalau ini sering terjadi, mungkin kita bisa cari tahu apa yang bikin kamu terus-terusan tegang, apakah ada tekanan tertentu atau kebiasaan yang perlu diubah.;GROK;D3_GROK_PengantarPsikologiAdnan221-231_20.json;relaks tegang laku tegang tubuh capek dokumen tubuh vitalitas pengaruh sehat fisik batin tegang butuh jeda teknik sederhana lama beberapa dengar musik tenang tahu terus terus tegang tekan perlu ubah;2;0.31308817089107;jalan - hidup - kecil - musik - diri - sendiri - ngerasa - capek - dengar - stres;2_musik_jalan_dengar musik_energi;relaks tegang laku tegang tubuh capek dokumen tubuh vitalitas pengaruh sehat fisik batin tegang butuh jeda teknik sederhana lama beberapa dengar musik tenang tahu terus terus tegang tekan perlu ubah
Emilia, aku merasa stres banget karena orang tuaku sering bertengkar. Apa yang bisa aku lakukan?;Aku tahu itu pasti berat buatmu. Ketika orang tua bertengkar, itu bisa bikin kamu merasa nggak aman. Coba cari tempat yang tenang di rumah untuk menenangkan diri, seperti mendengarkan musik atau menulis perasaanmu. Kalau kamu merasa nyaman, mungkin bisa ngobrol sama salah satu orang tua atau orang dewasa yang kamu percaya tentang apa yang kamu rasakan. Aku di sini kalau kamu butuh temen cerita, ya.;GROK;D11_GROK_AHandbookfortheSMH347-357_20.json;stres tengkar laku tahu berat tengkar tempat tenang tenang diri dengar musik nyaman salah dewasa percaya butuh temen;2;0.3120801493624785;jalan - hidup - kecil - musik - diri - sendiri - ngerasa - capek - dengar - stres;2_musik_jalan_dengar musik_energi;stres tengkar laku tahu berat tengkar tempat tenang tenang diri dengar musik nyaman salah dewasa percaya butuh temen
Aku ngerasa pendiam karena lingkungan. Gimana biar lebih terbuka?;Lingkungan bisa bikin kita pendiam, tapi kamu bisa latih buat lebih terbuka. Coba mulai ngobrol sama orang yang bikin kamu nyaman, atau ikut komunitas yang seru. Pelan-pelan aja. Apa yang bikin kamu pendiam? Ceritain ke aku.;GROK;D3_GROK_PengantarPsikologiAdnan155-165_20.json;ngerasa diam diam nyaman seru pelan pelan diam;2;0.3063715418271339;jalan - hidup - kecil - musik - diri - sendiri - ngerasa - capek - dengar - stres;-1_diri_takut_sendiri_kecil;ngerasa diam diam nyaman seru pelan pelan diam
Aku merasa hancur setelah kehilangan seseorang. Gimana cara mulai pulih?;Aku tahu kehilangan itu rasanya kayak nggak ada harapan, dan itu wajar banget. Coba cari satu hal kecil yang bikin kamu nyaman, seperti duduk di tempat favorit atau dengar lagu yang menenangkan. Beri dirimu izin buat bersedih, tapi coba juga lakuin rutinitas sederhana, seperti makan teratur atau jalan pagi. Kalau merasa berat, ceritain ke seseorang yang bisa dengerin. Pulih itu butuh waktu, tapi kamu nggak sendirian di perjalanan ini.;GROK;A1_GROK_EmotionalFirstAid1-22_41.json;hancur hilang pulih tahu hilang harap kecil nyaman duduk tempat favorit dengar tenang beri diri izin sedih lakuin sederhana makan atur jalan pagi berat dengerin pulih butuh sendiri jalan;2;0.3060773896496377;jalan - hidup - kecil - musik - diri - sendiri - ngerasa - capek - dengar - stres;-1_diri_takut_sendiri_kecil;hancur hilang pulih tahu hilang harap kecil nyaman duduk tempat favorit dengar tenang beri diri izin sedih lakuin sederhana makan atur jalan pagi berat dengerin pulih butuh sendiri jalan
Aku pengen hidup tenang, tapi kok susah banget, apa yang bisa kulakukan?;Hidup tenang memang kadang terasa jauh, tapi kamu bisa mulai dengan fokus pada apa yang ada di kendalimu: pikiran, perasaan, ucapan, dan tindakan. Coba luangkan waktu untuk hal-hal yang bikin kamu nyaman, seperti jalan-jalan atau meditasi singkat. Kalau ada hal yang bikin cemas, tanya diri sendiri: ‘Apa ini benar-benar bisa aku ubah?’ Kalau nggak, coba lepaskan pelan-pelan.;GROK;D5_GROK_MindfullLife21-31_20.json;hidup tenang susah laku hidup tenang jauh kendali tindak luang nyaman jalan jalan meditasi singkat cemas diri sendiri ubah lepas pelan pelan;2;0.3056161255258545;jalan - hidup - kecil - musik - diri - sendiri - ngerasa - capek - dengar - stres;-1_diri_takut_sendiri_kecil;hidup tenang susah laku hidup tenang jauh kendali tindak luang nyaman jalan jalan meditasi singkat cemas diri sendiri ubah lepas pelan pelan
Aku notice aku jadi gampang kesal kalau di rumah, tapi nggak di luar. Kenapa ya perilakuku beda gitu?;Wah, kamu jeli banget sama perubahan perilakumu! Secara psikologi, perilaku kita bisa berubah karena lingkungan. Mungkin di rumah ada situasi yang bikin kamu lebih tegang, seperti kebisingan atau ekspektasi keluarga. Coba amati: apa yang biasanya bikin kamu kesal di rumah? Lalu, coba ciptain ‘zona tenang’ di rumah, misalnya denger musik favorit. Ceritain sedikit tentang situasi di rumahmu, biar aku bantu cari tahu pemicunya!;GROK;A3_GROK_PsikologiKomunikasi27-33_25.json;notice gampang kesal luar perilaku jeli ubah perilaku psikologi perilaku ubah situasi tegang bising ekspektasi keluarga kesal ciptain zona tenang denger musik favorit situasi tahu picu;2;0.3046072925730069;jalan - hidup - kecil - musik - diri - sendiri - ngerasa - capek - dengar - stres;-1_diri_takut_sendiri_kecil;notice gampang kesal luar perilaku jeli ubah perilaku psikologi perilaku ubah situasi tegang bising ekspektasi keluarga kesal ciptain zona tenang denger musik favorit situasi tahu picu
Aku merasa tes psikologi itu terlalu serius. Ada cara nggak supaya aku lebih enjoy?;Bisa banget! Anggap aja tes ini seperti kuis ringan yang membantu kamu kenal diri sendiri. Sebelum mulai, rileks dulu, mungkin dengar musik favorit atau minum air putih. Kalau tesnya terasa berat, coba kerjakan dengan santai tanpa terlalu mikirin hasil. Ingat, ini cuma salah satu cara untuk lihat sisi lain dari dirimu, jadi nikmati prosesnya.;GROK;D3_GROK_PengantarPsikologiAdnan58-68_20.json;psikologi terlalu serius enjoy anggap kuis ringan kenal diri sendiri rileks dengar musik favorit putih berat kerja santai terlalu mikirin hasil ingat salah sisi diri nikmat proses;2;0.3044243478712035;jalan - hidup - kecil - musik - diri - sendiri - ngerasa - capek - dengar - stres;-1_diri_takut_sendiri_kecil;psikologi terlalu serius enjoy anggap kuis ringan kenal diri sendiri rileks dengar musik favorit putih berat kerja santai terlalu mikirin hasil ingat salah sisi diri nikmat proses
Aku minum banyak pas akhir pekan, tapi hari biasa nggak. Apa itu oke?;Minum banyak di akhir pekan, meskipun hari biasa nggak, tetap bisa bikin risiko buat kesehatanmu, lho. Pola minum kayak gitu bisa bikin tubuhmu kaget. Coba deh kita pikirin cara buat kurangi jumlahnya di akhir pekan, misalnya ganti dengan aktivitas seru lain. Kamu suka ngapain pas akhir pekan selain minum?;GROK;D12_GROK_ClinicalHandbookPsychologicalDisorders583-593_20.json;akhir pekan akhir pekan tetap risiko sehat pola tubuh kaget pikirin kurang jumlah akhir pekan aktivitas seru akhir pekan;2;0.30340018347045;jalan - hidup - kecil - musik - diri - sendiri - ngerasa - capek - dengar - stres;2_musik_jalan_dengar musik_energi;akhir pekan akhir pekan tetap risiko sehat pola tubuh kaget pikirin kurang jumlah akhir pekan aktivitas seru akhir pekan
Saya merasa stres bikin hidup saya kacau. Bagaimana manajemen stres bisa bantu, dan apa teknik yang bisa saya coba?;Stres emang bisa bikin semuanya terasa berantakan, tapi kamu punya kekuatan untuk ambil kendali! Manajemen stres membantu tubuh dan pikiranmu tetap seimbang, bikin kamu lebih tenang dan fokus. Coba teknik sederhana, seperti napas dalam 4-4-4 (tarik, tahan, keluarkan masing-masing 4 detik) atau jalan santai sambil denger musik. Tulis juga apa yang bikin kamu stres, lalu cari satu solusi kecil. Apa yang lagi bikin kamu pusing, dan apa teknik yang pengen kamu coba besok?;GROK;D1_GROK_HealthPsycology1-55_67.json;stres hidup kacau manajemen stres teknik stres emang beranta kuat kendali manajemen stres tubuh tetap imbang tenang teknik sederhana tahan keluar masing masing detik jalan santai denger musik stres solusi kecil pusing teknik;2;0.3033085428282123;jalan - hidup - kecil - musik - diri - sendiri - ngerasa - capek - dengar - stres;2_musik_jalan_dengar musik_energi;stres hidup kacau manajemen stres teknik stres emang beranta kuat kendali manajemen stres tubuh tetap imbang tenang teknik sederhana tahan keluar masing masing detik jalan santai denger musik stres solusi kecil pusing teknik
Aku merasa nggak punya energi buat ngelakuin apa-apa, kenapa ya?;Nggak punya energi itu bisa datang dari banyak hal, seperti kurang istirahat, stres, atau mungkin kamu lagi nggak yakin sama tujuanmu. Coba cek dulu, apa tubuhmu cukup istirahat, makan, dan gerak? Kalau iya, mungkin pikiranmu yang lagi butuh perhatian. Coba lakuin sesuatu yang kecil tapi bikin senang, seperti dengar musik atau jalan sebentar. Kalau masih berat, ngobrol sama orang dekat atau profesional bisa bantu lihat apa yang lagi bikin kamu stuck.;GROK;D3_GROK_PengantarPsikologiAdnan133-143_20.json;energi ngelakuin energi datang kurang istirahat stres yakin tuju tubuh cukup istirahat makan gerak butuh perhati lakuin kecil senang dengar musik jalan sebentar berat dekat profesional stuck;2;0.2952076064337903;jalan - hidup - kecil - musik - diri - sendiri - ngerasa - capek - dengar - stres;2_musik_jalan_dengar musik_energi;energi ngelakuin energi datang kurang istirahat stres yakin tuju tubuh cukup istirahat makan gerak butuh perhati lakuin kecil senang dengar musik jalan sebentar berat dekat profesional stuck
Aku merasa tes sering bikin aku stres. Apa yang bisa aku lakukan biar rileks?;Tes memang kadang bikin jantungan, ya. Coba siapkan diri dengan latihan soal yang mirip, jadi kamu nggak kaget pas tes beneran. Sebelum tes, lakukan relaksasi sederhana, seperti tarik napas dalam atau dengar musik yang bikin tenang. Ingatkan diri sendiri bahwa tes cuma salah satu cara ngukur kemampuan, dan kamu punya banyak kekuatan lain di luar tes.;GROK;D3_GROK_PengantarPsikologiAdnan69-79_20.json;stres laku rileks jantung siap diri mirip kaget beneran laku relaksasi sederhana dengar musik tenang ingat diri sendiri salah ngukur mampu kuat luar;2;0.2939358469491553;jalan - hidup - kecil - musik - diri - sendiri - ngerasa - capek - dengar - stres;2_musik_jalan_dengar musik_energi;stres laku rileks jantung siap diri mirip kaget beneran laku relaksasi sederhana dengar musik tenang ingat diri sendiri salah ngukur mampu kuat luar
Aku takut banget kalau dengar suara-suara itu lagi. Apa yang bisa aku lakuin?;Aku ngerti banget ketakutan itu. Coba tarik napas dalam-dalam dulu, ya. Kadang, fokus ke hal lain, seperti mendengarkan musik atau melakukan sesuatu yang kamu suka, bisa membantu mengurangi rasa takut. Tapi kalau suara-suara itu sering muncul, aku saranin bicara sama profesional yang bisa bantu kasih strategi lebih spesifik. Apa kamu punya aktivitas yang biasanya bikin kamu rileks?;GROK;D12_GROK_ClinicalHandbookPsychologicalDisorders561-571_20.json;takut dengar lakuin takut dengar musik laku kurang takut muncul saranin bicara profesional strategi spesifik aktivitas rileks;2;0.2906893767889904;jalan - hidup - kecil - musik - diri - sendiri - ngerasa - capek - dengar - stres;2_musik_jalan_dengar musik_energi;takut dengar lakuin takut dengar musik laku kurang takut muncul saranin bicara profesional strategi spesifik aktivitas rileks
Aku suka nggak sadar kalau ada perubahan kecil di sekitarku. Gimana caranya biar lebih aware?;Wajar kok kalau perubahan kecil kadang lolos dari perhatian. Coba main 'spot the difference' di kehidupan sehari-hari, misalnya perhatiin apa yang beda di kamar setiap hari. Atau, pas denger musik, coba bedain nada-nada kecil. Itu bisa bantu kamu lebih peka sama perubahan.;GROK;D4_GROK_PengantarPsikologiBimoW112-122_20.json;ubah kecil aware ubah kecil lolos perhati main spot difference hidup perhatiin kamar denger musik bedain kecil peka ubah;2;0.2891357932160031;jalan - hidup - kecil - musik - diri - sendiri - ngerasa - capek - dengar - stres;-1_diri_takut_sendiri_kecil;ubah kecil aware ubah kecil lolos perhati main spot difference hidup perhatiin kamar denger musik bedain kecil peka ubah
Aku sayang banget sama pacarku, tapi orang tuaku nggak setuju. Aku stres mikirin ini. Gimana caranya biar nggak cemas terus?;Wah, situasi kayak gini pasti berat buat kamu. Aku saranin coba ngobrol terbuka sama pasanganmu dulu—apa rencana kalian ke depan dan gimana caranya hadapi ini bareng. Kalau memungkinkan, ajak orang tuamu ngobrol pelan-pelan, mungkin ceritain sisi baik pasanganmu yang mereka belum tahu. Buat jaga pikiranmu, coba lakuin aktivitas yang bikin rileks, seperti denger musik atau olahraga ringan. Ingat, kamu nggak sendiri—ambil satu langkah kecil dulu, misalnya ngobrol sama pasangan besok. Kamu kuat, kok!;GROK;A2_GROK_FilosofiTeras31-44_30.json;sayang pacar tuju stres mikirin cemas terus situasi berat saranin pasang rencana depan hadap bareng pelan pelan sisi pasang tahu jaga lakuin aktivitas rileks denger musik olahraga ringan ingat sendiri kecil pasang kuat;2;0.2861834002827616;jalan - hidup - kecil - musik - diri - sendiri - ngerasa - capek - dengar - stres;2_musik_jalan_dengar musik_energi;sayang pacar tuju stres mikirin cemas terus situasi berat saranin pasang rencana depan hadap bareng pelan pelan sisi pasang tahu jaga lakuin aktivitas rileks denger musik olahraga ringan ingat sendiri kecil pasang kuat
Aku merasa capek banget kejar pengakuan. Gimana biar bisa santai?;Kejar pengakuan memang melelahkan. Coba ambil waktu buat diri sendiri, jauh dari sorotan. Lakukan sesuatu yang bikin kamu rileks, seperti jalan-jalan atau meditasi. Kadang, istirahat dari ekspektasi bikin kita lihat apa yang bener-bener kita mau.;GROK;D9_GROK_EgoIsTheEnemy195-204_20.json;capek kejar santai kejar lelah diri sendiri jauh sorot laku rileks jalan jalan meditasi istirahat ekspektasi;2;0.2816678765874356;jalan - hidup - kecil - musik - diri - sendiri - ngerasa - capek - dengar - stres;2_musik_jalan_dengar musik_energi;capek kejar santai kejar lelah diri sendiri jauh sorot laku rileks jalan jalan meditasi istirahat ekspektasi
Aku kadang ngerasa nggak ada ide sama sekali pas lagi butuh. Gimana biar otakku nyala lagi?;Otak lagi blank itu wajar, kok. Coba ubah suasana, misalnya jalan-jalan atau denger musik. Kadang otak butuh ‘jeda’ buat nyala lagi. Kalau masih susah, ceritain apa yang lagi kamu pikirin, mungkin aku bisa bantu lempar ide!;GROK;D4_GROK_PengantarPsikologiBimoW189-199_20.json;ngerasa sekali butuh otak nyala otak blank ubah suasana jalan jalan denger musik otak butuh jeda nyala susah pikirin lempar;2;0.2784041579202182;jalan - hidup - kecil - musik - diri - sendiri - ngerasa - capek - dengar - stres;2_musik_jalan_dengar musik_energi;ngerasa sekali butuh otak nyala otak blank ubah suasana jalan jalan denger musik otak butuh jeda nyala susah pikirin lempar
Aku masih nggak ngerti bedanya sebab dan tujuan itu apa. Bisa jelasin lagi?;Oke, gampangnya gini. Kalau kita fokus ke sebab, kita cari alasan di masa lalu, kayak 'aku gini karena dulu begini'. Tapi kalau tujuan, kita lihat apa yang lagi kita kejar sekarang. Misalnya, kalau kamu demam, dokter nggak cuma bilang 'kamu kedinginan kemarin', tapi kasih obat supaya kamu sembuh. Nah, apa tujuan yang lagi kamu kejar sekarang?;GROK;D6_GROK_BeraniTidakDisukaiW31-41_14.json;tuju jelasin gampang alas masa begini tuju kejar demam dokter dingin kemarin obat sembuh tuju kejar;2;0.2781184432185933;jalan - hidup - kecil - musik - diri - sendiri - ngerasa - capek - dengar - stres;2_musik_jalan_dengar musik_energi;tuju jelasin gampang alas masa begini tuju kejar demam dokter dingin kemarin obat sembuh tuju kejar
Aku ngerasa stres, tapi nggak tahu kenapa. Aku pengen lebih happy, tapi bingung mulai dari mana. Ada saran?;Aku tahu, kadang stres itu kayak datang tanpa alasan jelas. Coba luangin waktu 5 menit buat nulis apa aja yang ada di pikiranmu—nggak perlu rapi, yang penting keluar. Lalu, pikirin satu hal yang pernah bikin kamu seneng, kayak nonton film lucu, ngobrol sama temen, atau makan es krim. Lakuin itu hari ini, meski cuma 10 menit. Kalau masih bingung, jalan kaki sambil dengar musik bisa bantu pikiran lebih jernih. Kamu layak bahagia, lho, yuk mulai dari yang kecil!;GROK;A2_GROK_FilosofiTeras31-44_30.json;ngerasa stres tahu happy saran tahu stres datang alas jelas luangin nulis perlu rapi penting keluar pikirin neng nonton film lucu temen makan krim lakuin jalan kaki dengar musik jernih layak bahagia kecil;2;0.2758535741049174;jalan - hidup - kecil - musik - diri - sendiri - ngerasa - capek - dengar - stres;-1_diri_takut_sendiri_kecil;ngerasa stres tahu happy saran tahu stres datang alas jelas luangin nulis perlu rapi penting keluar pikirin neng nonton film lucu temen makan krim lakuin jalan kaki dengar musik jernih layak bahagia kecil
Aku ngerasa hidup ini kayak ujian terus, kapan aku bisa tenang?;Aku ngerti, rasanya capek banget. Tapi ketenangan itu bisa kamu ciptain sendiri, lho. Coba luangin waktu buat sesuatu yang bikin kamu rileks, seperti meditasi atau jalan-jalan. Apa yang biasanya bikin kamu tenang?;GROK;D7_GROK_SeniMenyiksaDiri29-42_20.json;ngerasa hidup terus kapan tenang capek tenang ciptain sendiri luangin rileks meditasi jalan jalan tenang;2;0.2757851065778472;jalan - hidup - kecil - musik - diri - sendiri - ngerasa - capek - dengar - stres;-1_diri_takut_sendiri_kecil;ngerasa hidup terus kapan tenang capek tenang ciptain sendiri luangin rileks meditasi jalan jalan tenang
Aku ngerasa gak punya kendali atas hidupku. Gimana caranya ambil kendali?;Merasa gak punya kendali itu berat. Coba mulai dari hal kecil yang bisa kamu atur, seperti rutinitas harian atau hobi. Tulis apa yang pengen kamu capai, terus pecah jadi langkah kecil. Apa yang bikin kamu merasa gak berdaya? Aku dengerin kok.;GROK;D3_GROK_PengantarPsikologiAdnan155-165_20.json;ngerasa kendali hidup kendali kendali berat kecil atur capai terus pecah kecil daya dengerin;2;0.2504243679083365;jalan - hidup - kecil - musik - diri - sendiri - ngerasa - capek - dengar - stres;-1_diri_takut_sendiri_kecil;ngerasa kendali hidup kendali kendali berat kecil atur capai terus pecah kecil daya dengerin
Kadang aku merasa khawatir terus-terusan, kayak nggak bisa berhenti. Itu normal nggak sih?;Aku ngerti, rasanya kayak pikiran nggak mau diam, ya? Khawatir itu sebenarnya fungsinya buat bantu kita antisipasi bahaya, tapi kalau kebanyakan, bisa ganggu. Coba perhatiin apa yang bikin kamu khawatir, tulis kalau perlu. Lalu tanya diri sendiri, 'Apa ini bener-bener ancaman sekarang?' Ini bisa bantu kamu lihat mana yang cuma pikiran, mana yang nyata. Kalau masih susah, mungkin kita bisa coba latihan buat alihin fokus, kayak dengerin musik atau jalan-jalan. Apa yang biasanya bikin kamu rileks?;GROK;D12_GROK_ClinicalHandbookPsychologicalDisorders220-230_20.json;khawatir terus terus henti diam khawatir fungsi antisipasi bahaya ganggu perhatiin khawatir perlu diri sendiri ancam nyata susah alihin dengerin musik jalan jalan rileks;2;0.2474648540222498;jalan - hidup - kecil - musik - diri - sendiri - ngerasa - capek - dengar - stres;-1_diri_takut_sendiri_kecil;khawatir terus terus henti diam khawatir fungsi antisipasi bahaya ganggu perhatiin khawatir perlu diri sendiri ancam nyata susah alihin dengerin musik jalan jalan rileks
Saya sering melamun dan merasa ini satu-satunya cara saya 'istirahat' dari pikiran yang terus berputar. Apakah melamun itu benar-benar membantu?;Melamun bisa menjadi bentuk istirahat mental yang alami — ketika dilakukan dengan aman dan sengaja memberi ruang untuk pikiran berkeliaran tanpa menilai. Coba luangkan waktu sendiri di tempat tenang, pejamkan mata, beri izin pada pikiran untuk 'bermain' tanpa memaksa fokus. Namun, jika melamun menjadi cara menghindari masalah penting (mis. menunda tugas, menghindari perasaan berat), itu perlu ditangani berbeda — bukan dipuji, melainkan dicari penyebabnya dan langkah konkret untuk menghadapi masalah tersebut.;GPT;D13_GPT_BrainPower90-100_10.json;lamun istirahat terus putar lamun lamun bentuk istirahat mental alami laku sengaja beri ruang liar nilai luang sendiri tempat tenang pejam mata beri izin main paksa lamun hindar penting tunda tugas hindar berat perlu tangan bukan puji konkret hadap sebut;2;0.235144100961363;jalan - hidup - kecil - musik - diri - sendiri - ngerasa - capek - dengar - stres;-1_diri_takut_sendiri_kecil;lamun istirahat terus putar lamun lamun bentuk istirahat mental alami laku sengaja beri ruang liar nilai luang sendiri tempat tenang pejam mata beri izin main paksa lamun hindar penting tunda tugas hindar berat perlu tangan bukan puji konkret hadap sebut
Kadang aku nggak bisa bedain dua hal yang mirip banget. Apa aku perlu khawatir?;Nggak perlu khawatir. Banyak orang juga susah bedain hal yang mirip-mirip, apalagi kalau lagi capek atau stres. Coba latih diri dengan latihan sederhana, misalnya bandingin dua aroma atau tekstur. Kalau masih susah, istirahat dulu, mungkin otakmu cuma butuh jeda.;GROK;D4_GROK_PengantarPsikologiBimoW112-122_20.json;bedain mirip perlu khawatir perlu khawatir susah bedain mirip mirip capek stres diri sederhana bandingin aroma tekstur susah istirahat otak butuh jeda;2;0.2210538137754867;jalan - hidup - kecil - musik - diri - sendiri - ngerasa - capek - dengar - stres;-1_diri_takut_sendiri_kecil;bedain mirip perlu khawatir perlu khawatir susah bedain mirip mirip capek stres diri sederhana bandingin aroma tekstur susah istirahat otak butuh jeda
Aku suka bingung kenapa aku bisa tiba-tiba kesal sama hal kecil. Apa yang bikin gitu?;Kesal sama hal kecil bisa terjadi karena ada sesuatu di dalam dirimu yang lagi nggak seimbang, seperti stres, capek, atau bahkan harapan yang nggak terpenuhi. Misalnya, kalau kamu lagi capek, suara telepon yang berbunyi terus bisa bikin jengkel, padahal biasanya nggak apa-apa. Coba perhatikan, apa yang lagi bikin kamu sensitif? Mungkin kamu butuh istirahat atau ngobrol sama orang yang bisa bikin tenang. Hal kecil apa yang tadi bikin kesal?;GROK;D3_GROK_PengantarPsikologiAdnan199-209_20.json;kesal kecil kesal kecil diri imbang stres capek bahkan harap penuh capek telepon bunyi terus jengkel padahal perhati sensitif butuh istirahat tenang kecil tadi kesal;2;0.2033483009464549;jalan - hidup - kecil - musik - diri - sendiri - ngerasa - capek - dengar - stres;-1_diri_takut_sendiri_kecil;kesal kecil kesal kecil diri imbang stres capek bahkan harap penuh capek telepon bunyi terus jengkel padahal perhati sensitif butuh istirahat tenang kecil tadi kesal
Aku suka ngecek ponsel tiap cemas, biar pikiranku teralihkan. Apa ini oke?;Ngecek ponsel buat ngalihin cemas itu wajar, tapi tergantung hasilnya. Kalau cuma bikin kamu lupa cemas sebentar tapi balik lagi, mungkin itu nggak terlalu membantu. Coba perhatikan, setelah ngecek ponsel, kamu merasa lebih tenang atau malah tambah gelisah? Kalau ternyata nggak membantu, kita bisa cari cara lain, misalnya tarik napas dalam atau jalan kaki sebentar. Mau aku ajarin caranya?;GROK;D12_GROK_ClinicalHandbookPsychologicalDisorders209-219_20.json;ngecek ponsel cemas ngecek ponsel ngalihin cemas hasil lupa cemas sebentar balik terlalu perhati ngecek ponsel tenang malah tambah gelisah nyata jalan kaki sebentar ajarin;2;0.1988978850212815;jalan - hidup - kecil - musik - diri - sendiri - ngerasa - capek - dengar - stres;-1_diri_takut_sendiri_kecil;ngecek ponsel cemas ngecek ponsel ngalihin cemas hasil lupa cemas sebentar balik terlalu perhati ngecek ponsel tenang malah tambah gelisah nyata jalan kaki sebentar ajarin
Aku sering lupa istirahat pas kerja, eh malah nyeri. Gimana caranya ingat?;Gampang lupa istirahat itu sering terjadi, kok. Coba setel alarm di ponsel setiap 30 menit untuk ingetin kamu jeda sejenak. Atau pakai teknik pacing: kerja 25 menit, istirahat 5 menit. Apa yang biasanya bikin kamu lupa istirahat?;GROK;D12_GROK_ClinicalHandbookPsychologicalDisorders715-725_20.json;lupa istirahat kerja malah nyeri ingat gampang lupa istirahat setel alarm ponsel ingetin jeda jenak teknik pacing kerja istirahat lupa istirahat;2;0.1979531062413284;jalan - hidup - kecil - musik - diri - sendiri - ngerasa - capek - dengar - stres;-1_diri_takut_sendiri_kecil;lupa istirahat kerja malah nyeri ingat gampang lupa istirahat setel alarm ponsel ingetin jeda jenak teknik pacing kerja istirahat lupa istirahat
Kalau aku nggak punya temen buat cerita, apa yang bisa aku lakukan biar nggak stres?;Pasti berat kalau merasa nggak ada tempat buat berbagi. Dukungan dari orang lain memang penting untuk mengurangi stres, tapi kalau belum ada teman yang bisa diajak cerita, kamu bisa coba aktivitas yang bikin rileks, seperti menulis jurnal, meditasi, atau jalan-jalan di alam. Kamu juga bisa coba gabung ke komunitas atau grup yang punya minat sama, biar perlahan bisa punya teman baru. Aku di sini juga buat dengerin ceritamu, lho!;GROK;D11_GROK_AHandbookfortheSMH127-137_20.json;temen laku stres berat tempat dukung penting kurang stres teman aktivitas rileks jurnal meditasi jalan jalan alam gabung grup perlahan teman dengerin;2;0.1858580348695068;jalan - hidup - kecil - musik - diri - sendiri - ngerasa - capek - dengar - stres;-1_diri_takut_sendiri_kecil;temen laku stres berat tempat dukung penting kurang stres teman aktivitas rileks jurnal meditasi jalan jalan alam gabung grup perlahan teman dengerin
Aku akhir-akhir ini merasa cemas banget, kayak nggak bisa tenang. Apa sih yang bisa aku lakukan?;Wah, kedengarannya berat ya. Cemas itu wajar kok, tapi kalau udah mengganggu, kita bisa coba sesuatu. Coba tarik napas perlahan, rasain udara masuk dan keluar. Fokus ke napasmu sebentar. Ini bisa bantu pikiranmu agak tenang. Kalau mau, aku bisa ajarin latihan sederhana buat ngurangin cemas, atau kita obrolin dulu apa yang bikin kamu cemas?;GROK;D12_GROK_ClinicalHandbookPsychologicalDisorders231-241_20.json;akhir akhir cemas tenang laku dengar berat cemas udah ganggu perlahan rasain udara masuk keluar sebentar tenang ajarin sederhana ngurangin cemas obrolin cemas;2;0.1751844992733231;jalan - hidup - kecil - musik - diri - sendiri - ngerasa - capek - dengar - stres;-1_diri_takut_sendiri_kecil;akhir akhir cemas tenang laku dengar berat cemas udah ganggu perlahan rasain udara masuk keluar sebentar tenang ajarin sederhana ngurangin cemas obrolin cemas
Aku kesal sama temen yang selalu telat janjian. Gimana caranya biar nggak jengkel?;Temen telat bisa bikin bete, tapi coba sapa dia santai: ‘Eh, mungkin kita set jam pasti ya biar pas.’ Tanyain diri: ‘Bisa nggak aku ubah kebiasaannya?’ Kalau nggak berubah, bawa buku atau denger musik biar santai nunggu. Tulis tiga hal seru bareng temen itu biar nggak kesel. Kalau masih susah, tahan diri dengan tarik napas dalam. Coba bawa buku buat nunggu besok.;GROK;A2_GROK_FilosofiTeras191-227_54.json;kesal temen telat janji jengkel temen telat bete sapa santai tanyain diri ubah ubah bawa buku denger musik santai nunggu seru bareng temen kesel susah tahan diri bawa buku nunggu;2;0.1548571793478098;jalan - hidup - kecil - musik - diri - sendiri - ngerasa - capek - dengar - stres;-1_diri_takut_sendiri_kecil;kesal temen telat janji jengkel temen telat bete sapa santai tanyain diri ubah ubah bawa buku denger musik santai nunggu seru bareng temen kesel susah tahan diri bawa buku nunggu
Aku suka menunda-nunda belajar. Gimana caranya biar aku lebih disiplin?;Menunda itu memang godaan besar, apalagi kalau tugasnya terasa berat. Coba mulai dengan sesuatu yang kecil, misalnya belajar 10 menit aja, tapi konsisten setiap hari. Buat suasana belajar yang menyenangkan, seperti ditemenin musik favorit atau di tempat yang nyaman. Kalau kamu suka hadiah, kasih reward kecil buat dirimu sendiri setelah selesai belajar, seperti nonton episode serial kesukaan. Yang penting, jangan terlalu keras sama diri sendiri ya, pelan-pelan aja. Apa yang biasanya bikin kamu menunda?;GROK;D4_GROK_PengantarPsikologiBimoW178-188_20.json;tunda nunda disiplin tunda goda tugas berat kecil konsisten suasana senang ditemenin musik favorit tempat nyaman hadiah reward kecil diri sendiri nonton episode serial penting jangan terlalu diri sendiri pelan pelan tunda;2;0.1518205511545326;jalan - hidup - kecil - musik - diri - sendiri - ngerasa - capek - dengar - stres;-1_diri_takut_sendiri_kecil;tunda nunda disiplin tunda goda tugas berat kecil konsisten suasana senang ditemenin musik favorit tempat nyaman hadiah reward kecil diri sendiri nonton episode serial penting jangan terlalu diri sendiri pelan pelan tunda
Aku merasa pikiranku nggak pernah berhenti, kayak selalu ada yang dipikirin. Gimana caranya biar lebih tenang?;Pikiran yang nggak berhenti itu bisa bikin capek, ya. Coba latih diri buat kasih otakmu ‘jeda’, misalnya dengan meditasi sederhana—fokus ke napas selama 2 menit. Atau, tulis semua yang ada di pikiranmu biar nggak muter-muter. Kalau masih susah, coba cari aktivitas yang bikin kamu rileks, seperti gambar atau dengerin podcast. Apa yang lagi bikin pikiranmu sibuk? Ceritain, biar kita pikirin cara buat tenangin.;GROK;D4_GROK_PengantarPsikologiBimoW68-78_20.json;henti dipikirin tenang henti capek diri otak jeda meditasi sederhana lama muter muter susah aktivitas rileks dengerin podcast sibuk pikirin tenangin;2;0.1356058299717165;jalan - hidup - kecil - musik - diri - sendiri - ngerasa - capek - dengar - stres;-1_diri_takut_sendiri_kecil;henti dipikirin tenang henti capek diri otak jeda meditasi sederhana lama muter muter susah aktivitas rileks dengerin podcast sibuk pikirin tenangin
Kadang aku ngerasa otakku kayak stuck, nggak bisa mikir jernih. Apa yang bisa aku lakuin biar lebih fokus?;Otak yang terasa stuck itu bisa karena banyak hal, seperti capek atau pikiran terlalu penuh. Coba kasih otakmu istirahat sebentar, misalnya jalan-jalan 5 menit atau dengerin musik yang bikin rileks. Kalau mau fokus, coba kerjain satu tugas dulu tanpa distraksi, matiin notif HP misalnya. Apa yang lagi bikin otakmu ngerasa stuck? Ceritain, biar kita cari cara buat refresh pikiranmu.;GROK;D4_GROK_PengantarPsikologiBimoW68-78_20.json;ngerasa otak stuck mikir jernih lakuin otak stuck capek terlalu penuh otak istirahat sebentar jalan jalan dengerin musik rileks kerjain tugas distraksi matiin notif otak ngerasa stuck refresh;2;0.135604020545799;jalan - hidup - kecil - musik - diri - sendiri - ngerasa - capek - dengar - stres;-1_diri_takut_sendiri_kecil;ngerasa otak stuck mikir jernih lakuin otak stuck capek terlalu penuh otak istirahat sebentar jalan jalan dengerin musik rileks kerjain tugas distraksi matiin notif otak ngerasa stuck refresh
Aku ngerasa stres kalau nggak cek HP setiap saat, apa ini normal?;Itu sebenarnya nggak terlalu normal, lho. Kalau kamu merasa harus cek HP terus, itu bisa jadi tanda ketergantungan. Coba mulai dengan matiin notifikasi atau ninggalin HP di tempat lain pas lagi fokus ke aktivitas lain, biar kamu bisa lebih tenang.;GROK;A4_GROK_DampakGadget1-19_23.json;ngerasa stres terlalu terus matiin notifikasi ninggalin tempat aktivitas tenang;2;0.1134338952686284;jalan - hidup - kecil - musik - diri - sendiri - ngerasa - capek - dengar - stres;-1_diri_takut_sendiri_kecil;ngerasa stres terlalu terus matiin notifikasi ninggalin tempat aktivitas tenang
Aku ngerasa hidupku penuh sama kewajiban, nggak ada waktu buat yang aku suka. Ini bikin aku stres banget.;Duh, pasti capek banget ya rasanya. Kalau hidup cuma soal kewajiban, wajar kalau stres. Mungkin kita bisa coba cari satu atau dua hal kecil yang bikin kamu seneng, meski cuma 10 menit sehari. Misalnya, dengerin lagu favorit atau jalan-jalan bentar. Apa sih yang dulu kamu suka lakuin buat bikin hati senang? Ceritain dong, biar aku bantu pikirin caranya masukin ke hari-harimu!;GROK;D12_GROK_ClinicalHandbookPsychologicalDisorders209-219_20.json;ngerasa hidup penuh wajib stres capek hidup wajib stres kecil neng dengerin favorit jalan jalan bentar lakuin hati senang pikirin masukin;2;0.0995541435813572;jalan - hidup - kecil - musik - diri - sendiri - ngerasa - capek - dengar - stres;-1_diri_takut_sendiri_kecil;ngerasa hidup penuh wajib stres capek hidup wajib stres kecil neng dengerin favorit jalan jalan bentar lakuin hati senang pikirin masukin
Aku sering merasa terjebak di pikiran sendiri, kayak overthinking gitu. Ada cara supaya aku bisa lebih menikmati hidup?;Salah satu cara yang bisa membantu adalah masuk ke kondisi 'flow', yaitu ketika kamu benar-benar larut dalam aktivitas yang kamu suka. Misalnya menulis, melukis, atau bahkan merapikan kamar sambil dengar musik. Saat berada dalam flow, otakmu menghasilkan hormon yang bikin rileks dan bahagia. Kamu bisa coba pilih aktivitas yang menantang tapi masih sesuai kemampuanmu, supaya tetap menarik tanpa bikin stres.;GPT;D13_GPT_BrainPower2-12_12.json;jebak sendiri overthinking nikmat hidup salah masuk kondisi flow larut aktivitas bahkan rapi kamar dengar musik flow otak hasil hormon rileks bahagia pilih aktivitas tantang sesuai mampu tetap stres;2;0.0952425767134231;jalan - hidup - kecil - musik - diri - sendiri - ngerasa - capek - dengar - stres;-1_diri_takut_sendiri_kecil;jebak sendiri overthinking nikmat hidup salah masuk kondisi flow larut aktivitas bahkan rapi kamar dengar musik flow otak hasil hormon rileks bahagia pilih aktivitas tantang sesuai mampu tetap stres
Aku suka menyendiri, tapi kadang orang bilang aku terlalu tertutup. Apa aku salah?;Nggak ada yang salah dengan menikmati waktu sendiri, kok. Setiap orang punya cara nyaman untuk mengisi energi. Kalau kamu merasa bahagia dengan waktu menyendiri, itu tanda kamu mengenal diri sendiri dengan baik. Tapi kalau orang bilang kamu tertutup, mungkin mereka cuma ingin lebih dekat. Coba sesekali buka obrolan ringan dengan mereka, misalnya ceritain hobi favoritmu. Dengan begitu, kamu tetap jadi diri sendiri sambil menjaga hubungan.;GROK;D3_GROK_PengantarPsikologiAdnan188-198_20.json;sendiri terlalu tutup salah salah nikmat sendiri nyaman energi bahagia sendiri kenal diri sendiri tutup dekat sekal obrol ringan favorit tetap diri sendiri jaga;2;0.0908876700748378;jalan - hidup - kecil - musik - diri - sendiri - ngerasa - capek - dengar - stres;-1_diri_takut_sendiri_kecil;sendiri terlalu tutup salah salah nikmat sendiri nyaman energi bahagia sendiri kenal diri sendiri tutup dekat sekal obrol ringan favorit tetap diri sendiri jaga
Aku sering inget kejadian memalukan. Gimana caranya berhenti?;Waduh, kejadian memalukan itu emang suka tiba-tiba nongol di pikiran, ya. Itu karena otak kita cenderung menyimpan pengalaman yang bikin emosi kuat. Coba alihkan pikiranmu ke hal yang bikin senang, seperti dengerin musik atau ngobrol sama temen. Lama-lama, ingatan itu nggak akan muncul terlalu sering. Kamu nggak sendiri kok merasain ini.;GROK;D3_GROK_PengantarPsikologiAdnan80-88_20.json;inget malu henti waduh malu emang nongol otak cenderung simpan alam emosi kuat senang dengerin musik temen lama lama ingat muncul terlalu sendiri merasain;2;0.0873477955359286;jalan - hidup - kecil - musik - diri - sendiri - ngerasa - capek - dengar - stres;-1_diri_takut_sendiri_kecil;inget malu henti waduh malu emang nongol otak cenderung simpan alam emosi kuat senang dengerin musik temen lama lama ingat muncul terlalu sendiri merasain
Aku merasa hidupku monoton dan ga berkembang. Apa yang bisa aku lakuin?;Hidup monoton bisa bikin bosen, ya. Coba tambah satu aktivitas baru yang bikin kamu penasaran, misalnya ikut kelas online atau jalan ke tempat baru. Gak perlu besar, yang penting bikin kamu excited. Apa satu hal yang pengen kamu coba buat ubah rutinitas?;GROK;D9_GROK_EgoIsTheEnemy150-160_20.json;hidup monoton kembang lakuin hidup monoton bosen tambah aktivitas penasaran kelas jalan tempat perlu penting excited ubah;2;0.010525969531154;jalan - hidup - kecil - musik - diri - sendiri - ngerasa - capek - dengar - stres;-1_diri_takut_sendiri_kecil;hidup monoton kembang lakuin hidup monoton bosen tambah aktivitas penasaran kelas jalan tempat perlu penting excited ubah
Aku ngerasa hidupku monoton, nggak ada yang seru. Apa aku harus ubah semuanya?;Hidup yang monoton bisa bikin bosen, ya. Tapi nggak harus ubah semuanya kok. Mungkin kita bisa cari satu hal baru yang bikin kamu excited, seperti hobi atau ketemu orang baru. Apa yang kira-kira bikin kamu penasaran?;GROK;D10_GROK_HidupDamaiTanpaBerpikirBerlebihan53-61_20.json;ngerasa hidup monoton seru ubah hidup monoton bosen ubah excited penasaran;2;0.010524017094638;jalan - hidup - kecil - musik - diri - sendiri - ngerasa - capek - dengar - stres;-1_diri_takut_sendiri_kecil;ngerasa hidup monoton seru ubah hidup monoton bosen ubah excited penasaran
Aku merasa hidupku monoton, apa yang bisa aku coba?;Coba cari satu aktivitas baru yang bikin penasaran, seperti belajar skill baru atau jalan-jalan ke tempat yang belum pernah kamu kunjungi. Sesuatu yang kecil bisa bikin hidupmu lebih berwarna.;GROK;D8_GROK_BerdamaiDenganDiriSendiri98-108_20.json;hidup monoton aktivitas penasaran skill jalan jalan tempat kunjung kecil hidup;2;0.0105224921786658;jalan - hidup - kecil - musik - diri - sendiri - ngerasa - capek - dengar - stres;-1_diri_takut_sendiri_kecil;hidup monoton aktivitas penasaran skill jalan jalan tempat kunjung kecil hidup
Aku ngerasa hidupku monoton, apa yang bisa aku lakukan?;Hidup yang terasa monoton bisa bikin kita nggak semangat, ya. Coba cari satu hal baru yang bikin kamu penasaran, misalnya coba resep masakan baru, ikut kelas online, atau jalan ke tempat yang belum pernah kamu kunjungi. Nggak perlu besar, kok, yang penting bikin kamu merasa hidup. Kalau bingung mulai dari mana, tanya ke diri sendiri: apa sih yang dulu pernah bikin aku excited? Dari situ bisa ketemu ide buat nyanyi hidup lagi.;GROK;D3_GROK_PengantarPsikologiAdnan133-143_20.json;ngerasa hidup monoton laku hidup monoton semangat penasaran resep masakan kelas jalan tempat kunjung perlu penting hidup diri sendiri excited situ hidup;2;0.0105224659250846;jalan - hidup - kecil - musik - diri - sendiri - ngerasa - capek - dengar - stres;-1_diri_takut_sendiri_kecil;ngerasa hidup monoton laku hidup monoton semangat penasaran resep masakan kelas jalan tempat kunjung perlu penting hidup diri sendiri excited situ hidup
Aku ngerasa hidupku monoton, nggak ada yang seru. Apa yang bisa aku lakuin?;Hidup monoton itu kayak lagu tanpa irama. Coba tambahin sesuatu yang bikin kamu penasaran, kayak coba resep baru, jalan ke tempat baru, atau ikut komunitas. Nggak perlu besar, kok. Tanyain diri kamu, ‘Apa yang bikin aku excited dulu?’ Mulai dari situ.;GROK;D10_GROK_HidupDamaiTanpaBerpikirBerlebihan143-153_20.json;ngerasa hidup monoton seru lakuin hidup monoton irama tambahin penasaran resep jalan tempat perlu tanyain diri excited situ;2;0.0105217983517118;jalan - hidup - kecil - musik - diri - sendiri - ngerasa - capek - dengar - stres;-1_diri_takut_sendiri_kecil;ngerasa hidup monoton seru lakuin hidup monoton irama tambahin penasaran resep jalan tempat perlu tanyain diri excited situ
Aku merasa hidupku monoton, makanya aku minum. Gimana caranya biar nggak gitu?;Aku ngerti, hidup yang terasa monoton bisa bikin pengen lari ke kebiasaan kayak minum. Coba cari aktivitas baru yang bikin kamu excited, seperti hobi lama yang dulu kamu suka atau kegiatan simpel kayak jalan pagi. Buat rencana kecil, misalnya seminggu sekali coba sesuatu yang beda. Kalau bingung mulai dari mana, ceritain ke aku apa yang dulu bikin kamu seneng!;GROK;D12_GROK_ClinicalHandbookPsychologicalDisorders649-659_20.json;hidup monoton makanya hidup monoton lari aktivitas excited lama giat simpel jalan pagi rencana kecil minggu sekali neng;2;0.0105193639829597;jalan - hidup - kecil - musik - diri - sendiri - ngerasa - capek - dengar - stres;-1_diri_takut_sendiri_kecil;hidup monoton makanya hidup monoton lari aktivitas excited lama giat simpel jalan pagi rencana kecil minggu sekali neng
Aku ngerasa hidupku monoton, apa yang bisa aku ubah?;Hidup yang monoton bisa bikin kita merasa stuck, apalagi kalau lingkungan atau rutinitas kita kurang variasi. Coba tambahin sesuatu yang baru, seperti hobi kecil atau jalan-jalan ke tempat baru. Mau ceritain apa yang bikin hidupmu terasa monoton? Kita bisa pikirin ide bareng buat bikin hari-harimu lebih seru.;GROK;D11_GROK_AHandbookfortheSMH28-38_20.json;ngerasa hidup monoton ubah hidup monoton stuck kurang variasi tambahin kecil jalan jalan tempat hidup monoton pikirin bareng seru;2;0.0105191032272932;jalan - hidup - kecil - musik - diri - sendiri - ngerasa - capek - dengar - stres;-1_diri_takut_sendiri_kecil;ngerasa hidup monoton ubah hidup monoton stuck kurang variasi tambahin kecil jalan jalan tempat hidup monoton pikirin bareng seru
Aku merasa hidupku monoton, gimana caranya bikin lebih berwarna?;Hidup yang monoton itu bisa bikin kita merasa jalan di tempat, ya. Dalam psikologi, jiwa kita butuh stimulasi baru untuk tetap hidup. Dokumen menekankan bahwa menjaga jiwa termasuk mencari kehidupan yang bermakna. Coba tambahkan sesuatu yang bikin kamu penasaran, seperti belajar hal baru atau jalan-jalan ke tempat baru. Mulai dari yang kecil, dan kalau kamu merasa stuck, kita bisa cari ide bareng.;GROK;D3_GROK_PengantarPsikologiAdnan243-252_20.json;hidup monoton hidup monoton jalan tempat psikologi jiwa butuh stimulasi tetap hidup dokumen tekan jaga jiwa masuk hidup makna tambah penasaran jalan jalan tempat kecil stuck bareng;2;0.0105187646316207;jalan - hidup - kecil - musik - diri - sendiri - ngerasa - capek - dengar - stres;-1_diri_takut_sendiri_kecil;hidup monoton hidup monoton jalan tempat psikologi jiwa butuh stimulasi tetap hidup dokumen tekan jaga jiwa masuk hidup makna tambah penasaran jalan jalan tempat kecil stuck bareng
Aku merasa hidupku monoton. Apa yang bisa aku coba biar lebih berwarna?;Hidup yang terasa monoton memang bisa bikin jenuh. Psikologi perkembangan bilang, kadang kita perlu tantangan baru buat ngerasa hidup. Nggak harus besar, kok, misalnya coba hobi baru atau ketemu orang baru. Apa ada sesuatu yang dulu pengen kamu coba tapi belum sempet? Ceritain, mungkin kita bisa bikin rencana kecil buat bikin hidupmu lebih seru!;GROK;D3_GROK_PengantarPsikologiAdnan36-46_20.json;hidup monoton hidup monoton jenuh psikologi kembang perlu tantang ngerasa hidup sempet rencana kecil hidup seru;2;0.0105186046949467;jalan - hidup - kecil - musik - diri - sendiri - ngerasa - capek - dengar - stres;-1_diri_takut_sendiri_kecil;hidup monoton hidup monoton jenuh psikologi kembang perlu tantang ngerasa hidup sempet rencana kecil hidup seru
Aku merasa hidupku monoton, rasanya kosong. Aku nggak tahu harus mulai dari mana untuk bikin hari-hariku lebih bermakna.;Aku paham, perasaan monoton bisa bikin hidup terasa hambar. Kadang yang kamu butuhkan adalah kegiatan yang benar-benar bisa menyalakan kembali semangatmu. Punya hobi bisa sangat membantu, entah melukis, main musik, atau sekadar main puzzle. Hobi bukan sekadar mengisi waktu, tapi juga bisa melatih otak, menghadirkan rasa puas, dan memberi warna dalam keseharianmu.;GPT;D13_GPT_BrainPower101-111_10.json;hidup monoton kosong tahu makna paham monoton hidup hambar butuh giat nyala semangat entah main musik sekadar main puzzle bukan sekadar otak hadir puas beri;2;0.0105160309783702;jalan - hidup - kecil - musik - diri - sendiri - ngerasa - capek - dengar - stres;-1_diri_takut_sendiri_kecil;hidup monoton kosong tahu makna paham monoton hidup hambar butuh giat nyala semangat entah main musik sekadar main puzzle bukan sekadar otak hadir puas beri
