question;answer;from;filename;document_preprocessed;Topic;Probability;Top_n_words;Name;Document
Aku cemas mikirin kesehatan, takut sakit parah. Gimana caranya biar pikiranku lebih kuat?;Khawatir soal kesehatan bisa bikin lelah, ya. Coba bangun ‘benteng’ di pikiranmu: tarik napas dalam, lalu tanya, ‘Fakta apa? Aku sehat sekarang, dan bisa jaga diri.’ Tulis tiga hal yang bikin kamu bersyukur—mungkin tubuhmu atau keluarga. Fokus ke langkah kecil, seperti makan sehat atau olahraga ringan. Pikiran tenang bikin kamu kuat. Yuk, coba jalan kaki 10 menit sore ini!;GROK;A1_GROK_FilosofiTeras124-148_53.json;cemas mikirin sehat takut sakit parah kuat khawatir sehat lelah benteng fakta sehat jaga diri syukur tubuh keluarga kecil makan sehat olahraga ringan tenang kuat jalan kaki sore;7;1.0;stres - nyeri - sehat - sakit - tubuh - cemas - laku - takut - kerja - aktivitas;7_nyeri_stres_sehat_sakit;cemas mikirin sehat takut sakit parah kuat khawatir sehat lelah benteng fakta sehat jaga diri syukur tubuh keluarga kecil makan sehat olahraga ringan tenang kuat jalan kaki sore
Aku sering sakit kepala kalau lagi stres. Apa bener ini karena pikiranku? Gimana caranya biar nggak gampang sakit gara-gara stres?;Iya, bener banget, pikiran kita bisa memengaruhi tubuh, lho. Sakit kepala itu sering muncul karena stres bikin otot tegang. Coba lakuin relaksasi sederhana: tiap hari luangin 5 menit buat tarik napas dalam atau meditasi ringan—bisa pakai aplikasi meditasi gratis. Jaga pola makan dan tidur juga, karena tubuh yang sehat bantu pikiran lebih kuat. Kalau stres lagi tinggi, coba tulis apa yang bikin cemas, lalu cari satu langkah kecil buat ngatasinnya. Kamu pasti bisa jaga dirimu lebih baik!;GROK;A2_GROK_FilosofiTeras31-44_30.json;sakit kepala stres gampang sakit gara gara stres pengaruh tubuh sakit kepala muncul stres tegang lakuin relaksasi sederhana luangin meditasi ringan aplikasi meditasi gratis jaga pola makan tidur tubuh sehat kuat stres tinggi cemas kecil ngatasinnya jaga diri;7;1.0;stres - nyeri - sehat - sakit - tubuh - cemas - laku - takut - kerja - aktivitas;7_nyeri_stres_sehat_sakit;sakit kepala stres gampang sakit gara gara stres pengaruh tubuh sakit kepala muncul stres tegang lakuin relaksasi sederhana luangin meditasi ringan aplikasi meditasi gratis jaga pola makan tidur tubuh sehat kuat stres tinggi cemas kecil ngatasinnya jaga diri
Aku takut banget sakit, padahal udah jaga kesehatan. Gimana caranya biar nggak khawatir berlebihan?;Takut sakit itu wajar, apalagi kalau udah usaha jaga kesehatan. Coba fokus ke apa yang bisa kamu lakuin: makan sehat, tidur cukup, dan olahraga ringan. Tulis tiga hal yang bikin kamu bersyukur sama tubuhmu—mungkin matamu yang sehat atau kakimu yang kuat. Kalau khawatir muncul, tarik napas dalam dan bilang, ‘Aku lakuin yang terbaik hari ini.’ Luangin waktu buat hal yang bikin rileks, seperti meditasi 5 menit. Kamu udah hebat, lho, yuk lanjutin!;GROK;A2_GROK_FilosofiTeras63-89_60.json;takut sakit padahal udah jaga sehat khawatir takut sakit udah usaha jaga sehat lakuin makan sehat tidur cukup olahraga ringan syukur tubuh mata sehat kaki kuat khawatir muncul lakuin luangin rileks meditasi udah lanjutin;7;1.0;stres - nyeri - sehat - sakit - tubuh - cemas - laku - takut - kerja - aktivitas;7_nyeri_stres_sehat_sakit;takut sakit padahal udah jaga sehat khawatir takut sakit udah usaha jaga sehat lakuin makan sehat tidur cukup olahraga ringan syukur tubuh mata sehat kaki kuat khawatir muncul lakuin luangin rileks meditasi udah lanjutin
Aku takut banget kena penyakit meski udah hidup sehat. Gimana caranya biar nggak cemas terus?;Takut penyakit itu wajar, apalagi kalau udah usaha sehat, ya. Coba fokus ke apa yang bisa kamu lakuin: makan bergizi, olahraga ringan, dan tidur cukup. Tulis tiga hal yang bikin kamu bersyukur sama tubuhmu—mungkin kakimu yang kuat atau tanganmu yang lincah. Kalau cemas muncul, tarik napas dalam dan bilang, ‘Aku udah lakuin yang terbaik.’ Luangin waktu buat hal yang bikin rileks, seperti meditasi. Kamu hebat, lho, yuk lanjutin gaya hidup sehatmu!;GROK;A2_GROK_FilosofiTeras63-89_60.json;takut kena sakit udah hidup sehat cemas terus takut sakit udah usaha sehat lakuin makan gizi olahraga ringan tidur cukup syukur tubuh kaki kuat tangan lincah cemas muncul udah lakuin luangin rileks meditasi lanjutin gaya hidup sehat;7;1.0;stres - nyeri - sehat - sakit - tubuh - cemas - laku - takut - kerja - aktivitas;7_nyeri_stres_sehat_sakit;takut kena sakit udah hidup sehat cemas terus takut sakit udah usaha sehat lakuin makan gizi olahraga ringan tidur cukup syukur tubuh kaki kuat tangan lincah cemas muncul udah lakuin luangin rileks meditasi lanjutin gaya hidup sehat
Aku takut banget sakit, bikin cemas tiap hari. Gimana caranya biar nggak khawatir berlebihan?;Takut sakit itu wajar, ya, aku tahu. Coba tulis tiga hal yang bikin kamu bersyukur sama tubuhmu—mungkin matamu atau kakimu. Fokus ke apa yang bisa kamu lakukan, seperti makan sehat, olahraga ringan, atau tidur cukup. Ingat, kesehatan nggak sepenuhnya di tanganmu, tapi usahamu berharga. Luangin waktu buat hal yang bikin tenang, seperti meditasi 5 menit. Kamu hebat, lho, yuk coba satu kebiasaan sehat hari ini!;GROK;A2_GROK_FilosofiTeras90-122_61.json;takut sakit cemas khawatir takut sakit tahu syukur tubuh mata kaki laku makan sehat olahraga ringan tidur cukup ingat sehat sepenuh tangan usaha harga luangin tenang meditasi sehat;7;1.0;stres - nyeri - sehat - sakit - tubuh - cemas - laku - takut - kerja - aktivitas;7_nyeri_stres_sehat_sakit;takut sakit cemas khawatir takut sakit tahu syukur tubuh mata kaki laku makan sehat olahraga ringan tidur cukup ingat sehat sepenuh tangan usaha harga luangin tenang meditasi sehat
Kesehatanku lagi nggak baik, dan aku takut nggak bisa ngapa-ngapain lagi. Gimana caranya biar aku nggak stres?;Masalah kesehatan itu berat, dan wajar kalau bikin takut. Kadang, fokus pada apa yang masih bisa kamu lakukan, sekecil apa pun, bisa membantu. Mungkin kita bisa pikirin satu aktivitas ringan yang bikin kamu merasa lebih baik. Apa yang lagi bikin kamu khawatir soal kesehatanmu?;GROK;D11_GROK_AHandbookfortheSMH391-401_20.json;sehat takut stres sehat berat takut laku kecil pikirin aktivitas ringan khawatir sehat;7;1.0;stres - nyeri - sehat - sakit - tubuh - cemas - laku - takut - kerja - aktivitas;7_nyeri_stres_sehat_sakit;sehat takut stres sehat berat takut laku kecil pikirin aktivitas ringan khawatir sehat
Aku sering merasa stres gara-gara HIV. Ada cara nggak sih buat ngatasinnya?;Stres karena HIV itu nyata, dan aku senang kamu mau cerita. Ada beberapa cara yang bisa dicoba, seperti latihan relaksasi, misalnya meditasi atau pernapasan dalam. Atau, kamu bisa coba aktifitas yang bikin senang, seperti jalan-jalan atau menulis jurnal. Kalau stresnya terasa berat, mungkin konseling atau kelompok dukungan bisa bantu. Apa ada aktivitas yang biasanya bikin kamu rileks?;GROK;D11_GROK_AHandbookfortheSMH578-588_20.json;stres gara gara ngatasinnya stres nyata senang beberapa relaksasi meditasi aktifitas senang jalan jalan jurnal stres berat konseling kelompok dukung aktivitas rileks;7;1.0;stres - nyeri - sehat - sakit - tubuh - cemas - laku - takut - kerja - aktivitas;7_nyeri_stres_sehat_sakit;stres gara gara ngatasinnya stres nyata senang beberapa relaksasi meditasi aktifitas senang jalan jalan jurnal stres berat konseling kelompok dukung aktivitas rileks
Aku sering banget sakit kepala, apa ini karena stres atau cemas?;Bisa banget, lho, sakit kepala itu terkait sama stres atau cemas, apalagi kalau sering muncul pas kamu lagi tegang. Coba perhatiin, apa ada pola tertentu, misalnya setelah overthinking? Teknik relaksasi atau istirahat cukup bisa membantu. Kalau ini sering banget, mungkin ngobrol sama dokter juga ide bagus. Apa yang biasanya bikin kepalamu sakit?;GROK;D12_GROK_ClinicalHandbookPsychologicalDisorders242-252_20.json;sakit kepala stres cemas sakit kepala kait stres cemas muncul tegang perhatiin pola overthinking teknik relaksasi istirahat cukup dokter bagus kepala sakit;7;1.0;stres - nyeri - sehat - sakit - tubuh - cemas - laku - takut - kerja - aktivitas;7_nyeri_stres_sehat_sakit;sakit kepala stres cemas sakit kepala kait stres cemas muncul tegang perhatiin pola overthinking teknik relaksasi istirahat cukup dokter bagus kepala sakit
Aku kadang minum banyak pas lagi stres. Apa yang bisa aku lakukan biar nggak gitu?;Stres memang bisa bikin pengen lari ke minuman, tapi itu cuma solusi sementara. Coba kenali apa yang bikin kamu stres, lalu cari cara buat ngatasinnya, seperti curhat, meditasi, atau olahraga. Buat daftar aktivitas yang bikin kamu tenang, dan taruh di tempat yang gampang dilihat. Kalau pengen aku bantu bikin rencana buat ngelola stres, bilang aja, ya!;GROK;D12_GROK_ClinicalHandbookPsychologicalDisorders649-659_20.json;stres laku stres lari solusi kenal stres ngatasinnya curhat meditasi olahraga daftar aktivitas tenang taruh tempat gampang rencana ngelola stres;7;1.0;stres - nyeri - sehat - sakit - tubuh - cemas - laku - takut - kerja - aktivitas;7_nyeri_stres_sehat_sakit;stres laku stres lari solusi kenal stres ngatasinnya curhat meditasi olahraga daftar aktivitas tenang taruh tempat gampang rencana ngelola stres
Aku merasa sakit terus-terusan di tubuhku, tapi dokter bilang tidak ada masalah fisik. Apa yang salah denganku?;Sakit yang kamu rasakan itu nyata, meskipun tidak ada masalah fisik yang jelas. Kadang, rasa sakit bisa dipengaruhi oleh stres, emosi, atau pikiran yang berat. Mungkin kita bisa coba bicara tentang apa yang lagi bikin kamu tertekan? Atau, kalau mau, aku bisa bantu cari cara untuk mengelola rasa sakit ini, seperti teknik relaksasi.;GROK;D12_GROK_ClinicalHandbookPsychologicalDisorders693-703_20.json;sakit terus terus tubuh dokter fisik salah sakit nyata fisik jelas sakit pengaruh stres emosi berat bicara tekan kelola sakit teknik relaksasi;7;1.0;stres - nyeri - sehat - sakit - tubuh - cemas - laku - takut - kerja - aktivitas;7_nyeri_stres_sehat_sakit;sakit terus terus tubuh dokter fisik salah sakit nyata fisik jelas sakit pengaruh stres emosi berat bicara tekan kelola sakit teknik relaksasi
Kenapa aku selalu takut kalau rasa sakitku bakal tambah parah? Aku jadi menghindari banyak aktivitas.;Rasa takut itu wajar, apalagi kalau sakitnya bikin hidupmu terganggu. Tapi, menghindari aktivitas bisa membuatmu merasa lebih lemah atau terisolasi. Mungkin kita bisa mulai dengan langkah kecil, seperti jalan-jalan ringan, sambil aku temani ngobrol biar kamu merasa lebih nyaman?;GROK;D12_GROK_ClinicalHandbookPsychologicalDisorders693-703_20.json;takut sakit tambah parah hindar aktivitas takut sakit hidup ganggu hindar aktivitas lemah isolasi kecil jalan jalan ringan teman nyaman;7;1.0;stres - nyeri - sehat - sakit - tubuh - cemas - laku - takut - kerja - aktivitas;7_nyeri_stres_sehat_sakit;takut sakit tambah parah hindar aktivitas takut sakit hidup ganggu hindar aktivitas lemah isolasi kecil jalan jalan ringan teman nyaman
Kadang aku merasa semua ini cuma ada di kepalaku. Apa iya sakitku nggak nyata?;Sakit yang kamu rasakan itu nyata, bukan cuma di kepala. Tubuh dan pikiran kita saling terhubung, jadi stres atau emosi bisa memperkuat rasa sakit. Aku di sini buat dengerin kalau kamu mau cerita, dan kita bisa cari cara bareng untuk bikin kamu merasa lebih baik.;GROK;D12_GROK_ClinicalHandbookPsychologicalDisorders693-703_20.json;kepala sakit nyata sakit nyata bukan kepala tubuh saling stres emosi kuat sakit dengerin bareng;7;1.0;stres - nyeri - sehat - sakit - tubuh - cemas - laku - takut - kerja - aktivitas;7_nyeri_stres_sehat_sakit;kepala sakit nyata sakit nyata bukan kepala tubuh saling stres emosi kuat sakit dengerin bareng
Aku pengen aktif lagi, tapi takut sakitku kambuh. Apa yang harus aku lakukan?;Keinginan untuk aktif lagi itu langkah besar! Kita bisa mulai dengan aktivitas ringan, seperti jalan kaki sebentar, dan atur ritmenya biar nggak membebani tubuh. Aku bisa bantu buat rencana yang aman buatmu, mau coba?;GROK;D12_GROK_ClinicalHandbookPsychologicalDisorders693-703_20.json;takut sakit kambuh laku aktivitas ringan jalan kaki sebentar atur ritme beban tubuh rencana;7;1.0;stres - nyeri - sehat - sakit - tubuh - cemas - laku - takut - kerja - aktivitas;7_nyeri_stres_sehat_sakit;takut sakit kambuh laku aktivitas ringan jalan kaki sebentar atur ritme beban tubuh rencana
Aku nggak suka minum obat, tapi sakitku bikin aku nggak bisa ngapa-ngapain. Apa ada cara lain?;Aku ngerti kekhawatiranmu soal obat. Ada cara lain, seperti teknik relaksasi, meditasi, atau aktivitas ringan yang sesuai sama kondisimu. Kita bisa coba cari yang paling cocok buatmu. Apa kamu punya ide aktivitas yang pengen dicoba?;GROK;D12_GROK_ClinicalHandbookPsychologicalDisorders693-703_20.json;obat sakit khawatir obat teknik relaksasi meditasi aktivitas ringan sesuai kondisi paling cocok aktivitas;7;1.0;stres - nyeri - sehat - sakit - tubuh - cemas - laku - takut - kerja - aktivitas;7_nyeri_stres_sehat_sakit;obat sakit khawatir obat teknik relaksasi meditasi aktivitas ringan sesuai kondisi paling cocok aktivitas
Aku pengen aktif lagi, tapi takut sakitku tambah parah. Apa yang harus aku lakukan?;Takut itu wajar, tapi menghindari aktivitas bisa bikin ototmu makin lemah, dan itu malah nambah rasa sakit. Coba mulai dengan tujuan kecil, kayak jalan kaki sekali seminggu di sekitar rumah. Tulis apa yang kamu rasakan sebelum dan sesudah. Kalau khawatir, mungkin konsultasi dulu sama dokter buat pastikan aktivitas yang aman. Apa tujuan kecil yang pengen kamu coba minggu ini?;GROK;D12_GROK_ClinicalHandbookPsychologicalDisorders704-714_20.json;takut sakit tambah parah laku takut hindar aktivitas makin lemah malah nambah sakit tuju kecil jalan kaki sekali minggu khawatir konsultasi dokter aktivitas tuju kecil minggu;7;1.0;stres - nyeri - sehat - sakit - tubuh - cemas - laku - takut - kerja - aktivitas;7_nyeri_stres_sehat_sakit;takut sakit tambah parah laku takut hindar aktivitas makin lemah malah nambah sakit tuju kecil jalan kaki sekali minggu khawatir konsultasi dokter aktivitas tuju kecil minggu
Aku coba jalan kaki, tapi malah capek dan sakit. Apa aku harus berhenti?;Capek dan sakit setelah jalan itu bisa jadi tanda kamu perlu atur ulang langkahnya, bukan berhenti. Coba kurangi durasinya, misalnya dari 10 menit jadi 5 menit, atau jalan di tempat yang lebih datar. Catat apa yang bikin sakit, lalu kita lihat polanya. Kalau sakitnya parah, mungkin cek ke dokter dulu. Mau coba atur ulang tujuannya sekarang?;GROK;D12_GROK_ClinicalHandbookPsychologicalDisorders704-714_20.json;jalan kaki malah capek sakit henti capek sakit jalan perlu atur ulang bukan henti kurang durasi jalan tempat datar catat sakit pola sakit parah dokter atur ulang tuju;7;1.0;stres - nyeri - sehat - sakit - tubuh - cemas - laku - takut - kerja - aktivitas;7_nyeri_stres_sehat_sakit;jalan kaki malah capek sakit henti capek sakit jalan perlu atur ulang bukan henti kurang durasi jalan tempat datar catat sakit pola sakit parah dokter atur ulang tuju
Kadang aku merasa nyeri di tubuhku makin parah kalau aku lagi stres. Apa hubungannya?;Iya, stres dan nyeri fisik memang sering saling memengaruhi. Saat stres, tubuh kita bisa jadi tegang, dan itu kadang memperburuk rasa nyeri. Mungkin kamu bisa coba teknik relaksasi, seperti menarik napas dalam-dalam atau meditasi ringan, untuk mengurangi ketegangan. Pernah coba teknik kayak gitu belum?;GROK;D12_GROK_ClinicalHandbookPsychologicalDisorders715-725_20.json;nyeri tubuh makin parah stres stres nyeri fisik saling pengaruh stres tubuh tegang nyeri teknik relaksasi meditasi ringan kurang tegang teknik;7;1.0;stres - nyeri - sehat - sakit - tubuh - cemas - laku - takut - kerja - aktivitas;7_nyeri_stres_sehat_sakit;nyeri tubuh makin parah stres stres nyeri fisik saling pengaruh stres tubuh tegang nyeri teknik relaksasi meditasi ringan kurang tegang teknik
Aku pengen aktif lagi, tapi takut nyeri di tubuhku makin parah. Gimana caranya mulai?;Keren, kamu pengen aktif lagi! Takut nyeri bertambah itu wajar. Coba mulai dengan aktivitas ringan, seperti jalan kaki pendek, dan atur waktu, misalnya 10 menit dulu, lalu istirahat. Ini namanya pacing, biar tubuh nggak kewalahan. Apa aktivitas yang dulu kamu suka lakukan?;GROK;D12_GROK_ClinicalHandbookPsychologicalDisorders715-725_20.json;takut nyeri tubuh makin parah keren takut nyeri tambah aktivitas ringan jalan kaki pendek atur istirahat nama pacing tubuh kewalahan aktivitas laku;7;1.0;stres - nyeri - sehat - sakit - tubuh - cemas - laku - takut - kerja - aktivitas;7_nyeri_stres_sehat_sakit;takut nyeri tubuh makin parah keren takut nyeri tambah aktivitas ringan jalan kaki pendek atur istirahat nama pacing tubuh kewalahan aktivitas laku
Aku takut nyeri ini bikin aku nggak bisa kerja lagi. Gimana caranya tetap tenang?;Takut kehilangan kemampuan kerja itu wajar banget. Coba fokus pada apa yang masih bisa kamu lakukan sekarang, dan atur aktivitas supaya nggak membebani tubuh. Latihan pernapasan atau meditasi singkat juga bisa bantu pikiran lebih tenang. Apa pekerjaan yang kamu khawatirkan?;GROK;D12_GROK_ClinicalHandbookPsychologicalDisorders715-725_20.json;takut nyeri kerja tetap tenang takut hilang mampu kerja laku atur aktivitas beban tubuh meditasi singkat tenang kerja khawatir;7;1.0;stres - nyeri - sehat - sakit - tubuh - cemas - laku - takut - kerja - aktivitas;7_nyeri_stres_sehat_sakit;takut nyeri kerja tetap tenang takut hilang mampu kerja laku atur aktivitas beban tubuh meditasi singkat tenang kerja khawatir
Aku ngerasa nggak ada yang ngerti nyeriku. Kamu ngerti nggak?;Aku di sini buat dengerin kamu, dan aku tahu nyeri itu bisa bikin merasa sendirian. Meski nggak merasakan persis apa yang kamu alami, aku peduli dan mau bantu. Ceritain dong, bagian mana dari nyeri ini yang paling bikin kamu kesal?;GROK;D12_GROK_ClinicalHandbookPsychologicalDisorders715-725_20.json;ngerasa nyeri dengerin tahu nyeri sendiri persis alami peduli nyeri paling kesal;7;1.0;stres - nyeri - sehat - sakit - tubuh - cemas - laku - takut - kerja - aktivitas;7_nyeri_stres_sehat_sakit;ngerasa nyeri dengerin tahu nyeri sendiri persis alami peduli nyeri paling kesal
Aku sering sakit kepala migrain. Rasanya mengganggu banget sampai aku takut itu merusak otak.;Aku bisa bayangkan betapa beratnya hidup dengan migrain. Memang, migrain bisa berdampak pada struktur otak kalau dibiarkan. Penting sekali untuk bicara dengan dokter soal penanganannya dan mencoba mengenali pemicu seperti stres atau alergi. Ada beberapa suplemen yang bisa membantu, tapi tetap harus dengan arahan medis. Jangan anggap remeh migrainmu, tubuhmu sedang bilang ada yang perlu diperhatikan.;GPT;D13_GPT_BrainPower101-111_10.json;sakit kepala migrain ganggu takut rusak otak bayang betapa berat hidup migrain migrain dampak struktur otak penting sekali bicara dokter tangan nali picu stres alergi beberapa suplemen tetap arah medis jangan anggap remeh migrain tubuh sedang perlu perhati;7;1.0;stres - nyeri - sehat - sakit - tubuh - cemas - laku - takut - kerja - aktivitas;7_nyeri_stres_sehat_sakit;sakit kepala migrain ganggu takut rusak otak bayang betapa berat hidup migrain migrain dampak struktur otak penting sekali bicara dokter tangan nali picu stres alergi beberapa suplemen tetap arah medis jangan anggap remeh migrain tubuh sedang perlu perhati
Bagaimana jika suplemen membuat saya merasa lebih buruk?;Jika muncul efek negatif (mual, sakit kepala, reaksi kulit, perubahan suasana hati), hentikan konsumsi dan konsultasikan dengan profesional kesehatan. Simpan botol suplemen untuk memudahkan pemeriksaan kandungan.;GPT;D13_GPT_BrainPower79-89_30.json;suplemen muncul efek negatif mual sakit kepala reaksi kulit ubah suasana hati henti konsumsi konsultasi profesional sehat simpan botol suplemen mudah periksa kandung;7;1.0;stres - nyeri - sehat - sakit - tubuh - cemas - laku - takut - kerja - aktivitas;7_nyeri_stres_sehat_sakit;suplemen muncul efek negatif mual sakit kepala reaksi kulit ubah suasana hati henti konsumsi konsultasi profesional sehat simpan botol suplemen mudah periksa kandung
Kenapa ya, waktu kerja seru aku nggak merasakan sakit, tapi pas diam di rumah malah berbagai keluhan muncul?;Itu wajar. Ketika pikiran terserap aktivitas, pusat perhatian tidak memantau tubuh secara detail. Begitu suasana tenang, sinyal kecil—misalnya pegal atau nyeri—jadi terasa besar. Strategi simpel: buat jadwal aktivitas ringan, seperti jalan santai atau hobi, agar perhatian tak terus‑menerus fokus ke tubuh.;GPT;D1_GPT_HealthPsycology168-183_30.json;kerja seru sakit diam malah keluh muncul serap aktivitas pusat perhati pantau tubuh detail suasana tenang kecil pegal nyeri strategi simpel jadwal aktivitas ringan jalan santai perhati terus terus tubuh;7;1.0;stres - nyeri - sehat - sakit - tubuh - cemas - laku - takut - kerja - aktivitas;7_nyeri_stres_sehat_sakit;kerja seru sakit diam malah keluh muncul serap aktivitas pusat perhati pantau tubuh detail suasana tenang kecil pegal nyeri strategi simpel jadwal aktivitas ringan jalan santai perhati terus terus tubuh
Saat bad mood, nyeri kepala terasa dua kali lipat. Apa cara cepat meredakan?;Mood dan nyeri saling memengaruhi. Teknik napas 4‑7‑8 atau mendengarkan lagu favorit bisa menurunkan ketegangan otot dan membantu mood naik. Setelah rileks, barulah minum air dan istirahat sebentar. Banyak klien melaporkan nyeri berkurang signifikan setelah mood membaik.;GPT;D1_GPT_HealthPsycology168-183_30.json;mood nyeri kepala lipat cepat reda mood nyeri saling pengaruh teknik dengar favorit turun tegang mood naik rileks istirahat sebentar klien lapor nyeri kurang signifikan mood;7;1.0;stres - nyeri - sehat - sakit - tubuh - cemas - laku - takut - kerja - aktivitas;7_nyeri_stres_sehat_sakit;mood nyeri kepala lipat cepat reda mood nyeri saling pengaruh teknik dengar favorit turun tegang mood naik rileks istirahat sebentar klien lapor nyeri kurang signifikan mood
Menjelang menstruasi aku jadi sangat mudah sakit. Bagaimana menguranginya?;Cobalah teknik mindfulness: sadari sensasi apa adanya tanpa label ‘pasti PMS’. Alihkan perhatian ke kegiatan menenangkan—stretching ringan atau mandi air hangat. Biasanya, ketika ekspektasi negatif berkurang, intensitas keluhan pun menurun.;GPT;D1_GPT_HealthPsycology168-183_30.json;jelang menstruasi mudah sakit kurang teknik mindfulness sensasi label perhati giat tenang stretching ringan mandi hangat ekspektasi negatif kurang intensitas keluh turun;7;1.0;stres - nyeri - sehat - sakit - tubuh - cemas - laku - takut - kerja - aktivitas;7_nyeri_stres_sehat_sakit;jelang menstruasi mudah sakit kurang teknik mindfulness sensasi label perhati giat tenang stretching ringan mandi hangat ekspektasi negatif kurang intensitas keluh turun
Sering sakit perut tapi aku pikir cuma masuk angin, ternyata maag. Bagaimana menilai gejala lebih cepat?;"Gunakan aturan 3×24 jam: jika gejala menetap >3 hari atau makin berat, segera periksa. Catat intensitas nyeri 0‑10; skala >5 yang berulang patut dievaluasi profesional.";GPT;D1_GPT_HealthPsycology168-183_30.json;sakit perut masuk angin nyata maag nilai gejala cepat atur gejala tetap makin berat segera periksa catat intensitas nyeri skala ulang patut evaluasi profesional;7;1.0;stres - nyeri - sehat - sakit - tubuh - cemas - laku - takut - kerja - aktivitas;7_nyeri_stres_sehat_sakit;sakit perut masuk angin nyata maag nilai gejala cepat atur gejala tetap makin berat segera periksa catat intensitas nyeri skala ulang patut evaluasi profesional
Berapa frekuensi pijat yang ideal untuk meredakan ketegangan kerja?;Banyak klien merasakan manfaat dengan sesi 60 menit tiap 2‑3 minggu. Jika ketegangan tinggi, minggu pertama bisa 2 sesi lebih singkat kemudian perawatan berkala.;GPT;D1_GPT_HealthPsycology184-208_50.json;berapa frekuensi pijat ideal reda tegang kerja klien manfaat sesi minggu tegang tinggi minggu pertama sesi singkat kemudian awat kala;7;1.0;stres - nyeri - sehat - sakit - tubuh - cemas - laku - takut - kerja - aktivitas;7_nyeri_stres_sehat_sakit;berapa frekuensi pijat ideal reda tegang kerja klien manfaat sesi minggu tegang tinggi minggu pertama sesi singkat kemudian awat kala
Apakah latihan mental bisa mengaktifkan jalur analgesia alami?;Ya, meditasi dan visualisasi positif dapat merangsang pelepasan neurotransmiter pengurang nyeri. Praktik 10‑15 menit tiap hari membantu tubuh belajar meredam sinyal nyeri lebih efektif.;GPT;D1_GPT_HealthPsycology184-208_50.json;mental jalur analgesia alami meditasi visualisasi positif rangsang lepas neurotransmiter kurang nyeri praktik tubuh redam nyeri efektif;7;1.0;stres - nyeri - sehat - sakit - tubuh - cemas - laku - takut - kerja - aktivitas;7_nyeri_stres_sehat_sakit;mental jalur analgesia alami meditasi visualisasi positif rangsang lepas neurotransmiter kurang nyeri praktik tubuh redam nyeri efektif
Apakah wajar aku merasa 'bersalah' kalau tidak langsung konsumsi obat ketika sakit ringan?;Perasaan itu muncul karena budaya kita menilai minum obat sebagai solusi cepat. Padahal, untuk keluhan ringan, istirahat dan hidrasi sering kali cukup. Dengarkan tubuhmu sebelum buru-buru menelan pil.;GPT;D1_GPT_HealthPsycology209-229_50.json;salah langsung konsumsi obat sakit ringan muncul nilai obat solusi cepat padahal keluh ringan istirahat hidrasi cukup dengar tubuh buru buru;7;1.0;stres - nyeri - sehat - sakit - tubuh - cemas - laku - takut - kerja - aktivitas;7_nyeri_stres_sehat_sakit;salah langsung konsumsi obat sakit ringan muncul nilai obat solusi cepat padahal keluh ringan istirahat hidrasi cukup dengar tubuh buru buru
Bisakah latihan meditasi menggantikan painkiller?;Meditasi teratur dapat mengurangi nyeri ringan–sedang dengan mengaktifkan jalur endorfin, tapi untuk nyeri akut berat kombinasi dengan analgesik sering kali masih diperlukan.;GPT;D1_GPT_HealthPsycology209-229_50.json;meditasi painkiller meditasi atur kurang nyeri ringan sedang jalur endorfin nyeri akut berat kombinasi analgesik perlu;7;1.0;stres - nyeri - sehat - sakit - tubuh - cemas - laku - takut - kerja - aktivitas;7_nyeri_stres_sehat_sakit;meditasi painkiller meditasi atur kurang nyeri ringan sedang jalur endorfin nyeri akut berat kombinasi analgesik perlu
Mengapa rasa sakit yang sama bisa terasa berbeda bagi tiap orang?;"Otak menafsirkan rasa sakit berdasarkan konteks emosional. Bila luka berarti keselamatan, nyeri tampak ringan; bila mengganggu aktivitas berharga, nyeri terasa berat. Makna memodulasi sinyal saraf.";GPT;D1_GPT_HealthPsycology209-229_50.json;sakit otak tafsir sakit konteks emosional bila luka arti selamat nyeri tampak ringan bila ganggu aktivitas harga nyeri berat makna modulasi saraf;7;1.0;stres - nyeri - sehat - sakit - tubuh - cemas - laku - takut - kerja - aktivitas;7_nyeri_stres_sehat_sakit;sakit otak tafsir sakit konteks emosional bila luka arti selamat nyeri tampak ringan bila ganggu aktivitas harga nyeri berat makna modulasi saraf
Apakah buruk jika aku menunda tugas karena nyeri?;Istirahat sebentar penting, tetapi hindari pola penghindaran lama. Konsultasikan program aktivitas bertahap agar otot dan mood tetap terjaga.;GPT;D1_GPT_HealthPsycology209-229_50.json;tunda tugas nyeri istirahat sebentar penting hindar pola hindar lama konsultasi program aktivitas tahap mood tetap jaga;7;1.0;stres - nyeri - sehat - sakit - tubuh - cemas - laku - takut - kerja - aktivitas;7_nyeri_stres_sehat_sakit;tunda tugas nyeri istirahat sebentar penting hindar pola hindar lama konsultasi program aktivitas tahap mood tetap jaga
Kenapa setelah menggosok area yang memar, nyerinya berkurang?;Sentuhan aktifkan serabut besar non-nyeri yang menutup 'gerbang' sumsum, menghambat transmisi sinyal nyeri ke otak. Ini mekanisme alami tubuh.;GPT;D1_GPT_HealthPsycology209-229_50.json;gosok area memar nyeri kurang sentuh serabut nyeri tutup gerbang sumsum hambat transmisi nyeri otak mekanisme alami tubuh;7;1.0;stres - nyeri - sehat - sakit - tubuh - cemas - laku - takut - kerja - aktivitas;7_nyeri_stres_sehat_sakit;gosok area memar nyeri kurang sentuh serabut nyeri tutup gerbang sumsum hambat transmisi nyeri otak mekanisme alami tubuh
Mengapa setelah marah tiba-tiba, aku tak sadar luka kecil?;Lonjakan adrenalin menekan sensasi nyeri sementara. Begitu tenang, sinyal nyeri kembali terasa. Jaga stres kronis agar tidak menambah sensitifitas nyeri.;GPT;D1_GPT_HealthPsycology209-229_50.json;marah luka kecil lonjak adrenalin tekan sensasi nyeri tenang nyeri jaga stres kronis tambah sensitifitas nyeri;7;1.0;stres - nyeri - sehat - sakit - tubuh - cemas - laku - takut - kerja - aktivitas;7_nyeri_stres_sehat_sakit;marah luka kecil lonjak adrenalin tekan sensasi nyeri tenang nyeri jaga stres kronis tambah sensitifitas nyeri
Apakah nyeri terbakar dan tertusuk menggunakan jalur yang sama?;"Tidak persis. Nyeri panas cepat ditransmisikan A-delta; sedangkan nyeri tumpul sering C-fiber. Namun, otak akhirnya mengintegrasikan keduanya menjadi pengalaman nyeri utuh.";GPT;D1_GPT_HealthPsycology209-229_50.json;nyeri bakar tusuk jalur persis nyeri panas cepat transmisi delta sedang nyeri tumpul fiber otak akhir integrasi alam nyeri utuh;7;1.0;stres - nyeri - sehat - sakit - tubuh - cemas - laku - takut - kerja - aktivitas;7_nyeri_stres_sehat_sakit;nyeri bakar tusuk jalur persis nyeri panas cepat transmisi delta sedang nyeri tumpul fiber otak akhir integrasi alam nyeri utuh
Bagaimana caranya agar kecemasan tidak memperburuk nyeri punggungku?;Latihan pernapasan 4-7-8 dan journaling syukur menenangkan sistem limbik. Saat emosi turun, otak menafsirkan sinyal nyeri dengan intensitas lebih rendah.;GPT;D1_GPT_HealthPsycology209-229_50.json;cemas nyeri punggung journaling syukur tenang limbik emosi turun otak tafsir nyeri intensitas rendah;7;1.0;stres - nyeri - sehat - sakit - tubuh - cemas - laku - takut - kerja - aktivitas;7_nyeri_stres_sehat_sakit;cemas nyeri punggung journaling syukur tenang limbik emosi turun otak tafsir nyeri intensitas rendah
Apa manfaat merasa 'mampu mengatasi nyeri'?;Rasa mampu mengaktifkan jalur otak penekan nyeri, menurunkan fokus berlebihan pada sensasi sakit, dan mendorongmu tetap aktif.;GPT;D1_GPT_HealthPsycology209-229_50.json;manfaat mampu nyeri mampu jalur otak tekan nyeri turun sensasi sakit dorong tetap;7;1.0;stres - nyeri - sehat - sakit - tubuh - cemas - laku - takut - kerja - aktivitas;7_nyeri_stres_sehat_sakit;manfaat mampu nyeri mampu jalur otak tekan nyeri turun sensasi sakit dorong tetap
Kapan nyeri dikatakan kronis dan butuh program khusus?;Jika nyeri menetap atau berulang lebih dari 3–6 bulan, memengaruhi aktivitas, dan tidak hilang setelah terapi standar, saatnya evaluasi program manajemen nyeri kronis.;GPT;D1_GPT_HealthPsycology209-229_50.json;kapan nyeri kata kronis butuh program khusus nyeri tetap ulang bulan pengaruh aktivitas hilang terapi standar evaluasi program manajemen nyeri kronis;7;1.0;stres - nyeri - sehat - sakit - tubuh - cemas - laku - takut - kerja - aktivitas;7_nyeri_stres_sehat_sakit;kapan nyeri kata kronis butuh program khusus nyeri tetap ulang bulan pengaruh aktivitas hilang terapi standar evaluasi program manajemen nyeri kronis
Sakit kepalaku datang bulanan lalu hilang. Termasuk tipe apa?;Itu tergolong recurrent acute pain. Mencatat pola, pemicu, dan terapi preventif dapat mengurangi frekuensi serangan.;GPT;D1_GPT_HealthPsycology209-229_50.json;sakit kepala datang bulan hilang masuk tipe golong recurrent acute pain catat pola picu terapi preventif kurang frekuensi serang;7;1.0;stres - nyeri - sehat - sakit - tubuh - cemas - laku - takut - kerja - aktivitas;7_nyeri_stres_sehat_sakit;sakit kepala datang bulan hilang masuk tipe golong recurrent acute pain catat pola picu terapi preventif kurang frekuensi serang
Bagaimana mulai aktif saat rasa sakit membatasi gerak?;Mulai gerakan sederhana 5 menit, seperti peregangan leher, lalu tingkatkan perlahan. Konsistensi kecil menguatkan otot dan menekan nyeri jangka panjang.;GPT;D1_GPT_HealthPsycology209-229_50.json;sakit batas gerak gera sederhana regang leher tingkat perlahan konsistensi kecil kuat tekan nyeri jangka panjang;7;1.0;stres - nyeri - sehat - sakit - tubuh - cemas - laku - takut - kerja - aktivitas;7_nyeri_stres_sehat_sakit;sakit batas gerak gera sederhana regang leher tingkat perlahan konsistensi kecil kuat tekan nyeri jangka panjang
Berapa lama latihan relaksasi agar terasa efeknya?;Praktik 10–15 menit dua kali sehari selama 2 minggu sering sudah menunjukkan penurunan ketegangan otot dan nyeri.;GPT;D1_GPT_HealthPsycology209-229_50.json;berapa lama relaksasi efek praktik lama minggu tunjuk turun tegang nyeri;7;1.0;stres - nyeri - sehat - sakit - tubuh - cemas - laku - takut - kerja - aktivitas;7_nyeri_stres_sehat_sakit;berapa lama relaksasi efek praktik lama minggu tunjuk turun tegang nyeri
Apakah biofeedback cocok untuk migrainku?;Banyak studi menunjukkan biofeedback suhu kulit atau ketegangan otot efektif menurunkan frekuensi migrain. Butuh beberapa sesi latihan konsisten.;GPT;D1_GPT_HealthPsycology209-229_50.json;biofeedback cocok migrain studi tunjuk biofeedback suhu kulit tegang efektif turun frekuensi migrain butuh beberapa sesi konsisten;7;1.0;stres - nyeri - sehat - sakit - tubuh - cemas - laku - takut - kerja - aktivitas;7_nyeri_stres_sehat_sakit;biofeedback cocok migrain studi tunjuk biofeedback suhu kulit tegang efektif turun frekuensi migrain butuh beberapa sesi konsisten
Apa yang dilakukan terapis CBT untuk nyeri?;Terapis mengajarkan mengenali pikiran 'aku tak berdaya', menggantinya dengan 'aku bisa mengatur aktivitas secara aman', disertai latihan perilaku bertahap.;GPT;D1_GPT_HealthPsycology209-229_50.json;laku terap nyeri terap nali daya atur aktivitas perilaku tahap;7;1.0;stres - nyeri - sehat - sakit - tubuh - cemas - laku - takut - kerja - aktivitas;7_nyeri_stres_sehat_sakit;laku terap nyeri terap nali daya atur aktivitas perilaku tahap
Bagaimana menghindari sakit kepala akibat obat analgesik?;Batasi penggunaan analgesik <10 hari per bulan, konsultasi dokter untuk rencana preventif alternatif seperti relaksasi atau beta blocker jika perlu.;GPT;D1_GPT_HealthPsycology209-229_50.json;hindar sakit kepala akibat obat analgesik batas analgesik bulan konsultasi dokter rencana preventif alternatif relaksasi beta blocker perlu;7;1.0;stres - nyeri - sehat - sakit - tubuh - cemas - laku - takut - kerja - aktivitas;7_nyeri_stres_sehat_sakit;hindar sakit kepala akibat obat analgesik batas analgesik bulan konsultasi dokter rencana preventif alternatif relaksasi beta blocker perlu
Bagaimana saya tahu ini nyeri fisik atau cemas yang terasa di tubuh?;Catat kapan nyeri muncul, durasi, dan apa yang memicu. Jika membaik setelah teknik relaksasi, mungkin aspek emosional dominan. Konsultasikan dokter untuk konfirmasi.;GPT;D1_GPT_HealthPsycology250-268_50.json;tahu nyeri fisik cemas tubuh catat kapan nyeri muncul durasi picu teknik relaksasi aspek emosional dominan konsultasi dokter konfirmasi;7;1.0;stres - nyeri - sehat - sakit - tubuh - cemas - laku - takut - kerja - aktivitas;7_nyeri_stres_sehat_sakit;tahu nyeri fisik cemas tubuh catat kapan nyeri muncul durasi picu teknik relaksasi aspek emosional dominan konsultasi dokter konfirmasi
Akhir-akhir ini saya merasa stres berat, dan tubuh saya sering terasa nggak enak. Apa hubungan stres dengan kesehatan, dan apa yang bisa saya lakukan?;Wah, saya tahu rasanya saat stres bikin semuanya terasa berat. Stres itu seperti alarm di tubuhmu—bikin jantungan cepat, tekanan darah naik, dan kadang bikin badan lelah. Ini karena tubuhmu masuk mode 'siaga' untuk menghadapi tantangan. Tapi, kalau stres ini berlangsung lama, bisa bikin kamu rentan sakit. Kabar baiknya, kamu punya kuasa untuk menenangkan alarm itu! Coba mulai dengan napas dalam-dalam selama satu menit, atau jalan-jalan sebentar sambil dengar musik favorit. Apa yang biasanya bikin kamu stres, dan apa yang pernah membantu kamu merasa lebih rileks?;GROK;D1_GROK_HealthPsycology1-55_67.json;akhir akhir stres berat tubuh enak stres sehat laku tahu stres berat stres alarm tubuh jantung cepat tekan darah naik badan lelah tubuh masuk mode siaga hadap tantang stres langsung lama rentan sakit kabar kuasa tenang alarm lama jalan jalan sebentar dengar musik favorit stres rileks;7;1.0;stres - nyeri - sehat - sakit - tubuh - cemas - laku - takut - kerja - aktivitas;7_nyeri_stres_sehat_sakit;akhir akhir stres berat tubuh enak stres sehat laku tahu stres berat stres alarm tubuh jantung cepat tekan darah naik badan lelah tubuh masuk mode siaga hadap tantang stres langsung lama rentan sakit kabar kuasa tenang alarm lama jalan jalan sebentar dengar musik favorit stres rileks
Saya khawatir stres saya bikin jantungan. Bagaimana stres bisa memengaruhi jantung, dan apa yang bisa saya lakukan?;Kamu peduli sama kesehatanmu—itu langkah luar biasa! Stres bisa bikin jantung kerja lebih keras karena memicu hormon seperti adrenalin, yang ningkatin tekanan darah dan detak jantung. Lama-lama, ini bisa nyakitin jantung. Tapi tenang, kamu bisa lindungi jantungmu! Coba latihan relaksasi, seperti napas dalam atau yoga, dan pastikan kamu punya waktu buat ketawa sama orang tersayang. Jalan kaki 15 menit sehari juga bagus. Apa yang lagi bikin kamu stres, dan apa cara favoritmu buat rileks?;GROK;D1_GROK_HealthPsycology1-55_67.json;khawatir stres jantung stres pengaruh jantung laku peduli sehat luar stres jantung kerja picu hormon adrenalin ningkatin tekan darah detak jantung lama lama nyakitin jantung tenang lindung jantung relaksasi yoga ketawa sayang jalan kaki bagus stres favorit rileks;7;1.0;stres - nyeri - sehat - sakit - tubuh - cemas - laku - takut - kerja - aktivitas;7_nyeri_stres_sehat_sakit;khawatir stres jantung stres pengaruh jantung laku peduli sehat luar stres jantung kerja picu hormon adrenalin ningkatin tekan darah detak jantung lama lama nyakitin jantung tenang lindung jantung relaksasi yoga ketawa sayang jalan kaki bagus stres favorit rileks
Dokter bilang saya punya tekanan darah tinggi, dan saya rasa stres bikin tambah parah. Apa hubungan stres sama hipertensi, dan apa yang bisa saya lakukan?;Wah, kamu peka banget sama tubuhmu—itu kekuatan besar! Stres bisa bikin tekanan darah naik karena tubuhmu memproduksi hormon stres yang bikin pembuluh darah menyempit. Tapi kamu bisa ambil kendali! Coba kurangi stres dengan meditasi 5 menit sehari atau jalan santai di taman. Makan makanan rendah garam dan cukup tidur juga membantu. Apa yang biasanya bikin kamu stres, dan apa satu hal kecil yang bisa kamu coba untuk tenangin pikiran?;GROK;D1_GROK_HealthPsycology1-55_67.json;dokter tekan darah tinggi stres tambah parah stres hipertensi laku peka tubuh kuat stres tekan darah naik tubuh produksi hormon stres buluh darah sempit kendali kurang stres meditasi jalan santai taman makan makan rendah garam cukup tidur stres kecil tenangin;7;1.0;stres - nyeri - sehat - sakit - tubuh - cemas - laku - takut - kerja - aktivitas;7_nyeri_stres_sehat_sakit;dokter tekan darah tinggi stres tambah parah stres hipertensi laku peka tubuh kuat stres tekan darah naik tubuh produksi hormon stres buluh darah sempit kendali kurang stres meditasi jalan santai taman makan makan rendah garam cukup tidur stres kecil tenangin
Saya sering sakit kalau lagi stres. Bagaimana stres bisa bikin saya gampang sakit, dan apa yang bisa saya lakukan?;Kamu peka banget sama tubuhmu—itu langkah keren! Stres bisa melemahin sistem kekebalanmu karena hormon stres, seperti kortisol, bikin tubuhmu susah lawan kuman. Jadi, kalau stres, kamu gampang flu atau lelah. Untuk bantu, coba kurangi stres dengan tidur cukup, makan sehat, dan lakukan hal yang bikin bahagia, seperti nonton film lucu atau ketemu temen. Apa yang biasanya bikin kamu stres, dan apa satu cara yang bisa kamu coba untuk jaga imunmu?;GROK;D1_GROK_HealthPsycology1-55_67.json;sakit stres stres gampang sakit laku peka tubuh keren stres melemahin kebal hormon stres kortisol tubuh susah lawan kuman stres gampang lelah kurang stres tidur cukup makan sehat laku bahagia nonton film lucu temen stres jaga imun;7;1.0;stres - nyeri - sehat - sakit - tubuh - cemas - laku - takut - kerja - aktivitas;7_nyeri_stres_sehat_sakit;sakit stres stres gampang sakit laku peka tubuh keren stres melemahin kebal hormon stres kortisol tubuh susah lawan kuman stres gampang lelah kurang stres tidur cukup makan sehat laku bahagia nonton film lucu temen stres jaga imun
Saya ingin mencegah masalah kesehatan, tapi nggak yakin caranya. Bagaimana pencegahan penyakit bisa bantu kesehatan mental saya?;Keren banget kamu mikirin pencegahan—itu seperti bikin tameng buat tubuh dan pikiranmu! Pencegahan penyakit, seperti olahraga, makan sehat, dan cukup tidur, bantu jaga kesehatan mentalmu karena bikin tubuhmu kuat dan pikiran lebih jernih. Misalnya, jalan santai bisa bikin mood naik, dan tidur cukup bikin kamu nggak gampang cemas. Mulai kecil, seperti minum lebih banyak air atau tidur 7 jam. Apa yang pengen kamu coba untuk jaga kesehatanmu, dan kapan kamu mulai?;GROK;D1_GROK_HealthPsycology1-55_67.json;cegah sehat yakin cegah sakit sehat mental keren mikirin cegah tameng tubuh cegah sakit olahraga makan sehat cukup tidur jaga sehat mental tubuh kuat jernih jalan santai mood naik tidur cukup gampang cemas kecil tidur jaga sehat kapan;7;1.0;stres - nyeri - sehat - sakit - tubuh - cemas - laku - takut - kerja - aktivitas;7_nyeri_stres_sehat_sakit;cegah sehat yakin cegah sakit sehat mental keren mikirin cegah tameng tubuh cegah sakit olahraga makan sehat cukup tidur jaga sehat mental tubuh kuat jernih jalan santai mood naik tidur cukup gampang cemas kecil tidur jaga sehat kapan
Saya merasa sistem kesehatan sekarang bikin saya stres. Bagaimana perubahan medis bisa memengaruhi kesehatan mental saya?;Saya tahu sistem kesehatan kadang bikin pusing, dan kamu nggak sendiri. Perubahan seperti antrean panjang atau aturan baru bisa bikin stres karena bikin kamu merasa nggak terkendali. Ini bisa ganggu kesehatan mentalmu kalau dibiarkan. Untuk bantu, coba siapin pertanyaan sebelum ke dokter supaya lebih jelas, dan cari info tentang hakmu sebagai pasien. Jaga pikiranmu dengan relaksasi, seperti meditasi, dan ceritain kekhawatiranmu ke temen. Apa yang bikin kamu stres soal ini, dan apa yang bisa kamu lakukan untuk lebih tenang?;GROK;D1_GROK_HealthPsycology1-55_67.json;sehat stres ubah medis pengaruh sehat mental tahu sehat pusing sendiri ubah antre panjang atur stres kendali ganggu sehat mental siapin dokter jelas info pasien jaga relaksasi meditasi khawatir temen stres laku tenang;7;1.0;stres - nyeri - sehat - sakit - tubuh - cemas - laku - takut - kerja - aktivitas;7_nyeri_stres_sehat_sakit;sehat stres ubah medis pengaruh sehat mental tahu sehat pusing sendiri ubah antre panjang atur stres kendali ganggu sehat mental siapin dokter jelas info pasien jaga relaksasi meditasi khawatir temen stres laku tenang
Saya punya penyakit autoimun, dan stres bikin gejala saya tambah parah. Bagaimana stres memengaruhi autoimunitas, dan apa yang bisa saya lakukan?;Kamu hebat banget hadapi penyakit autoimun—itu nggak mudah! Stres bisa bikin gejala autoimun tambah parah karena hormon stres, seperti kortisol, bikin sistem imunmu lebih agresif menyerang tubuh sendiri. Untuk bantu, coba teknik relaksasi, seperti meditasi atau yoga ringan, dan pastikan tidur cukup. Ngobrol sama dokter tentang manajemen gejala, dan cari dukungan dari temen atau grup autoimun. Apa yang lagi bikin kamu stres, dan apa satu cara yang bisa kamu coba untuk tenangin pikiran?;GROK;D1_GROK_HealthPsycology1-55_67.json;sakit autoimun stres gejala tambah parah stres pengaruh autoimunitas laku hadap sakit autoimun mudah stres gejala autoimun tambah parah hormon stres kortisol imun agresif serang tubuh sendiri teknik relaksasi meditasi yoga ringan tidur cukup dokter manajemen gejala dukung temen grup autoimun stres tenangin;7;1.0;stres - nyeri - sehat - sakit - tubuh - cemas - laku - takut - kerja - aktivitas;7_nyeri_stres_sehat_sakit;sakit autoimun stres gejala tambah parah stres pengaruh autoimunitas laku hadap sakit autoimun mudah stres gejala autoimun tambah parah hormon stres kortisol imun agresif serang tubuh sendiri teknik relaksasi meditasi yoga ringan tidur cukup dokter manajemen gejala dukung temen grup autoimun stres tenangin
Saya khawatir stres saya bikin jantungan. Bagaimana stres memengaruhi jantung, dan apa yang bisa saya lakukan untuk jaga kesehatan jantung?;Kamu peduli sama jantungmu—itu langkah luar biasa! Stres kronis bisa bikin jantung kerja keras karena tekanan darah dan detak jantung naik, yang lama-lama bisa nyakitin pembuluh darah. Tapi kamu bisa jaga jantungmu! Coba relaksasi, seperti napas dalam atau yoga, dan lakukan olahraga ringan, seperti jalan 20 menit sehari. Makan sehat, seperti tambah sayur, juga bantu. Apa yang lagi bikin kamu stres, dan apa cara favoritmu untuk rileks?;GROK;D1_GROK_HealthPsycology1-55_67.json;khawatir stres jantung stres pengaruh jantung laku jaga sehat jantung peduli jantung luar stres kronis jantung kerja tekan darah detak jantung naik lama lama nyakitin buluh darah jaga jantung relaksasi yoga laku olahraga ringan jalan makan sehat tambah stres favorit rileks;7;1.0;stres - nyeri - sehat - sakit - tubuh - cemas - laku - takut - kerja - aktivitas;7_nyeri_stres_sehat_sakit;khawatir stres jantung stres pengaruh jantung laku jaga sehat jantung peduli jantung luar stres kronis jantung kerja tekan darah detak jantung naik lama lama nyakitin buluh darah jaga jantung relaksasi yoga laku olahraga ringan jalan makan sehat tambah stres favorit rileks
Saya dengar stres bisa bikin masalah ginjal. Bagaimana ini terjadi, dan apa yang bisa saya lakukan untuk jaga ginjal saya?;Kamu peduli sama kesehatan ginjalmu—itu langkah keren! Stres bisa ningkatin tekanan darah, yang lama-lama bisa nyakitin ginjal karena pembuluh darah di dalamnya rusak. Untuk jaga ginjal, coba kurangi stres dengan jalan santai atau meditasi, minum cukup air, dan makan makanan rendah garam. Cek tekanan darah rutin juga penting. Apa yang lagi bikin kamu stres, dan apa satu kebiasaan sehat yang bisa kamu coba untuk lindungi ginjalmu?;GROK;D1_GROK_HealthPsycology1-55_67.json;dengar stres ginjal laku jaga ginjal peduli sehat ginjal keren stres ningkatin tekan darah lama lama nyakitin ginjal buluh darah rusak jaga ginjal kurang stres jalan santai meditasi cukup makan makan rendah garam tekan darah rutin penting stres sehat lindung ginjal;7;1.0;stres - nyeri - sehat - sakit - tubuh - cemas - laku - takut - kerja - aktivitas;7_nyeri_stres_sehat_sakit;dengar stres ginjal laku jaga ginjal peduli sehat ginjal keren stres ningkatin tekan darah lama lama nyakitin ginjal buluh darah rusak jaga ginjal kurang stres jalan santai meditasi cukup makan makan rendah garam tekan darah rutin penting stres sehat lindung ginjal
Siklus menstruasi saya nggak teratur saat stres. Bagaimana stres memengaruhi menstruasi, dan apa yang bisa saya lakukan?;Saya tahu gangguan menstruasi bisa bikin bingung, dan kamu nggak sendiri! Stres bisa ganggu hormon, seperti kortisol, yang bikin siklusmu nggak teratur. Ini karena otak dan ovarium ‘ngobrol’ lewat hormon, dan stres bisa bikin obrolan itu kacau. Untuk bantu, coba relaksasi, seperti yoga atau napas dalam, dan pastikan tidur cukup. Makan sehat, seperti tambah sayur, juga bantu hormon stabil. Apa yang lagi bikin kamu stres, dan apa yang pengen kamu coba untuk tenangin pikiran?;GROK;D1_GROK_HealthPsycology1-55_67.json;siklus menstruasi atur stres stres pengaruh menstruasi laku tahu ganggu menstruasi sendiri stres ganggu hormon kortisol siklus atur otak ovarium lewat hormon stres obrol kacau relaksasi yoga tidur cukup makan sehat tambah hormon stabil stres tenangin;7;1.0;stres - nyeri - sehat - sakit - tubuh - cemas - laku - takut - kerja - aktivitas;7_nyeri_stres_sehat_sakit;siklus menstruasi atur stres stres pengaruh menstruasi laku tahu ganggu menstruasi sendiri stres ganggu hormon kortisol siklus atur otak ovarium lewat hormon stres obrol kacau relaksasi yoga tidur cukup makan sehat tambah hormon stabil stres tenangin
Saya minum sedikit untuk rileks, tapi khawatir itu buruk, dan bikin cemas. Bagaimana konsumsi ringan memengaruhi kesehatan mental, dan apa yang bisa saya lakukan?;Saya tahu kekhawatiran itu nyata, tapi kamu hebat karena peduli kesehatanmu! Minum ringan mungkin bikin rileks sementara, tapi kalau bikin cemas, itu sinyal untuk evaluasi. Alkohol bisa ganggu kesehatan mental kalau jadi kebiasaan. Coba ganti minum dengan aktivitas rileks, seperti meditasi 5 menit atau jalan sore. Tulis manfaat berhenti, seperti ‘Aku ingin tidur lebih nyenyak.’ Cari mocktail sehat untuk ganti minuman. Apa yang bikin cemas, dan pengganti apa yang pengen kamu coba?;GROK;D1_GROK_HealthPsycology114-151_58.json;rileks khawatir cemas konsumsi ringan pengaruh sehat mental laku tahu khawatir nyata peduli sehat ringan rileks cemas evaluasi alkohol ganggu sehat mental aktivitas rileks meditasi jalan sore manfaat henti tidur nyenyak mocktail sehat cemas;7;1.0;stres - nyeri - sehat - sakit - tubuh - cemas - laku - takut - kerja - aktivitas;7_nyeri_stres_sehat_sakit;rileks khawatir cemas konsumsi ringan pengaruh sehat mental laku tahu khawatir nyata peduli sehat ringan rileks cemas evaluasi alkohol ganggu sehat mental aktivitas rileks meditasi jalan sore manfaat henti tidur nyenyak mocktail sehat cemas
Saya sering merasa stres dan itu bikin saya cemas. Apa itu stres sebenarnya, dan apa yang bisa saya lakukan untuk kesehatan mental saya?;Saya tahu stres bisa bikin cemas, tapi kamu hebat karena ingin atasi! Stres adalah reaksi tubuh dan pikiran saat hadapi tantangan, seperti kerjaan numpuk, yang bisa ganggu kesehatan mental kalau berlebihan. Coba mulai dengan teknik relaksasi, seperti napas dalam 5 menit tiap pagi, atau jalan santai. Tulis apa yang bikin stres dan satu solusi, seperti ‘Aku akan istirahat 10 menit.’ Bilang, ‘Aku bisa kendalikan stres!’ Cari video meditasi online. Apa pemicu stresmu, dan langkah apa yang pengen kamu coba?;GROK;D1_GROK_HealthPsycology114-151_58.json;stres cemas stres laku sehat mental tahu stres cemas stres reaksi tubuh hadap tantang kerja numpuk ganggu sehat mental teknik relaksasi pagi jalan santai stres solusi istirahat kendali stres meditasi picu stres;7;1.0;stres - nyeri - sehat - sakit - tubuh - cemas - laku - takut - kerja - aktivitas;7_nyeri_stres_sehat_sakit;stres cemas stres laku sehat mental tahu stres cemas stres reaksi tubuh hadap tantang kerja numpuk ganggu sehat mental teknik relaksasi pagi jalan santai stres solusi istirahat kendali stres meditasi picu stres
Saya merasa jantungan berdegup kencang saat stres, dan itu bikin takut. Bagaimana tubuh saya bereaksi, dan apa yang bisa saya lakukan?;Saya tahu rasa takut itu nyata saat jantungan kencang, tapi kamu hebat karena peduli! Stres aktifin sistem saraf dan hormon seperti kortisol, yang bikin jantung berdetak cepat dan tekanan darah naik, yang bisa ganggu kesehatan mental kalau sering. Coba teknik napas 4-4-4: tarik napas 4 detik, tahan 4, keluarkan 4, 3 kali sehari. Jalan santai 10 menit juga bantu. Bilang, ‘Aku bisa tenangin tubuhku!’ Cari video yoga online. Apa yang bikin jantungan kencang, dan teknik apa yang pengen kamu coba?;GROK;D1_GROK_HealthPsycology114-151_58.json;jantung degup kencang stres takut tubuh reaksi laku tahu takut nyata jantung kencang peduli stres aktifin saraf hormon kortisol jantung detak cepat tekan darah naik ganggu sehat mental teknik detik tahan keluar jalan santai tenangin tubuh yoga jantung kencang teknik;7;1.0;stres - nyeri - sehat - sakit - tubuh - cemas - laku - takut - kerja - aktivitas;7_nyeri_stres_sehat_sakit;jantung degup kencang stres takut tubuh reaksi laku tahu takut nyata jantung kencang peduli stres aktifin saraf hormon kortisol jantung detak cepat tekan darah naik ganggu sehat mental teknik detik tahan keluar jalan santai tenangin tubuh yoga jantung kencang teknik
Saya merasa stres terus-terusan bikin saya capek dan cemas. Apa itu beban alostatik, dan apa yang bisa saya lakukan?;Saya paham capek dan cemas itu berat, tapi kamu luar biasa karena ingin cari solusi! Beban alostatik adalah ‘keausan’ tubuh dari stres kronis, seperti tekanan darah naik, yang bikin kesehatan mental goyah. Coba kurangi stres dengan meditasi 5 menit tiap pagi atau jalan santai. Makan sayur dan tidur cukup juga bantu. Tulis satu tujuan sehat, seperti ‘Aku akan rileks tiap hari.’ Bilang, ‘Aku bisa jaga tubuhku!’ Cari tips hidup sehat online. Apa yang bikin stres, dan langkah apa yang bisa kamu coba?;GROK;D1_GROK_HealthPsycology114-151_58.json;stres terus terus capek cemas beban alostatik laku paham capek cemas berat luar solusi beban alostatik tubuh stres kronis tekan darah naik sehat mental goyah kurang stres meditasi pagi jalan santai makan tidur cukup tuju sehat rileks jaga tubuh tips hidup sehat stres;7;1.0;stres - nyeri - sehat - sakit - tubuh - cemas - laku - takut - kerja - aktivitas;7_nyeri_stres_sehat_sakit;stres terus terus capek cemas beban alostatik laku paham capek cemas berat luar solusi beban alostatik tubuh stres kronis tekan darah naik sehat mental goyah kurang stres meditasi pagi jalan santai makan tidur cukup tuju sehat rileks jaga tubuh tips hidup sehat stres
Saya merasa cemas dan jantungan kencang saat tekanan kerja, bikin takut. Bagaimana stres akut memengaruhi saya, dan apa yang bisa saya lakukan?;Saya tahu tekanan kerja itu bikin takut, tapi kamu hebat karena ingin atasi! Stres akut, seperti deadline, bikin tekanan darah dan cemas naik karena tubuh masuk mode ‘lawan atau lari,’ yang bisa ganggu kesehatan mental. Coba teknik napas 4-4-4 saat tekanan: tarik napas 4 detik, tahan 4, keluarkan 4. Sisihkan 5 menit untuk jalan santai pas istirahat. Bilang, ‘Aku bisa tenang di bawah tekanan!’ Cari video relaksasi kerja online. Apa yang bikin cemas di kerja, dan koping apa yang pengen kamu coba?;GROK;D1_GROK_HealthPsycology114-151_58.json;cemas jantung kencang tekan kerja takut stres akut pengaruh laku tahu tekan kerja takut stres akut deadline tekan darah cemas naik tubuh masuk mode lawan lari ganggu sehat mental teknik tekan detik tahan keluar sisih jalan santai istirahat tenang bawah tekan relaksasi kerja cemas kerja koping;7;1.0;stres - nyeri - sehat - sakit - tubuh - cemas - laku - takut - kerja - aktivitas;7_nyeri_stres_sehat_sakit;cemas jantung kencang tekan kerja takut stres akut pengaruh laku tahu tekan kerja takut stres akut deadline tekan darah cemas naik tubuh masuk mode lawan lari ganggu sehat mental teknik tekan detik tahan keluar sisih jalan santai istirahat tenang bawah tekan relaksasi kerja cemas kerja koping
Saya sering sakit saat stres, dan itu bikin depresi. Bagaimana stres bikin saya sakit, dan apa yang bisa saya lakukan?;Saya paham sakit saat stres bikin depresi, tapi kamu hebat karena ingin cari solusi! Stres melemahkan imun, bikin kamu gampang sakit saat kena virus, dan ini bisa ganggu kesehatan mental. Coba tingkatin imun dengan makan buah kaya vitamin C dan tidur cukup. Lakukan meditasi 5 menit tiap pagi untuk kurangi stres. Tulis tiga hal yang bikin kamu senyum. Bilang, ‘Aku bisa jaga tubuhku!’ Cari tips tingkatkan imun online. Apa yang bikin stres, dan langkah apa yang bisa kamu coba?;GROK;D1_GROK_HealthPsycology114-151_58.json;sakit stres depresi stres sakit laku paham sakit stres depresi solusi stres lemah imun gampang sakit kena virus ganggu sehat mental tingkatin imun makan kaya vitamin tidur cukup laku meditasi pagi kurang stres senyum jaga tubuh tips tingkat imun stres;7;1.0;stres - nyeri - sehat - sakit - tubuh - cemas - laku - takut - kerja - aktivitas;7_nyeri_stres_sehat_sakit;sakit stres depresi stres sakit laku paham sakit stres depresi solusi stres lemah imun gampang sakit kena virus ganggu sehat mental tingkatin imun makan kaya vitamin tidur cukup laku meditasi pagi kurang stres senyum jaga tubuh tips tingkat imun stres
Saya merasa nggak tahu banyak soal kesehatan, dan itu bikin saya cemas. Bagaimana pengetahuan bisa bantu kesehatan mental saya, dan dari mana saya mulai?;Wajar kalau merasa cemas karena nggak tahu banyak—tapi kamu hebat karena ingin belajar! Pengetahuan tentang kesehatan, seperti tahu olahraga bikin mood naik atau tidur cukup kurangi stres, bantu kamu buat pilihan yang bikin pikiran lebih tenang. Mulai dari sumber sederhana: baca artikel online tentang manfaat buah atau tonton video yoga gratis. Coba satu info baru, seperti ‘minum air bikin fokus,’ dan praktekkan. Apa topik kesehatan yang pengen kamu pelajari, dan di mana kamu bisa cari info itu?;GROK;D1_GROK_HealthPsycology56-95_67.json;tahu sehat cemas tahu sehat mental cemas tahu tahu sehat tahu olahraga mood naik tidur cukup kurang stres pilih tenang sumber sederhana baca artikel manfaat tonton yoga gratis info praktek topik sehat info;7;1.0;stres - nyeri - sehat - sakit - tubuh - cemas - laku - takut - kerja - aktivitas;7_nyeri_stres_sehat_sakit;tahu sehat cemas tahu sehat mental cemas tahu tahu sehat tahu olahraga mood naik tidur cukup kurang stres pilih tenang sumber sederhana baca artikel manfaat tonton yoga gratis info praktek topik sehat info
Kebiasaan sehat saya gampang kacau kalau stres. Mengapa kebiasaan ini nggak stabil, dan bagaimana saya bisa jaga kesehatan mental saya?;Saya tahu stres bisa bikin kebiasaan sehat goyah—itu wajar, kok! Kebiasaan kesehatan nggak stabil karena faktor seperti stres, kesibukan, atau emosi bisa ganggu pola, misalnya skip olahraga karena pusing kerja. Ini bisa bikin kesehatan mentalmu drop karena kamu merasa gagal. Tapi, kamu bisa kuatkan fondasi! Coba buat kebiasaan super sederhana, seperti tarik napas dalam 3 menit tiap pagi, yang tahan banting meski stres. Apa yang bikin kebiasaanmu kacau, dan apa satu kebiasaan kecil yang bisa kamu pertahankan?;GROK;D1_GROK_HealthPsycology56-95_67.json;sehat gampang kacau stres stabil jaga sehat mental tahu stres sehat goyah sehat stabil faktor stres sibuk emosi ganggu pola skip olahraga pusing kerja sehat mental drop gagal kuat fondasi super sederhana pagi tahan banting stres kacau kecil tahan;7;1.0;stres - nyeri - sehat - sakit - tubuh - cemas - laku - takut - kerja - aktivitas;7_nyeri_stres_sehat_sakit;sehat gampang kacau stres stabil jaga sehat mental tahu stres sehat goyah sehat stabil faktor stres sibuk emosi ganggu pola skip olahraga pusing kerja sehat mental drop gagal kuat fondasi super sederhana pagi tahan banting stres kacau kecil tahan
Aku merasa ingatanku buruk setelah aku sakit. Apa hubungannya?;Sakit, terutama yang berat, bisa memengaruhi ingatan karena tubuh dan otak kita sedang fokus pulih. Kalau kamu merasa ingatanmu nggak sama setelah sakit, itu bisa wajar, tapi perlu diperhatikan. Coba beri waktu tubuhmu untuk sembuh, makan makanan bergizi, dan istirahat cukup. Kalau ini berlangsung lama, mungkin ceritain ke dokter atau seseorang yang kamu percaya. Apa kamu merasa ini sering mengganggu?;GROK;D4_GROK_PengantarPsikologiBimoW156-166_20.json;ingat sakit sakit utama berat pengaruh ingat tubuh otak sedang pulih ingat sakit perlu perhati beri tubuh sembuh makan makan gizi istirahat cukup langsung lama dokter percaya ganggu;7;1.0;stres - nyeri - sehat - sakit - tubuh - cemas - laku - takut - kerja - aktivitas;7_nyeri_stres_sehat_sakit;ingat sakit sakit utama berat pengaruh ingat tubuh otak sedang pulih ingat sakit perlu perhati beri tubuh sembuh makan makan gizi istirahat cukup langsung lama dokter percaya ganggu
Aku sering khawatir soal kesehatan, gimana caranya biar nggak cemas terus?;Kekhawatiran soal kesehatan itu manusiawi, karena kita nggak bisa kendalikan semuanya. Coba fokus pada kebiasaan sehat yang bisa kamu lakukan, seperti minum air cukup atau jalan kaki. Kalau cemasnya masih ada, coba alihkan perhatian ke aktivitas yang menyenangkan, seperti nonton film favorit atau ngobrol dengan teman. Itu bisa bantu pikiranmu lebih rileks.;GROK;D5_GROK_MindfullLife21-31_20.json;khawatir sehat cemas terus khawatir sehat manusiawi kendali sehat laku cukup jalan kaki cemas perhati aktivitas senang nonton film favorit teman rileks;7;1.0;stres - nyeri - sehat - sakit - tubuh - cemas - laku - takut - kerja - aktivitas;7_nyeri_stres_sehat_sakit;khawatir sehat cemas terus khawatir sehat manusiawi kendali sehat laku cukup jalan kaki cemas perhati aktivitas senang nonton film favorit teman rileks
Aku takut kehilangan pekerjaan akibat nyeri kronis. Apa langkah pertama?;Bicarakan opsi kerja fleksibel ke HR dan cari program pain management terintegrasi agar fungsi harian meningkat dan absensi berkurang.;GPT;D1_GPT_HealthPsycology209-229_50.json;takut hilang kerja akibat nyeri kronis pertama bicara opsi kerja fleksibel program pain management integrasi fungsi tingkat absensi kurang;7;0.641299239302839;stres - nyeri - sehat - sakit - tubuh - cemas - laku - takut - kerja - aktivitas;7_nyeri_stres_sehat_sakit;takut hilang kerja akibat nyeri kronis pertama bicara opsi kerja fleksibel program pain management integrasi fungsi tingkat absensi kurang
Aku merasa fisikku lelet banget akhir-akhir ini, dan itu bikin aku nggak bisa ngapa-ngapain. Apa ini normal?;Kalau kamu merasa fisikmu berubah, itu bisa bikin frustrasi. Bisa jadi itu tanda tubuhmu lagi kasih sinyal buat istirahat atau ada yang perlu dicek. Coba ceritain lebih detail, misalnya apa kamu capek terus atau ada nyeri? Mungkin kita bisa pikirin langkah kecil, seperti cek ke dokter kalau ini berlangsung lama. Apa kamu merasa ini udah ganggu aktivitas sehari-hari?;GROK;D11_GROK_AHandbookfortheSMH402-412_20.json;fisik lelet akhir akhir fisik ubah frustrasi tubuh istirahat perlu detail capek terus nyeri pikirin kecil dokter langsung lama udah ganggu aktivitas;7;0.5974856452247659;stres - nyeri - sehat - sakit - tubuh - cemas - laku - takut - kerja - aktivitas;7_nyeri_stres_sehat_sakit;fisik lelet akhir akhir fisik ubah frustrasi tubuh istirahat perlu detail capek terus nyeri pikirin kecil dokter langsung lama udah ganggu aktivitas
Kadang aku ngerasa nyeriku hukuman karena aku salah apa. Gimana ngatasin pikiran ini?;Pikiran kayak gitu pasti bikin sedih, ya. Nyeri bukan hukuman, kok, tapi kondisi yang bisa dikelola. Coba tulis pikiran itu, lalu cari bukti yang menentangnya, misalnya, ‘Nyeri ini cuma bagian dari tubuhku, bukan karena aku salah.’ Mau coba ceritain lebih detail apa yang bikin kamu merasa begitu?;GROK;D12_GROK_ClinicalHandbookPsychologicalDisorders715-725_20.json;ngerasa nyeri hukum salah ngatasin sedih nyeri bukan hukum kondisi kelola bukti nyeri tubuh bukan salah detail;7;0.5196743859965223;stres - nyeri - sehat - sakit - tubuh - cemas - laku - takut - kerja - aktivitas;7_nyeri_stres_sehat_sakit;ngerasa nyeri hukum salah ngatasin sedih nyeri bukan hukum kondisi kelola bukti nyeri tubuh bukan salah detail
Saya merasa lama tenang setelah stres, dan itu bikin lelah. Bagaimana pemulihan memengaruhi saya, dan apa yang bisa saya lakukan?;Saya tahu lelah setelah stres itu berat, tapi kamu hebat karena ingin atasi! Kalau pemulihan lambat, tubuhmu mungkin terbebani stres kronis, yang bikin kesehatan mental drop karena capek terus. Coba teknik relaksasi, seperti yoga 10 menit sebelum tidur, untuk cepetin pemulihan. Hindari kafein malam dan tulis tiga hal positif tiap hari. Bilang, ‘Aku bisa pulih lebih cepat!’ Cari video relaksasi online. Apa yang bikin lama tenang, dan teknik apa yang pengen kamu coba?;GROK;D1_GROK_HealthPsycology114-151_58.json;lama tenang stres lelah pulih pengaruh laku tahu lelah stres berat pulih lambat tubuh beban stres kronis sehat mental drop capek terus teknik relaksasi yoga tidur cepetin pulih hindar kafein positif pulih cepat relaksasi lama tenang teknik;7;0.4668825168558627;stres - nyeri - sehat - sakit - tubuh - cemas - laku - takut - kerja - aktivitas;7_nyeri_stres_sehat_sakit;lama tenang stres lelah pulih pengaruh laku tahu lelah stres berat pulih lambat tubuh beban stres kronis sehat mental drop capek terus teknik relaksasi yoga tidur cepetin pulih hindar kafein positif pulih cepat relaksasi lama tenang teknik
Apakah skala 1–10 cukup menjelaskan nyeriku ke dokter?;Skala angka bagus untuk intensitas, tapi tambahkan deskripsi: lokasi, jenis (menusuk/terbakar), durasi, dan pemicu. Informasi lengkap memandu diagnosis lebih akurat.;GPT;D1_GPT_HealthPsycology209-229_50.json;skala cukup jelas nyeri dokter skala angka bagus intensitas tambah deskripsi lokasi jenis tusuk bakar durasi picu lengkap pandu diagnosis akurat;7;0.4612078738459227;stres - nyeri - sehat - sakit - tubuh - cemas - laku - takut - kerja - aktivitas;7_nyeri_stres_sehat_sakit;skala cukup jelas nyeri dokter skala angka bagus intensitas tambah deskripsi lokasi jenis tusuk bakar durasi picu lengkap pandu diagnosis akurat
Kaki kiriku sering kesemutan tapi hilang sendiri. Perlu dokter kah?;Jika kesemutan singkat setelah duduk menyilang, itu normal. Namun, bila muncul tanpa sebab jelas, disertai lemah otot, atau semakin sering, segera periksa untuk memastikan sirkulasi dan saraf sehat.;GPT;D1_GPT_HealthPsycology168-183_30.json;kaki kiri semut hilang sendiri perlu dokter semut singkat duduk silang bila muncul jelas lemah makin segera periksa sirkulasi saraf sehat;7;0.4417668109240134;stres - nyeri - sehat - sakit - tubuh - cemas - laku - takut - kerja - aktivitas;7_nyeri_stres_sehat_sakit;kaki kiri semut hilang sendiri perlu dokter semut singkat duduk silang bila muncul jelas lemah makin segera periksa sirkulasi saraf sehat
Saya sering merasa down setelah sakit. Bagaimana infeksi bisa bikin saya nggak mood, dan apa yang bisa saya lakukan?;Kamu peka banget sama tubuhmu—itu kekuatan besar! Infeksi, seperti flu, bisa bikin peradangan di tubuh, yang kadang ganggu otak dan bikin kamu merasa sedih atau lelah. Ini karena sistem imunmu lagi kerja keras. Untuk bantu, pastikan kamu istirahat cukup, makan makanan bergizi, dan coba aktivitas ringan, seperti jalan santai, begitu kamu merasa lebih baik. Ngobrol sama temen juga bisa angkat mood. Apa yang biasanya bikin kamu down setelah sakit, dan apa yang pengen kamu coba untuk naikin semangat?;GROK;D1_GROK_HealthPsycology1-55_67.json;down sakit infeksi mood laku peka tubuh kuat infeksi adang tubuh ganggu otak sedih lelah imun kerja istirahat cukup makan makan gizi aktivitas ringan jalan santai temen angkat mood down sakit naikin semangat;7;0.4292957506244609;stres - nyeri - sehat - sakit - tubuh - cemas - laku - takut - kerja - aktivitas;7_nyeri_stres_sehat_sakit;down sakit infeksi mood laku peka tubuh kuat infeksi adang tubuh ganggu otak sedih lelah imun kerja istirahat cukup makan makan gizi aktivitas ringan jalan santai temen angkat mood down sakit naikin semangat
Saya nggak yakin perawatan kesehatan mental saya efektif. Bagaimana saya tahu perawatan saya berhasil, dan apa yang bisa saya lakukan?;Kamu peka banget sama perawatanmu—itu tanda kamu peduli sama diri sendiri! Untuk tahu perawatan kesehatan mentalmu efektif, coba catat perubahan kecil, seperti apakah kamu merasa lebih tenang atau tidur lebih baik. Bicarain progresmu sama konselor atau dokter, dan tanyain apa yang bisa diukur, seperti skala suasana hati. Kalau nggak yakin, jangan ragu minta pendapat kedua. Jaga kebiasaan sehat, seperti olahraga atau curhat sama temen. Apa yang bikin kamu ragu, dan apa yang pengen kamu tanyain ke dokter?;GROK;D1_GROK_HealthPsycology1-55_67.json;yakin awat sehat mental efektif tahu awat hasil laku peka awat peduli diri sendiri tahu awat sehat mental efektif catat ubah kecil tenang tidur bicarain progres konselor dokter tanyain ukur skala suasana hati yakin jangan ragu minta jaga sehat olahraga curhat temen ragu tanyain dokter;7;0.4248347024389023;stres - nyeri - sehat - sakit - tubuh - cemas - laku - takut - kerja - aktivitas;7_nyeri_stres_sehat_sakit;yakin awat sehat mental efektif tahu awat hasil laku peka awat peduli diri sendiri tahu awat sehat mental efektif catat ubah kecil tenang tidur bicarain progres konselor dokter tanyain ukur skala suasana hati yakin jangan ragu minta jaga sehat olahraga curhat temen ragu tanyain dokter
Saya sering merasa lelet setelah flu. Bagaimana imunitas alami bekerja, dan apa yang bisa saya lakukan untuk bantu tubuh saya pulih?;Pasti nggak enak rasanya lelet setelah flu, tapi tubuhmu hebat lho! Imunitas alami adalah pertahanan pertama tubuhmu, kayak pasukan yang langsung lawan kuman dengan sel seperti makrofag atau inflamasi. Setelah flu, tubuhmu butuh waktu recharge. Bantu dengan tidur cukup, makan makanan kaya vitamin C, seperti jeruk, dan minum banyak air. Jalan ringan juga bisa naikin energi. Apa yang biasanya bikin kamu lelet, dan apa yang pengen kamu coba untuk pulih lebih cepat?;GROK;D1_GROK_HealthPsycology1-55_67.json;lelet imunitas alami kerja laku tubuh pulih enak lelet tubuh imunitas alami tahan pertama tubuh pasu langsung lawan kuman makrofag inflamasi tubuh butuh recharge tidur cukup makan makan kaya vitamin jeruk jalan ringan naikin energi lelet pulih cepat;7;0.4039415227950034;stres - nyeri - sehat - sakit - tubuh - cemas - laku - takut - kerja - aktivitas;7_nyeri_stres_sehat_sakit;lelet imunitas alami kerja laku tubuh pulih enak lelet tubuh imunitas alami tahan pertama tubuh pasu langsung lawan kuman makrofag inflamasi tubuh butuh recharge tidur cukup makan makan kaya vitamin jeruk jalan ringan naikin energi lelet pulih cepat
Saya dengar tubuh punya imunitas spesifik. Apa itu, dan bagaimana itu bantu kesehatan mental saya?;Kamu penasaran sama tubuhmu—itu keren! Imunitas spesifik adalah pasukan khusus tubuhmu yang belajar lawan kuman tertentu, seperti virus flu, dengan bikin antibodi. Ini butuh waktu, tapi bikin kamu lebih kuat lawan penyakit yang sama di masa depan. Kalau tubuhmu sehat, pikiranmu juga lebih tenang karena nggak gampang cemas soal sakit. Bantu imunitasmu dengan vaksin, tidur cukup, dan kurangi stres lewat meditasi. Apa yang bikin kamu pengen tahu soal imunitas, dan apa kebiasaan sehat yang bisa kamu coba?;GROK;D1_GROK_HealthPsycology1-55_67.json;dengar tubuh imunitas spesifik sehat mental penasaran tubuh keren imunitas spesifik pasu khusus tubuh lawan kuman virus antibodi butuh kuat lawan sakit masa depan tubuh sehat tenang gampang cemas sakit imunitas vaksin tidur cukup kurang stres lewat meditasi tahu imunitas sehat;7;0.401433685578874;stres - nyeri - sehat - sakit - tubuh - cemas - laku - takut - kerja - aktivitas;7_nyeri_stres_sehat_sakit;dengar tubuh imunitas spesifik sehat mental penasaran tubuh keren imunitas spesifik pasu khusus tubuh lawan kuman virus antibodi butuh kuat lawan sakit masa depan tubuh sehat tenang gampang cemas sakit imunitas vaksin tidur cukup kurang stres lewat meditasi tahu imunitas sehat
Saya merasa lelah dan depresi karena multiple sclerosis, bikin down. Bagaimana CBT membantu, dan apa yang bisa saya lakukan?;Saya paham lelah dan depresi itu bikin down, tapi kamu hebat karena ingin ubah! CBT bantu ubah pikiran negatif dan atasi kelelahan multiple sclerosis, yang naikin mood dan kesehatan mental. Coba cari konselor CBT atau ikut sesi telepon. Tulis tiga pikiran positif, seperti ‘Aku bisa istirahat cukup.’ Lakukan relaksasi 5 menit tiap pagi. Bilang, ‘Aku bisa lebih semangat!’ Cari video CBT multiple sclerosis online. Apa yang bikin lelah, dan koping apa yang pengen kamu coba?;GROK;D1_GROK_HealthPsycology230-249_50.json;lelah depresi multiple sclerosis down laku paham lelah depresi down ubah ubah negatif lelah multiple sclerosis naikin mood sehat mental konselor sesi telepon positif istirahat cukup laku relaksasi pagi semangat multiple sclerosis lelah koping;7;0.3957661491273358;stres - nyeri - sehat - sakit - tubuh - cemas - laku - takut - kerja - aktivitas;7_nyeri_stres_sehat_sakit;lelah depresi multiple sclerosis down laku paham lelah depresi down ubah ubah negatif lelah multiple sclerosis naikin mood sehat mental konselor sesi telepon positif istirahat cukup laku relaksasi pagi semangat multiple sclerosis lelah koping
Saya merasa rendah diri karena masalah seksual. Adakah langkah kecil yang aman untuk mencoba memperbaiki perasaan ini?;"Mulailah dari langkah kecil yang aman: komunikasi terbuka dengan pasangan (jika ada), menjaga kesehatan fisik dasar—tidur cukup, pola makan, olahraga ringan—dan kalau perlu konsultasi ke tenaga kesehatan. Hindari menyalahkan diri sendiri; perasaanmu valid. Jika perlu, seorang konselor seks atau psikolog bisa membantu membimbing langkah berikutnya.";GPT;D13_GPT_BrainPower79-89_30.json;rendah diri seksual kecil kecil komunikasi pasang jaga sehat fisik tidur cukup pola makan olahraga ringan perlu konsultasi tenaga sehat hindar salah diri sendiri valid perlu konselor seks psikolog bimbing;7;0.3893441755525219;stres - nyeri - sehat - sakit - tubuh - cemas - laku - takut - kerja - aktivitas;7_nyeri_stres_sehat_sakit;rendah diri seksual kecil kecil komunikasi pasang jaga sehat fisik tidur cukup pola makan olahraga ringan perlu konsultasi tenaga sehat hindar salah diri sendiri valid perlu konselor seks psikolog bimbing
Apa latihan sederhana supaya lebih teliti dalam merawat diri?;Gunakan alarm harian untuk minum obat atau olahraga. Konsistensi kecil menambah rasa bangga sekaligus manfaat kesehatan.;GPT;D1_GPT_HealthPsycology152-167_50.json;sederhana rawat diri alarm obat olahraga konsistensi kecil tambah bangga sekaligus manfaat sehat;7;0.3832973969560328;stres - nyeri - sehat - sakit - tubuh - cemas - laku - takut - kerja - aktivitas;7_nyeri_stres_sehat_sakit;sederhana rawat diri alarm obat olahraga konsistensi kecil tambah bangga sekaligus manfaat sehat
Saya sering merasa cemas dan ingin mengandalkan minyak esensial saja. Cukup kah itu?;Aromaterapi bisa membantu gejala ringan sebagai pelengkap, tetapi tidak menggantikan penanganan profesional bila kecemasan Anda berat atau terus mengganggu fungsi hidup. Jika gejala parah atau berkepanjangan, penting mencari bantuan dari tenaga kesehatan mental.;GPT;D13_GPT_BrainPower123-133_27.json;cemas andal minyak esensial cukup aromaterapi gejala ringan lengkap tangan profesional bila cemas berat terus ganggu fungsi hidup gejala parah panjang penting tenaga sehat mental;7;0.382704627466048;stres - nyeri - sehat - sakit - tubuh - cemas - laku - takut - kerja - aktivitas;7_nyeri_stres_sehat_sakit;cemas andal minyak esensial cukup aromaterapi gejala ringan lengkap tangan profesional bila cemas berat terus ganggu fungsi hidup gejala parah panjang penting tenaga sehat mental
Aku pengen liburan, tapi ga jadi terus. Apa itu bikin stres juga?;Iya, itu bisa bikin stres karena termasuk nonevent—sesuatu yang kamu inginkan tapi ga terjadi. Kecewa itu wajar, tapi mungkin kita bisa cari aktivitas lain yang bikin kamu rileks. Ada tempat atau kegiatan yang pengen kamu coba di dekat rumah?;GROK;D11_GROK_AHandbookfortheSMH204-214_20.json;libur terus stres stres masuk nonevent kecewa aktivitas rileks tempat giat dekat;7;0.3826403364075785;stres - nyeri - sehat - sakit - tubuh - cemas - laku - takut - kerja - aktivitas;-1_diri_takut_sendiri_kecil;libur terus stres stres masuk nonevent kecewa aktivitas rileks tempat giat dekat
Saya merasa nggak punya kendali di kerja, dan itu bikin down. Mengapa ini bikin stres, dan apa yang bisa saya lakukan?;Saya paham kurang kendali itu bikin down, tapi kamu kuat karena ingin ubah! Kurang kontrol di kerja bikin stres karena kamu merasa terjebak, yang tingkatin risiko jantung dan ganggu kesehatan mental. Coba tanya atasan soal cara ambil inisiatif kecil, seperti atur jadwalmu. Lakukan meditasi 5 menit tiap pagi untuk fokus. Tulis tiga hal yang bisa kamu kontrol di kerja. Bilang, ‘Aku bisa ambil kendali!’ Cari tips manajemen stres kerja online. Apa yang bikin nggak punya kendali, dan langkah apa yang bisa kamu coba?;GROK;D1_GROK_HealthPsycology114-151_58.json;kendali kerja down stres laku paham kurang kendali down kuat ubah kurang kontrol kerja stres jebak tingkatin risiko jantung ganggu sehat mental inisiatif kecil atur jadwal laku meditasi pagi kontrol kerja kendali tips manajemen stres kerja kendali;7;0.3771415952184658;stres - nyeri - sehat - sakit - tubuh - cemas - laku - takut - kerja - aktivitas;7_nyeri_stres_sehat_sakit;kendali kerja down stres laku paham kurang kendali down kuat ubah kurang kontrol kerja stres jebak tingkatin risiko jantung ganggu sehat mental inisiatif kecil atur jadwal laku meditasi pagi kontrol kerja kendali tips manajemen stres kerja kendali
Berapa lama biasanya program nyeri berlangsung?;Umumnya 4–12 minggu sesi teratur. Keberhasilan tergantung keterlibatan aktifmu dan tindak lanjut mandiri setelah program.;GPT;D1_GPT_HealthPsycology209-229_50.json;berapa lama program nyeri langsung umum minggu sesi atur hasil libat tindak lanjut mandiri program;7;0.3767106869850543;stres - nyeri - sehat - sakit - tubuh - cemas - laku - takut - kerja - aktivitas;7_nyeri_stres_sehat_sakit;berapa lama program nyeri langsung umum minggu sesi atur hasil libat tindak lanjut mandiri program
Aku suka overthinking soal nyeri yang aku rasain. Gimana caranya berhenti berpikir negatif?;Overthinking memang bisa bikin pikiran berputar-putar, ya. Coba perhatikan pikiran negatif itu, lalu tanya ke diri sendiri, ‘Apa buktinya pikiran ini benar?’ Kadang menulis pikiran itu dan mencari sudut pandang lain bisa membantu. Misalnya, alih-alih berpikir ‘Nyeri ini nggak akan sembuh,’ coba ganti jadi ‘Aku sedang belajar mengelola nyeri ini.’ Mau coba tulis pikiranmu sekarang?;GROK;D12_GROK_ClinicalHandbookPsychologicalDisorders715-725_20.json;overthinking nyeri rasain henti negatif overthinking putar putar perhati negatif diri sendiri bukti sudut pandang nyeri sembuh sedang kelola nyeri;7;0.3415094239976932;stres - nyeri - sehat - sakit - tubuh - cemas - laku - takut - kerja - aktivitas;7_nyeri_stres_sehat_sakit;overthinking nyeri rasain henti negatif overthinking putar putar perhati negatif diri sendiri bukti sudut pandang nyeri sembuh sedang kelola nyeri
Apakah akupunktur bisa menggantikan analgesik kronis punggungku?;Akupunktur dapat menjadi terapi tambahan. Diskusikan rencana taper obat dengan dokter karena penghentian mendadak analgesik bisa berbahaya. Kombinasikan dengan fisioterapi dan latihan inti.;GPT;D1_GPT_HealthPsycology184-208_50.json;akupunktur analgesik kronis punggung akupunktur terapi tambah diskusi rencana taper obat dokter henti dadak analgesik bahaya kombinasi fisioterapi inti;7;0.3413931548931552;stres - nyeri - sehat - sakit - tubuh - cemas - laku - takut - kerja - aktivitas;7_nyeri_stres_sehat_sakit;akupunktur analgesik kronis punggung akupunktur terapi tambah diskusi rencana taper obat dokter henti dadak analgesik bahaya kombinasi fisioterapi inti
Saya ingin mencoba aromaterapi untuk mengurangi stres. Aman nggak sebenernya?;Aromaterapi aman untuk penggunaan jangka pendek pada orang dewasa jika dipakai dengan hati-hati: jangan ditelan, jangan mengenai mata, dan jangan digunakan langsung pada kulit tanpa pengencer. Hindari pada anak kecil, kehamilan, alergi, atau jika sedang menjalani perawatan medis tanpa konsultasi dulu.;GPT;D13_GPT_BrainPower123-133_27.json;aromaterapi kurang stres sebenernya aromaterapi jangka pendek dewasa hati hati jangan jangan kena mata jangan langsung kulit encer hindar anak kecil hamil alergi sedang jalan awat medis konsultasi;7;0.3257680418777638;stres - nyeri - sehat - sakit - tubuh - cemas - laku - takut - kerja - aktivitas;7_nyeri_stres_sehat_sakit;aromaterapi kurang stres sebenernya aromaterapi jangka pendek dewasa hati hati jangan jangan kena mata jangan langsung kulit encer hindar anak kecil hamil alergi sedang jalan awat medis konsultasi
Saya merasa stres terus-terusan, dan itu bikin saya lelah. Apa itu stres kronis, dan bagaimana saya bisa mengatasinya?;Aduh, stres yang nggak kelar-kelar pasti bikin capek, ya? Stres kronis itu seperti beban yang terus numpuk di pundakmu, bisa dari kerja, keluarga, atau tekanan lain, dan lama-lama bikin tubuh dan pikiranmu kewalahan. Ini bisa bikin kamu gampang sakit atau cemas. Untuk ngatasinnya, coba ‘pecah’ harimu dengan jeda kecil: tarik napas dalam, denger lagu, atau jalan sebentar. Cari juga satu orang untuk curhat, karena ngobrol bisa bikin ringan. Apa yang lagi bikin kamu stres, dan apa yang bisa kamu lakukan buat jeda sejenak?;GROK;D1_GROK_HealthPsycology1-55_67.json;stres terus terus lelah stres kronis aduh stres kelar kelar capek stres kronis beban terus numpuk pundak kerja keluarga tekan lama lama tubuh kewalahan gampang sakit cemas ngatasinnya pecah jeda kecil denger jalan sebentar curhat ringan stres laku jeda jenak;7;0.3147300531304569;stres - nyeri - sehat - sakit - tubuh - cemas - laku - takut - kerja - aktivitas;-1_diri_takut_sendiri_kecil;stres terus terus lelah stres kronis aduh stres kelar kelar capek stres kronis beban terus numpuk pundak kerja keluarga tekan lama lama tubuh kewalahan gampang sakit cemas ngatasinnya pecah jeda kecil denger jalan sebentar curhat ringan stres laku jeda jenak
Kadang aku merasa orang-orang di sekitarku ingin menyakiti aku. Aku harus apa?;Rasa curiga itu pasti bikin cemas, ya. Coba kita cek dulu, apa ada bukti nyata yang mendukung pikiran itu? Misalnya, apa ada tindakan spesifik dari mereka? Kalau tidak ada, mungkin pikiran itu cuma reaksi dari stres. Kita bisa coba latihan pernapasan singkat untuk menenangkan pikiran. Mau coba bareng sekarang?;GROK;D12_GROK_ClinicalHandbookPsychologicalDisorders550-560_20.json;sakit curiga cemas bukti nyata dukung tindak spesifik reaksi stres singkat tenang bareng;7;0.313535623364636;stres - nyeri - sehat - sakit - tubuh - cemas - laku - takut - kerja - aktivitas;-1_diri_takut_sendiri_kecil;sakit curiga cemas bukti nyata dukung tindak spesifik reaksi stres singkat tenang bareng
Ayahku dulu kena serangan jantung diawali rasa panas di dada. Sekarang setiap dada terasa sesak sedikit, aku takut hal yang sama.;Kekhawatiranmu valid mengingat pengalaman keluarga. Langkah bijak: lakukan medical check‑up berkala—termasuk kolesterol dan EKG—serta terapkan pola hidup sehat. Dengan data objektif, rasa takut berlebih bisa digantikan keyakinan bahwa kamu sudah melakukan pencegahan terbaik.;GPT;D1_GPT_HealthPsycology168-183_30.json;ayah kena serang jantung awal panas dada dada sesak takut khawatir valid ingat alam keluarga bijak laku medical check kala masuk kolesterol terap pola hidup sehat data objektif takut yakin laku cegah;7;0.3058465997317651;stres - nyeri - sehat - sakit - tubuh - cemas - laku - takut - kerja - aktivitas;7_nyeri_stres_sehat_sakit;ayah kena serang jantung awal panas dada dada sesak takut khawatir valid ingat alam keluarga bijak laku medical check kala masuk kolesterol terap pola hidup sehat data objektif takut yakin laku cegah
Dokter bilang kolesterol saya agak tinggi. Saya khawatir itu memengaruhi otak. Benarkah?;Ya, kadar kolesterol yang tinggi terkait dengan risiko stroke dan gangguan kognitif. Penting untuk memeriksa profil lipoprotein lengkap—bukan hanya kolesterol total—agar tahu HDL dan LDL Anda. Bekerjasamalah dengan dokter untuk langkah yang sesuai, bisa meliputi perubahan gaya hidup dan pengobatan jika diperlukan.;GPT;D13_GPT_BrainPower35-45_20.json;dokter kolesterol tinggi khawatir pengaruh otak kadar kolesterol tinggi kait risiko stroke ganggu kognitif penting periksa profil lipoprotein lengkap bukan kolesterol total tahu bekerjasamalah dokter sesuai liput ubah gaya hidup obat perlu;7;0.300881970719735;stres - nyeri - sehat - sakit - tubuh - cemas - laku - takut - kerja - aktivitas;7_nyeri_stres_sehat_sakit;dokter kolesterol tinggi khawatir pengaruh otak kadar kolesterol tinggi kait risiko stroke ganggu kognitif penting periksa profil lipoprotein lengkap bukan kolesterol total tahu bekerjasamalah dokter sesuai liput ubah gaya hidup obat perlu
Saya punya riwayat keluarga dengan penyakit jantung, dan itu bikin saya takut. Bagaimana saya bisa mencegahnya?;Kamu peduli sama kesehatanmu—itu langkah besar! Riwayat keluarga memang bisa ningkatin risiko penyakit jantung, tapi banyak yang bisa kamu lakukan untuk jaga diri. Mulai dengan makan sehat, seperti kurangi makanan berminyak dan tambah sayur-buah. Olahraga ringan, seperti jalan cepat 20 menit sehari, juga bantu jantungmu kuat. Kelola stres dengan napas dalam atau ngobrol sama temen. Coba cek kesehatan rutin sama dokter. Apa yang bikin kamu khawatir, dan apa satu langkah yang bisa kamu ambil minggu ini?;GROK;D1_GROK_HealthPsycology1-55_67.json;riwayat keluarga sakit jantung takut cegah peduli sehat riwayat keluarga ningkatin risiko sakit jantung laku jaga diri makan sehat kurang makan minyak tambah olahraga ringan jalan cepat jantung kuat kelola stres temen sehat rutin dokter khawatir minggu;7;0.2912524977169868;stres - nyeri - sehat - sakit - tubuh - cemas - laku - takut - kerja - aktivitas;7_nyeri_stres_sehat_sakit;riwayat keluarga sakit jantung takut cegah peduli sehat riwayat keluarga ningkatin risiko sakit jantung laku jaga diri makan sehat kurang makan minyak tambah olahraga ringan jalan cepat jantung kuat kelola stres temen sehat rutin dokter khawatir minggu
Saya merasa temen menjauh karena stroke saya, bikin cemas. Bagaimana ini memengaruhi saya, dan apa yang bisa saya lakukan?;Saya tahu merasa ditinggalkan itu bikin cemas, tapi kamu nggak sendiri! Penarikan diri atau penolakan temen karena stroke bisa ningkatin cemas karena merasa terisolasi, yang ganggu kesehatan mental. Coba hubungi satu temen dekat untuk ngobrol jujur tentang perasaanmu. Ikut grup dukungan stroke untuk cerita. Tulis tiga orang yang peduli padamu. Lakukan meditasi 5 menit tiap pagi. Bilang, ‘Aku layak punya temen!’ Cari forum stroke online. Apa yang bikin cemas, dan langkah apa yang bisa kamu ambil?;GROK;D1_GROK_HealthPsycology230-249_50.json;temen jauh stroke cemas pengaruh laku tahu tinggal cemas sendiri tari diri tolak temen stroke ningkatin cemas isolasi ganggu sehat mental temen dekat jujur grup dukung stroke peduli laku meditasi pagi layak temen forum stroke cemas;7;0.2898865850859827;stres - nyeri - sehat - sakit - tubuh - cemas - laku - takut - kerja - aktivitas;7_nyeri_stres_sehat_sakit;temen jauh stroke cemas pengaruh laku tahu tinggal cemas sendiri tari diri tolak temen stroke ningkatin cemas isolasi ganggu sehat mental temen dekat jujur grup dukung stroke peduli laku meditasi pagi layak temen forum stroke cemas
Aku sering banget kepikiran hal-hal buruk, kayak nggak bisa berhenti. Apa ini cuma aku aja?;Kamu nggak sendiri, kok. Pikiran yang berputar-putar gitu sering dialami, terutama kalau lagi stres atau cemas. Ini bisa bagian dari pola pikir negatif yang bikin otak kayak ‘stuck’. Coba tarik napas dalam-dalam, tulis apa yang ada di pikiranmu, atau alihkan ke aktivitas yang kamu suka. Kalau masih susah, mungkin ngobrol sama profesional bisa bantu. Apa yang biasanya bikin pikiranmu gitu?;GROK;D12_GROK_ClinicalHandbookPsychologicalDisorders275-285_20.json;henti sendiri putar putar alami utama stres cemas pola negatif otak stuck aktivitas susah profesional;7;0.2896244976719604;stres - nyeri - sehat - sakit - tubuh - cemas - laku - takut - kerja - aktivitas;-1_diri_takut_sendiri_kecil;henti sendiri putar putar alami utama stres cemas pola negatif otak stuck aktivitas susah profesional
Saya nggak bisa kerja seperti dulu karena stroke, bikin merasa gagal. Bagaimana ini memengaruhi saya, dan apa yang bisa saya lakukan?;Saya tahu merasa gagal itu berat, tapi kamu hebat karena ingin bangkit! Stroke bisa ancam harga diri karena kerja adalah bagian identitasmu, yang ganggu kesehatan mental. Coba cari hobi baru yang sesuai kemampuan, seperti melukis atau baca buku. Tulis tiga pencapaian kecil, seperti ‘Aku coba hal baru.’ Ngobrol sama konselor soal pelatihan kerja baru. Bilang, ‘Aku bisa temukan makna baru!’ Cari grup dukungan stroke online. Apa yang bikin merasa gagal, dan aktivitas apa yang pengen kamu coba?;GROK;D1_GROK_HealthPsycology230-249_50.json;kerja stroke gagal pengaruh laku tahu gagal berat bangkit stroke ancam harga diri kerja identitas ganggu sehat mental sesuai mampu baca buku capai kecil konselor kerja makna grup dukung stroke gagal aktivitas;7;0.2892167202514412;stres - nyeri - sehat - sakit - tubuh - cemas - laku - takut - kerja - aktivitas;7_nyeri_stres_sehat_sakit;kerja stroke gagal pengaruh laku tahu gagal berat bangkit stroke ancam harga diri kerja identitas ganggu sehat mental sesuai mampu baca buku capai kecil konselor kerja makna grup dukung stroke gagal aktivitas
Saya ngurus ibu yang stroke, tapi merasa depresi, bikin lelah. Bagaimana ini memengaruhi saya, dan apa yang bisa saya lakukan?;Saya tahu ngurus ibu itu berat, dan kamu luar biasa karena peduli! Pengasuhan stroke bisa bikin depresi karena beban emosi dan fisik, yang ganggu kesehatan mental dan fisikmu. Coba sisihkan 10 menit tiap hari untuk relaksasi, seperti yoga atau denger musik. Cari grup dukungan pengasuh stroke untuk cerita. Tulis tiga hal yang bikin kamu bangga sebagai pengasuh. Bilang, ‘Aku layak jaga diriku!’ Cari video relaksasi pengasuh online. Apa yang bikin depresi, dan koping apa yang pengen kamu coba?;GROK;D1_GROK_HealthPsycology230-249_50.json;ngurus stroke depresi lelah pengaruh laku tahu ngurus berat luar peduli asuh stroke depresi beban emosi fisik ganggu sehat mental fisik sisih relaksasi yoga denger musik grup dukung asuh stroke bangga asuh layak jaga diri relaksasi asuh depresi koping;7;0.2890813528629947;stres - nyeri - sehat - sakit - tubuh - cemas - laku - takut - kerja - aktivitas;7_nyeri_stres_sehat_sakit;ngurus stroke depresi lelah pengaruh laku tahu ngurus berat luar peduli asuh stroke depresi beban emosi fisik ganggu sehat mental fisik sisih relaksasi yoga denger musik grup dukung asuh stroke bangga asuh layak jaga diri relaksasi asuh depresi koping
Saya susah gerak karena stroke, bikin stres. Bagaimana rehabilitasi fisik membantu kesehatan mental, dan apa yang bisa saya lakukan?;Saya tahu susah gerak itu bikin stres, tapi kamu hebat karena ingin maju! Rehabilitasi fisik bantu kamu pakai tubuhmu lebih baik dan atur energi, yang naikin percaya diri dan kurangi stres, bikin kesehatan mental lebih baik. Coba ikut sesi fisioterapi dan lakukan latihan ringan di rumah, seperti peregangan 5 menit. Tulis tiga kemajuan kecil, seperti ‘Aku bisa angkat tangan lebih tinggi.’ Bilang, ‘Aku bisa lebih kuat!’ Cari video fisioterapi stroke online. Apa yang bikin stres, dan latihan apa yang pengen kamu coba?;GROK;D1_GROK_HealthPsycology230-249_50.json;susah gerak stroke stres rehabilitasi fisik sehat mental laku tahu susah gerak stres maju rehabilitasi fisik tubuh atur energi naikin percaya diri kurang stres sehat mental sesi fisioterapi laku ringan regang maju kecil angkat tangan tinggi kuat fisioterapi stroke stres;7;0.2867002141731998;stres - nyeri - sehat - sakit - tubuh - cemas - laku - takut - kerja - aktivitas;7_nyeri_stres_sehat_sakit;susah gerak stroke stres rehabilitasi fisik sehat mental laku tahu susah gerak stres maju rehabilitasi fisik tubuh atur energi naikin percaya diri kurang stres sehat mental sesi fisioterapi laku ringan regang maju kecil angkat tangan tinggi kuat fisioterapi stroke stres
Saya nggak sadar kenapa susah ubah kebiasaan, dan itu bikin cemas. Bagaimana otak memengaruhi ini, dan apa yang bisa saya lakukan?;Saya tahu cemas karena susah ubah kebiasaan itu berat, tapi kamu nggak sendiri! Otakmu kadang kerja di luar kesadaran, seperti otomatis pengen camilan saat stres, yang bikin perubahan susah. Tapi, ini juga berarti kamu bisa latih otakmu! Untuk kesehatan mental, coba buat kebiasaan sehat otomatis, seperti taruh botol air di meja biar minum lebih banyak. Lakukan relaksasi, seperti meditasi, untuk kurangi cemas. Apa kebiasaan yang pengen kamu ubah, dan apa pemicu kecil yang bisa kamu gunakan?;GROK;D1_GROK_HealthPsycology56-95_67.json;susah ubah cemas otak pengaruh laku tahu cemas susah ubah berat sendiri otak kerja luar otomatis stres ubah susah arti otak sehat mental sehat otomatis taruh botol meja laku relaksasi meditasi kurang cemas ubah picu kecil;7;0.2865783636260978;stres - nyeri - sehat - sakit - tubuh - cemas - laku - takut - kerja - aktivitas;-1_diri_takut_sendiri_kecil;susah ubah cemas otak pengaruh laku tahu cemas susah ubah berat sendiri otak kerja luar otomatis stres ubah susah arti otak sehat mental sehat otomatis taruh botol meja laku relaksasi meditasi kurang cemas ubah picu kecil
Saya baru tahu saya berisiko penyakit jantung, dan itu bikin saya takut. Apa itu momen yang dapat diajarkan, dan bagaimana saya bisa gunakan ini untuk kesehatan mental saya?;Kamu berani hadapi ketakutanmu—itu langkah besar! Momen yang dapat diajarkan adalah saat hidup, seperti diagnosis risiko jantung, bikin kamu super termotivasi ubah kebiasaan. Ini seperti alarm yang bilang, ‘Sekarang waktunya jaga diri!’ Untuk kesehatan mental, gunakan momen ini untuk mulai olahraga ringan, seperti jalan 15 menit, yang bikin mood naik, atau meditasi untuk kurangi takut. Tulis tujuan, seperti ‘pengen jantungan sehat dan tenang.’ Apa yang bikin kamu pengen berubah, dan apa satu kebiasaan yang bisa kamu mulai?;GROK;D1_GROK_HealthPsycology56-95_67.json;tahu risiko sakit jantung takut momen sehat mental berani hadap takut momen hidup diagnosis risiko jantung super motivasi ubah alarm jaga diri sehat mental momen olahraga ringan jalan mood naik meditasi kurang takut tuju jantung sehat tenang ubah;7;0.2853912054233826;stres - nyeri - sehat - sakit - tubuh - cemas - laku - takut - kerja - aktivitas;7_nyeri_stres_sehat_sakit;tahu risiko sakit jantung takut momen sehat mental berani hadap takut momen hidup diagnosis risiko jantung super motivasi ubah alarm jaga diri sehat mental momen olahraga ringan jalan mood naik meditasi kurang takut tuju jantung sehat tenang ubah
Aku pakai obat HAART, tapi kok malah stres gara-gara harus ngomong ke orang lain soal HIV. Normal nggak sih?;Iya, itu normal banget. HAART memang bantu kesehatan, tapi tantangan seperti stigma atau harus terbuka soal HIV bisa bikin stres. Coba fokus dulu pada orang-orang yang kamu percaya untuk berbagi, atau kalau belum siap, nggak apa-apa untuk jaga privasi. Mungkin kamu bisa coba teknik relaksasi untuk kurangi stres, seperti meditasi. Apa kamu merasa perlu strategi lain untuk ngatasin stres ini?;GROK;D11_GROK_AHandbookfortheSMH578-588_20.json;obat haart malah stres gara gara ngomong haart sehat tantang stigma stres percaya siap jaga privasi teknik relaksasi kurang stres meditasi perlu strategi ngatasin stres;7;0.2840022131996665;stres - nyeri - sehat - sakit - tubuh - cemas - laku - takut - kerja - aktivitas;-1_diri_takut_sendiri_kecil;obat haart malah stres gara gara ngomong haart sehat tantang stigma stres percaya siap jaga privasi teknik relaksasi kurang stres meditasi perlu strategi ngatasin stres
Saya takut kena stroke karena stres saya tinggi. Bagaimana stres bisa memicu stroke, dan apa yang bisa saya lakukan untuk mencegahnya?;Saya tahu kekhawatiran itu bisa bikin berat, tapi kamu hebat karena peduli sama kesehatanmu! Stres bisa ningkatin risiko stroke karena bikin tekanan darah naik dan pembuluh darah tegang, yang bisa ganggu aliran darah ke otak. Kabar baiknya, kamu bisa kurangi risiko ini! Coba lakukan relaksasi, seperti dengar musik tenang atau tarik napas dalam. Olahraga ringan dan makan sehat juga super membantu. Apa yang lagi bikin kamu stres, dan apa aktivitas yang bikin kamu merasa damai?;GROK;D1_GROK_HealthPsycology1-55_67.json;takut kena stroke stres tinggi stres picu stroke laku cegah tahu khawatir berat peduli sehat stres ningkatin risiko stroke tekan darah naik buluh darah tegang ganggu alir darah otak kabar kurang risiko laku relaksasi dengar musik tenang olahraga ringan makan sehat super stres aktivitas damai;7;0.2815038001152147;stres - nyeri - sehat - sakit - tubuh - cemas - laku - takut - kerja - aktivitas;7_nyeri_stres_sehat_sakit;takut kena stroke stres tinggi stres picu stroke laku cegah tahu khawatir berat peduli sehat stres ningkatin risiko stroke tekan darah naik buluh darah tegang ganggu alir darah otak kabar kurang risiko laku relaksasi dengar musik tenang olahraga ringan makan sehat super stres aktivitas damai
Kenapa sulit menerapkan saran 'hindari stres' dibanding minum obat?;Menghindari stres butuh perubahan kebiasaan dan sering tak terasa manfaat instannya. Pecah target: pilih satu pemicu stres untuk diubah per minggu, contoh: setel mode 'jangan ganggu' ponsel saat tidur. Rayakan keberhasilan kecil agar otak termotivasi.;GPT;D1_GPT_HealthPsycology184-208_50.json;sulit terap saran hindar stres banding obat hindar stres butuh ubah manfaat instan pecah target pilih picu stres ubah minggu contoh setel mode jangan ganggu ponsel tidur raya hasil kecil otak motivasi;7;0.280639891458039;stres - nyeri - sehat - sakit - tubuh - cemas - laku - takut - kerja - aktivitas;-1_diri_takut_sendiri_kecil;sulit terap saran hindar stres banding obat hindar stres butuh ubah manfaat instan pecah target pilih picu stres ubah minggu contoh setel mode jangan ganggu ponsel tidur raya hasil kecil otak motivasi
Saya coba berhenti minum, tapi takut kambuh lagi, dan itu bikin stres. Bagaimana pencegahan kekambuhan bisa membantu, dan apa yang bisa saya lakukan?;Kamu luar biasa karena berusaha berhenti minum—itu langkah besar! Pencegahan kekambuhan ajarin kamu koping untuk situasi berisiko, seperti stres, dengan rencana, misalnya ‘Kalau stres, aku meditasi 5 menit.’ Ini bantu kesehatan mental karena bikin kamu merasa siap dan kurangi stres. Coba tulis pemicu kambuh, seperti ‘pertemuan kerja,’ dan solusi, seperti tarik napas dalam. Simpan nomor temen suportif untuk dihubungi. Bilang, ‘Aku bisa atasi ini!’ Apa yang bikin takut kambuh, dan koping apa yang pengen kamu coba?;GROK;D1_GROK_HealthPsycology114-151_58.json;henti takut kambuh stres cegah kambuh laku luar usaha henti cegah kambuh ajarin koping situasi risiko stres rencana stres meditasi sehat mental siap kurang stres picu kambuh kerja solusi simpan nomor temen suportif takut kambuh koping;7;0.2731675200213232;stres - nyeri - sehat - sakit - tubuh - cemas - laku - takut - kerja - aktivitas;-1_diri_takut_sendiri_kecil;henti takut kambuh stres cegah kambuh laku luar usaha henti cegah kambuh ajarin koping situasi risiko stres rencana stres meditasi sehat mental siap kurang stres picu kambuh kerja solusi simpan nomor temen suportif takut kambuh koping
Kapan pembedahan saraf direkomendasikan untuk nyeri?;Hanya setelah terapi konservatif gagal, nyeri sangat menurunkan fungsi, dan evaluasi risiko–manfaat jelas. Diskusikan opsi minimal invasif terlebih dahulu.;GPT;D1_GPT_HealthPsycology209-229_50.json;kapan bedah saraf rekomendasi nyeri terapi konservatif gagal nyeri turun fungsi evaluasi risiko manfaat jelas diskusi opsi minimal invasif;7;0.2716881910447141;stres - nyeri - sehat - sakit - tubuh - cemas - laku - takut - kerja - aktivitas;7_nyeri_stres_sehat_sakit;kapan bedah saraf rekomendasi nyeri terapi konservatif gagal nyeri turun fungsi evaluasi risiko manfaat jelas diskusi opsi minimal invasif
Saya sering merasa kesehatan saya di luar kendali. Bagaimana rasa kendali bisa bantu kesehatan mental saya, dan apa yang bisa saya lakukan?;Rasanya pasti nggak enak kalau kesehatan terasa di luar kendali, tapi kamu hebat karena ingin tahu lebih! Orang yang merasa punya kendali atas kesehatan mereka biasanya lebih semangat jaga pola makan atau olahraga, yang bikin pikiran lebih tenang dan percaya diri. Ini seperti pegang kemudi hidupmu sendiri. Coba mulai dengan satu tindakan kecil, seperti pilih buah buat camilan atau tidur 30 menit lebih awal. Catat progresmu untuk lihat kamu bisa kendalikan! Apa yang bikin kamu merasa nggak punya kendali, dan apa langkah kecil yang bisa kamu coba?;GROK;D1_GROK_HealthPsycology56-95_67.json;sehat luar kendali kendali sehat mental laku enak sehat luar kendali tahu kendali sehat semangat jaga pola makan olahraga tenang percaya diri pegang kemudi hidup sendiri tindak kecil pilih tidur awal catat progres kendali kendali kecil;7;0.2702608840167746;stres - nyeri - sehat - sakit - tubuh - cemas - laku - takut - kerja - aktivitas;7_nyeri_stres_sehat_sakit;sehat luar kendali kendali sehat mental laku enak sehat luar kendali tahu kendali sehat semangat jaga pola makan olahraga tenang percaya diri pegang kemudi hidup sendiri tindak kecil pilih tidur awal catat progres kendali kendali kecil
Tips singkat atasi stres di kantor?;Gunakan micro‑break: berdiri, tarik napas dalam 3 kali, regangkan bahu. 2 menit cukup menyegarkan fokus.;GPT;A1_GPT_PsikologiKepribadian14-33_50.json;tips singkat stres kantor micro break diri regang bahu cukup segar;7;0.2693779380708246;stres - nyeri - sehat - sakit - tubuh - cemas - laku - takut - kerja - aktivitas;7_nyeri_stres_sehat_sakit;tips singkat stres kantor micro break diri regang bahu cukup segar
Aku merasa nggak punya kendali atas hidupku, apa yang bisa aku ubah?;Merasa nggak punya kendali itu bisa bikin kita lelah, ya. Tapi, kamu punya kekuatan untuk mengubah hal-hal kecil yang bisa bikin perubahan besar. Coba cari satu aspek hidupmu yang bisa kamu atur, misalnya rutinitas pagi atau cara kamu merespons stres. Mulai dari situ, kamu bisa bangun rasa kendali lagi. Apa sih yang bikin kamu merasa nggak punya kendali? Ceritain, aku dengerin.;GROK;D3_GROK_PengantarPsikologiAdnan144-154_20.json;kendali hidup ubah kendali lelah kuat ubah kecil ubah aspek hidup atur pagi respons stres situ kendali kendali dengerin;7;0.266308211879911;stres - nyeri - sehat - sakit - tubuh - cemas - laku - takut - kerja - aktivitas;7_nyeri_stres_sehat_sakit;kendali hidup ubah kendali lelah kuat ubah kecil ubah aspek hidup atur pagi respons stres situ kendali kendali dengerin
Aku merasa nggak bisa ngontrol hidupku karena aku selalu kekurangan. Gimana caranya biar nggak gitu?;Rasanya pasti berat banget saat hidup terasa di luar kendali. Mungkin kita bisa mulai dengan fokus ke hal kecil yang bisa kamu kontrol, seperti rutinitas harian atau cara kamu merespons stres. Aku bisa bantu bikin rencana sederhana kalau kamu mau. Apa satu hal kecil yang pengen kamu coba atur?;GROK;D11_GROK_AHandbookfortheSMH259-269_20.json;ngontrol hidup kurang berat hidup luar kendali kecil kontrol respons stres rencana sederhana kecil atur;7;0.2632510617537459;stres - nyeri - sehat - sakit - tubuh - cemas - laku - takut - kerja - aktivitas;7_nyeri_stres_sehat_sakit;ngontrol hidup kurang berat hidup luar kendali kecil kontrol respons stres rencana sederhana kecil atur
Aku nggak makan kalau lagi stres, biar merasa kontrol. Ini nggak apa-apa, kan?;Mengontrol makan saat stres mungkin terasa membantu, tapi kalau kamu nggak makan sama sekali, itu bisa bikin tubuh dan pikiranmu lelah. Kontrol itu penting, tapi kesehatanmu juga. Coba kita cari cara lain untuk merasa kontrol, seperti atur napas atau buat daftar tugas kecil. Apa kamu mau coba satu teknik dulu?;GROK;D12_GROK_ClinicalHandbookPsychologicalDisorders748-758_20.json;makan stres kontrol kontrol makan stres makan sekali tubuh lelah kontrol penting sehat kontrol atur daftar tugas kecil teknik;7;0.25652149593767;stres - nyeri - sehat - sakit - tubuh - cemas - laku - takut - kerja - aktivitas;7_nyeri_stres_sehat_sakit;makan stres kontrol kontrol makan stres makan sekali tubuh lelah kontrol penting sehat kontrol atur daftar tugas kecil teknik
Aku cuma pengen nyeri ini hilang, jadi minum obat sepanjang hari. Apa ini salah?;Aku paham kamu pengen nyeri itu pergi, tapi minum obat terus-terusan mungkin bukan solusi terbaik dan bisa berisiko. Coba bicara sama dokter untuk atur dosis yang aman, dan tambah strategi lain, seperti relaksasi atau pacing aktivitas. Sudah coba cara lain selain obat belum?;GROK;D12_GROK_ClinicalHandbookPsychologicalDisorders715-725_20.json;nyeri hilang obat panjang salah paham nyeri pergi obat terus terus bukan solusi risiko bicara dokter atur dosis tambah strategi relaksasi pacing aktivitas obat;7;0.254151237049079;stres - nyeri - sehat - sakit - tubuh - cemas - laku - takut - kerja - aktivitas;7_nyeri_stres_sehat_sakit;nyeri hilang obat panjang salah paham nyeri pergi obat terus terus bukan solusi risiko bicara dokter atur dosis tambah strategi relaksasi pacing aktivitas obat
Aku khawatir kecanduan jika pakai morfin pasca operasi. Apakah benar?;Penelitian menunjukkan ketergantungan jarang terjadi bila dosis diawasi dokter dan ditaper bertahap. Kelegaan nyeri mendukung pemulihan fisik.;GPT;D1_GPT_HealthPsycology209-229_50.json;khawatir candu morfin pasca operasi tunjuk jarang bila dosis awas dokter ditaper tahap lega nyeri dukung pulih fisik;7;0.252857851797752;stres - nyeri - sehat - sakit - tubuh - cemas - laku - takut - kerja - aktivitas;7_nyeri_stres_sehat_sakit;khawatir candu morfin pasca operasi tunjuk jarang bila dosis awas dokter ditaper tahap lega nyeri dukung pulih fisik
Saya punya artritis, dan nyeri bikin saya mudah marah. Bagaimana nyeri kronis memengaruhi kesehatan mental, dan apa yang bisa saya lakukan?;Saya tahu nyeri kronis bisa bikin frustrasi, dan kamu hebat karena tetap berjuang! Nyeri dari artritis bisa bikin kamu mudah marah atau sedih karena tubuhmu terus ‘berteriak’ dan bikin capek mental. Untuk bantu, coba teknik relaksasi, seperti pernapasan dalam atau yoga ringan, yang bisa kurangi ketegangan. Ngobrol sama dokter tentang manajemen nyeri, dan cari aktivitas yang bikin bahagia, seperti baca buku atau ketemu temen. Apa yang biasanya bikin kamu merasa lebih baik, dan apa yang pengen kamu coba?;GROK;D1_GROK_HealthPsycology1-55_67.json;artritis nyeri mudah marah nyeri kronis pengaruh sehat mental laku tahu nyeri kronis frustrasi tetap juang nyeri artritis mudah marah sedih tubuh terus teriak capek mental teknik relaksasi yoga ringan kurang tegang dokter manajemen nyeri aktivitas bahagia baca buku temen;7;0.2521598774633845;stres - nyeri - sehat - sakit - tubuh - cemas - laku - takut - kerja - aktivitas;7_nyeri_stres_sehat_sakit;artritis nyeri mudah marah nyeri kronis pengaruh sehat mental laku tahu nyeri kronis frustrasi tetap juang nyeri artritis mudah marah sedih tubuh terus teriak capek mental teknik relaksasi yoga ringan kurang tegang dokter manajemen nyeri aktivitas bahagia baca buku temen
Saya punya artritis, nyeri terus, dan merasa depresi. Mengapa nyeri bikin depresi, dan apa yang bisa saya lakukan?;Saya tahu nyeri artritis itu berat, dan kamu kuat karena ingin atasi depresi! Nyeri dan disabilitas bikin depresi karena batasi hidupmu dan bikin merasa nggak berdaya, yang ganggu kesehatan mental. Coba lakukan peregangan ringan 5 menit tiap hari untuk kurangi nyeri. Tulis tiga hal yang masih bisa kamu nikmati. Ngobrol sama dokter soal terapi nyeri atau CBT. Bilang, ‘Aku bisa hadapi nyeri!’ Cari grup dukungan artritis online. Apa yang bikin depresi, dan koping apa yang pengen kamu coba?;GROK;D1_GROK_HealthPsycology230-249_50.json;artritis nyeri terus depresi nyeri depresi laku tahu nyeri artritis berat kuat depresi nyeri disabilitas depresi batas hidup daya ganggu sehat mental laku regang ringan kurang nyeri nikmat dokter terapi nyeri hadap nyeri grup dukung artritis depresi koping;7;0.2497084431708939;stres - nyeri - sehat - sakit - tubuh - cemas - laku - takut - kerja - aktivitas;7_nyeri_stres_sehat_sakit;artritis nyeri terus depresi nyeri depresi laku tahu nyeri artritis berat kuat depresi nyeri disabilitas depresi batas hidup daya ganggu sehat mental laku regang ringan kurang nyeri nikmat dokter terapi nyeri hadap nyeri grup dukung artritis depresi koping
Bagaimana menghentikan drama internal?;"Coba ""time-box worry"": beri 10 menit khusus untuk khawatir, lalu alihkan diri ke aktivitas fisik. Batas waktu membuat pikiran tak terus melebar.";GPT;A1_GPT_EmotionalFirstAid23-45_50.json;henti drama internal time worry beri khusus khawatir diri aktivitas fisik batas terus lebar;7;0.2414149724392233;stres - nyeri - sehat - sakit - tubuh - cemas - laku - takut - kerja - aktivitas;-1_diri_takut_sendiri_kecil;henti drama internal time worry beri khusus khawatir diri aktivitas fisik batas terus lebar
Aku suka ngelakuin hal yang sama berulang-ulang biar tenang. Apa ini aneh?;Ngelakuin hal berulang-ulang buat tenang itu bisa jadi cara tubuhmu ngatasin stres, tapi kalau sampe ngerepotin atau susah berhenti, mungkin itu tanda sesuatu seperti OCD. Nggak aneh kok, cuma mungkin perlu diperhatikan. Coba ceritain ke seseorang yang bisa bantu, seperti konselor, biar kamu dapet cara yang lebih nyaman buat tenang.;GROK;D11_GROK_AHandbookfortheSMH72-82_20.json;ngelakuin ulang ulang tenang aneh ngelakuin ulang ulang tenang tubuh ngatasin stres sampe ngerepotin susah henti aneh perlu perhati konselor dapet nyaman tenang;7;0.2338447491312821;stres - nyeri - sehat - sakit - tubuh - cemas - laku - takut - kerja - aktivitas;-1_diri_takut_sendiri_kecil;ngelakuin ulang ulang tenang aneh ngelakuin ulang ulang tenang tubuh ngatasin stres sampe ngerepotin susah henti aneh perlu perhati konselor dapet nyaman tenang
Saya susah rileks walau sudah lelah. Bagaimana cara merasakan relaksasi yang nyata?;"Hal yang membantu adalah memfokuskan pikiran selama 10–15 menit pada satu kata, napas, atau gagasan sederhana. Latihan seperti ini dapat menurunkan detak jantung, pernapasan, dan ketegangan otot — kondisi yang mirip dengan relaksasi mendalam. Mulailah dengan sesi singkat tiap hari; konsistensi kecil lebih berguna daripada sesi panjang yang jarang.";GPT;D13_GPT_BrainPower57-67_19.json;susah rileks lelah relaksasi nyata lama kata gagas sederhana turun detak jantung tegang kondisi mirip relaksasi sesi singkat konsistensi kecil sesi panjang jarang;7;0.2229187450877782;stres - nyeri - sehat - sakit - tubuh - cemas - laku - takut - kerja - aktivitas;-1_diri_takut_sendiri_kecil;susah rileks lelah relaksasi nyata lama kata gagas sederhana turun detak jantung tegang kondisi mirip relaksasi sesi singkat konsistensi kecil sesi panjang jarang
Target apa yang realistis saat baru pulih dari depresi?;Mulai dari rutinitas pagi: bangun, mandi, sarapan ringan tiap hari pada jam sama. Stabilitas awal ini pijakan kegiatan lain.;GPT;D1_GPT_HealthPsycology152-167_50.json;target realistis pulih depresi pagi mandi sarap ringan stabilitas awal pijak giat;7;0.2209066733545737;stres - nyeri - sehat - sakit - tubuh - cemas - laku - takut - kerja - aktivitas;7_nyeri_stres_sehat_sakit;target realistis pulih depresi pagi mandi sarap ringan stabilitas awal pijak giat
Aku sering kepikiran hal-hal buruk yang mungkin terjadi. Gimana caranya berhenti mikirin itu?;Pikiran kayak gitu emang suka muncul, ya. Coba kita alihkan fokusnya. Ketika pikiran buruk datang, coba perhatikan tubuhmu, apa yang kamu rasain? Misalnya, jantungan atau tegang di bahu. Tarik napas, lalu bilang dalam hati, 'Ini cuma pikiran, bukan kenyataan.' Kalau ini sering banget, mungkin kita bisa coba latihan mindfulness bareng. Mau coba sekarang?;GROK;D12_GROK_ClinicalHandbookPsychologicalDisorders231-241_20.json;henti mikirin emang muncul datang perhati tubuh rasain jantung tegang bahu hati bukan nyata mindfulness bareng;7;0.1966322371373599;stres - nyeri - sehat - sakit - tubuh - cemas - laku - takut - kerja - aktivitas;-1_diri_takut_sendiri_kecil;henti mikirin emang muncul datang perhati tubuh rasain jantung tegang bahu hati bukan nyata mindfulness bareng
Bagaimana mindfulness berbeda dengan distraksi?;Mindfulness menghadapi nyeri dengan kesadaran lembut, sedangkan distraksi mengalihkan perhatian. Keduanya bisa dipakai bergantian sesuai situasi.;GPT;D1_GPT_HealthPsycology209-229_50.json;mindfulness distraksi mindfulness hadap nyeri lembut sedang distraksi perhati sesuai situasi;7;0.193415190395004;stres - nyeri - sehat - sakit - tubuh - cemas - laku - takut - kerja - aktivitas;-1_diri_takut_sendiri_kecil;mindfulness distraksi mindfulness hadap nyeri lembut sedang distraksi perhati sesuai situasi
Aku merasa nggak bisa ngapa-ngapain karena badanku sakit-sakitan. Apa aku cuma harus terima aja?;Sakit itu emang bikin frustrasi, dan wajar kalau kamu merasa stuck. Tapi jangan buru-buru nyerah. Coba cek ke dokter buat pastiin apa yang lagi bikin badanmu gitu, atau cari cara sederhana buat jaga kesehatan, seperti makan lebih teratur. Apa kamu udah coba sesuatu buat bikin badanmu lebih enak?;GROK;D11_GROK_AHandbookfortheSMH402-412_20.json;badan sakit sakit terima sakit emang frustrasi stuck jangan buru buru nyerah dokter pastiin badan sederhana jaga sehat makan atur udah badan enak;7;0.175997017916531;stres - nyeri - sehat - sakit - tubuh - cemas - laku - takut - kerja - aktivitas;-1_diri_takut_sendiri_kecil;badan sakit sakit terima sakit emang frustrasi stuck jangan buru buru nyerah dokter pastiin badan sederhana jaga sehat makan atur udah badan enak
Kalau aku ngerasa gelisah dan nggak bisa diem, itu kenapa ya?;Gelisah dan nggak bisa diem bisa jadi tanda kamu lagi cemas atau stres. Kadang tubuh kita bereaksi gitu kalau pikiran kita lagi nggak tenang. Apa ada sesuatu yang bikin kamu khawatir akhir-akhir ini? Coba ceritain, mungkin kita bisa cari cara buat bikin kamu lebih tenang.;GROK;D11_GROK_AHandbookfortheSMH61-71_20.json;ngerasa gelisah diem gelisah diem cemas stres tubuh reaksi tenang khawatir akhir akhir tenang;7;0.1559188681089239;stres - nyeri - sehat - sakit - tubuh - cemas - laku - takut - kerja - aktivitas;-1_diri_takut_sendiri_kecil;ngerasa gelisah diem gelisah diem cemas stres tubuh reaksi tenang khawatir akhir akhir tenang
Aku sering cemas tanpa alasan jelas. Apa yang bisa aku coba?;Cemas yang datang tiba-tiba bisa bikin bingung. Kadang, itu reaksi tubuh dari stres yang numpuk atau pikiran yang lari sendiri. Coba tarik napas dalam 4 detik, tahan 4 detik, lalu keluarkan pelan 6 detik—ulangi sampai badan agak tenang. Perhatikan apa yang lagi terjadi pas cemas itu muncul. Kalau ini sering, ngobrol sama psikolog bisa bantu cari tahu akarnya.;GROK;D3_GROK_PengantarPsikologiAdnan14-24_20.json;cemas alas jelas cemas datang reaksi tubuh stres numpuk lari sendiri detik tahan detik keluar pelan detik ulang badan tenang perhati cemas muncul psikolog tahu akar;7;0.1471714099042992;stres - nyeri - sehat - sakit - tubuh - cemas - laku - takut - kerja - aktivitas;-1_diri_takut_sendiri_kecil;cemas alas jelas cemas datang reaksi tubuh stres numpuk lari sendiri detik tahan detik keluar pelan detik ulang badan tenang perhati cemas muncul psikolog tahu akar
Saya merasa capek di kerja tapi nggak tahu kenapa, dan itu bikin cemas. Bagaimana stresor objektif memengaruhi saya, dan apa yang bisa saya lakukan?;Saya tahu capek tanpa alasan itu bikin cemas, tapi kamu hebat karena ingin paham! Stresor objektif, seperti kerjaan numpuk, bisa bikin tubuh stres meski kamu nggak sadar, yang ganggu kesehatan mental. Coba catat apa yang bikin capek di kerja selama 3 hari, dan lakukan relaksasi, seperti jalan 10 menit pas istirahat. Tanyain atasan soal cara kurangi beban. Bilang, ‘Aku bisa jaga energiku!’ Cari tips manajemen stres kerja online. Apa yang bikin capek, dan langkah apa yang bisa kamu coba?;GROK;D1_GROK_HealthPsycology114-151_58.json;capek kerja tahu cemas stresor objektif pengaruh laku tahu capek alas cemas paham stresor objektif kerja numpuk tubuh stres ganggu sehat mental catat capek kerja lama laku relaksasi jalan istirahat tanyain kurang beban jaga energi tips manajemen stres kerja capek;7;0.1054051625415618;stres - nyeri - sehat - sakit - tubuh - cemas - laku - takut - kerja - aktivitas;-1_diri_takut_sendiri_kecil;capek kerja tahu cemas stresor objektif pengaruh laku tahu capek alas cemas paham stresor objektif kerja numpuk tubuh stres ganggu sehat mental catat capek kerja lama laku relaksasi jalan istirahat tanyain kurang beban jaga energi tips manajemen stres kerja capek
Kenapa ya aku merasa ada tekanan di kulit, padahal nggak ada yang nyentuh?;Hmm, itu bisa jadi karena indera kulit kita super sensitif, lho. Kulit bisa merasakan tekanan, rabaan, atau suhu, tapi kadang otak kita salah menangkap sinyal, apalagi kalau lagi stres atau capek. Kalau cuma sesekali, mungkin nggak apa-apa, tapi kalau sering dan bikin nggak nyaman, coba perhatikan pola kapan ini muncul. Mungkin ngobrol sama dokter atau psikolog bisa bantu. Kamu merasa ini ganggu banget nggak?;GROK;D4_GROK_PengantarPsikologiBimoW134-144_20.json;tekan kulit padahal nyentuh indera kulit super sensitif kulit tekan raba suhu otak salah tangkap stres capek sekal nyaman perhati pola kapan muncul dokter psikolog ganggu;7;0.1018863545050518;stres - nyeri - sehat - sakit - tubuh - cemas - laku - takut - kerja - aktivitas;-1_diri_takut_sendiri_kecil;tekan kulit padahal nyentuh indera kulit super sensitif kulit tekan raba suhu otak salah tangkap stres capek sekal nyaman perhati pola kapan muncul dokter psikolog ganggu
Aku kadang merasa rabaan di kulit, padahal nggak ada yang nyentuh. Apa ini wajar?;Hmm, itu bisa jadi menarik untuk diobrolin lebih lanjut. Kulit kita memang super sensitif, bisa merasakan tekanan, rabaan, atau suhu. Tapi kalau kamu merasa ada rabaan padahal nggak ada yang nyentuh, bisa jadi otakmu lagi 'membaca' sinyal yang salah, mungkin karena stres, capek, atau hal lain. Kalau ini cuma sesekali, mungkin nggak apa-apa, tapi kalau sering dan bikin khawatir, coba ngobrol sama dokter atau psikolog, ya. Kamu merasa ini ganggu nggak?;GROK;D4_GROK_PengantarPsikologiBimoW134-144_20.json;raba kulit padahal nyentuh diobrolin lanjut kulit super sensitif tekan raba suhu raba padahal nyentuh otak baca salah stres capek sekal khawatir dokter psikolog ganggu;7;0.1015372437049276;stres - nyeri - sehat - sakit - tubuh - cemas - laku - takut - kerja - aktivitas;-1_diri_takut_sendiri_kecil;raba kulit padahal nyentuh diobrolin lanjut kulit super sensitif tekan raba suhu raba padahal nyentuh otak baca salah stres capek sekal khawatir dokter psikolog ganggu
Aku merasa stres banget akhir-akhir ini karena sakit yang nggak kunjung sembuh. Apa yang bisa aku lakukan?;Aku tahu rasanya berat banget kalau tubuh terus nggak enak. Coba mulai dengan latihan pernapasan diafragma, ini bisa bantu menenangkan pikiran dan tubuh. Tarik napas perlahan lewat hidung selama 3 detik, biarkan perutmu mengembang, lalu hembuskan perlahan lewat mulut selama 5 detik. Lakukan ini 10 menit sehari, mungkin di pagi hari. Mau coba? Aku bisa ingatkan kalau kamu mau.;GROK;D12_GROK_ClinicalHandbookPsychologicalDisorders704-714_20.json;stres akhir akhir sakit kunjung sembuh laku tahu berat tubuh terus enak diafragma tenang tubuh perlahan lewat hidung lama detik perut kembang hembus perlahan lewat mulut lama detik laku pagi ingat;7;0.0982957102491599;stres - nyeri - sehat - sakit - tubuh - cemas - laku - takut - kerja - aktivitas;-1_diri_takut_sendiri_kecil;stres akhir akhir sakit kunjung sembuh laku tahu berat tubuh terus enak diafragma tenang tubuh perlahan lewat hidung lama detik perut kembang hembus perlahan lewat mulut lama detik laku pagi ingat
Aku suka ngerasa panas atau pegel tanpa sebab. Itu apa ya?;Itu mungkin perasaan sensoris, yang berhubungan sama tubuhmu. Bisa jadi tanda tubuhmu lagi ngasih sinyal, misalnya karena stres atau capek. Kalau ini sering terjadi, mungkin baiknya cek ke dokter buat pastiin gak ada masalah fisik. Apa kamu juga lagi stres akhir-akhir ini?;GROK;D4_GROK_PengantarPsikologiBimoW211-221_20.json;ngerasa panas sensoris tubuh tubuh ngasih stres capek dokter pastiin fisik stres akhir akhir;7;0.0966883507839424;stres - nyeri - sehat - sakit - tubuh - cemas - laku - takut - kerja - aktivitas;-1_diri_takut_sendiri_kecil;ngerasa panas sensoris tubuh tubuh ngasih stres capek dokter pastiin fisik stres akhir akhir
Saya merasa kelelahan karena kerjaan numpuk, dan itu bikin cemas. Bagaimana stres kerja memengaruhi saya, dan apa yang bisa saya lakukan?;Saya tahu kelelahan kerja itu bikin cemas, tapi kamu hebat karena ingin atasi! Stres kerja, seperti beban berlebihan, bikin tubuh tegang dan tingkatin risiko jantung, yang ganggu kesehatan mental. Coba atur prioritas tugas dan istirahat 5 menit tiap jam untuk napas dalam. Tanyain atasan soal cara kurangi beban. Tulis tiga hal positif di kerja. Bilang, ‘Aku bisa atur stresku!’ Cari tips manajemen stres kerja online. Apa yang bikin kelelahan, dan langkah apa yang bisa kamu coba?;GROK;D1_GROK_HealthPsycology114-151_58.json;lelah kerja numpuk cemas stres kerja pengaruh laku tahu lelah kerja cemas stres kerja beban tubuh tegang tingkatin risiko jantung ganggu sehat mental atur prioritas tugas istirahat tanyain kurang beban positif kerja atur stres tips manajemen stres kerja lelah;7;0.0952547055314909;stres - nyeri - sehat - sakit - tubuh - cemas - laku - takut - kerja - aktivitas;-1_diri_takut_sendiri_kecil;lelah kerja numpuk cemas stres kerja pengaruh laku tahu lelah kerja cemas stres kerja beban tubuh tegang tingkatin risiko jantung ganggu sehat mental atur prioritas tugas istirahat tanyain kurang beban positif kerja atur stres tips manajemen stres kerja lelah
Saya sering merasa 'harus melakukan sesuatu' walau sebenarnya tidak perlu. Bagaimana hentikan rasa itu?;Sadari sensasi itu sebagai respons kortisol—otak yang mencari ancaman atau kebutuhan. Latihan mindfulness singkat dan memeriksa kenyataan (apakah ada ancaman nyata?) membantu menurunkan dorongan itu. Teknik relaksasi juga efektif untuk mengurangi ketegangan fisik yang mengiringinya.;GPT;D13_GPT_BrainPower57-67_19.json;laku perlu henti sensasi respons kortisol otak ancam butuh mindfulness singkat periksa nyata ancam nyata turun dorong teknik relaksasi efektif kurang tegang fisik iring;7;0.0925396390697423;stres - nyeri - sehat - sakit - tubuh - cemas - laku - takut - kerja - aktivitas;-1_diri_takut_sendiri_kecil;laku perlu henti sensasi respons kortisol otak ancam butuh mindfulness singkat periksa nyata ancam nyata turun dorong teknik relaksasi efektif kurang tegang fisik iring
Bolehkah saya bercanda soal penyakit saya sendiri?;Jika itu membuatmu lebih ringan dan orang di sekitar nyaman, silakan. Pastikan tidak membuat mereka salah paham atau merasa tertolak ketika serius ingin membantu.;GPT;D1_GPT_HealthPsycology250-268_50.json;canda sakit sendiri ringan nyaman sila salah paham tolak serius;7;0.0911441521805744;stres - nyeri - sehat - sakit - tubuh - cemas - laku - takut - kerja - aktivitas;-1_diri_takut_sendiri_kecil;canda sakit sendiri ringan nyaman sila salah paham tolak serius
Aku kerja shift malam dan sering merasakan gatal di tenggorokan. Apakah karena bosan atau memang sakit?;Keduanya bisa terjadi. Kebosanan meningkatkan kewaspadaan terhadap sensasi tubuh. Coba pastikan lingkungan kerja tidak kering, minum cukup air, dan lakukan peregangan setiap 30 menit. Jika gatal hilang saat libur, kemungkinan besar faktor situasi. Jika bertahan, pertimbangkan cek medis.;GPT;D1_GPT_HealthPsycology168-183_30.json;kerja shift gatal tenggorok bosan sakit bosan tingkat waspada hadap sensasi tubuh kerja kering cukup laku regang gatal hilang libur faktor situasi tahan timbang medis;7;0.0901423688046711;stres - nyeri - sehat - sakit - tubuh - cemas - laku - takut - kerja - aktivitas;-1_diri_takut_sendiri_kecil;kerja shift gatal tenggorok bosan sakit bosan tingkat waspada hadap sensasi tubuh kerja kering cukup laku regang gatal hilang libur faktor situasi tahan timbang medis
Aku takut sakit parah, rasanya pasti kena penyakit. Gimana caranya biar nggak cemas terus?;Takut sakit bisa bikin pikiran nggak tenang, ya. Coba tanya: ‘Bukti apa aku pasti sakit?’ Tulis tiga hal yang bikin kamu merasa sehat, seperti bisa jalan atau makan enak. Fokus ke langkah kecil, seperti makan sayur atau tidur cukup. Kalau cemas, tarik napas dalam sambil bayangin tempat tenang. Ngobrol sama temen juga bantu. Coba tambah satu porsi sayur besok.;GROK;A1_GROK_FilosofiTeras150-157_26.json;takut sakit parah kena sakit cemas terus takut sakit tenang bukti sakit sehat jalan makan enak kecil makan tidur cukup cemas bayangin tempat tenang temen tambah porsi;7;0.0875013456693662;stres - nyeri - sehat - sakit - tubuh - cemas - laku - takut - kerja - aktivitas;-1_diri_takut_sendiri_kecil;takut sakit parah kena sakit cemas terus takut sakit tenang bukti sakit sehat jalan makan enak kecil makan tidur cukup cemas bayangin tempat tenang temen tambah porsi
Saya merasa kewalahan dengan artritis, bikin depresi. Bagaimana MBSR membantu, dan apa yang bisa saya lakukan?;Saya paham kewalahan itu bikin depresi, tapi kamu kuat karena ingin ubah! MBSR ajarin fokus pada saat ini dan terima artritis tanpa stres berlebih, yang kurangi depresi dan naikin kesehatan mental. Coba meditasi kesadaran 5 menit tiap pagi: fokus pada napas dan lepaskan pikiran. Tulis tiga hal yang kamu rasakan saat meditasi. Bilang, ‘Aku bisa hadapi artritis!’ Cari video MBSR artritis online. Apa yang bikin kewalahan, dan waktu apa yang bisa kamu sisihkan untuk MBSR?;GROK;D1_GROK_HealthPsycology230-249_50.json;kewalahan artritis depresi mbsr laku paham kewalahan depresi kuat ubah mbsr ajarin terima artritis stres kurang depresi naikin sehat mental meditasi pagi lepas meditasi hadap artritis mbsr artritis kewalahan sisih mbsr;7;0.0852152092859855;stres - nyeri - sehat - sakit - tubuh - cemas - laku - takut - kerja - aktivitas;-1_diri_takut_sendiri_kecil;kewalahan artritis depresi mbsr laku paham kewalahan depresi kuat ubah mbsr ajarin terima artritis stres kurang depresi naikin sehat mental meditasi pagi lepas meditasi hadap artritis mbsr artritis kewalahan sisih mbsr
Saya stres karena asma, bikin cemas. Bagaimana relaksasi membantu, dan apa yang bisa saya lakukan?;Saya tahu stres asma bikin cemas, tapi kamu hebat karena ingin tenang! Pelatihan relaksasi, seperti napas dalam, bantu kurangi stres dan cemas, yang naikin kesehatan mental. Coba teknik 4-4-4: tarik napas 4 detik, tahan 4, keluarkan 4, 3 kali sehari. Lakukan sebelum pakai inhaler. Tulis tiga momen tenangmu. Bilang, ‘Aku bisa rileks!’ Cari video relaksasi asma online. Apa yang bikin stres, dan teknik relaksasi apa yang pengen kamu coba?;GROK;D1_GROK_HealthPsycology230-249_50.json;stres asma cemas relaksasi laku tahu stres asma cemas tenang relaksasi kurang stres cemas naikin sehat mental teknik detik tahan keluar laku inhaler momen tenang rileks relaksasi asma stres teknik relaksasi;7;0.0827136277301755;stres - nyeri - sehat - sakit - tubuh - cemas - laku - takut - kerja - aktivitas;-1_diri_takut_sendiri_kecil;stres asma cemas relaksasi laku tahu stres asma cemas tenang relaksasi kurang stres cemas naikin sehat mental teknik detik tahan keluar laku inhaler momen tenang rileks relaksasi asma stres teknik relaksasi
Saya merasa kewalahan atasi artritis karena masalahnya beda-beda, bikin depresi. Bagaimana fleksibilitas membantu, dan apa yang bisa saya lakukan?;Saya paham kewalahan itu berat, tapi kamu kuat karena ingin cari solusi! Fleksibilitas koping bantu atasi masalah artritis yang beragam, seperti nyeri atau batasan, dengan cara beda, yang kurangi depresi dan bikin kesehatan mental lebih baik. Coba pakai koping beda tiap masalah: meditasi untuk nyeri, jalan ringan untuk kaku. Tulis tiga cara koping, seperti ‘Aku akan coba yoga.’ Ngobrol sama konselor. Bilang, ‘Aku bisa fleksibel!’ Cari grup artritis online. Apa masalah terberat, dan koping apa yang pengen kamu coba?;GROK;D1_GROK_HealthPsycology230-249_50.json;kewalahan artritis depresi fleksibilitas laku paham kewalahan berat kuat solusi fleksibilitas koping artritis agam nyeri batas kurang depresi sehat mental koping meditasi nyeri jalan ringan kaku koping yoga konselor fleksibel grup artritis berat koping;7;0.0823036318050984;stres - nyeri - sehat - sakit - tubuh - cemas - laku - takut - kerja - aktivitas;-1_diri_takut_sendiri_kecil;kewalahan artritis depresi fleksibilitas laku paham kewalahan berat kuat solusi fleksibilitas koping artritis agam nyeri batas kurang depresi sehat mental koping meditasi nyeri jalan ringan kaku koping yoga konselor fleksibel grup artritis berat koping
Aku takut banget kalau tiba-tiba sakit, apa yang bisa kulakukan?;Kekhawatiran soal kesehatan itu wajar, karena kita memang nggak bisa kendalikan semuanya. Yang bisa kamu lakukan adalah fokus pada kebiasaan sehat yang kamu kendalikan, seperti makan bergizi atau tidur cukup. Tapi, kalau kekhawatiran ini terlalu mengganggu, coba luangkan waktu untuk relaksasi, seperti meditasi singkat atau ngobrol dengan teman. Ingat, kalau tiba-tiba sakit, kamu pasti punya kekuatan untuk menghadapinya, satu langkah pada satu waktu.;GROK;D5_GROK_MindfullLife21-31_20.json;takut sakit laku khawatir sehat kendali laku sehat kendali makan gizi tidur cukup khawatir terlalu ganggu luang relaksasi meditasi singkat teman ingat sakit kuat hadap;7;0.0813737938244118;stres - nyeri - sehat - sakit - tubuh - cemas - laku - takut - kerja - aktivitas;-1_diri_takut_sendiri_kecil;takut sakit laku khawatir sehat kendali laku sehat kendali makan gizi tidur cukup khawatir terlalu ganggu luang relaksasi meditasi singkat teman ingat sakit kuat hadap
Saya nggak nyaman intim karena penyakit jantung, bikin depresi. Bagaimana ini memengaruhi saya, dan apa yang bisa saya lakukan?;Saya paham ketidaknyamanan itu bikin depresi, tapi kamu nggak sendiri! Penyakit jantung bisa ganggu intimasi karena takut atau kurang hasrat, yang ningkatin depresi dan ganggu kesehatan mental. Coba ngobrol jujur sama pasangan soal perasaanmu. Konsultasi dokter soal keamanan aktivitas seksual. Lakukan relaksasi, seperti meditasi 5 menit, untuk kurangi cemas. Tulis tiga hal positif tentang hubunganmu. Bilang, ‘Aku bisa intim lagi!’ Cari info intimasi jantung online. Apa yang bikin nggak nyaman, dan langkah apa yang bisa kamu ambil?;GROK;D1_GROK_HealthPsycology230-249_50.json;nyaman intim sakit jantung depresi pengaruh laku paham ketidaknyamanan depresi sendiri sakit jantung ganggu intimasi takut kurang hasrat ningkatin depresi ganggu sehat mental jujur pasang konsultasi dokter aktivitas seksual laku relaksasi meditasi kurang cemas positif intim info intimasi jantung nyaman;7;0.0809300831781673;stres - nyeri - sehat - sakit - tubuh - cemas - laku - takut - kerja - aktivitas;-1_diri_takut_sendiri_kecil;nyaman intim sakit jantung depresi pengaruh laku paham ketidaknyamanan depresi sendiri sakit jantung ganggu intimasi takut kurang hasrat ningkatin depresi ganggu sehat mental jujur pasang konsultasi dokter aktivitas seksual laku relaksasi meditasi kurang cemas positif intim info intimasi jantung nyaman
Saya punya asma, dan stres bikin sesak napas saya tambah parah. Bagaimana stres memengaruhi pernapasan, dan apa yang bisa saya lakukan?;Hidup dengan asma pasti menantang, tapi kamu kuat banget! Stres bisa memperparah asma karena bikin otot di saluran napasmu tegang dan napas jadi susah. Untuk bantu, coba teknik pernapasan lambat, seperti tarik napas 4 detik dan keluarkan 6 detik. Relaksasi, seperti dengar musik tenang, juga bisa kurangi stres. Pastikan kamu ikutin saran dokter soal obat. Apa yang biasanya bikin asmamu kambuh, dan apa yang pengen kamu coba untuk tenangin tubuhmu?;GROK;D1_GROK_HealthPsycology1-55_67.json;asma stres sesak tambah parah stres pengaruh laku hidup asma tantang kuat stres parah asma salur tegang susah teknik lambat detik keluar detik relaksasi dengar musik tenang kurang stres ikutin saran dokter obat asma kambuh tenangin tubuh;7;0.079881420173343;stres - nyeri - sehat - sakit - tubuh - cemas - laku - takut - kerja - aktivitas;-1_diri_takut_sendiri_kecil;asma stres sesak tambah parah stres pengaruh laku hidup asma tantang kuat stres parah asma salur tegang susah teknik lambat detik keluar detik relaksasi dengar musik tenang kurang stres ikutin saran dokter obat asma kambuh tenangin tubuh
Saya stres karena takut kehilangan pekerjaan. Bagaimana cara mengelola ketakutan ini?;Ketakutan itu wajar, dan kamu tidak sendiri menghadapinya. Abraham Harold Maslow bilang kebutuhan keamanan, seperti stabilitas kerja, penting untuk ketenangan. Coba buat rencana kecil, seperti menyisihkan sedikit tabungan atau update CV untuk merasa lebih siap. Juga, lakukan aktivitas yang menenangkan, seperti jalan kaki atau meditasi singkat. Apa satu langkah kecil yang bisa bikin kamu merasa lebih aman hari ini?;GROK;A1_GROK_PsikologiKepribadian61-83_99.json;stres takut hilang kerja kelola takut takut sendiri hadap butuh stabilitas kerja penting tenang rencana kecil sisih tabung update siap laku aktivitas tenang jalan kaki meditasi singkat kecil;7;0.0755495522196497;stres - nyeri - sehat - sakit - tubuh - cemas - laku - takut - kerja - aktivitas;-1_diri_takut_sendiri_kecil;stres takut hilang kerja kelola takut takut sendiri hadap butuh stabilitas kerja penting tenang rencana kecil sisih tabung update siap laku aktivitas tenang jalan kaki meditasi singkat kecil
Aku merasa nggak bisa move on dari masa lalu, Emilia. Aku harus apa?;Masa lalu bisa terasa berat banget, ya, apalagi kalau ada luka yang belum sembuh. Aku di sini buat kamu. Coba mulai dengan terima bahwa perasaan ini ada, lalu cari aktivitas yang bikin kamu merasa hidup di masa sekarang, seperti jurnal atau meditasi. Kalau ini terasa terlalu berat, profesional bisa bantu. Apa satu hal dari masa lalu yang paling susah dilupain?;GROK;D11_GROK_AHandbookfortheSMH303-313_20.json;move masa masa berat luka sembuh terima aktivitas hidup masa jurnal meditasi terlalu berat profesional masa paling susah dilupain;7;0.0698375298710321;stres - nyeri - sehat - sakit - tubuh - cemas - laku - takut - kerja - aktivitas;-1_diri_takut_sendiri_kecil;move masa masa berat luka sembuh terima aktivitas hidup masa jurnal meditasi terlalu berat profesional masa paling susah dilupain
