question;answer;from;filename;document_preprocessed;Topic;Probability;Top_n_words;Name;Document
Bisakah selective inattention digunakan positif?;Boleh, misal abaikan komentar negatif anonim. Kuncinya sadar memilih, bukan reflek menekan emosi penting.;GPT;A1_GPT_PsikologiKepribadian102-118_50.json;selective inattention positif abai komentar negatif anonim kunci pilih bukan reflek tekan emosi penting;9;0.3308111307838337;medsos - takut - diri - temen - sosial - konten - dukung - grup - media - komen;-1_diri_takut_sendiri_kecil;selective inattention positif abai komentar negatif anonim kunci pilih bukan reflek tekan emosi penting
Aku gampang kesel sama komen orang di medsos. Gimana caranya biar nggak gampang tersinggung?;Komen di medsos emang bisa bikin emosi, ya. Coba pas kesel, berhenti scroll, lalu hitung sampai sepuluh. Tanyain: ‘Ini komen cuma kata-kata, kenapa aku kesal?’ Fakta cuma ada orang nulis, bukan serangan pribadi. Balas dengan sopan atau skip aja, lalu fokus ke hal yang bikin happy, seperti denger musik. Tulis tiga hal yang bikin kamu bangga sama dirimu. Latihan ini bikin kamu lebih tahan banting. Coba terapin besok!;GROK;A1_GROK_FilosofiTeras124-148_53.json;gampang kesel komen medsos gampang singgung komen medsos emang emosi kesel henti scroll hitung puluh tanyain komen kata kata kesal fakta nulis bukan serang pribadi balas sopan skip happy denger musik bangga diri tahan banting terapin;9;1.0;medsos - takut - diri - temen - sosial - konten - dukung - grup - media - komen;9_medsos_konten_media_media sosial;gampang kesel komen medsos gampang singgung komen medsos emang emosi kesel henti scroll hitung puluh tanyain komen kata kata kesal fakta nulis bukan serang pribadi balas sopan skip happy denger musik bangga diri tahan banting terapin
Aku cemas tiap buka medsos, takut nggak sekeren orang lain. Gimana caranya biar nggak insecure?;Medsos emang bisa bikin overthinking, ya. Pas cemas, coba berhenti scroll, lalu tanya: ‘Fakta apa yang aku lihat? Cuma foto orang, bukan cerminan hidupku.’ Tulis tiga hal yang bikin kamu bangga—mungkin hobi atau kebaikanmu. Kurangin waktu online, dan coba aktivitas offline, seperti jalan kaki atau baca buku. Kamu udah cukup keren apa adanya. Yuk, coba post sesuatu yang autentik tanpa cek likes!;GROK;A1_GROK_FilosofiTeras124-148_53.json;cemas medsos takut keren insecure medsos emang overthinking cemas henti scroll fakta bukan cermin hidup bangga rangin aktivitas jalan kaki baca buku udah cukup keren post autentik likes;9;0.3916203886259471;medsos - takut - diri - temen - sosial - konten - dukung - grup - media - komen;9_medsos_konten_media_media sosial;cemas medsos takut keren insecure medsos emang overthinking cemas henti scroll fakta bukan cermin hidup bangga rangin aktivitas jalan kaki baca buku udah cukup keren post autentik likes
Aku kesal karena dosenku bilang tugasku biasa aja. Rasanya gagal. Gimana biar nggak terpuruk?;Komentar dosen bisa bikin nggak enak, ya. Tapi coba pisahin fakta: dosen cuma bilang soal tugas, bukan soal dirimu. Daripada mikir gagal, tanya dosen apa yang bisa diperbaiki, atau cek tugasmu dengan sudut pandang baru. Tulis tiga usaha yang udah kamu lakuin—itu bukti kamu berjuang. Langkah kecil ini bantu bangkit. Coba revisi satu bagian tugas besok!;GROK;A1_GROK_FilosofiTeras124-148_53.json;kesal dosen tugas gagal puruk komentar dosen enak pisahin fakta dosen tugas bukan diri mikir gagal dosen tugas sudut pandang usaha udah lakuin bukti juang kecil bangkit revisi tugas;9;0.6728848511542603;medsos - takut - diri - temen - sosial - konten - dukung - grup - media - komen;-1_diri_takut_sendiri_kecil;kesal dosen tugas gagal puruk komentar dosen enak pisahin fakta dosen tugas bukan diri mikir gagal dosen tugas sudut pandang usaha udah lakuin bukti juang kecil bangkit revisi tugas
Aku takut dikira nggak gaul karena nggak ikut tren medsos. Gimana caranya biar pede sama diriku?;Tekanan tren medsos bisa bikin ragu, ya. Tapi coba fokus ke fakta: kamu cuma nggak ikut tren, bukan berarti nggak asik. Tulis tiga hal yang bikin kamu bangga—mungkin selera unikmu atau kebaikanmu. Fokus ke apa yang bikin kamu nyaman, seperti post konten autentik atau nikmati waktu offline. Kamu tetep keren apa adanya. Coba lakuin satu hobi yang bikin seneng besok!;GROK;A1_GROK_FilosofiTeras124-148_53.json;takut gaul tren medsos pede diri tekan tren medsos ragu fakta tren bukan arti bangga selera unik nyaman post konten autentik nikmat keren lakuin neng;9;0.3837767918580372;medsos - takut - diri - temen - sosial - konten - dukung - grup - media - komen;9_medsos_konten_media_media sosial;takut gaul tren medsos pede diri tekan tren medsos ragu fakta tren bukan arti bangga selera unik nyaman post konten autentik nikmat keren lakuin neng
Aku sedih karena nggak di-like postinganku. Rasanya nggak populer. Gimana caranya biar nggak down?;Nggak di-like bisa bikin sedih, ya. Tapi coba lihat fakta: cuma nggak ada like, bukan berarti kamu nggak asik. Tulis tiga hal seru tentang dirimu—mungkin hobi atau kebaikanmu. Daripada mikir buruk, post buat diri sendiri atau nikmati waktu offline. Kamu tetep keren, kok. Coba lakuin satu aktivitas seru tanpa medsos malam ini!;GROK;A1_GROK_FilosofiTeras124-148_53.json;sedih postinganku populer down sedih fakta bukan arti seru diri mikir post diri sendiri nikmat keren lakuin aktivitas seru medsos;9;1.0;medsos - takut - diri - temen - sosial - konten - dukung - grup - media - komen;9_medsos_konten_media_media sosial;sedih postinganku populer down sedih fakta bukan arti seru diri mikir post diri sendiri nikmat keren lakuin aktivitas seru medsos
Aku kesal karena temen bilang aku nggak asik. Rasanya diserang. Gimana biar nggak sakit hati?;Komentar temen bisa bikin nggak enak, ya. Tapi coba pisahin fakta: dia cuma bilang nggak asik, bukan berarti kamu buruk. Daripada mikir diserang, anggap dia cuma beda selera. Fokus ke apa yang bikin kamu nyaman, seperti ngobrol sama temen yang ngerti kamu. Tulis tiga hal yang bikin kamu bangga—mungkin humor. Yuk, coba ajak temen lain ngobrol seru besok!;GROK;A1_GROK_FilosofiTeras124-148_53.json;kesal temen serang sakit hati komentar temen enak pisahin fakta bukan arti mikir serang anggap selera nyaman temen bangga humor temen seru;9;0.3080782095204188;medsos - takut - diri - temen - sosial - konten - dukung - grup - media - komen;-1_diri_takut_sendiri_kecil;kesal temen serang sakit hati komentar temen enak pisahin fakta bukan arti mikir serang anggap selera nyaman temen bangga humor temen seru
Aku sedih karena nggak di-like postinganku. Rasanya nggak populer. Gimana caranya biar nggak down?;Nggak di-like bisa bikin sedih, ya. Tapi coba lihat fakta: cuma nggak ada like, bukan berarti kamu nggak asik. Tulis tiga hal seru tentang dirimu—mungkin hobi atau kebaikanmu. Daripada mikir buruk, post buat diri sendiri atau nikmati waktu offline. Kamu tetep keren, kok. Coba lakuin satu aktivitas seru tanpa medsos malam ini!;GROK;A1_GROK_FilosofiTeras124-148_53.json;sedih postinganku populer down sedih fakta bukan arti seru diri mikir post diri sendiri nikmat keren lakuin aktivitas seru medsos;9;1.0;medsos - takut - diri - temen - sosial - konten - dukung - grup - media - komen;9_medsos_konten_media_media sosial;sedih postinganku populer down sedih fakta bukan arti seru diri mikir post diri sendiri nikmat keren lakuin aktivitas seru medsos
Aku kesal karena temen bilang aku nggak asik. Rasanya diserang. Gimana biar nggak sakit hati?;Komentar temen bisa bikin nggak enak, ya. Tapi coba pisahin fakta: dia cuma bilang nggak asik, bukan berarti kamu buruk. Daripada mikir diserang, anggap dia cuma beda selera. Fokus ke apa yang bikin kamu nyaman, seperti ngobrol sama temen yang ngerti kamu. Tulis tiga hal yang bikin kamu bangga—mungkin humor. Yuk, coba ajak temen lain ngobrol seru besok!;GROK;A1_GROK_FilosofiTeras124-148_53.json;kesal temen serang sakit hati komentar temen enak pisahin fakta bukan arti mikir serang anggap selera nyaman temen bangga humor temen seru;9;0.3081555956171468;medsos - takut - diri - temen - sosial - konten - dukung - grup - media - komen;-1_diri_takut_sendiri_kecil;kesal temen serang sakit hati komentar temen enak pisahin fakta bukan arti mikir serang anggap selera nyaman temen bangga humor temen seru
Aku insecure lihat postingan liburan temen di medsos. Rasanya hidupku nggak seru. Gimana caranya biar nggak iri?;Postingan liburan emang bisa bikin iri, ya. Tapi coba ingat: medsos cuma nunjukin highlight, bukan hidup beneran. Tulis tiga hal seru dalam hidupmu—mungkin momen kecil sama keluarga. Kurangin waktu scroll, dan coba aktivitas yang bikin happy, seperti masak atau jalan kaki. Hidupmu nggak kalah asik, kok. Coba rencanain satu kegiatan seru buat besok!;GROK;A1_GROK_FilosofiTeras124-148_53.json;insecure postingan libur temen medsos hidup seru postingan libur emang ingat medsos nunjukin highlight bukan hidup beneran seru hidup momen kecil keluarga rangin scroll aktivitas happy masak jalan kaki hidup kalah rencanain giat seru;9;1.0;medsos - takut - diri - temen - sosial - konten - dukung - grup - media - komen;9_medsos_konten_media_media sosial;insecure postingan libur temen medsos hidup seru postingan libur emang ingat medsos nunjukin highlight bukan hidup beneran seru hidup momen kecil keluarga rangin scroll aktivitas happy masak jalan kaki hidup kalah rencanain giat seru
Aku kecewa banget karena seleb favoritku skandal. Rasanya dikhianati. Gimana caranya biar nggak sedih?;Kecewa sama idola itu bikin nyesek, ya. Tapi coba pisahin fakta: dia cuma manusia yang salah, bukan berarti hidupmu hancur. Tulis tiga hal yang bikin kamu bangga sama dirimu—mungkin hobi atau kebaikanmu. Fokus ke apa yang kamu suka dari karya dia, bukan dramanya. Luangin waktu buat nikmati musik atau film lain. Kamu tetep bisa happy tanpa idola. Yuk, coba denger playlist baru malam ini!;GROK;A1_GROK_FilosofiTeras124-148_53.json;kecewa seleb favorit skandal khianat sedih kecewa idola nyesek pisahin fakta manusia salah bukan arti hidup hancur bangga diri karya bukan drama luangin nikmat musik film happy idola denger playlist;9;0.3180351707471647;medsos - takut - diri - temen - sosial - konten - dukung - grup - media - komen;-1_diri_takut_sendiri_kecil;kecewa seleb favorit skandal khianat sedih kecewa idola nyesek pisahin fakta manusia salah bukan arti hidup hancur bangga diri karya bukan drama luangin nikmat musik film happy idola denger playlist
Aku cemas tiap buka medsos, takut nggak sekeren orang lain. Gimana caranya biar nggak insecure?;Medsos emang bisa bikin overthinking, ya. Pas cemas, coba berhenti scroll, lalu hitung sampai sepuluh. Tanyain: ‘Fakta apa yang aku lihat? Cuma foto orang, bukan cerminan hidupku.’ Tulis tiga hal yang bikin kamu bangga—mungkin hobi atau kebaikanmu. Kurangin waktu online, dan coba aktivitas offline, seperti jalan kaki atau baca buku. Kamu udah cukup keren apa adanya. Yuk, coba post sesuatu yang autentik tanpa cek likes!;GROK;A1_GROK_FilosofiTeras124-148_53.json;cemas medsos takut keren insecure medsos emang overthinking cemas henti scroll hitung puluh tanyain fakta bukan cermin hidup bangga rangin aktivitas jalan kaki baca buku udah cukup keren post autentik likes;9;0.3808699767609244;medsos - takut - diri - temen - sosial - konten - dukung - grup - media - komen;9_medsos_konten_media_media sosial;cemas medsos takut keren insecure medsos emang overthinking cemas henti scroll hitung puluh tanyain fakta bukan cermin hidup bangga rangin aktivitas jalan kaki baca buku udah cukup keren post autentik likes
Aku insecure lihat postingan temen yang sukses, rasanya aku gagal. Gimana caranya biar nggak iri?;Postingan sukses temen bisa bikin iri, ya. Tapi coba inget: medsos cuma nunjukin sisi bagus, bukan cerita penuh. Tulis tiga hal seru dalam hidupmu—mungkin pencapaian kecil atau keluarga. Kurangin waktu scroll, dan coba aktivitas yang bikin happy, seperti olahraga atau masak. Hidupmu nggak kalah berharga. Coba rencanain satu kegiatan seru buat besok!;GROK;A1_GROK_FilosofiTeras124-148_53.json;insecure postingan temen sukses gagal postingan sukses temen inget medsos nunjukin sisi bagus bukan penuh seru hidup capai kecil keluarga rangin scroll aktivitas happy olahraga masak hidup kalah harga rencanain giat seru;9;1.0;medsos - takut - diri - temen - sosial - konten - dukung - grup - media - komen;9_medsos_konten_media_media sosial;insecure postingan temen sukses gagal postingan sukses temen inget medsos nunjukin sisi bagus bukan penuh seru hidup capai kecil keluarga rangin scroll aktivitas happy olahraga masak hidup kalah harga rencanain giat seru
Saya merasa media sosial bikin saya minder. Bagaimana cara pilih pengaruh yang baik?;Media sosial bisa bikin kita merasa kurang, tapi kamu bisa atur pengaruhnya! Albert Bandura bilang modeling simbolik, seperti di media, memengaruhi perilaku. Coba ikuti akun yang inspiratif, seperti motivator atau seniman, dan kurangi yang bikin minder. Tulis tiga akun yang bikin kamu semangat. Apa satu pengaruh positif yang ingin kamu ambil dari media?;GROK;A1_GROK_PsikologiKepribadian174-185_25.json;media sosial minder pilih pengaruh media sosial kurang atur pengaruh albert bandura modeling simbolik media pengaruh perilaku inspiratif motivator seniman kurang minder semangat pengaruh positif media;9;1.0;medsos - takut - diri - temen - sosial - konten - dukung - grup - media - komen;9_medsos_konten_media_media sosial;media sosial minder pilih pengaruh media sosial kurang atur pengaruh albert bandura modeling simbolik media pengaruh perilaku inspiratif motivator seniman kurang minder semangat pengaruh positif media
Teman dewasa suka berpura‑pura sukses di media sosial. Dampaknya?;Bisa menambah stres dan mengaburkan identitas. Dorong kejujuran dan penerimaan diri agar relasi lebih autentik.;GROK;A1_GROK_PsikologiKepribadian61-83_99.json;teman dewasa pura pura sukses media sosial dampak tambah stres abur identitas dorong jujur terima diri relasi autentik;9;0.1790909370726706;medsos - takut - diri - temen - sosial - konten - dukung - grup - media - komen;-1_diri_takut_sendiri_kecil;teman dewasa pura pura sukses media sosial dampak tambah stres abur identitas dorong jujur terima diri relasi autentik
Temanku terjebak kelompok ekstrem online. Cara membantunya?;Ajak diskusi terbuka tanpa menyerang. Tawarkan sumber informasi beragam dan dengarkan kekhawatirannya. Hubungan suportif bisa membuka pintu keraguan sehat.;GROK;A1_GROK_PsikologiKepribadian61-83_99.json;teman jebak kelompok ekstrem diskusi serang tawar sumber agam dengar khawatir suportif pintu ragu sehat;9;0.2145810415021436;medsos - takut - diri - temen - sosial - konten - dukung - grup - media - komen;9_medsos_konten_media_media sosial;teman jebak kelompok ekstrem diskusi serang tawar sumber agam dengar khawatir suportif pintu ragu sehat
Aku sakit hati gara-gara dikomentarin gendut di medsos. Gimana caranya biar nggak baper?;Komentar di medsos bisa nyakitin, tapi coba tanya: ‘Bener nggak aku harus percaya komentar ini?’ Komen cuma kata-kata, bukan fakta soal dirimu. Tulis tiga hal yang bikin kamu bangga, seperti kebaikan atau hobimu. Balas dengan sopan atau abaikan, lalu fokus ke hal yang bikin senang, seperti denger lagu favorit. Kamu lebih berharga dari komen itu. Coba post sesuatu yang autentik tanpa cek komen besok.;GROK;A2_GROK_FilosofiTeras191-227_54.json;sakit hati gara gara dikomentarin gendut medsos baper komentar medsos nyakitin percaya komentar komen kata kata bukan fakta diri bangga balas sopan abai senang denger favorit harga komen post autentik komen;9;0.1856706400894649;medsos - takut - diri - temen - sosial - konten - dukung - grup - media - komen;9_medsos_konten_media_media sosial;sakit hati gara gara dikomentarin gendut medsos baper komentar medsos nyakitin percaya komentar komen kata kata bukan fakta diri bangga balas sopan abai senang denger favorit harga komen post autentik komen
Aku sering cemas lihat berita soal politik dan hoaks di medsos. Rasanya dunia ini nggak aman. Gimana caranya biar nggak kepikiran terus?;Aku ngerti, berita-berita itu emang bisa bikin pikiran nggak tenang. Coba batasi waktu buka medsos, misalnya cuma 30 menit sehari, dan pilih sumber berita yang terpercaya. Kalau ada hoaks, cek fakta dulu sebelum percaya—bisa pakai situs kayak Turn Back Hoax. Lalu, alihkan energimu ke hal yang kamu bisa kontrol, seperti bantu komunitas lokal atau diskusi positif sama temen. Luangin waktu buat aktivitas yang bikin happy, kayak nonton film lucu atau jalan-jalan. Kamu nggak sendiri, kita atasi bareng, ya!;GROK;A2_GROK_FilosofiTeras31-44_30.json;cemas berita politik hoaks medsos terus berita berita emang tenang batas medsos pilih sumber berita percaya hoaks fakta percaya situs turn back hoax energi kontrol lokal diskusi positif temen luangin aktivitas happy nonton film lucu jalan jalan sendiri bareng;9;0.6064020855869082;medsos - takut - diri - temen - sosial - konten - dukung - grup - media - komen;9_medsos_konten_media_media sosial;cemas berita politik hoaks medsos terus berita berita emang tenang batas medsos pilih sumber berita percaya hoaks fakta percaya situs turn back hoax energi kontrol lokal diskusi positif temen luangin aktivitas happy nonton film lucu jalan jalan sendiri bareng
Aku takut banget sama diskriminasi yang makin banyak di berita. Rasanya nggak bisa ngapa-ngapain. Ada saran?;Aku tahu, berita soal diskriminasi bisa bikin takut dan helpless. Kamu nggak sendiri merasa gitu. Coba fokus sama yang bisa kamu kontrol—misalnya, dukung temen atau komunitas yang menghargai keberagaman. Kurangin buka berita negatif, dan kalau baca, cek kebenarannya. Luangin waktu buat hal yang bikin kamu tenang, kayak baca buku atau jalan sama keluarga. Kalau pengen berbuat sesuatu, coba ikut kegiatan sosial kecil di sekitarmu. Satu langkah kecil bisa bikin kamu merasa lebih berdaya, lho.;GROK;A2_GROK_FilosofiTeras31-44_30.json;takut diskriminasi makin berita saran tahu berita diskriminasi takut helpless sendiri kontrol dukung temen harga agam rangin berita negatif baca luangin tenang baca buku jalan keluarga giat sosial kecil kecil daya;9;0.2037612362386889;medsos - takut - diri - temen - sosial - konten - dukung - grup - media - komen;9_medsos_konten_media_media sosial;takut diskriminasi makin berita saran tahu berita diskriminasi takut helpless sendiri kontrol dukung temen harga agam rangin berita negatif baca luangin tenang baca buku jalan keluarga giat sosial kecil kecil daya
Aku sering cemas gara-gara lihat postingan di medsos, apalagi berita negatif. Gimana caranya biar nggak terpengaruh?;Medsos emang bisa bikin pikiran kacau, ya. Coba batasi waktu buka medsos, misalnya cuma 20 menit pagi dan malam, dan unfollow akun yang bikin cemas. Pilih follow akun yang positif, kayak yang share tips hidup atau meme lucu. Kalau lihat berita, cek dulu kebenarannya di situs terpercaya. Luangin waktu buat aktivitas offline, seperti baca buku atau masak, biar pikiran lebih tenang. Kamu bisa atur apa yang masuk ke pikiranmu, lho. Yuk, coba kurangin medsos besok!;GROK;A2_GROK_FilosofiTeras31-44_30.json;cemas gara gara postingan medsos berita negatif pengaruh medsos emang kacau batas medsos pagi unfollow cemas pilih follow positif tips hidup meme lucu berita situs percaya luangin aktivitas baca buku masak tenang atur masuk rangin medsos;9;1.0;medsos - takut - diri - temen - sosial - konten - dukung - grup - media - komen;9_medsos_konten_media_media sosial;cemas gara gara postingan medsos berita negatif pengaruh medsos emang kacau batas medsos pagi unfollow cemas pilih follow positif tips hidup meme lucu berita situs percaya luangin aktivitas baca buku masak tenang atur masuk rangin medsos
Aku takut reputasiku hancur karena satu kesalahan di medsos. Gimana caranya biar nggak paranoia soal ini?;Aku tahu, medsos bisa bikin deg-degan soal reputasi, ya. Coba fokus ke apa yang bisa kamu kontrol: pikirin baik-baik sebelum posting, dan kalau ragu, tanya temen dulu. Tulis tiga hal yang bikin kamu bangga sama dirimu—itu yang bikin kamu berharga, bukan like di medsos. Kalau takut salah, kurangin waktu online dan lakuin hal offline, seperti baca buku atau olahraga. Kamu nggak perlu sempurna di mata orang lain. Yuk, coba satu posting positif hari ini!;GROK;A2_GROK_FilosofiTeras63-89_60.json;takut reputasi hancur salah medsos paranoia tahu medsos degan reputasi kontrol pikirin posting ragu temen bangga diri harga bukan medsos takut salah rangin lakuin baca buku olahraga perlu sempurna mata posting positif;9;0.3247855318260336;medsos - takut - diri - temen - sosial - konten - dukung - grup - media - komen;9_medsos_konten_media_media sosial;takut reputasi hancur salah medsos paranoia tahu medsos degan reputasi kontrol pikirin posting ragu temen bangga diri harga bukan medsos takut salah rangin lakuin baca buku olahraga perlu sempurna mata posting positif
Aku takut bikin konten di medsos karena takut dikritik. Gimana caranya biar lebih berani share?;Takut dikritik di medsos itu wajar, ya, aku tahu. Coba fokus ke apa yang bisa kamu kontrol: bikin konten yang autentik dan sesuai nilai dirimu. Tulis tiga alasan kenapa kamu pengen share—mungkin buat inspirasi orang atau ekspresi diri. Ingat, kritik orang cuma opini, bukan fakta soal dirimu. Mulai dari konten kecil, seperti foto atau quote simpel. Kamu punya sesuatu yang berharga buat dibagi, lho. Yuk, coba satu post minggu ini!;GROK;A2_GROK_FilosofiTeras63-89_60.json;takut konten medsos takut kritik berani takut kritik medsos tahu kontrol konten autentik sesuai nilai diri alas inspirasi ekspresi diri ingat kritik opini bukan fakta diri konten kecil quote simpel harga post minggu;9;0.2621626830075234;medsos - takut - diri - temen - sosial - konten - dukung - grup - media - komen;9_medsos_konten_media_media sosial;takut konten medsos takut kritik berani takut kritik medsos tahu kontrol konten autentik sesuai nilai diri alas inspirasi ekspresi diri ingat kritik opini bukan fakta diri konten kecil quote simpel harga post minggu
Aku takut bikin video di medsos karena takut dihujat. Gimana caranya biar lebih pede share konten?;Takut dihujat di medsos itu wajar, ya, aku tahu. Coba fokus ke apa yang bisa kamu kontrol: bikin video yang sesuai passion-mu, dan mulai dari yang simpel. Tulis tiga alasan kenapa kamu pengen bikin konten—mungkin buat inspirasi atau ekspresi diri. Ingat, hujatan orang cuma opini, bukan fakta soal dirimu. Kurangin waktu cek komentar, dan luangin waktu buat hobi offline. Kamu punya sesuatu yang keren buat dibagi, lho. Yuk, coba satu video kecil minggu ini!;GROK;A2_GROK_FilosofiTeras63-89_60.json;takut medsos takut hujat pede konten takut hujat medsos tahu kontrol sesuai passion simpel alas konten inspirasi ekspresi diri ingat hujat opini bukan fakta diri rangin komentar luangin keren kecil minggu;9;0.2648473319229923;medsos - takut - diri - temen - sosial - konten - dukung - grup - media - komen;9_medsos_konten_media_media sosial;takut medsos takut hujat pede konten takut hujat medsos tahu kontrol sesuai passion simpel alas konten inspirasi ekspresi diri ingat hujat opini bukan fakta diri rangin komentar luangin keren kecil minggu
Aku stres kalau postinganku di medsos nggak banyak dilike. Gimana caranya biar nggak kepikiran likes?;Aku ngerti, tekanan likes di medsos itu bikin cemas, ya. Coba tulis tiga alasan kenapa kamu posting—mungkin buat ekspresi diri atau berbagi inspirasi. Fokus ke apa yang bisa kamu lakukan, seperti bikin konten yang autentik tanpa mikirin likes. Ingat, likes nggak nentuin nilai dirimu. Kurangin waktu cek medsos, dan luangin waktu buat hal offline, seperti jalan-jalan. Kamu keren, lho, yuk coba satu posting tanpa cek likes!;GROK;A2_GROK_FilosofiTeras90-122_61.json;stres postinganku medsos dilike likes tekan likes medsos cemas alas posting ekspresi diri inspirasi laku konten autentik mikirin likes ingat likes nentuin nilai diri rangin medsos luangin jalan jalan keren posting likes;9;1.0;medsos - takut - diri - temen - sosial - konten - dukung - grup - media - komen;9_medsos_konten_media_media sosial;stres postinganku medsos dilike likes tekan likes medsos cemas alas posting ekspresi diri inspirasi laku konten autentik mikirin likes ingat likes nentuin nilai diri rangin medsos luangin jalan jalan keren posting likes
Aku takut dikira cupu kalau nggak punya followers banyak. Gimana caranya biar nggak peduli omongan orang?;Aku tahu, tekanan followers itu bikin stres, ya. Coba tulis tiga hal yang bikin kamu bangga sama dirimu—mungkin kebaikan atau hobi kamu. Fokus ke apa yang bisa kamu lakukan, seperti bikin konten yang autentik atau nikmati waktu offline. Ingat, followers nggak nentuin nilai dirimu. Kurangin waktu cek medsos, dan luangin waktu buat hal yang bikin happy, seperti jalan-jalan. Kamu udah keren, lho, yuk coba jadi dirimu sendiri!;GROK;A2_GROK_FilosofiTeras90-122_61.json;takut cupu followers peduli omong tahu tekan followers stres bangga diri laku konten autentik nikmat ingat followers nentuin nilai diri rangin medsos luangin happy jalan jalan udah keren diri sendiri;9;0.3793636432927638;medsos - takut - diri - temen - sosial - konten - dukung - grup - media - komen;9_medsos_konten_media_media sosial;takut cupu followers peduli omong tahu tekan followers stres bangga diri laku konten autentik nikmat ingat followers nentuin nilai diri rangin medsos luangin happy jalan jalan udah keren diri sendiri
Aku cemas kalau videoku di medsos nggak viral. Gimana caranya biar nggak terpaku sama views?;Aku ngerti, pengen video viral itu bikin deg-degan, ya. Coba tulis tiga alasan kenapa kamu bikin video—mungkin buat kreativitas atau berbagi cerita. Fokus ke apa yang bisa kamu lakukan, seperti bikin video yang autentik tanpa mikirin views. Ingat, views nggak nentuin nilai dirimu. Kurangin waktu cek medsos, dan luangin waktu buat hal offline, seperti masak. Kamu kreatif, lho, yuk coba satu video tanpa cek views!;GROK;A2_GROK_FilosofiTeras90-122_61.json;cemas medsos viral terpa views viral degan alas kreativitas laku autentik mikirin views ingat views nentuin nilai diri rangin medsos luangin masak kreatif views;9;1.0;medsos - takut - diri - temen - sosial - konten - dukung - grup - media - komen;9_medsos_konten_media_media sosial;cemas medsos viral terpa views viral degan alas kreativitas laku autentik mikirin views ingat views nentuin nilai diri rangin medsos luangin masak kreatif views
Aku cemas kalau fotoku di medsos nggak banyak dilike. Gimana caranya biar nggak terpaku sama likes?;Aku ngerti, pengen foto dilike itu bikin deg-degan, ya. Coba tulis tiga alasan kenapa kamu posting—mungkin buat kenangan atau ekspresi diri. Fokus ke apa yang bisa kamu lakukan, seperti bikin foto yang autentik tanpa mikirin likes. Ingat, likes nggak nentuin nilai dirimu. Kurangin waktu cek medsos, dan luangin waktu buat hal offline, seperti jalan-jalan. Kamu keren, lho, yuk coba satu foto tanpa cek likes!;GROK;A2_GROK_FilosofiTeras90-122_61.json;cemas medsos dilike terpa likes dilike degan alas posting kenang ekspresi diri laku autentik mikirin likes ingat likes nentuin nilai diri rangin medsos luangin jalan jalan keren likes;9;1.0;medsos - takut - diri - temen - sosial - konten - dukung - grup - media - komen;9_medsos_konten_media_media sosial;cemas medsos dilike terpa likes dilike degan alas posting kenang ekspresi diri laku autentik mikirin likes ingat likes nentuin nilai diri rangin medsos luangin jalan jalan keren likes
Saya takut ikut campur saat lihat ketidakadilan karena nggak mau bikin masalah. Bagaimana cara berani speak up?;Aku tahu, speak up itu kayak berdiri di tengah badai, bikin deg-degan, kan? Tapi, coba bayangkan kalau kamu yang dizalimi, pasti pengin ada yang bantu, ya? Mulai dari langkah kecil, seperti komen sopan di media sosial kalau lihat ketidakadilan, atau lapor kalau ada diskriminasi di sekitarmu. Ingat, keberanian itu salah satu kebajikan Stoisisme! Apa ketidakadilan yang lagi bikin kamu ragu? Ceritain, biar kita pikirkan cara buat kamu berani melangkah!;GROK;A3_GROK_FilosofiTeras291-303_25.json;takut campur ketidakadilan berani speak tahu speak diri tengah badai degan bayang zalim pengin kecil komen sopan media sosial ketidakadilan lapor diskriminasi ingat berani salah kebaji stoisisme ketidakadilan ragu berani lang;9;0.200723344702647;medsos - takut - diri - temen - sosial - konten - dukung - grup - media - komen;9_medsos_konten_media_media sosial;takut campur ketidakadilan berani speak tahu speak diri tengah badai degan bayang zalim pengin kecil komen sopan media sosial ketidakadilan lapor diskriminasi ingat berani salah kebaji stoisisme ketidakadilan ragu berani lang
Apa itu konsep warga dunia dan mengapa itu penting untuk menghindari diskriminasi?;Konsep warga dunia menyatakan bahwa semua manusia berasal dari nenek moyang yang sama dan merupakan bagian dari satu komunitas global. Ini penting karena mengingatkan kita bahwa perbedaan fisik, seperti warna kulit, atau budaya hanyalah adaptasi lingkungan, bukan alasan untuk membedakan atau mendiskriminasi. Dengan melihat semua orang sebagai ‘saudara’, kita bisa membangun dunia yang lebih adil dan harmonis.;GROK;A3_GROK_FilosofiTeras291-303_25.json;konsep warga penting hindar diskriminasi konsep warga nyata manusia asal nenek moyang rupa global penting ingat fisik kulit adaptasi bukan alas diskriminasi saudara adil harmonis;9;0.1915663887523135;medsos - takut - diri - temen - sosial - konten - dukung - grup - media - komen;9_medsos_konten_media_media sosial;konsep warga penting hindar diskriminasi konsep warga nyata manusia asal nenek moyang rupa global penting ingat fisik kulit adaptasi bukan alas diskriminasi saudara adil harmonis
Saya merasa masalah diskriminasi terlalu besar untuk diatasi. Apa yang bisa saya lakukan sebagai individu?;Hai, aku paham, diskriminasi itu kayak gunung besar yang bikin kita merasa kecil, ya? Tapi, setiap langkah kecil bisa bikin perubahan! Coba mulai dari lingkunganmu: kalau dengar komentar diskriminatif, bilang dengan sopan, ‘Menurutku kita nggak perlu beda-bedain, ya.’ Atau, dukung kegiatan komunitas yang promosi keberagaman. Tiap aksi itu kayak batu kecil yang bikin longsor perubahan. Apa yang lagi bikin kamu merasa无力? Yuk, kita cari satu langkah buat bikin dunia lebih adil!;GROK;A3_GROK_FilosofiTeras291-303_25.json;diskriminasi terlalu laku individu paham diskriminasi gunung kecil kecil ubah dengar komentar diskriminatif sopan turut perlu bedain dukung giat promosi agam aksi batu kecil longsor ubah adil;9;0.1961368577367099;medsos - takut - diri - temen - sosial - konten - dukung - grup - media - komen;9_medsos_konten_media_media sosial;diskriminasi terlalu laku individu paham diskriminasi gunung kecil kecil ubah dengar komentar diskriminatif sopan turut perlu bedain dukung giat promosi agam aksi batu kecil longsor ubah adil
Saya takut dikucilkan kalau bela orang yang dizalimi. Bagaimana cara tetap berani?;Aku tahu, takut dikucilkan itu seperti berdiri sendirian di tengah keramaian, bikin ngeri, ya? Tapi, Stoisisme bilang keberanian itu kebajikan, dan puisi Niemoller ingatkan kalau diam bisa bikin kita jadi korban nantinya. Coba mulai dengan cara aman, seperti share postingan tentang keadilan di medsos atau dukung organisasi yang bela yang terzalimi. Kalau siap, tegur pelaku zalim dengan sopan. Apa yang lagi bikin kamu takut bela orang lain? Ceritain, biar kita pikirkan cara buat kamu berani tanpa takut!;GROK;A3_GROK_FilosofiTeras291-303_25.json;takut kucil bela zalim tetap berani tahu takut kucil diri sendiri tengah ramai ngeri stoisisme berani kebaji puisi niemoller ingat diam korban postingan adil medsos dukung organisasi bela zalim siap tegur laku zalim sopan takut bela berani takut;9;0.1908304763824276;medsos - takut - diri - temen - sosial - konten - dukung - grup - media - komen;9_medsos_konten_media_media sosial;takut kucil bela zalim tetap berani tahu takut kucil diri sendiri tengah ramai ngeri stoisisme berani kebaji puisi niemoller ingat diam korban postingan adil medsos dukung organisasi bela zalim siap tegur laku zalim sopan takut bela berani takut
Saya kesal lihat temen share konten kebencian di medsos, tapi takut konflik kalau negur. Apa yang harus saya lakukan?;Aku tahu, lihat konten kebencian itu bikin hati panas, tapi takut konflik juga bikin ragu, ya? Stoisisme bilang keberanian itu penting, jadi coba tegur dengan cara elegan, seperti, ‘Eh, menurutku konten ini bisa bikin orang tersakiti, apa nggak lebih baik share yang positif?’ Atau, lapor konten itu secara anonim. Bayangkan tiap teguranmu kayak nyalain lilin di kegelapan. Apa konten yang lagi bikin kamu kesal? Ceritain, yuk, biar kita cari cara buat tangani tanpa drama!;GROK;A3_GROK_FilosofiTeras291-303_25.json;kesal temen konten benci medsos takut konflik negur laku tahu konten benci hati panas takut konflik ragu stoisisme berani penting tegur elegan turut konten sakit positif lapor konten anonim bayang tegur nyalain lilin gelap konten kesal tangan drama;9;0.2772810564490864;medsos - takut - diri - temen - sosial - konten - dukung - grup - media - komen;9_medsos_konten_media_media sosial;kesal temen konten benci medsos takut konflik negur laku tahu konten benci hati panas takut konflik ragu stoisisme berani penting tegur elegan turut konten sakit positif lapor konten anonim bayang tegur nyalain lilin gelap konten kesal tangan drama
Saya kesal lihat keluarga share konten diskriminatif, tapi takut negur bikin hubungan renggang. Apa yang harus saya lakukan?;Aku tahu, negur keluarga itu kayak jalan di tali tipis, bikin deg-degan, ya? Stoisisme bilang keberanian itu kunci, jadi coba pendekatan lembut, seperti, ‘Buk, konten ini kayaknya bisa bikin orang sakit hati, apa nggak lebih baik share yang bikin senyum?’ Atau, ajak diskusi santai, ‘Menurut Ibu, apa sih efek konten gini?’ Ini bikin mereka mikir tanpa merasa diserang. Apa konten yang lagi bikin kamu kesal? Ceritain, biar kita cari cara buat negur dengan elegan!;GROK;A3_GROK_FilosofiTeras291-303_25.json;kesal keluarga konten diskriminatif takut negur renggang laku tahu negur keluarga jalan tali tipis degan stoisisme berani kunci dekat lembut konten sakit hati senyum diskusi santai turut efek konten mikir serang konten kesal negur elegan;9;0.2535634797100918;medsos - takut - diri - temen - sosial - konten - dukung - grup - media - komen;9_medsos_konten_media_media sosial;kesal keluarga konten diskriminatif takut negur renggang laku tahu negur keluarga jalan tali tipis degan stoisisme berani kunci dekat lembut konten sakit hati senyum diskusi santai turut efek konten mikir serang konten kesal negur elegan
Saya lihat temen dizalimi karena beda keyakinan, tapi takut ikut campur. Bagaimana cara bantu tanpa risiko besar?;Hai, aku paham, takut ikut campur itu seperti berdiri di pinggir jurang, bikin ragu, ya? Tapi, puisi Niemoller bilang diam bisa bikin kita jadi korban nanti. Coba bantu dengan cara aman, seperti dukung temenmu secara pribadi, ‘Aku di sini buat kamu, ya,’ atau lapor ketidakadilan itu ke pihak berwenang tanpa sebut nama. Kebaikan kecil itu kayak nyalain lilin di gelap. Apa yang lagi bikin temenmu dizalimi? Ceritain, biar kita pikirkan cara buat bantu dengan aman!;GROK;A3_GROK_FilosofiTeras291-303_25.json;temen zalim yakin takut campur risiko paham takut campur diri pinggir jurang ragu puisi niemoller diam korban dukung temenmu pribadi lapor ketidakadilan pihak wenang sebut nama kecil nyalain lilin gelap temenmu zalim;9;0.1989951934696194;medsos - takut - diri - temen - sosial - konten - dukung - grup - media - komen;9_medsos_konten_media_media sosial;temen zalim yakin takut campur risiko paham takut campur diri pinggir jurang ragu puisi niemoller diam korban dukung temenmu pribadi lapor ketidakadilan pihak wenang sebut nama kecil nyalain lilin gelap temenmu zalim
Saya merasa nggak punya pengaruh buat ubah dunia yang penuh diskriminasi. Apa yang bisa saya lakukan?;Hai, aku tahu, diskriminasi itu kayak awan gelap yang bikin kita merasa nggak bisa apa-apa, ya? Tapi, Stoisisme bilang kalau kita bareng-bareng, kita punya kekuatan! Coba mulai dari lingkunganmu: kalau dengar lelucon diskriminatif, bilang, ‘Kayaknya itu nggak lucu, deh.’ Atau, dukung acara yang rayain keberagaman. Tiap langkah kecil itu kayak menyalakan lampu di kegelapan. Apa yang lagi bikin kamu merasa nggak berdaya? Yuk, kita cari cara buat bikin perubahan kecil!;GROK;A3_GROK_FilosofiTeras291-303_25.json;pengaruh ubah penuh diskriminasi laku tahu diskriminasi awan gelap stoisisme bareng bareng kuat dengar lelucon diskriminatif lucu dukung acara rayain agam kecil nyala lampu gelap daya ubah kecil;9;0.2004225550006224;medsos - takut - diri - temen - sosial - konten - dukung - grup - media - komen;9_medsos_konten_media_media sosial;pengaruh ubah penuh diskriminasi laku tahu diskriminasi awan gelap stoisisme bareng bareng kuat dengar lelucon diskriminatif lucu dukung acara rayain agam kecil nyala lampu gelap daya ubah kecil
Saya kesal lihat grup chat temen penuh konten rasis, tapi takut negur bikin dikucilkan. Apa yang harus saya lakukan?;Aku tahu, lihat konten rasis di grup chat itu bikin hati nggak nyaman, tapi takut dikucilkan juga bikin ragu, ya? Stoisisme bilang keberanian itu kebajikan, jadi coba negur dengan cara halus, seperti, ‘Guys, konten ini bisa nyakitin orang, apa nggak lebih baik share yang positif?’ Atau, keluar dari grup kalau terlalu toxic dan cari komunitas yang lebih inklusif. Apa yang lagi bikin kamu kesal di grup itu? Ceritain, biar kita cari cara buat negur tanpa takut!;GROK;A3_GROK_FilosofiTeras291-303_25.json;kesal grup chat temen penuh konten takut negur kucil laku tahu konten grup chat hati nyaman takut kucil ragu stoisisme berani kebaji negur halus guys konten nyakitin positif keluar grup terlalu toxic inklusif kesal grup negur takut;9;0.2520905554803168;medsos - takut - diri - temen - sosial - konten - dukung - grup - media - komen;9_medsos_konten_media_media sosial;kesal grup chat temen penuh konten takut negur kucil laku tahu konten grup chat hati nyaman takut kucil ragu stoisisme berani kebaji negur halus guys konten nyakitin positif keluar grup terlalu toxic inklusif kesal grup negur takut
Aku pengen bikin status medsos yang unik, tapi kok kayak gitu-gitu aja. Gimana caranya biar kata-kataku lebih kreatif?;Status medsos yang gitu-gitu aja itu kayak nyanyi lagu sama tiap hari, kurang greget! Generativitas bahasa bikin kamu bisa ciptain pesan baru. Coba mainin kata-kata, kayak gabungin emosi sama gambar, ‘Hari ini hati kayak langit cerah, penuh harapan!’ Inspirasi dari puisi atau lagu, ubah jadi gaya kamu, ‘Jatuh bangun, tapi ku tetep lari!’ Tulis beberapa versi, pilih yang paling ‘pop’. Kalau buntu, tanya temen, ‘Status gini oke nggak?’ Ceritain ide statusmu, aku bantu kasih trik biar nyanyi unik!;GROK;A3_GROK_PsikologiKomunikasi139-157_59.json;status medsos unik kata kata kreatif status medsos kurang greget generativitas bahasa ciptain pesan mainin kata kata gabungin emosi hati langit cerah penuh harap inspirasi puisi ubah gaya jatuh lari beberapa versi pilih paling buntu temen status status trik unik;9;1.0;medsos - takut - diri - temen - sosial - konten - dukung - grup - media - komen;9_medsos_konten_media_media sosial;status medsos unik kata kata kreatif status medsos kurang greget generativitas bahasa ciptain pesan mainin kata kata gabungin emosi hati langit cerah penuh harap inspirasi puisi ubah gaya jatuh lari beberapa versi pilih paling buntu temen status status trik unik
Aku mau ngomong sama temenku yang lagi down, tapi takut salah ngomong. Gimana caranya menyampaikan pesan yang bikin dia semangat?;Keren banget kamu mau nyemangatin temen! Untuk pesan yang mengena, coba mulai dengan empati, seperti, ‘Aku tahu kamu lagi nggak oke, aku di sini buat dengerin, lho.’ Lalu, tambahkan kata-kata yang positif, misalnya, ‘Kamu selalu kuat melewati ini, aku yakin kamu bisa!’ Pilih nada yang hangat dan tulus, biar dia merasa didukung. Kalau mau, ceritain sedikit tentang temenmu, biar aku bantu susun kata-kata yang pas!;GROK;A3_GROK_PsikologiKomunikasi27-33_25.json;ngomong temenku down takut salah ngomong pesan semangat keren nyemangatin temen pesan kena empati tahu dengerin tambah kata kata positif kuat lewat yakin pilih hangat tulus dukung temenmu susun kata kata;9;0.4935710331588511;medsos - takut - diri - temen - sosial - konten - dukung - grup - media - komen;-1_diri_takut_sendiri_kecil;ngomong temenku down takut salah ngomong pesan semangat keren nyemangatin temen pesan kena empati tahu dengerin tambah kata kata positif kuat lewat yakin pilih hangat tulus dukung temenmu susun kata kata
Aku sering bikin adikku kesal karena komenku suka nyinyir. Gimana caranya biar aku lebih suportif?;Aku ngerti, komen nyinyir bisa bikin suasana panas, ya! Buat lebih suportif sama adikmu, coba ubah pendekatan: daripada nyinyir, kasih komentar deskriptif, kayak, ‘Aku notice kamu lagi sibuk, apa kabar?’ Tunjukkin sikap terbuka dengan tanya pendapatnya, misalnya, ‘Menurut kamu, apa yang bikin ini susah?’ Juga, spontan aja kasih pujian kecil, kayak, ‘Keren lho cara kamu handle itu!’ Ceritain momen komenmu bikin adik kesal, aku bantu kasih trik biar lebih hangat!;GROK;A3_GROK_PsikologiKomunikasi47-63_36.json;adik kesal komenku nyinyir suportif komen nyinyir suasana panas suportif adik ubah dekat nyinyir komentar deskriptif notice sibuk kabar tunjukkin sikap turut susah spontan puji kecil keren handle momen komenmu adik kesal trik hangat;9;0.4500429925729062;medsos - takut - diri - temen - sosial - konten - dukung - grup - media - komen;-1_diri_takut_sendiri_kecil;adik kesal komenku nyinyir suportif komen nyinyir suasana panas suportif adik ubah dekat nyinyir komentar deskriptif notice sibuk kabar tunjukkin sikap turut susah spontan puji kecil keren handle momen komenmu adik kesal trik hangat
Aku sering ikut-ikutan pendapat kelompok meski nggak setuju, takut dikucilkan. Gimana caranya biar aku berani beda pendapat?;Ikut-ikutan karena takut dikucilkan itu kayak nyanyi lagu orang lain padahal punya nada sendiri, ya! Tekanan kelompok memang kuat, tapi kamu bisa beda dengan sopan. Coba bilang pendapatmu dengan lembut, kayak, ‘Aku sih mikir gini, kalian setuju nggak?’ Tunjukkin kamu respect pendapat mereka, tapi tetep pegang prinsipmu. Mulai dari hal kecil biar pede. Ceritain momen kamu ikut-ikutan, aku bantu kasih cara buat nyanyi dengan suaramu sendiri!;GROK;A3_GROK_PsikologiKomunikasi65-74_24.json;kelompok tuju takut kucil berani takut kucil padahal sendiri tekan kelompok kuat sopan lembut mikir tuju tunjukkin respect pegang prinsip kecil pede momen sendiri;9;0.3498144803468538;medsos - takut - diri - temen - sosial - konten - dukung - grup - media - komen;-1_diri_takut_sendiri_kecil;kelompok tuju takut kucil berani takut kucil padahal sendiri tekan kelompok kuat sopan lembut mikir tuju tunjukkin respect pegang prinsip kecil pede momen sendiri
Apa yang dimaksud dengan massa di media sosial menurut psikologi komunikasi?;Massa di media sosial itu kayak kerumunan virtual yang penuh energi! Mereka adalah sekelompok orang yang nggak selalu kenal satu sama lain, tapi bersatu karena punya pemikiran, kepedulian, atau tujuan yang sama, seperti dukung Prita atau komen pedas soal isu artis. Mereka bisa super antusias, gampang terpancing, impulsif, atau bahkan heroik, kayak galang dana buat orang susah. Ini bikin media sosial jadi panggung besar buat emosi dan aksi kolektif!;GROK;A3_GROK_PsikologiKomunikasi75-82_25.json;massa media sosial turut psikologi komunikasi massa media sosial kerumun virtual penuh energi kelompok kenal peduli tuju dukung prita komen pedas artis super antusias gampang pancing impulsif bahkan heroik galang dana susah media sosial panggung emosi aksi kolektif;9;1.0;medsos - takut - diri - temen - sosial - konten - dukung - grup - media - komen;9_medsos_konten_media_media sosial;massa media sosial turut psikologi komunikasi massa media sosial kerumun virtual penuh energi kelompok kenal peduli tuju dukung prita komen pedas artis super antusias gampang pancing impulsif bahkan heroik galang dana susah media sosial panggung emosi aksi kolektif
Aku pengen ngajak temen-temen di grup medsos buat ikut kegiatan amal, tapi takut nggak didenger. Gimana caranya biar persuasif?;Misi amal itu keren banget, dan kamu pasti bisa bikin temen-temen tergugah! Biar persuasif, coba buat postingan yang nyentuh hati, kayak ceritain kisah orang yang dibantu, misalnya, ‘Bayangin anak kecil ini bisa sekolah lagi kalau kita bantu!’ Pakai visual, seperti foto atau video, biar lebih ngena. Ajak mereka secara personal, kayak, ‘Aku yakin kita bisa bikin perubahan, ikut yuk?’ Respon komen mereka biar merasa dilibatin. Ceritain kegiatan amalnya, aku bantu kasih kata-kata yang bikin orang antusias!;GROK;A3_GROK_PsikologiKomunikasi75-82_25.json;ngajak temen temen grup medsos giat amal takut didenger persuasif misi amal keren temen temen gugah persuasif postingan nyentuh hati kisah bayangin anak kecil sekolah visual ngena personal yakin ubah respon komen dilibatin giat amal kata kata antusias;9;0.490595386366463;medsos - takut - diri - temen - sosial - konten - dukung - grup - media - komen;9_medsos_konten_media_media sosial;ngajak temen temen grup medsos giat amal takut didenger persuasif misi amal keren temen temen gugah persuasif postingan nyentuh hati kisah bayangin anak kecil sekolah visual ngena personal yakin ubah respon komen dilibatin giat amal kata kata antusias
Aku sering ikut-ikutan komen pedas di medsos karena terbawa emosi netizen lain. Gimana caranya biar aku nggak gampang terpengaruh?;Ikut-ikutan komen pedas itu kayak terbawa ombak emosi di medsos, ya! Itu wajar karena massa di medsos bisa bikin kita lupa diri. Biar nggak gampang terpengaruh, coba tarik napas dulu sebelum komen, tanya diri, ‘Ini beneran pendapatku nggak?’ Baca ulang postingan dengan kepala dingin, dan kalau emosi, tulis dulu di catatan pribadi, baru putusin mau posting apa nggak. Fokus ke akun yang positif biar vibe-mu stay baik. Ceritain momen kamu kebawa emosi, aku bantu kasih trik buat stay cool!;GROK;A3_GROK_PsikologiKomunikasi75-82_25.json;komen pedas medsos bawa emosi netizen gampang pengaruh komen pedas bawa ombak emosi medsos massa medsos lupa diri gampang pengaruh komen diri beneran baca ulang postingan kepala dingin emosi catat pribadi putusin posting positif vibe stay momen bawa emosi trik stay cool;9;0.2677674168411496;medsos - takut - diri - temen - sosial - konten - dukung - grup - media - komen;9_medsos_konten_media_media sosial;komen pedas medsos bawa emosi netizen gampang pengaruh komen pedas bawa ombak emosi medsos massa medsos lupa diri gampang pengaruh komen diri beneran baca ulang postingan kepala dingin emosi catat pribadi putusin posting positif vibe stay momen bawa emosi trik stay cool
Aku merasa hidupku stuck dan nggak punya tujuan. Gimana caranya media sosial bisa bantu aku nemuin makna hidup?;Perasaan stuck itu berat, tapi aku yakin kamu punya potensi besar yang cuma perlu disulut! Media sosial bisa jadi jembatan buat nemuin makna. Coba ikut komunitas yang nyambung sama minatmu, kayak seni, musik, atau volunteer. Mulai kecil, misalnya share karya kecilmu atau komen di postingan amal, kayak, ‘Aku pengen bantu, caranya gimana?’ Ikut kegiatan sosial online, seperti webinar atau galang dana, bikin hati hangat. Ceritain apa yang bikin stuck, aku bantu kasih ide buat nyalain semangatmu di medsos!;GROK;A3_GROK_PsikologiKomunikasi75-82_25.json;hidup stuck tuju media sosial nemuin makna hidup stuck berat yakin potensi perlu sulut media sosial jembatan nemuin makna nyambung seni musik volunteer kecil karya kecil komen postingan amal giat sosial webinar galang dana hati hangat stuck nyalain semangat medsos;9;1.0;medsos - takut - diri - temen - sosial - konten - dukung - grup - media - komen;9_medsos_konten_media_media sosial;hidup stuck tuju media sosial nemuin makna hidup stuck berat yakin potensi perlu sulut media sosial jembatan nemuin makna nyambung seni musik volunteer kecil karya kecil komen postingan amal giat sosial webinar galang dana hati hangat stuck nyalain semangat medsos
Aku sering salah paham sama postingan temen di medsos, kayak mereka nyindir. Gimana caranya biar aku lebih jernih nangkap pesan?;Salah paham di medsos itu kayak main telepon rusak, pesannya suka beda! Biar lebih jernih, coba baca postingan pelan-pelan, perhatikan konteksnya, misalnya, ‘Ini bercanda atau serius?’ Kalau kayak nyindir, tanya langsung tapi santai, kayak, ‘Eh, maksud postinganmu apa sih?’ lewat DM. Jangan buru-buru asumsi, dan kalau emosi, jeda dulu sebelum balas. Faktor seperti mood atau pengalaman bisa bikin kita salah tangkap. Ceritain postingan yang bikin bingung, aku bantu kasih cara buat decode-nya!;GROK;A3_GROK_PsikologiKomunikasi75-82_25.json;salah paham postingan temen medsos nyindir jernih nangkap pesan salah paham medsos main telepon rusak pesan jernih baca postingan pelan pelan perhati konteks canda serius nyindir langsung santai postinganmu lewat jangan buru buru asumsi emosi jeda balas faktor mood alam salah tangkap postingan decode;9;0.4328273151659623;medsos - takut - diri - temen - sosial - konten - dukung - grup - media - komen;-1_diri_takut_sendiri_kecil;salah paham postingan temen medsos nyindir jernih nangkap pesan salah paham medsos main telepon rusak pesan jernih baca postingan pelan pelan perhati konteks canda serius nyindir langsung santai postinganmu lewat jangan buru buru asumsi emosi jeda balas faktor mood alam salah tangkap postingan decode
Aku pengen bikin gerakan positif di medsos, tapi takut nggak ada yang dukung. Gimana caranya biar orang ikut terlibat?;Bikin gerakan positif di medsos itu kayak nyanyi lagu yang bikin orang pengen ikut nyanyi, keren! Mulai dengan cerita yang nyentuh, misalnya, ‘Aku pengen bantu anak jalanan, siapa ikut?’ Pakai hashtag catchy dan visual yang menarik, seperti foto atau video. Ajak temen-temen dulu biar jadi pionir, dan respon setiap komen, kayak, ‘Makasih dukungannya, ayo share!’ Konsisten posting update biar orang excited. Ceritain ide gerakanmu, aku bantu kasih strategi biar ramai!;GROK;A3_GROK_PsikologiKomunikasi75-82_25.json;gera positif medsos takut dukung libat gera positif medsos keren nyentuh anak jalan siapa hashtag catchy visual temen temen pionir respon komen makasih dukung konsisten posting update excited gera strategi ramai;9;1.0;medsos - takut - diri - temen - sosial - konten - dukung - grup - media - komen;9_medsos_konten_media_media sosial;gera positif medsos takut dukung libat gera positif medsos keren nyentuh anak jalan siapa hashtag catchy visual temen temen pionir respon komen makasih dukung konsisten posting update excited gera strategi ramai
Aku sering emosi pas baca komen negatif di medsos, kayak ikut-ikutan marah. Gimana caranya biar aku tetep tenang?;Komen negatif di medsos itu kayak api yang cepet nyebar, bikin emosi ikut panas! Itu wajar, namanya efek penularan emosi. Biar tetep tenang, coba jeda sebelum balas—tarik napas dalam 10 detik, tanya diri, ‘Ini worth marah nggak?’ Tulis emosimu di catatan pribadi dulu, biar nggak langsung komen. Fokus ke konten positif, kayak follow akun yang bikin senyum. Ceritain momen kamu emosi gara-gara komen, aku bantu kasih trik buat stay chill!;GROK;A3_GROK_PsikologiKomunikasi75-82_25.json;emosi baca komen negatif medsos marah tenang komen negatif medsos cepet nyebar emosi panas nama efek tular emosi tenang jeda balas detik diri worth marah emosi catat pribadi langsung komen konten positif follow senyum momen emosi gara gara komen trik stay chill;9;0.3465834607145558;medsos - takut - diri - temen - sosial - konten - dukung - grup - media - komen;-1_diri_takut_sendiri_kecil;emosi baca komen negatif medsos marah tenang komen negatif medsos cepet nyebar emosi panas nama efek tular emosi tenang jeda balas detik diri worth marah emosi catat pribadi langsung komen konten positif follow senyum momen emosi gara gara komen trik stay chill
Aku merasa nggak berguna dan pengen bikin sesuatu yang berarti di medsos. Apa yang bisa aku mulai?;Perasaan nggak berguna itu berat, tapi kamu pasti punya sesuatu yang bisa bikin dunia lebih cerah! Medsos bisa jadi tempat buat nyalain makna hidupmu. Coba mulai dengan share sesuatu yang kamu suka, kayak tulis cerita pendek, posting foto kreatif, atau gabung grup amal. Misalnya, ikut campaign lingkungan dan posting, ‘Aku mulai bawa tas kain, kalian ikut nggak?’ Kegiatan kecil ini bikin kamu merasa berarti. Ceritain apa yang lagi bikin down, aku bantu kasih ide buat bikin jejak positif di medsos!;GROK;A3_GROK_PsikologiKomunikasi75-82_25.json;arti medsos berat cerah medsos tempat nyalain makna hidup pendek posting kreatif gabung grup amal campaign posting bawa kain giat kecil arti down jejak positif medsos;9;1.0;medsos - takut - diri - temen - sosial - konten - dukung - grup - media - komen;9_medsos_konten_media_media sosial;arti medsos berat cerah medsos tempat nyalain makna hidup pendek posting kreatif gabung grup amal campaign posting bawa kain giat kecil arti down jejak positif medsos
Aku pengen gabung komunitas medsos yang bikin aku merasa hidup, tapi bingung pilih yang mana. Gimana caranya nemu yang pas?;Cari komunitas yang bikin hati nyanyi itu kayak nemuin lagu favorit, seru banget! Coba pikirin apa yang bikin kamu excited—buku, fotografi, atau mungkin kesehatan mental? Cari grup di medsos dengan kata kunci, kayak ‘pecinta buku Indonesia’ atau ‘mental health support’. Baca postingan mereka, kalau vibe-nya hangat, coba komen, ‘Aku baru gabung, apa sih yang seru di sini?’ Mulai kecil, ikut diskusi, dan share passion-mu. Ceritain minatmu, aku bantu kasih saran komunitas yang pas!;GROK;A3_GROK_PsikologiKomunikasi75-82_25.json;gabung medsos hidup pilih nemu hati nemuin favorit seru pikirin excited buku fotografi sehat mental grup medsos kata kunci cinta buku indonesia mental health support baca postingan vibe hangat komen gabung seru kecil diskusi passion saran;9;0.6090310265987899;medsos - takut - diri - temen - sosial - konten - dukung - grup - media - komen;9_medsos_konten_media_media sosial;gabung medsos hidup pilih nemu hati nemuin favorit seru pikirin excited buku fotografi sehat mental grup medsos kata kunci cinta buku indonesia mental health support baca postingan vibe hangat komen gabung seru kecil diskusi passion saran
Aku pengen bikin kampanye kesehatan mental di medsos, tapi takut nggak dilupain. Gimana caranya biar pesannya nempel?;Kampanye kesehatan mental itu misi mulia, dan aku dukung penuh! Biar pesanmu nempel, coba buat konten yang bikin orang ngerasa connect, kayak cerita, ‘Aku pernah down, tapi ngobrol bikin lega.’ Pakai fakta simpel, misalnya, ‘5 menit meditasi bikin otak tenang.’ Tambahin visual, seperti infografis ceria, dan ajak aksi, ‘Coba ceritain momen bahagiamu di komen!’ Konsisten posting dan balas interaksi biar orang ingat. Ceritain idemu, aku bantu kasih trik buat bikin kampanye yang ngena!;GROK;A3_GROK_PsikologiKomunikasi75-82_25.json;kampanye sehat mental medsos takut dilupain pesan nempel kampanye sehat mental misi mulia dukung penuh pesan nempel konten ngerasa connect down lega fakta simpel meditasi otak tenang tambahin visual infografis ceria aksi momen bahagia komen konsisten posting balas interaksi ingat trik kampanye ngena;9;0.2727015511174226;medsos - takut - diri - temen - sosial - konten - dukung - grup - media - komen;-1_diri_takut_sendiri_kecil;kampanye sehat mental medsos takut dilupain pesan nempel kampanye sehat mental misi mulia dukung penuh pesan nempel konten ngerasa connect down lega fakta simpel meditasi otak tenang tambahin visual infografis ceria aksi momen bahagia komen konsisten posting balas interaksi ingat trik kampanye ngena
Aku gampang percaya sama influencer di medsos, padahal kadang nggak masuk akal. Gimana caranya biar aku lebih kritis?;Gampang percaya influencer itu kayak ikut nyanyi lagu hits tanpa cek liriknya, ya! Efek sugesti di medsos emang kuat. Biar lebih kritis, coba tanya diri tiap lihat postingan, ‘Apa buktinya ini bener?’ Cek sumber lain, misalnya googling atau tanya temen. Kalau influencer bilang sesuatu berulang, jangan buru-buru setuju—tulis pro dan kontra di catatan. Follow akun yang kasih info seimbang. Ceritain influencer yang bikin kamu gampang percaya, aku bantu kasih cara buat jaga radar kritis!;GROK;A3_GROK_PsikologiKomunikasi75-82_25.json;gampang percaya influencer medsos padahal masuk akal kritis gampang percaya influencer hits lirik efek sugesti medsos emang kuat kritis diri postingan bukti sumber googling temen influencer ulang jangan buru buru tuju kontra catat follow info imbang influencer gampang percaya jaga radar kritis;9;1.0;medsos - takut - diri - temen - sosial - konten - dukung - grup - media - komen;9_medsos_konten_media_media sosial;gampang percaya influencer medsos padahal masuk akal kritis gampang percaya influencer hits lirik efek sugesti medsos emang kuat kritis diri postingan bukti sumber googling temen influencer ulang jangan buru buru tuju kontra catat follow info imbang influencer gampang percaya jaga radar kritis
Aku pengen bikin konten medsos yang bikin orang merasa didukung, terutama yang lagi down. Apa ide yang bisa aku coba?;Misi bikin orang merasa didukung itu kayak kasih pelukan virtual, super mulia! Coba buat konten yang hangat, kayak posting kutipan, ‘Kamu nggak sendiri, hari ini pasti bisa!’ atau cerita pribadi, ‘Aku pernah down, tapi bangkit lewat musik.’ Ajak interaksi, misalnya, ‘Ceritain apa yang bikin kamu kuat!’ Pakai warna cerah atau emoji positif biar vibe-nya naik. Bisa juga share tips simpel, seperti meditasi 5 menit. Ceritain audiens yang pengen kamu dukung, aku bantu kasih ide konten!;GROK;A3_GROK_PsikologiKomunikasi75-82_25.json;konten medsos dukung utama down misi dukung peluk virtual super mulia konten hangat posting kutip sendiri pribadi down bangkit lewat musik interaksi kuat cerah emoji positif vibe naik tips simpel meditasi audiens dukung konten;9;1.0;medsos - takut - diri - temen - sosial - konten - dukung - grup - media - komen;9_medsos_konten_media_media sosial;konten medsos dukung utama down misi dukung peluk virtual super mulia konten hangat posting kutip sendiri pribadi down bangkit lewat musik interaksi kuat cerah emoji positif vibe naik tips simpel meditasi audiens dukung konten
Aku takut bikin postingan soal kesehatan mental karena takut dicela, tapi pengen bantu orang lain. Gimana caranya biar aku berani?;Pengen bantu lewat postingan kesehatan mental itu niat mulia, dan aku dukung kamu! Takut dicela wajar, tapi coba mulai dengan konten yang netral dan suportif, kayak, ‘Hari ini aku coba meditasi, kalian punya tips self-care?’ Post di grup yang positif, seperti komunitas kesehatan mental, biar responnya hangat. Kalau ada celaan, balas dengan tenang, ‘Makasih masukannya, tapi aku pengen bantu.’ Fokus ke yang dukung. Ceritain ide postinganmu, aku bantu kasih cara biar pede dan aman!;GROK;A3_GROK_PsikologiKomunikasi75-82_25.json;takut postingan sehat mental takut cela berani lewat postingan sehat mental niat mulia dukung takut cela konten netral suportif meditasi tips self care post grup positif sehat mental responnya hangat cela balas tenang makasih masuk dukung postinganmu pede;9;0.2723988247107597;medsos - takut - diri - temen - sosial - konten - dukung - grup - media - komen;-1_diri_takut_sendiri_kecil;takut postingan sehat mental takut cela berani lewat postingan sehat mental niat mulia dukung takut cela konten netral suportif meditasi tips self care post grup positif sehat mental responnya hangat cela balas tenang makasih masuk dukung postinganmu pede
Aku takut posting pendapat di medsos karena takut dikira salah. Gimana caranya biar aku berani speak up?;Takut posting pendapat itu wajar, kayak nyanyi di panggung besar tapi takut fals! Medsos emang panggung terbuka, dan kamu punya hak buat bersuara. Coba mulai di grup kecil yang suportif, kayak komunitas hobi, dengan pendapat ringan, misalnya, ‘Aku suka gaya ini, kalian gimana?’ Tulis dengan sopan, kayak, ‘Ini sih pandanganku, tapi pengen denger yang lain.’ Kalau ada kritik, balas tenang, ‘Makasih masukannya!’ Ceritain pendapat yang pengen kamu share, aku bantu susun biar pede!;GROK;A3_GROK_PsikologiKomunikasi83-93_21.json;takut posting medsos takut salah berani speak takut posting panggung takut fals medsos emang panggung grup kecil suportif ringan gaya sopan pandang denger kritik balas tenang makasih masuk susun pede;9;0.2460891100032073;medsos - takut - diri - temen - sosial - konten - dukung - grup - media - komen;9_medsos_konten_media_media sosial;takut posting medsos takut salah berani speak takut posting panggung takut fals medsos emang panggung grup kecil suportif ringan gaya sopan pandang denger kritik balas tenang makasih masuk susun pede
Aku sering debat di medsos, tapi susah capai sepakat. Gimana caranya biar diskusi lebih produktif?;Debat di medsos itu kayak main catur, butuh strategi biar nggak cuma bolak-balik! Biar produktif, coba penuhi prinsip diskusi sehat: jujur, misalnya, ‘Aku nggak setuju, tapi ini pandanganku.’ Kasih argumen yang jelas dan berdasar fakta, kayak, ‘Data ini bilang gini.’ Dengarkan lawan bicara, tanya, ‘Maksud kamu apa?’ biar nyambung. Kalau panas, ajak sepakat di titik tengah, ‘Kita beda, tapi setuju di sini?’ Ceritain debat yang bikin pusing, aku bantu kasih cara biar diskusi berbuah!;GROK;A3_GROK_PsikologiKomunikasi83-93_21.json;debat medsos susah capai sepakat diskusi produktif debat medsos main catur butuh strategi bolak balik produktif penuh prinsip diskusi sehat jujur tuju pandang argumen jelas fakta data dengar lawan bicara nyambung panas sepakat titik tengah tuju debat pusing diskusi;9;0.1978352897870071;medsos - takut - diri - temen - sosial - konten - dukung - grup - media - komen;9_medsos_konten_media_media sosial;debat medsos susah capai sepakat diskusi produktif debat medsos main catur butuh strategi bolak balik produktif penuh prinsip diskusi sehat jujur tuju pandang argumen jelas fakta data dengar lawan bicara nyambung panas sepakat titik tengah tuju debat pusing diskusi
Aku pengen bikin kampanye kesehatan mental di medsos, tapi takut nggak dilupain. Gimana caranya biar pesannya ngena?;Kampanye kesehatan mental itu misi super keren, kayak nyanyi lagu yang nyentuh hati! Biar ngena, buat konten yang bikin orang connect, misalnya cerita, ‘Aku pernah down, tapi meditasi bantu.’ Pakai visual ceria, seperti infografis, dan fakta ringan, ‘5 menit jalan kaki bikin mood naik!’ Ajak aksi simpel, kayak, ‘Share tips self-care-mu!’ Konsisten posting dan balas komen biar rame. Ceritain ide kampanyemu, aku bantu susun strategi biar orang ikut nyanyi bareng!;GROK;A3_GROK_PsikologiKomunikasi83-93_21.json;kampanye sehat mental medsos takut dilupain pesan ngena kampanye sehat mental misi super keren nyentuh hati ngena konten connect down meditasi visual ceria infografis fakta ringan jalan kaki mood naik aksi simpel tips self care konsisten posting balas komen rame kampanye susun strategi bareng;9;0.2731177429155029;medsos - takut - diri - temen - sosial - konten - dukung - grup - media - komen;-1_diri_takut_sendiri_kecil;kampanye sehat mental medsos takut dilupain pesan ngena kampanye sehat mental misi super keren nyentuh hati ngena konten connect down meditasi visual ceria infografis fakta ringan jalan kaki mood naik aksi simpel tips self care konsisten posting balas komen rame kampanye susun strategi bareng
Aku sering emosi pas baca komen negatif di medsos, kayak nggak bisa kontrol. Apa yang lagi terjadi sama aku?;Emosi pas baca komen negatif itu kayak badai kecil di hati, ya! Secara psikologi, ini bisa jadi Id-mu, dorongan emosi alami, lagi tarik-menarik sama Superego, nilai yang bilang harus tenang. Ego-mu berusaha nyeimbangin, tapi kadang kewalahan. Coba tarik napas dalam, tulis emosimu di jurnal dulu, biar nggak langsung komen. Fokus ke konten positif, dan kalau kesel, bilang, ‘Ini cuma opini, aku oke.’ Ceritain momen emosimu, aku bantu kasih cara buat tenang!;GROK;A3_GROK_PsikologiKomunikasi83-93_21.json;emosi baca komen negatif medsos kontrol emosi baca komen negatif badai kecil hati psikologi dorong emosi alami superego nilai tenang usaha nyeimbangin kewalahan emosi jurnal langsung komen konten positif kesel opini momen emosi tenang;9;0.3340333448455823;medsos - takut - diri - temen - sosial - konten - dukung - grup - media - komen;-1_diri_takut_sendiri_kecil;emosi baca komen negatif medsos kontrol emosi baca komen negatif badai kecil hati psikologi dorong emosi alami superego nilai tenang usaha nyeimbangin kewalahan emosi jurnal langsung komen konten positif kesel opini momen emosi tenang
Aku pengen bikin gerakan positif di medsos buat dukung temen yang lagi susah, tapi takut nggak ada yang ikut. Gimana caranya?;Bikin gerakan buat temen itu niat mulia, kayak kasih pelukan virtual buat dia! Biar orang ikut, ceritain kisah temenmu yang nyentuh, kayak, ‘Dia lagi berjuang, kita bisa bantu!’ Pakai hashtag simpel, misalnya #BantuTeman, dan visual emosional, seperti foto atau video. Ajak aksi jelas, ‘Donasi 10 ribu atau share postingan ini!’ Mulai dari temen dekat, dan balas setiap dukungan. Ceritain situasi temenmu, aku bantu kasih strategi biar gerakanmu rame!;GROK;A3_GROK_PsikologiKomunikasi83-93_21.json;gera positif medsos dukung temen susah takut gera temen niat mulia peluk virtual kisah temenmu nyentuh juang hashtag simpel bantuteman visual emosional aksi jelas donasi ribu postingan temen dekat balas dukung situasi temenmu strategi gera rame;9;1.0;medsos - takut - diri - temen - sosial - konten - dukung - grup - media - komen;9_medsos_konten_media_media sosial;gera positif medsos dukung temen susah takut gera temen niat mulia peluk virtual kisah temenmu nyentuh juang hashtag simpel bantuteman visual emosional aksi jelas donasi ribu postingan temen dekat balas dukung situasi temenmu strategi gera rame
Aku sering ngerasa nggak nyambung sama orang di forum medsos, kayak beda dunia. Gimana caranya biar aku lebih connect?;Nggak nyambung di forum itu kayak main musik tapi beda kunci, ya! Interaksi sosial di medsos emang kadang tricky. Coba cari titik temu, kayak tanya, ‘Kalian suka apa di topik ini?’ Dengarkan dulu, lalu share pendapatmu yang relate, misalnya, ‘Aku juga pernah gitu, kalian gimana?’ Jaga nada ramah, dan ikut diskusi ringan dulu biar nyaman. Kalau masih susah, cari forum yang lebih sesuai vibe-mu. Ceritain forumnya, aku bantu kasih cara buat nyanyi bareng!;GROK;A3_GROK_PsikologiKomunikasi83-93_21.json;ngerasa nyambung forum medsos connect nyambung forum main musik kunci interaksi sosial medsos emang tricky titik topik dengar relate jaga ramah diskusi ringan nyaman susah forum sesuai vibe forum bareng;9;0.3595931641729549;medsos - takut - diri - temen - sosial - konten - dukung - grup - media - komen;-1_diri_takut_sendiri_kecil;ngerasa nyambung forum medsos connect nyambung forum main musik kunci interaksi sosial medsos emang tricky titik topik dengar relate jaga ramah diskusi ringan nyaman susah forum sesuai vibe forum bareng
Aku ngerasa medsos didominasi narasi tertentu, susah nyuarain pendapat lain. Gimana caranya biar suaraku didenger?;Medsos yang didominasi narasi itu kayak panggung dengan satu penyanyi, bikin suara lain susah kedenger! Biar suaramu bersinar, coba posting di platform atau grup kecil yang lebih terbuka, kayak komunitas lokal. Tulis pendapatmu dengan fakta dan cerita, misalnya, ‘Aku lihat isu ini gini, kalian apa?’ Pakai hashtag relevan biar menjangkau orang sefrekuensi. Kalau ada haters, balas sopan, ‘Makasih, tapi ini pandanganku.’ Ceritain isu yang pengen kamu suarain, aku bantu kasih trik!;GROK;A3_GROK_PsikologiKomunikasi83-93_21.json;ngerasa medsos dominasi narasi susah nyuarain didenger medsos dominasi narasi panggung susah kedenger sinar posting platform grup kecil lokal fakta hashtag relevan jangkau frekuensi haters balas sopan makasih pandang suarain trik;9;0.7738649646948005;medsos - takut - diri - temen - sosial - konten - dukung - grup - media - komen;9_medsos_konten_media_media sosial;ngerasa medsos dominasi narasi susah nyuarain didenger medsos dominasi narasi panggung susah kedenger sinar posting platform grup kecil lokal fakta hashtag relevan jangkau frekuensi haters balas sopan makasih pandang suarain trik
Aku pengen ikut diskusi politik di medsos, tapi takut diserang karena beda pandangan. Gimana caranya biar aku berani?;Diskusi politik di medsos itu kayak masuk arena debat, seru tapi bikin deg-degan! Biar berani, coba mulai di grup yang moderasinya baik, dan sampaikan pandanganmu dengan fakta, kayak, ‘Menurut data ini, aku mikir gini.’ Jaga nada netral, misalnya, ‘Aku nggak setuju, tapi pengen denger pendapatmu.’ Kalau diserang, balas tenang, ‘Makasih, tapi aku tetep di sini.’ Fokus ke yang suportif. Ceritain topik politik yang pengen kamu bahas, aku bantu susun cara biar percaya diri!;GROK;A3_GROK_PsikologiKomunikasi83-93_21.json;diskusi politik medsos takut serang pandang berani diskusi politik medsos masuk arena debat seru degan berani grup moderasinya pandang fakta turut data mikir jaga netral tuju denger serang balas tenang makasih suportif topik politik bahas susun percaya diri;9;0.2412549841408996;medsos - takut - diri - temen - sosial - konten - dukung - grup - media - komen;9_medsos_konten_media_media sosial;diskusi politik medsos takut serang pandang berani diskusi politik medsos masuk arena debat seru degan berani grup moderasinya pandang fakta turut data mikir jaga netral tuju denger serang balas tenang makasih suportif topik politik bahas susun percaya diri
Aku pengen bikin konten medsos yang bikin orang merasa terhubung sama komunitasnya. Apa ide yang bisa aku coba?;Bikin konten yang nyambungin orang sama komunitas itu kayak ciptain lagu yang bikin semua ikut nyanyi! Coba buat postingan yang rayain budaya lokal, kayak, ‘Apa tradisi favorit di kampung kalian?’ atau cerita inspiratif, ‘Aku lihat tetangga gotong royong, kalian punya cerita gitu?’ Ajak interaksi, misalnya, ‘Share foto komunitasmu!’ Pakai visual yang hangat, seperti foto kegiatan warga. Ceritain komunitas yang pengen kamu angkat, aku bantu kasih ide konten yang bikin hati nyanyi!;GROK;A3_GROK_PsikologiKomunikasi83-93_21.json;konten medsos konten nyambungin ciptain postingan rayain lokal tradisi favorit kampung inspiratif tetangga gotong royong interaksi visual hangat giat warga angkat konten hati;9;1.0;medsos - takut - diri - temen - sosial - konten - dukung - grup - media - komen;9_medsos_konten_media_media sosial;konten medsos konten nyambungin ciptain postingan rayain lokal tradisi favorit kampung inspiratif tetangga gotong royong interaksi visual hangat giat warga angkat konten hati
Aku takut posting soal isu sensitif di medsos karena takut kena UU ITE. Gimana caranya biar tetap aman?;Takut kena UU ITE itu wajar, kayak nyanyi di panggung tapi takut salah lirik! Biar aman, coba tulis pendapatmu dengan fakta dan bahasa sopan, misalnya, ‘Berdasarkan berita ini, aku mikir gini.’ Hindari kata yang menghasut atau menyinggung norma agama dan kesusilaan. Kalau isunya sensitif, share di grup privat dulu, tanya, ‘Ini oke nggak?’ Cek UU ITE soal batasan biar paham. Ceritain isu yang pengen kamu angkat, aku bantu kasih cara biar ekspresif tapi aman!;GROK;A3_GROK_PsikologiKomunikasi83-93_21.json;takut posting sensitif medsos takut kena tetap takut kena panggung takut salah lirik fakta bahasa sopan berita mikir hindar kata hasut singgung norma agama susila sensitif grup privat batas paham angkat ekspresif;9;0.2471580514500299;medsos - takut - diri - temen - sosial - konten - dukung - grup - media - komen;9_medsos_konten_media_media sosial;takut posting sensitif medsos takut kena tetap takut kena panggung takut salah lirik fakta bahasa sopan berita mikir hindar kata hasut singgung norma agama susila sensitif grup privat batas paham angkat ekspresif
Aku pengen dukung isu sosial lewat medsos, tapi nggak tahu caranya biar berdampak. Apa langkah yang bisa aku ambil?;Dukung isu sosial di medsos itu kayak nyanyi buat perubahan, keren! Mulai dengan posting cerita yang emosional, kayak, ‘Aku lihat isu ini bikin sedih, kita bisa apa?’ Tambahin fakta, misalnya, ‘Data bilang 1 dari 10 orang kena ini.’ Pakai hashtag, seperti #PeduliSosial, dan ajak aksi, ‘Share ceritamu atau donasi!’ Kolab sama temen biar rame, dan balas komen biar orang terlibat. Ceritain isu yang pengen kamu dukung, aku bantu kasih langkah biar berdampak!;GROK;A3_GROK_PsikologiKomunikasi83-93_21.json;dukung sosial lewat medsos tahu dampak dukung sosial medsos ubah keren posting emosional sedih tambahin fakta data kena hashtag pedulisosial aksi donasi kolab temen rame balas komen libat dukung dampak;9;1.0;medsos - takut - diri - temen - sosial - konten - dukung - grup - media - komen;9_medsos_konten_media_media sosial;dukung sosial lewat medsos tahu dampak dukung sosial medsos ubah keren posting emosional sedih tambahin fakta data kena hashtag pedulisosial aksi donasi kolab temen rame balas komen libat dukung dampak
Aku merasa grup medsosku nggak nyaman, kayak orang cuma debat. Gimana caranya biar grup lebih santai dan suportif?;Grup yang cuma debat itu kayak panggung tanpa musik, bikin tegang! Biar nyaman, coba usulin topik santai, kayak, ‘Hari ini apa yang bikin kalian senyum?’ Kasih aturan simpel, ‘Kita diskusi tapi jaga respect.’ Ajak kegiatan positif, misalnya, ‘Yuk share tips self-care!’ Kalau ada debat panas, moderasi dengan, ‘Kita dinginin dulu, apa solusinya?’ Puji yang suportif, ‘Keren banget idemu!’ Ceritain grupmu, aku bantu kasih cara biar jadi kafe virtual yang cozy!;GROK;A3_GROK_PsikologiKomunikasi83-93_21.json;grup medsosku nyaman debat grup santai suportif grup debat panggung musik tegang nyaman usulin topik santai senyum atur simpel diskusi jaga respect giat positif tips self care debat panas moderasi dinginin solusi puji suportif keren grup kafe virtual cozy;9;0.3170831088875504;medsos - takut - diri - temen - sosial - konten - dukung - grup - media - komen;-1_diri_takut_sendiri_kecil;grup medsosku nyaman debat grup santai suportif grup debat panggung musik tegang nyaman usulin topik santai senyum atur simpel diskusi jaga respect giat positif tips self care debat panas moderasi dinginin solusi puji suportif keren grup kafe virtual cozy
Aku sering kesel sama hoax di medsos, bikin orang ribut. Gimana caranya biar aku nggak terbawa emosi?;Hoax di medsos itu kayak asap yang bikin semua panik, ya! Biar nggak kesel, coba cek dulu kebenarannya sebelum bereaksi—googling atau tanya sumber terpercaya. Kalau bikin emosi, tulis pikiranmu di catatan pribadi, biar reda. Balas dengan fakta, kayak, ‘Aku cek, ini nggak bener, ini datanya.’ Fokus ke konten positif, seperti akun edukasi. Ceritain hoax yang bikin kesel, aku bantu kasih trik buat tetep tenang dan bijak!;GROK;A3_GROK_PsikologiKomunikasi83-93_21.json;kesel hoax medsos ribut bawa emosi hoax medsos asap panik kesel reaksi googling sumber percaya emosi catat pribadi reda balas fakta data konten positif edukasi hoax kesel trik tenang bijak;9;0.2397302273468768;medsos - takut - diri - temen - sosial - konten - dukung - grup - media - komen;9_medsos_konten_media_media sosial;kesel hoax medsos ribut bawa emosi hoax medsos asap panik kesel reaksi googling sumber percaya emosi catat pribadi reda balas fakta data konten positif edukasi hoax kesel trik tenang bijak
Aku pengen kasih masukan ke pejabat lewat medsos, tapi takut nggak dibaca. Gimana caranya biar pesanku diperhatiin?;Kasih masukan ke pejabat di medsos itu kayak nyanyi di konser besar, butuh trik biar kedenger! Tulis pesan yang jelas dan sopan, kayak, ‘Pak, saya warga biasa, punya saran soal ini.’ Sertakan fakta atau cerita, misalnya, ‘Di daerah saya begini, tolong bantu.’ Pakai hashtag yang relevan, seperti #SaranWarga, dan tag akun resmi mereka. Komen di postingan mereka yang ramai, dan ajak temen share. Ceritain masukanmu, aku bantu susun pesan yang bikin pejabat nengok!;GROK;A3_GROK_PsikologiKomunikasi83-93_21.json;masuk jabat lewat medsos takut baca pesan diperhatiin masuk jabat medsos konser butuh trik kedenger pesan jelas sopan warga saran fakta daerah begini hashtag relevan saranwarga resmi komen postingan ramai temen masuk susun pesan jabat nengok;9;1.0;medsos - takut - diri - temen - sosial - konten - dukung - grup - media - komen;9_medsos_konten_media_media sosial;masuk jabat lewat medsos takut baca pesan diperhatiin masuk jabat medsos konser butuh trik kedenger pesan jelas sopan warga saran fakta daerah begini hashtag relevan saranwarga resmi komen postingan ramai temen masuk susun pesan jabat nengok
Apa yang dimaksud dengan opini publik menurut psikologi komunikasi?;Opini publik itu seperti suara kolektif dari hati dan pikiran banyak orang! Ini adalah pendapat atau sikap rata-rata masyarakat tentang isu yang penting buat bersama, kayak kebijakan atau masalah sosial. Terbentuknya lewat obrolan, diskusi, atau penilaian yang rasional, baik di dunia nyata atau medsos. Dalam psikologi komunikasi, opini publik dilihat sebagai cerminan bagaimana interaksi sosial membentuk cara kita mikir dan bertindak bareng!;GROK;A3_GROK_PsikologiKomunikasi95-116_24.json;opini publik turut psikologi komunikasi opini publik kolektif hati sikap rata rata masyarakat penting bijak sosial bentuk lewat obrol diskusi nilai rasional nyata medsos psikologi komunikasi opini publik cermin interaksi sosial bentuk mikir tindak bareng;9;0.3832733087404504;medsos - takut - diri - temen - sosial - konten - dukung - grup - media - komen;-1_diri_takut_sendiri_kecil;opini publik turut psikologi komunikasi opini publik kolektif hati sikap rata rata masyarakat penting bijak sosial bentuk lewat obrol diskusi nilai rasional nyata medsos psikologi komunikasi opini publik cermin interaksi sosial bentuk mikir tindak bareng
Aku pengen bikin postingan medsos yang bikin orang peduli sama isu kesehatan mental, tapi takut nggak dilupain. Gimana caranya biar ngena?;Misi kesehatan mental itu luar biasa, kayak nyanyi lagu yang nyentuh jiwa! Biar postinganmu ngena, buat cerita yang bikin orang connect, misalnya, ‘Aku pernah down, tapi ngobrol bikin lega.’ Tambahin fakta simpel, kayak, ‘1 dari 5 orang pernah struggle sama mental health.’ Pakai visual hangat, seperti infografis dengan warna lembut, dan ajak aksi, ‘Share tips self-care-mu!’ Konsisten post dan balas komen biar rame. Ceritain ide postinganmu, aku bantu susun biar orang ikut nyanyi bareng!;GROK;A3_GROK_PsikologiKomunikasi95-116_24.json;postingan medsos peduli sehat mental takut dilupain ngena misi sehat mental luar nyentuh jiwa postinganmu ngena connect down lega tambahin fakta simpel struggle mental health visual hangat infografis lembut aksi tips self care konsisten post balas komen rame postinganmu susun bareng;9;0.271866357302978;medsos - takut - diri - temen - sosial - konten - dukung - grup - media - komen;-1_diri_takut_sendiri_kecil;postingan medsos peduli sehat mental takut dilupain ngena misi sehat mental luar nyentuh jiwa postinganmu ngena connect down lega tambahin fakta simpel struggle mental health visual hangat infografis lembut aksi tips self care konsisten post balas komen rame postinganmu susun bareng
Aku ngerasa pendapatku di medsos nggak ngaruh ke kebijakan pemerintah. Gimana caranya biar suaraku lebih didenger?;Merasa suaramu kecil di medsos itu kayak nyanyi di konser rame, tapi kamu pasti bisa kedenger! Biar berpengaruh, coba tulis pendapatmu dengan fakta, kayak, ‘Data bilang isu ini serius, pemerintah bisa apa?’ Pakai hashtag populer, seperti #KebijakanRakyat, dan tag akun pejabat atau media. Gabung grup diskusi yang relevan, share di sana, dan ajak temen amplify. Konsisten dan sopan biar kredibel. Ceritain isu yang pengen kamu angkat, aku bantu kasih cara biar suaramu menggema!;GROK;A3_GROK_PsikologiKomunikasi95-116_24.json;ngerasa medsos ngaruh bijak perintah didenger kecil medsos konser rame kedenger pengaruh fakta data serius perintah hashtag populer kebijakanrakyat jabat media gabung grup diskusi relevan sana temen amplify konsisten sopan kredibel angkat gema;9;0.5890017293624296;medsos - takut - diri - temen - sosial - konten - dukung - grup - media - komen;9_medsos_konten_media_media sosial;ngerasa medsos ngaruh bijak perintah didenger kecil medsos konser rame kedenger pengaruh fakta data serius perintah hashtag populer kebijakanrakyat jabat media gabung grup diskusi relevan sana temen amplify konsisten sopan kredibel angkat gema
Aku notice pendapatku sering beda sama mayoritas di medsos, bikin aku ngerasa outcast. Apa yang bisa aku lakuin biar tetep pede?;Beda sama mayoritas itu kayak nyanyi solo di tengah paduan suara, spesial banget! Pendapat minoritas punya nilai, jadi jangan ngerasa outcast. Biar pede, coba cari grup medsos yang sefrekuensi, kayak komunitas yang suka diskusi terbuka. Share pendapatmu dengan fakta dan sopan, misalnya, ‘Aku mikir gini karena ini, kalian apa?’ Dengarkan mayoritas, tapi pegang prinsipmu. Ceritain momen ngerasa beda, aku bantu kasih cara buat tetep bersinar!;GROK;A3_GROK_PsikologiKomunikasi95-116_24.json;notice mayoritas medsos ngerasa outcast lakuin pede mayoritas solo tengah padu spesial minoritas nilai jangan ngerasa outcast pede grup medsos frekuensi diskusi fakta sopan mikir dengar mayoritas pegang prinsip momen ngerasa sinar;9;0.2335876471724487;medsos - takut - diri - temen - sosial - konten - dukung - grup - media - komen;9_medsos_konten_media_media sosial;notice mayoritas medsos ngerasa outcast lakuin pede mayoritas solo tengah padu spesial minoritas nilai jangan ngerasa outcast pede grup medsos frekuensi diskusi fakta sopan mikir dengar mayoritas pegang prinsip momen ngerasa sinar
Aku gampang banget terbawa opini di medsos, tapi cepet lupa. Kenapa ya, dan gimana caranya biar aku lebih kritis?;Terbawa opini medsos itu kayak ikut ombak, seru tapi cepet ilang! Opini publik emang gampang bangkit pas ada isu besar, tapi bisa luntur kalau nggak ada peristiwa nyata. Biar kritis, coba tanya diri tiap baca postingan, ‘Apa buktinya ini?’ Cek sumber, kayak berita terpercaya, sebelum setuju. Tulis pro dan kontra di catatan biar nggak buru-buru. Fokus ke akun yang kasih info seimbang. Ceritain opini yang bikin kamu terbawa, aku bantu kasih trik buat jaga pikiran jernih!;GROK;A3_GROK_PsikologiKomunikasi95-116_24.json;gampang bawa opini medsos cepet lupa kritis bawa opini medsos ombak seru cepet ilang opini publik emang gampang bangkit luntur peristiwa nyata kritis diri baca postingan bukti sumber berita percaya tuju kontra catat buru buru info imbang opini bawa trik jaga jernih;9;1.0;medsos - takut - diri - temen - sosial - konten - dukung - grup - media - komen;9_medsos_konten_media_media sosial;gampang bawa opini medsos cepet lupa kritis bawa opini medsos ombak seru cepet ilang opini publik emang gampang bangkit luntur peristiwa nyata kritis diri baca postingan bukti sumber berita percaya tuju kontra catat buru buru info imbang opini bawa trik jaga jernih
Aku takut posting pendapat di medsos karena takut dihakimi. Gimana caranya biar aku berani tanpa takut haters?;Takut dihakimi di medsos itu wajar, kayak nyanyi di panggung tapi takut dicemooh! Medsos emang cepet nyebar pendapat, tapi kamu punya hak bersuara. Coba mulai di grup kecil yang suportif, kayak komunitas hobi, dengan pendapat sederhana, misalnya, ‘Aku mikir gini, kalian apa?’ Tulis dengan sopan dan fakta, biar kredibel. Kalau ada haters, balas tenang, ‘Makasih masukannya, ini pandanganku.’ Fokus ke yang dukung. Ceritain pendapat yang pengen kamu share, aku bantu susun biar pede!;GROK;A3_GROK_PsikologiKomunikasi95-116_24.json;takut posting medsos takut hakim berani takut haters takut hakim medsos panggung takut cemooh medsos emang cepet nyebar grup kecil suportif sederhana mikir sopan fakta kredibel haters balas tenang makasih masuk pandang dukung susun pede;9;0.2836795090527976;medsos - takut - diri - temen - sosial - konten - dukung - grup - media - komen;9_medsos_konten_media_media sosial;takut posting medsos takut hakim berani takut haters takut hakim medsos panggung takut cemooh medsos emang cepet nyebar grup kecil suportif sederhana mikir sopan fakta kredibel haters balas tenang makasih masuk pandang dukung susun pede
Aku gampang percaya sama influencer di medsos, padahal kadang nggak logis. Gimana caranya biar aku lebih kritis?;Gampang percaya influencer itu kayak ikut nyanyi lagu hits tanpa cek lirik, ya! Pemimpin opini emang punya daya tarik, tapi biar kritis, coba tanya, ‘Apa bukti pendapat ini?’ Cek sumber lain, kayak artikel atau data, sebelum setuju. Tulis pro dan kontra di catatan, misalnya, ‘Bener nggak sih ini?’ Follow akun yang kasih info seimbang, bukan cuma sensasi. Kalau ragu, diskusi sama temen. Ceritain influencer yang bikin kamu percaya, aku bantu kasih trik buat jaga radar kritis!;GROK;A3_GROK_PsikologiKomunikasi95-116_24.json;gampang percaya influencer medsos padahal logis kritis gampang percaya influencer hits lirik pimpin opini emang daya kritis bukti sumber artikel data tuju kontra catat follow info imbang bukan sensasi ragu diskusi temen influencer percaya trik jaga radar kritis;9;1.0;medsos - takut - diri - temen - sosial - konten - dukung - grup - media - komen;9_medsos_konten_media_media sosial;gampang percaya influencer medsos padahal logis kritis gampang percaya influencer hits lirik pimpin opini emang daya kritis bukti sumber artikel data tuju kontra catat follow info imbang bukan sensasi ragu diskusi temen influencer percaya trik jaga radar kritis
Aku sering ngerasa pendapatku soal politik di medsos nggak sama sama temen, bikin aku ragu. Gimana caranya biar aku tetep yakin?;Beda pendapat soal politik itu kayak nyanyi lagu beda, tapi tetep bisa duet! Perbedaan usia, pendidikan, atau latar belakang bikin pandangan kita unik. Biar yakin, coba dalemin pendapatmu dengan baca berita atau data, lalu share dengan fakta, kayak, ‘Aku dukung ini karena data bilang gini.’ Diskusi dengan sopan, tanya, ‘Kamu mikir gitu kenapa?’ Kalau ragu, cari grup yang terbuka diskusi. Ceritain topik politik yang bikin ragu, aku bantu kasih cara buat pede!;GROK;A3_GROK_PsikologiKomunikasi95-116_24.json;ngerasa politik medsos temen ragu yakin politik duet usia didik latar belakang pandang unik yakin dalemin baca berita data fakta dukung data diskusi sopan mikir ragu grup diskusi topik politik ragu pede;9;0.2362952885316254;medsos - takut - diri - temen - sosial - konten - dukung - grup - media - komen;9_medsos_konten_media_media sosial;ngerasa politik medsos temen ragu yakin politik duet usia didik latar belakang pandang unik yakin dalemin baca berita data fakta dukung data diskusi sopan mikir ragu grup diskusi topik politik ragu pede
Aku pengen bikin grup medsos yang bikin orang merasa didukung, tapi takut nggak nyambung. Gimana caranya biar grupku hidup?;Bikin grup yang suportif itu kayak ciptain kafe virtual yang bikin orang betah! Biar hidup, mulailah dengan vibe positif, kayak posting, ‘Hari ini apa yang bikin kalian senyum?’ Ajak anggota share, misalnya, ‘Ceritain momen bahagia kalian!’ Kasih pujian, ‘Keren ceritamu!’ biar merasa dihargai. Dengarkan dan balas komen biar hubungan erat. Sisipkan topik yang bikin seneng, kayak tips self-care. Ceritain ide grupmu, aku bantu kasih ide biar grupmu rame dan hangat!;GROK;A3_GROK_PsikologiKomunikasi95-116_24.json;grup medsos dukung takut nyambung grup hidup grup suportif ciptain kafe virtual betah hidup vibe positif posting senyum anggota momen bahagia puji keren harga dengar balas komen erat sisip topik neng tips self care grup grup rame hangat;9;0.1564338278260339;medsos - takut - diri - temen - sosial - konten - dukung - grup - media - komen;-1_diri_takut_sendiri_kecil;grup medsos dukung takut nyambung grup hidup grup suportif ciptain kafe virtual betah hidup vibe positif posting senyum anggota momen bahagia puji keren harga dengar balas komen erat sisip topik neng tips self care grup grup rame hangat
Aku pengen ikut diskusi isu sosial di medsos, tapi takut pendapatku dianggap salah. Gimana caranya biar aku berani?;Ikut diskusi isu sosial itu kayak masuk panggung debat, deg-degan tapi seru! Biar berani, coba mulai dengan pendapat sederhana di grup yang terbuka, kayak, ‘Aku mikir gini soal isu ini, kalian apa?’ Dukung pendapatmu dengan fakta, misalnya, ‘Aku baca artikel bilang gini.’ Jaga nada sopan, dan kalau ada yang nggak setuju, balas, ‘Makasih, aku pikirin.’ Ingat, pendapatmu berharga! Ceritain isu yang pengen kamu bahas, aku bantu kasih cara biar percaya diri!;GROK;A3_GROK_PsikologiKomunikasi95-116_24.json;diskusi sosial medsos takut anggap salah berani diskusi sosial masuk panggung debat degan seru berani sederhana grup mikir dukung fakta baca artikel jaga sopan tuju balas makasih pikirin ingat harga bahas percaya diri;9;0.2447941695119694;medsos - takut - diri - temen - sosial - konten - dukung - grup - media - komen;9_medsos_konten_media_media sosial;diskusi sosial medsos takut anggap salah berani diskusi sosial masuk panggung debat degan seru berani sederhana grup mikir dukung fakta baca artikel jaga sopan tuju balas makasih pikirin ingat harga bahas percaya diri
Aku takut ikut-ikutan emosi massa di medsos, kayak komen pedas. Gimana caranya biar aku tetep tenang?;Ikut emosi massa di medsos itu kayak terbawa ombak, bikin panas! Biar tenang, coba tarik napas dalam 10 detik sebelum komen, tanya diri, ‘Ini pendapatku atau cuma ikutan?’ Tulis emosimu di catatan pribadi dulu, biar reda. Baca sumber asli isunya, bukan cuma komen orang. Fokus ke akun yang kasih vibe positif, kayak motivasi. Kalau mau komen, bilang, ‘Aku mikir gini, tapi terbuka buat diskusi.’ Ceritain momen kebawa emosi, aku bantu kasih trik buat stay cool!;GROK;A3_GROK_PsikologiKomunikasi95-116_24.json;takut emosi massa medsos komen pedas tenang emosi massa medsos bawa ombak panas tenang detik komen diri emosi catat pribadi reda baca sumber asli bukan komen vibe positif motivasi komen mikir diskusi momen bawa emosi trik stay cool;9;0.3601548523752438;medsos - takut - diri - temen - sosial - konten - dukung - grup - media - komen;-1_diri_takut_sendiri_kecil;takut emosi massa medsos komen pedas tenang emosi massa medsos bawa ombak panas tenang detik komen diri emosi catat pribadi reda baca sumber asli bukan komen vibe positif motivasi komen mikir diskusi momen bawa emosi trik stay cool
Aku ngerasa pendapatku soal isu lingkungan di medsos nggak didenger karena beda sama mayoritas. Gimana caranya biar aku tetep semangat?;Beda sama mayoritas itu kayak nyanyi lagu unik di tengah hits, tapi kamu tetep bisa bersinar! Pendapat lingkungan itu penting, meski sulit ngubah mayoritas. Coba share dengan fakta menarik, kayak, ‘1 pohon bisa nyedot 48 pon CO2 setahun!’ Gabung grup lingkungan biar nemu temen sefrekuensi. Balas kritik dengan sopan, ‘Aku ngerti, tapi ini pandanganku.’ Tetap konsisten, pendapatmu berharga! Ceritain isu lingkungan yang kamu angkat, aku bantu kasih semangat!;GROK;A3_GROK_PsikologiKomunikasi95-116_24.json;ngerasa medsos didenger mayoritas semangat mayoritas unik tengah hits sinar penting sulit ngubah mayoritas fakta pohon nyedot tahun gabung grup nemu temen frekuensi balas kritik sopan pandang tetap konsisten harga angkat semangat;9;0.3853951856711431;medsos - takut - diri - temen - sosial - konten - dukung - grup - media - komen;-1_diri_takut_sendiri_kecil;ngerasa medsos didenger mayoritas semangat mayoritas unik tengah hits sinar penting sulit ngubah mayoritas fakta pohon nyedot tahun gabung grup nemu temen frekuensi balas kritik sopan pandang tetap konsisten harga angkat semangat
Aku ngerasa pendapatku di grup medsos nggak dianggep, mungkin karena aku lebih muda. Gimana caranya biar dihargai?;Nggak dianggep karena usia itu kayak nyanyi tapi suaramu belum kedenger, tapi kamu pasti bisa! Pendapatmu dipengaruhi pengalaman dan usia, tapi tetep berharga. Coba sampaikan dengan fakta, kayak, ‘Aku baca ini, jadi mikir gitu.’ Jaga nada sopan, tanya, ‘Kalian setuju nggak?’ Tunjukkin antusiasme, dan puji pendapat lain, ‘Ide kamu keren, aku tambahin ya?’ Kalau masih diabaikan, DM admin grup. Ceritain grupmu, aku bantu kasih cara biar suaramu dihargai!;GROK;A3_GROK_PsikologiKomunikasi95-116_24.json;ngerasa grup medsos dianggep muda harga dianggep usia kedenger pengaruh alam usia harga fakta baca mikir jaga sopan tuju tunjukkin antusiasme puji keren tambahin abai admin grup grup harga;9;0.0893109336773136;medsos - takut - diri - temen - sosial - konten - dukung - grup - media - komen;-1_diri_takut_sendiri_kecil;ngerasa grup medsos dianggep muda harga dianggep usia kedenger pengaruh alam usia harga fakta baca mikir jaga sopan tuju tunjukkin antusiasme puji keren tambahin abai admin grup grup harga
Aku sering ngerasa terpengaruh berita di medsos, kayak gampang setuju. Gimana caranya biar aku lebih objektif?;Terpengaruh berita medsos itu kayak ikut nyanyi lagu populer tanpa cek maknanya! Media emang jago ngatur persepsi lewat agenda-setting dan framing. Biar objektif, coba cek sumber berita, tanya, ‘Ini dari mana?’ Baca dua sisi, kayak artikel pro dan kontra. Tulis pendapatmu sendiri dulu, misalnya, ‘Aku mikir gini, bener nggak?’ Diskusi sama temen yang beda pandangan. Ceritain berita yang bikin gampang setuju, aku bantu kasih trik buat jaga pikiran jernih!;GROK;A3_GROK_PsikologiKomunikasi95-116_24.json;ngerasa pengaruh berita medsos gampang tuju objektif pengaruh berita medsos populer makna media emang jago ngatur persepsi lewat agenda setting framing objektif sumber berita baca sisi artikel kontra sendiri mikir diskusi temen pandang berita gampang tuju trik jaga jernih;9;1.0;medsos - takut - diri - temen - sosial - konten - dukung - grup - media - komen;9_medsos_konten_media_media sosial;ngerasa pengaruh berita medsos gampang tuju objektif pengaruh berita medsos populer makna media emang jago ngatur persepsi lewat agenda setting framing objektif sumber berita baca sisi artikel kontra sendiri mikir diskusi temen pandang berita gampang tuju trik jaga jernih
Aku pengen kritik kebijakan pemerintah di medsos, tapi takut dikira nyinyir. Gimana caranya biar kritikku diterima?;Kritik kebijakan itu kayak nyanyi lagu protes, asal pas, bisa bikin orang dengar! Biar diterima, tulis kritikmu dengan fakta, kayak, ‘Data bilang kebijakan ini begini, aku khawatir.’ Jaga nada etis, misalnya, ‘Aku pengen kasih saran biar lebih baik.’ Ajak diskusi, ‘Kalian pikir apa?’ Hindari nyinyir, fokus ke solusi. Post di grup yang terbuka, dan balas komen dengan sopan. Ceritain kebijakan yang pengen kamu kritik, aku bantu susun kata-kata yang bikin orang mangguk!;GROK;A3_GROK_PsikologiKomunikasi95-116_24.json;kritik bijak perintah medsos takut nyinyir kritik terima kritik bijak protes asal dengar terima kritik fakta data bijak begini khawatir jaga etis saran diskusi hindar nyinyir solusi post grup balas komen sopan bijak kritik susun kata kata mangguk;9;0.3071467154255602;medsos - takut - diri - temen - sosial - konten - dukung - grup - media - komen;9_medsos_konten_media_media sosial;kritik bijak perintah medsos takut nyinyir kritik terima kritik bijak protes asal dengar terima kritik fakta data bijak begini khawatir jaga etis saran diskusi hindar nyinyir solusi post grup balas komen sopan bijak kritik susun kata kata mangguk
Aku pengen bikin konten medsos yang dianggap serius, tapi ngerasa nggak cukup kredibel. Gimana caranya biar orang percaya?;Bikin konten yang dianggap serius itu kayak nyanyi lagu yang bikin orang denger serius, kamu pasti bisa! Kredibilitas datang dari kejujuran dan fakta. Coba buat konten dengan data, kayak, ‘Studi bilang gini soal isu ini.’ Share pengalaman pribadi yang autentik, misalnya, ‘Aku coba ini, dan berhasil.’ Jaga konsistensi dan balas komen dengan sopan, biar orang lihat kamu serius. Gabung grup relevan biar diakui. Ceritain kontenmu, aku bantu kasih cara biar orang percaya!;GROK;A3_GROK_PsikologiKomunikasi95-116_24.json;konten medsos anggap serius ngerasa cukup kredibel percaya konten anggap serius denger serius kredibilitas datang jujur fakta konten data studi alam pribadi autentik hasil jaga konsistensi balas komen sopan serius gabung grup relevan konten percaya;9;1.0;medsos - takut - diri - temen - sosial - konten - dukung - grup - media - komen;9_medsos_konten_media_media sosial;konten medsos anggap serius ngerasa cukup kredibel percaya konten anggap serius denger serius kredibilitas datang jujur fakta konten data studi alam pribadi autentik hasil jaga konsistensi balas komen sopan serius gabung grup relevan konten percaya
Aku merasa dukungan dari temen-temenku nggak cukup. Apa sih dukungan sosial yang bener-bener membantu?;"Dukungan sosial yang membantu biasanya bikin kamu merasa dicintai, dihargai, atau punya jaringan yang bisa diandalkan. Ada tiga jenis: emosional, seperti temen yang dengerin curhat; instrumental, seperti bantuan nyata; dan informasional, seperti saran. Apa yang kamu rasa kurang dari temen-temenmu sekarang?";GROK;D11_GROK_AHandbookfortheSMH215-225_20.json;dukung temen temenku cukup dukung sosial dukung sosial cinta harga jaring andal jenis emosional temen dengerin curhat instrumental nyata informasional saran kurang temen temenmu;9;0.0892498157046635;medsos - takut - diri - temen - sosial - konten - dukung - grup - media - komen;-1_diri_takut_sendiri_kecil;dukung temen temenku cukup dukung sosial dukung sosial cinta harga jaring andal jenis emosional temen dengerin curhat instrumental nyata informasional saran kurang temen temenmu
Aku sering merasa dikucilkan karena warna kulitku, ini bikin aku down banget. Apa yang bisa aku lakukan?;Rasa dikucilkan karena diskriminasi itu berat banget, dan wajar kalau kamu merasa down. Ini bukan salahmu, tapi sistem di sekitar yang bikin begini. Coba cari komunitas atau teman yang bisa dukung kamu, yang ngerti pengalamanmu. Juga, mungkin menulis atau ngobrol tentang perasaanmu bisa membantu. Kalau ini terus mengganggu, konselor atau terapis bisa bantu kamu atasi. Aku selalu di sini kalau kamu butuh tempat curhat.;GROK;D11_GROK_AHandbookfortheSMH369-379_20.json;kucil kulit down laku kucil diskriminasi berat down bukan salah begini teman dukung alam terus ganggu konselor terap butuh tempat curhat;9;0.2031084428419955;medsos - takut - diri - temen - sosial - konten - dukung - grup - media - komen;9_medsos_konten_media_media sosial;kucil kulit down laku kucil diskriminasi berat down bukan salah begini teman dukung alam terus ganggu konselor terap butuh tempat curhat
Aku pengen nggak peduli sama berita buruk, tapi susah. Gimana caranya?;Aku paham, kadang berita buruk rasanya nempel di pikiran. Coba batasi waktu kamu buat konsumsi berita, misalnya cuma 10 menit sehari, dan sisanya fokus ke hal-hal yang bikin kamu senang. Mungkin kita bisa cari hobi baru yang seru buat ngalihin perhatian. Apa yang kamu suka lakuin dulu waktu kecil?;GROK;D11_GROK_AHandbookfortheSMH413-423_20.json;peduli berita susah paham berita nempel batas konsumsi berita sisa senang seru ngalihin perhati lakuin kecil;9;1.0;medsos - takut - diri - temen - sosial - konten - dukung - grup - media - komen;9_medsos_konten_media_media sosial;peduli berita susah paham berita nempel batas konsumsi berita sisa senang seru ngalihin perhati lakuin kecil
Aku ngerasa temenku punya masalah mental, tapi dia nggak mau ngaku. Aku harus apa?;Kamu peduli banget, ya. Coba dekati dia pelan-pelan, tanya apa kabar tanpa nyudutin. Kalau dia nggak mau buka, jangan paksa. Yang penting, tunjukin kamu ada buat dia, misalnya ajak ngobrol santai atau kirim pesan dukungan. Kalau kelihatan serius, mungkin saranin dia ngobrol sama profesional.;GROK;D11_GROK_AHandbookfortheSMH446-456_20.json;ngerasa temenku mental ngaku peduli dekat pelan pelan kabar nyudutin jangan paksa penting tunjukin santai kirim pesan dukung serius saranin profesional;9;0.4657835766428325;medsos - takut - diri - temen - sosial - konten - dukung - grup - media - komen;-1_diri_takut_sendiri_kecil;ngerasa temenku mental ngaku peduli dekat pelan pelan kabar nyudutin jangan paksa penting tunjukin santai kirim pesan dukung serius saranin profesional
Aku merasa orang di sekitarku nggak ngerti masalahku karena aku dari kelompok minoritas. Apa yang bisa aku lakukan?;Itu pasti berat, merasa nggak dipahami. Mungkin coba cari komunitas yang punya pengalaman serupa, kayak grup dukungan atau forum online. Berbagi dengan orang yang ngerti konteksmu bisa bikin lega. Kalau mau, aku bisa bantu cari komunitas yang relevan.;GROK;D11_GROK_AHandbookfortheSMH468-478_20.json;kelompok minoritas laku berat paham alam rupa grup dukung forum konteks lega relevan;9;0.2140882287065606;medsos - takut - diri - temen - sosial - konten - dukung - grup - media - komen;9_medsos_konten_media_media sosial;kelompok minoritas laku berat paham alam rupa grup dukung forum konteks lega relevan
Aku ngerasa bersalah banget karena aku HIV positif. Kayaknya ini salahku sendiri. Aku nggak tahu harus ngapain lagi.;Perasaan bersalah itu berat, ya. Tapi, HIV bisa terjadi sama siapa aja, dan itu nggak mendefinisikan nilai kamu sebagai orang. Coba kita fokus ke langkah selanjutnya, misalnya cari dukungan atau info soal perawatan. Apa kamu mau ceritain lebih lanjut biar aku bantu?;GROK;D11_GROK_AHandbookfortheSMH567-577_20.json;ngerasa salah positif salah sendiri tahu salah berat siapa definisi nilai lanjut dukung info awat lanjut;9;0.371814172371782;medsos - takut - diri - temen - sosial - konten - dukung - grup - media - komen;-1_diri_takut_sendiri_kecil;ngerasa salah positif salah sendiri tahu salah berat siapa definisi nilai lanjut dukung info awat lanjut
Emilia, aku ngerasa orang-orang di sekitarku ngejauhin aku karena aku HIV positif. Aku kesepian banget. Apa yang bisa aku lakuin?;Aku sedih banget denger kamu ngerasa kesepian. Stigma itu memang bisa bikin orang menjauh, dan itu nggak adil. Mungkin kamu bisa coba cari komunitas yang mendukung, kayak grup untuk orang dengan HIV. Apa kamu mau aku bantu cari info soal komunitas di dekatmu?;GROK;D11_GROK_AHandbookfortheSMH567-577_20.json;ngerasa ngejauhin positif sepi lakuin sedih denger ngerasa sepi stigma jauh adil dukung grup info dekat;9;0.3225317418190968;medsos - takut - diri - temen - sosial - konten - dukung - grup - media - komen;-1_diri_takut_sendiri_kecil;ngerasa ngejauhin positif sepi lakuin sedih denger ngerasa sepi stigma jauh adil dukung grup info dekat
Aku ngerasa cemas tiap buka media sosial, takut dikira nggak cukup baik. Harusnya aku ngapain?;Wah, media sosial emang bisa bikin kita bandingin diri sama orang lain, ya. Cemas karena takut dihakimi itu wajar, tapi kamu nggak perlu ngerasa harus selalu kelihatan sempurna. Coba kurangin waktu buka medsos, atau pilih akun yang bikin kamu senang, bukan cemas. Kalau mau, kita bisa obrolin apa yang bikin kamu ngerasa 'nggak cukup', biar lebih ringan.;GROK;D12_GROK_ClinicalHandbookPsychologicalDisorders231-241_20.json;ngerasa cemas media sosial takut cukup media sosial emang bandingin diri cemas takut hakim perlu ngerasa sempurna rangin medsos pilih senang bukan cemas obrolin ngerasa cukup ringan;9;0.2279095898334192;medsos - takut - diri - temen - sosial - konten - dukung - grup - media - komen;9_medsos_konten_media_media sosial;ngerasa cemas media sosial takut cukup media sosial emang bandingin diri cemas takut hakim perlu ngerasa sempurna rangin medsos pilih senang bukan cemas obrolin ngerasa cukup ringan
Aku benci kalau orang bilang aku harus makan lebih banyak. Aku merasa diserang. Gimana ngatasinnya?;Aku paham itu bisa bikin kamu merasa nggak nyaman atau disalahkan. Orang mungkin nggak bermaksud jahat, tapi komentar mereka bisa terasa menyakitkan. Mungkin kita bisa coba cara untuk menanggapi komentar itu dengan tenang, atau ceritain ke mereka apa yang kamu rasakan. Mau coba latihan bareng?;GROK;D12_GROK_ClinicalHandbookPsychologicalDisorders726-736_20.json;benci makan serang ngatasinnya paham nyaman salah jahat komentar sakit tanggap komentar tenang bareng;9;0.3779503566832729;medsos - takut - diri - temen - sosial - konten - dukung - grup - media - komen;-1_diri_takut_sendiri_kecil;benci makan serang ngatasinnya paham nyaman salah jahat komentar sakit tanggap komentar tenang bareng
Aku merasa jelek kalau lihat orang di medsos. Apa yang harus aku lakukan?;Medsos sering nunjukin gambaran yang nggak realistis, karena banyak foto diedit atau dipilih yang terbaik. Coba kurangi waktu buka medsos, atau ikuti akun yang bikin kamu merasa positif. Kita juga bisa coba fokus ke hal yang kamu suka dari dirimu. Mau coba buat daftar hal yang kamu banggakan dari diri sendiri?;GROK;D12_GROK_ClinicalHandbookPsychologicalDisorders748-758_20.json;jelek medsos laku medsos nunjukin realistis edit pilih kurang medsos positif diri daftar bangga diri sendiri;9;0.3845331022800636;medsos - takut - diri - temen - sosial - konten - dukung - grup - media - komen;9_medsos_konten_media_media sosial;jelek medsos laku medsos nunjukin realistis edit pilih kurang medsos positif diri daftar bangga diri sendiri
Aku nggak suka orang komentar soal badanku. Gimana cara ngadepin ini?;Komentar soal badan emang bisa bikin nggak nyaman. Coba latih cara menanggapi yang bikin kamu merasa kuat, seperti bilang, 'Aku nggak nyaman bahas ini.' Atau alihkan obrolan ke topik lain. Kita bisa latihan bareng cara menanggapi yang cocok buatmu. Mau coba apa dulu?;GROK;D12_GROK_ClinicalHandbookPsychologicalDisorders748-758_20.json;komentar badan ngadepin komentar badan emang nyaman tanggap kuat nyaman bahas obrol topik bareng tanggap cocok;9;0.3229541809631155;medsos - takut - diri - temen - sosial - konten - dukung - grup - media - komen;-1_diri_takut_sendiri_kecil;komentar badan ngadepin komentar badan emang nyaman tanggap kuat nyaman bahas obrol topik bareng tanggap cocok
Aku sering main media sosial berjam-jam dan malah ngerasa makin sedih. Kenapa bisa begitu?;Itu bisa terjadi karena media sosial memengaruhi cara otakmu bekerja. Kalau terlalu lama, kamu bisa jadi merasa kesepian, frustrasi, atau sedih karena membandingkan diri dengan orang lain. Bukan berarti media sosial selalu buruk, tapi kuncinya ada di cara menggunakannya. Coba batasi waktu, dan gunakan dengan bijak untuk hal-hal positif. Ingat, kamu yang mengendalikan media sosial, bukan sebaliknya.;GPT;D13_GPT_BrainPower2-12_12.json;main media sosial malah ngerasa makin sedih media sosial pengaruh otak kerja terlalu lama sepi frustrasi sedih banding diri bukan arti media sosial kunci batas bijak positif ingat kendali media sosial bukan balik;9;1.0;medsos - takut - diri - temen - sosial - konten - dukung - grup - media - komen;9_medsos_konten_media_media sosial;main media sosial malah ngerasa makin sedih media sosial pengaruh otak kerja terlalu lama sepi frustrasi sedih banding diri bukan arti media sosial kunci batas bijak positif ingat kendali media sosial bukan balik
Saya takut debat membuat hubungan saya retak. Bagaimana cara berdiskusi yang tetap ramah tapi menantang?;Fokus pada rasa ingin tahu, bukan kemenangan. Gunakan pertanyaan terbuka, dengarkan aktif, dan ungkapkan pandanganmu tanpa menyerang. Tetapkan batas: jika topik memanas, setujui untuk berhenti dan melanjutkan nanti. Hubungan lebih penting daripada membuktikan benar-salah.;GPT;D13_GPT_BrainPower79-89_30.json;takut debat retak diskus tetap ramah tantang tahu bukan menang dengar ungkap pandang serang tetap batas topik panas tuju henti lanjut penting bukti salah;9;0.1730177279853804;medsos - takut - diri - temen - sosial - konten - dukung - grup - media - komen;9_medsos_konten_media_media sosial;takut debat retak diskus tetap ramah tantang tahu bukan menang dengar ungkap pandang serang tetap batas topik panas tuju henti lanjut penting bukti salah
Saya takut memberi informasi salah saat mengajar. Bagaimana mengatasinya?;"Jujur tentang batasanmu—katakan jika ada hal yang perlu kamu pelajari juga. Dorong diskusi dua arah; belajar bersama dapat mengurangi tekanan 'harus tahu segalanya'. Jika perlu, persiapkan materi dasar dan rujuk sumber terpercaya saat mengajar.";GPT;D13_GPT_BrainPower79-89_30.json;takut beri salah jujur batas kata perlu dorong diskusi arah kurang tekan tahu segala perlu siap materi rujuk sumber percaya;9;0.4343583523794836;medsos - takut - diri - temen - sosial - konten - dukung - grup - media - komen;-1_diri_takut_sendiri_kecil;takut beri salah jujur batas kata perlu dorong diskusi arah kurang tekan tahu segala perlu siap materi rujuk sumber percaya
Sahabatku suportif tapi sering meremehkan masalahku. Apa yang harus kulakukan?;Bicarakan batasan: ‘Aku butuh didengar dulu sebelum diberi saran.’ Bila pola tak berubah, perkuat jejaring lain agar tak bergantung pada satu sumber dukungan.;GPT;D1_GPT_HealthPsycology168-183_30.json;sahabat suportif remeh laku bicara batas butuh dengar beri saran bila pola ubah kuat jejaring sumber dukung;9;0.0931869809661131;medsos - takut - diri - temen - sosial - konten - dukung - grup - media - komen;-1_diri_takut_sendiri_kecil;sahabat suportif remeh laku bicara batas butuh dengar beri saran bila pola ubah kuat jejaring sumber dukung
Haruskah saya berhenti menggunakan media sosial sementara?;Bisa jadi bermanfaat. Cobalah ‘detoks digital’ harian, misalnya offline setelah pukul 20.00, dan ikuti akun yang memberi semangat, bukan sebaliknya.;GPT;D1_GPT_HealthPsycology250-268_50.json;henti media sosial manfaat detoks digital pukul beri semangat bukan balik;9;1.0;medsos - takut - diri - temen - sosial - konten - dukung - grup - media - komen;9_medsos_konten_media_media sosial;henti media sosial manfaat detoks digital pukul beri semangat bukan balik
Saya sering main sosmed, tapi kadang malah bikin saya cemas. Bagaimana internet bisa bantu atau justru bikin stres, dan apa yang bisa saya lakukan?;Wah, kamu peka banget sama dampak sosmed—itu langkah keren! Internet bisa jadi temen yang asyik, seperti nemu komunitas yang suportif, tapi juga bisa bikin cemas kalau kamu banding-bandingin diri sama orang lain di sosmed. Untuk jaga keseimbangan, coba batasi waktu online, misalnya 1 jam sehari, dan ikuti akun yang bikin kamu semangat, seperti yang share quotes positif. Luangkan waktu buat aktivitas offline, seperti jalan-jalan atau baca buku. Apa yang biasanya bikin kamu cemas di sosmed, dan apa yang bisa kamu coba kurangi?;GROK;D1_GROK_HealthPsycology1-55_67.json;main sosmed malah cemas internet justru stres laku peka dampak sosmed keren internet temen asyik nemu suportif cemas banding bandingin diri sosmed jaga imbang batas semangat quotes positif luang aktivitas jalan jalan baca buku cemas sosmed kurang;9;1.0;medsos - takut - diri - temen - sosial - konten - dukung - grup - media - komen;9_medsos_konten_media_media sosial;main sosmed malah cemas internet justru stres laku peka dampak sosmed keren internet temen asyik nemu suportif cemas banding bandingin diri sosmed jaga imbang batas semangat quotes positif luang aktivitas jalan jalan baca buku cemas sosmed kurang
Apakah menceritakan pengalamanku di media sosial berguna atau justru memberi stigma?;Bagikan dengan batas kenyamananmu dan gunakan akun aman. Kisah autentik bisa meningkatkan kesadaran publik, namun utamakan keselamatan digital.;GPT;D2_GPT_DrAndrewClinicalPsychology44-64_60.json;alam media sosial justru beri stigma batas nyaman kisah autentik tingkat publik utama selamat digital;9;0.4868791472527772;medsos - takut - diri - temen - sosial - konten - dukung - grup - media - komen;9_medsos_konten_media_media sosial;alam media sosial justru beri stigma batas nyaman kisah autentik tingkat publik utama selamat digital
Aku takut salah kalau harus presentasi materi. Gimana caranya biar pede?;Rasa takut itu wajar, kok. Coba latih materi presentasimu di depan cermin atau temen, biar kamu lebih terbiasa. Kalau salah, nggak apa-apa, anggap itu kesempatan buat belajar. Ingat, audiens biasanya nggak terlalu perhatikan kesalahan kecil, mereka lebih fokus sama pesanmu. Kamu pasti bisa!;GROK;D3_GROK_PengantarPsikologiAdnan89-99_20.json;takut salah presentasi materi pede takut materi presentasi depan cermin temen salah anggap sempat ingat audiens terlalu perhati salah kecil pesan;9;0.440750918765143;medsos - takut - diri - temen - sosial - konten - dukung - grup - media - komen;-1_diri_takut_sendiri_kecil;takut salah presentasi materi pede takut materi presentasi depan cermin temen salah anggap sempat ingat audiens terlalu perhati salah kecil pesan
Aku benci banget kalau dikritik, rasanya kayak diserang. Kenapa gitu?;Wah, wajar kok merasa nggak nyaman sama kritik, apalagi kalau rasanya personal. Ini bisa terkait sama kebutuhan untuk merasa diterima atau menghindari rasa malu. Coba ceritain, apa yang biasanya bikin kamu merasa diserang? Mungkin kita bisa cari cara buat ngeliat kritik dari sisi lain.;GROK;D4_GROK_PengantarPsikologiBimoW233-248_22.json;benci kritik serang nyaman kritik personal kait butuh terima hindar malu serang ngeliat kritik sisi;9;0.0965964440191528;medsos - takut - diri - temen - sosial - konten - dukung - grup - media - komen;-1_diri_takut_sendiri_kecil;benci kritik serang nyaman kritik personal kait butuh terima hindar malu serang ngeliat kritik sisi
Aku merasa orang lain lebih bahagia dari aku, kenapa aku begini?;Membandingkan diri sama orang lain bisa bikin kita merasa kurang, ya. Coba renungkan apa yang bikin kamu merasa orang lain lebih bahagia—mungkin media sosial? Ingat, orang cuma nunjukin sisi baiknya. Fokus pada hal kecil yang bikin kamu senang, seperti hobi atau waktu sama temen. Kalau perasaan ini berat, bicara sama seseorang bisa bantu. Apa yang lagi bikin kamu merasa kurang bahagia?;GROK;D4_GROK_PengantarPsikologiBimoW35-45_20.json;bahagia begini banding diri kurang renung bahagia media sosial ingat nunjukin sisi kecil senang temen berat bicara kurang bahagia;9;1.0;medsos - takut - diri - temen - sosial - konten - dukung - grup - media - komen;9_medsos_konten_media_media sosial;bahagia begini banding diri kurang renung bahagia media sosial ingat nunjukin sisi kecil senang temen berat bicara kurang bahagia
Aku ngerasa stres gara-gara politik di berita. Aku pengen cuek aja, tapi susah. Ada saran?;Politik memang di luar kendali kita, dan berita kadang bikin pusing. Coba batasi waktu buat konsumsi berita, misalnya cuma 15 menit sehari, dan alihkan energi ke hal yang bikin kamu tenang, seperti baca buku atau jalan-jalan. Apa yang biasanya bikin kamu rileks pas stres begini?;GROK;D5_GROK_MindfullLife11-20_20.json;ngerasa stres gara gara politik berita cuek susah saran politik luar kendali berita pusing batas konsumsi berita energi tenang baca buku jalan jalan rileks stres begini;9;0.3184300752317131;medsos - takut - diri - temen - sosial - konten - dukung - grup - media - komen;9_medsos_konten_media_media sosial;ngerasa stres gara gara politik berita cuek susah saran politik luar kendali berita pusing batas konsumsi berita energi tenang baca buku jalan jalan rileks stres begini
Kenapa aku selalu merasa orang lain itu pamer kalau cerita tentang kebahagiaan mereka di media sosial?;Mungkin bukan mereka yang pamer, tapi kita yang sedang melihat dari kaca yang kotor. Kadang, hati kita dipenuhi rasa iri atau kurang percaya diri, jadi apa yang orang lain bagikan terasa seperti menyombongkan diri. Coba kita bersihkan dulu ‘jendela’ kita dengan melihat niat baik mereka, mungkin mereka hanya ingin berbagi kebahagiaan.;GROK;D7_GROK_SeniMenyiksaDiri18-28_15.json;pamer bahagia media sosial bukan pamer sedang kaca kotor hati penuh kurang percaya diri sombong diri jendela niat bahagia;9;1.0;medsos - takut - diri - temen - sosial - konten - dukung - grup - media - komen;9_medsos_konten_media_media sosial;pamer bahagia media sosial bukan pamer sedang kaca kotor hati penuh kurang percaya diri sombong diri jendela niat bahagia
Aku takut dikira jelek kalau nggak ikut standar kecantikan yang ada di media. Apa aku salah?;Kamu nggak salah, tapi media sering menunjukkan standar yang nggak realistis. Kecantikan itu nggak cuma soal penampilan, tapi juga tentang bagaimana kamu merasa nyaman dengan dirimu sendiri. Apa satu hal yang bikin kamu merasa cantik atau spesial dari dalam?;GROK;D8_GROK_BerdamaiDenganDiriSendiri10-20_20.json;takut jelek standar cantik media salah salah media tunjuk standar realistis cantik tampil nyaman diri sendiri cantik spesial;9;0.341752953642718;medsos - takut - diri - temen - sosial - konten - dukung - grup - media - komen;9_medsos_konten_media_media sosial;takut jelek standar cantik media salah salah media tunjuk standar realistis cantik tampil nyaman diri sendiri cantik spesial
Aku suka banget pamer di media sosial biar orang kagum. Tapi kok malah merasa kosong?;Pamer buat dapat perhatian memang bisa bikin kita merasa hampa kalau itu cuma topeng. Coba cari kebahagiaan dari dalam, seperti mengejar hobi yang bikin kamu senang tanpa perlu validasi orang lain.;GROK;D9_GROK_EgoIsTheEnemy106-116_20.json;pamer media sosial kagum malah kosong pamer perhati hampa topeng bahagia kejar senang perlu validasi;9;1.0;medsos - takut - diri - temen - sosial - konten - dukung - grup - media - komen;9_medsos_konten_media_media sosial;pamer media sosial kagum malah kosong pamer perhati hampa topeng bahagia kejar senang perlu validasi
Aku suka pamer di medsos biar orang tahu aku sukses, apa itu salah?;Pamer sedikit wajar, tapi kalau tujuannya cuma cari perhatian, itu bisa bikin kamu lupa tujuan aslimu. Coba pikir, apa postingan itu bikin kamu lebih baik, atau cuma bikin orang lain iri?;GROK;D9_GROK_EgoIsTheEnemy117-127_20.json;pamer medsos tahu sukses salah pamer tuju perhati lupa tuju asli postingan;9;1.0;medsos - takut - diri - temen - sosial - konten - dukung - grup - media - komen;9_medsos_konten_media_media sosial;pamer medsos tahu sukses salah pamer tuju perhati lupa tuju asli postingan
Aku gak suka dikritik, rasanya kayak diserang. Gimana biar gak gitu?;Kritik emang bisa bikin gak nyaman, tapi coba lihat sebagai saran buat berkembang, bukan serangan. Dengarkan dulu dengan tenang, tanya diri sendiri apa yang bisa kamu ambil dari situ. Dengan latihan, kamu bakal lebih mudah nerima masukan tanpa merasa terpojok.;GROK;D9_GROK_EgoIsTheEnemy195-204_20.json;kritik serang kritik emang nyaman saran kembang bukan serang dengar tenang diri sendiri situ mudah nerima masuk pojok;9;0.0965785172003903;medsos - takut - diri - temen - sosial - konten - dukung - grup - media - komen;-1_diri_takut_sendiri_kecil;kritik serang kritik emang nyaman saran kembang bukan serang dengar tenang diri sendiri situ mudah nerima masuk pojok
Aku suka pamer di media sosial biar orang kagum. Tapi kok rasanya kosong. Kenapa ya?;Pamer kadang bikin kita merasa dihargai sesaat, tapi nggak selalu bikin bahagia dalam. Coba cari kepuasan dari dalam, seperti mengerjakan sesuatu yang kamu sukai tanpa perlu dipamerkan. Apa aktivitas yang bikin kamu lupa waktu karena asyik?;GROK;D9_GROK_EgoIsTheEnemy205-216_20.json;pamer media sosial kagum kosong pamer harga bahagia puas kerja perlu pamer aktivitas lupa asyik;9;1.0;medsos - takut - diri - temen - sosial - konten - dukung - grup - media - komen;9_medsos_konten_media_media sosial;pamer media sosial kagum kosong pamer harga bahagia puas kerja perlu pamer aktivitas lupa asyik
Aku suka banget pamer di media sosial pas sukses. Ini bahaya nggak?;Hehe, wajar sih pengen berbagi momen bahagia! Tapi kalau terlalu sering, bisa bikin kamu haus pengakuan. Coba seimbangkan dengan berbagi hal-hal yang bermanfaat buat orang lain, kayak tips atau inspirasi. Itu lebih bikin hati tenang.;GROK;D9_GROK_EgoIsTheEnemy25-36_20.json;pamer media sosial sukses bahaya hehe momen bahagia terlalu haus imbang manfaat tips inspirasi hati tenang;9;1.0;medsos - takut - diri - temen - sosial - konten - dukung - grup - media - komen;9_medsos_konten_media_media sosial;pamer media sosial sukses bahaya hehe momen bahagia terlalu haus imbang manfaat tips inspirasi hati tenang
Aku nggak bisa berhenti mikirin kritik pedas dari bosku. Gimana caranya move on?;Kritik pedas bisa bikin kita terpuruk, tapi jangan biarkan itu mendefinisikanmu. Tanya: apa yang bisa aku pelajari dari kritik ini? Fokus pada langkah kecil untuk memperbaiki diri, dan ingat, nilai dirimu nggak ditentukan oleh satu komentar.;GROK;D9_GROK_EgoIsTheEnemy271-282_20.json;henti mikirin kritik pedas move kritik pedas puruk jangan definisi kritik kecil diri ingat nilai diri komentar;9;0.0966109060588605;medsos - takut - diri - temen - sosial - konten - dukung - grup - media - komen;-1_diri_takut_sendiri_kecil;henti mikirin kritik pedas move kritik pedas puruk jangan definisi kritik kecil diri ingat nilai diri komentar
Kadang aku pengen protes kalau diperlakukan nggak adil, tapi takut malah bikin masalah. Apa yang harus aku lakukan?;Protes itu manusiawi, tapi coba pikir dulu: apa tujuan utamamu? Kalau protes bisa mengalihkan fokus dari tujuan besar, mungkin lebih baik menahan diri sementara. Cari cara lain untuk menunjukkan nilai dirimu, misalnya dengan hasil kerja yang solid.;GROK;D9_GROK_EgoIsTheEnemy94-105_20.json;protes laku adil takut malah laku protes manusiawi tuju utama protes tuju tahan diri tunjuk nilai diri hasil kerja solid;9;0.189534112170071;medsos - takut - diri - temen - sosial - konten - dukung - grup - media - komen;9_medsos_konten_media_media sosial;protes laku adil takut malah laku protes manusiawi tuju utama protes tuju tahan diri tunjuk nilai diri hasil kerja solid
