index,question,document,old_topic,new_topic,similarity,reassigned,stage
0,Apa itu memvalidasi pikiran sendiri?,memvalidasi sendiri data dukung tolak yakin gagal bukti kuat ubah versi realistis sehat dialog internal,-1,10,0.70636725,True,high
5,Kenapa tertawa membantu setelah gagal?,tertawa gagal tawa turun hormon stres dopamin reward viktor frankl bahkan masuk humor strategi tahan mental,-1,12,0.75191665,True,high
7,Mengapa sukses tidak selalu wajib?,sukses wajib tuju hidup tumbuh relasi kontribusi wakil angka sukses konvensional carol dweck tekan penting growth mindset,-1,10,0.71873325,True,high
8,Kenapa sukses terasa lebih nikmat setelah jatuh?,sukses nikmat jatuh kontras alam picu lepas dopamin target capai menang earned,-1,2,0.6423751,True,high
9,Bagaimana belajar kendali diri dari orang lain?,kendali diri role model hadap situasi rupa strategi adaptasi observational learning albert bandura efektif hemat,-1,10,0.6738434,True,high
10,Kenapa penting memasang deadline konkret?,penting pasang deadline konkret deadline sense urgency panik hukum parkinson kata kerja kembang sesuai sedia tenggat cegah,-1,0,0.71950614,True,high
11,Aku merasa kesepian di SMP dulu. Apa dampaknya sekarang?,sepi dampak alam remaja bentuk percaya teman luka sembuh intim hangat relasi dewasa lambat,-1,0,0.72835314,True,high
12,Apakah teori ini relevan bagi orang yang juga merasa terasing?,teori relevan asing justru relevan sullivan tunjuk sendiri paham relasi suportif sendiri,-1,10,0.6666921,True,high
13,Aku sering merasa ‘haus pelukan’. Apakah itu kebutuhan interpersonal?,haus peluk butuh interpersonal sentuh hangat reda tegang emosional minta peluk detik percaya hormon oksitosin tenang,-1,0,0.77161974,True,high
14,"Saat dikritik, aku otomatis defensif. Apakah self‑system sedang aktif?",kritik otomatis defensif self sedang betul jeda jenak detail kritik jelas self perlu serang balik,-1,0,0.7070444,True,high
17,Bagaimana mengurangi rasa sepi kronis?,kurang sepi kronis interaksi singkat sapa barista grup positif relasi perlahan,-1,0,0.67079467,True,high
19,Remaja saya bingung soal pergaulan pacaran. Tips menjaga aman?,remaja gaul pacar tips jaga bicara batas fisik emosi dorong aktivitas kelompok akses seks sehat,-1,12,0.6733172,True,high
20,Remaja saya channel energi ke seni. Apakah itu baik?,remaja channel energi seni seni salur emosi eksplorasi identitas edukasi seks siap,-1,10,0.7540946,True,high
25,"Usiaku sudah 40‑an, terlambatkah mengubah sifat perfeksionis berlebihan?",usia lambat ubah sifat perfeksionis lambat otak tetap plastis mindful self compassion arah perfeksionisme standar sehat bukan beban,-1,12,0.72696555,True,high
27,Aku sering merasa ‘gagal’. Bagaimana pendekatan humanistik bisa membantu?,gagal dekat humanistik humanistik diri pribadi nila tumbuh proses bukan sekadar hasil jalan ringan,-1,2,0.66435593,True,high
28,Bagaimana teori‑teori ini relevan untuk karierku?,teori teori relevan karier paham pribadi pilih gaya kerja harmonis kelola stres modal penting raih tuju karier jalan sehat mental,-1,0,0.6920373,True,high
29,Kenapa aku suka impulsif belanja online tengah malam?,impulsif belanja tengah senang cepat tunda klik lama beri ruang nilai barang perlu,-1,3,0.7066747,True,high
31,Aku takut dipecat (kecemasan realistis) dan juga takut mengecewakan orang tua (moral). Cara menanganinya?,takut pecat cemas realistis takut kecewa moral tangan pisah fakta sempurna rencana kerja nyata risiko kantor yakin diri nilai diri prestasi,-1,0,0.7989972,True,high
32,Aku cenderung menganalisis masalah tanpa pernah menangis. Baik atau buruk?,cenderung analis menang analisis emosi perlu ruang sisih tonton film haru tegang tumpuk,-1,0,0.7173737,True,high
33,Mengapa aku panik jika meja kerja berantakan?,panik meja kerja beranta cermin butuh kontrol tahap anal toleransi kacau kecil longgar tegang perfeksionis,-1,10,0.7696645,True,high
35,Aku sulit menolak permintaan teman. Bagaimana belajar assertive?,sulit tolak minta teman assertive singkat maaf ingat kata arti ruang prioritas,-1,0,0.70575684,True,high
36,Berapa lama membentuk kebiasaan optimis?,berapa lama bentuk optimis studi tunjuk rata rata afirmasi pagi syukur evaluasi maju bulan,-1,10,0.63140035,True,high
37,Aku ingin lebih disiplin tapi teman kurang mendukung. Apa solusinya?,disiplin teman kurang dukung solusi tuju rupa dukung sosial selaras nilai kuat tekad jalan ubah,-1,0,0.78809416,True,high
38,Aku sering berpikir ‘semua harus sempurna’. Bagaimana mengubahnya?,sempurna ubah tantang cukup maju ulang turun tekan perfeksionis,-1,5,0.7004665,True,high
40,Self‑care favorit introvert?,self care favorit introvert baca buku kafe tenang jurnal jalan sendiri alam aktivitas sunyi beri nutrisi mental,-1,0,0.7567302,True,high
43,"Aku kesepian dan pengen ketemu orang baru, tapi nggak tahu mulai dari mana. Ada ide?",sepi tahu ngurangin sepi giat sukarela acara donasi buku nilai obrol alir alami grup fotografi masak diskusi interaksi kecil bahkan senyum,-1,0,0.78077674,True,high
46,"Aku cemas tiap buka dompet, takut nggak cukup duit. Gimana caranya biar nggak panik?",cemas dompet takut cukup duit panik dompet tipis emang khawatir panik henti fakta saldo batas atur syukur makan catat keluar sederhana pilih kecil rangin kopi tenang catat keluar sore,-1,0,0.80375856,True,high
47,Aku kesal karena atasan bilang presentasiku kurang menarik. Rasanya dihina. Gimana biar nggak baper?,kesal presentasi kurang hina baper komentar nyakitin pisahin fakta presentasi bukan diri mikir hina teknik presentasi udah capai kerja bukti kecil rangin baper slide,-1,0,0.8031167,True,high
48,Aku takut dikira miskin karena pakaianku sederhana. Gimana caranya biar pede sama penampilan?,takut miskin sederhana pede tampil sederhana ragu fakta kain bukan cermin diri bangga senyum nyaman pilih outfit rapi sesuai selera outfit favorit,-1,0,0.74412304,True,high
50,"Aku cemas tiap buka dompet, takut nggak cukup duit. Gimana caranya biar nggak panik?",cemas dompet takut cukup duit panik dompet tipis emang khawatir panik henti fakta saldo batas atur syukur makan catat keluar sederhana pilih hemat masak tenang catat keluar sore,-1,0,0.7781843,True,high
52,"Aku stres karena putus sama pacar, rasanya dunia runtuh. Gimana caranya biar nggak lebay?",stres putus pacar runtuh lebay putus sakit bayangin diri naik balon udara hidup putus kecil panjang syukur temen kecil jalan jalan hidup drama rencana seru akhir pekan,-1,0,0.79779154,True,high
54,"Aku perempuan dan sering cemas soal penampilanku, takut dianggap jelek. Gimana caranya biar lebih pede?",perempuan cemas tampil takut anggap jelek pede tekan tampil lelah bangga diri senyum peduli mikir anggap jelek diri pilih baju nyaman temen suportif ingetin outfit favorit,-1,0,0.8054783,True,high
58,Saya merasa pola hidup saya sekarang tidak sehat. Bisakah saya mengubahnya?,pola hidup sehat ubah ubah pola hidup laku alfred adler gaya hidup bentuk sejak usia tahun ubah sengaja arah tuju ubah kecil meditasi scrolling media sosial pola,-1,5,0.7511064,True,high
59,Saya merasa sulit mandiri karena dulu dimanjakan. Bagaimana cara berubah?,sulit mandiri manja ubah mandiri kuat batin alfred adler gaya hidup manja kurang sosial ubah kecil atur jadwal sendiri hasil mandiri bangga kecil bawa ubah tugas sendiri,-1,5,0.79297173,True,high
61,Saya sering merasa harus lindungi diri dari kritik. Bagaimana cara lebih terbuka?,lindung diri kritik peka alfred adler derita neurosis lindung harga diri takut kritik kritik peluang kritik nyata tumbuh teman dekat kritik hadap,-1,1,0.7276395,True,high
65,Saya merasa mundur saat menghadapi masalah. Bagaimana cara maju lagi?,mundur hadap maju mundur manusiawi kuat maju alfred adler moving backward mirip regresi takut gagal hadap kecil tugas tunda raya hasil tuju kecil minggu gerak maju,-1,0,0.73084587,True,high
66,Saya takut gagal jadi sering tidak bertindak. Bagaimana cara lebih proaktif?,takut gagal tindak proaktif takut gagal gerak maju alfred adler standing still hindar cemas tindak kecil ubah laku tadi tunda kirim email hasil kecil ingat mampu tindak kecil,-1,5,0.7810519,True,high
67,Saya sering ragu saat buat keputusan. Bagaimana cara lebih tegas?,ragu putus tegas ragu kuat tegas alfred adler hesitating muncul takut salah putus kecil pilih menu makan percaya kontra putus putus kecil,-1,0,0.74200714,True,high
68,Saya sering bikin alasan untuk hindari tantangan. Bagaimana cara lebih berani?,alas hindar tantang berani jujur diri sendiri berani alfred adler constructing obstacle hindar tantang alas hadap tantang kecil skill anggap salah alas hadap tantang tantang kecil,-1,4,0.6350808,True,high
71,Saya ingin hubungan yang lebih sehat. Bagaimana cara membangunnya?,sehat sehat tunjuk hati erich fromm cinta hilang diri empat unsur cinta peduli hormat erti dengar teman pasang penuh perhati tindak cinta laku kuat,-1,0,0.77220815,True,high
76,Saya kadang manipulatif untuk dapat apa yang saya mau. Bagaimana cara lebih jujur?,manipulatif jujur berani jujur diri sendiri luar erich fromm tipe eksploitatif jujur tulus nyata bicara momen jujur bangga situasi tangan jujur,-1,10,0.7108327,True,high
78,Saya ingin hidup lebih produktif dan bahagia. Bagaimana cara memulainya?,hidup produktif bahagia mula hidup produktif tuju bahagia erich fromm tipe produktif bebas potensi cinta kerja positif aktivitas kreatif volunteering tuju produktif minggu hidup,-1,0,0.724111,True,high
79,Saya ingin hubungan cinta yang lebih dalam. Bagaimana cara membangunnya?,cinta cinta indah erich fromm cinta produktif empat kualitas peduli hormat erti tunjuk peduli dengar pasang teman sepenuh hati tindak cinta laku,-1,0,0.75250256,True,high
82,Kenapa aku merasa sulit membangun hubungan dekat dengan orang lain?,sulit dekat dekat mudah melanie klein pertama pengaruh kecil sederhana teman nyaman,-1,0,0.667799,True,high
88,"Aku suka banget belajar hal baru, tapi kadang merasa nggak berguna. Apa manfaatnya sih?",manfaat tahu kuat butuh kognitif tumbuh arah penasararanmu baca buku kursus hidup arti,-1,0,0.65552014,True,high
89,"Aku bingung bedain mana yang benar dan salah kadang, apa yang bisa bantu?",bedain salah salah sehat batin nilai jelas paling penting jujur diri sendiri sesuai nilai pegang jelas,-1,0,0.7631288,True,high
90,"Aku suka bercanda, tapi takut orang lain tersinggung. Gimana caranya bercanda yang sehat?",canda takut singgung canda sehat canda seru emang hati hati humor sakit canda ringan alam lucu situasi hindar topik sensitif senang,-1,0,0.8034553,True,high
91,"Aku pengen hubungan yang lebih bermakna, tapi nggak tahu caranya. Ada tips?",makna tahu tips makna impi cinta sehat datang saling harga tumbuh komunikasi jujur pasang laku kecil tunjuk perhati harap,-1,0,0.816718,True,high
92,"Aku merasa kebutuhanku beda sama orang lain, apa aku aneh?",butuh aneh aneh sekali butuh butuh makan sayang butuh cocok penuh unik bukan aneh,-1,0,0.6545663,True,high
93,Saya merasa sulit bersosialisasi dan lebih suka sendiri. Bagaimana cara jadi lebih nyaman dengan orang lain?,sulit sosial sendiri nyaman nyaman sendiri turut robert mccrae paul costa extraversion cenderung sosial introvert nikmat interaksi kecil singkat teman dekat acara kecil momen sosial senang ingat laku bicara minggu,-1,10,0.7866527,True,high
95,"Saya ingin lebih energik di acara sosial, tapi merasa canggung. Bagaimana cara meningkatkan energi saya?",energik acara sosial canggung tingkat energi energik keren robert mccrae paul costa ekstrovert energi sosial tinggi siap topik obrol acara film favorit kurang canggung momen sosial senang tambah semangat acara kecil percaya diri,-1,0,0.7643825,True,high
96,Saya takut dianggap tidak menyenangkan. Bagaimana cara jadi lebih mudah didekati?,takut anggap senang mudah dekat sisi senang sinar robert mccrae paul costa agreeableness mudah dekat tunjuk tari senang dekat tindak ramah,-1,0,0.72117484,True,high
97,Saya sering menunda-nunda tugas. Bagaimana cara lebih disiplin?,tunda nunda tugas disiplin tunda manusiawi disiplin robert mccrae paul costa conscientiousness teknik tugas seringkali lanjut tuju kecil tugas,-1,10,0.72487986,True,high
102,Saya ingin lebih kontrol diri sendiri. Bagaimana cara melatihnya?,kontrol diri sendiri kontrol diri keren tuju tumbuh albert bandura atur diri kelola sosial hindar distraksi mati notifikasi ponsel kerja ruang tuju kecil distraksi kurang,-1,0,0.78078043,True,high
104,"Apa itu tak sadar kolektif, dan kenapa saya merasa terhubung dengan hal-hal aneh?",kolektif aneh aneh kolektif waris leluhur pola universal pengaruh kagum laut mitos kolektif perhati aneh,-1,9,0.69195294,True,high
105,"Saya dengar tentang arsetip Jung. Apa itu, dan apa pengaruhnya pada saya?",dengar arsetip pengaruh arsetip pola kuno penasaran keren arsetip pesona shadow pengaruh tindak pesona wajah publik shadow sisi sembunyi kapan topeng depan kenal arsetip paham diri momen sisi diri,-1,13,0.75291467,True,high
108,Saya bingung antara ingin bertemu orang atau menyendiri. Apa yang harus saya lakukan?,sendiri laku tunjuk sedang jajah sisi diri kaya prinsip oposisi pribadi ekstraversi introversi dengar butuh tenang baca buku koneksi teman ngopi pola lama minggu imbang,-1,0,0.84306383,True,high
109,Saya penasaran dengan terapi Jung. Apa yang akan saya alami?,penasaran terapi alami keren terapi terapi empat tahap konfesi eludikasi paham emosi edukasi transformasi versi bayang ruang tumbuh siap jurnal terapi,-1,1,0.756388,True,high
111,Standarku tinggi hingga merasa selalu kurang. Bagaimana menyehatkan ego ideal?,standar tinggi hingga kurang sehat ideal tahan tetap target tahap raya progres kecil idealisme realitas hilang motivasi,-1,0,0.77989584,True,high
112,Aku hidup di lingkungan yang menilai kesuksesan materi. Bagaimana tetap setia pada nilai keseimbangan?,hidup nilai sukses materi tetap setia nilai imbang definisi sukses versi sehat mental kualitas relasi harga nilai rupa dukung sosial jalan,-1,0,0.7680773,True,high
114,Aku pengasuh pengganti. Bisakah bayi tetap merasa aman?,asuh tetap tatap mata lembut tenang sentuh konsisten intim hangat bukan biologis,-1,0,0.7110628,True,high
117,"Apa tanda kontrol diri masih sehat, tidak kaku?",kontrol diri sehat kaku sesuai atur situasi ubah cemas fleksibilitas otonomi sehat,-1,0,0.72687685,True,high
118,Aku minder di tempat kerja baru. Cara cepat membangun kompetensi?,minder tempat kerja cepat kompetensi target mikro capai kecil tambah bukti mampu tingkat percaya diri,-1,10,0.6795596,True,high
119,Aku iri teman cepat paham coding. Bagaimana mengubah iri jadi dorongan positif?,teman cepat paham coding ubah dorong positif peta terampil asai susun rencana minta mentoring aksi bukan banding,-1,6,0.7060763,True,high
121,Bagaimana menjaga self‑care dalam hubungan asmara?,jaga self care asmara jadwal time rutin komunikasi butuh jujur suatu sehat dukung belah pihak kembang,-1,0,0.77674055,True,high
127,Saya tertarik dengan terapi Jung. Apa yang akan saya alami?,terapi alami keren penasaran terapi journey terapi empat tahap konfesi eludikasi paham emosi edukasi transformasi versi bayang ruang dengar tumbuh siap terapi jurnal terapi,-1,1,0.7913238,True,high
133,Saya merasa hubungan saya dipengaruhi stereotip gender. Bagaimana cara membangun hubungan sehat?,pengaruh stereotip gender sehat bijak dinamika karen horney cemas dorong stereotip gender dominasi musuh sehat komunikasi bicara pasang jujur nilai nilai penting saling hormat kecil imbang,-1,10,0.77008915,True,high
135,"Aku sedih banget HP-ku ilang, rasanya dunia runtuh. Gimana caranya biar nggak lebay?",sedih ilang runtuh lebay ilang emang nyesek bayangin temenmu runtuh hidup temen kecil backup data second bukan temen ketawa bareng,-1,0,0.7265003,True,high
137,"Aku nyesel banget pernah drop out dari kuliah, susah melupain. Gimana caranya biar nggak terjebak?",drop kuliah susah melupain jebak putus lama stuck ubah masa bangga kerja lakuin kursus peluang masa ngajarin nentuin masa depan kursus gratis minggu,-1,11,0.774172,True,high
143,Aku jengkel sama tetangga yang judes tiap ketemu. Gimana caranya biar nggak kesel?,jengkel tetangga judes kesel tetangga judes emang bete balas senyum ramah tanyain diri ramah lanjut judes kecil tenang cuaca cerah lakuin sapa sopan kabar ramah kuat sapa tetangga senyum reaksi,-1,6,0.7471369,True,high
146,Aku sakit hati gara-gara dikira miskin gara-gara bajuku sederhana. Gimana caranya biar nggak baper?,sakit hati gara gara miskin gara gara baju sederhana baper miskin enak miskin baju bangga kerja abai omong balas senyum temen harga kata kata baju favorit pede,-1,0,0.7557469,True,high
147,Aku jengkel sama penutup yang kasar di toko. Gimana caranya biar nggak kesel?,jengkel tutup kasar toko kesel tutup kasar bete balas sopan tanyain diri ramah lanjut kasar tenang belanja udah beres ucapin terima senyum senang ramah kuat balas kasar sopan toko reaksi,-1,0,0.6946537,True,high
150,Aku jengkel sama penjaga toko yang judes. Gimana caranya biar nggak kesel?,jengkel jaga toko judes kesel jaga judes bete balas sopan tanyain diri ramah lanjut judes tenang belanja udah beres ucapin terima senyum senang ramah kuat balas judes sopan toko reaksi,-1,0,0.7271222,True,high
151,Aku capek ngadepin tetangga yang selalu gossip. Gimana caranya biar nggak habis energi?,capek ngadepin tetangga gossip habis energi gossip tetangga lelah tanyain diri worth habisin bahagia keluarga rangin tolak sekali semangat nikmat jalan kaki harga lakuin aktivitas seru,-1,0,0.8249907,True,high
152,Aku jengkel sama pelayan restoran yang judes. Gimana caranya biar nggak kesel?,jengkel restoran judes kesel judes bete balas sopan tanyain diri ramah lanjut judes tenang makan enak ucapin terima senyum senang ramah kuat balas judes sopan restoran reaksi,-1,0,0.73886013,True,high
155,Aku sakit hati gara-gara dikira nggak kompeten di kantor. Gimana caranya biar nggak baper?,sakit hati gara gara kompeten kantor baper kompeten enak kompeten kata bangga proyek abai omong balas senyum kolega harga kata kata tugas pede,-1,0,0.7887027,True,high
159,Aku baru balik dari luar negeri dan susah banget adaptasi di sini. Aku sering baper dan cemas. Apa yang bisa aku lakuin?,balik luar negeri susah adaptasi baper cemas lakuin adaptasi tempat emang gampang kultur udah jalanin masak makan favorit temen lama cemas luangin nulis baper atur lokal klub buku olahraga connect berat profesional salah lewatin,-1,0,0.8081054,True,high
160,"Aku sering ngerasa hidupku penuh kebetulan buruk, kayak apes mulu. Gimana caranya biar nggak merasa gitu?",ngerasa hidup penuh betul apes mulu tahu apes tubi tubi adil hidup situ syukur temen curhat lakuin rencana kecil kendali kuat positif,-1,0,0.7832517,True,high
161,"Aku takut kencan pertamaku awkward, apalagi aku nggak pinter ngobrol. Gimana caranya biar lebih santai?",takut kencan pertama awkward pinter santai kencan pertama degan ngerasa jago siapin siapin simpel film seru senyum ingat kontrol reaksi diri nikmat obrol santai,-1,0,0.8514929,True,high
162,Aku masih nyesel sama pilihan kuliahku dulu. Gimana caranya biar nggak stuck di masa lalu?,pilih kuliah stuck masa pilih masa berat tahu pilih udah diri kerja berani lakuin kursus rencana karir ingat masa nentuin masa depan move,-1,2,0.7495861,True,high
165,"Bisnisku lagi sepi, aku takut bangkrut. Gimana caranya biar nggak panik terus?",bisnis sepi takut bangkrut panik terus tahu bisnis sepi khawatir laku tingkatin kualitas produk promosi langgan lama udah capai bisnis langgan setia produk bangga ingat hasil bisnis sepenuh tangan usaha harga luangin istirahat denger musik kuat promosi minggu,-1,0,0.81324065,True,high
167,Aku takut dikira jelek kalau nggak ikut tren fashion. Gimana caranya biar lebih pede sama gaya sendiri?,takut jelek tren fashion pede gaya sendiri tahu tekan tren nyaman gaya nyaman favorit laku pilih baju pede tren ingat opini opini bukan fakta diri luangin happy denger musik udah keren tunjukin gaya asli,-1,0,0.808558,True,high
169,Aku selalu takut nggak diterima temen kalau nggak ikut gaya mereka. Gimana caranya biar lebih bebas jadi diri sendiri?,takut terima temen gaya bebas diri sendiri tahu takut terima capek unik selera musik laku pilih gaya nyaman temen suportif ingat perlu gaya harga luangin neng tunjukin diri asli,-1,0,0.84376,True,high
173,Apa itu pola pikir 3P dan mengapa itu merusak?,pola rusak pola jebak sulit bangkit musibah pertama personalization salah diri sendiri sepenuh padahal faktor luar kendali pervasiveness gagal rusak aspek hidup permanence yakin derita abadi pola rusak ubah solusi situasi sebut,-1,0,0.77647334,True,high
177,Saya baru saja gagal dalam proyek besar. Saya merasa stuck. Apa yang bisa saya lakukan?,gagal proyek stuck laku gagal proyek jatuh tangga tinggi dengar halang jalan ubah pandang gagal dekat bayang gagal plot twist film bawa arah keren detail proyek stuck gali bareng jalan temuin,-1,9,0.75671506,True,high
180,Saya merasa karir saya mentok dan nggak tahu harus apa. Bagaimana cara saya melihat ini sebagai peluang?,karir mentok tahu peluang karir mentok nyangkut simpang peluang ubah pandang skill situasi jalur kursus networking bayang plot twist hidup jalan keren karirmu mentok gali peluang bareng,-1,0,0.7426677,True,high
182,Mengapa pendidikan untuk anak laki-laki dan perempuan harus setara?,didik anak laki laki perempuan tara didik anak laki laki perempuan tara mampu nalar kreativitas potensi kembang beri didik tara kembang kebaji jujur tangguh batas stereotip gender capai potensi penuh individu,-1,6,0.66449654,True,high
184,Saya merasa nggak bisa apa-apa soal masalah besar seperti polusi. Apa yang bisa saya lakukan biar nggak hopeless?,polusi laku hopeless paham polusi kecil daya kendali polusi sendiri kecil bareng ubah sederhana botol reusable daur ulang aksi kecil bareng padu hopeless kecil,-1,5,0.72783875,True,high
186,Saya merasa perubahan iklim terlalu besar untuk diatasi. Bagaimana cara tetap optimis?,ubah iklim terlalu tetap optimis tahu ubah iklim raksasa kerdil stoisisme kerja kendali gabung lokal ngadain pantai kurang karbon naik sepeda optimisme datang aksi bareng temen pesimis semangat bumi sejuk,-1,0,0.78701276,True,high
190,"Saya lihat tetangga didiskriminasi karena beda suku, tapi takut ikut campur. Bagaimana cara bantu tanpa konflik?",tetangga diskriminasi suku takut campur konflik tahu tetangga diskriminasi hati tenang takut konflik ragu puisi niemoller diam risiko halus tetangga tunjukin peduli lapor diskriminasi sebut nama kecil tanam benih damai tetangga diskriminasi,-1,6,0.74755615,True,high
219,"Aku merasa tertekan karena harus ikut norma temen-temenku, padahal nggak nyaman. Gimana caranya aku tetap jadi diri sendiri?",tekan norma temen temenku padahal nyaman tetap diri sendiri tekan norma temen sesak diri sendiri psikologi norma sosial lupa identitas tetap batas sopan cukup tetap lakuin norma nyaman imbang,-1,0,0.7521629,True,high
220,"Aku sering bingung ngerti situasi sosial, kayak nggak lihat gambaran besarnya. Gimana caranya biar aku lebih paham konteks?",situasi sosial paham konteks situasi sosial puzzle pusing psikologi otak teori gestalt acara sosial siapa suasana tuju acara catat tunjuk senyum topik obrol paham konteks situasi sosial pola seluruh,-1,10,0.788672,True,high
224,"Aku sering coba bercanda pas berantem sama temen, tapi malah bikin dia kesel. Gimana caranya pakai humor yang bener?",canda antem temen malah kesel humor canda antem tengah badai kunci humor ringan nyakitin ribut telat nyengir film drama plot twist telat hindar ejek suasana udah reda ketawa empati serius dengerin momen canda gagal humor,-1,0,0.7491473,True,high
241,"Kalau aku nggak kerja keras, aku takut nggak dihargai. Apa iya gitu?",kerja takut harga harga kualitas konsistensi ketimbang kerja arah bicarain harap overthinking,-1,4,0.77272904,True,high
242,Kadang aku merasa semua masalahku besar banget. Aku harus ngapain biar nggak tenggelam di pikiran ini?,tenggelam tahu gunung kecil ngeliat bayangin ingat minta berat,-1,11,0.69093275,True,high
243,"Aku ngerasa orang lain harus selalu bantu aku, karena aku juga bantu mereka. Itu adil, kan?",ngerasa adil ngerasa adil situasi balas harap balas neng contoh situasi,-1,0,0.7178234,True,high
244,"Aku ngerasa orang di kantor harus lebih sopan sama aku. Aku harus ngomong gitu ke mereka, kan?",ngerasa kantor sopan ngomong paham hormat langsung sopan malah suasana tegang tunjukin sikap sopan santai nyaman situasi kesel,-1,0,0.7621212,True,high
245,"Aku ngerasa hidupku cuma buat bertahan, nggak buat berkembang. Gimana caranya biar nggak gitu?",ngerasa hidup tahan kembang jalan tempat kecil kembang kecil,-1,5,0.75733715,True,high
246,"Kalau aku nggak suka sama seseorang, apa aku harus tetep deket sama dia?",deket nyaman jarak kata diri sendiri cocok harga nyaman,-1,0,0.74213743,True,high
249,"Aku merasa hidupku penuh drama, tiap hari ada aja masalah. Aku harus gimana?",hidup penuh drama naik roller coaster hidup penuh drama paling ngelarin kecil beban ringan,-1,11,0.70153344,True,high
252,Aku suka bohong biar orang suka sama aku. Apa ini salah?,bohong salah terima bohong bukan psikologi nunjukin usaha ngejaga image lama lama capek sendiri salah jujur ngerasa bohong dengerin,-1,2,0.7410356,True,high
254,"Aku sering merasa sendiri, meskipun ada orang di sekitarku. Kenapa ya aku begini?",sendiri begini sendiri muncul utama emosional tahu hangat saling percaya penting sehat mental obrol percaya temen hati hati,-1,0,0.85253775,True,high
255,"Aku suka menyendiri, tapi orang bilang itu nggak sehat. Apa bener gitu?",sendiri sehat sendiri recharge energi isolasi sedih perlu imbang sehat mental sosial dukung nyaman sendiri connect,-1,0,0.8171821,True,high
256,Aku merasa nggak punya kontrol atas hidupku. Apa yang salah sama aku?,kontrol hidup salah salah kontrol datang tekan luar situasi hidup ekspektasi kecil atur putus sederhana daya kecil kendali,-1,0,0.75662553,True,high
257,"Aku nggak suka ngobrol sama orang lain, apa itu berarti aku nggak sehat secara mental?",arti sehat mental otomatis arti sehat preferensi sosial isolasi sedih koneksi kecil chat temen nyaman,-1,0,0.7839353,True,high
258,"Aku suka mikir yang nggak-nggak, kayak takut penyakit aneh. Apa ini gangguan mental?",mikir takut sakit aneh ganggu mental takut sakit aneh cemas mirip ganggu obsesif kompulsif terlalu ganggu langsung arti ganggu mental serius penting tahu berapa muncul takut dengerin,-1,8,0.82498944,True,high
262,Aku ngerasa orang-orang benci aku karena kulitku gelap. Apa aku harus pindah aja?,ngerasa benci kulit gelap pindah berat ngerasa benci ubah rasisme sumber stres bukan salah pindah bukan solusi pikirin hadap situasi ngerasa benci dengerin,-1,0,0.7670613,True,high
263,Aku ngerasa takut kena teroris pas di tempat umum. Apa ini cuma aku?,ngerasa takut kena teroris tempat umum sendiri takut terorisme nyata takut cemas takut tempat umum pikirin ngurangin cemas,-1,7,0.7478905,True,high
264,"Kadang aku ngerasa sendirian banget, meskipun banyak orang di sekitarku. Apa ini normal?",ngerasa sendiri emosional kurang dukung sosial harga cinta hati hati nemenin,-1,0,0.7853985,True,high
265,"Aku ga punya banyak temen, apa itu bikin aku gampang depresi?",temen gampang depresi kurang temen dukung sosial ningkatin risiko depresi butuh koneksi ngerasa temen bukan arti bahagia deket,-1,0,0.7665224,True,high
266,"Aku merasa stres banget di kerjaan, rasanya nggak punya kendali atas apa yang aku lakukan. Apa yang bisa aku lakukan?",stres kerja kendali laku laku kendali kerja stres detail kendali pikirin kecil minta jelas tugas atur kerja terlalu tekan berat dukung profesional,-1,0,0.7989764,True,high
268,Kenapa aku merasa nggak bisa sukses kayak orang lain? Apa karena aku punya fobia sosial?,sukses fobia sosial paham fobia sosial batas sulit interaksi wawancara kerja networking penting sukses fobia sosial tetap capai tuju strategi tepat terapi sosial kecil kecil kecil ngatasin fobia situ,-1,12,0.7551074,True,high
269,Aku merasa nggak bisa apa-apa karena aku cuma lulusan SMA. Apa ini bikin aku gampang stres?,lulus gampang stres dengar minder didik rendah rentan stres peluang kerja batas latar belakang rupa sukses semangat strategi pikirin lakuin akses ahli bangga,-1,0,0.8109835,True,high
270,Aku merasa nggak bisa ngapa-ngapain karena lingkunganku toxic. Apa aku salah?,toxic salah salah berat penuh tekan dukung jebak kecil lindung diri diri sendiri temen percaya tempat,-1,0,0.84562445,True,high
271,Aku merasa nggak bisa sukses karena aku nggak pinter. Bener nggak sih itu?,sukses pinter dengar rendah diri sukses pintar sekolah sukses kerja tahan koneksi tepat tahu kuat situ bagus,-1,2,0.7973827,True,high
272,Aku ngerasa nggak punya masa depan karena aku nggak sekolah tinggi. Apa bener gitu?,ngerasa masa depan sekolah tinggi khawatir didik tinggi bukan jalan masa depan hasil terampil alam semangat tahu kembang situ,-1,2,0.75543463,True,high
273,"Aku nggak suka ngomong sama orang lain, apa aku aneh?",ngomong aneh aneh nyaman sosial sendiri cemas sosial interaksi kecil senyum tetangga ganggu nyaman,-1,0,0.80760324,True,high
274,"Aku merasa nggak punya kendali atas hidupku, Emilia. Semuanya kacau.",kendali hidup kacau overwhelming luar kendali dengerin kecil atur jadwal sederhana pilih tugas kecil kuasa turut,-1,5,0.72453725,True,high
275,Aku pengen banget jadi sempurna di mata orang lain. Apa salah kalau aku berusaha keras buat itu?,sempurna mata salah usaha kejar sempurna lelah sempurna diri sendiri bahagia bukan lanjut,-1,0,0.7584533,True,high
276,Aku baru cerai dan rasanya dunia runtuh. Apa aku bakal baik-baik aja lagi?,cerai runtuh tahu berat hancur akhir bangkit sedih kecil ringan,-1,5,0.74832296,True,high
277,"Emilia, aku merasa pernikahan itu bikin hidupku lebih bahagia, tapi kok temenku bilang nggak semua orang ngerasain gitu?",nikah hidup bahagia temenku nikah bahagia utama sehat penuh dukung kata temenmu manfaat bahagia nikah kualitas dukung emosional bahkan kondisi pribadi bahagia nikah,-1,0,0.7658008,True,high
278,Aku dengar cowok lebih bahagia dari pernikahan ketimbang cewek. Bener nggak sih?,dengar cowok bahagia nikah ketimbang cewek pandang sepenuh cowok untung nikah cewek korban nikah sehat cowok cewek bahagia nikah penuh konflik cewek beban keluarga sendiri nikah hidup,-1,0,0.7344176,True,high
279,"Emilia, aku merasa pernikahanku nggak bahagia. Apa aku harus cerai aja biar bebas?",nikah bahagia cerai bebas sedih dengar bahagia nikah cerai pilih solusi instan hidup nikah bahagia komunikasi konseling udah sehat cerai lega bahagia lanjut,-1,0,0.70443463,True,high
280,Aku pengen nikah karena merasa kesepian. Apa itu alasan yang bagus?,nikah sepi alas bagus paham sepi berat nikah sepi bukan alas nikah butuh komitmen ngisi kosong bahagia sehat pikirin sepi gabung temen sepi,-1,0,0.7583355,True,high
281,"Emilia, kenapa aku merasa nggak ada manfaat dari pernikahanku? Apa aku salah pilih pasangan?",manfaat nikah salah pilih pasang sedih dengar bahagia nikah nikah dukung nyaman kualitas bukan arti salah pilih kurang komunikasi ketidakseimbangan manfaat urutin bareng,-1,0,0.77668816,True,high
282,"Emilia, aku merasa nikah itu cuma buat orang kaya, bener nggak sih?",nikah kaya pandang nikah bukan kaya kondisi ekonomi pengaruh bahagia nikah uang stabil mudah sehat penting komunikasi dukung antar pasang bukan uang sendiri alam,-1,0,0.776501,True,high
283,Aku ngerasa nggak betah di rumah karena orang tuaku kerja mulu. Gimana caranya aku nggak kesepian?,ngerasa betah kerja mulu sepi sepi berat manfaat sendiri baca buku giat sekolah jadwal khusus bareng butuh temen,-1,11,0.7683547,True,high
284,Aku merasa malu kalau orang tahu aku depresi. Gimana caranya biar nggak malu?,malu tahu depresi malu malu depresi kondisi sehat sakit fisik perlu malu percaya bahkan ngerasa sendiri peduli dukung malu dengerin,-1,0,0.81006575,True,high
285,"Aku mulai melakukan hubungan seks sama pacarku, tapi aku nggak yakin ini bener. Aku takut kalau ini salah.",laku seks pacar yakin takut salah takut putus penting nyaman yakin pilih tekan laku bicara pacar percaya pastiin tahu lindung kondom jaga sehat butuh tempat diskusi,-1,0,0.8193936,True,high
286,"Aku sering nggak pakai kondom waktu seks, soalnya pacarku bilang nggak enak. Apa ini berbahaya?",kondom seks pacar enak bahaya kondom risiko sakit tular seksual hamil rencana pacar sehat nomor bicara penting kondom susah konsultasi dokter klinik info jaga diri sendiri dukung,-1,0,0.6739158,True,high
287,"Aku nggak punya pendidikan tinggi, dan rasanya aku tertinggal sama temen-temenku. Apa aku bisa sukses?",didik tinggi tinggal temen temenku sukses didik bukan jalan sukses hasil kerja terampil koneksi definisi sukses kecil tuju sana,-1,2,0.769614,True,high
288,Aku merasa nggak bisa ngontrol hidupku. Semua kayak kejadian begitu aja. Gimana caranya biar aku nggak gini?,ngontrol hidup kendali lelah kecil jadwal pilih tuju kecil tahu hidup kontrol kecil kendali,-1,5,0.7611376,True,high
291,Aku takut keluar rumah karena berita soal serangan teroris. Aku harus tetep di rumah aja nggak sih?,takut keluar berita serang teroris cemas berita sampe berani keluar isolasi kecil pergi tempat tahu bareng temen takut terus profesional tempat deket nyaman,-1,6,0.7773782,True,high
292,Aku merasa takut banget setelah dengar berita soal serangan teroris di TV. Normalkah ini?,takut dengar berita serang teroris takut reaksi alami hadap berita seram cemas berita macam bahkan libat langsung detail takut saran ngatasin cemas,-1,0,0.7244488,True,high
293,"Aku nggak di tempat kejadian teroris, tapi kenapa ya aku masih merasa cemas?",tempat teroris cemas sebut papar langsung alam lokasi berita terorisme otak ancam cemas ganggu kurang tonton berita tenang rileks,-1,12,0.7051463,True,high
294,Aku takut keluar rumah karena khawatir ada serangan teroris. Gimana caranya aku nggak takut?,takut keluar khawatir serang teroris takut takut sampe aktivitas perlu ngatasinnya kecil jalan jalan tempat dengerin musik tenang takut konselor info,-1,0,0.7825664,True,high
296,Aku merasa dunia nggak adil karena ada terorisme. Gimana aku ngatasin perasaan ini?,adil terorisme ngatasin adil kontrol ubah kecil pandang positif hidup syukur bareng,-1,5,0.7883122,True,high
297,"Emilia, aku merasa stres banget setelah dengar berita tentang serangan teroris di TV. Kenapa aku jadi takut terus?",stres dengar berita serang teroris takut terus takut berita cemas serang teroris sifat keri detail takut saran ngatasin cemas,-1,7,0.7437962,True,high
298,"Emilia, aku pengen nggak peduli aja sama ketakutanku soal serangan teroris. Aku harus apa?",peduli takut serang teroris abai takut hilang malah tambah berat hadap pelan pelan kurang berita cemas tenang musik jalan jalan takut kuat bareng,-1,0,0.8314073,True,high
299,"Emilia, aku takut banget tiap dengar sirene polisi. Aku harus pura-pura nggak takut, nggak?",takut dengar sirene polisi pura pura takut perlu pura pura takut nyata sirene picu ingat cemas alami takut teknik relaksasi dengar sirene,-1,9,0.77828085,True,high
301,Kadang aku ngerasa nggak layak dapat bantuan. Aku harus gimana?,ngerasa layak layak muncul ingat harga dukung kecil temen gratis sendiri nemenin,-1,0,0.7117398,True,high
302,Aku dengar ada yang namanya network-episode model. Itu apa ya buat kesehatan mental?,dengar nama network episode model sehat mental network episode model pandang sehat mental dokter keluarga temen kenal nyari dukung lama awat peta jalan sehat siapa down,-1,0,0.75294864,True,high
303,Aku dengar orang bilang kesehatan mental itu cuma buat orang kaya. Bener nggak sih?,dengar sehat mental kaya sehat mental peduli dompet tebel biaya susah gratis murah puskesmas teknik sederhana journaling meditasi khawatir,-1,0,0.7806418,True,high
307,"Emilia, aku nggak suka ngomong di depan orang, apa itu gangguan?",ngomong depan ganggu ngomong depan cukup umum gugup takut fungsi presentasi sekolah kerja perlu perhati berapa parah ngomong depan,-1,0,0.76274043,True,high
308,"Emilia, aku pikir semua masalah mentalku bisa selesai kalau aku pindah kota. Bener nggak sih?",mental pindah kota pindah kota suasana mental otomatis tempat penting ngatasin akar profesional dukung pindah pandang,-1,0,0.7410241,True,high
310,Aku pernah denger orang bilang gangguan mental itu cuma akal-akalan. Bener nggak sih?,denger ganggu mental akal akal sekali ganggu mental kondisi nyata diabetes asma otak capek imbang akal akal kurang paham jelasin lanjut,-1,13,0.7989714,True,high
313,"Aku merasa nggak bisa konsentrasi, kayak otakku kabut. Itu kenapa ya?",konsentrasi otak kabut otak kewalahan stres neurotransmitter dopamine kerja optimal pusing jernih,-1,12,0.7713006,True,high
314,Aku merasa gagal karena nggak bisa mengontrol segala sesuatu di hidupku. Apa yang harus aku lakukan?,gagal kontrol segala hidup laku paham jalan sesuai hidup sepenuh kendali terima luar kuasa gagal ubah kecil,-1,5,0.8403845,True,high
315,Aku nggak bisa kasih pujian ke orang lain. Rasanya aneh. Apa aku orang jahat?,puji aneh jahat bukan jahat puji canggung utama sederhana nolong,-1,0,0.70378566,True,high
317,"Aku pengen ngobrol sama tetangga, tapi takut dikatain aneh. Gimana caranya biar nggak takut?",tetangga takut dikatain aneh takut takut dikatain aneh ragu rencana kecil tuju nyapa tetangga nanya simpel cuaca bagus nyata tetangga ramah arti aneh mood penting hasil nyapa udah pikirin topik obrol perlu,-1,0,0.77572507,True,high
318,"Aku pengen kencan, tapi takut banget ditolak. Apa aku harus coba kencan online aja?",kencan takut tolak kencan paham takut tolak ragu kencan pilih penting pikirin nyaman kencan cocok nilai percaya diri rencana kecil nyapa diskusiin,-1,0,0.79684764,True,high
322,"Aku punya pikiran buruk tentang keluargaku, kayak mereka bakal celaka. Aku takut pikiran ini bikin itu terjadi. Apa aku orang jahat?",keluarga celaka takut jahat paham betapa takut intrusif arti jahat nyata otak overaktif nyata lewat terlalu dipikirin,-1,13,0.81901395,True,high
323,"Aku suka hindari tempat-tempat yang bikin aku cemas, kayak taman. Apa ini salah?",hindar tempat tempat cemas taman salah salah hindar tempat taman cemas tahan lama strategi dipake ngurangin takut selesain akar dekat taman lewat dekat taman takut,-1,0,0.7306465,True,high
324,"Aku ngerasa ritualku bikin hidupku nggak produktif. Aku pengen berubah, tapi nggak tahu mulai dari mana. Saranmu apa?",ngerasa ritual hidup produktif ubah tahu saran bangga ubah ritual sita energi kecil pilih ritual paling ganggu kurang frekuensi catat kapan laku picu butuh terapi papar cocok ritual paling frustrasi,-1,0,0.76339257,True,high
325,Aku kadang ngerasa ritualku bikin aku lebih tenang. Apa salah kalau aku tetep lakuin?,ngerasa ritual tenang salah lakuin erti ritual tenang ritual lega lama lama malah cemas kuat terus lakuin hidup batas tenang meditasi jalan jalan ritual paling lega sehat,-1,0,0.80916095,True,high
326,Aku takut nyentuh tanah di taman karena kotor. Apa aku harus paksain diri nyentuh?,takut nyentuh tanah taman kotor paksain diri nyentuh takut nyentuh tanah bahaya bayangin langsung maksa nyentuh tanah berat ringan nyentuh daun rumput kecil bareng,-1,0,0.6812024,True,high
327,Aku takut kotoran anjing di taman nempel ke sepatuku. Makanya aku nggak pernah ke taman. Apa itu wajar?,takut kotor taman nempel sepatu makanya taman takut hindar taman sekali hilang momen seru luar kotor enak bahaya jalan taman sepatu,-1,6,0.7532027,True,high
328,Aku suka hindari rumput di taman karena takut kotor. Apa aku harus maksa jalan di rumput?,hindar rumput taman takut kotor maksa jalan rumput langsung maksa cemas ringan nyentuh rumput tangan pelan pelan jalan nemenin,-1,6,0.72169566,True,high
330,"Aku suka ngatur-ngatur barang biar simetris. Kalau nggak, aku ngerasa nggak nyaman. Ini apa, ya?",ngatur ngatur barang simetris ngerasa nyaman neng ngerasa nyaman barang simetris ngerasa sempurna tenang simetris pikirin bareng,-1,0,0.75601315,True,high
331,"Aku takut keluar rumah karena khawatir panik di tempat umum, apa ini normal?",takut keluar khawatir panik tempat umum takut agoraphobia hindar situasi cemas tempat ramai bukan aneh hidup batas kecil hadap takut bareng,-1,0,0.7761286,True,high
332,"Aku takut panik di lift, jadi selalu naik tangga. Apa ini buruk?",takut panik lift naik tangga hindar lift kuat takut jangka panjang hadap lift masuk lift naik rencana,-1,8,0.61619985,True,high
337,"Kalau aku panik di tempat ramai, apa aku harus hindari tempat itu selamanya?",panik tempat ramai hindar tempat lama agorafobia takut situasi susah kabur minta hindar takut tambah kuat kecil pergi tempat ramai sebentar atur,-1,8,0.7238486,True,high
338,"Aku ngerasa suamiku nggak peka. Dia cerita soal temennya yang baru punya bayi, padahal aku masih sedih. Aku harus ngomong apa ke dia?",ngerasa suami peka temennya padahal sedih ngomong enak sengaja sakit hati tenang tahu sedih ngobrolin jujur saling,-1,0,0.7615303,True,high
339,"Aku pengen balik yoga, tapi takut ketemu orang yang tahu soal kehilanganku. Gimana caranya aku nyaman lagi?",balik yoga takut tahu hilang nyaman keren balik yoga kelas privat pilih studio nanya yoga makasih cemas terap rencana nyaman,-1,0,0.74395746,True,high
340,Aku merasa nggak punya temen yang ngertiin aku. Aku harus gimana?,temen ngertiin sepi berat sesuai koneksi kecil senyum lanjut erti,-1,0,0.7367998,True,high
341,Aku nggak pernah ngerasa cukup baik di apa pun. Gimana caranya aku lebih percaya diri?,ngerasa cukup percaya diri cukup berat catat kecil hasil lakuin resin tempat tidur lama lama ngelakuin cukup,-1,0,0.7722194,True,high
342,Aku merasa semua yang kulakuin sia-sia. Buat apa aku coba lagi?,kulakuin tahu hopeless kecil ubah tindak kecil rapi meja telepon temen kecil turut,-1,5,0.6613563,True,high
343,"Aku coba ikut acara sosial, tapi malah merasa lebih buruk. Apa aku salah coba?",acara sosial malah salah salah acara sosial berat sedang mood acara terlalu ramai muncul ringan temen dekat nyaman acara,-1,0,0.76555145,True,high
347,"Aku suka sih menyendiri, tapi kok orang bilang itu nggak sehat. Bener nggak sih?",sendiri sehat sendiri butuh sendiri recharge mikir jernih sendiri sepi hindar terus terus tutup diri rasain sendiri,-1,0,0.7839743,True,high
348,"Aku takut banget keluar rumah, takut tiba-tiba panik di tempat umum. Normalkah ini?",takut keluar takut panik tempat umum takut kedengerannya mirip gejala agoraphobia khawatir panik tempat sulit kabur minta aneh hidup berat kecil jalan jalan dekat,-1,8,0.7707612,True,high
349,Aku takut pergi ke mall karena takut tiba-tiba panik. Apa aku harus maksa diri?,takut pergi mall takut panik maksa diri perlu maksa diri tambah stres tempat toko kecil dekat kecil paksa damping virtual,-1,0,0.7965998,True,high
351,"Kalau aku nangis terus karena merasa ditinggalkan, apa yang harus aku lakukan?",nang terus tinggal laku menang tubuh ngeluarin emosi terus terus laku nyaman peluk bantal dengerin calming tinggal,-1,0,0.7986091,True,high
352,Aku selalu merasa orang lain nggak peduli sama sakitku. Apa aku yang berlebihan?,peduli sakit valid tahu nunjukin perhati langsung butuhin butuh temen,-1,11,0.72372144,True,high
353,"Kalau aku lagi cemas, badanku rasanya nggak enak, kayak sesak. Apa yang bisa bantu?",cemas badan enak sesak sesak enak badan muncul bareng cemas laku perlahan detik tahan detik buang detik gerak badan regang ringan begini pola cemas,-1,0,0.8314601,True,high
355,"Kalau aku panik di tempat ramai, aku pengen kabur. Itu wajar nggak?",panik tempat ramai kabur kabur tempat ramai panik tubuh mode lari bahaya kabur terus makin takut tempat ramai situasi terlalu ramai pelan pelan hadap ramai teknik tempat takut hadap,-1,0,0.7210022,True,high
356,"Aku takut coba hadapi ketakutanku, kayak pergi ke bioskop ramai. Gimana caranya biar berani?",takut hadap takut pergi bioskop ramai berani hadap takut kecil bioskop sepi pelan pelan ramai bawa teknik positif takut ingat takut bahaya nyaman kecil minggu,-1,0,0.72530305,True,high
357,Aku merasa sering mendengar suara-suara yang bilang aku tidak berharga. Apa yang bisa aku lakukan?,dengar harga laku dengar berat sekali tekan sederhana perhati senang deskripsi pandang favorit detail kurang intensitas sulit bareng,-1,0,0.79162765,True,high
358,Aku pikir aku bisa mengendalikan pikiran orang lain. Ini bikin aku takut.,kendali takut beban telusur kendali kurang takut periksa bareng,-1,0,0.7315314,True,high
360,Aku takut kalau aku nggak sembuh dari pikiran aneh ini. Apa yang harus aku lakukan?,takut sembuh aneh laku takut sembuh kelola teknik catat aneh bukti dukung sangkal situ takut urai bareng,-1,7,0.8012919,True,high
364,"Aku suka minum pas mancing, soalnya seru. Gimana caranya mancing tanpa minum?",mancing seru mancing mancing emang asyik senang bawa soda simpan cooler mirip temen anak obrol kompetisi mancing berangkat mampir tempat jual alkohol mancing seru,-1,6,0.65043586,True,high
369,"Aku pengen coba hobi baru biar nggak minum, tapi nggak tahu mulai dari mana. Ada saran?",tahu saran keren pikirin penasaran masak olahraga ringan yoga simpel kelas temen bareng daftar cocok,-1,0,0.7214598,True,high
370,"Kadang aku takut banget keluar rumah, apalagi ke tempat ramai. Aku merasa bakal pingsan atau sesuatu yang buruk terjadi. Normal nggak sih?",takut keluar tempat ramai pingsan takut agorafobia cemas tempat tempat ramai bukan aneh hindar tempat terus terus kecil pergi tempat terlalu ramai,-1,0,0.6884707,True,high
371,"Aku coba ke bioskop sendiri, tapi aku takut banget harus lari keluar karena panik. Apa aku harus tetap coba?",bioskop sendiri takut lari keluar panik tetap udah bioskop sendiri takut kabur panik takut makin kuat duduk dekat pintu keluar rencanain,-1,7,0.7196783,True,high
372,Aku suka bawa ponsel kemana-mana biar merasa aman. Tapi aku tahu ini nggak bener. Gimana cara berhenti?,bawa ponsel tahu henti ponsel situ takut tahan ninggalin ponsel ruang lama keren,-1,0,0.66136914,True,high
373,Aku takut main tenis karena deg-degan bikin aku panik. Padahal aku suka olahraga. Aku harus nyerah nggak?,takut main tenis degan panik padahal olahraga nyerah sayang nyerah degan olahraga tahu takut panas ringan main sebentar rencanain bareng,-1,11,0.7278576,True,high
374,Aku takut naik wahana di taman bermain karena takut jantungan. Apa aku harus coba biar sembuh?,takut naik wahana taman main takut jantung sembuh naik wahana jantung takut kecil nonton naik wahana jauh perlu buru buru sesuai kesiap,-1,6,0.686633,True,high
376,"Aku pengen coba visual imagery, tapi bingung mulai dari mana. Bantu aku dong!",visual imagery asyik visual imagery seru bayangin tempat tenang pantai tutup mata bayangin dengar cium ombak pasir laut laku tempat tenang tempat bayangin pandu,-1,0,0.7206435,True,high
377,Aku ngerasa nggak berguna karena nggak bisa ngapa-ngapain kayak dulu. Aku harus gimana?,ngerasa berat kecil laku urus temen kecil arti kecil minggu,-1,11,0.7514571,True,high
378,Aku nggak suka orang lain tahu berat badanku. Aku malu banget. Apa yang harus aku lakuin?,tahu berat badan malu lakuin erti nyaman malu berat badan datang tekan luar sendiri bicara malu ringan,-1,0,0.77703387,True,high
379,Aku ngerasa hidupku cuma soal badan dan berat badan. Gimana caranya biar nggak gitu lagi?,ngerasa hidup badan berat badan badan berat badan hidup berat arti temen bayangin senang muncul situ kecil lakuin,-1,0,0.7631738,True,high
384,"Aku sering merasa takut banget kalau harus pergi ke tempat ramai, kayak mall atau pasar. Apa sih yang bikin aku gitu?",takut pergi tempat ramai mall pasar kedengeran cemas situasi ramai kait agorafobia muncul takut kabur panik detail takut tempat,-1,0,0.7256851,True,high
385,"Aku suka menghindari tempat yang bikin aku takut, kayak jembatan atau lift. Apa itu wajar?",hindar tempat takut jembatan lift hindar tempat takut laku cemas udah ganggu aktivitas agorafobia cemas spesifik takut hidup batas ngatasinnya bareng jembatan lift takut,-1,8,0.7109758,True,high
387,"Kadang aku ngerasa mati rasa, kayak nggak bisa merasakan apa-apa. Itu apa artinya?",ngerasa mati arti salah otak lindung diri emosi terlalu berat sebut gejala hindar ptsd otak pasang kewalahan perlahan,-1,0,0.81447613,True,high
389,"Aku sering merasa telingaku capek kalau di tempat bising, bahkan sampai pusing. Apa itu berbahaya?",telinga capek tempat bising bahkan pusing bahaya papar bising otak dengar lelah dampak jangka panjang masuk turun fungsi kognitif lindung telinga bising beri istirahat hening otak pulih,-1,12,0.7468674,True,high
391,"Kalau saya butuh fokus panjang, apa yang harus saya persiapkan agar lebih efektif?",butuh panjang siap efektif kurang ganggu mati notifikasi siap segala perlu durasi pisah tugas kecil perhati jaga maju nyata,-1,0,0.7876444,True,high
393,Saya khawatir flirting malah memperumit hubungan. Bagaimana membedakan flirting sehat dan tidak sehat?,khawatir flirting malah rumit flirting sehat sehat flirting sehat ringan saling hormat pihak nyaman flirting timbul tekan salah langgar batas sehat perhati terima tuju,-1,0,0.72126865,True,high
394,Saya malu menari karena nggak pandai gerak. Apakah menari tetap berfaedah untuk otak?,malu tari pandai gerak tari tetap faedah otak tari libat musik gera koordinasi rangsang area otak sekaligus manfaat bukan ahli libat tubuh musik gera sederhana nyaman,-1,13,0.73224276,True,high
395,Saya punya masalah memori. Bisa menari bantu mengurangi risiko demensia?,memori tari kurang risiko demensia tunjuk aktivitas tari tingkat materi putih otak turun risiko turun kognitif bila banding beberapa bentuk tari salah aktivitas libat aspek otak sekaligus manfaat memori,-1,12,0.7713702,True,high
396,"Kalau saya merasa malu nyanyi di depan orang, apa yang bisa saya lakukan untuk mulai?",malu depan laku pribadi senandung mandi aktivitas kembang gabung kelompok suportif laku sesuai nyaman,-1,10,0.7592289,True,high
397,"Saya sering merasa tertekan, apakah tertawa benar-benar bisa membantu saya lebih baik?",tekan tertawa tertawa terapi alami bagus turun stres lancar alir oksigen otak bahkan kuat daya tahan tubuh tonton film lucu acara komedi sekadar canda teman sehat ringan hilang tertawa beban mudah hadap,-1,0,0.7616838,True,high
398,Saya takut kalau suatu hari mengalami cedera otak. Apa yang bisa saya lakukan untuk melindungi otak saya?,takut suatu alami cedera otak laku lindung otak cegah penting sabuk hati hati naik turun tangga jangan kursi tangga hindar kelahi aktivitas rawan bentur kepala cedera otak dampak jangka panjang jaga selamat aktivitas,-1,12,0.74901915,True,high
399,Saya pernah hampir pingsan karena kepanasan saat bekerja di luar. Apakah itu berbahaya untuk otak?,hampir pingsan panas kerja luar bahaya otak panas heatstroke kondisi darurat medis rusak otak gejala masuk sakit kepala mual cepat ubah alami segera medis cegah cukup istirahat usaha tempat sejuk cuaca panas,-1,12,0.7485647,True,high
401,"Aku kadang merasa kesepian. Kalau aku ikut kegiatan relawan, apa benar bisa bikin aku merasa lebih baik?",sepi giat rawan giat rawan hangat otak hasil hormon bahagia dopamin endorfin bahkan tunjuk rawan sehat fisik mental sempat giat kecil arti sendiri,-1,0,0.77619195,True,high
402,"Aku sering gagal dalam mencoba kebiasaan sehat baru, rasanya jadi nggak ada gunanya. Apa benar gagal itu bisa bikin belajar?",gagal sehat gagal otak mudah sukses hasil laku otak lepas dopamine ulang kecil laku konsisten raya hasil kecil,-1,2,0.7834849,True,high
403,Kenapa hubungan yang hangat terasa membuat saya lebih sehat secara fisik?,hangat sehat fisik cinta hangat turun stres kuat kebal tingkat energi bukan sekadar pengaruh biologis nyata tubuh otak kerja,-1,0,0.738754,True,high
404,Apakah bersosialisasi benar-benar membantu mencegah penurunan kognitif?,sosial cegah turun kognitif riset tunjuk libat sosial kait hasil memori turun risiko demensia sosial beri rangsang mental emosional manfaat,-1,12,0.777464,True,high
405,Apakah satu sesi yoga singkat bisa membantu fokus saya?,sesi yoga singkat tunjuk sesi yoga tingkat mampu tahan sesi singkat beri manfaat nyata,-1,-1,0.554672,False,rejected
406,Saya menghabiskan banyak waktu mengemudi dan merasa lelah. Apakah itu mempengaruhi otak saya?,habis kemudi lelah pengaruh otak kemudi kait turun kognitif beberapa studi kombinasi ketidakaktifan stres lelah timbang opsi kerja dekat jalan alternatif transportasi,-1,12,0.75885814,True,high
407,Kadang saya merasa susah rileks. Bagaimana teknik pernapasan perut membantu?,susah rileks teknik perut perut diafragma bawa oksigen reda tegang bayang balon perut kosong hembus beberapa tenang tingkat,-1,0,0.7537087,True,high
408,Saya merasa sering kesepian dan tidak punya orang dekat untuk dipeluk. Apakah itu berpengaruh pada kesehatan saya?,sepi dekat peluk pengaruh sehat sepi berat pengaruh sosial kontak fisik peluk turun stres kurang gejala sakit kait stres tingkat suasana hati lewat hormon oksitosin peluk manusia sedia peluk hewan pelihara kelompok dukung ingat koneksi butuh manusiawi bukan lemah,-1,0,0.8005894,True,high
409,Saya ingin 'melatih otak' tapi takut aplikasi latihan otak hanya iklan. Apakah pelatihan otak berguna?,otak takut aplikasi otak iklan otak beberapa bentuk mental manfaat utama bila libat tantang kognitif makna bahasa alat musik terampil aplikasi giat beri puas tantang nyata kombinasi olahraga interaksi sosial hasil,-1,10,0.76654536,True,high
410,"Saya kadang merasa aneh kalau minta pelukan, seperti merepotkan. Bagaimana agar lebih nyaman meminta dukungan fisik?",aneh minta peluk repot nyaman minta dukung fisik canggung komunikasi kata dekat peluk pilih bentuk kontak duduk dekat gandeng tangan peluk bantal hewan pelihara beri efek tenang butuh cinta dekat,-1,0,0.7773864,True,high
413,Saya selalu merasa khawatir akan hal kecil—mengapa perasaan takut itu terus muncul?,khawatir kecil takut terus muncul mekanisme waspada otak masuk hormon kortisol fungsi perhati ancam butuh otak terus pindai potensi laku respons alami ancam nyata khawatir ulang,-1,12,0.7942196,True,high
414,Saya selalu terjebak memikirkan hal negatif. Bagaimana cara mengubah bias negatif ini tanpa menutup mata pada masalah nyata?,jebak negatif ubah bias negatif tutup mata nyata bias negatif angsur angsur sengaja perhati positif kecil jalan bukan bohong diri sendiri imbang perspektif tetap jujur sulit kurang dominasi negatif,-1,0,0.80857164,True,high
415,Saya merasa bersalah karena tidak lagi merasakan gairah seksual seperti dulu. Apakah ini artinya ada yang salah dengan otak saya?,salah gairah seksual arti salah otak terima khawatir dokumen sebut aktivitas seksual orgasme beri manfaat suasana hati sehat otak hilang gairah pengaruh stres lelah ubah hormon bukan sekadar otak rusak khawatir penting bicara tenaga medis konselor telusur hakim,-1,12,0.79253167,True,high
416,Saya lelah memikirkan materi untuk diajarkan. Ada cara mudah memulai?,lelah materi mudah topik paling kuasa alam praktis seringkali harga teori struktur sederhana tuju singkat poin utama aktivitas singkat teman dekat percaya diri,-1,10,0.7860286,True,high
417,Saya khawatir terhadap bahan kimia yang merusak saraf. Haruskah saya panik mengenai lingkungan sekitar saya?,khawatir hadap bahan rusak saraf panik kena penting waspada panik dokumen sebut beberapa neurotoksin timbal merkuri pestisida bahaya papar kurang risiko praktis hindar waspada sumber papar timbal merkuri produk tangga papar serius konsultasi sehat dokter perlu,-1,12,0.6898612,True,high
418,Saya sering melakukan olahraga ekstrim tanpa helm karena merasa 'aman'. Seberapa penting memakai helm sebenarnya?,laku olahraga ekstrim helm berapa penting helm helm tindak cegah jelas masuk akal cedera kepala dampak jangka panjang helm kurang risiko cedera otak traumatis mati bukan takut rawat diri lindung sederhana efektif,-1,12,0.7298312,True,high
419,Bagaimana menumbuhkan optimisme tanpa terasa dipaksakan?,tumbuh optimisme paksa catat hasil kecil hasil tepat bukti konkret percaya esok positif,-1,2,0.72922444,True,high
422,Apakah bercanda di tengah kesulitan justru dianggap tidak serius?,canda tengah sulit justru anggap serius lama tertawa derita tawa justru lepas tekan pilih humor ringan meme lucu hewan jeda jenak,-1,0,0.7725527,True,high
426,Bagaimana pola napas yang benar?,pola lewat hidung hitung tahan hembus perlahan hitung mulut perut kempis,-1,3,0.67333233,True,high
427,Apa langkah singkat melatihnya di kantor?,singkat kantor kencang bahu detik lepas lanjut lengan tangan kaki total cukup,-1,0,0.6858574,True,high
429,Haruskah saya tetap membaca materi meski cemas tidak paham?,tetap baca materi cemas paham ringkas halaman topik aksi kecil geser energi cemas kontrol,-1,10,0.7430154,True,high
430,Bagaimana jika saya alergi bulu?,alergi bulu timbang ikan hias tanam perlu rawat beri positif tani,-1,-1,0.54776,False,rejected
431,Saya perfeksionis dan cepat lelah. Bagaimana menyeimbangkan?,perfeksionis cepat lelah imbang delegasi tugas kecil tetap standar cukup ingat sehat penting hasil sempurna,-1,0,0.72472334,True,high
435,Apakah grup support online betul‑betul membantu?,grup support betul betul riset tunjuk daring moderasinya tingkat turun depresi grup milik atur positif fasilitator,-1,10,0.6856148,True,high
436,Aku merasa tidak punya teman cocok. Bagaimana mengubah pola pikir?,teman cocok ubah pola self talk sedang frekuensi negatif muncul bukti kontra sapa bukti turun sepi,-1,0,0.7520039,True,high
438,Contoh self‑talk yang bisa diajarkan?,contoh self talk kuat pelan sebentar isyarat tangan kepal jempol ingat mantra prosedur,-1,8,0.6583904,True,high
439,Apakah penempatan sekamar dengan pasien yang sudah sembuh lebih dulu membantu anakku?,tempat kamar pasien sembuh anak teman baya makan sendiri main ringan beri harap diskusi kepala awat atur kamar sesuai kondisi,-1,6,0.7519028,True,high
441,Aku belum pernah yoga. Pose apa yang aman agar tidak cedera?,yoga pose cedera kelas mula pose mountain child dengar tubuh timbul sakit tajam henti konsultasi instruktur kondisi sehat sesi,-1,0,0.6783872,True,high
442,Bagaimana teknik guided imagery sederhana di rumah?,teknik guided imagery sederhana rebah nyaman pejam mata bayang tempat damai pantai taman detail ombak aroma laut perlahan hembus tegang bayang arus bawa pergi beban,-1,9,0.7431537,True,high
444,Aku susah booking psikiater. Bisakah meditasi dijadikan penanganan utama dulu?,susah booking psikiater meditasi tangan utama meditasi journaling olahraga gejala ringan muncul bunuh diri ganggu fungsi insomnia berat segera profesional bahkan antre nyawa penting,-1,12,0.77748317,True,high
450,Apakah menempel koyo hangat termasuk counterirritation?,tempel koyo hangat masuk counterirritation rangsang hangat tajam ringan saing nyeri beri nyaman,-1,8,0.6600466,True,high
452,Bagaimana teknik distraksi saat pengambilan darah?,teknik distraksi darah hirup perlahan hitung mundur tonton lucu ponsel otak sibuk nyeri ringan,-1,8,0.70810986,True,high
453,Aku sulit visualisasi. Bagaimana caranya?,sulit visualisasi audio pandu bahasa indonesia tutup mata detail sensorik ombak hembus angin makin jelas imaji makin kuat efek relaksasi,-1,13,0.6890564,True,high
455,Jenis olahraga aman untuk nyeri punggung bawah?,jenis olahraga nyeri punggung bawah core strengthening plank ringan bird regang hamstring laku pandu fisioterapis postur,-1,12,0.6140382,True,high
457,Apakah menonton komedi saat sakit itu pantas?,tonton komedi sakit pantas tertawa vitamin gratis pilih tonton ringan hibur efek positif nyata sehat mental fisik,-1,0,0.7447982,True,high
459,Bagaimana cara melakukan napas diafragma dengan benar?,laku diafragma letak tangan dada perut lewat hidung lama hitung hingga tangan perut angkat tahan buang perlahan mulut hitung,-1,-1,0.5700235,False,rejected
460,Bagaimana menyusun prioritas ketika tenaga saya terbatas?,susun prioritas tenaga batas skala tugas penting desak penting desak tunda level delegasi level,-1,10,0.62391925,True,high
461,Bagaimana bercanda tanpa mengurangi keseriusan kondisi?,canda kurang serius kondisi humor situasional singgung sakit canda drama sinetron favorit tawa sehat asal tetap hormat pihak,-1,0,0.7678375,True,high
462,Mengapa saya merasa tabuh membahas kepergian?,tabuh bahas pergi hindar topik padahal diskusi beri jelas damai perlahan percaya konselor,-1,0,0.73894405,True,high
463,Bagaimana cara mempraktikkan visualisasi?,praktik visualisasi tutup mata bayang tempat paling damai pantai gunung angin ombak,-1,9,0.6349753,True,high
464,Berapa lama sebaiknya berjemur setiap hari?,berapa lama jemur pukul lengan tabir surya konsultasi dokter bila kulit sensitif konsumsi obat,-1,-1,0.49450618,False,rejected
465,Apakah hewan peliharaan cocok untuk pasien penyakit kronis?,hewan pelihara cocok pasien sakit kronis alergi imunitas hadir hewan beri syarat positif pilih hewan energi tenang mudah rawat,-1,0,0.7128594,True,high
466,Saya sering lupa minum. Tips agar tetap terhidrasi?,lupa tips tetap hidrasi botol liter lewat alarm tambah iris segar,-1,-1,0.5826013,False,rejected
467,Bagaimana caranya ‘energy budgeting’?,energy budgeting metode sendok spoon theory bayang jumlah sendok energi pilih aktivitas prioritas sisa sendok tonton film favorit,-1,10,0.74345917,True,high
469,"Saya merasa sendiri dengan penyakit kronis saya. Apa itu dukungan kelompok, dan bagaimana saya bisa menemukannya?",sendiri sakit kronis dukung kelompok tahu sendiri sendiri dukung kelompok tempat alam rupa sakit kronis kumpul saling dukung juang sakit forum internet media sosial dokter grup lokal hati ringan,-1,0,0.7610346,True,high
472,"Saya dengar kesehatan mental jadi isu global. Mengapa ini penting, dan bagaimana saya bisa berkontribusi?",dengar sehat mental global penting kontribusi hati mikirin luar sehat mental global stres depresi cemas kenal batas negara butuh dukung penting hidup bahagia produktif jaga sehat mental sendiri meditasi olahraga dukung dengerin kampanye sehat mental kecil,-1,0,0.79022956,True,high
476,"Saya bingung sama tugas kerja dan sering konflik, bikin stres. Mengapa ini terjadi, dan apa yang bisa saya lakukan?",tugas kerja konflik stres laku paham konflik kerja stres solusi konflik peran ambiguitas stres kurang jelas tugas tingkatin tekan darah cemas klarifikasi tugas daftar prioritas laku relaksasi kerja jelas tips manajemen konflik kerja,-1,1,0.7268166,True,high
477,"Saya merasa nggak nyaman sama rekan kerja, dan itu bikin cemas. Bagaimana hubungan sosial memengaruhi, dan apa yang bisa saya lakukan?",nyaman rekan kerja cemas sosial pengaruh laku tahu nyaman kerja cemas sosial tingkatin stres risiko jantung kurang dukung ganggu sehat mental obrol ringan rekan kerja laku relaksasi jalan istirahat positif kerja kerja nyaman tips kerja nyaman,-1,0,0.76680887,True,high
478,"Saya cemas banget nunggu hasil tes kanker, bikin panik. Bagaimana kecemasan ini memengaruhi saya, dan apa yang bisa saya lakukan?",cemas nunggu hasil kanker panik cemas pengaruh laku tahu tunggu hasil panik kuat hadap cemas tubuh tegang ganggu sehat mental obat teknik grounding pegang benda dingin positif sayang curhat temen dekat tenang nunggu relaksasi panik koping,-1,0,0.8277088,True,high
481,"Saya nggak mau terima saya punya jantungan, dan susah ikut pengobatan, bikin cemas. Mengapa ini penting, dan apa yang bisa saya lakukan?",terima jantung susah obat cemas penting laku tahu sulit terima jantung pikirin integrasi sakit konsep diri manager obat kurang cemas sehat mental baca info jantung paham kondisi alas obat hidup lama dokter kelola jantung pasien jantung terima,-1,0,0.8172114,True,high
482,"Saya merasa nggak bisa ngapa-ngapain soal kanker, bikin depresi. Bagaimana rasa kontrol membantu, dan apa yang bisa saya lakukan?",kanker depresi kontrol laku paham daya depresi kuat ubah kontrol kanker obat makan sehat kurang depresi kuasa ningkatin sehat mental kontrol cukup laku meditasi pagi dokter sehat kendali forum kanker daya koping,-1,0,0.77765226,True,high
483,"Saya sering lupa minum obat asma, bikin cemas. Mengapa kepatuhan sulit, dan apa yang bisa saya lakukan?",lupa obat asma cemas patuh sulit laku tahu lupa obat cemas patuh sulit kurang paham penting obat ganggu sehat mental asma kambuh edukasi diri baca info asma taruh obat tempat dekat sikat gigi alarm ingat alas obat lega patuh aplikasi ingat obat lupa,-1,3,0.802145,True,high
488,"Saya merasa sendiri dengan penyakit jantung, bikin depresi. Bagaimana grup dukungan membantu, dan apa yang bisa saya lakukan?",sendiri sakit jantung depresi grup dukung laku paham sendiri depresi sendiri grup dukung info jantung tempat emosi kurang depresi naikin sehat mental grup lokal forum pasien jantung hadir posting grup layak dukung grup dukung jantung sendiri grup,-1,1,0.7311126,True,high
492,"Saya khawatir orang tua saya nggak mau skrining kanker, dan itu bikin stres. Mengapa ini penting, dan apa yang bisa saya lakukan?",khawatir skrining kanker stres penting laku peduli luar skrining kanker kolorektal penting deteksi dini obat gampang kurang risiko sehat mental kurang stres santai info sederhana manfaat skrining tawarin nemenin dokter tenang brosur skrining pandu ragu yakinin,-1,1,0.82211465,True,high
494,"Saya sering merasa dikucilkan karena berat badan, dan itu bikin saya minder. Bagaimana stigma ini memengaruhi saya, dan apa yang bisa saya lakukan?",kucil berat badan minder stigma pengaruh laku tahu stigma sakit sendiri stigma sosial isolasi turun harga diri sehat mental ganggu harga bangga suportif grup olahraga inklusif afirmasi kuat layak minder siapa bicara dukung,-1,0,0.7992968,True,high
499,Apa yang bisa kulakukan sehari‑hari untuk mengenali pola bawah sadar tanpa harus analisis mendalam?,laku nali pola bawah analisis perhati reaksi spontan hadap situasi butuh penuh refleksi pintu mirip proses terapi,-1,10,0.7826382,True,high
500,Bagaimana cara sederhana menantang pikiran negatif harian?,sederhana tantang negatif tabel kolom situasi otomatis alternatif realistis ulang bentuk jalur saraf tenang,-1,10,0.7465967,True,high
502,Apakah sesi online seefektif tatap muka untuk mengatasi kecemasan?,sesi efektif tatap muka cemas riset awal tunjuk efektivitas rupa asal privasi koneksi stabil fleksibel kurang hambat geografis,-1,10,0.7632613,True,high
504,Bagaimana mengubah pikiran ‘Aku gagal ujian berarti aku bodoh’ jadi lebih adaptif?,ubah gagal arti bodoh adaptif ubah nilai tunjuk area perlu bukan nilai diri rencana spesifik topik lemah,-1,10,0.7332667,True,high
505,Apakah aplikasi pencatat suasana hati efektif membantu depresi ringan?,aplikasi catat suasana hati efektif depresi ringan awal positif aplikasi mudah pantau pola beri ingat teknik coping data enkripsi privasi,-1,10,0.79322773,True,high
506,Bagaimana memastikan privasi saat sesi video call?,privasi sesi call headphone ruang tutup aplikasi enkripsi tutup dokumen layar tetap,-1,10,0.6569371,True,high
507,Aku malas menulis jurnal terapi. Ada cara singkat namun efektif?,malas jurnal terapi singkat efektif format terima tantang target cukup lacak progres emosional,-1,10,0.75323606,True,high
508,Bagaimana meningkatkan dukungan ketika aku merasa sulit percaya orang?,tingkat dukung sulit percaya rendah risiko forum anonim percaya perlahan praktik jujur tahap,-1,10,0.75423646,True,high
509,Aku takut penelitian analog nggak ngegambarin aku. Apa itu berguna?,takut analog ngegambarin desain analog pake tiru klien mirip kondisi susah dapetin klien asli works hasil perlu nyata hati hati khawatir,-1,1,0.7206721,True,high
510,Apa itu Big Five? Bisa bantu ngerti masalahku nggak?,five five model pribadi lima sifat utama neuroticism extraversion openness agreeableness conscientiousness beberapa ahli dipake ganggu pribadi berapa tinggi rendah sifat sifat bukan label psikolog susah dengerin,-1,1,0.7282015,True,high
512,Aku punya fobia sama laba-laba. Bisa nggak teknologi bantu aku?,fobia laba laba teknologi fobia laba laba jantung kecil sekalipun teknologi terapi virtual reality laba laba pelan pelan takut program komputer khusus ngatasin fobia rancang nyaman kedengeran fobia dengerin,-1,12,0.6599941,True,high
514,Aku merasa nggak bisa ngerti pelajaran baru. Apa aku kurang pinter?,kurang pinter sendiri paham butuh dekat tahu susah materi terlalu abstrak butuh contoh nyata guru temen jelas internet butuh susah,-1,0,0.7820716,True,high
515,Aku suka menyembunyikan perasaanku di depan orang lain. Apa itu normal?,sembunyi depan laku sesuai ekspresi wajah sesuai situasi menang tempat umum sembunyi capek sendiri ruang temen keluarga lega,-1,0,0.7529644,True,high
520,Aku ngerasa pendidikan gak ngaruh apa-apa ke hidupku. Bener gitu?,ngerasa didik ngaruh hidup didik ngaruh langsung pandang didik formal alam hidup ngajarin sekolah luar dengerin,-1,6,0.69490623,True,high
522,Aku ngerasa nggak punya bakat apa-apa dibandingkan temenku. Apa yang salah sama aku?,ngerasa bakat banding temenku salah salah terlalu sibuk inget inget bangga neng jago dengerin unik nyelesain eksplor nulis olahraga bakat,-1,0,0.7313824,True,high
526,Aku merasa nggak punya kontrol atas hidupku. Apa yang bisa aku lakukan?,kontrol hidup laku nyaman kendali kontrol kecil atur putus capai tekan pecah kecil kuat atur,-1,0,0.731869,True,high
527,Aku merasa hidupku nggak under control. Gimana caranya aku ngambil alih lagi?,hidup under control ngambil kendali naik perahu ombak diri daya konasi putus kecil atur jadwal makan tidur catat kacau urutin ubah overwhelming psikolog rencana balikin kendali,-1,0,0.78208137,True,high
528,"Aku sering merasa pikiranku penuh, tapi nggak tahu apa yang aku pikirkan. Apa yang bisa aku lakukan?",penuh tahu laku penuh jelas proses sekaligus luang perlu rapi cukup bebas urai kacau berat percaya profesional ringan,-1,3,0.7895236,True,high
529,Kenapa aku merasa perilakuku kadang nggak sesuai dengan yang aku inginkan?,perilaku sesuai perilaku pengaruh reaksi otomatis sepenuh perhati situasi picu perilaku pola mindfulness momen tindak contoh perilaku,-1,10,0.7421142,True,high
530,Aku merasa sulit fokus karena pikiranku selalu lari ke mana-mana. Apa yang bisa aku coba?,sulit lari mudah frustrasi sederhana tugas lama ganggu teknik tenang terus ganggu eksplor profesional lari,-1,0,0.7720567,True,high
532,Metode cross-sectional itu apa ya? Aku merasa perlu solusi cepat untuk masalahku.,metode cross sectional perlu solusi cepat metode cross sectional cepat bayangin kuis singkat ngasih tahu kondisi cocok butuh solusi cepat perlu lama hasil cepat hasil terlalu laku,-1,10,0.74334925,True,high
535,"Aku nggak sabaran, apa metode cross-sectional cocok buatku?",sabar metode cross sectional cocok sabar metode cross sectional pilih bagus cepat langsung alami bayangin suhu tubuh tahu kondisi solusi jangka panjang kombinasi gelisah,-1,10,0.7892354,True,high
537,"Aku merasa nggak punya waktu untuk metode longitudinal, ada alternatif lain?",metode longitudinal alternatif batas metode longitudinal berat butuh komitmen panjang alternatif metode cross sectional kondisi kuesioner refleksi cepat daftar singkat stres penting beban tekan,-1,10,0.75203884,True,high
540,Aku merasa nggak percaya diri kalau disuruh menjawab soal dalam bahasa. Apa yang bisa aku coba?,percaya diri suruh bahasa bahasa degan bahasa tantang sederhana baca pendek temen diskusi ringan bahasa lidah lentur penting jangan takut salah tuju maju,-1,0,0.8238003,True,high
541,Aku lebih suka mengerjakan sesuatu dengan tangan daripada berbicara. Tes apa yang cocok buatku?,kerja tangan bicara cocok keren kreasi tangan perlu bicara susun pola sebut cocok nyaman ekspresi diri lewat tindak aktivitas puzzle makin,-1,10,0.76646686,True,high
543,Aku merasa tes sering nggak adil karena aku nggak terbiasa dengan bahasanya. Apa solusinya?,adil bahasa solusi sendiri pengaruh bahasa bebas cocok tindak bukan kata kata aktivitas susun puzzle terlalu bahasa khawatir guru solusi,-1,10,0.75150454,True,high
545,Aku pengen tes yang nggak bikin aku merasa dinilai dari budaya tertentu. Ada nggak?,nilai beberapa pengaruh nyaman tindak susun netral unsur banding verbal aktivitas puzzle bahasa formal tanyain psikolog universal,-1,10,0.8247454,True,high
546,Aku ngerasa orang lain lebih gampang nangkap detail daripada aku. Aku ketinggalan gitu rasanya.,ngerasa gampang nangkap detail tinggal peka arti kurang perlu diri perhati kecil tekstur kain burung lama lama jago nangkap detail bandingin diri sendiri bukan,-1,0,0.7758844,True,high
547,Aku kadang susah dengar nada tertentu. Itu kenapa ya?,susah dengar sulit dengar beberapa telinga otak proses bunyi telinga tangkap getar bunyi ganggu susah dengar periksa dokter,-1,12,0.7042543,True,high
548,Aku suka bingung kenapa bunyi keras lebih bikin aku kaget dibandingkan bunyi pelan?,bunyi kaget banding bunyi pelan bunyi kaget amplitudo otak langsung respons penting potensi bahaya mekanisme alami waspada kaget kurang papar bunyi terlalu stres,-1,8,0.74770904,True,high
549,Aku merasa telingaku sensitif banget sama bunyi berulang. Itu normal nggak?,telinga sensitif bunyi ulang sensitif bunyi ulang otak cenderung notice pola ulang ganggu stres peka stimulus bunyi earplug berisik konsultasi dokter ganggu,-1,12,0.8011246,True,high
550,Aku suka bingung kenapa telinga bisa bikin kita seimbang. Itu beneran ada hubungannya?,telinga imbang beneran telinga struktur khusus jaga imbang tubuh dengar telinga kerja gampang jatuh pusing imbang periksa dokter,-1,0,0.712183,True,high
551,"Aku sering bingung, apa sih sebenarnya yang dipelajari di psikologi? Rasanya abstrak banget.",psikologi abstrak abstrak bicara langsung perilaku aktivitas gera tubuh maupun sembunyi bayang peta paham tindak diri,-1,10,0.72534144,True,high
552,Kenapa ya kulitku kadang merasa sakit atau panas padahal nggak ada apa-apa?,kulit sakit panas padahal indera kulit sensitif kulit respons tekan suhu bahkan rangsang kimiawi sakit panas jelas faktor stres imajinasi otak ngira rangsang perhati kapan muncul pola bareng notice,-1,0,0.7990815,True,high
553,"Aku merasa kulitku sensitif banget, kadang suka sakit sendiri. Apa penyebabnya?",kulit sensitif sakit sendiri kulit sensitif emang nyaman kulit respons tekan suhu bahkan rangsang kimiawi sakit jelas faktor stres lelah bahkan otak salah dokter psikolog tahu notice stres,-1,1,0.8017837,True,high
554,"Aku kadang ngerasa kayak lihat sesuatu, tapi cuma sebentar. Itu apa ya?",ngerasa sebentar sebut bayang iring efek sisa lampu terang cahaya sebentar langsung sebentar percaya,-1,0,0.7110543,True,high
555,Kenapa aku lebih mudah ingat hal-hal yang bikin emosi?,mudah ingat emosi emosi otak rekam kuat momen senang sedih lekat banding ingat emosional nyaman perhati positif ingat emosional,-1,0,0.8134048,True,high
556,"Aku sering merasa bingung kalau harus menyelesaikan masalah, kayak nggak tahu mulai dari mana. Ada cara buat bikin pikiranku lebih teratur nggak?",tahu atur pecah kecil capai pertama berat pikirin bareng kecil pertama,-1,11,0.76279926,True,high
557,"Aku kadang bingung sama data yang banyak, susah nyusun pikiran. Gimana biar nggak overwhelm?",data susah nyusun overwhelm data emang pusing pilah pilah penting sisih catat diagram sederhana hadepin urutin bareng,-1,3,0.7014367,True,high
559,"Aku nggak bisa ngomong di depan orang banyak, apa aku nggak pinter?",ngomong depan pinter ngomong depan pintar terampil bicara publik pinter grogi ngomong depan bareng simpel,-1,6,0.6727958,True,high
561,Aku merasa bangga kalo bisa bantu temen. Itu perasaan apa?,bangga kalo temen sosial positif empati bangga hati lakuin temenmu seru,-1,0,0.7147535,True,high
569,"Aku susah banget melepas rencana yang nggak berjalan sesuai harapan, apa yang salah denganku?",susah lepas rencana jalan sesuai harap salah salah susah lepas rencana manusiawi harap rencana pandu bukan sesuai diri peluang beri ruang fleksibilitas jebak kecewa,-1,5,0.77057445,True,high
570,"Aku merasa gagal kalau hasil kerjaku nggak sesuai ekspektasi, gimana caranya biar nggak down?",gagal hasil kerja sesuai ekspektasi down berat ubah sudut pandang hasil bukan cermin nilai diri kendali usaha hasil luar kuasa laku bangga proses berat percaya ringan beban,-1,0,0.8156455,True,high
573,"Aku ngerasa orang-orang di sekitarku kayak musuh, bukan temen. Gimana cara ubah pikiran ini?",ngerasa musuh bukan temen ubah berat ngerasa kompetisi kawan bukan lawan kecil senyum sapa tulus ngerasa dekat,-1,0,0.74673474,True,high
574,"Kenapa aku merasa orang lain itu seperti musuh, bukan teman?",musuh bukan teman sedang kurang percaya diri takut hadap tantang hidup hilang berani jalan tugas tugas hidup cenderung ancam teman dukung musuh,-1,0,0.81259847,True,high
575,Apa sih tugas hidup itu? Aku bingung.,tugas hidup tugas hidup jalan tumbuh pertama mandiri arti diri kaki sendiri hidup harmonis masyarakat kerja sehat penting percaya mampu laku teman bukan saing konsep,-1,0,0.78167737,True,high
576,"Aku bingung, apa sih arti kebebasan yang sebenarnya? Aku ngerasa nggak pernah benar-benar bebas.",arti bebas ngerasa bebas bebas bebas atur berani diri sendiri pilih sesuai nilai nilai bebas jebak takut harap laku bebas diri sendiri,-1,0,0.70994353,True,high
577,"Apa sih kebebasan itu sebenarnya? Aku merasa punya banyak uang bisa bikin aku bebas, tapi kok masih ada yang kurang?",bebas uang bebas kurang bebas bukan uang uang penuh butuh hidup bebas sejati harta sepi arti bebas kurang interpersonal terima tempat hati,-1,0,0.725499,True,high
578,Aku merasa hubungan dengan orang lain sering bikin aku nggak bebas. Kenapa ya?,bebas hidup lepas interpersonal beban musuh ancam bayang teman juang pandang ubah sehat bebas bukan ikat,-1,0,0.7112239,True,high
579,Apakah dunia ini benar-benar sederhana seperti yang dikatakan?,sederhana kata sederhana hidup bukan rumit rumit pandang subjektif,-1,5,0.673529,True,high
580,Mengapa seseorang merasa dunia ini penuh dengan kontradiksi dan rumit?,penuh kontradiksi rumit hidup makna subjektif alam persepsi sendiri tampak rumit,-1,13,0.6597451,True,high
581,Mengapa anak-anak melihat dunia sebagai tempat yang sederhana?,anak anak tempat sederhana anak anak tempat sederhana beban dewasa lindung papar realitas sosial kompleks diskriminasi ketidaksetaraan,-1,10,0.6795691,True,high
582,Apa yang terjadi pada pandangan anak-anak tentang dunia saat mereka dewasa?,pandang anak anak dewasa dewasa hadap rumit realitas sosial diskriminasi ketidaksetaraan pandang ubah tampak penuh mustahil,-1,13,0.695277,True,high
583,Bagaimana seseorang bisa tetap melihat dunia sebagai tempat yang sederhana di tengah realitas yang kompleks?,tetap tempat sederhana tengah realitas kompleks hasil persepsi subjektif ubah pandang tempat sederhana,-1,13,0.6946051,True,high
584,Apa yang membuat seseorang merasa hidup ini rumit?,hidup rumit hidup rumit jebak kompleks sosial perang ketidaksetaraan hilang sederhana pandang,-1,5,0.7346902,True,high
586,Apakah dunia yang rumit adalah realitas objektif?,rumit realitas objektif rumit bukan realitas objektif rumit makna subjektif alam persepsi,-1,13,0.6790123,True,high
589,"Aku bingung, apa sih arti kebebasan itu sebenarnya?",arti bebas bebas diri sendiri ikat harap bukan arti peduli pilih jalan sesuai nilai turut bebas bebas,-1,0,0.6595179,True,high
590,Aku merasa dunia ini keras dan nggak adil. Gimana caranya aku nggak terus-terusan merasa begini?,adil terus terus begini berat ketidakadilan hilang momen ubah kecil tempat kontribusi kecil laku sisi positif,-1,5,0.7477735,True,high
591,"Aku bingung, kenapa aku harus peduli sama komunitas besar, kayak lingkungan atau dunia?",peduli jauh kecil jaga tetangga kontribusi ngerasa hidup penuh makna,-1,0,0.68930614,True,high
593,"Di tempat kerja, aku takut banget buat ngomong jujur ke atasan. Aku khawatir dianggap nggak sopan. Gimana caranya biar aku lebih percaya diri?",tempat kerja takut ngomong jujur khawatir anggap sopan percaya diri ngomong jujur gampang tahu sopan justru tunjuk lembut saran kecil percaya diri situasi kantor omongin susun kata kata,-1,0,0.81336594,True,high
595,Berkontribusi buat orang lain itu apa sih maksudnya?,kontribusi kontribusi ngasih manfaat kecil temen dengerin sekadar senyum nyaman tempat lakuin,-1,0,0.7004628,True,high
597,"Aku bingung, kalau nggak ada alasan dari masa lalu, kenapa kita bisa stuck kayak gini?",alas masa stuck stuck masa tuju temenmu keluar kamar luar nyaman,-1,11,0.68523866,True,high
598,Aku sering khawatir tentang masa depan. Gimana caranya berhenti memikirkannya?,khawatir masa depan henti khawatir bayang sedang diri panggung lampu sorot nyala terang momen depan kecil laku tenang,-1,0,0.7507353,True,high
602,Aku merasa nggak punya kendali atas hidupku. Semua kayaknya udah ditentuin dari aku lahir. Gimana aku bisa merasa punya kuasa atas hidupku sendiri?,kendali hidup udah ditentuin lahir kuasa hidup sendiri dengar jebak berat kuasa pilih tanggap kecil kendali respons kecil ubah,-1,5,0.7712463,True,high
606,Aku merasa orang lain lebih sukses karena pendidikan mereka. Apa aku ketinggalan?,sukses didik tinggal tinggal sukses didik laku sukses didik tinggi berani skill peluang kejar,-1,2,0.7054947,True,high
608,"Kenapa aku merasa hidup ini nggak adil, orang lain kok kayaknya lebih mudah?",hidup adil mudah hidup adil tahu lengkap tantang ketidakadilan kendali hidup kecil rapi kecil ubah,-1,5,0.7968117,True,high
609,Kenapa aku selalu merasa hidupku nggak sebahagia orang lain?,hidup bahagia sedang banding hidup hidup bahagia rumput tetangga hijau kecil syukur nikmat udara segar temen peduli indah hidup sendiri,-1,0,0.75351673,True,high
611,"Aku dikritik habis-habisan sama orang. Rasanya sakit, tapi aku nggak mau ngaku salah. Apa yang harus aku lakukan?",kritik habis habis sakit ngaku salah laku kritik perih poin mikir kritik evaluasi diri hadiah gratis,-1,0,0.76628524,True,high
615,Aku sering ngerasa nggak punya kontrol atas hidupku. Gimana caranya aku merasa lebih kuat?,ngerasa kontrol hidup kuat kontrol putus kecil daya rapi meja kecil,-1,0,0.8016132,True,high
617,Aku merasa potensiku terbuang karena aku nggak di jalur yang tepat. Gimana caranya balik ke jalur yang bener?,potensi buang jalur tepat balik jalur luar refleksi potensi situ rencana kecil dekat jalur sesuai kursus proyek kecil bawa dekat jalur tepat,-1,10,0.68894553,True,high
620,"Aku pengen punya hobi, tapi bingung pilih yang mana. Saran dong!",pilih saran seru penasaran simpel jurnal kelas gratis tahu,-1,10,0.7076504,True,high
621,Aku ngerasa nggak punya tempat buat nunjukin kemampuan aku. Apa yang harus aku lakuin?,ngerasa tempat nunjukin mampu lakuin ruang aktualisasi sesuai volunteer proyek kecil tempat datang sendiri jangan takut situ nemuin peluang,-1,11,0.70415866,True,high
622,Kenapa aku selalu merasa harus membuktikan sesuatu ke orang lain?,bukti hidup bukan bukti siapa penting cukup diri sendiri diri bukan harap,-1,2,0.70428455,True,high
625,"Aku merasa hidupku nggak adil. Kenapa orang lain bisa sukses, tapi aku enggak?",hidup adil sukses enggak tahu enak hidup adil juang bukan arti hasil kendali usaha sikap kerja bareng,-1,2,0.7824941,True,high
630,"Aku pengen belajar dari orang lain, tapi takut malah jadi meniru. Gimana biar beda?",takut malah tiru bagus kunci sesuai pribadi kagum terus versi sendiri,-1,0,0.6692506,True,high
631,"Aku pengen punya identitas yang kuat, tapi bingung mulai dari mana. Saran dong!",identitas kuat saran identitas percaya lakuin nulis nilai mimpi paling penting situ wujudin nilai pegang erat,-1,0,0.7823922,True,high
632,"Aku pengen berdamai sama diriku sendiri, tapi nggak tahu caranya. Bisa bantu?",damai diri sendiri tahu damai diri sendiri proses indah terima diri masuk kurang syukur diri refleksi damai,-1,0,0.7646267,True,high
634,Gimana caranya aku bisa berdamai dengan kekuranganku?,damai kurang nali kurang hambat terima diri justru jalan bahagia unik,-1,0,0.74953043,True,high
635,"Aku merasa nggak punya kendali atas hidupku, apa yang bisa kulakukan?",kendali hidup laku berat kecil kendali tanggap awal kendali,-1,0,0.6965602,True,high
638,Aku ngerasa nggak punya keberanian buat beda dari orang lain.,ngerasa berani berani tumbuh kecil lakuin baju tren tepat harga,-1,2,0.71924853,True,high
640,"Kadang aku merasa cuma jadi penonton di hidup ini. Aku pengen ikut berperan, tapi bingung mulai dari mana.",tonton hidup peran awal bagus tahu peran sederhana teman tindak kecil ubah,-1,5,0.71420205,True,high
642,"Aku pengen berdamai sama diriku sendiri, tapi kok susah banget. Ada tips nggak?",damai diri sendiri susah tips damai diri sendiri butuh terima kurang hakim diri syukur ingat perlu sempurna yakin pelan pelan damai,-1,0,0.80002344,True,high
643,Aku merasa stres karena pengen sempurna terus. Gimana caranya aku rileks?,stres sempurna terus rileks sempurna capek terima sempurna usaha bukan hasil beri diri istirahat nikmat hidup tekan,-1,0,0.8083759,True,high
649,Aku merasa aku harus selalu terlihat sempurna di depan orang lain. Capek banget. Apa yang bisa aku lakukan?,sempurna depan capek laku terus terus usaha sempurna lelah ingat sempurna jujur diri sendiri percaya,-1,2,0.80397093,True,high
650,Aku merasa hidupku nggak akan pernah sekeren di film. Itu bikin aku sedih.,hidup keren film sedih film potong bukan hidup beneran hidup nilai sendiri walaupun dramatis momen kecil senyum sunset obrol ringan temen,-1,0,0.7862282,True,high
651,"Aku merasa ideku udah paling top, tapi kenapa nggak ada yang ngedukung?",udah paling ngedukung bagus awal eksekusi hasil konkret udah wujudin,-1,11,0.68663514,True,high
654,"Aku merasa ideku nggak perlu diperbaiki, udah sempurna, apa itu buruk?",perlu udah sempurna yakin bagus sempurna,-1,2,0.69004893,True,high
655,"Aku merasa hasil kerjaku nggak pernah bagus, apa aku nggak cocok di bidang ini?",hasil kerja bagus cocok bidang hasil muas awal ngalamin bukan cocok tingkat tahu bareng,-1,2,0.7726033,True,high
656,"Aku merasa nggak cukup pinter buat bersaing sama orang lain, gimana caranya?",cukup pinter saing cukup cerdas akademik pelan pelan yakin kembang,-1,2,0.71941197,True,high
657,"Aku pengen cepet kaya, apa aku harus ambil jalan pintas?",cepet kaya jalan pintas jalan pintas goda seringkali tahan lama stres solid butuh tuju rencana realistis,-1,2,0.71837187,True,high
658,Aku benci dikritik. Gimana caranya biar nggak kesal tiap dikritik?,benci kritik kesal kritik kritik panas kritik saran kembang bukan serang kritik,-1,0,0.679168,True,high
660,Aku pengen orang lain takut sama aku biar dihormati. Apa ini salah?,takut hormat salah hormat takut tahan lama sehat respek kerja tindak harga tulus,-1,0,0.74167544,True,high
664,"Aku suka nyanyi, tapi takut orang bilang jelek. Harusnya aku berhenti ga sih?",takut jelek henti jangan henti senang penting enjoy diri sendiri temen dekat suportif,-1,0,0.80180913,True,high
669,Aku merasa apa yang aku lakuin selalu paling penting. Ini wajar nggak sih?,lakuin paling penting muncul lupa kerja nomor sudut,-1,11,0.7116693,True,high
670,"Aku pengen semuanya sempurna, tapi malah bikin aku nggak maju-maju. Gimana dong?",sempurna malah maju maju sempurna macet kecil sempurna kecil,-1,5,0.74143606,True,high
671,"Aku pengen punya kendali atas semuanya, tapi kok malah bikin aku cemas?",kendali malah cemas kendali manusiawi atur cemas kendali lepas,-1,0,0.75225425,True,high
673,"Kenapa ya aku selalu pengen ngurusin semua detail proyek, padahal capek banget?",ngurusin detail proyek padahal capek sempurna percayain nanganin detail lelah proyek tetap jalan,-1,11,0.7001751,True,high
674,Aku sering ganti-ganti proyek karena bosan. Apa itu buruk?,proyek bosan proyek pilih tuju komitmen bosan disiplin jauh penting,-1,0,0.6874807,True,high
678,"Aku ngerasa aku nggak butuh aturan, karena aku punya cara sendiri. Itu oke nggak?",ngerasa butuh atur sendiri sendiri bagus atur kerja atur atur adaptasi gaya tetap fleksibel kacau,-1,0,0.7120522,True,high
681,Aku pengen selalu jadi pusat perhatian. Apa itu buruk?,pusat perhati perhati manusiawi butuh utama lupa harga energi dengerin dengar arti pusat,-1,0,0.73146635,True,high
682,Aku merasa gak bisa hidup tanpa validasi orang lain. Apa aku normal?,hidup validasi butuh validasi percaya diri laku pamrih olahraga lama lama nemu kuat diri,-1,2,0.8002078,True,high
684,Aku sering marah kalau dikritik. Aku harus apa biar nggak gampang tersinggung?,marah kritik gampang singgung kritik panas sempat tumbuh tanyain diri sendiri kritik reagasi kritik kesal nyata,-1,0,0.76886344,True,high
687,Aku merasa hidupku hancur karena satu kegagalan. Apa aku lebay?,hidup hancur gagal lebay lebay valid gagal akhir sudut hidup situ kecil lang,-1,2,0.8027588,True,high
689,"Aku pengen diakui atas kerja kerasku, tapi gak pernah dapat. Apa salahku?",kerja salah salah bonus bukan tuju utama diri sendiri udah laku udah cukup harga,-1,2,0.7271962,True,high
690,Aku merasa semua yang aku punya hancur. Apa masih ada harapan?,hancur harap gelap harap hancur awal kecil pegang situ sendiri dukung,-1,5,0.73578596,True,high
691,Aku pengen jadi sempurna supaya nggak dikritik lagi. Gimana caranya?,sempurna kritik sempurna tekan kritik cermin terima sempurna tumbuh bukan sempurna,-1,5,0.65990174,True,high
694,Aku pengen jadi sempurna supaya nggak dikritik lagi. Gimana caranya?,sempurna kritik sempurna tekan kritik hindar pilih tanggap tumbuh bukan sempurna ingat sempurna,-1,0,0.7053099,True,high
695,Aku ngerasa hidupku nggak akan pernah lebih baik setelah semua yang terjadi.,ngerasa hidup gelap sulit harap hidup jalan kecil hidup obrol temen situ,-1,11,0.73558044,True,high
696,"Aku nggak suka kalau orang bilang aku salah, kenapa ya?",salah kritik datang padahal kritik tumbuh kritik saran bukan serang kesal kritik,-1,0,0.65912026,True,high
697,Kenapa aku susah nerima kritik dari orang lain?,susah nerima kritik kritik enak dengar peta tanyain diri sendiri jangan anggap kritik serang pribadi,-1,0,0.69727325,True,high
699,Kenapa aku selalu ingin orang lain tahu betapa keras aku berusaha?,tahu betapa usaha malah uras energi proses bukan puji bangga usaha sendiri,-1,2,0.7474399,True,high
700,"Aku merasa kewalahan sama proyekku, rasanya pengen menyerah.",kewalahan proyek serah kewalahan jangan buru buru serah pecah proyek kecil kerja paling kecil,-1,11,0.707849,True,high
703,"Aku merasa ga apa-apa skip kerja keras kalau aku pandai promosi, bener ga?",skip kerja pandai promosi promosi kerja ilusi sukses kerja fondasi tugas kecil dekat tuju,-1,0,0.7291299,True,high
704,"Aku merasa bingung, harus nunggu waktu yang tepat buat bertindak atau langsung ambil langkah sekarang?",nunggu tepat tindak langsung dilema ragu tindak tuju jelas sesuai nilai tindak tunggu tepat perlu siap asal jangan alas tunda terus bimbang,-1,0,0.7236009,True,high
705,"Aku merasa nggak perlu dengar masukan orang lain, aku sudah cukup jago.",perlu dengar masuk cukup jago percaya diri bagus masuk lewat dengar siapa tahu minta saran siapa,-1,0,0.7568418,True,high
707,"Aku merasa nggak perlu belajar lagi, aku kan sudah lulus kuliah.",perlu lulus kuliah kuliah awal terus ubah terus penting tahu kembang bidang,-1,5,0.7324297,True,high
708,"Aku nggak suka dikritik, bikin aku kesal.",kritik kesal kritik nyaman tahu perlu kritik saran bukan serang kritik kesal,-1,0,0.66841924,True,high
710,"Aku pengen jadi yang pertama di bidangku, pokoknya nomor satu!",pertama bidang pokok nomor ambisi keren nomor lupa proses laku pertama,-1,3,0.7559576,True,high
711,"Aku merasa nggak perlu mentor, aku bisa cari tahu sendiri.",perlu mentor tahu sendiri keren mandiri mentor jalan cepat hindar salah salah bimbing mentor,-1,6,0.69365156,True,high
713,"Aku nggak mau dengar omongan negatif, aku cuma mau yang positif.",dengar omong negatif positif positif bagus omong negatif ingat penting balik dengar negatif,-1,5,0.65701413,True,high
717,"Aku ngerasa passionku bikin aku lelet, apa iya passion bisa bikin rugi?",ngerasa passionku lelet passion rugi passion imbang rencana disiplin passion bensin stir jelas mobil muter muter passionmu udah tuju jelas,-1,0,0.7558658,True,high
718,Aku merasa kesal banget karena orang lain dapat penghargaan padahal aku yang kerja keras. Gimana caranya aku nggak iri?,kesal harga padahal kerja kesal sisi tuju jangka panjang terus kerja hasil datang energi terampil kuat,-1,0,0.7811464,True,high
720,"Aku merasa nggak pantas diperlakukan buruk. Harusnya aku lawan, kan?",pantas laku lawan valid lawan langsung solusi bukti nilai diri kerja habisin energi konflik sabar strategi kuat konfrontasi,-1,0,0.79968137,True,high
722,Mengapa memikirkannya terus malah bikin sedih makin berat?,terus malah sedih makin berat memori negatif putar jalur emosi otak kortisol naik mood merosot henti teknik grounding pancaindra jalur bentuk,-1,13,0.78135633,True,high
723,Bagaimana tetap dekat dengan teman ketika pikiranku penuh masalah?,tetap dekat teman penuh jadwal quality time singkat bahas dengar kabar lama aktivitas pecah pola ulang jaga ikat sosial,-1,0,0.74605227,True,high
727,Kenapa kegagalan terasa seperti penyakit emosional?,gagal sakit emosional gagal ganggu self esteem mirip lemah imunitas fisik awat dukung rencana kembang pneumonia psikis keputusasaan,-1,12,0.7985116,True,high
728,Bagaimana membangun kembali harga diri setelah gagal?,harga diri gagal menang mikro tugas albert bandura sebut mastery experience perlahan citra diri,-1,-1,0.59296286,False,rejected
731,Langkah awal supaya merasa lebih berdaya apa?,awal daya daftar berani situasi kecil kata minggu praktik kecil asertivitas,-1,10,0.76998556,True,high
732,Contoh kalimat asertif saat menolak ajakan?,contoh asertif tolak terima perlu istirahat singkat jelas sopan alas tele tele,-1,10,0.6649883,True,high
733,Apa langkah pertama saat semuanya terasa terlalu berat?,pertama terlalu berat kewalahan pilih tugas paling kecil jelas kurang chaos,-1,11,0.7468723,True,high
734,Cara tetap humble tapi percaya diri?,tetap humble percaya diri raya maju bukan hasil akhir hasil kombinasi usaha diri dukung pesan angkat michael sandel,-1,2,0.71986043,True,high
735,Bagaimana langkah pertama berbelas kasih pada diri?,pertama belas diri komponen mindfulness sakit common humanity ingat gagal kindness beri kata kata lembut lima cukup,-1,0,0.74655807,True,high
736,"Bagaimana keluar dari ""kotak tak terlihat"" setelah gagal?",keluar kotak gagal ubah kecil workspace mentor stimulus picu segar bongkar kotak mental,-1,5,0.68667924,True,high
737,Kenapa self-esteem disebut pusat pertahanan emosional?,self esteem sebut pusat tahan emosional persepsi diri nilai ancam psikologis self esteem kuat ibarat antibodi self esteem lemah stres gampang infeksi jelas baumeister,-1,12,0.7754866,True,high
742,Mengapa mengambil tanggung jawab membantu pulih dari kegagalan?,pulih gagal pulih kontrol pegang kendali otak henti posisi diri korban rancang aksi,-1,0,0.7165021,True,high
743,"Kak, apa artinya kepribadian cuma terlihat lewat hubungan sosial?",arti pribadi lewat sosial arti siapa diri tampak interaksi bicara beri dukung respons konflik relasi otomatis kaya pribadi,-1,10,0.77444994,True,high
744,"Kalau begitu, seberapa besar pengaruh lingkunganku terhadap kesehatan mentalku?",berapa pengaruh hadap sehat mental suportif ibarat udara segar turun stres tumbuh cepat pulih emosi,-1,0,0.7373075,True,high
747,Mengapa ketika cemas aku justru sulit fokus belajar?,cemas justru sulit cemas alarm otak prioritas selamat bukan teknik tahan hembus detik turun alarm,-1,0,0.7565247,True,high
748,Aku suka pura‑pura ‘baik‑baik saja’. Apakah itu inatensi?,pura pura inatensi bentuk selective inattention sekal emosi tumpuk curhat proses,-1,10,0.6368146,True,high
749,Aku mudah menilai orang ‘baik’ atau ‘jahat’. Bagaimana menyeimbangkannya?,mudah nilai jahat imbang ingat campur tantang diri kualitas positif label jahat sehat relasi,-1,0,0.7683294,True,high
752,Mengapa saat panik logika hilang?,panik logika hilang panik putus akses korteks logis reda fisiologis atur diri rasional,-1,0,0.75006425,True,high
756,Apa indikator aku telah ‘dewasa’ secara interpersonal?,indikator dewasa interpersonal kolaborasi adil nikmat dekat takut tinggal ekspresi butuh jelas,-1,10,0.7936067,True,high
758,Aku sering menarik diri saat stres. Bagaimana mencoba motivasi konjungtif?,diri stres motivasi konjungtif pesan singkat teman gestur kecil pintu koneksi kurang stres,-1,10,0.74698114,True,high
761,Apa gunanya memahami teori psikoanalisis untuk keseharian?,paham teori psikoanalisis teori ingat emosi simpan pengaruh putus gali motif respons bukan sekadar reaksi,-1,1,0.7592349,True,high
762,Bagaimana cara pikiran memengaruhi cara aku merasa?,pengaruh ibarat kacamata tafsir alam pola realistis positif langsung tenang emosi tuntun tindak sehat,-1,0,0.78713703,True,high
763,Tips memperkuat ‘ego’ supaya keputusan lebih rasional?,tips kuat putus rasional teknik jeda hitung detik respons jeda singkat beri timbang risiko manfaat,-1,10,0.62799275,True,high
765,Mengapa setelah menolak ajakan teman aku merasa cemas berlebihan?,tolak teman cemas senang senang superego tuntut tolak prioritas validasi putus kompromi atur jadwal hangout,-1,0,0.7607137,True,high
771,Aku belanja berlebihan lalu beri hadiah ke teman agar tak merasa bersalah. Apakah sehat?,belanja beri hadiah teman salah sehat beri motif hapus salah kelola uang hadap emosi langsung,-1,6,0.7558763,True,high
772,Bagaimana menetapkan batas kerja sehat?,tetap batas kerja sehat atur kerja istirahat mati notifikasi kerja,-1,0,0.69846946,True,high
775,Bagaimana membuat rutinitas refleksi malam sederhana?,refleksi sederhana syukur niat cukup tutup tenang,-1,0,0.74054265,True,high
776,"Aku baru saja ditolak seseorang yang aku suka, rasanya sakit banget. Apa yang bisa aku lakukan?",tolak sakit laku tahu berat luka pertama beri diri emosi jangan terlalu lama jebak diri bakat ingat harga negatif lawan fakta positif diri teman laku aktivitas nikmat nonton film favorit kecil perlahan,-1,0,0.840085,True,high
777,Aku sering merasa nggak cukup baik setelah ditolak. Gimana cara menghentikan pikiran negatif ini?,cukup tolak henti negatif negatif kertas kritik diri lawan kritik fakta temen asyik diri adil sulit laku kuasa masak ingat,-1,0,0.84364027,True,high
778,"Setelah ditolak, aku kehilangan rasa percaya diri. Bagaimana cara membangunnya lagi?",tolak hilang percaya diri percaya diri goyah tolak duduk jenak bangga diri mampu dengar kerja susah ingat momen hasil laku aktivitas kompeten olahraga ingat,-1,0,0.8149289,True,high
780,Aku takut ditolak lagi di masa depan. Gimana biar nggak terlalu takut?,takut tolak masa depan terlalu takut takut tolak diri kuat ingat tolak bukan cermin diri situasi hadap tolak kecil temen nongkrong tolak anggap tolak energi main game jalan jalan makin rela makin mudah,-1,0,0.8173662,True,high
781,"Aku punya banyak temen, tapi tetap kesepian. Apa yang salah sama aku?",temen tetap sepi salah salah sepi datang pilih temen percaya personal mimpi khawatir diri erat lakuin bareng nonton masak momen dekat,-1,0,0.8308913,True,high
782,"Aku merasa kesepian akhir-akhir ini, dan takut ini memengaruhi orang lain. Apa yang bisa aku lakukan?",sepi akhir akhir takut pengaruh laku peduli sepi kecil kirim pesan temen keluarga sapa giat kelas seni buku bahkan ringan sendiri kecil ubah,-1,6,0.7921413,True,high
783,"Aku kesepian, tapi susah buka diri ke orang lain. Gimana cara memulainya?",sepi susah diri mula diri gampang sepi kecil ringan film tonton takut ingat gugup kecil temen respons nyaman kuat,-1,0,0.85316133,True,high
784,"Aku pengen hubungan yang lebih dekat sama orang lain, tapi selalu gagal. Apa yang harus aku lakukan?",dekat gagal laku erat udah luangin refleksi jauh takut sakit cukup tahu pola lakuin tindak kecil ngajak temen ngopi dengerin penuh perhati erat butuh,-1,0,0.8437413,True,high
785,"Aku pengen lebih dekat sama temen, tapi susah memahami mereka. Gimana caranya?",dekat temen susah paham dekat butuh usaha udah jalur dengar temenmu penuh perhati bayangin diri posisi berat tanyain nunjukin peduli dekat,-1,0,0.8110992,True,high
786,"Aku kesepian, tapi susah ketemu orang baru. Ada saran?",sepi susah saran tantang sesuai grup cinta film masak ngomentarin postingan diskusi kecil nyaman acara lokal workshop pamer kecil pintu koneksi,-1,0,0.78993744,True,high
788,Kehilangan bikin aku merasa nggak berharga. Gimana cara membangun rasa percaya diri lagi?,hilang harga percaya diri hilang goyah nilai bangga temen laku aktivitas kompeten masak olahraga suportif ngingetin betapa kuat,-1,0,0.8371662,True,high
789,Aku masih nanya-nanya kenapa aku kehilangan seseorang. Gimana cara menerima kenyataan ini?,nanya nanya hilang terima nyata proses terima renung hilang kuat hidup jurnal dengerin proses cepet makna perlahan terima harap,-1,0,0.8026532,True,high
791,"Aku merasa bersalah sama seseorang, tapi takut ngomong. Apa yang bisa aku lakukan?",salah takut ngomong laku takut ngomong salah kecil kirim pesan sederhana nanya kabar pelan pelan pulih siap ungkap jujur surat perlu kirim ngeluarin penting usaha koneksi udah,-1,0,0.807879,True,high
793,Aku selalu ngerasa gagal setelah ditolak. Gimana caranya berhenti ngerasa gitu?,ngerasa gagal tolak henti ngerasa gagal down kertas negatif muncul gagal lawan fakta hasil kerja teman diri jernih susah temen suportif ngingetin lakuin bangga selesain tugas kecil,-1,2,0.8511694,True,high
796,"Aku udah lama merasa kesepian, dan takut ini nggak akan berubah. Apa yang bisa aku coba?",udah lama sepi takut ubah tahu berat sepi udah lama nempel ubah kecil giat senang kelas nyaman tetangga kasir bahkan interaksi kecil ubah sendiri kecil arti,-1,5,0.8001877,True,high
797,Aku sering ngerasa buruk tentang diri sendiri saat kesepian. Gimana cara berhenti ngerasa gitu?,ngerasa diri sendiri sepi henti ngerasa kritik diri sendiri tambah tenggelam negatif muncul asyik fakta lawan temen ketawa diri adil lakuin bangga selesain tugas suportif ngingetin harga,-1,0,0.8599155,True,high
798,Aku sering terjebak di pikiranku sendiri dan susah connect sama orang lain. Gimana caranya keluar dari situ?,jebak sendiri susah connect keluar situ jebak sendiri ngerasa jauh depan dengerin tanyain hadir lari perhati pandang kecil,-1,5,0.76197004,True,high
800,"Setelah kehilangan, aku ngerasa dunia nggak adil. Gimana cara ngatasin pandangan ini?",hilang ngerasa adil ngatasin pandang hilang ngerasa ubah momen kecil syukur matahari pagi obrol temen minggu kecil negatif muncul aktivitas baca masak proses instan perlahan sisi terang,-1,0,0.83958954,True,high
801,Aku merasa lemah setelah kehilangan. Gimana cara nemuin kekuatan diriku lagi?,lemah hilang nemuin kuat diri hilang ngerasa rapuh kuat ingat momen bangga selesain kualitas diri sabar kreatif lakuin hidup olahraga proses butuh kecil dekat versi diri,-1,0,0.8630048,True,high
802,"Aku pengen nerima kehilangan yang aku alami, tapi susah. Gimana caranya?",nerima hilang alami susah terima hilang emang gampang udah usaha renung hilang tahan jurnal dengerin tanyain diri sendiri lakuin hidup proses perlahan damai,-1,0,0.8221121,True,high
804,"Aku panik banget kalau ketinggalan bus, rasanya hari ini bakal berantakan. Gimana caranya biar nggak langsung stres?",panik tinggal beranta langsung stres tinggal jengkel diri sendiri fakta depan fakta tinggal bukan kiamat mikir gagal laku pesan ojek nikmat tunggu dengerin jernih siapin jadwal cadang jaga jaga,-1,0,0.83331907,True,high
808,Aku kesal karena bosku bilang kerjaku kurang rapi. Rasanya dihina. Gimana biar nggak baper?,kesal kerja kurang rapi hina baper komentar nyakitin fakta kerja bukan diri mikir hina anggap sempat improve ulang tugas checklist udah capai kerja inget capable kecil rangin baper revisi tugas,-1,0,0.79498845,True,high
811,"Aku cemas mikirin masa depan, takut nggak sukses. Gimana caranya biar lebih rileks?",cemas mikirin masa depan takut sukses rileks mikirin masa depan gelisah fakta masa depan takut gagal laku skill rencana kecil bayangin diri handle tantang tenang empowering luangin meditasi jernih pilih kecil,-1,0,0.80735767,True,high
813,Aku takut dianggap jelek karena jerawatan. Gimana caranya biar nggak minder di depan orang?,takut anggap jelek jerawat minder depan jerawat pede fakta jerawat kondisi kulit bukan cermin diri takut anggap jelek bangga senyum rawat kulit rutin ingat notice karakter senyum rasain,-1,0,0.77999735,True,high
817,Aku sedih karena nggak bisa ikut liburan bareng temen. Rasanya ketinggalan. Gimana caranya biar nggak down?,sedih libur bareng temen tinggal down libur sedih fakta acara bukan arti tinggal hidup seru lakuin nonton series resep mikir rencanain giat sendiri happy rencana seru akhir pekan,-1,0,0.79450893,True,high
819,Aku sedih karena nggak diundang ke acara temen. Rasanya nggak penting. Gimana caranya biar nggak down?,sedih undang acara temen penting down undang sedih fakta acara bukan arti harga seru lakuin sendiri nonton film mikir temen arti rencanain aktivitas seru akhir pekan,-1,0,0.7853609,True,high
822,"Aku cemas tiap buka tagihan, takut nggak bisa bayar. Gimana caranya biar nggak panik?",cemas tagih takut bayar panik tagih emang jantung cemas henti fakta tagih atur syukur temen prioritas bayar hemat masak tenang catat tagih sore,-1,0,0.76135206,True,high
825,"Aku stres karena gagal ujian, rasanya hidupku hancur. Gimana caranya biar nggak lebay?",stres gagal hidup hancur lebay gagal panik bayangin diri luar angkasa titik kecil hidup syukur temen sehat kecil ulang materi dosen,-1,0,0.8457675,True,high
826,"Aku sedih karena dipecat dari kerja, rasanya malu banget. Gimana caranya biar nggak terlalu dipikirin?",sedih pecat kerja malu terlalu dipikirin pecat emang nyesek lima tahun udah capai alam lakuin update peluang drama luangin neng kirim lamar,-1,11,0.76592207,True,high
827,Aku takut banget sama anjing karena kecil dulu ditakut-takutin. Gimana caranya biar nggak panik tiap lihat anjing?,takut kecil takut takutin panik takut kecil degan kecil lucu tanyain diri takut lama fakta ramah minta temen alam positif pelan pelan jauh imut internet,-1,0,0.8292078,True,high
829,"Aku cemas soal masa depan, rasanya nggak bisa ngapa-ngapain. Gimana caranya biar merasa lebih punya kendali?",cemas masa depan kendali khawatir masa depan stuck kecil kontrol tuju sederhana minggu resin meja jalan apresiasi diri sendiri denger favorit temen dekat perspektif kuat pilih tuju kecil,-1,0,0.8395258,True,high
837,Aku kesal karena temenku nggak bales kebaikan aku. Rasanya dia harusnya sama baiknya. Gimana biar nggak marah?,kesal temenku bales marah dibales sakit hati balas sendiri bangga sendiri momen bukti temen kesel lakuin kecil diri sendiri,-1,0,0.74225163,True,high
838,"Aku merasa gampang nyerah pas ada masalah, kayak nggak kuat. Gimana caranya biar lebih tangguh?",gampang nyerah kuat tangguh gampang nyerah frustrasi kecil selesain tugas temen sederhana hadap kecil rencana lewatin inspirasi tangguh pelan pelan tugas kecil,-1,11,0.7931184,True,high
842,Saya merasa kesepian meskipun punya teman. Bagaimana cara merasa lebih terhubung?,sepi teman sepi alfred adler makhluk sosial butuh sehat jiwa teman kenang seru rencana kecil aktivitas kelompok klub dekat minggu,-1,0,0.7529841,True,high
847,Saya sering merasa sakit tanpa sebab jelas. Apakah ini terkait emosi saya?,sakit jelas kait emosi peka tubuh penting alfred adler gejala fisik sakit logat organ cermin tuju emosi batin perhati kapan sakit muncul pola teknik relaksasi bicara dokter teman dekat emosi kait sakit,-1,0,0.7779835,True,high
848,"Saya ingin lebih peduli pada orang lain, tapi susah. Bagaimana cara memulainya?",peduli susah mula peduli tunjuk hati alfred adler sosial hakikat manusia perlu tindak kecil kabar teman tetangga momen kembang empati tindak kecil laku,-1,0,0.80119634,True,high
853,Saya merasa hidup saya terlalu pendek untuk capai impian. Bagaimana cara tetap termotivasi?,hidup terlalu pendek capai impi tetap motivasi semangat impi luar erich fromm tahu hidup pendek dorong kejar aktualisasi diri pecah impi tuju kecil skill bulan minggu impi kecil semangat,-1,5,0.762498,True,high
857,Saya merasa tidak punya tempat di dunia ini. Bagaimana cara merasa lebih grounded?,tempat grounded sedang tempat luar erich fromm rootedness butuh akar alam jalan taman kecil meditasi pagi grounded,-1,10,0.69172716,True,high
860,Saya merasa kerja saya tidak bermakna. Bagaimana cara temukan gairah di kerja?,kerja makna gairah kerja sedang makna semangat erich fromm kerja produktif ekspresi diri aspek kerja selaras nilai rekan kecil kerja bangga eksplorasi luar kerja kerja nikmat,-1,9,0.7188432,True,high
861,Saya ingin berpikir lebih positif. Bagaimana cara melatih pikiran saya?,positif positif keren erich fromm produktif datang topik seni syukur topik penasaran,-1,10,0.7150476,True,high
862,Saya merasa sulit mencintai orang lain. Bagaimana cara membuka hati saya?,sulit cinta hati hati berani mula erich fromm ketidakmampuan cinta produktif ketidaksehatan tunjuk peduli kecil kabar teman dekat cinta diri sendiri diri,-1,0,0.7858207,True,high
863,Saya kadang punya pikiran gelap tentang kekerasan. Apa yang bisa saya lakukan?,gelap laku gelap takut berani hadap erich fromm nekrofilia tari hancur definisi salur energi aktivitas positif olahraga seni picu bicara teman terap aktivitas positif,-1,0,0.7965465,True,high
864,Saya merasa terlalu bergantung pada orang tua. Bagaimana cara lebih mandiri?,terlalu mandiri mandiri kuat batin erich fromm simbiosis inses figur lang sendiri putus kecil atur anggar minggu hasil mandiri bangga kecil diri sendiri,-1,0,0.787272,True,high
866,"Aku sering merasa orang-orang di sekitarku nggak bisa dipercaya, apa yang salah denganku?",percaya salah salah melanie klein jelas sulit percaya sedang usaha paham pisah nyaman kecil laku tunjuk percaya perlahan,-1,0,0.8089336,True,high
870,"Aku sering cemas soal masa depan, gimana caranya biar lebih tenang?",cemas masa depan tenang cemas masa depan perlu kecil stabil tabung daftar tugas tenang,-1,0,0.7081941,True,high
874,"Aku sering down kalau orang lain ngejek, gimana biar nggak gampang terpengaruh?",down ngejek gampang pengaruh kritik emang goyah kuat batin tetap percaya diri hina diri ingat opini definisi siapa afirmasi positif,-1,0,0.83927876,True,high
875,"Aku suka banget sama hal-hal yang indah, tapi kadang merasa aneh. Itu normal nggak?",indah aneh beberapa dorong indah seni alam manfaat tenang diri jalan jalan taman dengar musik hati ringan,-1,0,0.70339984,True,high
879,"Aku sering merasa orang lain nggak jujur, gimana caranya biar nggak stres sama itu?",jujur stres paham jujur kesal kuat batin nyata jernih percaya habis tenang terlalu beban,-1,0,0.8145257,True,high
882,"Aku merasa hidupku cuma tentang masalahku sendiri, gimana caranya biar lebih peduli sama dunia?",hidup sendiri peduli jebak sendiri bahagia tuju luar diri kecil laku giat amal dengerin temen hidup makna,-1,0,0.82243466,True,high
885,"Aku merasa egois kalau peduli sama kebutuhanku, apa itu salah?",egois peduli butuh salah salah sekali peduli diri sendiri penting melanie klein sejak kecil dorong butuh jaga diri bukan egois,-1,0,0.7137749,True,high
887,"Aku merasa habis satu masalah selesai, muncul lagi yang baru. Kenapa gitu?",habis muncul paham butuh muncul butuh penuh manusia sempat tumbuh butuh muncul butuh istirahat dukung temen,-1,0,0.7323561,True,high
888,"Aku merasa hidupku nggak seimbang, apa yang bisa bantu biar lebih teratur?",hidup imbang atur hidup imbang lelah butuh urut makan tuju diri butuh udah penuh situ tidur cukup atur uang,-1,0,0.78849834,True,high
891,"Aku gampang banget down kalau ditolak, gimana biar lebih kuat?",gampang down tolak kuat tolak emang sakit hati udah cukup cinta tolak terlalu sakit ingat sayang keluarga temen kuat,-1,2,0.762316,True,high
895,Saya merasa hidup saya berantakan dan sulit fokus. Bagaimana cara lebih terorganisir?,hidup beranta sulit organisir hidup beranta stres ubah robert mccrae paul costa conscientiousness atur daftar tugas kecil rapi meja atur jadwal raya tugas kecil atur kontrol,-1,3,0.70750856,True,high
896,Saya sering cemas tanpa alasan jelas. Apa yang bisa saya lakukan untuk lebih tenang?,cemas alas jelas laku tenang cemas berat sendiri robert mccrae paul costa neuroticism rentan emosi negatif teknik detik tahan detik keluar detik picu cemas solusi kecil jalan kaki tenang,-1,0,0.8329953,True,high
897,Saya merasa mudah stres di bawah tekanan. Bagaimana cara lebih kuat secara emosional?,mudah stres bawah tekan kuat emosional stres berat kuat hadap robert mccrae paul costa neuroticism rentan stres tahan meditasi singkat syukur situasi stres kelola,-1,12,0.7896261,True,high
898,Saya merasa kurang produktif di kerja. Bagaimana Big Five bisa bantu saya?,kurang produktif kerja five produktif tunjuk semangat robert mccrae paul costa conscientiousness atur kunci sukses kerja daftar tugas prioritas penting raya tugas motivasi area kerja tingkat kecil organisir kerja,-1,10,0.7566931,True,high
899,"Saya ingin ubah kebiasaan buruk, tapi lingkungan bikin sulit. Apa yang bisa saya lakukan?",ubah sulit laku ubah luar albert bandura perilaku pengaruh atur tindak identifikasi picu media sosial aktivitas positif baca buku kecil ubah ubah,-1,5,0.7190064,True,high
905,Saya merasa kesepian meskipun punya teman. Bagaimana cara merasa lebih dekat dengan orang lain?,sepi teman dekat sepi muncul kapan tunjuk damba koneksi manusiawi butuh sosial sahabat sayang kunci bahagia teman santai kenang seru luang aktivitas kelompok klub buku bicara minggu,-1,0,0.8061526,True,high
906,Saya merasa usaha saya tidak dihargai di tempat kerja. Bagaimana cara tetap termotivasi?,usaha harga tempat kerja tetap motivasi berat usaha tetap usaha jelas butuh harga penting motivasi bangga kerja minggu ingat nilai diri bicara rekan kerja laku capai kecil bangga,-1,0,0.7661432,True,high
917,Hidup saya terasa tidak seimbang. Bagaimana cara memperbaikinya?,hidup imbang imbang berani prinsip kompensasi pribadi tetap harmonis terlalu kerja lupa istirahat aktivitas bahagia jalan jalan nonton film prioritas minggu kurang imbang,-1,0,0.7610226,True,high
918,"Saya ingin maju, tapi merasa terhambat. Apa yang bisa saya lakukan?",maju hambat laku maju tunjuk semangat diri progres imbang luar batin hambat tuju kecil minggu skill rapi ruang kerja refleksi stuck kecil bawa ubah tuju,-1,0,0.7866345,True,high
919,Saya merasa mundur dalam hidup. Apakah ini buruk?,mundur hidup mundur bukan arti gagal sedang regresi solusi tengok frustrasi teman dekat regresi bawa wawas ingat bahagia ringan,-1,2,0.82521164,True,high
923,Saya susah berpikir jernih akhir-akhir ini. Bagaimana cara memperbaikinya?,susah jernih akhir akhir kabut usia logis jernih laku istirahat jalan kaki penuh,-1,0,0.7948131,True,high
924,Saya sering terpecah antara keinginan saya dan ekspektasi orang lain. Apa yang salah?,pecah ekspektasi salah peka kuat batin usia pecah salah tumbuh ekspektasi pilih kecil selaras hati tekan,-1,0,0.75904465,True,high
926,Saya ingin tahu lebih banyak tentang diri saya. Apa itu tes asosiasi kata?,tahu diri asosiasi kata kenal diri sendiri tualang seru cipta asosiasi kata ungkap sembunyi dengar kata langsung hutan main kata acak,-1,6,0.7439666,True,high
927,Saya merasa hidup saya kurang lengkap. Bagaimana Maslow menjelaskan ini?,hidup kurang lengkap jelas kurang berani hidup lengkap butuh makan tidur puncak aktualisasi diri penuh butuh kurang eksplorasi tuju pribadi kurang,-1,0,0.79405355,True,high
929,Idenya menarik tapi terlalu ‘di awang’. Cara membuatnya lebih realistis?,terlalu awang realistis skala kecil prototipe sederhana simulasi umpan balik lapang selaras gagas nyata,-1,10,0.7325659,True,high
931,Aku bingung peranku di kantor dan rumah berbeda. Apakah wajar?,peran kantor identitas fleksibel sesuai konteks kunci konsisten nilai inti jujur empati ekspresi,-1,10,0.77416575,True,high
932,Mengapa pengalaman masa bayi bisa memengaruhi rasa percaya diriku sekarang?,alam masa pengaruh percaya diri pola tanam sejak awal ulang masa trust lewat hangat konsistensi,-1,10,0.7034324,True,high
937,Aku remaja merasa 'gak punya jati diri'. Tips menemuinya?,remaja jati diri tips aktivitas klub seni olahraga refleksi resonan identitas lewat alam bukan sekadar,-1,10,0.69124615,True,high
941,Nenek sering mengenang masa lalu dengan senyum. Apakah itu tanda integritas?,nenek kenang masa senyum integritas refleksi alam sesal dukung dengar harga bijaksana,-1,0,0.67726076,True,high
943,Saya merasa kesepian meskipun punya teman. Apa yang bisa saya lakukan untuk merasa lebih terhubung?,sepi teman laku sepi muncul keliling manusiawi butuh sosial sahabat sayang penting bahagia teman percaya kecil rencana kopi sederhana kirim pesan kabar pintu koneksi bicara minggu,-1,0,0.828681,True,high
945,"Saya ingin hidup lebih bermakna, tapi tidak tahu harus mulai dari mana. Ada saran?",hidup makna tahu saran hidup makna jalur tepat sebut aktualisasi diri kejar potensi tuju beri arti kecil aktivitas lama mimpi kecil wujud,-1,9,0.7950499,True,high
948,"Saya dengar tentang ‘arsetip’ Jung. Apa itu, dan bagaimana pengaruhnya pada saya?",dengar arsetip pengaruh arsetip cetak universal turut pengaruh tindak pesona sisi diri tunjuk topeng sosial shadow sisi sembunyi simpan emosi kuat kapan topeng depan kenal arsetip paham diri alam,-1,13,0.74935246,True,high
949,Saya merasa capek harus selalu tampil sempurna di depan orang. Apa yang bisa saya lakukan?,capek tampil sempurna depan laku lelah terus topeng sebut pesona diri tunjuk terlalu berat luang diri sendiri tekan habis santai teman nyaman bebas diri sendiri,-1,0,0.8469602,True,high
953,Saya merasa hidup saya tidak seimbang. Bagaimana cara memperbaikinya?,hidup imbang imbang berani prinsip kompensasi pribadi tetap harmonis hidup terlalu kerja lupa senang senang aktivitas bahagia jalan jalan nonton film prioritas minggu kurang imbang,-1,0,0.78432965,True,high
954,"Saya ingin maju dalam hidup, tapi merasa terhambat. Apa yang bisa membantu?",maju hidup hambat maju semangat progres imbang butuh batin luar hambat tuju kecil capai minggu skill declutter meja kerja refleksi stuck kecil bawa ubah tuju,-1,0,0.7879539,True,high
955,Saya merasa mundur dalam hidup. Apakah ini buruk?,mundur hidup mundur bukan arti gagal sedang regresi solusi tengok frustrasi teman dekat regresi bawa wawas ingat bahagia ringan,-1,2,0.82521164,True,high
959,Saya merasa sulit berpikir jernih seperti dulu. Apa yang bisa saya lakukan?,sulit jernih laku kabut usia tahun logis kembang jernih sederhana laku istirahat jenak jalan kaki penuh,-1,3,0.7433218,True,high
960,Saya sering merasa terpecah antara apa yang saya inginkan dan apa yang diharapkan orang lain. Apa yang salah?,pecah harap salah keren peka usia diri individu pisah pecah salah tumbuh ekspektasi pilih kecil selaras hati tekan,-1,0,0.79142123,True,high
962,Saya ingin tahu lebih banyak tentang diri saya. Apa itu tes asosiasi kata?,tahu diri asosiasi kata kenal diri sendiri tualang luar cipta asosiasi kata ungkap sembunyi alam bawah dengar kata langsung kata main sendiri kata acak,-1,3,0.70474887,True,high
963,Saya merasa hidup saya tidak lengkap. Bagaimana Maslow menjelaskan ini?,hidup lengkap jelas tunjuk sedang berani hidup lengkap butuh penuh makan tidur puncak aktualisasi diri kejar mimpi butuh kurang eksplorasi tuju pribadi kurang,-1,0,0.8136097,True,high
965,"Saya ingin punya hubungan yang lebih dekat dengan keluarga, tapi bingung caranya. Ada saran?",dekat keluarga saran dekat keluarga hati hangat butuh sosial cinta kunci bahagia gestur kecil telepon saudara santai keluarga makan bareng dengar penuh perhati great start keluarga dekat,-1,0,0.78764915,True,high
969,Saya merasa ada sisi diri saya yang tersembunyi. Bagaimana cara menjelajahinya?,sisi diri sembunyi jelajah tualang batin dengar seru pribadi gabung jajah sisi sembunyi perhati emosi impuls muncul kesal excited jurnal emosi paham,-1,0,0.8578717,True,high
970,Saya sering bereaksi berlebihan pada hal kecil. Apa yang terjadi dengan saya?,reaksi kecil reaksi bijak paham kompleks kumpul pribadi picu perhati situasi reaksi detail pola kenang masa teman dekat situasi reaksi,-1,0,0.741622,True,high
971,Saya merasa punya ketakutan yang tidak bisa dijelaskan. Apakah ini normal?,takut jelas takut jelas sendiri kolektif bawa waris insting takut universal takut gelap tinggi muncul sana takut picu paham takut takut penasaran,-1,13,0.75284183,True,high
973,Saya sering merasa cemas dan kesepian tanpa alasan jelas. Apa yang bisa saya lakukan?,cemas sepi alas jelas laku cemas sepi berat sendiri karen horney jelas cemas sepi ketidakberdayaan muncul alam masa kecil kecil cemas teknik relaksasi lama obrol teman dekat kurang sepi kecil tenang,-1,0,0.7908013,True,high
979,Saya selalu ingin sempurna dan takut salah. Bagaimana cara mengatasinya?,sempurna takut salah sempurna stres ubah karen horney butuh neurotik sempurna cemas tekan terima salah gagal kecil akhir tumbuh raya kecil takut hasil kecil tekan sempurna,-1,0,0.7933219,True,high
982,Saya selalu ingin semua orang menyukai saya. Bagaimana cara lebih santai?,santai manusiawi santai karen horney tipe kalah sayang kurang cemas tulus terima diri ingat nilai diri terima,-1,0,0.8232174,True,high
999,Saya merasa perempuan dianggap kurang di tempat kerja. Bagaimana cara tetap percaya diri?,perempuan anggap kurang tempat kerja tetap percaya diri berat hadap ketidakadilan kuat karen horney pria superior datang bukan fakta tetap percaya diri capai kerja bangga tunjuk ahli tenang rekan dukung capai kerja raya,-1,0,0.76454663,True,high
1004,"Aku takut gagal ujian, rasanya pasti bakal ngecewain orang tua. Gimana caranya biar nggak overthinking?",takut gagal ngecewain overthinking khawatir penuh gagal hasil kecil ngerjain tugas bukti kecil ulang catat warni bayangin diri tenang lega takut ngecewain ingat sayang ketimbang nilai topik,-1,11,0.8495329,True,high
1006,"Aku stres gara-gara putus sama pacar, rasanya gagal. Gimana caranya biar bisa nerima?",stres gara gara putus pacar gagal nerima putus hati sakit hidup pasang bayangin putus pintu kenal diri sendiri kecil jalan temen cinta momen sempat tumbuh rencanain giat seru minggu,-1,0,0.8250338,True,high
1007,"Aku nyesel banget pernah nyakitin temen, susah move on. Gimana caranya biar nggak stuck?",nyakitin temen susah move stuck masa berat ubah udah lewat lakuin minta maaf temen lakuin positif masa ngajarin nentuin masa depan kirim pesan ramah temen,-1,11,0.7464547,True,high
1010,"Aku sedih gara-gara tas favoritku rusak, rasanya nyesel banget. Gimana caranya biar nggak terlalu sedih?",sedih gara gara favorit rusak terlalu sedih rusak nyesek bayangin temenmu sedih hidup temen kecil rawat bukan diri pede,-1,0,0.7359139,True,high
1012,"Aku stres gara-gara dipecat, rasanya hidupku hancur. Gimana caranya biar bisa nerima?",stres gara gara pecat hidup hancur nerima pecat berat jalan kerja skill tangguh bayangin pecat pintu peluang bisnis karir kecil update temen cinta momen sempat bangkit kirim lamar,-1,0,0.80326074,True,high
1014,"Aku sedih gara-gara laptopku rusak, rasanya nyesel banget. Gimana caranya biar nggak terlalu sedih?",sedih gara gara laptop rusak terlalu sedih laptop rusak bete bayangin laptop temenmu sedih lama hidup temen kecil backup data servis laptop bukan diri temen ketawa bareng,-1,0,0.75340074,True,high
1016,"Aku stres gara-gara kena PHK, rasanya gagal total. Gimana caranya biar bisa nerima?",stres gara gara kena gagal total nerima berat hidup kerja skill tangguh bayangin pintu peluang bisnis karir kecil update temen cinta momen sempat bangkit kirim lamar,-1,2,0.8014638,True,high
1018,"Aku sedih gara-gara sepatuku rusak, rasanya nyesel banget. Gimana caranya biar nggak terlalu sedih?",sedih gara gara sepatu rusak terlalu sedih sepatu rusak bete bayangin sepatu temenmu sedih lama hidup temen kecil rawat sepatu sepatu bukan diri sepatu pede,-1,0,0.7165393,True,high
1020,"Aku sedih gara-gara dompetku ilang, rasanya nyesel banget. Gimana caranya biar nggak terlalu sedih?",sedih gara gara dompet ilang terlalu sedih dompet ilang bete bayangin dompet temenmu sedih lama hidup temen kecil lapor bank dompet dompet bukan diri temen ketawa bareng,-1,0,0.73703504,True,high
1022,"Aku stres gara-gara kena keseleo, rasanya susah banget. Gimana caranya biar bisa nerima?",stres gara gara kena keseleo susah nerima keseleo frustrasi hidup situasi sabar empati bayangin keseleo sempat istirahat refleksi kecil rawat kaki nikmat buku cinta momen peluang tumbuh baca buku,-1,0,0.82457525,True,high
1023,"Aku nyesel banget pernah nyakitin sahabat, susah melupain. Gimana caranya biar nggak stuck?",nyakitin sahabat susah melupain stuck masa berat ubah udah lewat sahabat lakuin minta maaf lakuin positif masa ngajarin nentuin masa depan kirim pesan ramah sahabat,-1,11,0.70542955,True,high
1026,"Aku sedih gara-gara jaketku rusak, rasanya nyesel banget. Gimana caranya biar nggak terlalu sedih?",sedih gara gara jaket rusak terlalu sedih jaket rusak bete bayangin jaket temenmu sedih lama hidup temen kecil rawat jaket jaket bukan diri jaket pede,-1,0,0.7218936,True,high
1029,"Aku sedih gara-gara bajuku rusak, rasanya nyesel banget. Gimana caranya biar nggak terlalu sedih?",sedih gara gara baju rusak terlalu sedih baju rusak bete bayangin baju temenmu sedih lama hidup temen kecil rawat baju baju bukan diri baju pede,-1,0,0.7259523,True,high
1031,"Aku stres gara-gara kena sakit, rasanya hidupku susah banget. Gimana caranya biar bisa nerima?",stres gara gara kena sakit hidup susah nerima sakit berat hidup situasi sabar empati bayangin sakit sempat istirahat refleksi kecil makan sehat nikmat buku cinta momen peluang tumbuh makan porsi,-1,0,0.82682925,True,high
1032,"Aku nyesel banget pernah nyakitin temen kuliah, susah melupain. Gimana caranya biar nggak stuck?",nyakitin temen kuliah susah melupain stuck masa berat ubah udah lewat temen lakuin minta maaf lakuin positif masa ngajarin nentuin masa depan kirim pesan ramah temen,-1,11,0.7660394,True,high
1034,"Aku sedih gara-gara jaketku rusak, rasanya nyesel banget. Gimana caranya biar nggak terlalu sedih?",sedih gara gara jaket rusak terlalu sedih jaket rusak bete bayangin jaket temenmu sedih lama hidup temen kecil rawat jaket jaket bukan diri jaket pede,-1,0,0.7218936,True,high
1036,"Aku stres gara-gara kena keseleo, rasanya susah banget. Gimana caranya biar bisa nerima?",stres gara gara kena keseleo susah nerima keseleo frustrasi hidup situasi sabar empati bayangin keseleo sempat istirahat refleksi kecil rawat kaki nikmat buku cinta momen peluang tumbuh baca buku,-1,0,0.82457525,True,high
1041,Aku capek ngadepin temen yang selalu ngeluh. Gimana caranya biar nggak habis energi?,capek ngadepin temen ngeluh habis energi temen ngeluh terus lelah tanyain diri worth habisin happy temen rangin bareng pelan pelan tolak sekali semangat nikmat sendiri buku harga rencanain aktivitas seru diri sendiri minggu,-1,0,0.8516123,True,high
1042,"Aku takut jujur ke temen soal perasaanku, takut dia marah. Gimana caranya biar berani jujur?",takut jujur temen takut marah berani jujur takut jujur emang grogi enak jujur alas jujur penting hati lega ngomong santai bayangin dengerin ringan jujur tenang temen,-1,0,0.76544136,True,high
1044,Aku jengkel sama kolega yang selalu nyolot tiap rapat. Gimana caranya biar nggak kesel?,jengkel kolega nyolot rapat kesel kolega nyolot bete balas kalem tanyain diri santai lanjut nyolot tenang proyek balas omong sopan diskusi kecil catat rapat ramah kuat balas omong nyolot sopan,-1,0,0.7208383,True,high
1046,Aku capek ngadepin keluarga yang selalu nanya kapan nikah. Gimana caranya biar nggak habis energi?,capek ngadepin keluarga nanya kapan nikah habis energi kapan nikah lelah tanyain diri worth habisin energi bahagia temen balas santai kerja rangin semangat harga obrol topik seru keluarga,-1,0,0.83833617,True,high
1047,"Aku takut jujur ke bos soal kesalahan kerjaku, takut dimarahin. Gimana caranya biar berani?",takut jujur salah kerja takut dimarahin berani takut jujur emang grogi tenang jujur alas jujur penting hati lega ngomong santai bayangin solusi ringan jujur kuat,-1,0,0.788175,True,high
1049,Aku capek ngadepin temen yang selalu drama di medsos. Gimana caranya biar nggak habis energi?,capek ngadepin temen drama medsos habis energi drama medsos lelah tanyain diri worth habisin bahagia keluarga rangin scroll medsos mute temen semangat nikmat jalan kaki harga lakuin aktivitas seru,-1,0,0.8248042,True,high
1050,"Aku takut jujur ke temen soal kesalahan bareng, takut dia kesel. Gimana caranya biar berani?",takut jujur temen salah bareng takut kesel berani takut jujur emang grogi tenang jujur alas jujur penting hati lega ngomong santai bayangin dengerin ringan jujur tenang temen,-1,0,0.76616216,True,high
1051,Aku sakit hati gara-gara dikira nggak pinter di kelas. Gimana caranya biar nggak baper?,sakit hati gara gara pinter kelas baper pinter enak pinter kata bangga usaha abai omong balas senyum temen harga kata kata topik pede,-1,0,0.78273344,True,high
1055,"Aku takut jujur ke pacar soal kesalahan kecilku, takut dia marah. Gimana caranya biar berani?",takut jujur pacar salah kecil takut marah berani takut jujur pacar emang grogi tenang jujur alas jujur penting hati lega ngomong santai bayangin dengerin ringan jujur tenang pacar,-1,0,0.77229995,True,high
1057,Aku sakit hati gara-gara dikira nggak gaul di kantor. Gimana caranya biar nggak baper?,sakit hati gara gara gaul kantor baper gaul enak gaul kata bangga kerja abai omong balas senyum kolega harga kata kata kolega suportif,-1,0,0.75562924,True,high
1060,Aku capek ngadepin kolega yang selalu nyinyir. Gimana caranya biar nggak habis energi?,capek ngadepin kolega nyinyir habis energi nyinyir kolega lelah tanyain diri worth habisin bahagia proyek temen rangin kerja kolega semangat nikmat harga kolega suportif,-1,0,0.7784897,True,high
1063,Aku capek ngadepin temen yang selalu negatif. Gimana caranya biar nggak habis energi?,capek ngadepin temen negatif habis energi temen negatif lelah tanyain diri worth habisin bahagia keluarga rangin bareng tolak sekali semangat nikmat buku harga rencanain aktivitas seru diri sendiri minggu,-1,0,0.8674312,True,high
1064,"Aku takut jujur ke kolega soal kesalahan tim, takut dikira lelet. Gimana caranya biar berani?",takut jujur kolega salah takut lelet berani takut jujur kolega emang grogi tenang jujur alas jujur penting hati lega ngomong santai bayangin dengerin ringan jujur tenang kolega,-1,0,0.7990931,True,high
1066,"Aku pacaran udah lama, tapi kok rasanya hubungan ini hambar. Aku khawatir kita nggak ke mana-mana. Gimana caranya bikin hubungan ini lebih hidup lagi?",pacar udah lama hambar khawatir hidup udah lama datar arti pasang hati rasain depan bareng masak bareng jalan tempat kunjung nyalain spark luangin nulis sisi positif,-1,0,0.7935616,True,high
1067,"Aku jomblo, dan kadang khawatir nggak akan pernah dapat pasangan. Tapi aku juga pengen menikmati hidupku sekarang. Gimana caranya biar nggak overthinking soal ini?",jomblo khawatir pasang nikmat hidup overthinking jomblo bukan akhir neng denger nikmatin hidup happy nongkrong temen kelas dance volunteering khawatir muncul syukur shift pasang percaya tepat datang nikmat tualang sendiri,-1,0,0.8036148,True,high
1068,Aku udah 30-an dan masih jomblo. Aku takut nggak akan pernah ketemu orang yang cocok. Gimana caranya aku bisa lebih percaya diri sama statusku?,udah jomblo takut cocok percaya diri status khawatir umur nambah terus sisi udah alam hidup unik diri pribadi capai kecil lakuin hidup olahraga bahkan percaya diri datang tepat notice harga jomblo,-1,0,0.8439273,True,high
1069,"Aku jomblo, tapi kadang bingung kenapa aku nggak terlalu khawatir soal ini. Normal nggak sih, apa aku harus lebih aktif cari pasangan?",jomblo terlalu khawatir pasang keren nyaman status nikmat hidup super neng sendiri sibuk hidup seru lanjutin perlu buru buru pasang perlu acara temen santai penting jalanin hidup bahagia utama,-1,0,0.8141417,True,high
1070,"Aku merasa karierku stuck banget, kayak nggak ada kemajuan. Aku khawatir nggak bisa berkembang. Apa yang bisa aku lakuin buat move forward?",karier stuck maju khawatir kembang lakuin move forward tahu karier jalan tempat tough luangin refleksi capai karier goal kecil skill lewat kursus mentor kantor kecil kolega proyek pintu jangan lupa apresiasi diri kerja jauh udah,-1,0,0.7684264,True,high
1072,"Aku jomblo dan kadang ngerasa oke-oke aja, tapi temenku bilang aku harus buru-buru cari pasangan. Aku bingung, harus gimana?",jomblo ngerasa temenku buru buru pasang status nyaman diri sendiri keren perlu buru buru pasang tekan temen lanjutin happy acara suatu nyoba dating santai aplikasi minta temen kenalin penting jalan hidup neng pasang datang tepat tetap diri awesome,-1,0,0.82784706,True,high
1073,"Aku capek banget karena mikirin hal-hal yang bikin khawatir, padahal aku pengen lebih produktif. Gimana caranya?",capek mikirin khawatir padahal produktif khawatir energi habis nulis kosongin kepala pilih kecil lakuin resin email masak gampang teknik diselesain lakuin susah jalan kaki dengar upbeat kendali,-1,0,0.84662175,True,high
1074,Aku sering merasa sedih dan kayak nggak ada harapan. Aku takut ini tanda depresi. Apa yang harus aku lakuin?,sedih harap takut depresi lakuin sedih berat enak udah percaya temen keluarga rasain luangin aktivitas kecil neng denger favorit jalan taman langsung lama timbang konsultasi psikolog minta sendiri hadap bareng,-1,0,0.84225744,True,high
1076,"Aku pengen hidupku lebih bahagia, tapi bingung apa yang bikin aku seneng. Gimana caranya nemuin itu?",hidup bahagia neng nemuin lupa bahagia kertas kecil senyum makan makan favorit nonton sunset sahabat susah ingat lakuin denger lawas jalan jalan lakuin daftar lama lama nemuin hati ringan gampang,-1,0,0.8158169,True,high
1077,Aku sering merasa cemas dan susah berpikir jernih. Gimana caranya aku bisa lebih tenang dan pakai logika dalam keseharianku?,cemas susah jernih tenang logika cemas kacau beberapa panik tenang cemas diri sendiri lakuin cemas kerja tugas kecil jernih kecil,-1,0,0.7744669,True,high
1080,"Aku ngerasa hidupku nggak adil, kenapa sih aku selalu dapat masalah? Gimana caranya biar lebih ikhlas?",ngerasa hidup adil ikhlas adil datang terus adil konflik komunikasi kecil dekat lakuin tenang ikhlas proses lewatin sabar,-1,0,0.79703856,True,high
1081,"Aku sering ngerasa minder karena aku dari kampung, nggak kayak temenku yang dari kota. Gimana caranya biar lebih percaya diri?",ngerasa minder kampung temenku kota percaya diri tahu minder nyaman asal kampung unik milik bangga diri kerja lakuin skill temen suportif harga tunjukin siapa,-1,0,0.79997593,True,high
1084,"Aku pengen orang lain suka sama aku, tapi kok susah banget. Gimana caranya biar nggak terobsesi sama opini orang?",susah obsesi opini capek kontrol sikap ramah jujur diri sendiri diri humor ingat opini bukan fakta diri luangin temen nyaman udah keren positif,-1,0,0.87177193,True,high
1085,"Aku ngerasa bahagiaku tergantung sama pacar. Kalau dia nggak perhatian, aku sedih banget. Gimana caranya biar lebih mandiri?",ngerasa bahagia pacar perhati sedih mandiri pacar happy bahagia diri neng nonton drama korea jalan temen diri sendiri meditasi pacar sibuk ingat harga kuat aktivitas senyum,-1,0,0.8209619,True,high
1086,Aku takut banget dikira jelek sama orang lain. Ini bikin aku nggak pede. Gimana caranya biar lebih percaya diri?,takut jelek pede percaya diri takut nilai tahu nyaman diri mata peduli lakuin baju pede senyum ingat opini opini bukan fakta diri luangin happy denger musik udah awesome kecil,-1,0,0.86250913,True,high
1090,"Aku ngerasa hidupku dikontrol situasi yang nggak bisa aku ubah, kayak kerjaan yang bikin stres. Gimana caranya biar tetep happy?",ngerasa hidup kontrol situasi ubah kerja stres happy tahu kerja stres bebas atur list kerja atur minta feedback luar kerja luangin neng nonton film jalan temen kecil syukur kerja kolega nemuin bahagia kecil,-1,0,0.84660745,True,high
1091,"Aku lagi di situasi sulit, rasanya nggak punya kendali apa-apa. Gimana caranya tetep kuat mental?",situasi sulit kendali kuat mental situasi sulit berat juang atur sikap kecil kuat tekad dukung temen lakuin tindak kecil meditasi dekat ingat kuat diri situasi susah,-1,0,0.8304004,True,high
1093,"Aku ngerasa hidupku stuck, nggak ada kemajuan. Gimana caranya biar tetep semangat meski situasinya susah?",ngerasa hidup stuck maju semangat situasi susah stuck lelah kecil lakuin maju resin meja kerja baca artikel inspiratif sikap diri sendiri lewatin luangin neng denger masak ingat maju kecil arti tindak,-1,0,0.85058963,True,high
1094,"Aku deg-degan banget mau kencan pertama, takut dia nggak suka aku. Gimana caranya biar lebih santai?",degan kencan pertama takut santai kencan pertama emang jantung siapin baju pede datang tepat siapin topik obrol ringan senyum humor ingat kontrol versi diri nikmat momen santai enjoy,-1,0,0.86256367,True,high
1097,"Aku ngerasa hidupku selalu sial, kayak nasib buruk ngejar aku. Gimana caranya biar lebih positif?",ngerasa hidup sial nasib ngejar positif sial terus capek hidup hikmah situ syukur sehat temen kecil rencana lakuin ingat kuasa ubah sudut pandang kuat positif,-1,0,0.83890563,True,high
1102,"Aku takut kencan pertamaku gagal, apalagi aku pemalu. Gimana caranya biar lebih pede?",takut kencan pertama gagal malu pede kencan pertama grogi malu siapin baju nyaman siapin ringan film dengerin ingat kontrol diri nikmat obrol,-1,0,0.8038454,True,high
1104,"Aku nyesel banget lahir dengan tubuh pendek, rasanya nggak pede. Gimana caranya biar lebih menerima diri?",lahir tubuh pendek pede terima diri fisik minder tubuh unik diri humor tangguh lakuin baju pede olahraga sehat ingat harga luangin senyum temen awesome pede,-1,0,0.805526,True,high
1105,"Aku ngerasa hidupku penuh drama, kayak nggak pernah tenang. Gimana caranya biar lebih damai?",ngerasa hidup penuh drama tenang damai hidup penuh drama capek hidup situ syukur temen sehat kecil meditasi resin kamar ingat pilih sikap tenang situasi ramai kuat damai,-1,0,0.8664935,True,high
1106,Aku masih kesal sama keputusan bodohku di masa lalu. Gimana caranya biar nggak stuck di penyesalan?,kesal putus bodoh masa stuck sesal sesal berat tahu putus udah diri berani bangkit lakuin rencana lakuin ingat masa nentuin masa depan move,-1,2,0.8180496,True,high
1110,"Aku lagi di titik rendah, rasanya nggak punya harapan. Gimana caranya biar bisa bangkit lagi?",titik rendah harap bangkit titik rendah berat struggle kecil hidup favorit kenang manis tindak kecil jalan telepon temen ingat kuasa pilih sikap situasi susah syukur kecil kuat kecil,-1,0,0.8108671,True,high
1113,"Aku ngerasa hidupku kayak rollercoaster, penuh drama. Gimana caranya biar lebih stabil emosinya?",ngerasa hidup rollercoaster penuh drama stabil emosi hidup rollercoaster lelah drama hidup situ syukur temen cuaca cerah kecil meditasi jalan jalan ingat pilih sikap tenang situasi naik turun kuat damai,-1,0,0.8455476,True,high
1116,"Aku lagi struggle sama keuangan, rasanya hopeless. Gimana caranya biar tetep punya semangat?",struggle uang hopeless semangat uang susah berat kecil catat keluar side hustle kecil sikap diri sendiri lewatin syukur sehat sayang ingat kuat pilih semangat kecil,-1,2,0.8347537,True,high
1117,"Aku takut kencan pertamaku nggak nyambung, apalagi aku orangnya pendiam. Gimana caranya biar lebih santai?",takut kencan pertama nyambung diam santai kencan pertama degan diam siapin siapin topik ringan traveling dengerin ingat kontrol obrol diri nikmat momen santai,-1,0,0.8279712,True,high
1120,"Aku nyesel banget lahir dengan wajah biasa aja, nggak cantik. Gimana caranya biar lebih pede?",lahir wajah cantik pede ngerasa cukup fisik minder wajah unik diri senyum lakuin baju pede senyum ingat cantik bukan fisik harga tunjukin pesona,-1,0,0.78871334,True,high
1121,Aku merasa hidupku berubah drastis setelah kehilangan pekerjaan. Aku takut nggak bisa bahagia lagi. Gimana caranya biar tetap kuat?,hidup ubah drastis hilang kerja takut bahagia tetap kuat hilang kerja berat laku tetap ramah kecil atur syukur sehat temen suportif ingat bahagia kerja kecil update jalan jalan refresh kuat tindak positif,-1,0,0.82395506,True,high
1126,Aku takut pilih jurusan kuliah yang nggak populer karena takut dianggap aneh. Gimana caranya biar berani pilih?,takut pilih jurus kuliah populer takut anggap aneh berani pilih takut anggap aneh ragu alas jurus passion prospek laku riset jurus senior ingat opini temen nentuin masa depan jalan luangin refleksi jurnal mimpi berani putus,-1,0,0.77928066,True,high
1127,"Aku selalu pengen disukai temen, tapi capek banget. Gimana caranya biar nggak terobsesi sama approval mereka?",temen capek obsesi approval tahu capek terus terus bangga diri humor laku autentik nikmat sendiri ingat cukup harga luangin neng diri sendiri,-1,0,0.84043616,True,high
1128,"Aku takut banget jatuh miskin, rasanya nggak akan bahagia. Gimana caranya biar nggak cemas soal duit?",takut jatuh miskin bahagia cemas duit takut miskin tahu hidup kaya keluarga momen sederhana laku anggar sederhana nabung ingat duit nentuin bahagia bahagia luangin tenang meditasi kuat atur uang,-1,0,0.79613364,True,high
1132,"Aku takut kehilangan orang tua, bikin cemas tiap mikirin. Gimana caranya biar lebih tenang?",takut hilang cemas mikirin tenang takut hilang berat laku luangin bareng urus kecil momen seru ingetin ingat fana harga detik cemas sayang kuat momen spesial minggu,-1,0,0.8256906,True,high
1137,Aku takut nggak ikut tren bikin aku dikira kuno. Gimana caranya biar pede sama pilihanku?,takut tren kuno pede pilih tahu tekan tren ragu gaya nyaman selera unik laku pilih barang pede tren ingat opini nentuin nilai diri luangin happy denger favorit keren tunjukin pilih asli,-1,0,0.805856,True,high
1138,"Aku takut pacarku nggak sayang lagi, bikin cemas. Gimana caranya biar lebih tenang?",takut pacar sayang cemas tenang takut pacar sayang gelisah laku perhati hati momen kecil bareng spesial tawa bareng dukung ingat sepenuh tangan usaha harga luangin diri sendiri gestur sayang,-1,0,0.8355621,True,high
1141,Aku takut berhenti kerja karena takut dibilang gagal. Gimana caranya biar berani ambil keputusan?,takut henti kerja takut gagal berani putus takut anggap gagal ragu alas henti bahagia peluang laku riset karir mentor ingat omong nentuin masa depan jalan luangin refleksi jurnal mimpi berani putus,-1,2,0.8284338,True,high
1149,Aku takut nggak punya barang branded bikin aku dikira miskin. Gimana caranya biar pede sama diriku?,takut barang branded miskin pede diri tahu tekan barang branded ragu diri selera unik laku pilih barang pede tren ingat opini nentuin nilai diri luangin happy denger keren tunjukin diri asli,-1,0,0.837169,True,high
1150,"Aku takut hubunganku gagal, bikin stres mikirin masa depan. Gimana caranya biar lebih santai?",takut gagal stres mikirin masa depan santai takut gagal gelisah laku perhati jujur momen seru bareng spesial canda dukung ingat masa depan sepenuh tangan usaha harga luangin diri sendiri gestur sayang,-1,0,0.85164136,True,high
1153,Aku takut dikira nggak gaul kalau nggak ikut nongkrong. Gimana caranya biar pede sama pilihanku?,takut gaul nongkrong pede pilih tahu tekan gaul ragu diri selera laku pilih aktivitas happy nongkrong ingat opini temen nentuin nilai diri luangin neng baca buku keren tunjukin pilih asli,-1,0,0.8394557,True,high
1154,Aku takut pindah kota karena takut dikira lari dari masalah. Gimana caranya biar berani pindah?,takut pindah kota takut lari berani pindah takut anggap lari ragu alas pindah peluang bahagia laku riset kota temen suportif ingat omong nentuin masa depan jalan luangin refleksi jurnal mimpi berani rencana pindah,-1,2,0.7908138,True,high
1155,Aku takut banget reputasiku hancur karena fitnah. Gimana caranya biar nggak cemas?,takut reputasi hancur fitnah cemas tahu fitnah gelisah bangga diri kerja laku jujur dekat lanjutin kerja ingat reputasi sepenuh tangan karakter harga luangin tenang meditasi tetap kuat,-1,0,0.8088031,True,high
1158,"Aku sedih kalau sepatu favoritku rusak, rasanya nggak bisa move on. Gimana caranya biar nggak terlalu melekat?",sedih sepatu favorit rusak move terlalu lekat sepatu favorit rusak sedih ingat sepatu benda hidup temen laku rawat sepatu nikmat mikirin barang ingat bahagia sepatu luangin aktivitas neng nonton film santai,-1,0,0.7694402,True,high
1160,"Aku takut kehilangan pacar, bikin cemas tiap mikirin. Gimana caranya biar lebih tenang?",takut hilang pacar cemas mikirin tenang takut hilang pacar berat laku luangin bareng kencan sederhana hati momen seru pacar ingetin ikat ingat fana harga detik cemas sayang kuat momen spesial minggu,-1,0,0.82258636,True,high
1165,Bagaimana Stoisisme memandang kesulitan hidup?,stoisisme pandang sulit hidup stoisisme pandang sulit beri sempat kebaji sabar tabah berani ubah makna tantang pribadi kuat,-1,5,0.78349304,True,high
1166,"Halo, saya merasa bersalah dan terus bertanya-tanya kenapa musibah ini menimpa saya. Apa yang bisa saya lakukan untuk mengatasinya?",halo salah terus musibah timpa laku stuck luar kendali diri sendiri kendali respons jalan kuat kecil depan bareng,-1,0,0.8539846,True,high
1167,Saya merasa hidup saya penuh kejadian buruk. Bagaimana saya bisa menemukan manfaat dari situasi ini?,hidup penuh manfaat situasi tahu berat hidup olah terus lempar batu arah dengar epictetus filsuf budak kuat manfaat sedang hadap situasi sulit diri sendiri sabar kreatif empat bayang teka teki pecah versi diri down harta karun sembunyi bareng,-1,0,0.8212034,True,high
1170,Saya sering khawatir tentang masa depan. Bagaimana saya bisa mengelola kecemasan ini?,khawatir masa depan kelola cemas cemas tamu undang gaduh stoisisme nama premeditatio malorum bayang skenario tenang laku khawatir hilang kerja rencana kecil nabung update siap kurang panik cemas susun perisai hadap takut bareng,-1,0,0.80225253,True,high
1173,Saya merasa frustrasi karena hasil kerja saya tidak sesuai harapan. Bagaimana saya bisa mengatasi ini?,frustrasi hasil kerja sesuai harap frustrasi hasil sesuai harap masak resep sempurna kendali usaha bukan hasil akhir laku proses effort kecil bangga kerja frustrasi nikmat jalan bukan hasil,-1,2,0.7772019,True,high
1174,Saya baru dipecat dari pekerjaan saya dan merasa hancur. Bagaimana saya bisa melihat sisi positifnya?,pecat kerja hancur sisi positif tahu runtuh pecat hilang arah dengar steve jobs pecat apple justru momen bawa pixar iphone peluang karier skill kecil update linkedin temen peluang hancur jalan bareng bangkit kuat,-1,0,0.759712,True,high
1176,Bagaimana cara saya mengubah pandangan bahwa musibah adalah sesuatu yang buruk?,ubah pandang musibah musibah tampar opini label ubah sudut pandang anggap musibah guru datang ngajarin hadap kebaji asah sabar kreativitas tantang sempat tumbuh musibah down ubah bareng,-1,0,0.75073594,True,high
1177,Saya gagal dalam hubungan dan merasa seluruh hidup saya hancur. Bagaimana cara mengatasinya?,gagal seluruh hidup hancur tahu gagal ambruk puzzle jebak pola pervasiveness gagal arti hidup hancur daftar aspek hidup temen kerja kecil temen aktivitas hancur susun puzzle hidup bareng,-1,0,0.7629933,True,high
1181,Saya merasa kesedihan saya akan bertahan selamanya. Bagaimana cara saya melihat harapan?,sedih tahan lama harap tahu jebak terowongan gelap ujung berat pola sedih abadi ilusi ingat momen masa down akhir bukti sedih permanen kecil daftar kecil senyum minggu nonton film favorit makan krim sedih lama sinar harap bareng,-1,0,0.8193667,True,high
1183,Saya merasa hidup saya biasa saja meski sebenarnya nggak kekurangan. Bagaimana cara saya lebih menghargai hidup?,hidup kurang harga hidup hidup makan enak lupa seneca laku miskin hidup sederhana beberapa makan makan murah fasilitas mewah ngeh betapa nikmat hidup pagi catat kecil bahagia sinar matahari kopi pagi hidup istimewa,-1,5,0.7138227,True,high
1184,Saya selalu stres karena takut gagal. Bagaimana cara saya fokus pada proses?,stres takut gagal proses takut gagal bayang ragu stoisisme kendali proses bukan hasil ubah tindak kecil bangga kerjain tugas laku kecil santai nikmat jalan stres gagal nikmat proses,-1,2,0.85397553,True,high
1186,Saya merasa hidup saya hancur setelah putus cinta. Bagaimana cara saya bangkit?,hidup hancur putus cinta bangkit putus cinta hilang diri hati remuk dengar jebak pola ngerasa salah hidup hancur total sedih lama hidup temen rencana kecil jalan jalan hancur jembatan lang bareng,-1,0,0.7994621,True,high
1188,Bagaimana cara menghadapi duka kehilangan anak menurut prinsip Stoisisme?,hadap duka hilang anak turut prinsip stoisisme hadap duka hilang anak berat stoisisme saran sedih alami kuasa lama nalar makna hilang positif syukur milik anak perlahan depan hormat kenang tindak,-1,0,0.71216846,True,high
1189,Bagaimana Hierocles menjelaskan cara kita memperluas kasih sayang kepada orang lain?,hierocles jelas luas sayang hierocles ibarat relasi sosial lingkar diri pusat lingkar dekat keluarga luas desa kota bangsa akhir seluruh umat manusia luas sayang lingkar kecil keluarga hingga lingkar manusia sapa sahabat saudara,-1,10,0.6908386,True,high
1191,Saya sulit menerima orang yang beda agama atau budaya. Bagaimana cara lebih terbuka?,sulit terima agama paham tembok hati stoisisme kebaji adil bijaksana acara festival makan seni latar belakang spesial tembok pelan pelan runtuh sulit jalan hati luas,-1,0,0.7920679,True,high
1193,"Saya ingin peduli lingkungan, tapi bingung mulai dari mana. Apa langkah sederhana yang bisa saya coba?",peduli sederhana peduli tanam pohon masa depan keren stoisisme hidup selaras alam penting kecil bawa botol sendiri kurang plastik sekali tanam tanam bumi simpel,-1,6,0.7603122,True,high
1194,Saya sering nggak peduli sama penderitaan orang yang beda dari saya. Bagaimana cara lebih empati?,peduli derita empati tahu derita jauh stoisisme adil empati baca latar belakang tonton dokumenter sosial diri sendiri posisi butuhin kecil tetangga yakin peduli hati,-1,0,0.8041433,True,high
1202,Bagaimana Stoisisme membantu kita menghadapi kematian orang tersayang?,stoisisme hadap mati sayang stoisisme mati sayang alami alam daun gugur duka makna hilang syukur kebaji hormat kenang tindak terima hilang tenang tetap jalan hidup makna,-1,0,0.7068212,True,high
1203,Saya baru kehilangan orang tua dan merasa hidup nggak adil. Bagaimana cara menerima kehilangan ini?,hilang hidup adil terima hilang hilang hilang hati tahu berat marcus aurelius hidup drama alam pilih kapan tirai turun peluk kenang indah momen senyum hormatin lewat hidup laku adil pelan pelan damai,-1,0,0.77381897,True,high
1224,"Aku kesel sama temen kerja yang suka nyindir, tapi kalau ngomong malah dianggap remeh. Gimana caranya biar masalah ini beres?",kesel temen kerja nyindir ngomong malah anggap remeh beres nyindiran temen kerja duri kecil gatal anggap remeh pandang sepele jangan konflik tindas pribadi ngerasa enak sindir clear jujur serang sindir ganggu kerja nyindirmu diremehin,-1,0,0.74888134,True,high
1230,"Aku ngerasa atasan meremehkan keluhanku soal kerja tim, bikin aku tambah frustasi. Gimana caranya biar didenger?",ngerasa remeh keluh kerja tambah frustasi didenger remeh kedenger frustasi jangan keluh tindas minta khusus sebentar keluh fakta notice kerja macet saran lancar jaga sopan tegas didenger keluh susun,-1,0,0.7550278,True,high
1269,"Aku ngerasa temenku nggak ngerti perasaanku soal stres, kayak bahasanya beda. Gimana caranya biar kami nyambung?",ngerasa temenku stres bahasa nyambung bahasa stres emosi genre susah relate sapir bahasa bentuk nyambung stres pake analogi stres bawa beban berat stres digambarin contoh hidup deadline jaga empati diri kata kata jelas stres bahasa,-1,0,0.79351217,True,high
1301,"aku sering diam saat lagi kesal, tapi orang bilang itu bikin mereka bingung. Apa yang harus aku lakukan?",diam kesal laku diam bicara salah tangkap pesan kesal kecil butuh sendiri sebentar beri tahu tutup diri perlu ruang komunikasi kecil harmonis situasi spesifik diam solusi,-1,0,0.78131795,True,high
1305,aku sering salah tangkap omongan orang dan ini bikin aku kesal sama diri sendiri. Gimana caranya biar aku lebih paham apa yang orang bilang?,salah tangkap omong kesal diri sendiri paham salah tangkap omong gemes otak buru buru terjemah dengar jeli kata kata ulang hati ragu santai yakin harga momen salah tangkap tahu,-1,13,0.83134246,True,high
1314,Aku sering merasa overwhelmed sama kerjaan dan nggak tahu kenapa. Apa yang bisa aku lakukan biar lebih tenang?,overwhelmed kerja tahu laku tenang badai overwhelmed psikologi tekan ruang hidup kerja ekspektasi sendiri pusing urutin paling urgent selesain reward kecil diri ngopi luang senang jalan jalan overwhelmed susun rencana,-1,0,0.86017585,True,high
1319,"Aku sering beda sikap pas di depan temen versus keluarga. Normal nggak sih ini, dan gimana caranya aku lebih konsisten?",sikap depan temen versus keluarga konsisten sikap situasi super baju sesuai acara psikologi sesuai diri situasi nyaman konsisten tentuin nilai inti diri jujur ramah pegang sikap ubah drastis diri sendiri momen sikap imbang,-1,0,0.79271615,True,high
1320,"Aku merasa nggak nyaman ngobrol di ruang tamu rumahku, kayak kaku gitu. Apa hubungannya sama ruangan?",nyaman ruang tamu kaku ruang ruang ngaruh vibe obrol psikologi tata ruang kaku sofa terlalu jauh meja formal atur ulang ruang tamu cozy taruh bantal empuk ubah posisi duduk dekat tambahin lampu hangat suasana rileks ruang tamu seru,-1,0,0.6814274,True,high
1323,"Aku sering merasa orang nggak suka sama aku, padahal nggak ada bukti. Gimana caranya aku ubah pikiran ini?",padahal bukti ubah hati berat sendiri psikologi nyata persepsi laku reality check momen tunjuk peduli ngajak ketawa bareng negatif muncul lawan fakta temen kapan perspektif,-1,0,0.8719591,True,high
1324,"Aku sering ngobrol sama diri sendiri di pikiran, kayak nimbang-nimbang keputusan. Apa ini normal?",diri sendiri nimbang nimbang putus haha diri sendiri kepala super nama komunikasi intrapersonal dialog seru sahabat diri sendiri nimbang nimbang putus otak asyik proses timbang kontra bahkan ngelamun nyari solusi justru peka butuh putus debat batin dengerin urai bareng,-1,0,0.8148287,True,high
1327,"Aku susah fokus pas lagi sedih, pikiranku melayang kemana-mana. Apa yang bisa aku lakukan?",susah sedih layang laku sedih awan buram paham psikologi emosi perhati buyar grounding pegang pulpen tekstur lama detik sedih kosong sedih dengerin kecil,-1,0,0.8441181,True,high
1328,"Aku lebih perhatian ke hal-hal negatif, kayak kritik, daripada pujian. Gimana caranya biar aku lebih seimbang?",perhati negatif kritik puji imbang negatif otak radar bahaya psikologi sikap emosi perhati miring imbang gratitude positif puji kecil senyum temen denger kritik diri sisi positif bayangin kritik momen kritik stuck sisi cerah,-1,0,0.77456915,True,high
1333,"Aku pengen lebih kenal sama diri sendiri, tapi nggak tahu mulai dari mana. Apa yang bisa aku lakukan?",kenal diri sendiri tahu laku kenal diri sendiri nemenin dialog diri sendiri kertas bebas muncul kepala temen terus minta temen dekat turut jendela diri akhir diri percaya mimpi takut kecil penasaran diri gali,-1,0,0.81766653,True,high
1338,"Aku sering nggak jujur soal perasaanku sama pasangan, takut bikin dia kesal. Gimana caranya biar aku lebih terbuka?",jujur pasang takut kesal jujur lupa lirik enak kecil tadi kesel ribut pilih tenang santai bareng jujur tunjukkin peduli deket respon lampu hijau susah ungkap susun kata kata,-1,0,0.8338887,True,high
1342,"Aku introvert dan susah buka diri, takut orang nggak tertarik. Gimana caranya biar aku lebih nyaman cerita tentang diri sendiri?",introvert susah diri takut nyaman diri sendiri introvert kaya spesial nyaman diri rileks temen dekat ringan denger musik hujan perlu buru buru cukup senyum takut ingat sederhana hati nyantol momen susah diri cocok,-1,0,0.85315967,True,high
1344,"Aku pengen tahu kebiasaanku yang mungkin nggak aku sadari, tapi takut orang ngomong blak-blakan. Gimana caranya aku minta feedback?",tahu takut ngomong blak blakan minta feedback tahu sisi diri sembunyi keren takut blak blakan minta feedback percaya improve turut perlu ringan ngomongnya gesa dengar hati makasih nyaman masuk siapa susun,-1,0,0.8332307,True,high
1349,"Aku pengen tahu apa yang bikin orang suka atau nggak suka sama aku, tapi takut denger kritik. Gimana caranya aku minta pendapat?",tahu takut denger kritik minta tahu pandang keren takut kritik minta temen dekat santai turut positif dengar hati makasih kritik anggap tunjuk grow siapa susun,-1,0,0.82650626,True,high
1353,"Aku pengen bikin ibuku lebih sering senyum pas ngobrol, tapi nggak tahu caranya. Apa yang bisa aku bilang?",senyum tahu senyum sinar matahari hati dukung misi puji tulus masakan kangen ngatur tunjukkin perhati jaga positif sekal lucu glowing,-1,0,0.8025309,True,high
1354,Apa perbedaan antara kelompok primer dan sekunder dalam komunikasi kelompok?,kelompok primer sekunder komunikasi kelompok kelompok primer sekunder sisi koin komunikasi kelompok kelompok primer dekat keluarga sahabat tempat ngomong bahkan nolak sopan contoh kelompok sekunder formal rapat kantor musyawarah sekolah tuju putus bareng penting primer hangat sekunder struktur,-1,10,0.7006948,True,high
1356,"Aku sering ngerasa minder pas ngomong di kelompok, kayak pendapatku nggak sebagus yang lain. Apa yang bisa aku lakukan?",ngerasa minder ngomong kelompok bagus laku minder kelompok main takut salah psikologi bandingin diri kuat siap poin yakin kecil percaya diri ingat unik dengar bukan ngerasa kecil momen minder sinar,-1,0,0.84394634,True,high
1369,"Aku pengen timku lebih terbuka ngungkapin ide, tapi banyak yang malu-malu. Gimana caranya biar mereka lebih berani?",ngungkapin malu malu berani malu malu takut padahal potensi berani ciptain suasana salah ringan pilih puji ngomong perspektif malu diskusi kecil pede lantang,-1,0,0.7717824,True,high
1380,"Aku sering gagal bikin temen ngerti pas curhat di grup chat, malah bikin canggung. Gimana caranya biar komunikasiku lebih efektif?",gagal temen curhat grup chat malah canggung komunikasi efektif gagal temen curhat fals canggung komunikasi efektif pilih grup santai ringan pusing curhat jelas lembut didenger dengar respon umpan balik makasih saran momen curhat canggung kata kata nyambung,-1,0,0.7808876,True,high
1381,"Aku sering ngerasa minder di medsos, kayak nggak cukup keren. Gimana caranya biar aku lebih percaya diri?",ngerasa minder medsos cukup keren percaya diri minder medsos hits lupa keren sendiri konsep diri bentuk interaksi pede bangga hati autentik sunset hasil follow positif bukan minder cukup minder percaya diri,-1,0,0.7750859,True,high
1384,Aku takut gabung komunitas medsos karena ngerasa nggak cukup oke. Gimana caranya biar aku berani ikutan?,takut gabung medsos ngerasa cukup berani takut gabung takut panggung konsep diri positif berani pilih sesuai passion cinta buku komen sederhana buku kreatif pede kecil baca seru grogi ingat unik,-1,0,0.81527686,True,high
1387,"Kadang aku ragu bisa nggak ya ngerjain tugas yang berat, apa sih cara ngatasin keraguan ini?",ragu ngerjain tugas berat ngatasin ragu ragu manusiawi anggap nyata solusi minta penting jangan terlalu diri sendiri,-1,2,0.815297,True,high
1390,"Kalau aku tolak tugas karena merasa nggak mampu, apa aku lemah?",tolak tugas mampu lemah sekali tolak tugas tahu batas mampu justru bijaksana arti peduli kualitas kerja sehat diskusi solusi,-1,0,0.7895387,True,high
1391,"Aku pengen sempurna di kerjaan dan keluarga, tapi selalu gagal. Aku salah apa?",sempurna kerja keluarga gagal salah sempurna realistis sempurna penting usaha imbang laku jangan terlalu diri sendiri,-1,2,0.8135399,True,high
1392,"Aku sering stres mikirin masa depan, apa aku terlalu berlebihan?",stres mikirin masa depan terlalu khawatir masa depan stres rencana kecil kecil kontrol ingat sempurna,-1,11,0.7878487,True,high
1394,Aku kadang ngerasa nggak berguna kalau nggak sibuk terus. Ini kenapa ya?,ngerasa sibuk terus ngejar produktivitas istirahat penting diri nikmat momen santai salah harga sibuk,-1,0,0.81297743,True,high
1397,"Aku pengen hidup tenang tanpa overthinking, gimana caranya?",hidup tenang overthinking hidup tenang dengerin tubuh cukup tidur makan sehat laku bahagia sederhana berisik temen dekat,-1,0,0.8121096,True,high
1398,"Aku merasa tertekan banget karena rumahku selalu ribut, apa yang bisa aku lakukan biar lebih tenang?",tekan ribut laku tenang damai penting kecil suasana rileks keluarga tenang atur santai bareng konflik tambah tegang perlu curhat lanjut,-1,0,0.8051144,True,high
1399,"Kadang aku kesel sama pasangan, tapi aku nggak mau cerai. Harus sabar sampai kapan sih?",kesel pasang cerai sabar kapan sabar emang gampang hati pedih tetap tuju kecil sabar situasi momen sisi tempat nyaman temen lakuin terlalu berat profesional dukung,-1,0,0.8543992,True,high
1401,"Aku nggak punya waktu buat anak karena kerja, apa mereka bakal benci aku?",anak kerja benci anak benci tahu sayang sibuk curi peluk sebentar penting ngerasa diperhatiin kerja erti udah usaha luar,-1,6,0.80531734,True,high
1402,"Aku merasa hidupku cuma buat kerja sama urus rumah, nggak ada waktu buat diri sendiri. Normal nggak sih?",hidup kerja urus diri sendiri rasain sendiri penting nyisihin diri sendiri ngopi baca buku recharge atur prioritas minta perlu bahagia,-1,0,0.7781255,True,high
1403,"Aku ngerasa nggak ada yang ngerti bebanku sebagai ibu tunggal, apa yang bisa aku lakukan biar nggak kesepian?",ngerasa beban tunggal laku sepi tunggal emang berat ngerasa sendiri temen relate rasain curhat udah lega jangan lupa diri sendiri hilang semangat dengerin,-1,0,0.8045912,True,high
1404,Aku merasa capek banget ngurusin semua urusan orang lain di kantor. Gimana biar nggak kewalahan?,capek ngurusin urus kantor kewalahan tugas sendiri rekan kerja mandiri minta bimbing nyelesain sendiri bukan kerjain karyawan minta solusi balik turut tumbuh lelah,-1,11,0.7869037,True,high
1406,"Aku selalu khawatir sama kematian. Tiap hari kepikiran, apalagi kalau mati sendirian. Gimana biar tenang?",khawatir mati mati sendiri tenang khawatir mati manusiawi sampe ganggu berat kontrol jalan hidup bahagia makna mati hidup penting terus muncul aktivitas jalan jalan meditasi berat percaya profesional,-1,0,0.8351598,True,high
1407,Aku merasa nggak punya waktu buat diri sendiri karena sibuk ngurus keluarga. Apa yang bisa aku lakukan?,diri sendiri sibuk ngurus keluarga laku ngurus keluarga lupa diri sendiri sisih lakuin baca buku denger musik keluarga butuh time kecil minta pasang keluarga ingat bahagia,-1,0,0.7892511,True,high
1409,"Aku pengen anakku selalu deket sama aku, tapi dia malah menjauh. Apa yang salah?",anak deket malah jauh salah salah anak jati diri udah masuk usia remaja dewasa proses alami mandiri ruang tunjukkin butuh kirim pesan ringan tekan terlalu ngedeketin makin jauh sabun licin genggam terlalu kencang malah lepas,-1,0,0.80538505,True,high
1410,Aku ngerasa hidupku cuma buat kerja dan ngurus anak. Aku capek. Ada saran?,ngerasa hidup kerja ngurus anak capek saran dengar capek sendiri ngerasa hidup berat kuat udah jalanin kecil senang nonton film favorit jalan pagi minta pasang keluarga tugas istirahat lakuin jarang,-1,11,0.82562816,True,high
1411,Aku pengen mati aja biar nggak ribet mikirin hidup. Apa yang salah sama aku?,mati ribet mikirin hidup salah sedih denger ngerasa muncul tekan arti salah capek manusiawi berat dengar muncul percaya profesional beban ringan sendiri,-1,0,0.8169756,True,high
1413,Aku ngerasa nggak bisa apa-apa tanpa orang tua ku. Aku takut banget kalau mereka pergi. Gimana biar aku lebih mandiri?,ngerasa takut pergi mandiri takut deket mandiri kecil ngurus uang putus sederhana takut salah ingat salah tumbuh bangga berat minta saran mandiri kecil,-1,2,0.8144967,True,high
1414,"Aku merasa hidupku nggak pernah cukup, selalu pengen lebih. Gimana caranya biar aku nggak terus-terusan merasa kurang?",hidup cukup terus terus kurang jebak udah kecil syukur cukup makan tempat tinggal peduli kurang muncul diri sendiri butuhin butuh,-1,0,0.7858398,True,high
1415,Aku sering banget khawatir sama masa depan. Apa yang harus aku lakukan biar nggak overthinking?,khawatir masa depan laku overthinking khawatir capek hati tanyain diri kerjain lakuin kecil tenang jalan jalan sebentar cemas ngeluarin kertas beban ringan,-1,11,0.8158407,True,high
1417,"Aku merasa capek banget sama kerjaan, tapi takut berhenti. Apa yang bisa aku lakukan?",capek kerja takut henti laku capek kerja refleksi capek ngurangin beban istirahat mikirin henti takut rencana kecil kecil tahu opsi buru buru putus,-1,11,0.83388096,True,high
1418,Aku pengen jadi orang yang tenang kayak orang-orang tertentu. Gimana caranya?,tenang tenang bukan sulap kecil buru buru ngeluh sesuai diri sendiri kendali lepas lama lama,-1,2,0.72877216,True,high
1423,Aku ngerasa nggak dihargai di tempat kerja. Aku harus tetep stay atau pergi?,ngerasa harga tempat kerja stay pergi harga lelah hati refleksi ngerasa sopan rasain situasi ubah pikirin opsi siapin rencana matang buru buru,-1,0,0.81675935,True,high
1425,"Aku pengen punya hubungan yang baik sama orang lain, tapi kok susah banget. Apa yang salah?",susah salah butuh usaha dengerin penuh perhati buru buru ngejudge jaga jarak sehat terlalu emosional ramah susah diri,-1,0,0.8093929,True,high
1427,"Aku suka nyalahin orang lain kalau ada masalah. Aku tahu ini salah, tapi susah berhenti. Apa yang harus aku lakuin?",nyalahin tahu salah susah henti lakuin nyadar salah udah nyalahin diri kendali situasi bukan lama lama kurang,-1,0,0.7987733,True,high
1430,"Aku merasa takut banget kalau harus sendiri, kayak ada yang salah gitu. Normal nggak sih ini?",takut sendiri salah takut sendiri manusiawi pelan pelan nikmat diri sendiri sendiri kenal diri kecil duduk sendiri dengar musik favorit takut sendiri,-1,0,0.77686024,True,high
1433,"Aku pengen punya hubungan yang baik sama orang lain, tapi kok susah banget. Ada saran nggak?",susah saran butuh usaha salah harga diri sendiri tenang terlalu santai percaya harap susah,-1,0,0.8266451,True,high
1435,"Aku pengen jadi orang yang bikin orang lain senang, tapi kok malah aku yang stres. Salah aku nggak?",senang malah stres salah salah senang sampe stres perlu atur ulang prioritas bahagia kecil korban diri stres senang,-1,0,0.8411233,True,high
1436,Aku ngerasa hidupku nggak sehebat orang lain. Aku harus kejar apa biar nggak gini?,ngerasa hidup kejar hidup nilai perlu dibandingin diri sendiri bahagia kejar kecil keluarga udah cukup hidup kurang,-1,0,0.79656315,True,high
1440,"Aku ngerasa hidupku biasa-biasa aja, nggak istimewa. Aku harus ubah apa?",ngerasa hidup istimewa ubah hidup arti arti hidup temen momen kecil senyum perlu luar penting cukup hidup istimewa,-1,0,0.757223,True,high
1441,"Aku ngerasa orang lain selalu menilai aku, bikin aku nggak pede. Aku harus apa?",ngerasa nilai pede nilai nyaman ingat nentuin nilai diri diri bakat kritik sisa lepasin nilai,-1,0,0.8119985,True,high
1443,"Aku ngerasa nggak dihargai sama orang lain, bikin aku down. Aku harus apa?",ngerasa harga down harga berat komunikasi percaya harga diri sendiri lakuin bangga harga,-1,0,0.7374782,True,high
1444,"Kadang aku merasa kerja cuma buat uang, apa itu salah?",kerja uang salah salah sekali kerja uang salah tahan hidup penting cukup tekan tahu kurang kerja,-1,0,0.76365936,True,high
1448,"Aku nggak suka kerjaanku, tapi takut kalau berhenti nggak dapat apa-apa, apa yang harus aku lakukan?",kerja takut henti laku takut kerja khawatir henti dilema kecil tahu kerja situ peluang tetap kerja transisi detail kerja,-1,0,0.7317252,True,high
1451,"Aku selalu khawatir soal masa depan, apa kerjaanku sekarang cukup buat aku nanti?",khawatir masa depan kerja cukup khawatir masa depan manusiawi terus terus cemas lelah khawatir uang karier situ rencana kecil nabung skill tenang paling overthinking masa depan,-1,0,0.7783909,True,high
1453,"Aku pengen berhenti kerja, tapi takut dianggap lemah, apa aku harus bertahan?",henti kerja takut anggap lemah tahan lemah pilih sehat kerja happy malah rusak sehat fisik mental henti bukan arti serah pilih jalan sehat henti pikirin putus,-1,0,0.8194356,True,high
1454,"Aku merasa nggak cocok sama kerjaanku, tapi ini satu-satunya yang aku bisa, apa aku harus terima aja?",cocok kerja terima enak cocok pilih kerja ringan aspek temen kerja suportif sisi eksplor skill luang cocok kerja,-1,0,0.70829356,True,high
1456,"Aku takut gagal kalau ganti kerja, makanya aku bertahan meski nggak suka, apa ini normal?",takut gagal kerja makanya tahan takut gagal peduli masa depan kerja tahan lama lama stres kecil tahu kerja karier takut kerja,-1,2,0.8156913,True,high
1460,"Aku nggak suka kerjaanku, tapi aku pikir semua kerjaan pasti sama aja, apa bener gitu?",kerja kerja stuck kerja emang tantang mirip kerja tahu harap kerja ideal kerja cocok kerja,-1,0,0.69131076,True,high
1461,"Aku merasa kerja cuma buat orang lain, nggak buat diriku sendiri, apa aku harus terima aja?",kerja diri sendiri terima berat kerja terima pikirin kerja makna diri sendiri aspek kecil kerja bangga bahagia luar kerja,-1,0,0.71364856,True,high
1462,"Aku merasa tertekan karena pekerjaanku sekarang bikin aku capek banget, tapi aku takut buat resign. Gimana caranya aku bisa ambil keputusan tanpa ngerasa salah?",tekan kerja capek takut resign putus ngerasa salah bimbang takut resign nyiapin kecil tahu peluang mutusin pergi penting pergi rapi ninggalin tempat lama mikir jangan sampe lelah sendiri,-1,11,0.8675045,True,high
1463,"Kadang aku ngerasa bersalah kalo ninggalin pekerjaan, kayak ninggalin tanggung jawab. Apa aku salah?",ngerasa salah kalo ninggalin kerja ninggalin salah salah ingat hidup milik bukan milik kalo mutusin pergi pastiin laku hati hati nyusahin udah bentuk,-1,2,0.7566538,True,high
1464,Aku sering ngerasa gagal kalo bandingin hidupku sama temen-temenku. Kenapa ya aku gampang iri gitu?,ngerasa gagal kalo bandingin hidup temen temenku gampang ngebandingin diri capek hati bahagia ditentuin lakuin udah capai perlu standar hidup beban,-1,11,0.7931033,True,high
1467,Aku selalu ngerasa harus ngikutin apa yang orang lain lakuin biar diterima. Capek banget. Gimana caranya berhenti?,ngerasa ngikutin lakuin terima capek henti capek ngejar standar kecil diri sendiri lakuin nyaman perlu maksa ngikutin hidup bukan harapin,-1,0,0.78538287,True,high
1468,Kadang aku ngerasa frustasi kalo usahaku nggak dihargain orang. Apa aku terlalu ngarep pujian?,ngerasa frustasi kalo usaha dihargain terlalu ngarep puji dihargain kalo terus terus nunggu puji frustasi sendiri bangga diri sendiri notice usaha lakuin harga bukan,-1,2,0.77288294,True,high
1470,Aku pengen menyerah aja sama semua ini. Apa menyerah itu salah?,serah serah salah serah nyerah arti hidup jelas nerima emang ubah nyerah kecil kalo udah mentok istirahat,-1,11,0.73556054,True,high
1471,"Aku ngerasa kalo aku nggak kerja keras, aku nggak bakal dianggap berharga. Bener nggak sih?",ngerasa kalo kerja anggap harga nilai berapa kerja harga maksa diri sampe capek diri sendiri nikmat hidup kerja doang,-1,11,0.7599896,True,high
1472,Aku sering ngerasa kesel sama orang lain kalo mereka nggak ngelakuin apa yang aku harapin. Gimana caranya biar nggak gitu?,ngerasa kesel kalo ngelakuin harapin kesel kalo terlalu ngarep ngikutin stres sendiri kontrol reaksi sendiri biarin jalan hidup jalan hidup tenang,-1,0,0.7330787,True,high
1473,Aku ngerasa kalo aku nggak punya apa-apa dibandingkan orang lain. Apa aku kurang bersyukur?,ngerasa kalo banding kurang syukur ngebandingin diri sampe lupa udah kecil neng sederhana hidup,-1,11,0.69215906,True,high
1474,"Aku pengen pindah kerja, tapi takut nggak dapet yang lebih baik. Apa yang harus aku lakuin?",pindah kerja takut dapet lakuin bimbang riset peluang mutusin pindah yakin penting jangan tunggu sampe lelah pergi siapin diri hati hati tenang,-1,0,0.84042454,True,high
1475,Aku ngerasa hidupku nggak akan bahagia kalo nggak punya banyak uang. Bener nggak sih?,ngerasa hidup bahagia kalo uang uang penting bahagia situ neng mahal kecil hidup ringan,-1,0,0.714386,True,high
1479,Aku capek ngejar ekspektasi orang tua. Apa aku harus tetep nurutin mereka?,capek ngejar ekspektasi nurutin capek nurutin ekspektasi bahkan sekalipun rasain siapa tahu penting dengerin hidup sendiri,-1,11,0.7552572,True,high
1482,Aku ngerasa hidupku bakal sempurna kalau orang-orang di sekitarku berubah. Apa salah aku berpikir gitu?,ngerasa hidup sempurna ubah salah salah hidup nyaman taruh harap ubah sendiri tambah lelah kendali nanggapin santai situasi,-1,5,0.8050438,True,high
1484,"Aku kesel banget sama pasangan yang nggak pernah bantu kerjaan rumah. Harusnya dia bantu, kan?",kesel pasang kerja capek ngerasa kerja sendiri harap ngelakuin tambah kesal pasang santai tugas adil,-1,11,0.8097774,True,high
1485,"Aku ngerasa sendirian banget, kayak nggak punya temen yang bener-bener peduli. Normal nggak sih gitu?",ngerasa sendiri temen peduli ngerasa sendiri ngerasa hidup masing masing sendiri ringan siapa,-1,0,0.66762686,True,high
1486,"Aku takut banget kalau nggak punya temen deket. Aku harus punya temen deket, kan?",takut temen deket temen deket paham takut temen deket enak wajib bahagia datang pergi lumrah nikmat diri sendiri lakuin neng,-1,0,0.78860635,True,high
1487,"Aku ngerasa orang lain harus ngelakuin sesuatu buat aku, misalnya bantuin kerjaan. Itu wajar, kan?",ngerasa ngelakuin bantuin kerja hectic ngerasa lakuin malah enak minta sopan hargain situasi sibuk minta,-1,11,0.7364923,True,high
1488,Aku pengen orang-orang di kantor lebih perhatian sama aku. Gimana caranya?,kantor perhati enak kantor perhati ngatur perhati urus masing masing perhati ringan kabar hargain notice,-1,0,0.68083936,True,high
1489,"Aku ngerasa capek banget ngadepin orang yang nggak berubah. Harusnya aku marah terus, kan?",ngerasa capek ngadepin ubah marah terus capek ubah udah diomongin marah terus capek sendiri pikirin laku hati tenang ubah santai,-1,0,0.76392615,True,high
1490,Aku ngerasa hidupku bakal lebih gampang kalau semua orang nurut sama aku. Apa salah gitu?,ngerasa hidup gampang nurut salah hehe siapa hidup gampang nurut tambah stres sendiri kendali nanggapin situasi pikirin bareng,-1,11,0.7964481,True,high
1491,"Aku ngerasa nggak dihargai sama bos di kantor. Aku harus minta dia berubah, kan?",ngerasa harga kantor minta ubah harga kesel minta ubah gampang santai tahu rasain nyalahin tetap nyaman kerja,-1,0,0.79710084,True,high
1492,Aku ngerasa hidupku nggak lengkap tanpa pasangan yang selalu ngertiin aku. Gimana biar nggak gitu?,ngerasa hidup lengkap pasang ngertiin paham pasang ngertiin harap tambah berat batas nikmat diri sendiri bahagia neng,-1,0,0.77060044,True,high
1494,Aku ngerasa hidupku bakal lebih bahagia kalau aku bisa ngatur orang lain. Gimana caranya?,ngerasa hidup bahagia ngatur hidup atur ngatur susah sendiri capek atur sendiri kecil bahagia ngatur,-1,11,0.75032413,True,high
1501,Aku ngerasa nggak ada kesempatan buatku di hidup ini. Kayaknya cuma kebetulan doang yang bikin orang sukses.,ngerasa sempat hidup betul doang sukses hidup untung sempat datang obrol percaya siapa tahu pintu,-1,2,0.80590594,True,high
1502,"Aku pengen ikut arus hidup aja, tapi takut kehilangan kendali. Apa ini salah?",arus hidup takut hilang kendali salah salah arus asal tenang senang takut hilang kendali tahu khawatir pegang ngerasa,-1,0,0.7747878,True,high
1503,Aku ngerasa orang lain selalu dapat kesempatan lebih baik. Aku harus apa biar kayak gitu?,ngerasa sempat banding diri emang lelah capai sempat datang lang kecil pikirin,-1,2,0.79461265,True,high
1504,"Aku pengen berhenti dari kerjaan yang bikin aku nggak happy, tapi takut nggak ada yang lebih baik.",henti kerja happy takut putus takut bareng happy kerja tahu tempat putus,-1,2,0.7100512,True,high
1505,"Aku pengen ngikutin hati, tapi takut orang bilang aku nggak realistis. Harusnya aku dengerin siapa?",ngikutin hati takut realistis dengerin siapa dengerin hati penting bimbang diri sendiri hidup hati patut pelan pelan,-1,0,0.7886737,True,high
1506,Aku ngerasa kesempatan cuma datang ke orang yang punya privilege. Aku yang biasa-biasa aja ini apa bisa?,ngerasa sempat datang privilege adil sempat datang usaha kecil yakin kuat sendiri,-1,2,0.80022,True,high
1510,"Aku pengen coba sesuatu, tapi ngerasa udah terlambat. Apa masih ada harapan?",ngerasa udah lambat harap kata lambat hati senang usia angka kecil yakin sempat,-1,2,0.81818736,True,high
1511,"Aku ngerasa gagal terus, kayak nggak pernah berhasil. Apa aku harus nyerah aja?",ngerasa gagal terus hasil nyerah tahu berat gagal terus gagal down sudut bareng bareng,-1,2,0.80541515,True,high
1515,"Aku suka sih bantu orang lain, tapi kok capek ya, kayak nggak dihargai.",capek harga bantuin bagus capek perlu batas pikirin enak nolak harga maaf jaga energi penting,-1,0,0.8022679,True,high
1518,"Aku sering ngerasa nggak berguna di tempat kerja, apa yang harus aku lakuin?",ngerasa tempat kerja lakuin enak kecil kerja lakuin senang sederhana rekan kerja selesain tugas kecil ngerasa arti ngerasa temen kerja tahu kontribusi,-1,11,0.7795077,True,high
1520,"Aku ngerasa hubunganku sama temen cuma soal untung rugi, ini salah nggak sih?",ngerasa temen untung rugi salah untung rugi capek salah nyaman sifat bukan tulus hati senang,-1,0,0.7419033,True,high
1522,"Aku selalu pengen diakui orang lain, ini normal nggak?",manusiawi lelah bangga diri sendiri selesain tugas kecil diri sendiri tenang ketimbang nunggu,-1,11,0.7834841,True,high
1523,"Aku benci banget kalau ada konflik, tapi nggak tahu cara ngadepinnya.",benci konflik tahu ngadepinnya konflik nyaman hadap tenang dengerin buru buru ngejawab salah minta maaf duluan salah rasain kalem ngerasa kurang enak ngobrolin suasana,-1,0,0.7797974,True,high
1525,"Aku sering ngerasa orang lain nggak menghargai kerja kerasku, apa yang harus aku lakuin?",ngerasa harga kerja lakuin kesel kerja harga komunikasi rasain relevan temen kerja sopan udah usaha proyek masuk ubah bangga diri sendiri,-1,0,0.8093539,True,high
1527,"Aku pengen punya hubungan yang tulus sama orang lain, tapi kok susah?",tulus susah tulus butuh sifat bukan obrol kecil jujur jangan takut diri klik cocok alam,-1,0,0.7666739,True,high
1531,Aku ngerasa hidupku nggak pernah sesuai rencana. Apa aku salah merencanakan?,ngerasa hidup sesuai rencana salah rencana hidup emang sesuai rencana arti salah justru duga hidup arti rencana fleksibel kontrol nikmat proses terlalu ngotot,-1,0,0.7859498,True,high
1532,Aku takut salah ambil keputusan soal hubungan. Gimana caranya biar yakin?,takut salah putus yakin putus emang gampang mikir tenang diri sendiri ragu penting pilih sesuai nilai nyaman jangan buru buru,-1,2,0.81810117,True,high
1534,Aku merasa nggak berguna kalau nggak bisa bikin semua orang suka aku. Normal nggak sih?,nilai diri ditentuin opini harga arti,-1,0,0.65532523,True,high
1536,"Aku bingung, harus deket atau jauh dari orang yang bikin aku nggak nyaman?",deket jauh nyaman dengerin nyaman jarak perlu maksa deket hati sreg kata diri sendiri layak tenang dukung,-1,0,0.78733116,True,high
1537,Aku ngerasa hidupku stuck gara-gara rencana nggak jalan. Apa yang salah?,ngerasa hidup stuck gara gara rencana jalan salah salah hidup emang penuh kejut rencana jalan mulus laku kecil duga justru bawa tempat,-1,2,0.76150095,True,high
1538,Kenapa aku susah nerima omongan orang yang nggak enak?,susah nerima omong enak omong nyakitin diri langsung reaksi omong perlu tanggap serius,-1,0,0.73815894,True,high
1540,Aku ngerasa nggak punya kendali atas hidupku. Apa yang bisa aku lakuin?,ngerasa kendali hidup lakuin berat kecil kendali respons perlu buru buru ubah pelan pelan ngerasa kuasa hidup,-1,0,0.7968613,True,high
1542,"Aku ngerasa capek banget ngurusin omongan orang. Harusnya aku cuek aja, ya?",ngerasa capek ngurusin omong cuek ngurusin omong capek diri cuek mikirin opini nentuin siapa bahagia energi habis mikirin omong,-1,11,0.7343728,True,high
1543,Aku ngerasa bersalah kalau nggak bales omongan kasar orang. Itu wajar nggak?,ngerasa salah bales omong kasar ngerasa bales kasar bukan arti kalah justru kendali emosi omong penting biarin simpan tenaga arti,-1,0,0.7514089,True,high
1544,"Aku pengen hidup tenang, tapi kok susah banget?",hidup tenang susah hidup tenang emang gampang tekan kecil ngurangin overthinking diri sendiri perlu buru buru pelan pelan lepas hati berat,-1,4,0.8165149,True,high
1545,Aku ngerasa nggak ada yang peduli sama aku. Apa yang harus aku lakuin?,ngerasa peduli lakuin sedih percaya peduli diri sendiri butuh perhati jangan ragu minta dukung sendiri,-1,2,0.7570777,True,high
1547,"Aku capek banget menghadapi masalah keluarga, rasanya pengen kabur aja. Apa salah kalau aku nyerah?",capek hadap keluarga kabur salah nyerah kabur berat nyerah arti sempat diri sendiri nemuin jalan keluar jeda tidur cukup curhat percaya istirahat sebentar sudut,-1,0,0.8296174,True,high
1551,Aku ngerasa semua yang aku lakuin sia-sia. Aku harus tetep lanjut apa enggak?,ngerasa lakuin lanjut enggak down usaha ninggalin entah alam jeda terus diri sendiri kecil perlu buru buru pelan pelan,-1,0,0.7969433,True,high
1554,"Aku ngerasa hidupku nggak ada progress, kayak jalan di tempat. Aku harus apa?",ngerasa hidup progress jalan tempat stuck belakang udah capai kecil lupa harga kecil kecil maju dukung,-1,2,0.7901313,True,high
1555,Aku ngerasa hidupku cuma buat ngurus masalah orang lain. Aku harus tetep lanjut nggak?,ngerasa hidup ngurus lanjut capek peduli bagus perlu jaga diri sendiri lakuin bahagia santai lakuin diri sendiri,-1,0,0.80646014,True,high
1558,"Aku pengen banget pede kayak orang lain, tapi kok susah ya?",pede susah sendiri usah bandingin diri tahu nyaman kuasa nulis pede datang pelan pelan kecil lakuin terus terus,-1,0,0.8236711,True,high
1559,"Aku ngerasa hidup orang lain lebih enak, aku aja yang selalu susah. Gimana biar nggak iri?",ngerasa hidup enak susah berat percaya enak sendiri kecil syukur hidup positif lama lama ringan,-1,2,0.76893896,True,high
1569,"Aku kadang mikir buat nyerah aja, hidup kok susah banget. Apa yang bisa aku lakukan?",mikir nyerah hidup susah laku denger berat gampang kecil hidup denger favorit makan makan terlalu berat minta temen profesional sendiri,-1,0,0.80376875,True,high
1571,"Aku dengar ada hubungan antara gen dan gangguan mental. Itu beneran gitu, Emilia?",dengar ganggu mental beneran pengaruh risiko alami ganggu mental waris pengaruh fungsi otak kerja sendiri alam hidup stres kombinasi bukan doang penasaran,-1,12,0.8370353,True,high
1573,"Aku takut kalau depresi itu cuma karena gen, berarti nggak bisa diubah, dong?",takut depresi arti ubah paham takut peran arti depresi dukung sosial terapi bahkan ganggu genetik kelola ubah gaya hidup khawatir,-1,12,0.81883585,True,high
1576,"Emilia, kalau aku minum obat buat depresi, itu artinya cuma otakku yang diperbaiki, ya?",obat depresi arti otak obat kerja level biologis atur neurotransmiter otak suasana hati arti otak dukung sosial terapi penting pulih obat salah pikirin obat,-1,12,0.82128465,True,high
1579,"Emilia, aku merasa bersalah karena nggak bisa ‘snap out’ dari depresi. Apa aku lemah?",salah snap depresi lemah lemah sekali depresi bukan kurang usaha libat faktor biologis ketidakseimbangan otak tekan hidup kondisi nyata butuh tangan bukan dukung salah,-1,0,0.8204051,True,high
1582,"Emilia, aku merasa nggak ada yang peduli sama aku. Apa ini cuma karena otakku?",peduli otak sedih denger peduli pengaruh biologis ketidakseimbangan otak situasi sosial kurang dukung pikirin nyambung sendiri,-1,0,0.8469906,True,high
1592,Aku merasa hidupku nggak bisa dikontrol. Apa yang salah sama hidupku?,hidup kontrol salah hidup ngontrol hidup berat psikologi muncul luar kendali situasi emosi bukan arti hidup salah pola bareng ngerasa ngontrol dengar sudut pandang,-1,0,0.8216442,True,high
1599,Aku merasa semua orang di sekitarku lebih sukses daripada aku. Ini bikin aku stres banget. Normal nggak sih?,sukses stres tahu enak tekan banding diri sedang sulit capai tuju macam tekan sosial stres kecil capai ingat jalan tinggal susun kecil maju,-1,0,0.8158231,True,high
1603,"Emilia, kenapa aku lebih gampang stres dibandingkan temen-temenku?",gampang stres banding temen temenku hadap tekan arti lemah sedang hadap tantang kurang alat stres dukung teman percaya diri stres kuat hadap relaksasi,-1,0,0.8407919,True,high
1606,"Emilia, aku suka menyendiri, tapi orang bilang itu nggak normal. Apa bener?",sendiri salah sendiri nyaman butuh sosial sendiri isolasi sedih pikirin imbang sendiri bareng sendiri tahu,-1,0,0.75728285,True,high
1609,"Kenapa ya aku merasa kesepian banget, padahal aku tinggal di kota besar yang ramai?",sepi padahal tinggal kota ramai sepi berapa berapa kuat kota susah ikat serba cepat kecil klub buku grup olahraga acara lokal,-1,0,0.7372649,True,high
1611,"Aku merasa hidupku nggak teratur, kayak nggak ada aturan apa-apa. Ini kenapa ya?",hidup atur atur keren hidup atur muncul hidup ubah cepat pindah kerja hilang hilang pegang kecil tidur atur daftar tugas atur,-1,5,0.7456649,True,high
1612,"Aku suka sih menyendiri, tapi kok orang bilang itu nggak bagus buat kesehatan mental?",sendiri bagus sehat mental sendiri salah lama nyaman bahagia sendiri ngerasa isolasi sedih imbang sendiri butuh sepi sendiri happy malah down,-1,0,0.82141745,True,high
1614,Aku ngerasa orang-orang di sekitarku nggak bener-bener peduli sama aku. Apa aku yang salah?,ngerasa peduli salah sedih diperhatiin arti salah sibuk urus sendiri peduli percaya butuh tahu butuh dukung siapa paling deket,-1,0,0.7561637,True,high
1615,Aku pengen kabur aja dari hidupku sekarang. Apa ini normal?,kabur hidup kabur tekan butuh hidup berat kabur selesain dengerin kabur hidup ringan,-1,0,0.6806872,True,high
1617,Aku ngerasa nggak punya kontrol atas hidupku. Gimana caranya biar aku ngerasa lebih kuat?,ngerasa kontrol hidup ngerasa kuat ngerasa kontrol berat kendali kecil atur jadwal pilih giat happy kecil kontrol pikirin,-1,0,0.78593135,True,high
1618,Aku suka ngelakuin hal berbahaya biar ngerasa hidup. Apa ini salah?,ngelakuin bahaya ngerasa hidup salah ngerasa hidup ngelakuin bahaya luka ngerasa excited olahraga tantang ngerasa semangat bahaya,-1,0,0.7204058,True,high
1619,Aku ngerasa dunia ini nggak adil buatku. Kenapa aku selalu dapet yang buruk?,ngerasa adil dapet adil hidup berat ketidakadilan datang luar kendali sendiri ngerasa hidup,-1,0,0.74137974,True,high
1625,Aku nggak bisa berhenti khawatir tentang masa depan. Apa yang harus aku lakukan?,henti khawatir masa depan laku khawatir capek salah kendali kecil dukung tuju teknik relaksasi tenang khawatir begini,-1,0,0.8196353,True,high
1627,"Aku pengen selalu senang, tapi kok susah banget. Apa aku salah?",senang susah salah salah senang terus terus realistis emosi datang pergi penting hidup puas hidup tahu hidup obrol temen senyum,-1,0,0.83390605,True,high
1628,Aku nggak ngerti kenapa orang-orang di sekitarku nggak peduli sama perasaanku.,peduli tahu frustrasi sehat mental komunikasi jujur percaya turut dengar,-1,0,0.7890462,True,high
1629,Aku merasa hidupku nggak berguna buat orang lain. Apa yang bisa aku lakukan?,hidup laku dengar arti berat padahal udah ubah kecil laku senyum temen giat sosial giat penting sehat mental kecil,-1,0,0.80971503,True,high
1630,Aku benci kalau orang bilang aku harus ‘positif’ mulu. Emang salah kalau aku sedih?,benci positif mulu emang salah sedih salah sekali sedih emosi negatif hidup sehat paksa positif terus penting ruang emosi bangkit pelan pelan temen lakuin senang sedih,-1,0,0.8406924,True,high
1632,Aku pengen hidupku kayak orang lain yang kelihatan bahagia. Apa aku salah pengen gitu?,hidup bahagia salah hidup bahagia ingat luar bandingin diri puas hidup sendiri kecil syukur hidup,-1,5,0.8103808,True,high
1633,Aku kadang merasa nggak layak hidup. Apa yang bisa aku lakukan biar nggak gitu lagi?,layak hidup laku sedih dengar sendiri berat harga sulit dukung dekat profesional butuh percaya,-1,0,0.8222345,True,high
1636,"Aku pindahan dari desa ke kota, kok malah sering panik. Apa ini karena aku nggak cocok di kota?",pindah desa kota malah panik cocok kota ubah pindah desa kota cemas ritme imigran pindah stres adaptasi bukan arti cocok butuh panik nyaman,-1,0,0.70046836,True,high
1637,Aku merasa lelet banget di tempat kerja baru. Apa ini karena aku orang kampung?,lelet tempat kerja kampung asal lelet adaptasi tekan kerja stres ngerasa maksimal ngerasa lelet pikirin solusi bareng,-1,11,0.80600286,True,high
1640,Aku ngerasa hidupku nggak ada harapan setelah dipecat. Gimana caranya biar nggak gini terus?,ngerasa hidup harap pecat terus pecat berat ngerasa down hidup picu stres berat kecil dukung temen ngerasa harap dengerin pikirin bareng,-1,0,0.8219326,True,high
1642,Aku dengar orang bilang kesehatan mental itu cuma soal nggak punya penyakit mental. Bener nggak sih?,dengar sehat mental sakit mental sepenuh sehat mental bukan ganggu imbang nikmat hidup puzzle utuh sendiri hidup,-1,0,0.7610636,True,high
1643,"Aku stres banget sama kerjaan, rasanya pengen marah terus. Apa ini tanda aku punya masalah mental?",stres kerja marah terus mental stres kerja emosi naik turun langsung arti mental marah susah kendali ngelola stres teknik relaksasi,-1,0,0.7810564,True,high
1644,"Kalau aku nggak cocok sama budaya di tempat tinggalku, itu bisa bikin aku nggak sehat mental nggak?",cocok tempat tinggal sehat mental pengaruh diri sendiri nyambung stres isolasi cocok situ,-1,0,0.7554685,True,high
1652,Aku ngerasa nggak punya harapan buat sembuh dari gangguan mentalku. Apa emang gitu kenyataannya?,ngerasa harap sembuh ganggu mental emang nyata tahu harap tipis berat pulih bukan arti balik hidup ngelola gejala hasil dukung terapi ngerasa putus,-1,0,0.81214654,True,high
1654,"Aku pengen kerja, tapi gangguan mentalku bikin susah. Ada cara buat tetep bisa produktif?",kerja ganggu mental susah produktif keren tetap produktif program kerja rancang ganggu mental kerja koperasi kecil kerja fleksibel tahu supported employment daerah jenis kerja bayangin diri sendiri,-1,0,0.77102727,True,high
1655,Aku ngerasa hidupku hancur gara-gara gangguan mental. Apa masih ada harapan buat aku?,ngerasa hidup hancur gara gara ganggu mental harap tahu hidup beranta harap hidup makna ganggu mental terapi kecil tuju kecil,-1,0,0.8130867,True,high
1657,Aku merasa hidupku nggak berarti setelah kehilangan pekerjaan. Apa yang salah denganku?,hidup arti hilang kerja salah salah hilang kerja berat down anggur stres bahkan mirip gejala depresi ngerasa arti pikirin kecil ngatasinnya bareng,-1,0,0.81376415,True,high
1659,Aku ngerasa nggak punya temen yang bener-bener peduli. Apa aku terlalu lelet buat nyambung sama orang?,ngerasa temen peduli terlalu lelet nyambung berat ngerasa sendiri arti lelet nyambung stres hidup susah diri dukung sosial penting sehat mental pikirin deketin,-1,0,0.8663621,True,high
1660,Aku ngerasa rendah diri karena gaji kecil. Apa ini cuma aku yang ngerasa gini?,ngerasa rendah diri gaji kecil ngerasa sendiri hasil rendah ngerasa stres kronis rendah diri bukan cermin nilai ngerasa rendah dengerin pikirin ningkatin percaya diri,-1,0,0.7960845,True,high
1662,Aku ngerasa hidupku nggak ada harapan setelah cerai. Gimana caranya biar nggak gini?,ngerasa hidup harap cerai cerai ubah ngerasa down cerai stres berat awal temuin dukung ngerasa harap pikirin kecil bangkit,-1,0,0.79195243,True,high
1663,Aku ngerasa orang-orang ngejek aku karena aku dari kampung. Apa aku harus berubah?,ngerasa ngejek kampung ubah enak ngerasa ejek perlu ubah diskriminasi stres asal usul kuat ngerasa ejek pikirin hadapin situasi,-1,0,0.78942835,True,high
1664,Aku ngerasa lelah banget ngurus anak dan kerja. Apa aku yang nggak kuat?,ngerasa lelah ngurus anak kerja kuat lemah ngurus anak kerja beban berat peran ganda stres utama perempuan paling lelah pikirin ngurangin tekan,-1,0,0.7551372,True,high
1665,Aku ngerasa nggak ada yang peduli sama aku karena aku miskin. Apa bener gitu?,ngerasa peduli miskin ngerasa diperhatiin arti peduli miskin ngerasa isolasi harga ngerasa pikirin nyari dukung,-1,0,0.66021276,True,high
1667,Aku ngerasa nggak bisa ngapa-ngapain di kerjaan baru. Apa aku bodoh?,ngerasa kerja bodoh bodoh kerja ngerasa overwhelmed kurang otonomi kerja kontrol rendah stres ngerasa ningkatin percaya diri,-1,11,0.7503729,True,high
1668,Aku ngerasa depresi karena nggak punya pasangan. Apa aku nggak layak?,ngerasa depresi pasang layak layak cinta pasang arti kurang sepi depresi cermin nilai diri ngerasa pikirin nyaman diri sendiri,-1,0,0.8122393,True,high
1669,"Aku merasa hidupku penuh tekanan, tapi aku bingung apa sih tekanan itu sebenarnya?",hidup penuh tekan tekan paham hidup berat tahu tekan datang tuntut ancam kewalahan kerja tumpuk keluarga bahkan takut detail dengerin,-1,0,0.7647728,True,high
1672,"Hidupku kayak penuh drama, apa itu cuma tekanan biasa?",hidup penuh drama tekan hidup penuh drama hidup tekan tekan datang tengkar langsung lama drama capek tekan kronis salah drama,-1,0,0.6610452,True,high
1674,Kenapa sih aku nggak bisa santai meski nggak ada masalah besar?,santai tekan kecil tumpuk tekan harap terlalu tinggi diri sendiri sebut tekan kronis pelan pelan santai kecil terus ganggu,-1,5,0.75636476,True,high
1675,"Aku merasa hidupku nggak adil, kayak semua pintu tertutup. Ini apa ya?",hidup adil pintu tutup adil tekan sebut kendala struktural sempat pilih hidup berat frustrasi pintu tutup pikirin kecil pintu,-1,0,0.7612353,True,high
1677,"Aku kerja keras tapi gajiku kecil, kenapa aku merasa kesel terus?",kerja gaji kecil kesel terus kesel tekan sebut ketidakseimbangan imbal usaha hasil timpal frustrasi harga kerja,-1,0,0.7125932,True,high
1678,Aku takut keluar rumah karena daerahku nggak aman. Apa itu tekanan?,takut keluar daerah tekan takut tekan tepat tekan kronis jenis ancam waspada capek emosional pikirin tenang,-1,0,0.79149765,True,high
1679,"Aku nggak tahu kenapa, tapi aku merasa capek banget sama hidup.",tahu capek hidup dengar berat capek datang tekan tumpuk beban kerja salah penting tahu capek lelah,-1,0,0.761231,True,high
1680,"Aku cuma pengen semua masalahku hilang, boleh nggak aku kabur aja?",hilang kabur paham lari kabur lega sebentar pergi kabur hadap bareng,-1,0,0.6885905,True,high
1681,"Aku merasa nggak bisa ngapa-ngapain dengan hidupku, kayak stuck.",hidup stuck stuck berat tekan kendala struktural pilih sempat sendiri gerak kecil,-1,5,0.8043419,True,high
1682,"Aku nggak suka kerjaanku, tapi aku takut resign. Ini stres nggak sih?",kerja takut resign stres tekan kronis jebak kerja takut ubah ketidakpastian stres kerja pikirin nyaman,-1,0,0.8027961,True,high
1683,"Aku selalu merasa dikejar waktu, kenapa ya?",kejar kejar tekan kronis tuntut terlalu jadwal padat ekspektasi tinggi capek buru buru terus atur santai,-1,0,0.7524463,True,high
1684,"Aku nggak peduli lagi sama apa-apa, apa ini wajar?",peduli peduli kewalahan tekan titik capek emosional sepenuh penting tahu begini dengerin,-1,0,0.82205117,True,high
1686,"Aku pengen hidupku sempurna, tapi malah stres. Salah nggak sih?",hidup sempurna malah stres salah salah harap hidup sempurna tekan sendiri cukup tekan kronis sempurna santai,-1,0,0.81100047,True,high
1688,"Aku pengen punya pacar, tapi sampai sekarang belum ketemu yang cocok. Apa ini juga bikin stres?",pacar cocok stres stres sebut nonevent harap kecewa bahagia semangat,-1,0,0.8022778,True,high
1690,"Kadang aku merasa lingkunganku bikin stres, kayak tetangga yang berisik. Apa itu juga stressor?",stres tetangga berisik stressor masuk stressor tepat contextual stressor datang tetangga tempat tinggal ganggu jengkel ngatasin bising pikirin solusi bareng,-1,0,0.6917371,True,high
1691,Aku merasa hidupku selalu penuh drama. Apa bener hidup itu selalu stres?,hidup penuh drama hidup stres hidup penuh drama notice ketimbang momen tenang stres konstan pasang surut hidup berat sisi ringan,-1,0,0.7606123,True,high
1692,Aku takut kalau ga bisa nikah sebelum umur 30. Apa itu bikin stres?,takut nikah umur stres takut masuk nonevent harap tekan umur datang hidup jalan takut ngobrolin bahagia,-1,0,0.7693957,True,high
1694,"Aku pernah di-bully waktu kecil, dan sekarang masih takut ketemu orang. Itu trauma gitu ya?",bully kecil takut trauma sebut trauma alam pengaruh sosial bullying berat takut nyaman percaya diri,-1,0,0.7603475,True,high
1697,"Aku kadang ga sadar kenapa aku stres, kayak tiba-tiba aja. Apa itu beneran stres?",stres beneran stres beneran stres stres datang kecil tumpuk bahkan notice nyaman tahu bareng,-1,0,0.7962334,True,high
1698,Aku merasa hidupku lebih stres dari orang lain. Apa bener gitu?,hidup stres stres sendiri ketimbang tantang masing masing hidup penuh stres hidup berat urutin stres,-1,0,0.74101317,True,high
1700,Aku merasa hidupku gak akan pernah bebas dari stres. Apa bener gitu?,hidup bebas stres stres stres datang pergi situasi notice stres ketimbang tenang bebas momen rileks,-1,0,0.7561141,True,high
1702,"Aku sering dengar tentang stres, tapi apa bedanya sama stressor? Aku bingung.",dengar stres stressor bagus stressor picu hilang kerja konflik temen sedang stres reaksi tubuh hadap picu cemas lelah stressor stres akibat stressor rasain,-1,0,0.752736,True,high
1703,"Emilia, aku merasa hidupku penuh drama. Satu masalah selesai, eh muncul lagi masalah lain. Kenapa ya?",hidup penuh drama muncul habis teori stressor picu stressor efek domino kantor tegang keluarga pola picu utama hidup,-1,0,0.73460144,True,high
1704,Aku ngerasa tinggal di lingkungan yang crowded bikin aku stres. Apa bener lingkungan bisa pengaruhi kesehatan mentalku?,ngerasa tinggal crowded stres pengaruh sehat mental ramai nyaman tinggal tempat penuh sesak stressor sebut stres kontekstual datang kondisi crowded suasana tenang,-1,0,0.79269016,True,high
1707,"Aku ngerasa hidupku nggak adil, banyak banget tekanan. Apa semua orang juga gitu?",ngerasa hidup adil tekan emang berat tekan datang tubi tubi ngalamin tekan tantang masing masing penting hadap tekan hidup adil dengerin,-1,0,0.72795683,True,high
1709,Aku ngerasa lingkunganku bikin aku nggak nyaman. Apa itu bisa bikin stres?,ngerasa nyaman stres nyaman tetangga tegang tempat berisik stressor kontekstual pengaruh sehat mental nyaman suasana,-1,0,0.77631974,True,high
1712,"Emilia, aku ngerasa nggak bisa ngatasin semua masalahku. Apa aku lemah?",ngerasa ngatasin lemah lemah kewalahan hadap tekan bukan arti mampu batas pilah tangan paling stres pikirin,-1,0,0.8167058,True,high
1713,Aku susah percaya orang lain bakal bantu aku kalau aku lagi susah. Apa itu wajar?,susah percaya susah susah percaya kecewa pengaruh alam masa siap sempat ragu ngobrolin takut,-1,2,0.80813277,True,high
1715,"Aku stres banget sama kerjaan, apa dukungan dari temen bisa bantu?",stres kerja dukung temen dukung temen sekadar didengerin stres kerja ringan nama efek buffering dukung ngatasin tekan temen pikirin ngurangin stres,-1,0,0.792644,True,high
1716,"Aku cewek, kok kayaknya aku lebih gampang stres dibandingkan cowok?",cewek gampang stres banding cowok cewek ngerasa stres cewek dukung sosial temen keluarga cukup ngatasin tekan stres ngobrolin,-1,0,0.7757551,True,high
1717,"Aku pengen punya temen yang bener-bener ngerti aku, tapi susah banget. Apa yang salah?",temen susah salah salah butuh nemuin klik pengaruh alam hidup gabung aktivitas temen pikirin bareng,-1,0,0.79025584,True,high
1718,Aku suka ngerasa ga ada yang bakal bantu aku kalau aku lagi susah. Apa itu cuma perasaan?,ngerasa susah nyata datang alam diri sendiri peduli notice momen kecil ngerasa dukung,-1,0,0.7564932,True,high
1719,"Aku kerja di tempat yang ga enak, bikin stres. Apa dukungan sosial bisa bantu?",kerja tempat enak stres dukung sosial dukung sosial temen kerja deket kerja enak stressor beban ringan kerja enak pikirin ngatasinnya,-1,0,0.77943885,True,high
1726,Kenapa sih kerjaan yang terlalu demanding bikin aku gampang cemas?,kerja terlalu demanding gampang cemas tuntut kerja tinggi cukup kendali kewalahan tubuh beban kerja terlalu luang istirahat jenak meditasi singkat jalan jalan kecil cemas muncul bareng atur prioritas bahkan konselor,-1,0,0.8114851,True,high
1727,"Aku suka sih kerjaanku, tapi kok rasanya nggak ada tantangan. Membosankan gitu. Apa aku salah pilih kerja?",kerja tantang bosan salah pilih kerja langsung arti salah pilih kerja rutin bosan ruang kembang proyek tambah minta tugas tantang sreg eksplor opsi bareng kursus peluang bidang,-1,0,0.74731493,True,high
1728,"Aku baru kena PHK, rasanya down banget. Aku nggak tahu harus mulai dari mana.",kena down tahu turut sedih dengernya hilang kerja berat down proses perlu buru buru rencana kecil dukung kerja butuh temen,-1,0,0.8382729,True,high
1730,"Aku merasa nggak dihargai di kantor, kayak usahaku nggak kelihatan. Gimana caranya biar nggak kesel terus?",harga kantor usaha kesel terus harga frustrasi rekan kerja usaha catat capai bukti konkret evaluasi terus nyaman pikirin tempat sehat detail,-1,0,0.78569156,True,high
1731,"Kalau aku nggak kerja, apa aku bakal lebih bahagia ya?",kerja bahagia kerja stres kerja hilang tuju koneksi sosial happy kerja bukan henti kerja cocok atur ulang prioritas hidup daftar penting bahagia,-1,0,0.7586547,True,high
1738,"Aku pengen kerja yang fleksibel, tapi takut nggak dapat penghasilan tetap. Gimana caranya biar nggak khawatir?",kerja fleksibel takut hasil tetap khawatir keren udah kerja fleksibel khawatir hasil riset tahu bidang freelance remote work stabil tabung cadang rangin khawatir daftar transisi kerja fleksibel jenis kerja fleksibel bayangin,-1,1,0.74330497,True,high
1740,"Aku baru pindah kerja, tapi kok merasa nggak cocok. Apa aku buru-buru resign dari kerjaan lama?",pindah kerja cocok buru buru resign kerja lama pindah kerja butuh adaptasi cocok perlu kenal tugas udah adaptasi sreg evaluasi tempat tepat nyaman kerja,-1,0,0.71055436,True,high
1742,"Emilia, kenapa ya aku merasa nggak bisa kayak orang lain yang punya karir bagus? Apa karena aku depresi?",karir bagus depresi dengar minder depresi susah motivasi down pandang mental sulit kerja gengsi proses seleksi ketat bukan mampu kecil nyari semangat depresi,-1,0,0.832263,True,high
1743,Aku merasa hidupku makin buruk setelah aku kena gangguan kecemasan. Apa ini wajar?,hidup makin kena ganggu cemas paham ganggu cemas segala berat teori mental geser posisi sosial rendah sulit tahan kerja arti hidup terus kelola cemas teknik percaya bareng,-1,0,0.833192,True,high
1744,Aku merasa nggak pantas dapat kerja bagus karena aku punya riwayat gangguan mental. Apa bener gitu?,pantas kerja bagus riwayat ganggu mental paham ganggu mental definisi mampu pandang mental sulit masuk kerja gengsi proses seleksi ketat hasil dukung tepat pikirin kecil nyari lowong konselor karir alam kerja modal,-1,0,0.804772,True,high
1745,"Emilia, apa bener kalau aku stress karena miskin, aku pasti bakal gila?",stress miskin gila asumsi ekstrem stres ekonomi ningkatin risiko ganggu mental arti gila hadap tekan rupa tetap kuat sendiri teman dekat rileks stres dengerin ngatasinnya,-1,0,0.86688554,True,high
1747,"Emilia, aku nggak punya pekerjaan tetap, dan aku merasa gagal. Apa ini karena aku punya masalah mental?",kerja tetap gagal mental paham gagal berat mental sulit stabil kerja arti gagal faktor main kondisi ekonomi kurang dukung kecil nyari gratis konselor karir ahli modal,-1,0,0.7874546,True,high
1748,Aku merasa nggak layak hidup karena aku nggak punya apa-apa. Apa aku salah mikir gitu?,layak hidup salah mikir sedih dengar salah nilai manusia ditentuin harta struggle nilai tahan saranin percaya profesional sisi positif layak,-1,0,0.8446054,True,high
1750,Aku takut kalau aku miskin selamanya. Apa ini cuma karena aku nggak cukup berusaha?,takut miskin lama cukup usaha takut jangan buru buru salah diri sendiri luar kendali situasi ekonomi sempat batas pengaruh bukan usaha kecil gratis jaring,-1,0,0.78194463,True,high
1751,Aku kadang merasa gangguan mentalku bikin aku susah dapat kerja. Ini beneran gitu nggak sih?,ganggu mental susah kerja beneran dengar khawatir ganggu mental depresi cemas tantang kerja berat bukan arti mampu kecil dukung konselor atur strategi,-1,0,0.8253354,True,high
1754,Aku kadang ngerasa dunia nggak adil karena aku selalu di posisi bawah. Apa aku salah mikir gitu?,ngerasa adil posisi bawah salah mikir salah adil terus terus posisi sulit kuat temuin tuju kecil koneksi harap kecil,-1,0,0.7726822,True,high
1758,Aku sering merasa down kalau lihat temen-temen yang lebih sukses. Apa ini wajar?,down temen temen sukses lumrah utama ngerasa timpang sosial hasil kurang sedang fase hidup berat syukur capai kecil ngerasa down dengerin,-1,0,0.81956303,True,high
1762,"Aku kadang ngerasa takut sama hal-hal kecil, kayak apa salahku tadi. Ini kenapa ya?",ngerasa takut kecil salah tadi takut kecil cemas muncul tekan hidup pola terlalu kritis diri sendiri aneh alam teknik ngurangin takut,-1,0,0.84547436,True,high
1764,Aku merasa orang-orang ngejek aku karena aku orang miskin. Apa aku harus lawan mereka?,ngejek miskin lawan betapa sakit laku lawan langsung solusi situasi tambah panas diskriminasi stres berat pikirin ningkatin percaya diri dukung peduli lanjut,-1,0,0.838331,True,high
1765,"Aku cewek, apa bener aku lebih gampang depresi daripada cowok?",cewek gampang depresi cowok gampang depresi cewek cewek cenderung alami depresi cemas banding cowok tekan sosial ekspektasi tinggi beban ganda kerja ngerasa tekan dengerin,-1,0,0.7160943,True,high
1769,Kenapa aku merasa lebih buruk kalau bandingin hidupku sama orang lain?,bandingin hidup banding diri kurang hidup penuh tekan sukses lupa nilai diri sendiri syukur hasil kecil perlu banding bandingin,-1,2,0.8443432,True,high
1770,"Aku sering merasa sendiri, padahal punya temen. Ini kenapa ya?",sendiri padahal temen sepi jumlah temen berapa dekat ikat kuat dukung sepi obrol salah temenmu pikirin koneksi makna,-1,0,0.7685206,True,high
1774,"Aku nggak suka ngomong sama orang lain, apa aku punya masalah?",ngomong ngomong arti nyaman sosial nyaman sendiri isolasi koneksi terlalu berat,-1,0,0.7539924,True,high
1775,"Aku nggak bisa fokus, pikiranku kemana-mana. Apa ini serius?",serius susah stres tekan kerja kurang istirahat serius ganggu picu kacau atur bareng,-1,0,0.79031146,True,high
1780,"Aku merasa bersalah terus karena nggak bisa bikin orang lain senang, apa yang salah sama aku?",salah terus senang salah terlalu diri sendiri bahagia berat ingat kontrol bahagia laku salah terus muncul,-1,2,0.7894542,True,high
1784,"Aku takut gagal di pekerjaan, apa yang harus aku lakuin?",takut gagal kerja lakuin takut gagal kerja penting pecah tugas kecil berat cemas muncul teknik relaksasi temen kerja takut gagal,-1,11,0.8365391,True,high
1785,"Aku merasa harus selalu sempurna, tapi capek banget, apa yang salah?",sempurna capek salah sempurna lelah salah ekspektasi terlalu tinggi terima laku cukup berat teknik santai diri sendiri,-1,0,0.7882017,True,high
1791,Aku merasa nggak punya energi buat ngapa-ngapain. Ini depresi nggak sih?,energi depresi hilang energi salah depresi faktor kurang tidur stres penting langsung lama gejala,-1,12,0.7883711,True,high
1798,"Aku merasa hidupku nggak ada artinya, Emilia. Apa yang salah denganku?",hidup arti salah sedih denger muncul lelah hilang arah arti salah kecil hidup terus langsung bicara profesional excited,-1,0,0.81337553,True,high
1799,"Emilia, aku suka menyakiti diri sendiri kalau stres. Aku tahu ini salah, tapi susah berhenti.",sakit diri sendiri stres tahu salah susah henti peduli senang berat sakit diri sendiri ngatasin stres sehat layak coret coret kertas pegang batu dorong datang saranin bicara profesional akar kecil bareng,-1,0,0.89111686,True,high
1800,"Aku merasa orang-orang selalu ngejek aku karena latar belakangku, Emilia. Aku capek.",ngejek latar belakang capek sakit hati lelah ngejek paham prasangka sendiri definisi nilai dukung batas interaksi nyaman dengerin kuat hadap,-1,0,0.84092915,True,high
1814,"Aku pernah ngalamin diskriminasi, dan itu bikin aku nggak percaya diri. Gimana cara ngatasinnya?",ngalamin diskriminasi percaya diri ngatasinnya ngalamin diskriminasi berat ngefek percaya diri salah harga suportif dekat,-1,0,0.7314123,True,high
1815,Aku pengen lari aja dari semua masalahku. Apa itu ide yang bagus?,lari bagus lari kabur numpuk hadap paling kecil lari dengerin pikirin solusi bareng,-1,11,0.7592979,True,high
1821,Aku ngerasa nggak layak bahagia. Apa yang salah sama aku?,ngerasa layak bahagia salah salah layak bahagia datang tekan alam berat ngerasa bareng nikmatin momen bahagia,-1,0,0.76055074,True,high
1823,Aku takut kehilangan pekerjaan kalau aku ambil cuti karena sakit. Apa yang harus aku lakukan?,takut hilang kerja cuti sakit laku khawatir kerja sumber hasil utama sehat penting bijak usaha cuti sakit bicara solusi kerja jarak jauh butuh rangkai kata kata,-1,0,0.7726985,True,high
1827,Aku takut cerai karena orang bilang bakal bikin aku depresi. Apa bener gitu?,takut cerai depresi cerai stres akhir depresi penting dukung kelola emosi takut solusi,-1,0,0.7977469,True,high
1829,"Aku lagi mikir buat tinggal bareng sama pacarku, tapi takut malah bikin stres. Menurutmu gimana?",mikir tinggal bareng pacar takut malah stres turut tinggal bareng pacar khawatir tahu tinggal bareng bahagia stres situasi kuat saling dukung komitmen jelas positif nyari nyaman ekonomi perlu dipikirin takut stres tinggal bareng,-1,0,0.84138143,True,high
1831,"Emilia, aku merasa sendiri banget setelah cerai. Apa aku aneh karena nggak bisa move on?",sendiri cerai aneh move aneh sekali cerai ubah sendiri hilang dukung pasang butuh pulih sendiri pikirin bareng temen,-1,0,0.7802703,True,high
1832,"Emilia, aku merasa nggak pede sama sekali setelah cerai. Apa aku bakal gini selamanya?",pede sekali cerai lama sedih dengar pede cerai hilang percaya diri awal lama perlahan percaya diri dukung temen keluarga harga pede dengerin,-1,0,0.81336474,True,high
1833,Aku merasa hidupku nggak lengkap tanpa pasangan. Apa aku harus buru-buru cari pacar?,hidup lengkap pasang buru buru pacar paham kurang hidup pasang lengkap harga bahagia datang temen keluarga buru buru pacar malah pilih tepat lengkap pikirin bareng bahagia,-1,0,0.77185595,True,high
1834,Aku sering merasa cemas kalau lihat orang tua ku nggak akur. Apa yang bisa aku lakukan biar nggak takut terus?,cemas akur laku takut terus cemas akur laku rileks meditasi sebentar khawatir lembut cemas hilang konselor,-1,0,0.6924867,True,high
1835,"Emilia, aku ngerasa lingkunganku bikin aku stres. Apa yang bisa aku lakukan biar nggak kepikiran terus?",ngerasa stres laku terus dukung stres giat jalan jalan taman gabung positif terlalu berat dewasa percaya solusi kuat nemenin,-1,0,0.84290254,True,high
1836,"Emilia, aku takut kalau orang tuaku nanti bercerai. Apa yang bisa aku lakukan biar nggak khawatir terus?",takut cerai laku khawatir terus khawatir ingat putus bukan kendali temen nyaman takut tenang,-1,2,0.78047156,True,high
1838,Aku ngerasa pengen nyerah karena hidupku susah banget. Apa yang bisa bikin aku kuat lagi?,ngerasa nyerah hidup susah kuat tahu berat tahan jauh arti kuat kecil senyum temen dengerin favorit percaya perlu profesional ingetin sendiri,-1,0,0.8516207,True,high
1840,Aku sering dengar depresi itu cuma buat orang dewasa. Bener nggak sih remaja juga bisa depresi?,dengar depresi dewasa remaja depresi depresi dewasa remaja alami depresi bahkan remaja sedih energi sulit konsentrasi depresi pengaruh ubah tubuh tekan sosial tekan,-1,12,0.7921903,True,high
1841,"Aku merasa beda sama temen-temenku, kayak mereka lebih ceria. Apa ini karena aku orang Asia?",temen temenku ceria asia bukan arti asia latar belakang alam tantang sendiri masuk sehat mental faktor tekan pengaruh suasana hati depresi pilih pilih dengerin,-1,0,0.8030328,True,high
1842,Aku nggak yakin apa yang aku rasain ini depresi atau cuma sedih biasa. Gimana cara bedainnya?,yakin rasain depresi sedih bedainnya bagus sedih sebentar picu depresi langsung lama minimal minggu sulit nikmat hidup susah lelah terus detail rasain pikirin bareng,-1,0,0.8432757,True,high
1843,"Kalau aku nggak cerita ke orang lain soal perasaanku, apa itu bakal bikin depresi?",depresi simpan sendiri beban berat langsung depresi depresi muncul faktor stres tumpuk kurang dukung sosial dengerin judging,-1,12,0.81278723,True,high
1844,Aku merasa hidupku nggak berarti. Apa ini normal buat remaja?,hidup arti remaja sedih denger muncul masa remaja ubah tekan terus terus butuh dukung hidup arti yakin spesial pikirin bareng,-1,0,0.80673826,True,high
1846,"Aku takut kalau cerita ke orang lain, mereka bilang aku lemah. Apa yang harus aku lakuin?",takut lemah lakuin takut berani bukan lemah sehat mental penting sehat fisik nyaman dengerin takut situ,-1,2,0.82313406,True,high
1847,Aku dengar depresi itu cuma buat orang yang nggak kuat mental. Bener nggak sih?,dengar depresi kuat mental mitos depresi bukan kuat lemah mental kondisi sehat alami siapa demam faktor pengaruh stres bahkan biologi perlu malu down,-1,12,0.80391276,True,high
1849,"Aku ngerasa lingkunganku toxic, apa itu bisa bikin aku depresi?",ngerasa toxic depresi toxic penuh tekan dukung pengaruh sehat mental salah faktor risiko depresi down penting lindung diri tempat nyaman toxic dengerin,-1,0,0.8261955,True,high
1850,"Aku nggak suka ngomongin perasaanku, apa itu bikin aku susah sembuh dari depresi?",ngomongin susah sembuh depresi ngomongin simpan sendiri tambah berat percaya bahkan ringanin beban langsung kecil nyaman ngomongin dengerin,-1,0,0.77548033,True,high
1851,Aku merasa nggak ada yang peduli sama aku. Gimana caranya biar nggak merasa gitu?,peduli tahu berat peduli yakin peduli nunjukinnya kecil percaya nemenin sendiri,-1,11,0.7256365,True,high
1852,Aku pengen kabur aja dari hidupku sekarang. Apa itu solusi yang bagus?,kabur hidup solusi bagus lari kabur solusi tahu kabur pikirin kecil ngatasinnya lari pikirin bareng,-1,0,0.73555624,True,high
1854,"Aku kadang merasa nggak ada harapan, kayak hidupku nggak akan berubah. Ini kenapa ya?",harap hidup ubah harap muncul tekan berat arti salah berat tekan sosial kecil temen terus bicara profesional,-1,0,0.8273524,True,high
1856,"Aku pernah dihina karena ras aku, dan sekarang aku takut ketemu orang baru. Gimana cara ngatasinya?",hina takut ngatasinya alam hina sakit takut tahu temen dekat keluarga pelan pelan tempat nyaman takut terus ganggu bicara konselor dukung,-1,0,0.8100927,True,high
1857,"Aku punya banyak pasangan seks, dan aku nggak tahu kenapa aku ngelakuin ini. Apa aku salah?",pasang seks tahu ngelakuin salah salah penting tahu perilaku kait kosong tekan nyaman nyaman bicara konselor perspektif penting jaga sehat lindung siap denger,-1,0,0.8178489,True,high
1858,"Aku merasa hidupku nggak akan lama, jadi aku nggak peduli sama apa yang aku lakuin. Ini normal nggak?",hidup lama peduli lakuin muncul bawah tekan sehat harga hidup penting tahu begini alam bicara konselor harap dukung,-1,0,0.84625363,True,high
1860,"Aku nggak suka sama lingkunganku, tapi aku nggak bisa pindah. Aku harus gimana biar nggak stres?",pindah stres tinggal nyaman emang berat pindah ruang kecil kamar dekorasi giat luar senang temen suportif stres berat konselor siap denger kapan,-1,0,0.8242556,True,high
1865,"Aku tinggal di lingkungan yang agak susah, banyak tekanan. Apa ini bisa bikin aku depresi?",tinggal susah tekan depresi tinggal penuh tekan pengaruh sehat mental tekan miskin ketidakamanan tekan sedih panjang sendiri penting percaya,-1,0,0.79453725,True,high
1866,Aku kadang merasa nggak punya kendali atas hidupku. Gimana caranya biar aku nggak gampang down?,kendali hidup gampang down kendali lelah kecil kendali diri sendiri stuck pikirin solusi bareng kecil,-1,0,0.7963133,True,high
1870,"Aku merasa orang-orang di sekitarku nggak ngertiin aku, apalagi soal ras atau budaya. Ini bikin aku stres. Apa yang harus aku lakuin?",ngertiin stres lakuin erti identitas stres harga alam rupa dukung dekat,-1,0,0.80697006,True,high
1871,"Aku pengen berhenti merasa cemas, tapi kayaknya susah banget. Ada saran nggak?",henti cemas susah saran kurang cemas gampang udah berani jalan keluar teknik sederhana lama detik tahan detik keluar lama detik laku beberapa cemas picu cemas bareng,-1,0,0.8125108,True,high
1875,Aku merasa nggak ada yang peduli sama aku. Apa aku harus berubah biar orang suka?,peduli ubah peduli ubah perhati datang diri dukung begini pikirin harga,-1,5,0.7838334,True,high
1878,Aku dengar banyak orang pakai antidepresan sekarang. Apa bener itu?,dengar antidepresan antidepresan tingkat drastis data tunjuk hampir lipat akhir wanita pria bulan perlu mikir obat butuh faktor tekan sosial,-1,12,0.7241466,True,high
1880,Aku lihat iklan obat di TV yang bilang bisa bikin hidupku lebih bahagia. Harusnya aku coba nggak?,iklan obat hidup bahagia iklan emang obat solusi ajaib hati hati obat cocok situasi hidup uang mending obrolin bahagia,-1,0,0.72112364,True,high
1881,"Aku merasa hidupku nggak bahagia, apa aku punya gangguan mental?",hidup bahagia ganggu mental bahagia alami siapa arti ganggu mental tekan hidup kerja ngerasa tahu semangat kecil,-1,0,0.83928806,True,high
1883,Banyak orang bilang kesehatan mental itu cuma soal pikiran. Bener nggak sih?,sehat mental simpel sehat mental pengaruh sosial ekonomi bahkan tempat hidup penasaran,-1,12,0.660868,True,high
1886,"Emilia, apa sih bedanya gangguan mental sama stres biasa?",ganggu mental stres bagus stres reaksi hadap tekan hidup deadline konflik ganggu mental intens langsung lama ganggu fungsi depresi cemas ngerasa alami bedain bareng,-1,0,0.8243865,True,high
1888,Aku pengen punya banyak uang biar hidupku nggak susah. Emang bener nggak sih uang bisa bikin bahagia?,uang hidup susah emang uang bahagia uang kurang stres butuh makan sehat bahagia situ tuju pengaruh hidup bahagia uang,-1,0,0.7877228,True,high
1890,"Aku nggak kerja sekarang, dan rasanya aku nggak berguna. Gimana caranya biar aku nggak merasa gini?",kerja kerja hilang arah nilai kerja aktivitas kecil produktif,-1,10,0.6633543,True,high
1891,"Orang tuaku bercerai waktu aku kecil, dan sekarang aku susah percaya sama orang. Apa ini normal?",cerai kecil susah percaya alam sulit percaya pisah ninggalin luka pengaruh dewasa sendiri perlahan hati susah percaya dengerin,-1,0,0.7908455,True,high
1892,Aku sering merasa sedih tanpa alasan. Apa ini cuma perasaan biasa atau ada yang salah sama aku?,sedih alas salah sedih alas arti salah perhatiin pola hidup bicara konselor sedih,-1,0,0.72323024,True,high
1894,Aku merasa orang-orang cuma manfaatin aku. Gimana caranya biar aku nggak gampang percaya?,manfaatin gampang percaya percaya muncul sakit penting jaga batas nutup diri total situasi manfaat curiga,-1,0,0.83139795,True,high
1895,"Aku pengen berhenti kerja, tapi takut nggak punya penghasilan. Apa aku harus tahan aja?",henti kerja takut hasil tahan putus bimbang henti kerja lega uang perlu dipikirin henti rangin stres kerja,-1,0,0.7939683,True,high
1897,Kenapa aku merasa makin nggak percaya sama orang lain seiring waktu? Aku takut banget dikhianati.,makin percaya iring takut khianat percaya muncul alam waspada isolasi kecil terlalu pribadi ringan,-1,0,0.7670342,True,high
1900,Aku ngerasa orang-orang di sekitarku nggak bisa dipercaya. Apa aku harus cuek aja sama mereka?,ngerasa percaya cuek percaya capek cuek total malah sepi tulus pelan pelan susah pikirin ngecek datang alam,-1,0,0.7851598,True,high
1901,Aku takut banget kalau nanti tua aku nggak bahagia. Gimana caranya aku siapin diri dari sekarang?,takut bahagia siapin diri khawatir masa depan nyiapin diri hidup imbang jaga sehat nabung kuat dekat turut tenang masa depan,-1,2,0.7868675,True,high
1902,Aku merasa nggak punya tujuan hidup. Setiap hari kayak cuma lewat aja. Apa yang salah sama aku?,tuju hidup lewat salah penasaran neng walaupun kecil excited sebentar,-1,2,0.7077248,True,high
1903,"Aku ngerasa hidupku nggak adil, kayak semua hal buruk selalu datang ke aku. Gimana aku ngatasin perasaan ini?",ngerasa hidup adil datang ngatasin adil down sisi kecil hidup jalan sederhana positif terus percaya ringanin curhat,-1,0,0.8047855,True,high
1904,"Aku pengen kabur aja dari semua ini, hidupku terlalu berat. Apa salah kalau aku menyerah?",kabur hidup terlalu berat salah serah denger tekan gampang serah jalan keluar khawatir malah susah kecil ringanin beban berat,-1,11,0.77662164,True,high
1906,Aku ngerasa nggak punya siapa-siapa yang peduli sama aku. Apa aku memang ditakdirkan sendiri?,ngerasa siapa siapa peduli takdir sendiri sendiri berat denger butuh koneksi takdir sendiri temen keluarga pelan pelan gabung kecil dengar,-1,0,0.8113384,True,high
1908,Aku merasa nggak berguna karena nggak punya kerjaan tetap. Gimana aku bisa ngerasa lebih baik?,kerja tetap ngerasa kerja tetap down definisi nilai terampil aktivitas produktif,-1,10,0.701372,True,high
1909,"Aku takut banget sama masa depan, apalagi lihat dunia kayak gini. Apa aku harus pasrah aja?",takut masa depan pasrah takut masa depan ketidakpastian pasrah total hilang harap kontrol jaga sehat rencanain kecil tuju capai tahun depan,-1,2,0.79108346,True,high
1910,"Aku merasa gampang marah akhir-akhir ini, apa ini karena aku stres gara-gara berita terorisme?",gampang marah akhir akhir stres gara gara berita terorisme stres berita takut terorisme mudah marah gelisah tubuh reaksi ancam perhati kapan marah picu bareng ngelola emosi olahraga ringan meditasi,-1,0,0.78647435,True,high
1912,"Aku merasa bersalah karena nggak kena dampak langsung, tapi tetap stres. Apa ini aneh?",salah kena dampak langsung tetap stres aneh aneh sekali stres kena dampak langsung manusia empati salah tunjuk peduli energi positif sayang aktivitas ringan,-1,0,0.8319933,True,high
1913,Aku pengen kabur dari kenyataan ini. Apa itu wajar?,kabur nyata kabur berat lari nyata hadap pelan pelan bareng ngelakuin kendali beres beres rencana kecil,-1,11,0.78054553,True,high
1914,"Aku merasa nggak berguna karena cuma bisa takut, nggak ngapa-ngapain.",takut paham stuck takut manusia emosi kecil daftar syukur sederhana daya bareng,-1,2,0.8064744,True,high
1916,Aku nggak tahu kenapa aku sedih terus setelah baca berita buruk. Apa aku aneh?,tahu sedih terus baca berita aneh aneh sekali berita sedih empati peduli sedih bareng ngatasinnya ngelakuin senyum,-1,0,0.7349901,True,high
1919,"Aku merasa nggak bisa ngapa-ngapain setelah kehilangan pekerjaan. Aku lelet banget sekarang, kenapa gitu?",hilang kerja lelet hilang kerja berat down lambat depresi ringan kecil jalan kaki sebentar tahu sulit yakin kecil daftar giat bareng,-1,0,0.8111664,True,high
1920,Aku ngerasa nggak ada yang peduli sama aku setelah kejadian buruk di hidupku. Apa yang salah?,ngerasa peduli hidup salah paham sendiri bukan arti peduli tahu dukung takut salah ngomong percaya butuhin didengerin,-1,0,0.7663165,True,high
1921,"Emilia, aku pengen balas dendam sama orang yang bikin aku trauma. Itu wajar nggak?",balas dendam trauma marah sakit hati manusiawi balas dendam luka batin sembuh malah jebak masa energi kuat peduli marah kuat sehat ngeluarin emosi,-1,0,0.78566396,True,high
1922,Aku ngerasa hidupku nggak akan pernah normal lagi setelah kejadian buruk. Apa aku salah?,ngerasa hidup salah salah ubah arti bukan balik kecil senang kecil tuju,-1,5,0.8335335,True,high
1925,"Aku takut ketemu orang setelah kejadian buruk. Aku harus maksa diri ketemu orang, nggak?",takut maksa diri perlu maksa diri siap butuh interaksi kecil lewat chat nyaman dukung kecil,-1,0,0.75785553,True,high
1927,"Emilia, aku ngerasa orang-orang nggak ngerti apa yang aku alami. Aku harus jelasin terus, nggak?",ngerasa alami jelasin terus tahu frustrasi paham wajib jelasin pilih nyaman cukup bukan salah dengerin kapan,-1,0,0.7862862,True,high
1929,"Aku pengen coba cari bantuan, tapi takut ditolak. Apa yang harus aku lakukan?",takut tolak laku takut tolak pertama udah reputasi pusat sehat khawatir siap catat butuh daftar,-1,0,0.7530836,True,high
1930,Aku merasa capek banget ngurusin masalah mentalku. Ada cara biar nggak kewalahan?,capek ngurusin mental kewalahan tahu berat salah beban dukung kelompok minta profesional atur rencana awat daftar prioritas kecil terlalu overwhelming,-1,0,0.8043462,True,high
1932,Aku merasa nggak ada harapan buat aku. Apa gunanya coba-coba perawatan?,harap awat tahu harap jauh udah kuat recovery sembuh total momen momen kecil hidup kecil bareng jalan jalan sebentar,-1,0,0.7429297,True,high
1934,"Emilia, aku merasa nggak ada yang peduli sama aku. Aku harus apa?",peduli tahu berat peduli harga luar sana dukung kelompok dukung,-1,0,0.71600276,True,high
1936,Apa sih yang bikin orang akhirnya memutuskan buat ke terapis?,akhir putus terap putus terap ngerasa udah ngatasin sendiri nyaranin paham mikir nyoba,-1,11,0.7271181,True,high
1938,Aku ngerasa hidupku nggak ada artinya. Apa yang salah sama aku?,ngerasa hidup arti salah sedih denger ngerasa salah muncul jebak situasi berat numpuk ngerasa begini dengerin saran kecil awal,-1,11,0.74809253,True,high
1939,Aku denger orang bilang kesehatan mental cuma buat orang lemah. Bener nggak sih?,denger sehat mental lemah mitos sehat mental ngurus diri sendiri ngurus sehat fisik butuh berani ngaku peduli sehat mental justru tunjuk kuat bukan lemah,-1,0,0.79823244,True,high
1940,Aku ngerasa orang di sekitarku nggak akan ngerti kalau aku bilang aku stres. Harus apa?,ngerasa stres enak ngerasa sendiri turut paling percaya bahasa sederhana ngerasa overwhelmed suportif,-1,0,0.7176281,True,high
1945,"Aku merasa sulit percaya sama orang lain, apalagi soal masalah mentalku. Gimana caranya aku bisa lebih terbuka?",sulit percaya mental paham diri gampang udah kecewa kecil temen dekat keluarga susah nulis jurnal dengerin kapan,-1,0,0.79981375,True,high
1947,Aku ngerasa nggak normal karena sering sedih. Apa ini salah?,ngerasa sedih salah sedih salah ngerasa tekan sedih dengerin saran kecil ringanin,-1,0,0.7109513,True,high
1949,Aku ngerasa hidupku penuh tekanan karena statusku sebagai minoritas. Ada cara buat ngurangin stres ini?,ngerasa hidup penuh tekan status minoritas ngurangin stres tekan status minoritas nyata lelah aktivitas tenang meditasi olahraga temen tekan berat profesional paham konteks dengerin,-1,0,0.83524334,True,high
1950,Aku merasa nggak punya kuasa atas hidupku. Apa layanan kesehatan mental bisa bantu aku merasa lebih kuat?,kuasa hidup sehat mental kuat kuasa berat senang dekat sehat mental model daya ngambil kendali hidup lewat dukung psikologis sosial bahkan advocacy ngobatin gejala tahu program daya dekat lanjut begini,-1,0,0.8182719,True,high
1951,Aku kadang pengen lari aja dari semua masalahku. Apa itu wajar?,lari lari hidup berat lari nunda nunda hadap ngobrolin kecil lari dengerin,-1,11,0.7772268,True,high
1953,Aku merasa hidupku nggak ada artinya. Apa layanan kesehatan mental bisa bantu?,hidup arti sehat mental sedih denger senang sehat mental utama dekat daya sejahtera sosial nemuin makna lewat dukung psikologis proses instan lanjut begini dengerin,-1,0,0.82156044,True,high
1955,Aku merasa masyarakat cuma mau aku ‘normal’ biar nggak ganggu. Apa bener gitu?,masyarakat ganggu masyarakat pandang sempit tekan mikir nerima versi diri bukan tahu tekan,-1,0,0.76759493,True,high
1961,"Emilia, apa sih gangguan mental itu sebenarnya?",ganggu mental ganggu mental kondisi jalan mesti emosi perilaku derita sulit jalan hidup sedih hidup ganggu sedih hilang ganggu fungsi ganggu sulit cemas alas jelas,-1,0,0.76295555,True,high
1963,Kenapa sih orang bisa dianggap punya gangguan cuma karena perilakunya beda dari yang lain?,anggap ganggu perilaku perilaku otomatis ganggu ganggu anggap perilaku derita tekan jalan hidup sulit kerja jaga bukan doang hidup ganggu fungsi diri,-1,0,0.7695145,True,high
1966,"Aku pernah coba berantem sama temen, apa itu artinya aku punya gangguan?",antem temen arti ganggu antem temen sekali sekali arti ganggu konflik emosi antem sendiri luka tahu gampang marah antem,-1,0,0.71021897,True,high
1967,"Emilia, kenapa sih aku nggak bisa berhenti khawatir soal masa depan?",henti khawatir masa depan khawatir masa depan ketidakpastian khawatir susah tidur susah cemas terus butuh ngelola stres paling khawatir solusi kecil kecil bareng,-1,0,0.7875924,True,high
1968,"Aku suka ngelakuin hal-hal berbahaya biar merasa hidup, apa itu salah?",ngelakuin bahaya hidup salah sensasi lewat bahaya salah hidup risiko waspada kosong ngelakuin bahaya,-1,0,0.68010664,True,high
1969,"Emilia, aku pernah nyanyi-nyanyi sendiri pas sedih, apa itu aneh?",sendiri sedih aneh sendiri sedih aneh ngeluarin emosi nenangin diri kecil sedih terlalu lanjut sedih,-1,0,0.7404583,True,high
1971,"Emilia, aku nggak bisa berhenti mikirin kematian, apa itu normal?",henti mikirin mati mikirin mati sekal situasi renung muncul terus cemas susah jalan mikirin mati,-1,0,0.7574373,True,high
1972,"Aku suka nyanyi di tempat umum biar orang perhatikan, apa itu salah?",tempat umum perhati salah tempat umum perhati salah konteks nyaman laku terus,-1,0,0.7049266,True,high
1976,Aku merasa hidupku nggak berarti karena aku nggak bisa kerja kayak orang lain. Gimana caranya biar aku nggak merasa gini?,hidup arti kerja berat nilai hidup kerja kecil kerja kerja program dukung tantang sehat mental,-1,0,0.7456769,True,high
1978,Aku nggak punya temen karena orang bilang aku aneh. Gimana caranya biar aku punya temen?,temen aneh temen tahu teman sulit aneh paham kelompok dukung obrol kecil tunjuk diri unik harga,-1,0,0.75815684,True,high
1979,Aku merasa hidupku nggak ada gunanya karena aku cuma nyusain orang. Ada cara nggak biar aku nggak gini?,hidup nyusain sedih dengar begini nyusain siapa nilai masuk kecil temen rawat tanam terus profesional sisi positif diri ingetin betapa harga,-1,0,0.8326007,True,high
1980,Aku merasa nggak bisa ngapa-ngapain karena gangguan mentalku. Apa aku cuma beban buat orang lain?,ganggu mental beban tahu berat bukan beban ganggu mental sulit arti nilai potensi kecil peduli suportif layak dukung,-1,0,0.8419379,True,high
1982,Aku pengen nyanyi di jalanan biar orang takut sama aku. Apa itu salah?,jalan takut salah ekspresiin takut bukan tunjuk salur emosi positif hibur diri sendiri seni solusi bareng,-1,0,0.82853186,True,high
1986,"Aku pengen njem duit biar lupa sama masalahku, itu ide bagus nggak?",njem duit lupa bagus nyari lari beban duit sampe bablas favorit lupa dengerin,-1,11,0.7101838,True,high
1987,"Emilia, aku kadang pengen nyerah aja sama masalah mentalku. Apa salah kalau aku menyerah?",nyerah mental salah serah tahu berat nyerah lelah serah bukan solusi dukung begini dengerin jalan ringan,-1,0,0.78215563,True,high
1988,"Aku sering merasa sendiri dan kayak nggak punya tempat tinggal yang aman. Ini bikin aku stres banget, ada saran nggak?",sendiri tempat tinggal stres saran berat sendiri tempat dengerin beberapa kecil program nyediain tempat tinggal dukung sulit beberapa tempat khusus situasi dapetin tempat tinggal detail situasi pikirin opsi cocok,-1,1,0.7462412,True,high
1993,"Aku ngerasa nggak punya kendali atas hidupku, kayak semuanya diatur orang lain. Apa yang bisa aku lakukan?",ngerasa kendali hidup atur laku frustrasi hidup kontrol kecil kendali putus sederhana ngomong konselor nemuin kendali perlahan lahan kuasa,-1,0,0.8304181,True,high
1999,"Aku merasa ga dihargai di kerjaan, Emilia. Semua keputusan kayaknya cuma soal uang, bukan soal klien. Aku harus gimana?",harga kerja putus uang bukan klien berat kerja harga ruang rapat diskusi makna interaksi kecil klien ingat pilih kerja rekan kerja,-1,10,0.7215282,True,high
2000,"Emilia, aku pengen berhenti aja dari pekerjaan ini. Terlalu banyak tekanan, dan aku ga merasa bisa bantu klienku lagi. Apa aku salah?",henti kerja terlalu tekan klien salah salah lelah henti manusiawi putus begini beban kerja istirahat jenak konsultasi percaya putus detail,-1,0,0.7792996,True,high
2008,"Emilia, aku kadang pengen ga peduli lagi sama klienku karena tekanan kerja terlalu berat. Apa aku orang jahat karena mikir gitu?",peduli klien tekan kerja terlalu berat jahat mikir jahat kewalahan manusiawi tekan hadap butuh istirahat recharge luangin diri sendiri terus perspektif,-1,0,0.82381076,True,high
2012,"Emilia, aku merasa kerjaanku ga berarti lagi karena semua keputusan diatur sama sistem. Aku harus apa biar ga putus asa?",kerja arti putus atur putus dengar betapa berat situasi ingat momen momen kecil ubah klien lewat obrol kecil dukung rekan kerja temen ngingetin pilih kerja semangat,-1,0,0.8102591,True,high
2015,"Emilia, aku merasa sangat lelah secara emosional di tempat kerja, kayaknya aku nggak bisa ngasih yang terbaik buat klienku. Apa yang salah sama aku?",lelah emosional tempat kerja ngasih klien salah salah kerja libat emosi ngurusin capek nama emotional exhaustion detail begini bareng ngurangin beban,-1,0,0.7987474,True,high
2016,Aku ngerasa organisasi tempatku kerja tuh nggak sesuai sama nilai-nilai yang aku pegang. Ini bikin aku stres banget. Gimana caranya aku hadapin ini?,ngerasa organisasi tempat kerja sesuai nilai nilai pegang stres hadapin berat nilai jalan tempat kerja nyaman bahkan stres pikirin ngomongin ruang kecil kerja sesuai nilai,-1,0,0.77775294,True,high
2018,"Aku ngerasa nggak dihargain di kerjaan, kayak usahaku buat bantu orang lain sia-sia. Ini bikin aku males ngapa-ngapain. Normal nggak sih?",ngerasa dihargain kerja usaha males ngerasa kerja anggap motivasi turun kecil kerja bangga temen kerja naikin semangat,-1,11,0.785656,True,high
2019,"Emilia, aku takut banget buat tes HIV. Aku tahu penting, tapi aku nggak siap kalau hasilnya buruk. Aku harus gimana?",takut tahu penting siap hasil takut cemas ketidakpastiannya tahu status justru tepat lanjut takut tenang,-1,0,0.78698736,True,high
2021,Aku ngerasa capek banget ngurusin emosi orang lain di kerjaan. Kadang aku ngerasa nggak punya tenaga lagi. Ini kenapa ya?,ngerasa capek ngurusin emosi kerja ngerasa tenaga ngalamin emotional exhaustion kerja ngurus emosi emang berat paling capek istirahat atur batas,-1,11,0.72486234,True,high
2022,Aku ngerasa nggak ada gunanya tes HIV karena toh nggak ada obatnya. Buat apa capek-capek?,ngerasa obat capek capek ngerasa putus awat hidup sehat lama awal tahu butuhin jelasin lanjut awat,-1,0,0.84472156,True,high
2023,"Emilia, aku ngerasa kerjaanku sekarang cuma soal ngurusi biaya, bukan bantu orang. Aku nggak suka gini. Apa yang harus aku lakuin?",ngerasa kerja ngurusi biaya bukan lakuin frustrasi kerja sesuai tuju awal kecil kerja ngerasa makna pikirin ngomongin ubah,-1,11,0.7916582,True,high
2025,Aku ngerasa nggak bisa ngontrol apa-apa di kerjaan. Semua diatur orang lain. Ini bikin aku stres. Apa yang salah?,ngerasa ngontrol kerja atur stres salah ngerasa kontrol stres atur kerja leluasa pikirin kecil kendaliin,-1,0,0.7840007,True,high
2026,"Emilia, aku ngerasa nggak bangga lagi sama kerjaanku. Dulu aku suka bantu orang, sekarang nggak. Aku harus apa?",ngerasa bangga kerja sedih denger bangga kerja ubah kerja ngerasa ubah balikin bangga,-1,0,0.70675355,True,high
2029,"Aku ngerasa hidupku nggak ada harapan gara-gara HIV. Aku cuma pengen nyerah. Emilia, tolong aku.",ngerasa hidup harap gara gara nyerah sedih denger ngerasa putus berat sendiri hidup berkat awat dukung lanjut profesional bareng,-1,11,0.7563142,True,high
2030,Aku merasa nggak punya siapa-siapa buat cerita soal HIV-ku. Sendirian banget rasanya.,siapa siapa sendiri tahu sepi enak bicara sendiri kelompok dukung sana alami siap langsung forum tahu cocok,-1,0,0.7667165,True,high
2032,Aku sering sedih banget karena banyak temenku yang meninggal gara-gara AIDS. Gimana aku bisa move on?,sedih temenku tinggal gara gara aids move hilang teman aids sakit sedih luang kenang arti surat giat hormat sedih berat kelompok dukung konselor proses duka kenang teman teman,-1,0,0.7819382,True,high
2033,Aku merasa depresi gara-gara HIV. Apa ini cuma aku yang ngerasain?,depresi gara gara sendiri alami depresi entah diagnosis stigma ubah hidup arti lemah manusia bicara dokter konselor awat terapi obat depresi,-1,12,0.81566614,True,high
2035,Aku takut kalau nanti aku mati gara-gara HIV. Apa yang harus aku lakuin biar nggak cemas terus?,takut mati gara gara lakuin cemas terus takut mati nyata awat haart udah hidup sehat lama kontrol awat jaga sehat cemas meditasi konseling teknik relaksasi,-1,0,0.82448614,True,high
2037,Aku merasa nggak berharga karena aku punya depresi. Apa aku emang gagal?,harga depresi emang gagal sayang gagal sekali depresi kondisi alami bukan definisi diri harga kecil bukti kuat,-1,0,0.8103082,True,high
2038,Aku kadang pengen nyanyi keras-keras biar stres ilang. Itu aneh nggak?,stres ilang aneh haha aneh sekali asyik lepasin stres lega cocok bareng,-1,11,0.7188889,True,high
2039,Aku pengen kabur aja dari semua masalahku. Apa itu salah?,kabur salah kabur kewalahan kabur numpuk hadapin lari dengerin,-1,11,0.691412,True,high
2044,Aku ngerasa temenku ngejauhin aku karena aku cerita soal depresi. Apa salah aku cerita?,ngerasa temenku ngejauhin depresi salah salah sekali jujur berani temenmu ngejauhin tahu nanggapin pelan pelan suportif ngobrolnya,-1,0,0.7227023,True,high
2046,Aku merasa orang-orang di sekitarku memandangku aneh karena aku pernah dirawat di rumah sakit jiwa. Apa yang bisa aku lakukan?,pandang aneh rawat sakit jiwa laku paham hakim berat stereotip negatif kurang paham sehat mental dekat percaya paham terlalu tekan dukung kuat diri sendiri nikmat bangga,-1,0,0.86585534,True,high
2047,Aku merasa dikucilkan di kantor setelah orang tahu aku punya depresi. Aku harus apa?,kucil kantor tahu depresi sedih frustrasi kucil adil kurang paham depresi bicara percaya situasi tahu bijak lindung luar teman kelompok dukung luar kantor terima kantor,-1,0,0.8129586,True,high
2048,Aku merasa gak layak dapat kerjaan bagus karena aku punya riwayat gangguan jiwa. Bener gak sih pikiranku ini?,layak kerja bagus riwayat ganggu jiwa tahu muncul riwayat ganggu jiwa mampu nilai diri alam rupa sukses kerja cinta kerja inklusif bicara konselor karier percaya diri layak,-1,0,0.76842403,True,high
2050,Orang bilang gangguan mentalku karena aku lemah. Bener gak sih itu?,ganggu mental lemah sekali ganggu mental bukan lemah sakit fisik bukan lemah sehat bukan karakter kurang paham kuat hadap jauh ragu diri sendiri dukung,-1,0,0.81732595,True,high
2052,Aku ngerasa gak ada yang peduli sama aku karena aku punya gangguan mental. Apa aku salah ngerasa gini?,ngerasa peduli ganggu mental salah ngerasa valid sedih stigma jauh bukan layak cinta peduli perlu sendiri dengerin,-1,0,0.79874015,True,high
2054,Aku ngerasa nggak berguna banget akhir-akhir ini. Normal nggak sih gitu?,ngerasa akhir akhir waduh berat muncul down tekan sendiri ngerasa ngerasa begini dengerin,-1,0,0.66923684,True,high
2056,"Aku sering mikirin kematian, apa itu normal?",mikirin mati mati muncul utama stres hilang takut gelisah tahu mikirin lanjut,-1,0,0.7906347,True,high
2062,"Aku ngerasa kalo aku mati, mungkin lebih baik. Apa yang harus aku lakuin?",ngerasa kalo mati lakuin sedih denger ngerasa khawatir serius tahu harga percaya profesional psikolog lanjut dengerin dapet tepat ngerasa,-1,0,0.81520224,True,high
2063,Kenapa aku ngerasa sedih padahal nggak ada apa-apa?,ngerasa sedih padahal sedih alas jelas ubah tubuh stres bahkan depresi ngerasa capek susah tidur saran,-1,0,0.7376321,True,high
2064,Aku nggak bisa berhenti mikirin hal buruk yang mungkin terjadi. Gimana caranya berhenti?,henti mikirin henti terus terus capek cemas lakuin teknik sederhana khawatir terus pikirin solusi khawatir,-1,0,0.76072204,True,high
2065,Aku ngerasa kalo semua yang aku lakuin salah. Apa aku emang gagal?,ngerasa kalo lakuin salah emang gagal gagal lakuin salah muncul down tekan inget kecil bangga ingetin betapa,-1,2,0.80427176,True,high
2066,Aku nggak suka ngeliat diri sendiri di cermin. Apa itu wajar?,ngeliat diri sendiri cermin ngeliat diri sendiri cermin percaya diri ngerasa sedih sekal tahu ngerasa ngeliat cermin dengerin,-1,0,0.70015687,True,high
2071,"Aku ngerasa hidupku nggak ada artinya, apa yang salah sama aku?",ngerasa hidup arti salah sedih denger ngerasa muncul bukan arti salah tekan hilang arah begini kecil semangat laku dekat,-1,0,0.8274828,True,high
2072,Kenapa aku susah banget fokus? Pikiranku kayak nggak bisa diam.,susah diam susah frustrasi penuh sulit konsentrasi perlu perhati kecil matiin notifikasi atur profesional tahu,-1,0,0.8147948,True,high
2073,"Aku takut banget sama anjing, padahal orang bilang itu cuma fobia. Harusnya aku bisa ngatasin sendiri, kan?",takut padahal fobia ngatasin sendiri fobia bukan anggap remeh takut nyata butuh ngatasinnya sendiri kenal pelan pelan jinak bareng temen situasi dukung,-1,0,0.7476937,True,high
2077,Aku ngerasa nggak bisa bahagia kayak orang lain. Apa aku broken?,ngerasa bahagia broken sedih denger ngerasa broken bandingin diri padahal juang sendiri kecil senyum makan makan favorit hilang yakin harga,-1,0,0.7752619,True,high
2078,"Aku suka nyanyi keras-keras biar lupa masalah, tapi temen bilang itu aneh. Apa bener?",lupa temen aneh haha seru ngatasin stres aneh temen penting lanjutin berat dengerin,-1,11,0.7879939,True,high
2083,"Aku takut kalau gangguan mentalku ini bakal bikin aku mati lebih cepat. Apa bener gitu, Emilia?",takut ganggu mental mati cepat khawatir tunjuk ganggu mental kait risiko mati awal faktor gaya hidup kurang akses awat sehat dukung tepat jalan hidup sehat takut,-1,0,0.7928076,True,high
2084,"Emilia, aku pengen tahu, apa sih yang bikin gangguan mental dianggap serius?",tahu ganggu mental anggap serius ganggu mental anggap serius dampak mampu fungsi kerja jaga data ganggu serius libat beberapa ganggu sekaligus langsung lama alamin nanya,-1,0,0.73699105,True,high
2085,"Aku kadang mikir, apa gangguan mentalku ini cuma karena aku lemah? Emilia, apa pendapatmu?",mikir ganggu mental lemah mikir ganggu mental bukan lemah kuat kombinasi faktor biologis alam hidup lemah alami justru tahan hadapin luar,-1,0,0.7936978,True,high
2086,"Emilia, aku dengar obat buat depresi itu cuma main-main sama kimia otak. Apa bener gitu?",dengar obat depresi main main otak obat depresi kerja atur neurotransmiter otak serotonin arti main main obat imbang otak kurang gejala respon terapi penting mikirin obat,-1,12,0.81166095,True,high
2087,"Emilia, aku sering dengar tentang neurotransmitter. Itu apa sih sebenarnya?",dengar neurotransmitter neurotransmitter kurir otak bawa pesan antar neuron otak komunikasi dopamine kait senang serotonin atur mood imbang pengaruh,-1,12,0.75082684,True,high
2088,Aku merasa otakku kayak nggak beres. Apa hubungan neuron sama perasaan cemas?,otak beres neuron cemas neuron otak saling lewat neurotransmitter komunikasi ganggu serotonin norepinephrine kurang imbang cemas tenang tahu otak rileks,-1,12,0.7675227,True,high
2089,"Emilia, kenapa sih aku susah banget keluar dari rasa sedih yang dalam?",susah keluar sedih sedih depresi kait kadar serotonin norepinephrine rendah otak bukan salah otak kompleks butuh ekstra terapi obat imbang dengerin,-1,12,0.74934053,True,high
2090,"Aku suka overthinking, apa otakku bermasalah?",overthinking otak overthinking seringkali pola otak terlalu neurotransmitter serotonin pengaruh cemas mindfulness teknik relaksasi bareng,-1,12,0.74546087,True,high
2091,"Emilia, kenapa obat antidepresan bisa bikin aku lebih baik?",obat antidepresan obat antidepresan ssri jaga serotonin lama sinaps otak komunikasi antar neuron lancar angkat mood obat bukan solusi rasain pikirin,-1,12,0.72057354,True,high
2092,Aku merasa hidupku nggak ada artinya. Apa otakku rusak?,hidup arti otak rusak berat sedih denger ngerasa bukan arti otak rusak neurotransmitter serotonin norepinephrine imbang depresi saranin profesional nemenin,-1,12,0.754528,True,high
2093,"Aku pengen coba obat biar nggak cemas, apa itu solusi terbaik?",obat cemas solusi obat solusi cemas kait neurotransmitter gaba serotonin obat imbang terapi bicara teknik relaksasi efektif saranin konsultasi dokter bahas rasain lanjut,-1,12,0.81396127,True,high
2094,"Aku ngerasa energi habis terus, apa ini gara-gara otakku?",ngerasa energi habis terus gara gara otak lelah terus terus kait masuk ketidakseimbangan norepinephrine pengaruh energi mood stres pola hidup detail rasain tahu energi,-1,12,0.75451493,True,high
2095,"Emilia, kenapa aku susah tidur dan selalu gelisah?",susah tidur gelisah susah tidur gelisah otak overaktif norepinephrine serotonin imbang tenang meditasi ringan susah perlu bicara profesional,-1,12,0.72738236,True,high
2097,"Aku nggak suka ngomong sama orang, apa otakku bermasalah?",ngomong otak ngomong arti otak butuh ruang sendiri cemas sosial kait serotonin nyaman,-1,0,0.7841233,True,high
2099,Aku sering ngerasa apa yang terjadi di masa lalu itu salahku. Kayaknya aku selalu bikin masalah. Apa aku emang orang yang buruk?,ngerasa masa salah emang diri sendiri sempurna ngerasa luar kendali murni faktor situasi lupa timbang detail bongkar bareng,-1,0,0.76060915,True,high
2101,Aku ngerasa nggak bisa percaya sama orang lain. Kayaknya semua orang cuma mau nyakitin aku. Aku salah nggak sih mikir gitu?,ngerasa percaya nyakitin salah mikir salah ngerasa kecewa sakit niat beneran peduli sempat kecil obrol ringan,-1,0,0.8070433,True,high
2106,Aku suka ngerasa semua orang bakal ninggalin aku. Aku takut banget sendirian. Apa yang bisa aku lakukan?,ngerasa ninggalin takut sendiri laku takut tinggal ngerasa hilang ninggalin beneran stay notice obrol percaya rasain,-1,2,0.7304845,True,high
2107,Aku ngerasa apa yang aku alamin di masa lalu itu bikin aku nggak layak dicintai. Aku salah nggak sih ngerasa gitu?,ngerasa alamin masa layak cinta salah ngerasa salah ngerasa masa lupa nilai ngerasa layak cinta hidup nunjukin peduli situ bukti harga,-1,0,0.7315091,True,high
2108,Aku ngerasa apa yang aku lakukan di masa lalu itu bikin aku nggak bisa punya hidup normal. Aku harus gimana?,ngerasa laku masa hidup masa ngerasa bayang susah lepas seluruh hidup kontrol tuju kecil hidup turut,-1,5,0.78606415,True,high
2109,Aku suka ngerasa aku nggak cukup baik buat orang-orang di sekitar aku. Aku takut mereka kecewa. Apa yang bisa aku lakukan?,ngerasa cukup takut kecewa laku cukup capek ngerasa kecewa sendiri harap nebak nebak sendiri,-1,2,0.70937824,True,high
2110,Aku ngerasa aku nggak bisa percaya sama diri sendiri. Kayaknya aku selalu bikin keputusan yang salah. Aku harus apa?,ngerasa percaya diri sendiri putus salah percaya diri sendiri putus salah putus kecil nyata lupa daftar putus hasil pilih,-1,2,0.7579857,True,high
2112,Aku ngerasa hidupku nggak akan pernah baik lagi karena apa yang terjadi dulu. Aku harus mulai dari mana?,ngerasa hidup paham stuck kecil hidup ngerasa ngopi pagi jalan jalan situ momen kecil ngerasa hidup arti,-1,0,0.751577,True,high
2121,Aku nggak bisa deket sama orang lain. Rasanya susah buka diri.,deket susah diri diri gampang kecewa kecil sederhana diri percaya pikirin topik,-1,0,0.8320937,True,high
2123,Aku pengen lari dari semua masalahku. Apa itu solusi yang bagus?,lari solusi bagus paham kabur lari numpuk hadap paling kecil lari pikirin kecil ngatasinnya bareng,-1,11,0.7676903,True,high
2124,Aku merasa nggak bisa ngapa-ngapain dengan benar. Aku benci diri aku sendiri.,benci diri sendiri sedih dengar susah kecil laku kecil bareng,-1,5,0.7425305,True,high
2128,"Kalau aku lagi di depan orang banyak, rasanya kayak semua orang notice aku gemetar. Gimana caranya biar nggak gitu?",depan notice gemetar nyaman sensasi datang terlalu diri sendiri ngerasa judge padahal seringkali terlalu perhati detail perhati bicarain depan teknik tenangin tubuh,-1,0,0.8217375,True,high
2131,Aku selalu overthinking setelah ngobrol sama orang. Kayak nyesel kenapa ngomong gitu. Normal nggak sih?,overthinking ngomong utama cemas sosial proses nama postevent processing ulang ulang situasi sosial kepala negatif cemas makin parah positif obrol ingat kemarin,-1,0,0.8057974,True,high
2133,Aku suka ngerasa nggak pantas buat ngobrol sama orang tertentu. Gimana cara ngatasinnya?,ngerasa pantas ngatasinnya pantas datang negatif diri sendiri ngerasa kurang banding cognitive reappraisal ubah pandang situasi ingetin diri sendiri kualitas diri,-1,0,0.7549004,True,high
2137,Aku takut banget orang lain notice aku cemas. Gimana biar nggak kelihatan?,takut notice cemas nyaman seringkali terlalu notice khawatir diri sendiri dibicarain lawan bicara teknik,-1,4,0.68551564,True,high
2138,Aku selalu ngerasa gagal setelah ngobrol sama orang. Apa aku emang nggak cocok buat sosial?,ngerasa gagal emang cocok sosial gagal muncul postevent processing cenderung negatif ubah nulis positif obrol momen jalan minggu,-1,0,0.7928655,True,high
2139,"Aku pengen coba ngobrol sama orang baru, tapi takut banget. Apa yang harus aku lakuin?",takut lakuin pikirin dekat exposure situasi terlalu takut sapa kasir rekan kerja rencana kapan,-1,0,0.7661975,True,high
2143,Aku takut banget kalau harus ngobrol sama orang baru. Apa aku harus maksa diri aja biar terbiasa?,takut maksa diri dengar takut paksa diri rencana tambah stres mending dekat arah tuju kecil kontrol nanya akhir pekan kemarin bukan bales hasil nanya daftar,-1,11,0.7994347,True,high
2145,Aku suka ngerasa gagal kalau orang nggak respon baik pas aku ngobrol. Apa salahku?,ngerasa gagal respon salah tahu enak respons sesuai harap respons sibuk mood ubah sukses bukan respons berani hasil nanya udah menang tuju kecil,-1,0,0.7876092,True,high
2148,"Aku ngerasa emosiku selalu kelihatan pas cemas, dan orang pasti ngejek. Gimana caranya biar nggak gitu?",ngerasa emosi cemas ngejek dengar khawatir seringkali notice emosi rasain cemas tetap lanjut obrol tuju nanya temen skenario nyaman,-1,0,0.81943613,True,high
2149,Aku suka ngelupain apa yang mau aku bilang pas cemas. Apa aku harus nyanyi aja biar nggak cemas?,ngelupain cemas cemas haha rileks bukan solusi cemas lupa daftar topik simpel film favorit daftar bareng siap,-1,0,0.7956863,True,high
2152,Aku ngerasa emosiku kacau banget pas ketemu orang yang aku suka. Apa aku harus hindari aja?,ngerasa emosi kacau hindar paham emosi kacau nyaman hindar ngerasa stuck kenal emosi rasain terus rasain emosi kabur kecil bayangin,-1,0,0.77699506,True,high
2156,Aku ngerasa cemas itu bikin aku nggak bisa apa-apa. Apa aku harus nyerah aja?,ngerasa cemas nyerah dengar betapa frustrasi nyerah bukan jalan cemas berat kecil nyapa nanya kecil menang rencana cemas kuasa bareng,-1,2,0.7881656,True,high
2157,"Aku suka banget nyanyi, tapi tiap habis nyanyi aku takut suaraku jelek dan orang-orang bakal ngejek. Apa aku harus berhenti nyanyi?",habis takut jelek ngejek henti bahagia takut pengin henti terlalu negatif mirip obsesi kurang diri muncul ganggu dismorfik tubuh pelan pelan hadap takut dukung,-1,0,0.8606064,True,high
2165,Aku suka ngerasa harus nyanyi lagu pelan-pelan biar nggak ada yang marah sama aku. Ini normal nggak?,ngerasa pelan pelan marah pengin pelan pelan marah kompulsif ganggu obsesif kompulsif bukan arti capek perlu takut marah,-1,8,0.75815046,True,high
2167,"Setiap kali aku mau keluar rumah, aku harus cek kunci pintu berkali-kali. Aku takut rumahku kebakaran kalau lupa. Normal nggak sih ini?",keluar kunci pintu takut bakar lupa dengar betapa lelah perilaku ulang bukan arti cemas kuat teknik nama cegah respons kurang frekuensi perlahan stres konsultasi terap kecil sekali,-1,0,0.8306114,True,high
2168,"Aku cuma ngerasa aman kalau semua barang di rakku rapi banget. Kalau nggak, aku panik. Apa ini wajar?",ngerasa barang rapi panik dengar stres atur rapi utama panik barang beranta otak terlalu kerapihan kecil panik rapi,-1,3,0.7756996,True,high
2169,"Aku merasa hidupku kacau karena harus ngulang-ngulang ritual. Aku pengen berhenti, tapi takut. Gimana caranya?",hidup kacau ngulang ngulang ritual henti takut paham betapa berat jebak ritual henti takut ritual lindung cemas terapi papar cegah respons tahap kurang ritual hadap takut ritual kecil dukung ritual paling kurang,-1,8,0.7394563,True,high
2170,"Aku takut kalau nggak ngelakuin ritual, sesuatu yang buruk bakal terjadi. Aku tahu ini nggak masuk akal, tapi susah berhenti. Apa yang harus aku lakukan?",takut ngelakuin ritual tahu masuk akal susah henti laku paham betapa susah lawan dorong tahu rasional ciri khas otak lakuin ritual tunda ritual sebentar kurang takut ritual paling susah lepas,-1,0,0.82036334,True,high
2172,Aku sering merasa takut kalau rumahku bakal kebakaran kalau aku nggak cek kompor berulang-ulang. Apa yang bisa aku lakukan?,takut bakar kompor ulang ulang laku ganggu dengar alami obsesif cemas catat berapa kompor picu tahan diri langsung tunda beberapa kendali terus ganggu bicara terap teknik papar cegah respons,-1,8,0.84597045,True,high
2173,Kadang aku bayangin hal buruk terjadi kalau aku nggak ngelakuin ritual tertentu. Gimana cara ngatasinnya?,bayangin ngelakuin ritual ngatasinnya stres muncul ganggu obsesif kompulsif salah hadap takut lewat imajinasi bayang skenario laku ritual cemas reda sendiri butuh berat terap teknik sebut papar imajinal,-1,8,0.8261206,True,high
2175,Aku merasa nggak bisa berhenti mikirin hal-hal buruk. Apa yang bisa aku lakukan?,henti mikirin laku terus muncul capek obsesi salah teknik papar hadap laku ritual usir baca ulang cemas kurang berat terap dekat struktur,-1,0,0.82086015,True,high
2177,Aku suka nyanyi-nyanyi dalam hati buat ngusir pikiran buruk. Itu wajar nggak?,hati ngusir paham nyaman ganggu macam ritual kompulsif perhati kapan laku picu tahan diri cemas bicara terap paham,-1,8,0.82414603,True,high
2181,Aku kadang bayangin orang yang aku sayang kena musibah kalau aku nggak ngelakuin ritual. Apa yang bisa aku lakukan?,bayangin sayang kena musibah ngelakuin ritual laku takut muncul ganggu obsesif kompulsif salah hadap bayang ulang ulang laku ritual cemas reda butuh berat terap teknik papar imajinal,-1,8,0.8492415,True,high
2185,Aku merasa bersalah kalau makan dessert setelah makan banyak. Apa aku terlalu keras sama diri sendiri?,salah makan dessert makan terlalu diri sendiri kedengerannya diri sendiri makan dessert salah nikmatin hidup salah muncul santai diri sendiri lanjut,-1,0,0.74216986,True,high
2189,"Aku merasa harus nyusun barang di mejaku supaya rapi banget. Kalau nggak, aku panik. Apa ini wajar?",nyusun barang meja rapi panik atur sampe panik rapi ngerasa ngelakuin cemas meja tahu,-1,11,0.71904653,True,high
2193,Aku cemas banget kalau nggak bales chat cepet. Kayak takut orang marah. Apa ini wajar?,cemas bales chat cepet takut marah perhati cemas sampe khawatir reaksi emang tekan diri sendiri marah takut marah,-1,0,0.7744439,True,high
2194,Aku takut banget kalau lupa matiin kompor. Sampe bolak-balik ngecek. Apa yang harus aku lakuin?,takut lupa matiin kompor sampe bolak balik ngecek lakuin capek bolak balik ngecek takut ngerasa ngecek ulang ulang catet berapa ngecek terus rangin pelan pelan alihin aktivitas ulang pikirin ngatasinnya,-1,8,0.7475882,True,high
2209,Aku ngerasa cemas bikin aku nggak bisa ambil keputusan. Apa yang harus aku lakuin?,ngerasa cemas putus lakuin cemas emang kepala penuh kabut susah putusin putus kecil pilih makan dinner kontra perlu atur putus pecah kecil putus urutin,-1,0,0.79916143,True,high
2214,"Aku suka kabur kalau mulai panik, apa itu salah?",kabur panik salah kabur takut takut tambah masa depan tahan situasi justru teknik relaksasi kurang panik,-1,0,0.78447664,True,high
2216,"Aku cemas soal anakku kalau aku sakit, sampe panik. Apa ini gangguan panik?",cemas anak sakit sampe panik ganggu panik cemas anak dengar generalized anxiety disorder khawatir sulit kontrol panik akibat cemas tumpuk cemas,-1,12,0.760532,True,high
2222,"Aku merasa panik karena aku nggak bisa kontrol tubuhku, apa itu normal?",panik kontrol tubuh hilang kontrol umum panic attack sensasi tubuh kuat hilang kontrol teknik grounding pegang benda dekat ajarin,-1,8,0.7223355,True,high
2225,"Kalau aku nggak khawatir, aku takut aku malah nggak belajar buat ujian. Itu aneh nggak?",khawatir takut malah aneh haha aneh khawatir bensin dorong khawatir stres khawatir rencana jelas atur jadwal siap panik jadwal bareng,-1,7,0.7597485,True,high
2226,"Aku merasa kesepian banget, tapi khawatir itu kayak ngalihin aku dari rasa sedih. Apa yang harus kulakukan?",sepi khawatir ngalihin sedih laku sedih denger sepi khawatir lari sedih luangin rasain hati rasain terus kecil neng telepon temen nonton film favorit sepi terus berat percaya dengerin sedih,-1,0,0.7683539,True,high
2228,"Aku ngerasa emosiku campur aduk, kayak marah, sedih, takut, semua barengan. Itu normal nggak?",ngerasa emosi campur aduk marah sedih takut bareng totally emosi dateng bareng pesta rame penting kenal emosi duduk sebentar terus ngerasa nulis rasain jelas campur aduk mindfulness emosi dateng pergi awan,-1,0,0.8037646,True,high
2238,Aku ngerasa nggak ada yang peduli sama aku. Apa aku harus pura-pura bahagia biar orang suka?,ngerasa peduli pura pura bahagia berat ngerasa perlu pura pura bahagia diri sendiri beneran peduli ngerasa peduli nyambung nyaman,-1,0,0.6947073,True,high
2239,Aku ngerasa bersalah terus karena nggak bisa bikin semua orang senang. Gimana caranya lepas dari ini?,ngerasa salah terus senang lepas senang peduli capek kontrol bukan kendali sesuai nilai salah nulis ngerasa,-1,0,0.8195582,True,high
2245,"Aku pengen nggak peduli apa kata orang, tapi susah. Gimana caranya?",peduli kata susah peduli omong bebas emang gampang ngingetin diri sendiri nentuin nilai bangga omong cemas obrolin bareng ringan kecil ngatasin,-1,11,0.75974566,True,high
2246,Aku ngerasa stres tiap ketemu orang baru. Apa aku antisosial?,ngerasa stres antisosial stres arti antisosial cemas nilai ringan nanya kabar bukan susah bareng nyaman alam,-1,0,0.8456002,True,high
2249,"Aku merasa cemas terus-terusan, kayak gak bisa kendalikan pikiran. Apa sih yang bikin aku begini?",cemas terus terus kendali begini cemas terus terus datang ketidakseimbangan emosi diri pola emosi sulit kendali malah takut detail cemas muncul,-1,8,0.74736446,True,high
2250,"Kadang aku takut banget sama perasaan sedihku sendiri, kayak gak akan pernah selesai. Normal gak sih ini?",takut sedih sendiri takut sedih berat stuck emosi perlu proses laku sedih datang bareng sendiri hadap,-1,2,0.7754103,True,high
2260,"Aku merasa emosi negatifku itu musuh. Harusnya aku lawan, kan?",emosi negatif musuh lawan emosi negatif bukan musuh enak ngasih tahu perlu diperhatiin lawan duduk bareng emosi rasain judge bareng,-1,0,0.79177433,True,high
2263,Aku cemas kalau harus buka diri sama orang lain. Apa harus dipaksa?,cemas diri paksa perlu paksa tambah cemas diri proses situasi nyaman kecil temen deket pelan pelan takut diri,-1,0,0.8480429,True,high
2264,"Aku merasa cemas terus-terusan soal keluargaku, kayak takut mereka kenapa-napa. Apa yang bisa aku lakukan?",cemas terus terus keluarga takut napa laku paham cemas berat lacak kapan cemas muncul picu perhati penuh momen tenangin cemas berat perlu profesional,-1,0,0.84815574,True,high
2265,"Aku sering ngerasa nggak berharga, kayak gagal di hidup. Gimana caranya aku nggak tenggelam di pikiran kayak gini?",ngerasa harga gagal hidup tenggelam berat lewat bukan fakta kecil hasil laku kecil ngingetin nilai terus muncul eksplor kuat bareng bareng,-1,2,0.81798434,True,high
2266,Aku suka menghindar kalau harus ketemu orang baru. Rasanya takut banget dinilai jelek. Apa yang salah sama aku?,hindar takut nilai jelek salah salah takut nilai hindar terus kecil sapa senyum negatif nilai jelek nilai nemenin,-1,2,0.7265364,True,high
2267,Kadang aku ngerasa sedih banget tanpa alasan jelas. Itu normal nggak sih?,ngerasa sedih alas jelas sedih alas jelas alami siapa stuck perlu perhati rasain tubuh sedih datang kenal pola bareng sendiri hadap,-1,0,0.8313278,True,high
2268,"Aku selalu khawatir sama masa depan, kayak takut gagal terus. Gimana caranya aku berhenti khawatir?",khawatir masa depan takut gagal terus henti khawatir khawatir masa depan capek salah rangin perhati penuh lama lari masa depan pelan pelan momen khawatir kontrol bareng,-1,2,0.80959314,True,high
2269,"Aku ngerasa susah buat nyanyi di depan orang, padahal aku suka nyanyi. Aku takut dikira jelek. Apa yang harus aku lakukan?",ngerasa susah depan padahal takut jelek laku keren takut nilai jangan henti kecil depan percaya langsung percaya negatif jelek dukung,-1,2,0.8238777,True,high
2271,"Aku ngerasa kalo aku nggak pantes dapat temen, makanya aku suka njem sendiri. Apa aku emang nggak layak?",ngerasa kalo pantes temen makanya njem sendiri emang layak sedih denger ngerasa layak temen pantes kuat bukan kecil dukung,-1,0,0.6780027,True,high
2274,Aku takut banget kalo harus ngomong di depan orang banyak. Jantungan banget! Gimana caranya aku nggak panik?,takut kalo ngomong depan jantung panik ngomong depan emang jantung situasi ngomong depan cermin pelan pelan panik datang susah profesional kecil,-1,0,0.7668563,True,high
2280,Aku ngerasa susah buat percaya sama orang lain. Aku takut dikecewain. Apa yang bisa aku lakukan?,ngerasa susah percaya takut dikecewain laku susah percaya alam sakit udah temen diri pelan pelan ringan dukung susah percaya,-1,0,0.8258203,True,high
2281,Aku suka ngerasa bersalah kalo nggak bisa bantu orang lain. Ini bikin aku stres. Gimana caranya aku nggak gitu?,ngerasa salah kalo stres salah tunjuk peduli stres perlu batas lembut laku korban diri bicarain situasi salah,-1,0,0.8389353,True,high
2282,"Aku ngerasa kalo aku nggak pantas senang, kayak nggak berhak. Ini kenapa ya?",ngerasa kalo pantas senang pantas senang berat alam ngerasa tahu ngerasa nikmatin kecil makan makan favorit salah nemenin,-1,0,0.77845824,True,high
2283,Aku merasa sedih banget dan kayak nggak berguna setelah temenku nolak ajakan aku. Apa yang salah sama aku?,sedih temenku nolak salah berat bareng tolak arti salah temenmu urus mood temen temen tetap momen,-1,0,0.73228484,True,high
2284,"Kenapa tiap kali aku cemas, perutku rasanya mual dan jantungku deg-degan? Normal nggak sih ini?",cemas perut mual jantung degan cemas tubuh reaksi sensasi fisik mual jantung cepat saraf ganggu pelan pelan bareng,-1,13,0.77439004,True,high
2288,"Aku coba latihan napas cepat kayak yang disarankan, tapi malah takut banget. Apa aku salah?",cepat saran malah takut salah salah cepat sensasi kuat takut pusing pelan hitung empat pandu,-1,2,0.77516484,True,high
2289,Aku ngerasa berat banget di dada tiap sedih. Apa ini cuma perasaanku doang?,ngerasa berat dada sedih doang bukan berat dada muncul sedih depresi tubuh reaksi muncul ringanin,-1,0,0.736328,True,high
2292,"Aku coba duduk tegak biar nggak kelihatan cemas, tapi susah banget. Apa aku emang gagal?",duduk tegak cemas susah emang gagal gagal duduk tegak butuh cemas sebentar lima bareng santai,-1,2,0.7860967,True,high
2295,Aku ngerasa nggak pantas bahagia kalau aku pernah gagal. Apa ini wajar?,ngerasa pantas bahagia gagal gagal arti pantas bahagia gagal nikmatin momen momen kecil senyum akhir akhir,-1,2,0.784372,True,high
2296,"Aku coba lamar kerja, tapi takut banget ditolak. Aku harus lanjutin nggak?",lamar kerja takut tolak lanjutin udah lamar kerja takut tolak lamar sempat tolak tetap takut tolak siapin rencana bareng,-1,11,0.7264008,True,high
2302,"Aku ngerasa nggak pantas bahagia, kayak ada yang salah kalau aku senang. Ini normal nggak?",ngerasa pantas bahagia salah senang aduh kedengeran berat ngerasa pantas bahagia muncul pola negatif alam masa sepenuh susah nikmatin hidup terapi kognitif ubah pandang ngerasa pantas pikirin,-1,0,0.8483749,True,high
2304,"Aku pengen lebih bahagia, tapi kayaknya nggak mungkin. Ada harapan nggak sih buat aku?",bahagia harap percaya harap jauh bahagia lewat kecil laku peduli terapi kognitif sisi positif hidup senyum situ,-1,0,0.8357316,True,high
2305,Aku merasa sedih terus dan kayak nggak punya harapan. Apa yang salah dengan aku?,sedih terus harap salah kedengerannya sedang berat tahu sedih terus terus depresi sedang negatif otomatis segala sisi detail begini dengerin,-1,0,0.7581336,True,high
2306,Kenapa aku selalu merasa orang lain bakal ninggalin aku?,ninggalin takut tinggal nyata sakit kait pola skema bentuk alam masa andal salah momen muncul,-1,9,0.78656983,True,high
2307,Aku ngerasa aku orang yang gagal. Apa aku emang nggak pantes berhasil?,ngerasa gagal emang pantes hasil kedengerannya sedang diri sendiri gagal muncul skema ngerasa cukup padahal gagal sisi bareng bareng,-1,2,0.7597059,True,high
2311,Aku susah banget buat percaya sama orang lain. Mereka pasti bakal nyakitin aku. Gimana caranya biar aku bisa percaya lagi?,susah percaya nyakitin percaya susah percaya muncul skema waspada terus alam masa langsung percaya kecil dukung,-1,2,0.7816504,True,high
2312,"Aku ngerasa harus sempurna terus, tapi capek banget. Gimana biar aku nggak gitu lagi?",ngerasa sempurna terus capek sempurna capek kedengerannya standar tinggi diri sendiri skema ngerasa ngerasa sempurna nerima cukup,-1,11,0.72605616,True,high
2316,Aku ngerasa nggak bisa ngapa-ngapain sendiri. Apa aku emang nggak kompeten?,ngerasa sendiri emang kompeten sendiri frustrasi skema cukup mampu yakin mampu ngerasa kecil sendiri,-1,2,0.732022,True,high
2319,Aku ngerasa hidupku cuma penuh masalah. Apa aku bisa bahagia lagi?,ngerasa hidup penuh bahagia kedengerannya sedang jebak lingkar berat datang skema negatif bahagia butuh kecil situ,-1,2,0.76968265,True,high
2321,Aku ngerasa orang lain nggak peduli sama aku. Apa aku yang salah?,ngerasa peduli salah peduli sepi skema ngerasa layak diperhatiin arti salah ngerasa peduli persepsi,-1,0,0.6645326,True,high
2322,Aku ngerasa hidupku nggak akan pernah berubah. Apa aku stuck selamanya?,ngerasa hidup ubah stuck lama stuck berat ngerasa putus ubah skema ngerasa harap ngerasa hidup ubah kecil,-1,5,0.7955183,True,high
2323,"Aku nggak bisa fokus sama sekali, apa ini normal?",sekali susah sedang stres sedih bukan arti pecah tugas kecil susah,-1,11,0.7484722,True,high
2327,Aku nggak yakin bisa ngelakuin apa yang orang lain harapkan. Gimana dong?,yakin ngelakuin harap yakin ragu ragu laku bukan harap kecil situ,-1,2,0.7983278,True,high
2330,Aku nggak suka cerita masalahku ke orang lain. Apa itu salah?,salah salah nyaman sendiri simpan sendiri beban berat baca saran,-1,0,0.73207784,True,high
2336,Aku ngerasa hidupku nggak akan pernah membaik. Apa aku salah?,ngerasa hidup salah berat ngerasa stuck kuat kecil hidup sebentar situ ngerasa,-1,2,0.74868417,True,high
2337,"Aku nggak tahu kenapa aku sedih, tapi aku nggak bisa berhenti nangis. Apa yang salah?",tahu sedih henti nang salah nang sedih tahu arti salah emosi usaha duduk bareng pelan rasain nemenin,-1,0,0.80574703,True,high
2339,"Aku sering merasa kesepian, kayak nggak ada yang peduli. Gimana caranya biar nggak gitu?",sepi peduli sepi hati berat ringan temen keluarga aktivitas sosial kecil turut,-1,0,0.7725433,True,high
2343,Aku ngerasa bersalah karena nggak bisa bantu orang yang aku sayang waktu mereka sakit. Gimana ngatasinnya?,ngerasa salah sayang sakit ngatasinnya salah berat terlalu diri sendiri padahal manusia batas renung udah usaha surat diri sendiri ngeluarin bareng,-1,11,0.78635937,True,high
2344,Aku ngerasa semua orang bahagia kecuali aku. Kenapa aku beda?,ngerasa bahagia paham hidup sempurna luar struggle sendiri kecil situ,-1,2,0.7086811,True,high
2346,Aku ngerasa nggak bisa ngapa-ngapain dengan benar. Semua kayak gagal. Apa aku emang gitu?,ngerasa gagal emang kedengerannya diri sendiri gagal otak down inget kecil lakuin yakin,-1,2,0.83567613,True,high
2347,"Aku ngerasa temenku nggak ngertiin aku, aku marah, tapi takut bilang. Apa yang harus aku lakuin?",ngerasa temenku ngertiin marah takut lakuin marah takut ngomong denger erti temenmu jelas pelan pelan pake ngerasa susun kata kata,-1,0,0.7384995,True,high
2349,Aku kadang ngerasa nggak pantas dicintai. Gimana caranya biar nggak gitu?,ngerasa pantas cinta aduh pantas sedih harga susah percaya ngelakuin diri sendiri self care kecil inget ngerasa sayang siapa,-1,0,0.7703378,True,high
2350,Aku ngerasa capek banget ngurusin hidup. Kayak pengen nyerah. Apa yang bisa aku lakuin?,ngerasa capek ngurusin hidup nyerah lakuin denger capek nyerah khawatir simpan sendiri istirahat jenak tidur putih capek dengerin,-1,0,0.7945308,True,high
2356,Aku suka belanja biar lupa sama perasaan sedihku. Tapi kok nggak lama kemudian sedih lagi. Apa yang salah?,belanja lupa sedih lama kemudian sedih salah belanja senang tutup sedih bukan tahu sedih jangka panjang temen aktivitas senang,-1,0,0.7507776,True,high
2357,"Aku merasa nggak berguna banget, kayak nggak ada yang bisa aku lakuin dengan bener. Aku harus apa?",lakuin enak muncul terlalu kritis diri sendiri kecil hasil lakuin kecil nilai bareng,-1,2,0.8251455,True,high
2361,Aku suka ngelamun jadi orang lain yang hidupnya sempurna. Itu buruk nggak sih?,ngelamun hidup sempurna ngelamun lari asal hidup bareng sempurna lamun,-1,0,0.7149136,True,high
2362,Aku merasa orang-orang di sekitarku nggak peduli sama aku. Aku salah nggak sih merasa gitu?,peduli salah valid peduli down momen kecil perhati sisi abai pikirin nyari suportif,-1,0,0.79528624,True,high
2363,Aku ngerasa nggak pantas buat bahagia. Kayak aku nggak layak gitu. Gimana caranya aku nggak gitu lagi?,ngerasa pantas bahagia layak sedih denger pantas bahagia masuk bahagia layak datang terlalu diri sendiri nulis harga kecil bareng,-1,0,0.73831356,True,high
2369,Aku kadang pengen nyerah aja sama hidup. Kayak nggak ada harapan. Apa yang harus aku lakuin?,nyerah hidup harap lakuin sedih denger berat sendiri kecil harap momen kecil senyum terlalu berat profesional nyerah,-1,2,0.7689962,True,high
2370,Aku ngerasa orang di sekitarku cuma manfaatin aku. Aku harus apa biar nggak gitu lagi?,ngerasa manfaatin kesel sedih dimanfaatin batas nyaman jaga diri sendiri situasi pikirin bareng,-1,0,0.7463369,True,high
2371,Aku ngerasa hidupku cuma buat bikin orang lain senang. Aku capek. Gimana biar aku hidup buat diri sendiri?,ngerasa hidup senang capek hidup diri sendiri capek hidup hidup diri sendiri kecil senang peduli luangin lakuin diri sendiri,-1,0,0.7463964,True,high
2374,"Kalau aku panik, aku suka telepon temen. Itu salah nggak sih?",panik telepon temen salah salah catat panik buku panik kenal picu sendiri,-1,3,0.7452998,True,high
2375,"Aku merasa nggak nyata waktu panik, itu normal nggak?",nyata panik ganggu panik nama depersonalisasi derealisasi pisah diri sendiri sentuh benda grounding,-1,12,0.77616715,True,high
2376,"Aku takut banget kalau panik lagi, apa yang bisa aku lakuin?",takut panik lakuin takut kambuh nama cemas antisipatoris teknik relaksasi catat kapan panik pola rencana sederhana,-1,8,0.7840723,True,high
2378,"Aku takut panik di depan orang, apa yang harus aku lakukan?",takut panik depan laku stres eksposur interoceptif sengaja jantung cepat lari tempat sensasi tempat bareng daftar,-1,0,0.7926715,True,high
2379,"Aku suka lari dari situasi yang bikin panik, itu buruk nggak?",lari situasi panik lari situasi takut tambah kuat situasi tetap situasi sebentar atur situasi paling hindar,-1,0,0.68632907,True,high
2381,"Aku coba catat panikku, tapi susah banget, apa aku salah cara?",catat panik susah salah salah catat panik susah cemas catat tempat gejala jantung cepat format sederhana susah,-1,3,0.7162031,True,high
2384,"Aku baru putus sama pacarku, dan rasanya dunia udah berakhir. Aku harus apa?",putus pacar udah akhir putus emang ambruk sayang sedih hilang diri sendiri lakuin denger musik jalan jalan sedih tahan temen dekat terap detail rasain,-1,0,0.7965756,True,high
2387,"Aku nggak bisa konsentrasi, kerjaan jadi berantakan. Apa ini karena depresi?",konsentrasi kerja beranta depresi susah konsentrasi emang salah depresi otak kerja ekstra ngatasin emosi kerja susah stres rasain susah kecil otak tenang,-1,0,0.8372048,True,high
2390,Aku nggak suka ngomongin perasaanku sama orang lain. Apa ini salah?,ngomongin salah salah nyaman ngomongin sendiri ngatasin emosi numpuk berat tepat temen dekat terap ringanin ngomongin,-1,11,0.7444363,True,high
2392,"Aku takut ketemu orang baru, padahal aku pengen punya temen. Gimana caranya?",takut padahal temen takut nyaman diri sendiri kecil acara santai terapi interpersonal takut,-1,0,0.8360021,True,high
2393,Aku merasa orang-orang nggak suka sama aku. Apa aku beneran nggak disukai?,beneran muncul sedang depresi percaya diri ngerasa padahal perhatiin bukti konkret main main ngerasa yakin sisi,-1,0,0.7284458,True,high
2394,Aku nggak bisa berhenti nangis tiap inget mantan. Apa aku lemah?,henti nang inget mantan lemah nang arti lemah emosi manusiawi rindu duka diri sendiri nang henti paling sedih inget,-1,0,0.7510763,True,high
2396,"Aku sering bertengkar dengan pasanganku, dan itu bikin aku down banget. Kenapa ya aku susah ngatasin konflik ini?",tengkar pasang down susah ngatasin konflik konflik pasang lelah sulit sedang down picu tengkar ngomongin butuh tenang solusi,-1,0,0.731386,True,high
2405,"Aku takut ngomongin perasaanku sama orang lain, takut dianggap lelet. Apa aku harus cerita?",takut ngomongin takut anggap lelet takut anggap lelet penting pantas dengar cukup percaya siap bareng dengar turut,-1,0,0.7915221,True,high
2406,Aku nggak suka sama diri sendiri karena selalu gagal ngatasin masalah. Apa aku memang nggak berguna?,diri sendiri gagal ngatasin sedih dengar berat gagal down kecil hadap bareng,-1,2,0.8258311,True,high
2408,Aku merasa orang-orang di sekitarku nggak peduli sama aku. Apa aku yang salah menilai?,peduli salah nilai perhati sakit hati bukan salah nilai tahu ngomongin dekat perhati,-1,0,0.7086219,True,high
2409,"Aku nggak tahu kenapa aku sedih, padahal hidupku kayaknya baik-baik aja. Apa ini normal?",tahu sedih padahal hidup sedih alas jelas arti aneh emosi datang kecil hidup pengaruh tahu bareng,-1,0,0.8174383,True,high
2410,"Aku pengen nyanyi keras-keras buat ngelupain kesedihan, tapi takut orang bilang gila. Apa aku coba aja?",ngelupain sedih takut gila seru lepasin emosi perlu takut anggap aneh penting nyaman tempat privat kamar karaoke dukung,-1,0,0.81535137,True,high
2412,Aku takut banget ketemu temen-temenku yang punya bayi. Aku ngerasa mereka bakal bikin aku sedih lagi. Gimana caranya aku ngatasin ini?,takut temen temenku ngerasa sedih ngatasin takut sedang lindung hati pelan pelan temen tempat nyaman siap ngobrolin senang bahas yakin,-1,0,0.7776556,True,high
2414,Aku cuma pengen ngurung diri di kamar. Tapi aku tahu ini nggak baik. Gimana caranya aku keluar dari zona ini?,ngurung diri kamar tahu keluar zona puji syukur ngurung diri bukan solusi jangka panjang super sederhana jendela duduk teras udah siap temen jalan bareng kelas ringan yoga susah terap stuck,-1,0,0.8343307,True,high
2416,"Aku pengen balik lagi ke rutinitas, tapi takut nggak kuat. Apa yang bisa aku lakukan biar nggak kewalahan?",balik takut kuat laku kewalahan keren bangkit kecil atur sederhana masak takut kewalahan batas istirahat berat terap rencana,-1,2,0.82107675,True,high
2425,"Aku nggak bisa nyanyi di depan orang, padahal aku suka nyanyi. Aku takut dikira jelek.",depan padahal takut jelek takut nilai depan percaya temen deket keluarga rekam sendiri ekspresi bukan bagus kecil bareng,-1,11,0.7587328,True,high
2427,Aku suka makan banyak banget kalau lagi sedih. Gimana caranya berhenti?,makan sedih henti makan sedih lari ngatasin aktivitas jalan jalan kecil susah catat kapan makan picu situ,-1,0,0.7705958,True,high
2429,"Aku takut buat coba hal baru, kayak ikut kelas dansa. Gimana caranya biar berani?",takut kelas dansa berani takut kecil nonton dansa temen bareng ngelangkah takut percaya diri takut kelas dansa,-1,11,0.7105025,True,high
2431,Aku merasa semua orang benci aku. Apa yang bisa aku lakukan?,benci laku sedih sisi peduli notice kecil ringan benci,-1,0,0.72304976,True,high
2434,"Aku nggak suka ngeliat orang lain bahagia, bikin aku iri. Aku jahat nggak?",ngeliat bahagia jahat jahat manusiawi ngerasa down neng ngelakuin,-1,11,0.6923318,True,high
2436,"Kalau aku merasa sedih gara-gara diomelin bos, apa yang harus aku lakukan biar nggak terus kepikiran?",sedih gara gara diomelin laku terus sedih diomelin terus kontrol laku laku aktivitas temen sedih tadi,-1,11,0.7200922,True,high
2438,Aku pengen kabur aja dari semua masalahku. Ini salah nggak sih?,kabur salah kewalahan lari kabur numpuk hadap kecil bareng pecah kecil terlalu takut stres,-1,11,0.7946346,True,high
2440,"Aku nggak suka kerjaanku, tapi nggak tahu cara keluar dari situasi ini. Aku harus apa?",kerja tahu keluar situasi buntu kerja tahu ubah peluang aktivitas luar kerja semangat kerja paling kesal,-1,5,0.6989077,True,high
2441,"Aku merasa sendirian banget, meskipun ada orang di sekitarku. Apa yang salah denganku?",sendiri salah salah sendiri muncul keliling utama laku aktivitas dekat,-1,13,0.74483,True,high
2442,Aku sering marah sama diri sendiri karena nggak bisa ngelakuin apa-apa dengan bener. Gimana caranya berhenti begini?,marah diri sendiri ngelakuin henti begini tahu frustasi diri sendiri ngasih kredit diri kecil udah lakuin sempurna udah bagus catat negatif bantah bareng hasil lakuin,-1,0,0.8113204,True,high
2443,"Aku nggak ngerti kenapa aku depresi, padahal hidupku nggak seburuk orang lain. Aku salah nggak sih merasa gini?",depresi padahal hidup salah salah depresi berapa hidup stres ubah hidup tahu begini catat aktivitas suasana hati catat kecil bareng,-1,0,0.7921909,True,high
2444,Aku takut ketemu temen karena pasti mereka nanya soal hidupku. Apa yang harus aku lakukan?,takut temen nanya hidup laku temen cemas takut siapin singkat nyaman obrol topik temen situasi santai ngopi sebentar rencanain kecil,-1,0,0.82302284,True,high
2446,Aku merasa nggak ada yang peduli sama aku. Apa aku harus berhenti nyari perhatian orang?,peduli henti nyari perhati tahu sepi sakit bukan henti nyari perhati saling dukung kabar obrol,-1,0,0.7178464,True,high
2449,Aku merasa semua masalahku gara-gara aku sendiri. Aku cuma pengen lari dari semuanya. Gimana caranya berhenti merasa gitu?,gara gara sendiri lari henti berat pundak lari hadap ringan penuh salah laku sendiri salah,-1,0,0.7678156,True,high
2451,"Aku tahu aku harus bayar tagihan, tapi aku cuma tunda-tunda. Aku benci diri sendiri karena ini. Gimana caranya berhenti begini?",tahu bayar tagih tunda tunda benci diri sendiri henti begini tahu frustrasi diri sendiri tunda sendiri bukan arti gagal tagih paling kecil paling desak laptop tagih bayar rencanain,-1,0,0.7661679,True,high
2452,"Aku merasa kesepian, tapi nggak tahu cara deketin orang lagi. Aku takut ditolak. Apa yang bisa aku lakukan?",sepi tahu deketin takut tolak laku paham sepi berat takut tolak pertama susah ringan ngirim pesan temen lama tempat datang kafe perlu buru buru dekat cukup obrol kecil nyaman,-1,0,0.8148562,True,high
2457,Aku merasa nggak ada yang peduli sama aku. Aku cuma pengen orang ngerti aku. Gimana caranya?,peduli paham peduli sepi dengerin peduli begini dengar perlu buru buru nemenin,-1,0,0.6978308,True,high
2465,Aku ngerasa nggak pantas bahagia kalau orang lain susah. Apa ini normal?,ngerasa pantas bahagia susah hati peduli pantas bahagia capek sendiri bahagia arti cuek laku senang tetap pikirin,-1,0,0.7935457,True,high
2466,Aku pernah coba nyakitin diri sendiri. Aku takut kejadian lagi. Apa yang harus aku lakukan?,nyakitin diri sendiri takut laku sedih denger bangga datang tenang dengar musik pegang batu penting percaya profesional dukung,-1,0,0.8020597,True,high
2468,Aku ngerasa hidupku kacau dan nggak tahu cara beresinnya. Apa aku orang gagal?,ngerasa hidup kacau tahu resin gagal bukan gagal hidup kacau urutin kacau pelan pelan kecil resin meja daftar prioritas,-1,2,0.8033977,True,high
2469,Aku pengen kabur aja dari hidupku sekarang. Apa ini wajar?,kabur hidup kabur hidup berat penting tahu kabur temuin hadapinnya pelan pelan dengerin,-1,0,0.7325562,True,high
2475,"Aku suka melukai diri sendiri kalau sedang stres. Aku tahu ini nggak baik, tapi susah berhenti. Apa yang harus aku lakukan?",luka diri sendiri sedang stres tahu susah henti laku sedih dengar sedang bangga berani luka diri sendiri stres alternatif pegang batu teknik stres,-1,0,0.81243205,True,high
2476,Aku pernah dengar tentang DBT. Itu apa sih dan apakah itu bisa bantu aku?,dengar terapi perilaku dialektis dekat kelola emosi intens perilaku sulit impulsivitas cenderung luka diri libat terampil penuh regulasi emosi tangan stres beberapa teknik sederhana mindfulness,-1,12,0.774966,True,high
2477,Aku merasa orang-orang di sekitarku nggak ngerti apa yang aku rasakan. Aku harus gimana?,berat paham percaya sederhana sedang berat sulit bareng,-1,2,0.72405565,True,high
2481,Aku kadang ngerasa orang-orang cuma pura-pura peduli sama aku. Aku harus percaya sama siapa?,ngerasa pura pura peduli percaya siapa curiga muncul kecewa tindak bukan kata kata tindak perhati,-1,0,0.7513939,True,high
2485,Aku sering ngerasa nggak layak dicintai. Gimana cara ngubah pikiran ini?,ngerasa layak cinta ngubah layak cinta berat bukan fakta diri kecil laku ingat harga daftar bareng laku,-1,0,0.8147929,True,high
2492,Aku ngerasa hidupku nggak akan pernah jadi lebih baik. Apa aku harus nyerah aja?,ngerasa hidup nyerah berat stuck percaya gelap harap ubah nyerah bukan kuat kecil nyoba ngerasa,-1,2,0.81272376,True,high
2494,Aku ngerasa nggak pantas dicintai. Gimana caranya biar aku nggak gitu lagi?,ngerasa pantas cinta sedih denger ngerasa harga pantas datang negatif diri sendiri nulis diri kecil ngerasa pantas,-1,0,0.75875,True,high
2497,Aku ngerasa bersalah terus karena nggak bisa bikin semua orang senang. Gimana caranya biar nggak gitu?,ngerasa salah terus senang capek senang bahagia diri sendiri ngerasa salah terus,-1,0,0.71540153,True,high
2501,"Aku merasa nggak ada yang ngerti aku, seperti aku sendirian di dunia ini. Apa yang salah denganku?",sendiri salah tahu paham sepi salah isolasi begini dengerin,-1,0,0.7146852,True,high
2506,Aku merasa orang-orang di sekitarku nggak peduli sama aku. Apa yang bisa aku lakukan?,peduli laku sedih peduli padahal sibuk tahu butuhin bicara percaya yakin peduli siapa bicara,-1,0,0.7799928,True,high
2507,"Emilia, aku pengen kabur aja dari semua masalahku. Apa ini normal?",kabur kabur utama hidup berat kabur numpuk hadap kecil bareng paling kabur,-1,11,0.74054414,True,high
2511,Aku sering merasa bersalah kalau nggak bisa bikin semua orang senang. Gimana caranya berhenti merasa begini?,salah senang henti begini perlu salah senang tugas mustahil butuh tetap batas kecil terlalu beban situasi salah akhir akhir,-1,0,0.7645894,True,high
2513,"Emilia, aku takut kalau aku nggak akan pernah bisa bahagia. Apa yang salah denganku?",takut bahagia salah tahu takut nyata salah jebak momen kecil bahagia situ momen ingat kecil,-1,2,0.7983326,True,high
2514,Aku merasa orang-orang cuma pura-pura peduli sama aku. Gimana caranya aku percaya mereka beneran peduli?,pura pura peduli percaya beneran peduli curiga sulit tindak kecil tawar momen tunjuk perhati arti,-1,0,0.7620553,True,high
2516,Kadang aku ngerasa hidupku nggak layak dijalani. Apa yang bisa aku lakukan biar nggak gitu lagi?,ngerasa hidup layak jalan laku peduli dengar berat arti kuat laku,-1,0,0.7816826,True,high
2524,Aku suka hindari tempat ramai biar nggak panik. Apa itu salah?,hindar tempat ramai panik salah hindar tempat ramai takut panik lama lama takut tambah kuat masuk situasi perlahan kafe sepi rencana,-1,0,0.70074844,True,high
2525,Aku ngerasa panikku dateng gara-gara stres. Bener nggak sih?,ngerasa panik dateng gara gara stres stres picu panic attack tubuh siaga stres ngurangin tekan bareng,-1,0,0.66493297,True,high
2526,Aku ngerasa malu kalau panik di depan orang. Apa yang harus aku lakukan?,ngerasa malu panik depan laku malu ingat salah panik dateng pegang tangan ngeh ngatasin,-1,11,0.7470946,True,high
2529,"Aku sering merasa overwhelmed sama hidup, kayak semua yang aku coba gagal. Apa sih yang bisa aku lakuin?",overwhelmed hidup gagal lakuin kewalahan hidup berat kecil pilih kecil atur resin meja jalan sebentar emosi kuat beberapa detail overwhelm,-1,0,0.79101145,True,high
2530,Aku takut banget kalau orang-orang ninggalin aku. Jadi aku suka ngelakuin apa aja biar mereka stay. Ini salah nggak?,takut ninggalin ngelakuin stay salah takut tinggal ngelakuin sehat diri sendiri cinta beli perhati diri harga ngelakuin bangga diri sendiri,-1,2,0.74561405,True,high
2531,Aku benci banget sama diri sendiri. Aku ngerasa aku selalu bikin orang lain kecewa. Gimana caranya berhenti ngerasa gini?,benci diri sendiri ngerasa kecewa henti ngerasa berat benci diri sendiri kecewa kepala terlalu kecil diri kecil mudah yakin ngerasa gagal,-1,2,0.76838875,True,high
2533,"Aku sering ngerasa orang lain nggak ngerti aku, kayak aku cuma ngomong sama tembok. Apa yang bisa aku lakuin?",ngerasa ngomong tembok lakuin ngerasa didenger sepi emang paham rasain arti penting percaya butuhin jelas butuh didenger dengerin frustrasi,-1,0,0.74365234,True,high
2535,"Aku pengen mati aja, soalnya hidup ini nggak ada harapan. Kamu pikir aku salah ngerasa gini?",mati hidup harap salah ngerasa salah ngerasa sakit nyata sedih denger ngerasa harap hidup gelap percaya cahaya kecil sana susah ngerasa putus nemenin,-1,0,0.75483084,True,high
2536,Aku ngerasa hidupku cuma buat nyenengin orang lain. Aku capek. Gimana caranya hidup buat diri sendiri?,ngerasa hidup nyenengin capek hidup diri sendiri capek hidup hidup senang kecil luangin mikirin lakuin diri sendiri,-1,11,0.75912076,True,high
2540,"Aku ngerasa nggak bisa apa-apa, kayak gagal di semua hal. Apa aku emang nggak berguna?",ngerasa gagal emang sedih denger ngerasa kuat gagal kecil lakuin kecil ngerasa gagal,-1,2,0.8191559,True,high
2542,"Aku ngerasa hidupku nggak akan pernah berubah, kayak stuck selamanya. Ada harapan nggak sih?",ngerasa hidup ubah stuck lama harap ngerasa stuck berat percaya ubah butuh kecil ngerasa stuck,-1,5,0.77417576,True,high
2544,Aku ngerasa nggak pantas dicintai. Makanya aku selalu nyakitin orang yang sayang sama aku. Aku harus gimana?,ngerasa pantas cinta makanya nyakitin sayang ngerasa pantas cinta sakit sayang harga peduli nilai diri ngerasa pantas,-1,0,0.7077193,True,high
2546,Aku merasa semua orang benci aku. Apa bener gitu?,benci enak yakin sepenuh peduli notice harga,-1,0,0.7416939,True,high
2548,"Aku takut banget ngungkapin marahku, takut orang malah benci aku. Gimana sih caranya?",takut ngungkapin marah takut malah benci takut ngungkapin marah pelan pelan kesal defensif bareng,-1,8,0.74515843,True,high
2553,Aku pengen orang lain ngeliat aku kesakitan. Apa itu salah?,ngeliat sakit salah tunjuk perhati manusiawi sehat percaya rasain,-1,0,0.7465838,True,high
2555,"Aku suka nyanyi kalau lagi sedih, tapi tetep aja nggak cukup. Apa lagi yang bisa aku coba?",sedih cukup keren ngatasin sedih tambah aktivitas jalan jalan taman meditasi singkat ringan,-1,0,0.76364994,True,high
2556,Aku nggak bisa ngomong kalau aku lagi marah. Rasanya stuck. Gimana caranya?,ngomong marah stuck susah ngungkapin marah nulis marah terus pelan pelan percaya stuck,-1,2,0.69470793,True,high
2557,Aku merasa nggak ada harapan buat aku. Apa aku harus nyerah aja?,harap nyerah tahu berat harap hilang nyerah kecil tuju hidup,-1,5,0.75061214,True,high
2564,"Kenapa sih aku selalu ngerasa sedih dan cemas, padahal nggak ada masalah besar?",ngerasa sedih cemas padahal emang sedih cemas datang emosi numpuk ngeliat situasi pola emosi intens pikirin ngerasa urutin bareng jebak,-1,0,0.7776371,True,high
2567,"Aku benci banget sama diri sendiri, rasanya aku selalu gagal. Gimana caranya biar aku nggak gitu?",benci diri sendiri gagal berat ngerasa benci diri sendiri datang ngeliat diri sendiri terlalu kecil nulis diri kecil peduli udah luar ngerasa gagal bareng sudut,-1,2,0.78209317,True,high
2572,"Aku ngerasa hidupku stuck, nggak ada kemajuan. Apa yang harus aku lakuin?",ngerasa hidup stuck maju lakuin stuck emang frustrasi kecil nentuin tuju kecil capai atur ulang kamar ubah kecil semangat balik ngerasa stuck gerak maju,-1,5,0.81673807,True,high
2576,"Aku merasa nggak pantas bahagia, makanya aku suka melukai diri sendiri. Gimana caranya berhenti berpikir gitu?",pantas bahagia makanya luka diri sendiri henti sedih dengar pantas bahagia bukan fakta nyata kecil syukur kecil muncul ingat diri sendiri luka diri sendiri kuat segera dekat profesional,-1,0,0.79504675,True,high
2578,"Kalau aku merasa cemas terus, apa yang bisa bantu aku tenang?",cemas terus tenang cemas capek teknik sederhana lama empat detik tahan empat detik keluar perlahan ulang beberapa perhati konkret pegang benda dekat deskripsi tekstur cemas muncul pola picu bareng terap atur,-1,8,0.8188826,True,high
2579,"Aku suka menghindar dari masalah, kayak nggak mau hadapi emosi buruk. Itu buruk nggak sih?",hindar hadap emosi hindar kewalahan numpuk hadap perlahan pilih emosi kecil lari dukung temen terap berat yakin hadap,-1,0,0.783858,True,high
2580,"Aku merasa kesepian banget, kayak nggak ada yang peduli. Apa yang bisa aku lakukan?",sepi peduli laku sedih dengar sepi sepi berat laku kecil kirim pesan temen keluarga walaupun ringan aktivitas terus terap,-1,0,0.7692511,True,high
2581,"Aku kadang nggak ngerti kenapa aku sedih, rasanya tiba-tiba aja. Normal nggak sih?",sedih emosi sedih muncul alas jelas stres lelah bahkan ubah kecil tubuh perhati kapan panjang kurang tidur pola paham jelasin,-1,0,0.854024,True,high
2586,"Aku sering ngerasa bersalah kalau sedih, kayak aku nggak boleh gitu. Gimana supaya nggak ngerasa bersalah?",ngerasa salah sedih ngerasa salah tahu enak salah sedih sedih emosi senang marah salah ingetin diri sendiri sedih hidup bukan gagal salah muncul terap perspektif,-1,0,0.7514951,True,high
2589,"Aku sering merasa ingin menyakiti diri sendiri kalau lagi stres banget, apa yang bisa aku lakukan biar nggak gitu?",sakit diri sendiri stres laku berat sakit diri sendiri bukan jalan keluar sehat laku rileks jalan jalan sebentar dengar musik berat percaya profesional sendiri,-1,0,0.83496755,True,high
2590,"Kadang aku mikir nggak ada gunanya hidup, ini normal nggak sih?",mikir hidup muncul tekan perlu dukung down datang bicara terap catat kecil senang ngingetin harap,-1,0,0.8306897,True,high
2591,"Aku takut banget kalau orang lain tahu aku suka menyakiti diri sendiri, apa yang harus aku lakukan?",takut tahu sakit diri sendiri laku paham takut simpan sendiri beban berat percaya siap jurnal kecil kurang bareng,-1,0,0.82802606,True,high
2592,"Aku merasa bersalah banget kalau orang muji aku, kayak nggak pantes. Ini kenapa ya?",salah muji pantes pantes datang rendah diri sendiri puji harga kecil ucapin terima puji tahu salah bareng,-1,0,0.7728655,True,high
2595,"Aku pengen berhenti menyakiti diri, tapi kayak ketagihan. Gimana caranya berhenti?",henti sakit diri tagih henti gampang udah berani henti coret coret kertas pegang batu dorong datang terap alternatif bareng minggu,-1,0,0.76744145,True,high
2600,"Aku merasa capek banget sama hidup, kayak nggak ada yang bisa bikin bahagia. Apa yang salah?",capek hidup bahagia salah capek kosong berat arti salah perlu istirahat dukung laku kecil peduli pikirin kecil,-1,0,0.8274739,True,high
2605,Aku nggak mau ketemu orang karena takut mereka nanya-nanya soal hidupku. Apa aku salah?,takut nanya nanya hidup salah salah butuh sendiri perlu jeda interaksi sosial tekan makin isolasi kecil temen nyaman takut nanya nanya,-1,0,0.7732452,True,high
2607,Aku merasa capek banget ngadepin keluarga yang selalu ribut. Apa aku harus ikut ribut juga?,capek ngadepin keluarga ribut ribut capek ngadepin situasi keluarga penuh konflik ribut makin lelah ribut tenang situasi susah tetap tenang,-1,0,0.7290244,True,high
2610,Aku ngerasa pasanganku nggak mau dengerin aku pas aku lagi down. Gimana caranya biar dia peduli?,ngerasa pasang dengerin down peduli sedih didengerin down pasang nanggapin fase depresi stabil butuhin didengerin hakim ngomongin tenang,-1,0,0.7495996,True,high
2612,Kadang aku ngerasa nggak ada gunanya hidup. Apa yang bisa aku lakuin biar nggak gitu lagi?,ngerasa hidup lakuin sedih denger ngerasa muncul utama struggle depresi ganggu pertama harga kecil laku peduli terapi ubah pola negatif kecil,-1,0,0.8371799,True,high
2613,"Emilia, aku suka ngomong sendiri pas lagi stres. Ini aneh nggak?",ngomong sendiri stres aneh aneh ngomong sendiri stres nenangin diri kontrol gejala psikotik ringan perhatiin stres teknik relaksasi stres kurang pandu teknik,-1,12,0.7792741,True,high
2617,"Kadang aku merasa dunia ini nggak nyata, kayak aku kehilangan kendali. Normalkah ini?",nyata hilang kendali nyata takut terlalu sensasi tubuh jantung cepat otak overwhelm arti hilang kendali tubuh reaksi pelan pelan perhati benda dekat bareng,-1,13,0.8331361,True,high
2621,"Aku coba catat kapan aku panik, tapi malah takut lihat catatannya. Gimana dong?",catat kapan panik malah takut catat catat panik emang cemas awal ingat takut justru bagus kenal pola panik catat kecil rasain takut catat bareng tahu cemas catat simpel,-1,3,0.75707245,True,high
2626,"Aku coba teknik napas, tapi ngerasa makin panik. Aku salah ngapain?",teknik ngerasa makin panik salah salah teknik panik malah sulit teknik gampang tenang panik alami usah paksa jelasin perut simpel,-1,0,0.78630936,True,high
2631,"Aku merasa cemas terus, kayak ada yang salah sama diriku. Gimana cara ngatasinnya?",cemas terus salah diri ngatasinnya cemas terus terus lelah salah teknik relaksasi cepat lama detik tahan detik keluar perlahan turun tegang laku bareng cemas sudut,-1,0,0.8459843,True,high
2633,Aku merasa nggak punya kendali atas pikiranku. Aku takut jadi gila.,kendali takut gila hilang kendali takut kacau arti gila sederhana kacau beneran takut,-1,8,0.7413275,True,high
2636,Aku pengen lari dari pikiran-pikiran ini. Apa aku harus pindah kota?,lari pindah kota lari pindah kota pergi hadap teknik bareng,-1,5,0.622636,True,high
2638,"Aku merasa semua orang tahu pikiranku. Aku harus sembunyi, nggak?",tahu sembunyi takut tahu cemas bukti nyata baca takut relaksasi kurang cemas bareng,-1,0,0.7533752,True,high
2639,Kadang aku pengen nyanyi keras-keras biar suara-suara ini hilang. Apa boleh?,hilang seru perhati lama ganggu pilih favorit bareng semangat,-1,0,0.7163862,True,high
2641,Aku kadang ngerasa suara-suara ini temenku. Apa aku harus dengerin mereka?,ngerasa temenku dengerin paham temen sedih kurang pengaruh perhati giat happy nonton film jalan jalan lakuin,-1,0,0.7666823,True,high
2643,Aku merasa suara-suara itu bikin aku spesial. Apa ini salah?,spesial salah salah spesial perlu hati hati nyaman cemas ngomong diri sendiri bukan kurang spesial spesial detail spesial,-1,0,0.7101569,True,high
2645,Aku merasa suara-suara itu nolong aku dari bahaya. Apa aku harus percaya sama mereka?,nolong bahaya percaya lindung beneran nolong malah takut ancam padahal bahaya saranin perhati kapan muncul dengerin minta profesional jauh tuju,-1,0,0.72193706,True,high
2646,Aku merasa cemas terus di tempat umum. Apa yang salah sama aku?,cemas terus tempat umum salah salah cemas tempat umum datang stres alam tahu cemas saranin teknik relaksasi bicara psikolog detail situasi cemas,-1,0,0.7988242,True,high
2647,Aku kadang ngerasa orang-orang di sekitar aku berubah jadi jahat. Apa ini cuma perasaanku?,ngerasa ubah jahat utama stres cemas salah tangkap perhati bukti nyata ubah tahu psikolog ngerasa situasi,-1,1,0.7864537,True,high
2648,Aku pengen nggak takut lagi sama suara-suara itu. Gimana caranya?,takut neng ngatasin takut salah perhati muncul dengerin musik temen jangka panjang bicara psikolog muncul ngelolanya sendiri tenang,-1,0,0.8084843,True,high
2654,Aku merasa nggak bisa kontrol diri kalau udah minum sedikit. Ini kenapa ya?,kontrol diri udah frustrasi udah susah kontrol otak reaksi kuat alkohol faktor stres terapi kenal picu kontrol diri catat situasi susah henti,-1,12,0.82669306,True,high
2657,Aku pengen minum terus biar nggak mikirin masalah. Apa salah kalau aku seneng gitu?,terus mikirin salah neng paham hilang sebentar tambah salah senang terus bukan solusi sehat hadap terap teknik relaksasi,-1,0,0.8321934,True,high
2661,Kadang aku minum pas lagi sedih. Apa itu nggak apa-apa?,sedih sedih lega sebentar selesain sedih justru tambah berat sedih dengerin,-1,0,0.7036327,True,high
2663,Aku merasa nggak punya siapa-siapa yang mendukungku untuk berhenti minum. Aku harus apa?,siapa siapa dukung henti berat sendiri juang sendiri dengar kelompok dukung daerah alam rupa semangat tahu kelompok,-1,6,0.71844804,True,high
2665,"Aku merasa bersalah karena minum, tapi nggak bisa berhenti. Aku harus mulai dari mana?",salah henti salah tunjuk peduli diri sendiri udah awal bagus henti gampang kecil catat kapan tahu pola situ rencana bareng catat lama beberapa bahas,-1,3,0.8059145,True,high
2668,Aku suka minum pas lagi sendiri di rumah. Gimana caranya biar nggak gitu lagi?,sendiri sendiri emang ngelakuin nyaman giat gantiin nyalain film main game telepon temen atur nyetok alkohol jarang laku,-1,11,0.74462485,True,high
2672,Aku merasa nggak ada yang peduli kalau aku berhenti minum atau nggak. Aku harus tetep coba nggak?,peduli henti tahu sepi dukung peduli layak hidup sehat henti diri sendiri sehat bahagia dukung peduli,-1,0,0.71233404,True,high
2676,"Aku pengen hidup normal lagi, tapi nggak tahu caranya. Dari mana aku mulai?",hidup tahu hidup bangga kecil sehat dukung treatment buprenorphine stabilin hidup penting aktivitas bahagia bayangin hidup,-1,0,0.7893597,True,high
2678,Aku merasa hidupku berantakan gara-gara kecanduan. Apa aku bisa sembuh?,hidup beranta gara gara candu sembuh tahu berat percaya bangkit hasil candu kecil nali picu dukung aktivitas bahagia ubah kecil hindar situasi candu muncul dukung,-1,0,0.80716467,True,high
2680,Aku merasa nggak punya waktu buat hobi karena kerja mulu. Gimana caranya biar seimbang?,kerja mulu imbang kerja nyedot diri sendiri sisih baca buku jalan santai jadwal kecil patuh janji diri sendiri ngatur tips prioritas,-1,11,0.83702016,True,high
2681,Aku kadang kangen sama kehidupan sebelum kecanduan. Apa aku bisa balik ke situ lagi?,kangen hidup candu balik situ kangen hidup balik persis masa hidup sehat bahagia kecil neng keluarga rencana pertama,-1,0,0.7539334,True,high
2688,Aku suka ngecek jam atau ny cubit diri sendiri biar yakin aku nggak kehilangan kenyataan. Ini buruk nggak sih?,ngecek cubit diri sendiri yakin hilang nyata sebut perilaku laku tenang terlalu takut tahan kurang pelan pelan ngecek lama turut,-1,0,0.8480196,True,high
2691,"Aku coba hadapi ketakutan di rumah sendirian, tapi aku malah kabur ke rumah tetangga. Aku gagal banget ya?",hadap takut sendiri malah kabur tetangga gagal gagal nyoba hadap takut sendiri udah pendek sendiri kabur,-1,2,0.7736727,True,high
2694,Aku pengen sembuh total dari sakit ini. Apa mungkin?,sembuh total sakit tahu bebas sakit ngerasa sakit udah lama kelola tetap jalan hidup makna rencana kecil laku senang,-1,2,0.8061069,True,high
2695,Aku suka ngerasa kesepian karena nggak bisa ikut kegiatan sama temen-temen. Gimana caranya biar nggak gitu?,ngerasa sepi giat temen temen sepi berat tinggal temen dekat suasana santai nemenin nyari giat sesuai kondisi,-1,0,0.735103,True,high
2699,"Aku pernah dengar soal CBT, itu apa sih? Bisa bantu aku nggak?",dengar terapi perilaku kognitif metode kelola perilaku sakit stres berat ubah sakit info,-1,12,0.7806968,True,high
2701,Aku ngerasa nggak punya harapan lagi karena sakitku nggak sembuh-sembuh. Aku salah nggak sih ngerasa gitu?,ngerasa harap sakit sembuh sembuh salah ngerasa salah tunjuk betapa berat hadap harap pelan pelan kecil cahaya sayang,-1,0,0.76846576,True,high
2702,Aku merasa nggak berguna karena nggak bisa ngapa-ngapain seperti dulu. Apa aku bakal gini selamanya?,lama berat salah ngomong bukan fakta daftar kecil laku kecil jalan kaki tuju kecil nambah aktivitas perlahan laku,-1,0,0.80332613,True,high
2704,"Aku coba relaksasi, tapi pikiranku malah kemana-mana. Apa aku salah melakukannya?",relaksasi malah salah laku salah lari lari layang perhati bawa bayangin awan lewat diafragma catat susah obrolin bareng,-1,11,0.73195696,True,high
2705,Aku merasa kesepian karena nggak bisa ketemu temen seperti dulu. Apa yang bisa aku lakukan?,sepi temen laku sepi berat ringan telepon kirim pesan teman percaya perlu langsung cukup singkat visual imagery bayangin tempat favorit tenang suasana kurang sendiri,-1,0,0.8315449,True,high
2708,Aku merasa orang-orang nggak ngerti sakitku. Apa aku harus cerita ke mereka?,sakit frustrasi paham pilih percaya sederhana usaha sakit butuh nyaman jernih dengerin,-1,0,0.8305754,True,high
2709,Aku merasa nggak ada yang peduli sama aku. Apa aku salah merasa gitu?,peduli salah peduli berat muncul struggle lupa peduli ingat kecil ringan dengerin,-1,0,0.76425636,True,high
2718,"Aku sering makan banyak banget dalam sekali duduk, lalu merasa bersalah. Kenapa gitu?",makan sekali duduk salah dengar berat makan sekali duduk salah sedang juang makan emosi tekan picu tahu balik pola bareng,-1,0,0.7795531,True,high
2720,Aku suka ngecek badanku di cermin berkali-kali sehari. Itu wajar nggak?,ngecek badan cermin ngecek badan cermin sedang tampil capek emosional laku ganggu aktivitas kurang bareng pikirin ngecek cermin,-1,0,0.738058,True,high
2724,"Aku ngerasa penampilanku jelek banget, makanya aku selalu cek badan di cermin. Ini salah nggak sih?",ngerasa tampil jelek makanya badan cermin salah salah badan cermin makin nyaman perhati giat senang bangga catat kapan jelek pola ngerasa,-1,0,0.7585434,True,high
2725,"Aku ngerasa nggak punya kendali sama makanan, kayaknya aku lelet banget progressnya. Aku salah apa?",ngerasa kendali makan lelet progressnya salah salah ngerasa kendali progress cepet udah hasil kecil tahu hilang kendali rencana kecil ngerasa,-1,0,0.76635504,True,high
2727,"Aku coba catat apa yang aku makan, tapi kok ngerasa malu sama apa yang aku tulis. Normalkah ini?",catat makan ngerasa malu malu nyatet makan usaha paham pola makan catat alat pola bukan nilai diri catat bukan malu malu catat,-1,3,0.7594863,True,high
2730,"Aku suka banget ngecek badan di cermin, tapi kok malah bikin aku makin insecure?",ngecek badan cermin malah makin insecure cermin campur aduk ngecek terus terus malah insecure kurang frekuensi cermin perlu praktis rapi rambut susah tahu ngecek terus,-1,13,0.6840277,True,high
2732,Aku menghindari cermin karena takut lihat badanku. Apa yang harus aku lakukan?,hindar cermin takut badan laku hindar cermin lindung diri lama lama takut makin kuat kecil cermin kilas netral rambut atur pelan pelan nyaman,-1,5,0.7665067,True,high
2733,Aku merasa gendut padahal orang bilang badanku normal. Kenapa aku merasa gitu?,gendut padahal badan gendut nyata tubuh datang emosi alam stres insecurity catat kapan pola bareng paham picu situ,-1,0,0.83426213,True,high
2737,"Aku dan pasanganku sering banget bertengkar soal kebiasaan sehari-hari. Aku capek banget, apa yang bisa aku lakukan?",pasang tengkar capek laku lelah terus terus tengkar pasang tahu salah paham pola konflik ribut sulit pasang bicara suasana tenang bukan salah terus ulang terapi pasang paham nyaman bicara pasang,-1,0,0.7535677,True,high
2738,"Aku merasa pasanganku terlalu menuntut, aku capek harus nurutin dia terus. Apa yang bisa aku lakukan?",pasang terlalu tuntut capek nurutin terus laku berat terus terus tuntut situasi pola jebak pasang bicara harap jelas tekan bukan salah terus ulang terapi pasang akar siap bicara,-1,0,0.8142797,True,high
2739,"Aku dan pasanganku kayak nggak cocok lagi, apa artinya kami harus putus?",pasang cocok arti putus cocok pasang sedih arti putus perlu paham pola berat cocok terapi pasang saling paham usaha,-1,0,0.7151911,True,high
2740,Aku suka nunda-nunda buat ngurusin kesehatan mentalku. Gimana caranya biar aku mulai peduli sama diri sendiri?,nunda nunda ngurusin sehat mental peduli diri sendiri senang mikirin sehat tunda overwhelmed tahu kecil luang refleksi tuju kecil spesifik janji psikolog minggu ingat peduli diri sendiri sempurna penting kecil,-1,0,0.8632294,True,high
2741,"Aku merasa pasanganku nggak pernah dengerin aku, aku harus teriak biar dia dengar. Apa salahku?",pasang dengerin teriak dengar salah betapa frustrasi dengar teriak malah komunikasi makin sulit pasang dengerin bicara momen tenang jelas rasain salah sedih direspon terapi pasang dengerin bicara suasana santai,-1,0,0.8173245,True,high
2743,Aku merasa pasanganku nggak pernah bikin aku merasa dicintai. Apa aku yang salah minta terlalu banyak?,pasang cinta salah minta terlalu cinta sedih salah cinta pasang nunjukin cinta nyampe cinta lewat perhati kecil bareng terus ulang terapi pasang paham butuh masing masing,-1,0,0.77789485,True,high
2749,Aku takut ketemu orang baru karena pernah disakiti. Apa yang bisa aku lakuin?,takut sakit lakuin alam waspada interaksi kecil sapa tetangga ringan diri sendiri percaya,-1,0,0.797703,True,high
2751,Aku suka nyanyi keras-keras biar nggak denger pikiran burukku. Apa ini salah?,denger salah salah bagus ngalihin kreatif ngatasin tambah aktivitas jalan kaki tenang,-1,0,0.75646424,True,high
2752,Aku cuma pengen lari dari semua masalahku. Apa ini buruk?,lari lari hindar hadap pelan pelan kecil cemas nemenin hadap,-1,6,0.697861,True,high
2756,"Aku suka ngelakuin hal-hal yang bikin pasanganku kesel, kayak sengaja nunda-nunda. Apa aku salah?",ngelakuin pasang kesel sengaja nunda nunda salah jujur ngaku tahu pasang kesel pikirin nunda nunda stres alas bukan salah nyaman lanjut nunda,-1,11,0.7918611,True,high
2759,Aku merasa pasanganku nggak pernah ada buat aku pas aku butuh. Ini wajar nggak?,pasang butuh sedih sendiri butuh dukung penting ngomongin pasang rasain nuduh sendiri susah saling dukung susun kata kata bareng,-1,0,0.74586403,True,high
2761,Aku pengen hubunganku sama pasangan kayak dulu lagi. Mungkinkah?,pasang kangen masa masa indah ubah iring bukan balik momen indah spesial pikirin bawa,-1,0,0.7009982,True,high
2763,Aku nggak bisa ngomongin perasaanku sama pasangan. Takut dia nggak terima. Apa yang harus aku lakuin?,ngomongin pasang takut terima lakuin mudah hati takut tolak ngomongin penting kecil enak hati pilih tenang jujur nuduh susun kata kata,-1,0,0.8246002,True,high
2764,Aku merasa pasanganku nggak cukup sayang sama aku. Gimana caranya biar aku nggak mikir gitu?,pasang cukup sayang mikir berat kurang sayang kecil lakuin bareng harga ngomongin jelas dengerin lanjut,-1,0,0.80325305,True,high
2765,"Aku pengen ninggalin pasanganku, tapi takut nggak bisa hidup sendiri. Apa yang harus aku pikirin?",ninggalin pasang takut hidup sendiri pikirin putus berat pikirin pergi takut sendiri urutin kontra putus bareng lanjut bimbang dengerin,-1,0,0.7558564,True,high
2766,Aku sering ngerasa bersalah karena nggak bisa bikin pasanganku senang. Apa yang salah sama aku?,ngerasa salah pasang senang salah salah bahagia pasang ngontrol gagal senang pikirin saling dukung beban berat,-1,0,0.752042,True,high
2767,Aku suka sengaja cuekin pasanganku pas marah. Apa ini buruk?,sengaja cuekin pasang marah cuekin pasang strategi ngelindungin diri malah tambah rumit jeda emosi pasang ngerasa abai tahu butuh sebentar tenang cuekin,-1,0,0.82486975,True,high
2771,Aku suka merasa nggak cukup baik buat pasanganku. Kayak dia pantas dapat yang lebih. Ini normal nggak sih?,cukup pasang pantas dirasain utama insecure penting ngingetin diri sendiri saling terima bukan pantas pantas cukup bongkar bareng akar,-1,0,0.7677411,True,high
2772,"Pasangan aku suka banget ngasih saran, tapi kok rasanya kayak kritik. Aku jadi kesel sendiri. Gimana sih cara ngatasin ini?",pasang ngasih saran kritik kesel sendiri ngatasin nyebelin saran dengar kritik pasang nyakitin nyampaikan disalahin rasain nyudutin neng saran kurang paham,-1,0,0.72445655,True,high
2773,Aku ngerasa hubunganku udah nggak bisa diselametin. Apa aja sih tanda-tanda hubungan yang masih bisa diperbaiki?,ngerasa udah diselametin tantang usaha jujur duduk bareng dengerin masing masing buru buru ngehakimi fondasi kuat ngerasa udah diselametin,-1,11,0.7287267,True,high
2774,Aku suka ngerasa bersalah kalau lagi bahagia. Kayak nggak pantes gitu. Ini kenapa ya?,ngerasa salah bahagia pantes salah bahagia datang alam masa pola ngerasa bahagia bayar aneh gali ngerasa salah pola bareng,-1,0,0.71148825,True,high
2775,Pasanganku sering banget menjauh kalau kita lagi ribut. Aku jadi ngerasa ditinggalin. Apa yang harus aku lakuin?,pasang jauh ribut ngerasa ditinggalin lakuin enak pasang jauh konflik ngelindungin diri emosi intens sepi dekat suasana udah tenang terus rasain ngerasa hilang jauh pintu jujur udah,-1,0,0.82647026,True,high
2777,Aku kadang ngerasa pasanganku nggak ngerti aku sama sekali. Gimana caranya biar dia lebih peka?,ngerasa pasang sekali peka erti frustrasi pasang bukan peka nunjukin perhati spesifik butuhin butuh dengerin saran jujur butuh ngungkapin,-1,0,0.7333773,True,high
2778,"Kalau aku sama pasangan beda banget cara ngatasin masalah, itu bakal bikin hubungan gagal nggak sih?",pasang ngatasin gagal ngatasin otomatis gagal justru saling lengkap nerima kerja bareng emosional logis tengah dengerin masing masing solusi,-1,11,0.760332,True,high
2779,Aku suka ngerasa nggak dihargai sama pasangan. Apa yang bisa aku lakuin biar dia lebih ngehargain aku?,ngerasa harga pasang lakuin ngehargain harga berat pertama ngerasa contoh ngasih perhati kata kata kecil terus tenang rasain butuhin ngerasa harga ngasih tahu kecil udah,-1,0,0.73849595,True,high
2780,Aku suka ngelupain diri sendiri demi bikin pasangan seneng. Ini sehat nggak sih?,ngelupain diri sendiri pasang neng sehat terus terus ngelupain diri sendiri pasang sehat imbang penting ngerasa ngalah nyuarain butuh ngerasa salah,-1,0,0.7095228,True,high
2781,Pasanganku bilang aku kebanyakan ngeluh. Tapi aku cuma pengen didenger. Aku salah nggak sih?,pasang ngeluh didenger salah salah didenger pasang ngerasa overwhelmed nyampein tahu nanggepin ngerasa harga butuh dengerin solusi,-1,0,0.71394324,True,high
2782,"Aku ngerasa pasanganku nggak pernah salah, selalu aku yang disalahin. Ini adil nggak sih?",ngerasa pasang salah disalahin adil frustrasi sehat terus terus ngerasa salah beneran ngaku salah ngerasa ngomong atur saling nyalahin masing masing,-1,0,0.7025035,True,high
2783,"Aku pengen ninggalin pasanganku, tapi takut nyesel. Gimana caranya tahu ini keputusan yang bener?",ninggalin pasang takut tahu putus putus emang berat takut ninggalin ragu kontra terus nilai nilai jalan percaya profesional situasi jernih ninggalin,-1,2,0.78870094,True,high
2784,Aku ngerasa hubunganku kayak nggak maju-maju. Apa yang bisa aku lakuin biar nggak stuck?,ngerasa maju maju lakuin stuck stuck muncul tuju bareng komunikasi mandek pasang capai bareng rencana masa depan kecil libur bareng hidup ngerasa maju,-1,0,0.8182802,True,high
2789,Aku ngerasa nggak pantas bahagia setelah apa yang terjadi. Ini normal nggak?,ngerasa pantas bahagia muncul trauma ubah diri sendiri salah pantas bahagia kecil senyum kecil senang,-1,5,0.785635,True,high
2791,Aku kadang pengen nyakitin diri sendiri biar nggak kepikiran trauma. Ini salah nggak?,nyakitin diri sendiri trauma salah sedih dengar salah lepas sakit sakit diri sendiri bukan sehat hadap,-1,0,0.6941226,True,high
2792,Aku merasa bersalah banget karena pernah melakukan kesalahan besar di masa lalu. Rasanya aku nggak pantas bahagia. Gimana caranya aku bisa lepas dari perasaan ini?,salah laku salah masa pantas bahagia lepas salah berat pantas bahagia muncul terlalu diri sendiri fakta fakta bukan kontrol bareng jelas,-1,0,0.8064797,True,high
2793,Aku ngerasa dunia ini nggak adil dan semua orang cuma mikirin diri sendiri. Ini bikin aku susah percaya sama orang lain. Normal nggak sih gitu?,ngerasa adil mikirin diri sendiri susah percaya kecewa alam sulit percaya terus egois makin sendiri bareng hidup nunjukin kecil situ pelan pelan diri dengerin,-1,0,0.8150487,True,high
2794,Kadang aku ngerasa nggak ada gunanya hidup karena aku cuma bikin masalah. Apa aku harus nyerah aja?,ngerasa hidup nyerah sedih denger ngerasa sendiri muncul puruk arti beneran kecil arti momen ngerasa bangga diri sendiri datang konselor nemenin pertama,-1,0,0.7596427,True,high
2795,Aku ngerasa aku nggak bisa ngapa-ngapain dengan benar. Semua keputusan aku selalu salah. Gimana biar aku lebih percaya diri?,ngerasa putus salah percaya diri diri sendiri putus salah down putus hasil kecil situ putus salah daftar kecil laku ngerasa percaya diri,-1,2,0.78008413,True,high
2799,Aku ngerasa hidupku hancur gara-gara satu kejadian. Apa aku bisa sembuh dari ini?,ngerasa hidup hancur gara gara sembuh beranta sembuh butuh ngalamin berat pelan pelan yakin ngomongin ngerasa hancur kecil hidup nemenin,-1,2,0.7761447,True,high
2802,Aku ngerasa bersalah karena nggak bisa nolong orang yang aku sayang pas mereka susah. Apa yang bisa aku lakuin?,ngerasa salah nolong sayang susah lakuin salah tunjuk peduli sayang lupa nolong gagal lakuin kecil detail pikirin bareng ngurangin salah,-1,2,0.7734958,True,high
2804,Aku ngerasa kayak nggak punya kendali atas hidupku lagi setelah kejadian itu. Apa yang bisa aku lakuin biar ngerasa lebih kuat?,ngerasa kendali hidup lakuin ngerasa kuat hilang kendali frustrasi yakin pelan pelan kendali kecil kontrol putus sederhana makan situ diri ngerasa kuat ngerasa hilang kendali bareng,-1,0,0.7945632,True,high
2805,Aku merasa sulit untuk percaya pada orang lain setelah dikhianati. Apa itu wajar?,sulit percaya khianat betapa berat khianat mudah percaya tubuh hormon nama oksitosin dukung percaya empati luka batin butuh pulih jangan paksa kecil percaya lewat sederhana dukung,-1,0,0.7837132,True,high
2807,"Aku suka menulis tentang hidupku, kadang sampai menulis hal-hal emosional. Apakah itu aneh?",hidup emosional aneh sekali aneh justru alam pribadi paham diri sendiri bahkan lega sulit proses ringan sekaligus otak ingat olah alam sehat,-1,0,0.7675035,True,high
2808,"Aku sering nonton acara TV untuk hiburan, tapi kadang jadi merasa kosong. Kenapa ya?",nonton acara hibur kosong otak kurang rangsang makna tonton sebut beberapa acara beri nutrisi pilih tonton didik wawas semangat hampa,-1,0,0.7647594,True,high
2809,Kadang aku merasa terlalu bergantung pada orang lain untuk ambil keputusan. Apakah itu salah?,terlalu putus salah sepenuh salah minta penting diri putus sendiri kendali hidup pola makan gaya hidup hingga atur emosi pilih percaya diri kuat hadap tantang,-1,0,0.8073282,True,high
2810,Saya sering merasa pengap dan sulit fokus di rumah. Apakah membuka jendela benar-benar bisa membantu?,pengap sulit jendela jendela ventilasi udara segar hilang polutan ruang kurang gejala pusing lelah susah konsentrasi luang istirahat luar hirup udara segar beberapa,-1,0,0.69168967,True,high
2811,"Kalau di kantor nggak bisa buka jendela, apa yang bisa saya lakukan saat merasa kepala berat dan kurang fokus?",kantor jendela laku kepala berat kurang jendela istirahat singkat beberapa keluar jenak jalan santai diri luar gedung lama kipas ventilasi mekanis udara ruang,-1,10,0.69881314,True,high
2812,Saya merasa kesepian tapi takut bertemu orang baru. Bagaimana kalau saya mulai memperluas lingkaran sosial?,sepi takut luas lingkar sosial perlahan aktivitas kecil nyaman telepon singkat keluarga kelompok sesuai hadir rutin manfaat datang makna kualitas teman bukan jumlah,-1,10,0.7652085,True,high
2814,Saya gampang terdistraksi dan susah menyelesaikan tugas. Ada cara praktis untuk melatih fokus?,gampang terdistraksi susah tugas praktis sederhana atur jangka kerja singkat istirahat singkat rutin jenis selektif konsistensi kecil usaha sekali sekali,-1,10,0.7601558,True,high
2815,Saya merasa bersyukur kadang terasa dibuat-buat. Apakah menulis syukur benar-benar membantu?,syukur syukur syukur bukti beberapa emosi negatif efek tambah laku rutin bukan arti paksa syukur palsu kecil hidup,-1,0,0.76737976,True,high
2816,"Kalau saya sedang depresi, apakah latihan syukur masih berguna?",sedang depresi syukur syukur depresi berat efek batas bukan terapi profesional depresi penting dukung tenaga sehat mental laku syukur,-1,0,0.8073385,True,high
2817,"Saya benci pekerjaan saya, tapi saya tetap bertahan karena butuh uang. Apakah ini bisa memengaruhi kesehatan mental saya?",benci kerja tetap tahan butuh uang pengaruh sehat mental benci kerja jangka panjang dampak negatif tingkat risiko depresi insomnia cemas situasi terlalu berat perlu opsi entah kerja sisi kerja makna sehat mental penting stabilitas finansial,-1,0,0.77593917,True,high
2818,Saya merasa gagal karena tidak bisa jadi yang terbaik. Bagaimana cara saya menyikapinya?,gagal sikap bukan sempurna jalan cepat jauh gerak sekali pilih bawa dampak positif harga kecil bentuk hasil,-1,0,0.78420305,True,high
2819,"Akhir-akhir ini aku merasa gampang marah, emosiku naik turun, dan sering sakit kepala. Apa mungkin ini karena stres?",akhir akhir gampang marah emosi naik turun sakit kepala stres kait stres stres tubuh hasil otak terus siaga sulit tenang emosi stabil bahkan muncul sakit kepala salah nyaman diri sedang stres perlahan urus kendali luar kendali izin diri terus otak lega,-1,0,0.8055982,True,high
2820,"Aku pengen bisa lebih bahagia, tapi kadang kepikiran terus sama masalah-masalahku. Apa ada cara sederhana buat mulai merasa lebih positif?",bahagia terus sederhana positif sendiri sulit lepas kecil tetap sibuk aktivitas manfaat terlalu lama jebak khawatir afirmasi positif raya hasil kecil kurang kata kata negatif diri sendiri bukan arti hilang otak sisi tenang,-1,0,0.8425123,True,high
2821,Akhir-akhir ini aku merasa sulit tersenyum karena beban pikiran yang berat. Apa benar tersenyum bisa membantu perasaanku jadi lebih baik?,akhir akhir sulit senyum beban berat senyum paham berat senyum sulit senyum kecil beri positif otak senyum bukan solusi instan reda stres suasana hati tenang berat senyum kecil paksa diri,-1,0,0.79926074,True,high
2822,"Saya merasa bahagia setelah jatuh cinta, tapi takut itu berlebihan. Apa yang sebaiknya saya lakukan?",bahagia jatuh cinta takut laku bahagia jatuh cinta otak stimulasi bahagia tetap jaga imbang beri ruang teman sehat fisik ganggu fungsi putus risiko bicara percaya profesional situasi jernih,-1,0,0.8768247,True,high
2823,"Saya sering merasa kesepian, tapi takut keluar rumah. Bagaimana saya bisa bersosialisasi tanpa terasa berat?",sepi takut keluar sosial berat kecil obrol singkat tetangga kelas singkat gabung kelompok bahkan sebentar tingkat suasana hati jangan paksa diri laku perlahan sesuai nyaman,-1,0,0.8200824,True,high
2824,Saya sering sakit perut dan mood saya berubah-ubah. Ada hubungan antara usus dan suasana hati?,sakit perut mood ubah ubah usus suasana hati saraf enterik usus erat otak neurotransmitter serotonin produksi salur cerna urus sehat usus tangan cerna stabil suasana hati,-1,12,0.7547796,True,high
2827,Saya jarang bersosialisasi karena takut ditolak. Tetapi saya tahu bersosialisasi baik untuk otak. Mulai dari mana?,jarang sosial takut tolak tahu sosial otak kecil kelompok lokal hadir acara singkat teman lama interaksi konsisten singkat otak lepas hormon jaga koneksi sosial raya kecil tata jaring sosial butuh,-1,10,0.7943611,True,high
2828,Kadang saya merasa orang lain mengecilkan masalah saya dengan mengatakan 'yaudah santai saja'. Bagaimana menghadapi komentar seperti itu?,kecil kata yaudah santai hadap komentar abai sakit valid ungkap tenang sedang sulit butuh dengar terus remeh dukung tunjuk empati erti profesional pilih butuh penuh,-1,0,0.84415126,True,high
2829,Saya khawatir kalau begitu banyak tips ini malah membuat saya merasa harus sempurna. Bagaimana saya bisa mengambil langkah tanpa menekan diri?,khawatir tips malah sempurna tekan diri khawatir ubah kecil bukan sekaligus ingat maju kecil lanjut usaha cepat padam beri diri izin gagal proses,-1,2,0.8146436,True,high
2830,"Kalau saya bereaksi marah di meeting karena merasa idenya buruk, apa pilihan yang lebih sehat?",reaksi marah meeting pilih sehat pilih nyata langsung tunggu bicara pribadi timbang tuju malu dialog tindak bijaksana seringkali hasil konsekuensi sosial tetap jaga integritas,-1,0,0.81390166,True,high
2831,Saya kadang merasa bersalah karena tidak bisa selalu bahagia. Bagaimana jika rasa sedih datang lagi?,salah bahagia sedih datang sedih negatif bukan gagal rentang emosional manusia penting langsung hidup paksa positive thinking beri ruang proses emosi pola ganggu fungsi dukung konseling bijak,-1,0,0.8495556,True,high
2832,"Saya ingin strategi kebahagiaan yang lebih bertahan lama, bukan cuma sensasi sementara. Ada saran?",strategi bahagia tahan lama bukan sensasi saran evaluasi beri makna puas jangka panjang bukan sekadar senang instan variasi tuju realistis makna bentuk bahagia tahan lama hindar strategi risiko tipu konsekuensi justru rugi,-1,0,0.7446054,True,high
2833,Saya takut mencoba hal baru karena khawatir gagal. Cara menghadapi rasa takut itu?,takut khawatir gagal hadap takut kecil kendali pecah tuju tugas kecil ingat otak alam gagal kecil beri penting kembang proses bukan hasil beri diri izin nilai diri,-1,2,0.83057857,True,high
2834,"Saya sering merasa orang lain yang mengendalikan hidup saya, sulit memilih untuk diri sendiri. Apa yang bisa saya lakukan?",kendali hidup sulit pilih diri sendiri laku sendiri pilih kecil pilih aktivitas akhir pekan istirahat pilih kecil diri sendiri bahagia takut salah ingat putus beri sempat capai hasil sempurna,-1,0,0.80460626,True,high
2835,Saya merasa usaha belajar tidak ada artinya dan cepat menyerah. Bagaimana agar tetap konsisten?,usaha arti cepat serah tetap konsisten putus hasil konsistensi pecah tuju kecil capai teman kecil beri dukung ingat diri proses konsisten arti kilas maju instan,-1,0,0.7521008,True,high
2836,Saya merasa nyaman di zona aman tapi tahu harus berubah. Bagaimana memaksa diri keluar dari zona nyaman tanpa merasa kewalahan?,nyaman zona tahu ubah paksa diri keluar zona nyaman kewalahan keluar kecil zona nyaman paling efektif pilih aktivitas tantang panik makan raya usaha alam kecil otak ubah,-1,0,0.80393726,True,high
2837,"Kalau aku mencoba hal baru dan merasa canggung, apakah harus terus dipaksa sampai merasa nyaman?",canggung terus paksa nyaman canggung perlu paksa diri terus terus jeda dekat tahap laku giat beberapa intensitas tingkat perlahan nyaman tekan evaluasi tuju tepat,-1,0,0.76799333,True,high
2838,Saya susah mengekspresikan emosi dan sering menahannya. Apakah mengekspresikan emosi selalu membantu?,susah ekspresi emosi tahan ekspresi emosi ekspresi emosi umum sehat turun beban internal konteks penting tumpah emosi salah bentuk rugi bukan solusi lepas bicara percaya terapi emosi proses timbul rusa,-1,0,0.76503193,True,high
2839,"Kalau saya merasa sangat sedih dan terus menangis, apakah itu tanda saya butuh bantuan profesional?",sedih terus menang butuh profesional menang respons manusiawi sedih bila sedih terus ganggu fungsi tidur makan kerja perlu profesional dukung bukan lemah bijak rawat diri,-1,0,0.78717816,True,high
2840,Lingkungan rumah saya membuat saya stres. Haruskah saya selalu pergi dari situasi itu?,stres pergi situasi jarak tekan beri perspektif kurang stres ubah permanen praktis ruang kecil jadwal jauh sumber stres bahaya timbang minta,-1,10,0.7290685,True,high
2841,"Saya ingin melakukan perjalanan ke tempat baru untuk 'menyegarkan' pikiran, tapi takut biayanya. Ada alternatif murah?",laku jalan tempat segar takut biaya alternatif murah jalan mahal beri efek segar libur murah staycation giat sukarela kunjung singkat tempat dekat kota alam istirahat bukan keluar,-1,0,0.7854368,True,high
2842,Terkadang saya merasa semua usaha untuk jadi lebih baik terasa sia-sia. Apa yang bisa saya lakukan saat merasa putus asa?,terkadang usaha laku putus putus jangan tetap standar seluruh jalan kecil kontrol kecil laku kecil bukti usaha sepenuh putus lekat lama timbang bicara profesional,-1,2,0.76805604,True,high
2844,Saya ingin saran praktis untuk memulai perubahan kecil yang bisa meningkatkan kebahagiaan sehari-hari.,saran praktis ubah kecil tingkat bahagia sederhana laku lama jalan syukur tertawa senyum catat maju kecil bila perlu tiru hasil masuk sebut inspirasi,-1,5,0.80317557,True,high
2845,"Dikatakan orgasme bisa mengurangi depresi. Kalau saya tidak mengalami orgasme, apakah artinya saya lebih mungkin depresi?",kata orgasme kurang depresi alami orgasme arti depresi dokumen sebut korelasi orgasme suasana hati korelasi alami orgasme bukan arti depresi faktor pengaruh sehat mental suasana hati turun terus terus konsultasi profesional sehat mental nilai dukung tepat,-1,12,0.7028737,True,high
2846,Saya merasa cemas setelah pijat — kenapa bisa begitu?,cemas pijat respons beberapa kontak fisik lepas tegang muncul emosi tumpuk bukan gagal pijat justru terapi fisik ruang emosi perlu proses ganggu bicara terap pijat sedia sehat,-1,0,0.7789115,True,high
2847,Saya mudah frustrasi saat kalah catur. Bagaimana saya bisa menikmati prosesnya tanpa terlalu memikirkan hasil?,mudah frustrasi kalah catur nikmat proses terlalu hasil proses nikmat pola analisis kalah data kembang bukan ukur harga diri beri diri puji usaha bukan hasil catur picu tekan batas durasi main teman dukung suasana,-1,0,0.81652373,True,high
2848,Saya pernah merasa sangat emosional setelah sesi meditasi atau hipnosis. Apakah itu normal?,emosional sesi meditasi hipnosis teknik relaksasi emosi tahan emosi intens ganggu fungsi timbang henti praktik diskus terap konselor pemrosesan lanjut,-1,12,0.737387,True,high
2849,Saya merasa tidak punya teman yang 'cerdas' untuk diajak diskusi. Bagaimana saya bisa tetap menstimulasi otak?,teman cerdas diskusi tetap stimulasi otak tantang arti pintar gabung klub baca forum diskusi kursus singkat penting libat mampu kritis reguler,-1,10,0.7256615,True,high
2852,"Stres kuliah menumpuk, apa langkah problem‑focused pertama?",stres kuliah tumpuk problem focused pertama identifikasi tugas dekat jatuh tempo prioritas alokasi spesifik kalender,-1,10,0.7677289,True,high
2853,Bagaimana menenangkan emosi ketika menunggu hasil pemeriksaan medis?,tenang emosi tunggu hasil periksa medis kemudian kertas sensor lama emosi salur tubuh tenang,-1,0,0.7490684,True,high
2854,Saya takut kalau menangis malah makin lemah.,takut menang malah makin lemah menang mekanisme biologis lepas hormon stres ringan bukan lemah,-1,0,0.7510638,True,high
2855,Bagaimana contoh proaktif menghadapi minggu ujian?,contoh proaktif hadap minggu susun jadwal minggu sedia relaksasi jadwal kelola tekan puncak,-1,10,0.68934363,True,high
2858,Bagaimana saya memulai program manajemen stres pribadi?,program manajemen stres pribadi edukasi baca artikel percaya pilih teknik praktik jadwal catat ubah,-1,10,0.72169816,True,high
2859,Apa format jurnal stres yang simpel?,format jurnal stres simpel kolom situasi emosi kata respons tubuh singkat konsisten stres muncul,-1,10,0.7494028,True,high
2860,Bagaimana menghentikan pikiran ‘Aku gagal terus’?,henti gagal terus teknik stop swap muncul kata henti fakta netral,-1,0,0.64356035,True,high
2864,Bagaimana melakukan self‑affirmation sebelum wawancara kerja?,laku self affirmation wawancara kerja nilai pribadi paling penting keluarga kreativitas contoh tindak nyata baca ulang tepat wawancara,-1,10,0.7779169,True,high
2866,Saya sering overthinking tugas kuliah. Tips CSN versi rumah?,overthinking tugas kuliah tips versi edukasi stres catat picu atur jadwal realistik relaksasi evaluasi minggu,-1,10,0.70513046,True,high
2867,Apakah mengakui rasa iri itu buruk?,emosi awal kelola respon sehat motivasi,-1,0,0.69675696,True,high
2871,Bagaimana memilih teman sebagai buddy olahraga?,pilih teman buddy olahraga pilih jadwal mirip milik semangat saling dukung bukan hakim sepakat target realistis,-1,6,0.7145873,True,high
2872,"Kak, aku gampang panik begitu merasa pusing sedikit. Apakah aku terlalu sensitif atau memang ada yang salah?",gampang panik pusing terlalu sensitif salah peka hadap tubuh bagus panik muncul otak bunyi alarm catat kapan pusing picu berapa lama hilang keluh tetap makin intens konsultasi jurnal sederhana alarm palsu gejala butuh perhati,-1,0,0.8110978,True,high
2875,Aku sadar kadang pakai alasan sakit untuk skip kerja. Apa dampaknya?,alas sakit skip kerja dampak sekal istirahat pola makin cemas kerja sehat negosiasi workload cuti resmi ketimbang izin sakit palsu justru tambah salah,-1,0,0.7630742,True,high
2876,Aku tahu sedang cemas berat tapi belum juga ke konselor. Bagaimana memutuskan?,tahu sedang cemas berat konselor putus kontra takut manfaat sesi klien sesal tunda lega curhat profesional jadwal anggap,-1,1,0.75863516,True,high
2877,"Aku ingin membantu teman yang depresi, tapi takut salah. Tips?",teman depresi takut salah tips dengar buru buru nilai tawar konkret teman psikolog ingat dukung bukan terap jaga batas energi tetap imbang,-1,0,0.8129232,True,high
2878,"Sebagai perawat, aku mulai merasa lelah dan sinis. Langkah apa yang bisa kuambil?",awat lelah sinis luang micro break beberapa pasien manfaat kelompok dukung rekan jawat beban emosional bicara supervisor rotasi cuti gejala burnout makin berat,-1,10,0.81740403,True,high
2879,Bagaimana memanfaatkan hak tersebut agar tidak mengganggu perawatan?,manfaat sebut ganggu awat jadwal pasang cukup istirahat staf laku tindak tetap ranjang kerja hadir wajah kenal cukup tenang anak,-1,3,0.75936687,True,high
2880,"Aku kadang merasa berlebihan mengeluh, tapi sakitnya nyata. Bagaimana bersikap?",keluh sakit nyata sikap validasi nyeri jujur awat tepat lepas norma tegar vokal sehat prioritas,-1,0,0.80651313,True,high
2881,Apa itu pacing dan bagaimana melakukannya?,pacing laku giat sesi singkat jeda istirahat jadwal tuju cegah flare jaga produktivitas stabil,-1,-1,0.59039277,False,rejected
2883,Bagaimana cara keluar dari kesedihan yang membuat saya malas bangun?,keluar sedih malas target kecil duduk tepi tempat tidur hirup sedih psikolog sahabat ringan beban,-1,0,0.76473737,True,high
2886,Haruskah saya membuat jadwal meski sering merasa lelah?,jadwal lelah jadwal fleksibel sisip istirahat aktivitas penting tahu rencana jauh kurang cemas banding arus pegang,-1,0,0.7492229,True,high
2887,Apa cara cepat menenangkan diri saat serangan panik datang?,cepat tenang diri serang panik datang teknik grounding sebut benda sentuh dengar cium turun panik,-1,0,0.70093524,True,high
2888,"Sebagai pendamping, saya takut melakukan kesalahan. Apa yang bisa saya pegang?",damping takut laku salah pegang sempurna bukan tuju niat tulus damping komunikasi batas mampu tetap sehat fisik emosional,-1,0,0.8038434,True,high
2889,Saya takut masa depan; bagaimana iman dapat membantu?,takut masa depan iman luang hening baca suci tenang tenang makna sandar yakin spiritual,-1,0,0.7492335,True,high
2893,Saya khawatir curhat di internet malah menambah stres. Bagaimana menulis dengan aman?,khawatir curhat internet malah tambah stres batas privasi nyaman alam hindar detail medis sensitif timbul cemas,-1,0,0.7672967,True,high
2894,Hari ini saya gagal mengikuti jadwal. Apa yang harus saya lakukan?,gagal jadwal laku tubuh butuh istirahat ekstra evaluasi jadwal perlu sesuai sempat,-1,0,0.63840246,True,high
2896,"Saya suka menulis, tapi nggak yakin bagaimana itu bisa bantu stres saya. Apa itu penulisan ekspresif, dan bagaimana saya melakukannya?",yakin stres ekspresif laku keren already superpower ekspresif curhat buku hati berat takut hakim takut otak proses emosi laci penuh luang sensor simpan tempat gelisah,-1,0,0.82881343,True,high
2897,"Saya sering merasa sulit untuk berpikir positif. Apa hubungan optimisme dengan kesehatan, dan bagaimana saya bisa lebih optimis?",sulit positif optimisme sehat optimis susah positif totally human optimisme sinar matahari sehat optimis cenderung sehat kelola stres hidup sehat kabar seru optimisme faktor genetik catat kecil syukur kopi enak senyum temen lama lama otak sisi cerah kecil senyum,-1,0,0.78182983,True,high
2898,"Saya punya hubungan yang bikin saya stres sama temen. Bagaimana hubungan buruk bisa bikin saya nggak sehat, dan apa yang bisa saya lakukan?",stres temen sehat laku sehat emang hati berat tengkar harga stres naik lama lama ganggu sehat mental bahkan susah tidur cemas sendiri toksik bicara tenang temenmu kurang kontak harga siapa nyaman,-1,0,0.85728,True,high
2899,"Saya sering panik saat stres, dan nggak tahu cara tenangin diri. Apa itu latihan relaksasi, dan bagaimana saya bisa coba?",panik stres tahu tenangin diri relaksasi enak panik sendiri relaksasi tombol pause tubuh turun detak jantung tenang salah gampang detik tahan detik keluar detik tempat tenang bayangin tempat damai pantai seru kapan panik teknik kapan,-1,0,0.8280073,True,high
2900,"Saya punya penyakit kronis, dan kadang merasa hidup nggak bermakna. Apa itu kualitas hidup, dan bagaimana saya bisa meningkatkannya?",sakit kronis hidup makna kualitas hidup tingkat tahu hidup sakit kronis berat luar tetap juang kualitas hidup berapa nyaman bahagia jalan tantang sehat makna kecil nikmat bareng sayang daftar giat senang nonton film tanam bunga laku dokter konselor bahagia kapan,-1,0,0.81411886,True,high
2901,"Saya punya penyakit kronis, dan akhir-akhir ini merasa sedih terus. Mengapa saya merasa depresi, dan apa yang bisa saya lakukan?",sakit kronis akhir akhir sedih terus depresi laku mudah sendiri depresi muncul hidup sakit kronis tubuh kerja hadap tantang lari maraton jeda ringan percaya konselor lega laku kecil bahagia denger musik jalan taman sedih siapa bicara,-1,0,0.8646834,True,high
2903,"Saya takut memikirkan kematian, apalagi di usia muda. Bagaimana saya bisa mengatasi ketakutan ini?",takut mati usia muda takut mati takut usia muda topik berat takut muncul hidup panjang penuh rencana kendali hidup penuh makna bahagia temen lakuin konselor temen dekat takut hidup harga,-1,2,0.7890269,True,high
2904,"Saya baru kehilangan seseorang yang dekat, dan nggak tahu cara menghadapinya. Apa itu pendidikan kematian, dan bagaimana itu bisa bantu saya?",hilang dekat tahu hadap didik mati turut sedih hilang okay feel lost didik mati proses hilang duka lewat sehat peta navigasi sedih paham emosi temuin kenang sayang buku duka grup dukung konselor berat laku kenang,-1,0,0.78398824,True,high
2905,"Saya punya penyakit serius, dan ingin hidup tetap bermakna. Bagaimana saya bisa jaga kualitas hidup saya?",sakit serius hidup tetap makna jaga kualitas hidup inspiratif semangat hidup makna kualitas hidup bahagia nyaman tantang sehat senang bareng keluarga nikmat alam jaga komunikasi dokter atur gejala timbang konseling tetap kuat catat kecil bahagia hidup harga,-1,0,0.8013897,True,high
2906,"Saya merasa gampang panik saat stres, dan itu bikin cemas. Mengapa saya begitu reaktif, dan apa yang bisa saya lakukan?",gampang panik stres cemas reaktif laku paham panik cemas sendiri beberapa reaktif genetik alam awal tubuh cepat reaksi ganggu sehat mental relaksasi meditasi pagi tenangin reaksi picu panik solusi atur reaksi aplikasi meditasi gratis panik koping,-1,0,0.77228117,True,high
2907,"Saya baru di-PHK dan merasa sangat stres, bikin depresi. Mengapa peristiwa ini begitu berat, dan apa yang bisa saya lakukan?",stres depresi peristiwa berat laku tahu hilang kerja berat sendiri peristiwa negatif stres ganggu hidup identitas ningkatin depresi sehat mental kecil jalan pagi syukur curhat temen konselor bangkit grup dukung depresi,-1,0,0.8587493,True,high
2908,"Saya merasa susah adaptasi dengan stres berat, dan itu bikin down. Mengapa ini sulit, dan apa yang bisa saya lakukan?",susah adaptasi stres berat down sulit laku tahu stres berat down kuat stresor berat hilang sayang sulit overload emosi fisiologis ganggu sehat mental koping meditasi pagi curhat temen dukung syukur hadap pelan pelan koping stres stresor berat koping,-1,0,0.8135565,True,high
2911,"Saya baru cerai dan merasa stres banget, bikin cemas. Bagaimana perceraian memengaruhi kesehatan mental, dan apa yang bisa saya lakukan?",cerai stres cemas cerai pengaruh sehat mental laku tahu cerai berat kuat hadap cerai stres ganggu hidup emosi ningkatin cemas depresi sehat mental jalan sore curhat temen konselor harap masa depan grup dukung cerai cemas koping,-1,0,0.7909292,True,high
2912,"Saya ibu bekerja tapi merasa bersalah, bikin cemas. Bagaimana peran ganda bisa positif, dan apa yang bisa saya lakukan?",kerja salah cemas peran ganda positif laku tahu salah berat peran ganda kerja keluarga ningkatin harga diri puas kuat jalan sehat mental keren laku kerja laku relaksasi kurang cemas minta dukung pasang tugas bangga kerja kerja salah koping,-1,0,0.78962624,True,high
2913,"Saya punya penyakit kronis dan merasa hidup saya nggak lagi sama, bikin cemas. Apa itu kualitas hidup, dan apa yang bisa saya lakukan untuk kesehatan mental saya?",sakit kronis hidup cemas kualitas hidup laku sehat mental tahu hidup sakit kronis cemas hidup kualitas hidup berapa jalan aktivitas bahagia sakit sehat mental kecil senang jalan denger musik syukur nikmat hidup grup dukung cemas aktivitas,-1,0,0.78475296,True,high
2915,"Saya takut kena kecelakaan mobil, dan itu bikin cemas. Bagaimana kebiasaan aman bisa bantu, dan apa yang bisa saya lakukan?",takut kena celaka mobil cemas laku takut celaka peduli selamat sabuk main ponsel nyetir kurang risiko tenang sehat mental atur pribadi sabuk jalan taruh ponsel tempat susah jangkau pilih tips selamat motivasi takut,-1,0,0.79900444,True,high
2916,"Bagaimana langkah kecil seperti mencatat perasaanku tiap hari dapat bermanfaat, terinspirasi dari pendekatan Pinel?",kecil catat manfaat inspirasi dekat catat nali pola emosi riwayat kasus paham picu stres strategi coping sesuai,-1,10,0.80064744,True,high
2917,Aku sering menyalahkan diri sendiri. Apa pelajaran empati Pinel yang bisa kugunakan?,salah diri sendiri empati bicara diri sendiri sahabat validasi nilai sikap lembut mudah otak solusi ketimbang jebak salah,-1,0,0.802778,True,high
2919,Bagaimana memahami faktor internal dan eksternal bisa memanduku mengelola stres?,paham faktor internal eksternal pandu kelola stres identifikasi asal pola picu ubah perlu terima negosiasi,-1,12,0.69486624,True,high
2921,Apa makna skor IQ bagiku sebagai individu yang sedang berjuang secara emosional?,makna skor individu sedang juang emosional skor mampu kognitif bukan nilai hidup kuat intelektual dukung sehat mental pecah struktur,-1,10,0.7621422,True,high
2926,Bagaimana menyampaikan preferensiku tanpa terdengar menuntut?,preferensi dengar tuntut kolaboratif teknik mindfulness masuk terap harga partisipasi,-1,10,0.71283495,True,high
2927,Apa manfaat memahami mekanisme otak saat cemas?,manfaat paham mekanisme otak cemas tahu peran amigdala korteks gejala fisik respons biologis bukan bahaya nyata turun intensitas panik,-1,12,0.83478814,True,high
2928,Aku takut jika tidak mengecek kunci berulang. Apa langkah awal yang aman?,takut ecek kunci ulang awal tunda kece lama perlahan catat konsekuensi naik durasi tahap,-1,3,0.72594655,True,high
2929,Bisakah relaksasi otot membantu serangan panik tiba‑tiba?,relaksasi serang panik kencang lama detik lepas kaki kepala sensasi lepas geser perhati gejala panik,-1,0,0.7614488,True,high
2934,Apa itu multiple relationships? Aku takut psikologku jadi temenku.,multiple relationships takut psikolog temenku khawatir multiple relationships psikolog klien luar terapi temen partner bisnis bahkan pacar susah psikolog objektif kode etik hati hati salah asal nyakitin khawatir batas psikolog takut,-1,1,0.87918866,True,high
2935,Apa artinya keamanan tes? Aku takut orang lain tahu hasilku.,arti takut tahu hasil khawatir privasi arti psikolog jaga materi bocor publik bocor nyontek hasil akurat jaga privasi data psikolog serius takut khawatir,-1,1,0.8066704,True,high
2936,Aku tinggal di kota kecil. Apa psikologku bakal kenal temenku?,tinggal kota kecil psikolog kenal temenku tinggal kota kecil emang situasi unik psikolog tempat susah pisahin hidup pribadi kerja kenal temen keluarga kode etik hati hati ngerasa nyaman ngobrolin awal khawatir takut,-1,0,0.8157457,True,high
2941,Aku di desa kecil dan takut psikologku kenal temenku. Apa harus gitu?,desa kecil takut psikolog kenal temenku tinggal desa kecil emang situasi unik psikolog situ pisahin hidup pribadi kerja kenal temen keluarga kode etik atur batas ngerasa nyaman ngobrolin awal khawatir takut,-1,1,0.84059304,True,high
2943,Aku takut psikologku jadi terlalu deket sama aku. Apa itu bahaya?,takut psikolog terlalu deket bahaya batas jelas multiple relationships psikolog terlalu deket klien bahaya objektif nyakitin kode etik hindarin deket salah asal ganggu terapi psikolog ngobrolin batas awal khawatir takut,-1,1,0.8196519,True,high
2944,"Aku pengen terapi online, tapi takut dataku bocor. Gimana caranya aman?",terapi takut data bocor terapi praktis takut psikolog pake teknologi enkripsi jaga rahasia data wajib jelasin risiko awal kode etik pastiin komunikasi ragu psikolog takut terapi,-1,1,0.8521515,True,high
2945,Aku di kota kecil dan takut psikologku tahu urusan pribadiku. Apa solusinya?,kota kecil takut psikolog tahu urus pribadi solusi kota kecil emang susah pisahin urus pribadi profesional psikolog situ kenal deket kode etik jaga batas nyaman ngobrolin awal sepakat canggung khawatir privasi takut,-1,1,0.85656285,True,high
2947,Aku takut psikologku jadi temen deket keluargaku. Apa itu buruk?,takut psikolog temen deket keluarga batas jelas multiple relationships psikolog deket keluarga susah objektif kode etik hati hati nyakitin asal bahas awal jelas khawatir takut,-1,1,0.8489868,True,high
2948,Aku pengen tes online buat cek kecemasan. Apa itu oke?,cemas cemas kedengeran praktis psikolog pastiin akurat data kode etik wajib pake valid teknologi enkripsi ngikutin atur psikolog penasaran cemas,-1,1,0.8360588,True,high
2949,Aku di desa dan takut psikologku tahu urusan keluargaku. Apa harus gitu?,desa takut psikolog tahu urus keluarga desa emang susah pisahin urus pribadi kerja psikolog kenal keluarga kode etik jaga batas nyaman ngobrolin awal canggung khawatir privasi takut,-1,1,0.84981436,True,high
2951,Aku dengar stres bikin depresi. Itu dari penelitian korelasional?,dengar stres depresi korelasional stres depresi pake metode korelasional arti stres tinggi depresi cenderung muncul stres depresi awal keren nyambungin penasaran stres,-1,12,0.76915437,True,high
2955,Aku takut dikira sakit padahal cuma hidup biasa. Apa DSM kelewatan?,takut sakit padahal hidup lewat khawatir label beberapa masukin ganggu masuk hidup sedih sekal ngerasa sakit padahal susah ngerasa psikolog bedain khawatir,-1,0,0.77301,True,high
2956,Aku ngerasa cemas banget. Apa itu gangguan mental?,ngerasa cemas ganggu mental cemas nyaman ganggu mental ngerasa susah cemas susah kerja cemas psikolog hidup ganggu ngerasa berat psikolog cemas dengerin,-1,1,0.78519344,True,high
2957,Aku takut gangguan mental cuma omong kosong. Apa Wakefield bilang gitu?,takut ganggu mental omong kosong wakefield tahu ganggu mental beneran jerome wakefield ganggu mental nyata jalan hidup susah turut nilai nilai bukan omong kosong derita khawatir dengerin,-1,7,0.7752495,True,high
2958,Aku ngerasa down. Apa DSM bilang itu gangguan mental?,ngerasa down ganggu mental ngerasa down turut ganggu mental perilaku stres berat susah jalanin hidup ngerasa risiko bukan reaksi down ganggu hidup susah perlu psikolog rasain khawatir,-1,0,0.8167666,True,high
2963,Aku takut tes kecerdasan bikin aku ngerasa bodoh. Apa gunanya?,takut cerdas ngerasa bodoh takut ngerasa kurang cerdas potensi mampu pola bukan nilai bodoh pinter psikolog kuat perlu prestasi udah lengkap takut dengerin,-1,2,0.8160618,True,high
2967,Aku orang dewasa dan merasa nggak percaya diri. Apa psikolog klinis bisa bantu?,dewasa percaya diri psikolog klinis percaya diri berat psikolog klinis walaupun awal lightner witmer anak anak kerja dewasa tahu ngerasa kurang percaya diri alam pola ngebangun percaya diri ngerasa dengerin,-1,1,0.8712344,True,high
2968,Apa sih yang bikin terapi online riskan?,terapi riskan terapi emang sisi keren risiko perlu diperhatiin susah pastiin beneran psikolog ngejaga rahasia nyelonong data makanya psikolog pake teknologi enkripsi atur ketat ekstra hati hati mikirin terapi ragu,-1,1,0.85423636,True,high
2973,"Aku nggak yakin sama kemampuan diriku sendiri, apa yang harus aku lakukan?",yakin mampu diri sendiri laku yakin kuat inget inget hasil laku kecil situ tantang diri kecil yakin,-1,2,0.81731355,True,high
2975,"Aku pengen lebih pinter ngomong sama orang lain, ada saran?",pinter ngomong saran keren improve mampu ngomong dengar podcast kosa kata nambah penting santai genuine,-1,0,0.71737623,True,high
2977,"Aku nggak suka sama pelajaran tertentu, apa itu berarti aku nggak bisa?",arti arti mampu relevan tahu seru dekat nonton kait hubungin,-1,9,0.72393155,True,high
2979,Kenapa aku nggak bisa langsung paham kayak orang lain?,langsung paham ritme sendiri butuh tahu cocok catat warni diskusi penting terus usaha udah,-1,0,0.79544073,True,high
2982,"Aku pengen belajar lebih baik, tapi nggak tahu mulai dari mana, saran dong?",tahu saran keren tuju kecil topik jadwal realistis metode seru mind temen bareng kecil bawa jauh,-1,3,0.7305336,True,high
2986,Aku kadang merasa sedih tanpa alasan. Apa yang bisa aku lakukan?,sedih alas laku sedih alas alami siapa luang diri sendiri lakuin nonton film makan makan favorit temen keluarga lega catat kapan sedih muncul tahu picu,-1,0,0.80712247,True,high
2991,"Aku sering merasa emosiku naik-turun, tapi nggak tahu kenapa. Apa yang bisa aku lakukan untuk memahami perasaanku?",emosi naik turun tahu laku paham emosi rollercoaster luang nali jurnal situasi emosi ubah perhati tubuh jantung cepat wajah merah emosi temen dekat profesional perspektif,-1,0,0.8068612,True,high
2994,"Kadang aku merasa tubuhku bereaksi aneh, seperti jantungan cepat, padahal aku nggak takut. Apa artinya?",tubuh reaksi aneh jantung cepat padahal takut arti tubuh reaksi cepat jantung cepat emosi cemas excited perhati situasi catat pola percaya sudut,-1,0,0.7758251,True,high
2996,"Aku merasa cemas terus, kayak ada yang salah tapi nggak tahu apa. Apa yang bisa aku lakukan?",cemas terus salah tahu laku cemas tenang laku rileks meditasi singkat jalan kaki cemas tahu cemas cemas terus ganggu temen dekat profesional jelas,-1,0,0.7977243,True,high
2997,Aku merasa nggak punya energi buat apa-apa. Apa ini cuma males atau ada yang lain?,energi males kurang energi datang males sedang lelah fisik emosi berat sedih cemas kecil jalan sebentar langsung lama percaya,-1,0,0.8302578,True,high
3004,Aku merasa malu kalau menangis di depan orang. Apa yang bisa aku lakukan?,malu menang depan laku menang manusiawi malu tempat nyaman ekspresi emosi sahabat keluarga bebas,-1,0,0.7894645,True,high
3011,"Aku ngerasa kerja keras, tapi kok nggak ada hasil, apa yang salah?",ngerasa kerja hasil salah kerja hasil frustrasi bukan arti salah tuju perlu sesuai diri sendiri harap kerja udah perlu istirahat jenak rencana kecil jelas bareng usaha arah,-1,0,0.8283059,True,high
3013,"Aku pengen jadi lebih mandiri, tapi kok rasanya susah, ada tips?",mandiri susah tips mandiri proses susah awal kecil putus sederhana sendiri pilih menu makan atur jadwal hasil nambah percaya diri ragu diri sendiri kecil udah mandiri inspirasi,-1,0,0.78729934,True,high
3016,"Aku pengen lebih pede, tapi kok susah, ada saran?",pede susah saran pede butuh udah jalur kecil puji diri sendiri lakuin ingat momen bangga diri sendiri naikin semangat ngerasa susah ngomong depan cermin minta dukung temen dekat kecil bareng,-1,0,0.8173633,True,high
3017,"Aku kadang ngerasa nggak dihargai, apa yang bisa aku lakukan?",ngerasa harga laku harga sedih pertama udah harga diri sendiri perlu kredit diri usaha udah laku terus ngerasa jujur tenang nyudutin susah harga,-1,0,0.78990066,True,high
3018,"Aku pengen lebih produktif, tapi kok selalu tunda-tunda, apa solusinya?",produktif tunda tunda solusi tunda nunda musuh daftar tugas kecil pilih paling gampang lanjut jangan lupa reward kecil diri sendiri ngopi nonton lucu susah tahu nunda takut gagal bareng,-1,11,0.8359224,True,high
3019,Aku susah ngontrol pikiran negatif. Ada cara buat ngatasinnya nggak?,susah ngontrol negatif ngatasinnya negatif datang terus lelah perhati ringan dengar numpuk kepala perlu buru buru buang diri sendiri percaya beban ringan,-1,0,0.8452903,True,high
3026,Aku merasa kesepian meskipun ada orang di sekitarku. Apa yang salah?,sepi salah sepi jumlah butuh obrol temen film koneksi perlu langsung susah nyambung kecil sesuai kecil,-1,0,0.76702523,True,high
3027,Aku ngerasa capek sama hidup. Apa yang bisa aku lakukan?,ngerasa capek hidup laku capek hidup berat luang lupa nonton film jalan taman perlu sekaligus terus temen profesional minta kuat bukan lemah layak ringan,-1,0,0.81486565,True,high
3028,"Aku pengen lebih peduli sama diri sendiri, tapi bingung mulai dari mana.",peduli diri sendiri peduli diri sendiri cukup tidur atur luang senang denger doodle self care ribet penting rutin tanyain diri sendiri butuh sederhana istirahat,-1,0,0.8107007,True,high
3030,"Aku merasa bingung harus memilih antara dua hal yang sama-sama aku suka, apa yang bisa aku lakukan?",pilih laku pilih hadap pilih kepala pusing duduk jenak sesuai nilai tuju jangka panjang kontra masing masing pilih susah temen keluarga perspektif pilih,-1,0,0.74659646,True,high
3031,Kenapa aku merasa nggak nyaman kalau harus menghindari dua hal yang sama-sama nggak enak?,nyaman hindar enak nyaman muncul jebak pilih senang pilih jalan tengah solusi pilih salah opsi ubah situasi nyaman,-1,0,0.76051855,True,high
3036,"Aku merasa bersalah karena nggak bisa capai apa yang aku mau, kenapa ya?",salah capai salah muncul terlalu diri sendiri padahal tuju gampang diri ekspektasimu realistis cepet tuju lupa proses perlu salah bareng syukur jalan jauh,-1,0,0.8381475,True,high
3038,"Aku takut salah pilih keputusan, gimana cara ngatasinnya?",takut salah pilih putus ngatasinnya takut salah pilih putus kumpulin pilih terus diri nilai tuju paling penting takut ingat putus sempurna hasil putus takut sudut pandang,-1,0,0.7877763,True,high
3039,"Aku merasa stuck dan nggak tahu apa yang aku mau, apa yang bisa aku lakukan?",stuck tahu laku stuck frustrasi terlalu tuju lupa nikmatin proses kecil luang refleksi semangat eksplorasi workshop baca buku stuck lang pelan pelan,-1,0,0.77920085,True,high
3043,"Aku susah buat kompromi sama keinginan orang lain, apa yang bisa aku lakukan?",susah kompromi laku kompromi gampang dengar terus titik tengah hilang diri sendiri rencana opsi nyambungin situasi susah kompromi,-1,0,0.7997022,True,high
3045,Aku merasa susah banget milih keputusan yang bener. Gimana caranya biar gak salah pilih?,susah milih putus salah pilih pilih emang gampang opsi paling penting pilih kontra terus bayangin dampak usah buru buru renung ragu putus,-1,0,0.7412907,True,high
3047,Kenapa ya aku merasa lingkungan sekitar bikin aku stres terus?,stres terus pengaruh tempat ramai tegang stres perhatiin nyaman ngatasinnya relaks suportif,-1,0,0.7947557,True,high
3049,Aku ngerasa hidupku gak berkembang. Apa yang salah?,ngerasa hidup kembang salah stuck yakin arah tuju renungin hidup kembang dengerin,-1,2,0.7379643,True,high
3052,Aku ngerasa lingkungan bikin aku jadi orang yang gak aku suka. Apa yang harus kulakukan?,ngerasa laku emang ngubah kuasa milih responmu suportif temen nyaman pikirin solusi bareng,-1,0,0.7392606,True,high
3055,Aku ngerasa hidupku ditentuin sama orang lain. Gimana caranya ambil alih?,ngerasa hidup ditentuin hidup ditentuin berat kendali pilih kecil tuju terus rencana kecil capai dengerin,-1,11,0.7727833,True,high
3057,"Aku takut banget buat ambil keputusan besar, kayak takut salah. Gimana cara ngatasinnya?",takut putus takut salah ngatasinnya takut putus konsekuensi ingat bebas pilih jalan sendiri kecil kontra putus terus diri sendiri paling penting takut bayangin laku takut pertama butuh berani,-1,2,0.83528674,True,high
3058,"Aku merasa orang tua aku ngatur hidupku banget, aku pengen bebas tapi takut mengecewakan mereka. Apa yang harus aku lakukan?",ngatur hidup bebas takut kecewa laku situasi dilema diri sendiri kecewa obrol jujur lembut rasain sendiri tunjukkin tetap harga butuh ruang tumbuh langsung ubah komunikasi erti,-1,0,0.88079756,True,high
3059,Aku sering ngerasa bersalah kalau nggak bisa penuhin ekspektasi orang lain. Gimana cara ngatasinnya?,ngerasa salah penuhin ekspektasi ngatasinnya salah datang terlalu diri sendiri perlu sopan jebak ekspektasi kecil tolak nyaman ingat senang prioritasin bahagia,-1,0,0.83353347,True,high
3063,Aku ngerasa orang-orang di sekitarku nggak ngertiin aku. Gimana cara ngatasin kesepian ini?,ngerasa ngertiin ngatasin sepi sepi berat jujur temen lama keluarga susah rasain jurnal diri sendiri gabung klub buku olahraga koneksi kecil sendiri,-1,0,0.8061565,True,high
3065,Aku sering ngerasa nggak punya kontrol atas hidupku. Gimana cara ngambil kendali lagi?,ngerasa kontrol hidup ngambil kendali kontrol frustrasi kecil atur pagi makan daftar prioritas arah overwhelmed pecah kecil ingat bebas milih respons hadap situasi kuat,-1,0,0.82329774,True,high
3066,Aku ngerasa orang tua aku nggak ngerti cita-citaku. Gimana cara ngomong sama mereka?,ngerasa cita cita ngomong cita cita emang tricky pandang suasana santai cita cita penting dengar khawatir tunjukkin udah matang rencana kecil butuh konsisten dukung,-1,0,0.79707855,True,high
3067,Aku ngerasa lingkunganku bikin aku jadi orang yang nggak aku suka. Apa yang harus aku lakukan?,ngerasa laku emang pengaruh kuasa milih tanggap tahu nyaman terus batas interaksi positif temen terima ubah ciptain ruang versi,-1,0,0.83805454,True,high
3068,"Aku ngerasa hidupku nggak seimbang, kayak cuma kerja atau belajar doang. Gimana cara bikin hidup lebih seimbang?",ngerasa hidup imbang kerja doang hidup imbang hidup imbang emang capek jiwa luangin rileks jalan jalan temen jadwal sederhana ruang kerja istirahat terlalu sibuk rangin prioritasin bahagia sehat penting produktivitas,-1,0,0.81593955,True,high
3071,"Kenapa ya, aku suka merasa bersalah banget kalau mau ngelakuin sesuatu buat diri sendiri? Rasanya kayak egois.",salah ngelakuin diri sendiri egois salah muncul terlalu diri sendiri kepala senang pelan pelan izin diri sendiri laku bahagia luangin kecil nonton film favorit ingat jaga diri sendiri bukan egois malah kuat,-1,0,0.8402667,True,high
3079,"Aku ngerasa susah buat nerima pujian, selalu ngerasa nggak pantes. Kenapa gitu?",ngerasa susah nerima puji ngerasa pantes terlalu diri sendiri ngerasa pantes kurang dapet puji terima usah mikir terlalu jauh puji catat inget nilai susah obrolin temen dekat sudut pandang,-1,0,0.7392347,True,high
3080,"Aku suka ngerasa orang lain lebih baik dari aku, bikin aku minder. Gimana cara ngatasinnya?",ngerasa minder ngatasinnya banding emang gampang minder jalan sendiri bangga diri kecil tepat ngingetin kuat ngerasa minder temen konselor perspektif,-1,0,0.7490813,True,high
3083,Aku ngerasa kadang dorongan buat bikin orang lain senang bikin aku lupa sama kebutuhanku sendiri. Apa yang harus aku lakuin?,ngerasa dorong senang lupa butuh sendiri lakuin peduli lupa perhati diri sendiri time kecil nikmatin kopi baca buku diri sendiri penting susah nyeimbangin temen profesional imbang,-1,11,0.8023493,True,high
3085,"Aku ngerasa kadang energi dalam diriku kayak nggak tersalurkan, bikin aku gelisah. Apa yang bisa aku lakuin?",ngerasa energi diri salur gelisah lakuin energi salur gelisah aktivitas ngelepas olahraga tari bahkan nulis puisi perlu perfect ngerasa gelisah temen profesional nemuin cocok ngatasinnya,-1,0,0.79683495,True,high
3087,Kadang aku merasa nggak bisa menyeimbangkan apa yang aku mau sama apa yang orang lain harapkan. Gimana caranya?,imbang harap tantang penuh harap luang diri sendiri penting daftar prioritas banding ekspektasi bentrok bicara jujur dekat batas ingat jaga imbang proses berat,-1,0,0.8328351,True,high
3088,Aku merasa cepat banget emosian akhir-akhir ini. Normal nggak sih?,cepat emosi akhir akhir gampang emosi muncul stres kurang istirahat penting tahu perhati kesal catat momen momen teknik sederhana jeda jenak reaksi perlahan jalan jalan sebentar terus langsung teman dekat profesional,-1,3,0.82174873,True,high
3090,Aku sering merasa nggak yakin sama keputusan yang aku ambil. Apa yang bisa bantu?,yakin putus yakin datang terlalu putus kontra pilih jernih ragu diri sendiri putus bawa dekat tuju ingat putus sempurna pilih,-1,0,0.74137026,True,high
3092,Kadang aku merasa orang lain nggak ngerti aku. Apa yang bisa aku lakukan?,laku berat paham obrol percaya jujur santai butuh konteks sudut pandang dengar penuh perhati komunikasi sulit jurnal paham diri sendiri,-1,0,0.81564367,True,high
3093,Aku merasa susah move on dari kebiasaan buruk. Gimana caranya berubah?,susah move ubah ubah gampang niat positif tunda nunda tugas kecil lama catat maju kecil motivasi jatuh penting sabun,-1,5,0.8375658,True,high
3094,"Aku suka spontan, tapi kadang keputusanku bikin masalah. Apa yang harus aku lakukan?",spontan putus laku sifat spontan seru hidup penuh tambah jeda tindak hitung kepala konsekuensi pilih hilang spontanitas putus bijak tetap diri sendiri arah,-1,0,0.80817986,True,high
3095,Aku merasa nggak punya kendali atas emosiku. Ada saran?,kendali emosi saran emosi kendali lelah nali picu situasi emosi naik jeda putih perlahan tenang tubuh rutin jurnal pola kelola emosi,-1,0,0.78424156,True,high
3096,"Aku orangnya suka mikir logis, tapi kadang susah ngerti perasaan orang lain. Gimana caranya?",mikir logis susah logis kuat paham butuh dengar penuh perhati buru buru tawar solusi sederhana perhati ekspresi wajah lama lama peka hadap emosi hilang sisi logis,-1,0,0.8050903,True,high
3100,Kadang aku merasa nggak nyaman sama keputusan yang aku ambil. Kenapa ya bisa gitu?,nyaman putus nyaman putus putus sepenuh selaras harap nilai pegang pilih hati otak ngasih ulang putus diri sendiri tenang malah gelisah putus nyaman,-1,0,0.8363997,True,high
3102,"Aku sering merasa nggak seimbang, kayak apa yang aku pikirkan sama kenyataan nggak nyambung. Ini normal nggak sih?",imbang nyata nyambung imbang lumrah utama sedang hadap situasi harap sikap dingin kacau harap nyata nyambung laku terima tahu imbang dengar,-1,0,0.7151431,True,high
3105,Aku bingung kenapa aku suka ngerasa nggak nyaman sama orang yang aku sukai. Apa artinya ini?,ngerasa nyaman arti nyaman muncul imbang balik gelisah perhati nyaman sikap takut tolak detail sudut pandang,-1,0,0.7814555,True,high
3106,Aku merasa capek banget sama pikiran yang selalu muter-muter. Ada cara nggak buat tenangin pikiran?,capek muter muter tenangin muter muter lelah salah tenangin diri sendiri beberapa numpuk temen deket putar saran,-1,11,0.7222172,True,high
3109,Aku merasa susah buat nerima kenyataan kalau ada hal yang nggak sesuai harapan. Apa yang bisa aku lakuin?,susah nerima nyata sesuai harap lakuin nerima nyata sesuai harap gampang diri sendiri kecewa kecil kontrol syukur situasi harap penuh susah dengerin,-1,0,0.7967652,True,high
3110,"Aku sering ngerasa bingung sama perasaan sendiri, kayak nggak tahu kenapa aku sedih. Normal nggak sih?",ngerasa sendiri tahu sedih ngerasa sendiri sedih muncul paham stres lelah luang refleksi langsung ingat ingat sedih dengerin,-1,0,0.81840086,True,high
3111,Aku suka ngerasa nggak enak kalau harus milih antara dua hal. Gimana caranya biar nggak bingung?,ngerasa enak milih pilih penting daftar kontra masing masing pilih sesuai butuh diri sendiri tenang jangka panjang pilih pusing perspektif,-1,0,0.7987131,True,high
3112,Aku merasa orang-orang di sekitarku nggak peduli sama apa yang aku rasain. Apa yang salah?,peduli rasain salah peduli berat sengaja cuek sibuk sendiri bukan arti peduli tahu rasain ngerasa down ngerasa dengerin,-1,0,0.7651566,True,high
3113,Aku sering ngerasa apa yang aku pikirin nggak penting buat orang lain. Gimana caranya biar lebih percaya diri?,ngerasa pikirin penting percaya diri penting down percaya nilai kecil temen keluarga reaksi remeh diri sendiri padahal justru harga ingat momen ubah kecil ngerasa penting,-1,0,0.8245008,True,high
3115,"Aku merasa hidupku nggak seimbang, kayak ada yang kurang tapi nggak tahu apa. Gimana caranya tahu?",hidup imbang kurang tahu tahu hidup imbang muncul hidup selaras kerja diri sendiri luang refleksi senang berat perlu jelas kecil istirahat cukup temen ngerasa kurang pikirin,-1,0,0.8353244,True,high
3116,"Kenapa aku merasa nggak pernah cukup, meskipun sudah punya banyak hal?",cukup butuh diri penuh makna harga tuju jelas renung cukup masa situ tahu kecil utuh,-1,0,0.78223455,True,high
3120,Aku sering merasa nggak percaya diri. Apa yang bisa aku lakukan biar lebih pede?,percaya diri laku pede percaya diri pelan pelan inget momen bangga diri kecil situ catat kuat hati tekun tantang diri kecil keluar zona nyaman nyelesain tugas kecil kuat,-1,2,0.82461333,True,high
3121,Aku merasa dunia ini nggak adil. Kenapa hidupku susah banget?,adil hidup susah berat adil langsung hidup penuh tantang kendali kecil peduli laku tenang situ,-1,0,0.78818154,True,high
3124,Aku sering merasa cemas soal masa depan. Gimana caranya biar tenang?,cemas masa depan tenang cemas masa depan ketidakpastian laku rencana kecil laku rileks meditasi jalan jalan cemas terlalu takut realistis imajinasi,-1,9,0.7499714,True,high
3125,Aku merasa orang lain selalu lebih baik dari aku. Gimana biar nggak gitu?,banding emang kecil inget jalan tantang sendiri masuk udah capai kecil unik susah kurang scrolling media sosial laku bangga diri sendiri,-1,0,0.8024469,True,high
3126,Aku sering merasa nggak berguna. Apa yang bisa aku lakukan?,laku berat sendiri nilai laku kecil makna tugas sederhana arti muncul temen dekat profesional sisi diri,-1,0,0.77215594,True,high
3127,Aku merasa hidupku nggak seimbang. Apa yang harus aku ubah?,hidup imbang ubah hidup imbang emang capek kewalahan terlalu kerja lupa diri sendiri daftar prioritas sisih bahagia olahraga temen ubah kecil tidur atur atur bareng,-1,0,0.82153857,True,high
3128,Aku merasa dunia ini nggak aman. Gimana biar aku nggak takut terus?,takut terus cemas kurang takut tahu tenang percaya laku nyaman takut muncul cemas realistis,-1,0,0.7919431,True,high
3129,Aku merasa nggak bisa move on dari masa lalu. Apa yang harus aku lakukan?,move masa laku susah move masa tinggal luka terima perlu buru buru buang diri sendiri laku hidup temen aktivitas berat profesional kecil,-1,0,0.81861806,True,high
3131,"Aku sering merasa gelisah tanpa tahu kenapa, apa ini normal?",gelisah tahu gelisah alas nyaman arti tubuh respons paham tekan kecil tumpuk dokumen kata tubuh natur konkret abstrak saling interaksi teknik sederhana pelan jalan jalan sebentar gelisah muncul tahu picu bareng,-1,0,0.8037028,True,high
3132,"Aku merasa pikiranku kacau, apa ini karena aku terlalu banyak mikir?",kacau terlalu mikir kacau benang kusut proses sekaligus mikir dokumen kata sisi makna terlalu sibuk lelah luang istirahat meditasi ringan kepala pola kewalahan,-1,13,0.79177237,True,high
3134,"Aku merasa nggak bisa fokus, pikiranku melayang terus. Apa yang salah?",layang terus salah layang layang frustrasi arti salah beban kurang stimulasi libat dokumen sebut sisi interaksi tubuh jiwa aktivitas susun puzzle tahu susah diam,-1,13,0.7915779,True,high
3137,"Aku merasa hidupku nggak seimbang, kayak ada yang hilang. Apa yang harus aku lakukan?",hidup imbang hilang laku imbang utuh dokumen manusia sisi fisik jiwa ideal harmoni sisi abai kurang istirahat refleksi hilang perhati kurang diri sendiri kecil meditasi teman,-1,0,0.78417957,True,high
3138,"Aku merasa nggak bisa berhenti khawatir, apa yang bisa aku lakukan?",henti khawatir laku khawatir terus terus lelah dokumen sisi makna khawatir stuck teknik sederhana khawatir sisih khusus sisa perhati aktivitas rileks jalan jalan terus ganggu tahu picu bareng,-1,0,0.8337836,True,high
3142,Aku sering merasa bingung sama perasaanku sendiri. Kayak nggak tahu kenapa tiba-tiba sedih. Apa yang bisa aku lakukan?,sendiri tahu sedih laku sendiri lost pengaruh hati qalbu peran emosi luang jenak duduk tenang hangat diri sendiri begini pola terus ulang psikolog jelas,-1,0,0.84927154,True,high
3143,"Pikiran aku tuh kayak nggak pernah berhenti, selalu overanalyzing. Gimana caranya aku tenangin pikiranku?",henti overanalyzing tenangin terus putar lelah akal analis teknik sederhana crowded panca indera dengar burung tekstur baju susah tenang meditasi singkat psikolog atur kacau kepala,-1,0,0.8138238,True,high
3147,"Aku merasa nggak bisa menikmati apa pun, semua kayak hambar. Apa yang terjadi sama aku?",nikmat hambar hambar hidup kait qalbu imbang inget kapan akhir ngerasa senang situ laku kecil bahagia datar langsung lama jangan ragu psikolog butuh,-1,2,0.78952944,True,high
3148,"Aku selalu ngerasa bersalah, bahkan buat hal-hal kecil. Gimana caranya aku lebih santai sama diri sendiri?",ngerasa salah bahkan kecil santai diri sendiri salah capek sendiri hati terlalu ngeliat diri sendiri bayangin ngomong sahabat ngerasa kata kata diri lakuin salah terus psikolog asal,-1,0,0.8238611,True,high
3151,"Hidupku rasanya berantakan, nggak ada keseimbangan. Apa yang bisa aku lakukan?",hidup beranta imbang laku hidup beranta puzzle cerai berai diri qalbu akal hawa nafsu perlu imbang daftar paling urgent urus atur istirahat senang kerja kacau psikolog peta hidup rapi,-1,0,0.7999163,True,high
3155,"Aku merasa hidupku nggak seimbang, kayak ada yang kurang. Apa yang bisa aku ubah?",hidup imbang kurang ubah imbang hilang psikologi perlu jaga beberapa aspek hidup sehat jiwa sosial dokumen tekan penting jaga jiwa hidup sesuai nilai sehat perhati abai diri sendiri koneksi kecil meditasi ringan teman dekat,-1,0,0.81456494,True,high
3159,"Aku merasa nggak layak bahagia, apa ini normal?",layak bahagia layak bahagia sendiri arti salah alam ragu diri sendiri dokumen jiwa perlu rawat sehat apresiasi kecil laku tugas terus tahu akar bareng,-1,0,0.8558179,True,high
3161,"Aku merasa hidupku cuma buat memenuhi ekspektasi orang lain, gimana caranya berubah?",hidup penuh ekspektasi ubah hidup penuh ekspektasi hilang diri sendiri psikologi jiwa butuh bebas kejar makna dokumen jaga jiwa masuk hidup sesuai nilai renung penting kecil tolak minta sesuai sulit,-1,0,0.8426829,True,high
3162,"Aku merasa nggak punya gairah hidup, apa ini cuma fase?",gairah hidup fase hilang gairah hidup berat fase psikologi jiwa butuh makna koneksi tetap hidup dokumen jaga jiwa masuk hidup sehat perhati begini kurang istirahat beban emosional kecil jalan jalan alam teman langsung lama tahu,-1,0,0.85081863,True,high
3165,Aku merasa ada emosi yang tersembunyi yang bikin aku nggak nyaman. Gimana cara memahaminya?,emosi sembunyi nyaman paham emosi sembunyi nyaman ungkap luang duduk tenang diri sendiri sulit profesional paham emosi sembunyi,-1,0,0.7956573,True,high
3168,Aku merasa terjebak dalam pola pikir negatif. Gimana cara keluar dari situ?,jebak pola negatif keluar situ pola negatif lingkar susah lepas tantang bukti aktivitas nikmat olahraga seni picu negatif,-1,0,0.7653105,True,high
3171,Aku merasa hubunganku dengan orang lain nggak seimbang. Gimana cara memperbaikinya?,imbang imbang lelah perhati jujur lembut tetap batas sehat terus ganggu psikolog dinamika imbang,-1,0,0.7601252,True,high
3173,Aku merasa hidupku nggak teratur dan sulit fokus di tempat kerja. Apa ada cabang psikologi yang bisa bantu?,hidup atur sulit tempat kerja cabang psikologi dengar organisir psikologi industri bidang kerja kantor masuk kelola stres bahkan rekan kerja kecil daftar tugas bicarain lanjut sulit,-1,10,0.7768044,True,high
3176,Aku takut salah ambil keputusan di hidupku. Bagaimana psikologi bisa bantu?,takut salah putus hidup psikologi takut salah putus dirasain psikologi paham proses emosi balik putus takut gagal ragu putus takut urai bareng khawatir,-1,0,0.77353555,True,high
3177,Aku merasa nggak produktif di kerja. Apa yang salah denganku?,produktif kerja salah salah perlu ngatur energi psikologi industri produktivitas pengaruh stres kurang istirahat kerja tugas kurang tidur tahu produktif rencana kecil ngatasinnya,-1,3,0.7575501,True,high
3178,Aku sering merasa bersalah tanpa alasan jelas. Kenapa ya?,salah alas jelas salah alas muncul terlalu diri sendiri psikologi klinis kait pola emosi sepenuh perhatiin situasi salah muncul nyaman ringan,-1,0,0.7871922,True,high
3180,Aku merasa nggak cocok sama lingkungan kerjaku. Apa yang bisa aku lakukan?,cocok kerja laku cocok kerja capek psikologi industri saran cocok kantor rekan kerja paling nyaman ubah terima kerja,-1,0,0.6978157,True,high
3183,Aku merasa capek banget sama rutinitas. Apa yang bisa aku lakukan?,capek laku capek nyedot energi psikologi industri diajarin nyari imbang kerja diri sendiri sisih neng jalan jalan nonton film paling capek ringan,-1,0,0.7627201,True,high
3188,"Aku suka ngelamun, apa metode introspeksi bisa bantu aku kenal diriku lebih baik?",ngelamun metode introspeksi kenal diri metode introspeksi diri sendiri ngelamun kepala metode kenal diri susah jujur diri sendiri nyaman nulis lamunin,-1,0,0.75481653,True,high
3189,"Introspeksi itu kedengerannya menarik, tapi aku takut nggak jujur sama diriku sendiri.",introspeksi kedengerannya takut jujur diri sendiri khawatir jujur diri sendiri introspeksi cenderung hindar nyaman catat judgement surat temen ngasih sederhana resah akhir akhir,-1,0,0.7935474,True,high
3193,"Metode cross-sectional kedengerannya cepat, tapi apa beneran membantu?",metode cross sectional kedengerannya cepat beneran metode cross sectional cepat ngambil snapshot kondisi butuh cepat cemas cepat terlalu solusi cepat awal bagus ganggu muncul,-1,10,0.7358248,True,high
3198,Aku takut jawabanku di kuesioner nanti salah. Apa yang harus aku lakukan?,takut kuesioner salah laku tenang kuesioner bukan salah tuju tahu jujur sesuai alam baca ulang perlahan penting nyaman sendiri,-1,0,0.8622663,True,high
3203,Aku diminta ikut tes kelompok. Apa bedanya sama tes perorangan?,minta kelompok kelompok laku bareng sekaligus cepat praktis sekolah kantor personal suasana santai berat bareng kelompok senang butuh penuh cocok,-1,0,0.72272635,True,high
3204,Aku sering merasa cemas sebelum tes. Ada cara nggak sih biar lebih tenang?,cemas tenang cemas arti peduli hasil beberapa tenang siap diri mirip siap panik ingat diri sendiri usaha laku,-1,0,0.79557717,True,high
3205,Aku kadang nggak ngerti kenapa aku gagal di tes tertentu. Apa yang salah?,gagal salah gagal arti mampu kurang cocok jenis verbal nyaman kerja verbal perlu kata kata asah terampil praktek minta feedback tahu perlu,-1,3,0.7413065,True,high
3210,Aku sering salah denger apa yang orang bilang. Normalkah ini?,salah denger capek dengar penuh perhati ulang hati salah denger ulang sopan ulang paham,-1,3,0.7352817,True,high
3217,Aku susah banget bedain hal-hal yang mirip. Apa ini normal?,susah bedain mirip mampu bedain berapa peka hampir perlu notice diri banding detail kecil frustrasi temen profesional saran,-1,0,0.7839105,True,high
3218,Kenapa aku kadang lihat orang lain beda dari yang mereka tunjukkan?,tunjuk alami pura pura peka kecil salah overanalyze sisi duga,-1,13,0.71838236,True,high
3219,Kadang aku nggak bisa bedain mana yang penting dari banyaknya informasi. Gimana caranya biar aku lebih peka?,bedain penting peka datang diri perhati kecil bedain pelan situ penting diri sendiri paling butuh sortir,-1,0,0.75151706,True,high
3221,Kadang aku nggak bisa bedain mana yang lebih penting dari dua hal. Apa yang harus aku lakukan?,bedain penting laku diri sendiri dampak susah kertas terus bandingin kontra nulis jelas,-1,0,0.7947821,True,high
3222,Aku ngerasa dunia ini terlalu penuh sama distraksi. Apa yang bisa aku lakukan?,ngerasa terlalu penuh distraksi laku terlalu batas matiin notifikasi pilih khusus tempat minim distraksi taman sudut cozy tenangin,-1,0,0.7051027,True,high
3224,Aku dengar ada tes warna buat tahu kondisi psikologis. Itu beneran works?,dengar tahu kondisi psikologis beneran works preferensi emosi hasil akurat pilih cermin suasana hati pribadi salah alat penasaran resmi psikolog tahu,-1,1,0.8168472,True,high
3229,Apa gunanya belajar soal perilaku dan pikiran buat kehidupan sehari-hari?,perilaku hidup perilaku alat paham diri sendiri bayangin tahu cemas temenmu jutek mudah hadap situasi nali pola putus bahkan prediksi kacamata jelas,-1,0,0.8205129,True,high
3230,"Aku susah nerima kenyataan, ada cara nggak biar aku lebih kuat menghadapinya?",susah nerima nyata kuat hadap susah terima nyata situasi berat sulit terima takut hilang kelola bicara percaya ringan hadap nyata,-1,0,0.78697705,True,high
3232,"Aku takut salah ambil keputusan, ada saran nggak biar aku lebih yakin?",takut salah putus saran yakin takut salah putus manusiawi diri sendiri takut cukup putus kontra jernih penting jangan terlalu diri sendiri putus salah putus ragu,-1,2,0.7258594,True,high
3240,"Aku pengen hidup lebih teratur, apa yang bisa aku lakukan?",hidup atur laku hidup atur tuju bagus kecil perilaku pengaruh dukung rapi meja kerja hidup atur,-1,5,0.7361543,True,high
3243,Kadang aku teringat momen memalukan dari masa lalu. Kenapa ya itu kebawa terus?,ingat momen malu masa bawa terus momen malu emang nempel kepala otak cenderung ingat emosi kuat nyaman ingat senang lama lama momen,-1,3,0.7684818,True,high
3244,"Kadang aku ngerasa kayak lihat sesuatu bergerak, padahal nggak ada apa-apa. Aku harus khawatir nggak?",ngerasa gerak padahal khawatir erti sekal bayang eidetik hidup mata capek takut percaya profesional lanjut salah,-1,0,0.8061638,True,high
3247,Aku takut lupa semua hal kalau aku stres berat. Apa ini mungkin?,takut lupa stres berat stres berat ingat ganggu lupa jarang stres susah lupa kecil laku tenang meditasi sederhana teman stres berat penting minta percaya stres,-1,0,0.8170998,True,high
3248,Aku merasa belajar nggak ngaruh apa-apa di hidupku. Gimana biar termotivasi?,ngaruh hidup motivasi hasil tahu materi capai mimpi goal kecil kuasa reward diri sendiri ulang materi kuis ingat investasi masa depan langsung,-1,3,0.77639127,True,high
3250,Aku merasa nggak bisa mikir jernih kalau lagi stres. Ada saran nggak?,mikir jernih stres saran stres kabut beberapa tenang diri otak perlu direset istirahat jenak jalan jalan kecil sedang pecah overwhelmed stres perlu percaya stres,-1,0,0.82737005,True,high
3251,"Aku pengen bisa lebih cepat paham sesuatu, tapi kok lambat banget. Normal nggak sih?",cepat paham lambat totally cepat sendiri paham penting tetap serah cocok nempel kepala lambat perlu istirahat cukup pikirin seru paham,-1,3,0.82456267,True,high
3253,Aku merasa belajar itu nggak ada gunanya. Buahnya apa sih belajar terus?,terus hasil nilai kerja paham diri sendiri kritis gampang tipu putus kecil,-1,2,0.7773667,True,high
3258,Aku ngerasa nggak bisa mikir logis kalau lagi panik. Ada cara biar tenang?,ngerasa mikir logis panik tenang panik kacau pelan hitung empat tahan buang perlahan otak panik perhati nyata pegang benda dekat dengar tenang pikirin pelan pelan panik pikirin,-1,0,0.77859807,True,high
3259,"Aku merasa belajar cuma buat nilai, nggak bikin aku pinter. Gimana biar belajar lebih bermakna?",nilai pinter makna nilai emang kosong tahu materi relate hidup sejarah bayangin masa putus tuju kaya wawas sisi seru,-1,0,0.8068341,True,high
3262,Aku merasa nggak cukup pinter buat selesain masalah yang ribet. Apa aku emang nggak mampu?,cukup pinter selesain ribet emang mampu jangan buru buru diri sendiri sendiri selesain emang rumit bukan arti mampu kecil paham pelan pelan kembangin yakin asal diri sendiri pikirin awal,-1,2,0.81646943,True,high
3266,Aku ngerasa buntu kalau lagi nyari solusi. Kayak nggak ada jalan keluar. Apa yang salah sama aku?,ngerasa buntu nyari solusi jalan keluar salah salah buntu pelik otak istirahat tidur ngobrolin solusi muncul terlalu maksa sudut,-1,0,0.72650915,True,high
3269,Aku ngerasa lambat banget mikir dibandingkan temen-temenku. Aku kurang pinter ya?,ngerasa lambat mikir banding temen temenku kurang pinter cepat mikir sendiri usah bandingin hati hati mikirin detail lewatin kuat lakuin tahu lambat,-1,2,0.79868114,True,high
3272,"Aku takut salah ambil keputusan, makanya suka lama mikir. Gimana biar lebih cepet?",takut salah putus makanya lama mikir cepet takut salah overthink daftar kontra putus jelas ingat putus sempurna putus pikirin,-1,4,0.78236616,True,high
3274,Kenapa aku selalu lambat nangkap kalau orang ngomong cepat?,lambat nangkap ngomong cepat cepat proses cepat tangkap detail lisan kuat baca visual minta bicara pelan catat poin penting sulit situasi,-1,3,0.7683271,True,high
3275,"Aku nggak bisa fokus belajar, apa otakku bermasalah?",otak arti otak pengaruh suasana hati kurang cocok tahu nyaman,-1,0,0.7843802,True,high
3276,"Aku pengen jadi pinter kayak temenku, gimana caranya?",pinter temenku keren semangat kembang sendiri unggul kagum temenmu situ tahu asah percaya diri,-1,2,0.7526654,True,high
3278,"Aku sedih terus, apa aku lemah?",sedih terus lemah sedih arti lemah manusiawi sedih dengerin hati ringan,-1,0,0.7459053,True,high
3280,Aku ngerasa nggak berguna kalau nggak menang lomba. Apa aku salah?,ngerasa menang lomba salah salah ngerasa hasil nilai diri menang lomba usaha peduli ngerasa menang,-1,2,0.7732761,True,high
3288,Kenapa sih aku suka merasa cemas kalau mikirin masa depan?,cemas mikirin masa depan cemas masa depan muncul harap tuju penting takut gagal muncul cemas kendali kecil spesifik masa depan khawatir,-1,2,0.742669,True,high
3289,"Aku suka banget lihat lukisan, rasanya damai. Itu perasaan apa ya?",lukis damai estetika senang indah bagus arti peka indah lukis ingat hati tenang,-1,0,0.7213129,True,high
3292,"Aku pengen nangis di depan orang, tapi takut dibilang lemah. Apa aku salah?",nang depan takut lemah salah salah nang alami keluar nunjukin emosi nang arti lemah justru jujur nyaman depan tempat luap sedih,-1,0,0.8163918,True,high
3293,"Aku senang banget pas lulus ujian, tapi gak nari-nari kayak temenku. Aku aneh gak?",senang lulus nari nari temenku aneh aneh sekali nunjukin senang sebut inner feeling senang dirasain hati perlu gera penting bahagia perlu senang lulus,-1,0,0.7720152,True,high
3296,Aku merasa bersalah kalo gak sholat. Itu perasaan apa?,salah kalo sholat tuhan yakin salah peduli nilai nilai pegang luangin refleksi lakuin hati tenang ibadah lanjut,-1,0,0.81894135,True,high
3298,"Aku pengen pura-pura senang di depan temen, padahal aku sedih. Itu salah gak?",pura pura senang depan temen padahal sedih salah pura pura senang sebut simulasi laku jaga suasana capek sendiri terlalu salah sehat jujur dekat sedih dengerin,-1,0,0.7906294,True,high
3300,Aku gak punya harapan lagi sama apa-apa. Ini kenapa ya?,harap hilang harap stuck lelah tekan harap pasif yakin bangkit kecil balikin semangat,-1,2,0.7824917,True,high
3302,Aku takut ketahuan bohong soal nilai ujianku. Apa yang harus kulakukan?,takut tahu bohong nilai laku takut tahu bohong tahu bohong bukan simpan bohong stres jujur pelan pelan bohong nilai pikirin ngatasinya,-1,0,0.7609037,True,high
3307,"Aku sering ngerasa pengen sendiri, tapi pas sendiri malah kesepian. Apa yang salah sama aku?",ngerasa sendiri sendiri malah sepi salah salah sendiri tubuh butuh istirahat ramai malah sepi butuh koneksi emosional sendiri tahu bareng,-1,0,0.81948674,True,high
3311,"Aku ngerasa capek banget, padahal nggak ngapa-ngapain. Apa ini cuma males?",ngerasa capek padahal males capek lelah mental emosional bukan males energi kuras dengerin ringan,-1,0,0.7668396,True,high
3316,Aku ngerasa hidupku cuma muter di situ-situ aja. Gimana caranya biar berubah?,ngerasa hidup muter situ situ ubah hidup muter situ situ bosen kecil ubah hidup pikirin kecil,-1,5,0.7238358,True,high
3318,Aku kadang ngerasa orang lain nggak suka sama aku. Apa aku harus berubah?,ngerasa ubah insecure seringkali bukan fakta ubah paham ngerasa situasi sisi,-1,0,0.6916218,True,high
3325,"Aku suka bantu orang, tapi kadang merasa dimanfaatin. Harusnya aku berhenti nggak?",dimanfaatin henti hati dimanfaatin perlu batas lelah situasi tetap rugi,-1,0,0.753302,True,high
3326,"Aku selalu pengen segalanya rapi, apa itu aneh?",segala rapi aneh aneh sekali segala rapi harga atur hidup kontrol stres sempurna lanjut,-1,3,0.76690626,True,high
3327,"Aku pengen jadi diri sendiri, tapi takut orang nggak suka. Gimana dong?",diri sendiri takut alami diri sendiri sedang bebas ekspresi diri temen dekat takut dengerin,-1,0,0.78638864,True,high
3329,"Aku nggak suka main-main, lebih suka serius. Apa aku terlalu kaku?",main main serius terlalu kaku salah serius nikmat hidup kaku ringan sekal nonton film lucu rileks,-1,0,0.7931379,True,high
3330,Aku merasa nggak berguna kalau nggak bisa bantu orang lain. Kenapa gitu?,butuh kuat beri manfaat arti harga,-1,0,0.6280967,True,high
3334,"Aku nggak bisa milih antara dua pilihan, rasanya bikin stres. Apa yang harus aku lakuin?",milih pilih stres lakuin nama konflik pilih stres kurang masing masing pilih jelas pilih sudut pandang,-1,0,0.7628301,True,high
3335,"Aku pengen berhenti bantu orang karena capek, apa itu egois?",henti capek egois egois capek butuh istirahat jaga diri sendiri capek lelah,-1,0,0.7312934,True,high
3336,"Aku merasa nggak bisa ngapa-ngapain dengan benar, apa aku gagal?",gagal berat arti gagal butuh nemuin cocok solusi bareng,-1,2,0.7400734,True,high
3337,"Aku pengen jadi yang terbaik di segala hal, tapi capek. Harusnya aku terus nggak?",segala capek terus semangat capek terlalu diri sendiri paling penting dengerin,-1,0,0.7553884,True,high
3339,"Aku sering merasa perilakuku nggak bisa aku kendalikan, kayak tiba-tiba marah atau cemas. Apa sih yang bikin perilaku kita berubah-ubah gitu?",perilaku kendali marah cemas perilaku ubah ubah perilaku sulit kendali perilaku pengaruh diri sendiri emosi perilaku muncul otomatis jantung cepat takut atur lewat pilih cemas perhati picu emosi situ paham kelola,-1,0,0.79602444,True,high
3340,"Kenapa ya, kadang aku nggak sadar kenapa aku bertindak begitu? Kayak refleks gitu.",tindak refleks perilaku refleksif kaget tangan langsung tutup muka otomatis perilaku respons langsung tubuh hadap bahaya tindak ganggu pola muncul stres paham bareng,-1,8,0.76590705,True,high
3341,"Aku pengen banget punya kebiasaan baru, misalnya bangun pagi lebih rajin. Tapi susah banget! Gimana caranya supaya bisa konsisten?",pagi rajin susah konsisten bentuk gampang salah diri pagi alarm awal tingkat pelan pelan penting jangan terlalu diri sendiri gagal reward kecil ngopi enak pagi makin semangat pagi tuju,-1,3,0.78461415,True,high
3343,"Aku pengen jadi lebih disiplin, tapi selalu gagal. Ada saran nggak supaya aku bisa berubah?",disiplin gagal saran ubah disiplin butuh langsung hasil kecil jadwal sederhana tugas hasil diri puji hadiah kecil penting paham disiplin tuju tuju jelas gampang motivasi gagal jangan patah semangat anggap proses susah disiplin,-1,0,0.7925985,True,high
3345,"Aku pengen ngubah kebiasaan buruk, seperti ngelamun berlebihan. Gimana caranya supaya berhasil?",ngubah ngelamun hasil ubah butuh usaha seru anggap tualang kenal diri sendiri ngelamun perhati kapan paling laku bosan stres justru nyaman diri aktivitas jalan jalan sebentar pelan pelan kurang kurang ngelamun bareng,-1,0,0.8311596,True,high
3347,Aku sering ngerasa perilakuku dipengaruhi lingkungan. Gimana caranya supaya aku lebih kuat ngendalin diri?,ngerasa perilaku pengaruh kuat ngendalin diri pengaruh kuat ngatur diri sendiri kenal pengaruh temen ngajak kerja batas kecil distraksi diri tindak kesal paling susah kontrol,-1,0,0.80506295,True,high
3349,"Kenapa ya, aku kadang nggak bisa nahan diri buat ngelakuin sesuatu, padahal tahu itu nggak baik?",nahan diri ngelakuin padahal tahu tindak mikir panjang dorong kuat emosi lama tahu media sosial kerja tangan gatal perhati tahan positif taruh ponsel jauh jauh reminder kecil susah nahan diri,-1,0,0.87660843,True,high
3351,"Aku suka ngikutin orang lain, padahal kadang nggak sesuai sama keinginanku. Gimana caranya supaya lebih mandiri?",ngikutin padahal sesuai mandiri ngikutin yakin diri sendiri mandiri kenal putus diri sendiri beneran putus kecil pilih makan pelan pelan percaya pilih ngikutin solusi,-1,0,0.83563733,True,high
3354,Aku merasa lingkunganku bikin aku jadi orang yang nggak aku suka. Gimana caranya supaya aku tetep jadi diri sendiri?,diri sendiri dukung hilang diri sendiri salah dirasain tahu nyaman ngejaga nilai nilai penting negatif terima luangin ngelakuin diri sendiri pikirin bareng,-1,0,0.8241613,True,high
3357,"Aku pengen lebih mengenal diri sendiri, apa yang bisa aku lakukan?",kenal diri sendiri laku keren kenal diri sendiri introspeksi diri sendiri sengaja picu lama lama pola unik aspek diri paham,-1,0,0.7580489,True,high
3359,"Aku merasa hidupku berantakan, ada saran biar lebih teratur?",hidup beranta saran atur hidup beranta stres kecil sederhana perilaku atur jernih rapi meja kerja atur jadwal tidur hidup atur,-1,0,0.7323357,True,high
3362,"Aku merasa susah nerima kenyataan, apa yang bisa aku coba?",susah nerima nyata susah terima nyata utama situasi berat renung sulit terima takut sedih bicara percaya pelan pelan ingat butuh susah move,-1,0,0.8192437,True,high
3365,"Aku takut salah ambil keputusan, gimana caranya biar lebih percaya diri?",takut salah putus percaya diri takut salah putus renung ragu kurang takut hasil kontra jernih ingat putus sempurna putus,-1,2,0.7902086,True,high
3366,"Aku merasa hidupku nggak ada arah, apa yang bisa aku lakukan?",hidup arah laku hilang sendiri luang renung kosong kecil senang jalan jalan temen terus bicara peduli profesional arah tuju,-1,0,0.8179067,True,high
3367,Kenapa aku susah fokus sama apa yang aku kerjain?,susah kerjain susah frustrasi penuh khawatir dekat introspeksi tahu dukung matiin notifikasi kerja hilang,-1,0,0.8201032,True,high
3368,"Aku pengen lebih paham diri sendiri, tapi bingung mulai dari mana. Ada cara nggak sih buat kenal diri lebih dalam?",paham diri sendiri kenal diri kenal diri sendiri keren salah hidup catat rasain neng sedih inget inget momen penting hidup temen deket pandang luar penasaran diri sendiri,-1,0,0.82790136,True,high
3371,"Aku susah banget ngerjain tugas kelompok, soalnya nggak nyaman sama timku. Gimana caranya biar bisa kerja sama?",susah ngerjain tugas kelompok nyaman kerja kerja emang challenging nyaman komunikasi kecil tugas suasana kurang enak tuju bareng alas saling dukung susah minta ketua dosen nyaman solusi,-1,0,0.7787937,True,high
3373,Aku sering ngerasa apa yang aku kerjain nggak ada hasilnya. Gimana caranya biar tahu aku udah bikin kemajuan?,ngerasa kerjain hasil tahu udah maju down tahu maju catat udah lakuin kecil berapa halaman udah baca paham maju langsung ngerasa kembang udah capai jauh,-1,0,0.7351359,True,high
3374,Aku takut salah kalau harus ngerjain tes atau ujian. Gimana caranya biar lebih percaya diri?,takut salah ngerjain percaya diri takut salah hasil bagus percaya diri siap realistis ulang materi pelan pelan ingetin diri sendiri salah nilai diri tahu takut salah ngatasinnya,-1,2,0.84573245,True,high
3375,Aku pengen ngerti kenapa aku susah fokus waktu belajar. Apa ada cara buat tahu apa masalahnya?,susah tahu susah datang pertama nyalahin diri sendiri perhati berisik penuh tempat tenang teknik sederhana pomodoro istirahat susah tahu bareng,-1,0,0.8162092,True,high
3376,Aku ngerasa orang lain lebih gampang ngerti pelajaran dibandingkan aku. Apa aku kurang berusaha?,ngerasa gampang banding kurang usaha bandingin diri emang gampang ngerasa kurang arti kurang usaha cepat susah perlu disesuain butuh jelas sederhana ngerasa tinggal solusi,-1,0,0.79446524,True,high
3377,Aku sering ngerasa apa yang aku pikirin nggak sesuai sama kenyataan. Gimana caranya biar lebih realistis?,ngerasa pikirin sesuai nyata realistis lari realistis pikirin bandingin fakta ngerasa gagal diri sendiri gagal sesuai ekspektasi temen objektif perspektif sinkron nyata,-1,0,0.7922348,True,high
3378,"Aku pengen cerita soal hidupku, tapi takut orang nggak peduli. Gimana caranya biar berani cerita?",hidup takut peduli berani takut peduli ragu diri tahu dengerin temen deket keluarga suportif ringan peduli arti harga siap denger susun bareng,-1,0,0.8124801,True,high
3382,Kenapa aku merasa lingkunganku bikin aku stres terus?,stres terus stres berat situasi pengaruh perhati paling stres atur batas kurang tempat nyaman tempat tenang,-1,0,0.83430624,True,high
3384,"Aku sering ngerasa nggak cocok sama lingkunganku, apa yang bisa aku lakukan?",ngerasa cocok laku cocok sepi nilai sesuai jalan ubah dukung nyaman,-1,0,0.7695032,True,high
3392,"Aku merasa orang-orang di sekitarku bikin aku berubah, ini normal nggak?",ubah pengaruh tindak sosial teman keluarga bentuk perilaku ubah atur batas versi diri,-1,5,0.61526525,True,high
3397,"Aku merasa pengalaman burukku bikin aku takut coba hal baru, gimana caranya?",alam takut alam takut lang alam bentuk ubah pola pelan pelan kecil takut ingat diri gagal alam takut,-1,5,0.75036705,True,high
3398,"Aku merasa sifatku bikin aku susah dekat sama orang lain, apa yang salah?",sifat susah dekat salah susah dekat sepi salah sifat pengaruh bawa interaksi ringan nyaman perhati jauh situasi,-1,0,0.78149325,True,high
3399,Aku sering merasa susah fokus karena pikiranku penuh sama hal-hal kecil. Gimana caranya biar bisa lebih sadar sama apa yang lagi aku lakuin?,susah penuh kecil lakuin penuh kecil stres tekan diri perhati lama tenang catat sibuk pola tenang pikirin bareng,-1,0,0.85294414,True,high
3401,"Aku pengen belajar lebih konsisten, tapi selalu gagal di tengah jalan. Ada tips nggak biar aku bisa terus semangat?",konsisten gagal tengah jalan tips terus semangat konsisten gampang niat tuju kecil reward kecil hasil dengerin favorit gagal jangan terlalu diri sendiri henti kurang materi terlalu berat susah konsisten cocok,-1,2,0.7848384,True,high
3404,"Aku pengen punya kebiasaan baru, tapi susah banget ngejalaninnya. Gimana caranya biar berhasil?",susah ngejalaninnya hasil bentuk emang butuh usaha seru anggap tantang super sederhana pagi lakuin terus jangan lupa puji diri sendiri hasil gagal tahu susah susun rencana bareng,-1,2,0.8504559,True,high
3411,"Kenapa ya aku merasa takut sama sesuatu yang sebenarnya nggak berbahaya, seperti takut ngomong di depan orang?",takut bahaya takut ngomong depan takut situasi degan bicara depan umum takut muncul alam masa terlalu khawatir kecil ngomong depan cermin temen dekat takut ganggu bicara konselor tahu akar sendiri pelan pelan,-1,0,0.7956569,True,high
3412,"Aku pengen banget jadi lebih disiplin, tapi kok susah banget buat konsisten. Ada saran?",disiplin susah konsisten saran disiplin tantang niat awal keren pecah tuju kecil pagi alarm awal hadiah kecil diri sendiri hasil ngopi enak nonton serial favorit gagal jangan terlalu diri sendiri konsistensi pelan pelan,-1,0,0.8171454,True,high
3419,"Aku merasa nggak bisa nyanyi, padahal pengen banget. Gimana cara mulai belajar?",padahal semangat keren perlu langsung jago sederhana favorit kamar sendiri rekam berani dengar progres serius vokal tonton tutorial gratis internet penting nikmat proses jangan terlalu khawatir bagus unik masuk,-1,0,0.79845786,True,high
3420,Aku merasa orang tua terlalu ngatur hidupku. Gimana cara ngatasinnya?,terlalu ngatur hidup ngatasinnya nyaman kontrol terus tenang nyalahin putus sendiri mandiri ngatur tetap batas kecil pilih giat situasi berat temen konselor sudut pandang,-1,0,0.84914196,True,high
3421,Aku merasa nggak dihargai sama temen. Apa yang harus aku lakukan?,harga temen laku harga sakit sengaja sengaja temenmu jujur kurang harga begini bicara ubah lingkar dukung keliling harga,-1,0,0.78395975,True,high
3423,Aku merasa orang lain nggak ngerti apa yang aku rasakan. Gimana cara ngatasinnya?,ngatasinnya paham frustrasi percaya jelas sedih dengerin sepenuh erti jurnal paham diri sendiri harga ngertiin,-1,0,0.80270916,True,high
3426,"Kenapa ya, aku kadang merasa apa yang aku lihat itu gak sama kayak kenyataannya?",nyata depan mata diri alam bahkan harap pengaruh takut balik pintu bayang seram perhatiin rasain ngerasa dengerin,-1,0,0.78178513,True,high
3428,"Aku ngerasa hidupku kayak gak teratur, susah ngerti apa yang aku mau. Apa yang salah?",ngerasa hidup atur susah salah campur aduk salah hidup sekaligus kecil diri sendiri neng atur dengerin ngerasa atur,-1,0,0.76722896,True,high
3429,Aku kadang ngerasa apa yang aku pikirin itu gak nyambung sama apa yang aku lakuin. Kenapa ya?,ngerasa pikirin nyambung lakuin tindak jalan sendiri sendiri ngeliat tindak pengaruh situasi diri sendiri nyambungin tindak ngerasa nyambung,-1,0,0.748019,True,high
3430,Aku merasa gak bisa ngerti apa yang aku rasain kadang-kadang. Apa yang bisa aku lakuin?,rasain lakuin kusut nama sedih susah percaya jelas susah dengerin,-1,0,0.7473493,True,high
3432,Aku kadang ngerasa apa yang aku pikirin itu gak penting. Gimana biar aku lebih pede sama pikiranku?,ngerasa pikirin penting pede diraguin sendiri muncul nilai diri turut penting terus muncul arti nilai balik ngerasa penting,-1,0,0.78492486,True,high
3433,Aku merasa susah banget buat ngerti apa yang orang lain maksud. Apa yang bisa aku lakuin?,susah lakuin ngomong kode kata kata obrol jelas perhatiin ekspresi ngasih tunjuk susah,-1,0,0.7404003,True,high
3436,"Aku sering merasa harus bikin orang lain senang, tapi kok malah aku yang capek. Apa yang salah?",senang malah capek salah bahagia usaha senang habis energi laku harap balas ruang diri sendiri cukup diri sendiri,-1,0,0.82552344,True,high
3438,Aku suka khawatir soal masa depan. Gimana caranya biar nggak terlalu takut sama yang belum pasti?,khawatir masa depan terlalu takut masa depan penuh ketidakpastian cemas laku rencana kecil siap jangan lupa nikmat momen laku tenang,-1,2,0.79249686,True,high
3439,Aku ngerasa sikap temenku bikin aku kesal. Apa aku harus ngomong ke dia biar dia berubah?,ngerasa sikap temenku kesal ngomong ubah sikap luar kendali harap ubah kecewa diri sendiri ubah respons batas interaksi perlu ngomong tenang jangan harap ubah laku temenmu kesal,-1,0,0.7575896,True,high
3440,Aku sering ngerasa nggak berdaya pas ngadepin masalah. Gimana caranya biar lebih kuat?,ngerasa daya ngadepin kuat daya kuat kecil kendali hadap putus kecil kecil percaya diri bangga diri sendiri,-1,2,0.81139743,True,high
3442,Aku sering ngerasa nggak bisa ngontrol pikiran negatif. Gimana caranya biar lebih positif?,ngerasa ngontrol negatif positif negatif datang kuasa kenal netral diri sendiri tenang aktivitas nulis olahraga keluar negatif,-1,0,0.8229096,True,high
3443,Aku ngerasa masa lalu aku bikin aku susah percaya sama orang. Gimana caranya biar nggak gitu?,ngerasa masa susah percaya masa ninggalin luka susah percaya kecil diri perlahan percaya kendali pilih temen percaya,-1,2,0.7992078,True,high
3445,Aku ngerasa nggak bisa ngontrol apa yang aku rasakan. Ini bikin aku takut. Apa yang harus aku lakukan?,ngerasa ngontrol takut laku liar kuasa kelola kenal muncul laku tenang meditasi jalan jalan proses tenang kacau,-1,0,0.8152659,True,high
3446,Aku ngerasa orang lain bikin aku kesal karena sikapnya. Apa aku salah kalau kesal?,ngerasa kesal sikap salah kesal kesal sikap ubah kendali tanggap jaga jarak perlu jaga nyaman tenang kesal,-1,0,0.8066902,True,high
3448,"Aku sering cemas memikirkan masa depan, apa yang harus kulakukan?",cemas masa depan laku cemas masa depan kendali kecil laku rencana jangan terlalu kaku ruang kejut peluang syukur,-1,5,0.7397037,True,high
3450,"Aku sering marah sama orang lain yang nggak sesuai ekspektasiku, apa yang harus kulakukan?",marah sesuai ekspektasiku laku kesal harap sikap luar kendali kendali respons tetangga sinis pilih singgung tetap ramah diri sendiri sudut pandang tenang bawa emosi,-1,0,0.81793547,True,high
3451,"Aku pengen merencanakan karier, tapi takut nggak tercapai, gimana caranya biar nggak stres?",rencana karier takut capai stres rencana karier bagus takut hasil sesuai rencana fleksibel peta jalur laku skill jaga kolega ingat hasil akhir sepenuh tangan usaha kecil laku bawa dekat tuju,-1,0,0.76550376,True,high
3452,"Aku susah nerima kalau ada hal buruk terjadi, seperti kehilangan seseorang, gimana caranya?",susah nerima hilang hilang berat salah susah terima diri emosi perlu buru buru move kendali rawat diri sendiri kenang momen indah terlalu berat percaya ringan beban,-1,0,0.8273889,True,high
3453,"Aku merasa hidupku nggak berjalan sesuai rencana, apa yang salah?",hidup jalan sesuai rencana salah hidup sesuai rencana sesat salah hidup penuh kejut diri sendiri laku tindak kecil tugas laku kendali,-1,5,0.74181443,True,high
3454,"Aku merasa nggak bisa ngapa-ngapain soal masa depan, apa yang salah denganku?",masa depan salah salah stuck terlalu masa depan kecil laku dekat tuju baca artikel topik kecil kecil arti,-1,5,0.78419113,True,high
3455,"Aku merasa orang lain bikin hidupku susah, apa yang harus kulakukan?",hidup susah laku sikap frustrasi luar kendali ubah tanggap sinis pilih tetap tenang batas interaksi diri sendiri sudut tindak damai,-1,0,0.8264921,True,high
3465,"Aku takut kalau aku nggak bersaing, aku bakal ketinggalan. Apa aku salah mikir gitu?",takut saing tinggal salah mikir takut tinggal bayang terus lari kejar habis tuju sendiri hidup bukan siapa paling cepat jalan hidup penting tinggal sedang jalan sendiri,-1,2,0.7766235,True,high
3467,Aku merasa kesepian karena nggak punya temen di sekolah. Apa yang bisa aku lakukan supaya nggak merasa begini?,sepi temen sekolah laku begini sepi berat sedih dengar kecil sapa kelas giat sederhana tempat aktivitas nyaman pustaka klub sana sendiri harga hadir,-1,0,0.7932798,True,high
3471,Aku suka kesal kalau ada orang yang ngomong kasar atau nyindir aku. Harusnya aku balas nggak sih?,kesal ngomong kasar nyindir balas ngerasa nyindir perhati unggul nama rebut kuasa balas kesal justru masuk main mundur selang tanggap tenang logika justru kuat balas sindir,-1,0,0.753549,True,high
3472,"Kenapa sih orang kadang bertingkah nyebelin, kayak sengaja bikin aku marah?",ting nyebelin sengaja marah ting kuasa menang tantang selubung ngomong kasar kesal pancing pegang kendali lakuin,-1,0,0.74431115,True,high
3474,"Aku ngerasa orang lain yang salah, tapi kenapa aku yang harus ngalah biar nggak ribut?",ngerasa salah ngalah ribut ngerasa ngotot justru situasi makin panas mundur konflik bukan arti kalah pilih jebak drama jaga damai batin momen ngerasa menang tengkar,-1,0,0.77841455,True,high
3475,"Aku kesal banget sama seseorang, dan rasanya pengen balas dendam. Itu salah nggak sih?",kesal balas dendam salah kesal balas dendam stuck lingkar negatif kesal narik rebut kuasa balas masuk jebak energi tumbuh tuju pribadi balas dendam positif lakuin ngalihin,-1,0,0.7911128,True,high
3477,"Kadang aku ngerasa hidup ini kayak kompetisi, dan aku harus menang. Tapi capek banget. Gimana caranya berhenti ngerasa gitu?",ngerasa hidup kompetisi menang capek henti ngerasa hidup lomba bayangin lepas kacamata menang kalah bahagia bukan ngalahin lakuin bukan pamer lakuin diri sendiri mikirin menang kalah,-1,2,0.777584,True,high
3478,Aku ngerasa susah buat bahagia. Kayak ada yang kurang terus. Apa yang bisa aku lakuin?,ngerasa susah bahagia kurang terus lakuin bahagia butuh berani bukan segala nerima diri milih nikmatin momen kecil senyum kecil ngerasa kurang obrolin bareng,-1,2,0.781281,True,high
3479,"Aku pengen orang lain ngeliat aku hebat, tapi kok malah stres sendiri. Gimana biar aku santai aja?",ngeliat malah stres sendiri santai anggap stres jebak unjuk superioritas bahagia bukan kagum lakuin diri sendiri nikmat mata,-1,0,0.8016571,True,high
3480,Aku merasa sulit jadi mandiri. Rasanya selalu butuh orang lain.,sulit mandiri butuh proses mandiri bukan arti sendiri percaya diri putus hadap tantang kecil tugas sederhana sendiri sulit mandiri,-1,2,0.7957344,True,high
3481,Gimana caranya hidup harmonis dengan orang lain? Aku sering konflik.,hidup harmonis konflik hidup harmonis saling hormat teman juang bukan lawan konflik dengar sudut pandang reaksi konflik,-1,0,0.68159664,True,high
3482,Aku takut gagal di pekerjaan. Apa aku nggak cukup kompeten?,takut gagal kerja cukup kompeten takut gagal jangan definisi mampu kerja seringkali bukan kompeten interpersonal perlu komunikasi kerja takut gagal sudut,-1,1,0.7088088,True,high
3483,"Aku ditolak kerja terus, rasanya harga diriku hancur.",tolak kerja terus harga diri hancur tahu berat tolak kerja bukan arti harga cocok timing harga diri tolak bangkit terus laku tolak lanjut bareng,-1,2,0.75366324,True,high
3485,"Dulu aku nggak punya temen di sekolah, apa itu aneh?",temen sekolah aneh aneh sekali jalan sosial butuh lama penting alam,-1,0,0.74880004,True,high
3486,Aku takut kalau pacarku dekat sama orang lain. Apa ini wajar?,takut pacar dekat cemburu kontrol pasang kurang percaya cinta sehat bebas nyaman bukan ikat takut takut ngatasin,-1,0,0.81325436,True,high
3487,"Kalau aku nggak suka pasanganku ngobrol sama lawan jenis, apa itu salah?",pasang lawan jenis salah salah nyaman datang percaya kontrol percaya khawatir jujur pasang,-1,0,0.7604473,True,high
3488,Aku merasa pasanganku nggak percaya sama aku. Apa yang harus kulakukan?,pasang percaya laku frustrasi sehat butuh percaya belah pihak pasang percaya saling jujur awal percaya,-1,0,0.7508514,True,high
3501,"Aku pengen orang lain ngeliat aku berharga, tapi kok malah ngerasa nggak dianggep. Apa yang harus aku lakuin?",ngeliat harga malah ngerasa dianggep lakuin terlalu pandang nilai usaha harga diri sendiri bangga diri sendiri akhir akhir,-1,2,0.74362564,True,high
3502,Aku sering merasa harus bikin orang tua aku bangga. Tapi itu bikin aku capek. Harusnya aku hidup buat siapa sih?,bangga capek hidup siapa hidup penuh ekspektasi masuk bangga capek diri sendiri hidup milik arti bukan kejar,-1,2,0.79072994,True,high
3504,"Aku suka sih bantu orang, tapi kalau nggak ada yang ngucapin terima kasih, aku jadi males. Itu salah nggak sih?",ngucapin terima males salah salah manusiawi kontribusi bukan puji terlalu terima hadiah diri sendiri tahu laku,-1,0,0.758491,True,high
3506,Kadang aku merasa hidupku cuma buat nyenengin orang lain. Aku harus mulai dari mana biar hidup buat diri sendiri?,hidup nyenengin hidup diri sendiri kenal mikirin kata mimpi lama tunda takut terima situ laku kecil senang ingat perlu penuh ekspektasi siapa diri sendiri,-1,2,0.8235666,True,high
3507,"Aku merasa kalau nggak ada yang ngeliat usahaku, aku nggak ada artinya. Gimana cara ngatasin ini?",ngeliat usaha arti ngatasin berat usaha harga usaha siapa laku percaya penting arti harga diri sendiri raya capai kecil harga,-1,0,0.78495824,True,high
3508,"Aku sering ngerasa orang lain itu musuh, bukan temen. Itu bikin aku susah percaya sama orang. Apa yang bisa aku lakuin?",ngerasa musuh bukan temen susah percaya lakuin kecewa teman juang bukan musuh perlu langsung percaya penuh obrol kecil kecil lama lama seram nemenin,-1,0,0.7788203,True,high
3509,"Aku sering merasa orang tua selalu ikut campur dalam hidupku, apa yang harus aku lakukan?",campur hidup laku paham terlalu atur tugas siapa sedang putus pilih hidup tugas bukan bicara lembut harga perhati putus sendiri yakin khawatir tunjuk mampu,-1,0,0.81218463,True,high
3510,Kenapa aku merasa bersalah kalau nggak memenuhi harapan orang tua?,salah penuh harap senang sayang ingat hidup milik bukan penuh ekspektasi siapa bahkan harap peduli perlu salah pilih jalan bahagia tetap jaga komunikasi,-1,0,0.7513734,True,high
3511,Aku sering merasa orang lain harus berubah supaya hidupku lebih mudah. Apa salahnya berpikir begitu?,ubah hidup mudah salah hehe gampang ubah kendali ubah diri sendiri laku tanggap hidup ringan konflik diri sendiri tugas kerja hati tenang,-1,5,0.8367343,True,high
3515,Aku merasa hidupku berat karena selalu berusaha bikin orang lain senang. Gimana caranya berhenti?,hidup berat usaha senang henti tahu capek usaha senang nali tugas sendiri berat penuh ekspektasi tanyain diri sendiri tugas siapa bukan tugas lepas bahagia jaga batas sehat,-1,0,0.8192681,True,high
3518,"Kalau aku nggak ikut campur, apa nggak berarti aku nggak peduli sama orang lain?",campur arti peduli sekali justru campur nunjukin peduli hormat individu dukung dengar beri saran minta sekadar bentuk peduli harga kendali,-1,0,0.75942916,True,high
3520,Apakah semua persoalan dalam hidup juga sederhana?,hidup sederhana hidup sederhana tampak rumit pandang tanggap,-1,5,0.694072,True,high
3522,Mengapa seseorang merasa sulit untuk percaya bahwa dunia ini sederhana?,sulit percaya sederhana lensa alam pribadi sosial kompleks sulit terima pandang sederhana,-1,0,0.7270818,True,high
3523,Apa hubungan antara persepsi subjektif dan kerumitan dunia?,persepsi subjektif kerumit persepsi subjektif makna alam emosi takut cemas tampak rumit balik optimisme sederhana,-1,9,0.7627404,True,high
3525,Apakah tanggung jawab sosial membuat hidup menjadi lebih rumit?,sosial hidup rumit sosial hidup rumit pandang beban hidup rumit hidup sederhana,-1,5,0.65179145,True,high
3529,Apa yang bisa dilakukan untuk menghadapi hubungan yang rumit dengan orang lain?,laku hadap rumit terima rumit hidup komunikasi jujur empati sederhana interaksi,-1,0,0.77124465,True,high
3530,Apa yang bisa dilakukan untuk tetap tenang di tengah kesadaran akan masalah sosial?,laku tetap tenang tengah sosial kontrol tindak kecil terima sendiri,-1,0,0.7502773,True,high
3532,Aku punya atasan yang selalu nggak puas sama kerjaanku. Aku merasa capek banget berusaha buat diakui. Apa yang harus aku lakukan?,puas kerja capek usaha laku frustrasi sisi tugas laku kerja bukan puas harga usaha bukan arti gagal kendali tingkat terampil tetap motivasi sikap positif bawa ubah langsung,-1,0,0.82603335,True,high
3534,Aku merasa pembagian tugas yang kamu bilang itu bikin aku nggak peduli sama orang lain. Apa bener gitu?,tugas peduli tugas justru sehat tahu tugas tugas beban ekspektasi perlu tetap peduli korban diri sendiri imbang bukan abai,-1,0,0.77822584,True,high
3535,"Aku takut kalau aku nerapin pembagian tugas, aku malah jadi jauh sama orang-orang di sekitarku. Gimana caranya biar nggak gitu?",takut nerapin tugas malah jauh keren mikir depan tugas jauh justru jujur bayangin terlalu dekat campur urus malah tegang jaga jarak cukup dekat peduli cukup jauh ruang diri sendiri,-1,11,0.7951747,True,high
3536,Aku dengar tentang kisah simpul Gordian. Apa hubungannya sama masalahku yang susah ngatur hubungan sama orang lain?,dengar kisah simpul gordian susah ngatur simpul gordian rumit otak atik pake perlu dekat potong simpul tegas arti berani tugas sendiri jebak drama perlu jernih solusi sederhana,-1,13,0.790921,True,high
3537,"Tapi kalau aku motong simpul kayak gitu, bukannya aku bakal menyakiti orang lain atau bikin mereka menjauh?",motong simpul bukan sakit jauh khawatir motong simpul bukan arti sakit bebas diri beban perlu henti usaha ubah justru tulus harga tetap kuat saling hormat batas masing masing,-1,0,0.7890105,True,high
3538,"Aku merasa pembagian tugas ini terlalu dingin, kayak nggak ada emosi. Apa nggak bikin aku kehilangan koneksi sama orang lain?",tugas terlalu dingin emosi hilang koneksi tahu awal kaku tugas koneksi asli campur urus beri bebas diri sendiri bebas diri bukan peduli hormat emosi tetap kelola bijak,-1,0,0.81306744,True,high
3540,Aku merasa hidupku berantakan karena hubungan sama orang lain. Apa pembagian tugas ini beneran bisa bikin hidupku lebih sederhana?,hidup beranta tugas beneran hidup sederhana bayangin tugas sendiri jaga sehat mental laku kerja kejar mimpi ringan perlu bawa beban atur tindak hidup sederhana ngurusin,-1,0,0.81098884,True,high
3541,Aku masih susah nerima konsep ini. Rasanya kayak nggak manusiawi. Apa aku salah mikir?,susah nerima konsep manusiawi salah mikir salah awal konsep asing diajarin tugas justru hormat individu kendali hidup bukan dingin beri bebas diri sendiri,-1,0,0.81064993,True,high
3545,Aku takut banget kalau orang lain nggak suka sama aku. Ini normal nggak sih?,takut hampir bayang terus usaha hilang diri sendiri takut situ percaya diri takut,-1,2,0.7617023,True,high
3547,"Aku pengen hidup sesuai keinginanku, tapi takut dianggap egois. Gimana dong?",hidup sesuai takut anggap egois hidup sesuai bukan arti egois arti harga diri sendiri kontrol putus kecil bebas pilih aktivitas nikmat takut anggap egois,-1,0,0.7988312,True,high
3548,"Kalau aku nggak peduli sama pendapat orang lain, apa nggak jadi orang yang sombong?",peduli sombong peduli bukan arti sombong percaya diri sendiri tetap rendah hati jalan hidup sesuai hati putus mikirin omong dukung,-1,0,0.78000736,True,high
3549,Aku merasa hidupku cuma buat menyenangkan orang lain. Gimana caranya berhenti dari kebiasaan ini?,hidup senang henti tetap batas kecil luang laku murni diri sendiri tonton film favorit jalan jalan senang,-1,5,0.7662863,True,high
3550,"Aku merasa hubunganku dengan orang tua selalu bermasalah, apa yang bisa aku lakukan?",laku rumit tugas kontrol sikap tindak sendiri dekat niat tulus harap ubah cakap kecil positif kuat pertama,-1,0,0.8028289,True,high
3551,"Aku merasa orang lain selalu punya kendali atas hubunganku, apa aku salah?",kendali salah salah pegang kendali paham tugas sikap sendiri ubah ubah respons,-1,0,0.7395277,True,high
3552,"Aku merasa bersalah karena nggak bisa bikin orang tuaku senang, apa aku egois?",salah senang egois egois bahagia bukan tugas sendiri bahagia autentik bahagia tunjuk peduli,-1,0,0.75446844,True,high
3553,"Aku takut kalau mencoba memperbaiki hubungan justru bikin semuanya lebih buruk, apa yang harus aku lakukan?",takut justru laku takut jangan henti kecil kirim pesan sederhana kabar penting laku niat tulus harap hasil kontrol reaksi kontrol usaha cukup arti,-1,0,0.77950406,True,high
3555,"Aku merasa kesepian kalau terlalu memisahkan tugas dalam hubungan, apa aku salah paham?",sepi terlalu pisah tugas salah paham salah pisah tugas bukan arti putus beri bebas diri sendiri tetap peduli beban kontrol luang percaya kurang sepi,-1,0,0.82344615,True,high
3556,"Aku ingin hubunganku dengan keluarga membaik, tapi aku nggak tahu harus mulai dari mana, ada saran?",keluarga tahu saran pertama paling sulit paling arti sederhana ringan kecil penting laku harap langsung ubah usaha ringan,-1,3,0.7316831,True,high
3557,"Aku merasa masa laluku bikin aku sulit percaya sama orang, apa yang bisa aku lakukan?",masa sulit percaya laku masa ragu kuat ubah pandang masa sulit percaya percaya kecil ringan awal percaya,-1,5,0.76148367,True,high
3558,"Aku merasa bersalah kalau nggak bisa bikin semua orang senang, apa itu normal?",salah senang ingat bahagia bukan peduli dukung pilih bahagia laku meditasi ringan,-1,0,0.7920618,True,high
3559,"Aku takut kalau usahaku memperbaiki hubungan nggak dihargai, apa aku harus tetap mencoba?",takut usaha harga tetap takut usaha tunjuk berani laku tulus ungkap jujur sekadar harga bukan cermin diri penting usaha kuat,-1,2,0.8281332,True,high
3563,Kadang aku merasa hubungan sama orang lain itu ribet. Apa sih kunci buat bikin hubungan yang nggak bikin stres?,ribet kunci stres rumit imbang teman juang bukan saing ancam arti perlu senang perlu jaga jarak terlalu jauh penting jaga komunikasi jujur hormat batas masing masing konflik bicara tenang bukan malah simpan ledak,-1,0,0.82093096,True,high
3564,"Aku pengen punya hubungan yang baik sama orang lain, tapi kok rasanya sulit banget. Apa yang salah?",sulit salah salah butuh usaha salah kunci tempat saling dukung diri sendiri laku harga sederhana dengar penuh perhati ringan hakim situ alami,-1,0,0.8377458,True,high
3567,Aku merasa dunia ini cuma tentang aku dan masalahku. Apa ini bikin aku jadi orang yang egois?,egois perlu salah sendiri berat sekal perhati dengerin temen kecil luas pelan pelan ringan,-1,0,0.76482475,True,high
3568,"Aku pengen lebih peduli sama orang lain, tapi kok rasanya susah. Gimana caranya?",peduli susah keren peduli kecil perlu langsung pahlawan kabar temen dengerin sederhana penting laku tulus bukan lama lama peduli alami bahagia,-1,0,0.7878281,True,high
3569,Kadang aku ngerasa orang lain cuma bikin hidupku tambah susah. Apa bener semua masalah itu dari hubungan sama orang lain?,ngerasa hidup tambah susah hehe pusing datang muncul sendiri sempat bukan beban konflik diri sendiri sumber kuat bukan,-1,0,0.7743295,True,high
3570,"Aku bingung, apa sih arti ‘masyarakat’ dalam hidupku? Kok rasanya abstrak banget.",arti masyarakat hidup abstrak masyarakat konsep gede sederhana masyarakat obrol interaksi kecil temen keluarga bahkan asing masyarakat kecil temen senyum tetangga situ,-1,0,0.71465427,True,high
3571,"Aku merasa hidupku harus sempurna, seperti aku adalah pusat dunia. Apa yang salah dengan pemikiran ini?",hidup sempurna pusat salah pusat jebak ekspektasi realistis hidup bukan ikan bukan hidup ringan makna,-1,5,0.7477355,True,high
3572,Kenapa aku sering merasa kecewa kalau orang lain nggak memenuhi harapanku?,kecewa penuh harap kecewa harap ngasih lupa butuh batas ubah mikirin laku kurang kecewa,-1,0,0.75841343,True,high
3573,Aku merasa nggak nyaman kalau nggak jadi pusat perhatian. Gimana cara ngatasin ini?,nyaman pusat perhati ngatasin perhati pusat sepi diri bukan pusat kecil dengerin temen minta balas nyaman diri sendiri,-1,0,0.7653552,True,high
3574,Aku susah ngerasa punya tempat di kelompok atau komunitas. Apa yang bisa aku lakukan?,susah ngerasa tempat kelompok laku tempat penting datang kecil kontribusi proyek bareng temen butuh didenger beri terima peran,-1,0,0.80169064,True,high
3576,Aku takut kehilangan temen kalau aku nggak selalu ngasih apa yang mereka mau. Apa yang harus aku lakukan?,takut hilang temen ngasih laku keren peduli temenmu sehat ngasih minta arah ngasih ngasih takut hilang jujur rasain deket saling,-1,0,0.74819434,True,high
3577,Aku merasa nggak cukup baik kalau nggak jadi yang terbaik di kelompokku. Gimana caranya aku lepas dari perasaan ini?,cukup kelompok lepas perlu cukup udah nilai diri sendiri nikmat kelompok situ ketawa udah kontribusi harga diri perlu banding bandingin,-1,0,0.7523855,True,high
3580,Aku takut kalau aku nggak cukup penting di hidup orang lain. Apa yang bisa aku lakukan?,takut cukup penting hidup laku perlu paling penting arti tindak kecil laku temen udah tempat hidup bukan percaya diri,-1,0,0.8237901,True,high
3582,Aku susah nerima kalau aku bukan pusat dunia. Gimana caranya aku belajar nerima ini?,susah nerima bukan pusat nerima nerima bukan pusat gampang sederhana perhatiin laku balas ucapin terima lama lama ngerasa nyaman,-1,0,0.72041905,True,high
3583,Aku merasa nggak ada yang peduli sama aku. Apa yang bisa aku lakukan biar nggak merasa begini?,peduli laku begini berat sisi peduli duluan kabar kecil nunjukin perhati balas perhati kecil ngerasa,-1,0,0.76176757,True,high
3584,"Aku merasa terjebak di zona nyamanku, seperti nggak bisa keluar dari rutinitas yang bikin aku aman tapi nggak berkembang. Apa yang bisa aku lakukan?",jebak zona nyaman keluar kembang laku nyaman tempat kecil peluang luar sosial tuju luas kecil jelajah luar zona minggu,-1,0,0.72081923,True,high
3586,"Aku sering merasa nggak pede sama orang lain, kayak mereka lebih berkuasa atau lebih tahu. Gimana cara aku ngatasin perasaan ini?",pede kuasa tahu ngatasin muncul vertikal tinggi rendah manusia tara peran alam bawa bukan kurang,-1,0,0.77073133,True,high
3587,"Aku suka ngebantu orang, tapi kadang merasa capek karena kayaknya aku yang selalu ngalah. Harusnya aku gimana?",ngebantu capek ngalah bagus capek sedang campur tugas pisah tugas tugas korban diri beri dukung moral saran bukan,-1,0,0.80413353,True,high
3588,Aku sering ngerasa orang lain harusnya ngelakuin sesuatu sesuai caraku. Ini salah nggak sih?,ngerasa ngelakuin sesuai salah harap atur bentuk intervensi tugas sendiri kontrol tindak sikap sendiri jalan proses,-1,0,0.7620989,True,high
3591,"Aku pengen bantu temen yang lagi susah, tapi takut malah bikin dia kesel. Apa yang harus aku lakukan?",temen susah takut malah kesel laku paksa solusi intervensi dengar penuh perhati butuh hadir penuh empati cukup dukung,-1,0,0.8145987,True,high
3593,"Aku suka ngeluhin hidupku, tapi nggak tahu caranya berhenti. Ada saran nggak?",ngeluhin hidup tahu henti saran keluar keluh manusiawi terlalu jebak pola negatif syukur kecil situasi syukur kecil sisi positif,-1,0,0.851316,True,high
3594,Apa sih cara terbaik untuk membantu seseorang yang sedang menghadapi masalah tanpa memaksa mereka?,sedang hadap paksa damping alami paksa solusi bayang bawa kuda tunjuk jalan kuda sendiri pilih dengar beri dukung solusi usaha sendiri,-1,6,0.7197027,True,high
3595,"Kalau aku ingin mendukung temenku, tapi nggak mau bikin dia merasa dinilai, apa yang harus aku lakukan?",dukung temenku nilai laku terima tulus terima arti harga tara bukan nilai,-1,2,0.68766433,True,high
3597,"Aku suka sih dipuji, tapi kok rasanya kadang nggak nyaman?",puji nyaman puji nilai kekang terima bukan nilai terima tulus kontribusi,-1,0,0.67358625,True,high
3598,Kenapa sih aku merasa nggak berharga kadang-kadang?,harga muncul terlalu banding diri kecil dengarin curhat temen nilai diri sendiri jelas,-1,0,0.7713684,True,high
3599,Aku takut kalau apa yang aku lakukan nggak dianggap penting sama orang lain. Gimana dong?,takut laku anggap penting penting bukan kontribusi sendiri tindak kecil udah cukup arti percaya tindak kecil dampak,-1,0,0.7658782,True,high
3601,Apa sih yang bikin kita bisa nerima diri sendiri apa adanya?,nerima diri sendiri peran kecil mudah terima diri inget momen senyum bukti harga,-1,0,0.74563384,True,high
3603,"Kalau aku nggak bisa ngapa-ngapain buat orang lain, apa aku tetap berharga?",tetap harga udah arti bayangin temen keluarga senang sisi laku udah bukti harga,-1,0,0.69501877,True,high
3607,Kadang aku merasa nggak pantas ada di sini. Apa yang salah sama aku?,pantas salah salah inget udah ubah kecil hidup senyum bukti pantas,-1,5,0.7631173,True,high
3608,Kadang aku merasa hidupku nggak berarti karena aku cuma melakukan pekerjaan rutin yang biasa-biasa aja. Gimana caranya aku bisa merasa lebih berharga?,hidup arti laku kerja rutin harga tahu nilai diri berapa kerja kecil laku rapi buku pustaka sisi momen kecil kerja situ nilai diri,-1,3,0.7731228,True,high
3610,Aku susah banget nerima orang lain apa adanya. Aku selalu punya ekspektasi tinggi. Gimana caranya berubah?,susah nerima ekspektasi tinggi ubah ekspektasi tinggi lupa harga kecil perhati sifat positif banding ideal temenmu lupa janji ingat momen ketawa lama lama mudah terima bareng,-1,0,0.7811116,True,high
3615,Aku ngerasa nggak bisa menghargai orang lain karena aku selalu fokus sama kekurangan mereka. Gimana caranya biar aku bisa lebih positif?,ngerasa harga kurang positif sederhana positif kecil senyum buku catat perlu lama lama sisi hasil,-1,0,0.79306173,True,high
3616,Aku takut buat berteman sama orang yang lebih tua atau senior karena ngerasa nggak pantas. Apa yang salah sama aku?,takut teman senior ngerasa pantas salah salah takut peduli usia teman penting saling harga obrol ringan nyaman ragu,-1,0,0.7767595,True,high
3619,Aku ngerasa susah buat nerima kritik dari orang lain tanpa merasa diserang. Gimana caranya biar aku lebih terbuka?,ngerasa susah nerima kritik serang terima kritik emang gampang serang kritik saran tumbuh bukan nilai diri ngomong hati ingat tetap harga kritik kritik nyaman sudut,-1,0,0.7840209,True,high
3623,"Aku bingung, apa sih perasaan sosial itu? Kok rasanya ribet?",sosial ribet hehe ribet sosial nyaman bareng bayangin tempat entah keluarga temen kecil temen udah sosial,-1,0,0.7676691,True,high
3626,"Aku pengen hidup bahagia, tapi nggak tahu caranya. Apa kuncinya?",hidup bahagia tahu kunci bahagia bahagia datang tulus tempat laku manfaat kecil hati ringan,-1,0,0.7441173,True,high
3629,"Aku pengen lebih peduli sama orang lain, tapi takut dianggap berlebihan. Gimana caranya?",peduli takut anggap keren peduli kecil nanya kabar temen sederhana perlu takut penting tulus harga perhati,-1,0,0.7687738,True,high
3632,Aku sering membenci diri sendiri. Gimana caranya aku bisa berhenti gitu?,benci diri sendiri henti sedih dengernya sendiri catat kecil diri temen lupa jenak benci,-1,0,0.72915363,True,high
3633,Aku merasa kepasrahan itu kok terdengar suram ya? Kayak nggak ada harapan gitu.,pasrah dengar suram harap paham pasrah berat pasrah positif paksa harap realistis justru hati ringan suram,-1,0,0.75580055,True,high
3634,"Kalau aku yakin sama orang tanpa syarat, nanti dimanfaatin dong?",yakin syarat dimanfaatin risiko dimanfaatin khawatir yakin syarat bukan arti enak pilih percaya tahu risiko tulus nyata dimanfaatin putus lanjut jaga jarak takut dimanfaatin,-1,0,0.74624395,True,high
3635,Aku pernah disakiti orang yang aku percaya banget. Sekarang susah buat percaya lagi. Gimana caranya?,sakit percaya susah percaya alam hati hati terima diri masuk luka hati perlu buru buru percaya kecil percaya,-1,5,0.7563685,True,high
3636,"Kalau aku terus percaya sama orang yang nyakitin aku, bukannya aku bodoh?",terus percaya nyakitin bukan bodoh bodoh terus percaya sakit kuat tetap hati percaya diri sakit terus tetap yakin lindung diri batas sehat rasain,-1,2,0.77303314,True,high
3638,Aku takut orang lain cuma lihat aku sebagai musuh. Gimana caranya nggak gitu?,takut musuh takut muncul terlalu nyari bukti terima diri cukup teman juang bukan musuh interaksi kecil senyum sapa ngerasa musuh,-1,0,0.8021953,True,high
3639,"Aku pengen merasa nyaman di lingkunganku, tapi susah banget. Apa yang salah?",nyaman susah salah nyaman diri perlu terima diri hati percaya cukup kecil ringan ngerasa nyaman,-1,0,0.81101847,True,high
3640,"Kalau aku udah terima diri sendiri dan percaya sama orang lain, apa yang bakal berubah?",udah terima diri sendiri percaya ubah keren teman juang bukan ancam tulus nyaman ubah hidup,-1,5,0.79798484,True,high
3641,Aku merasa nggak punya tempat di mana-mana. Gimana caranya biar ngerasa punya tempat?,tempat ngerasa tempat paham sepi nerima diri hati percaya pelan pelan terus kontribusi temen giat kecil ngerasa tempat ngerasa tempat,-1,0,0.7964661,True,high
3642,"Aku pengen hubungan yang lebih baik sama orang lain, tapi takut disakiti lagi. Apa yang harus aku lakuin?",takut sakit lakuin takut udah sakit nerima diri harga percaya jaga batas harga deketin,-1,2,0.7893176,True,high
3643,Aku ngerasa capek banget sama hubungan yang nggak seimbang. Harusnya aku ngapain?,ngerasa capek imbang capek udah balas tara sehat percaya batas bahkan akhir imbang ngerasa capek,-1,0,0.7463407,True,high
3645,Aku merasa kalau membantu orang lain itu seperti mengorbankan diriku sendiri. Apa benar begitu?,korban diri sendiri harga hilang diri sendiri bayangin ngerasa percaya diri penting laku hati bukan paksa,-1,2,0.79828393,True,high
3647,Aku sering merasa orang lain nggak menghargai apa yang aku lakukan. Buat apa capek-capek bantu?,harga laku capek capek sisi bukan terima tunjuk peduli ubah suasana bahkan harga tetap bangga udah,-1,0,0.7512097,True,high
3650,Aku sering kesal karena merasa cuma aku yang selalu beresin semuanya. Apa aku salah?,kesal resin salah salah kesal ubah pandang mikir laku situasi senyum resin inspirasi ringan,-1,0,0.8302393,True,high
3652,Aku merasa hidupku nggak harmonis. Apa maksudnya harmoni dalam hidup?,hidup harmonis harmoni hidup harmoni hidup segala imbang nyebelin jangan samain perhati tenang,-1,0,0.6959535,True,high
3657,Aku sering banget ngerasa nggak berguna kalau nggak kerja keras. Gimana caranya biar aku nggak terus-terusan begini?,ngerasa kerja terus terus begini ngejar hasil tindak tahu nilai manusia laku harga dengar temen sekadar keluarga kecil ngasih perhati ngerasa hasil,-1,0,0.7964265,True,high
3658,Kenapa aku ngerasa nggak bahagia padahal aku udah kerja keras banget?,ngerasa bahagia padahal udah kerja kerja bahagia datang capai bahagia entah lewat kerja temen keluarga diri sendiri udah nyambung hati hati ubah,-1,11,0.75914305,True,high
3659,"Aku takut kalau suatu hari nanti aku nggak bisa kerja lagi, aku bakal ngerasa nggak ada artinya. Apa yang harus aku lakukan?",takut suatu kerja ngerasa arti laku khawatir ngerasa nilai laku kerja nilai nyambung kecil terima bukan kerja tenang masa depan,-1,0,0.7700345,True,high
3661,"Aku selalu pengen diakui orang lain, tapi kok malah bikin aku capek sendiri. Kenapa ya?",malah capek sendiri ngerasa arti bahagia lelah udah kontribusi harap lama lama ngerasa bebas terlalu opini,-1,0,0.7498266,True,high
3663,"Aku bingung, apa bedanya ngerasa berguna sama diakui orang lain?",ngerasa paham ngerasa datang udah ubah kecil harap ngasih validasi ngejar kecewa udah arti perlu applaus,-1,0,0.7731526,True,high
3664,Aku takut kalau orang lain nggak suka sama aku. Gimana caranya biar aku lebih pede?,takut pede takut ngerasa kecil perhati mikirin udah arti percaya diri tumbuh sendiri kecil ngasih puji tulus temen,-1,2,0.76949894,True,high
3665,Aku ngerasa hidupku cuma buat nyenengin orang lain. Gimana caranya biar aku hidup buat diri sendiri?,ngerasa hidup nyenengin hidup diri sendiri berat ngerasa hidup diri sendiri neng ekspektasi mimpi kecil sekadar santai situ ruang diri nikmatin mikirin kata lama lama ngerasa bebas,-1,0,0.7813288,True,high
3669,"Aku pengen jadi orang yang spesial, tapi kok rasanya sulit banget. Apa aku salah punya keinginan kayak gitu?",spesial sulit salah spesial terkadang jebak mikirin spesial mata padahal spesial arti versi diri sendiri laku cinta tulus hidup peduli kata,-1,0,0.74017775,True,high
3671,Aku sering merasa orang lain nggak notice aku. Apa aku harus melakukan sesuatu yang ekstrem biar diperhatiin?,notice laku ekstrem diperhatiin perhati laku ekstrem capek sendiri perhati positif perhati tulus datang harga diri harga,-1,0,0.8033273,True,high
3672,"Aku merasa orang tua aku nggak ngerti aku, dan aku kesel banget. Apa aku salah kalau marah sama mereka?",kesel salah marah marah paham sendiri peduli butuhin rasain obrol kecil,-1,0,0.74892163,True,high
3675,Kadang aku sengaja bikin masalah biar orang perhatiin aku. Apa itu salah?,sengaja perhatiin salah butuh perhati paling gampang stres laku bangga harga drama,-1,0,0.77998006,True,high
3679,"Aku pengen orang lain notice aku, tapi aku nggak mau kelihatan desperate. Gimana caranya?",notice desperate notice usaha tricky lakuin entah kerja laku tulus notice paksa paling percaya diri lakuin,-1,2,0.7426249,True,high
3682,Aku takut hidupku nggak akan ninggalin jejak apa-apa. Apa aku terlalu dramatis?,takut hidup ninggalin jejak terlalu dramatis dramatis pikirin ninggalin jejak kecil senyum inspirasi kecil lakuin senang jejak,-1,11,0.7467307,True,high
3688,"Temenku kayak nggak bahagia, tapi dia tetep nggak mau keluar. Apa dia sengaja gitu?",temenku bahagia keluar sengaja sengaja nyaman situasi pilih bahagia pilih kenal tetap kamar judgement,-1,0,0.7992154,True,high
3697,Aku merasa hidupku cuma berputar di tempat. Gimana caranya keluar dari situasi ini?,hidup putar tempat keluar situasi berat hidup jalan bukan tuju kecil percaya,-1,5,0.78877246,True,high
3706,"Aku pengen bebas, tapi takut kehilangan arah. Gimana caranya?",bebas takut hilang arah bebas takut bintang tuntun ngasih arah kontribusi lakuin kecil hidup bebas tetap tuju,-1,2,0.72791374,True,high
3708,"Aku nyesel banget sama masa lalu, andai aku tahu ini dari dulu. Apa yang bisa kulakukan sekarang?",masa andai tahu laku jangan biarin masa terus kepala momen kecil syukur depan masa bukan beban,-1,2,0.77475,True,high
3709,"Aku sering merasa hidup ini rumit banget, apa sih cara buat bikin hidup lebih sederhana?",hidup rumit hidup sederhana hidup berat kendali terima diri ubah respons situasi pilih kecil ringan syukur lama lama hidup sederhana,-1,5,0.8035176,True,high
3712,"Aku pengen bahagia, tapi rasanya susah banget. Apa yang salah sama aku?",bahagia susah salah salah bahagia bukan datang pilih kecil laku connected arti layak bahagia,-1,2,0.81661946,True,high
3715,"Aku merasa orang-orang sekitar nggak ngerti aku, apa yang harus aku lakuin?",lakuin butuh komunikasi jujur tetap santai temen deket resah peduli dengerin support,-1,0,0.74424195,True,high
3735,Aku merasa nggak bahagia sama hidupku sekarang. Kayaknya semua yang aku pelajari nggak ada gunanya. Apa yang salah sama aku?,bahagia hidup salah salah tahu cukup bahagia bahagia tahu diri sendiri bahagia,-1,5,0.7109873,True,high
3736,"Aku pengen banget jadi orang lain, kayak temenku yang kelihatan sempurna. Kenapa aku nggak bisa kayak dia?",temenku sempurna kagum perlu harga sendiri milik laku,-1,0,0.67002195,True,high
3738,"Kamu bilang menerima diri sendiri, tapi aku nggak tahu caranya. Aku merasa aku harus berubah total biar bisa bahagia. Apa aku salah?",terima diri sendiri tahu ubah total bahagia salah salah terlalu diri ubah bukan arti buang diri kecil depan laku,-1,5,0.8363091,True,high
3739,"Aku merasa hidupku nggak adil. Ada orang yang lahir dengan keadaan enak, tapi aku enggak. Gimana aku bisa bahagia dengan keadaan kayak gini?",hidup adil lahir enak enggak bahagia paham adil bahagia lahir manfaat kecil syukur,-1,0,0.7416165,True,high
3747,Aku merasa hidupku rumit banget. Gimana caranya supaya terasa lebih sederhana?,hidup rumit sederhana hidup rumit sulit sendiri overthinking pegang alas alas lama kendali putus kecil ringan kecil sederhana,-1,0,0.7151233,True,high
3758,Aku takut masuk ke hubungan sama orang lain karena aku nggak mau disakiti. Apa yang harus aku lakukan?,takut masuk sakit laku paham takut rentan situ bahagia terlalu risiko ringan temen percaya pelan pelan ingat nyakitin kuat bangkit dukung,-1,2,0.87340176,True,high
3760,Aku merasa nggak punya siapa-siapa yang bener-bener peduli sama aku. Apa yang bisa aku lakukan?,siapa siapa peduli laku tahu berat sendiri peduli notice sepi obrol percaya rasain tahu butuh dengerin kapan,-1,0,0.7959676,True,high
3764,Kenapa aku selalu merasa nggak berharga setiap kali gagal dalam sesuatu?,harga gagal sedang ukur nilai diri hasil banding padahal nilai diri gagal momen bukan cermin siapa usaha laku arti,-1,2,0.76610947,True,high
3766,"Aku merasa pendiam dan nggak menarik, makanya susah punya temen. Apa ini salahku?",diam makanya susah temen salah salah sifat diam diri unik harga dengar diri kecil sempurna penting saling harga,-1,0,0.81782115,True,high
3767,"Aku merasa pendiam dan nggak menarik, makanya susah punya temen. Apa ini salahku?",diam makanya susah temen salah salah sifat diam diri unik harga dengar diri kecil sempurna penting saling harga,-1,0,0.81782115,True,high
3769,Aku merasa nggak pantas bahagia kalau lihat temenku lebih sukses. Ini normal nggak sih?,pantas bahagia temenku sukses sedang banding diri bahagia temenmu kurang nilai diri bahagia kecil momen sederhana pantas bahagia sendiri,-1,0,0.789353,True,high
3780,Aku suka ngerasa orang lain nggak ngerti aku. Apa yang salah sama aku?,ngerasa salah salah erti usaha tunjuk sisi spesial malah sudut,-1,2,0.68778676,True,high
3784,Kenapa aku merasa hidup ini kayak kompetisi sama orang lain?,hidup kompetisi muncul terlalu ketimbang diri sendiri hidup kompetisi bayangin tuju sendiri bandingin capai dukung,-1,2,0.7471804,True,high
3785,Aku suka banget pamer barang branded. Apa itu buruk?,pamer barang branded percaya diri lewat barang barang bangga diri perlu barang branded yakin sisi keren diri perlu tunjuk lewat barang,-1,0,0.66555476,True,high
3788,Aku suka cerita tentang penderitaanku dulu. Apa itu salah?,derita salah salah derita tunjuk kuat terlalu bahagia momen bahagia,-1,0,0.7342255,True,high
3791,Kenapa aku susah banget nerima kalau orang lain bahagia?,susah nerima bahagia sedih hati susah terima bahagia diri sendiri kurang situ damai diri sendiri bahagia sakit,-1,0,0.756487,True,high
3793,"Aku merasa masalah hidupku bikin aku jauh dari Tuhan, kenapa gitu?",hidup jauh tuhan justru tuhan ingat dekat terlalu nyaman lupa syukur gedor pintu manfaat momen khusyuk renung damai tengah tantang,-1,0,0.7947513,True,high
3795,"Aku merasa doaku lebih khusyuk pas lagi ada masalah, itu normal nggak sih?",khusyuk ingat serius renung hidup berat mudah hati tuhan bawa khusyuk sisih singkat,-1,0,0.7137213,True,high
3796,"Aku merasa malu karena iri sama kebahagiaan orang lain, apa aku orang buruk?",malu bahagia manusia penting laku ubah inspirasi bahagia bahagia kecil hati ringan,-1,5,0.8056621,True,high
3802,"Aku ngerasa hidupku kayak gelas yang dihancurkan terus, apa aku bisa utuh lagi?",ngerasa hidup gelas hancur terus utuh gelas keramik bentuk lewat proses panas bentuk kuat utuh sayang,-1,0,0.6995665,True,high
3804,"Aku ngerasa hidup ini nggak adil, kenapa aku yang selalu kena masalah?",ngerasa hidup adil kena hidup berat balik bijak momen tumbuh,-1,5,0.73410815,True,high
3805,"Aku ngerasa lelet banget berkembang, apa aku cuma males aja?",ngerasa lelet kembang males enggak males butuh proses kecil lakuin maju baca artikel jalan jalan,-1,2,0.7877588,True,high
3806,"Aku ngerasa bersalah karena sering nggak dengerin ibu, gimana caranya berubah?",ngerasa salah dengerin ubah bagus kecil dengarin kerja kecil ingat momen perhati,-1,11,0.77429736,True,high
3809,"Aku ngerasa nggak layak dapat kebaikan dari orang lain, kenapa gitu ya?",ngerasa layak terlalu kurang lupa inget terima bukti layak momen,-1,2,0.68380004,True,high
3815,Kenapa rumput tetangga selalu terlihat lebih hijau?,rumput tetangga hijau jauh gunung hijau jauh dekat nyata kering sempurna juang kebun sendiri rawat cinta,-1,0,0.685452,True,high
3817,Kenapa aku nggak bisa mensyukuri apa yang aku punya?,syukur terlalu sibuk lupa syukur milik sendiri kecil syukur mata temen syukur lama lama hati ringan,-1,5,0.74300635,True,high
3819,"Aku selalu merasa nggak puas sama hidupku, apa yang harus aku lakukan?",puas hidup laku puas datang ukur hidup standar standar bahagia sendiri hidup tuju kecil capai tugas puas,-1,0,0.75873125,True,high
3827,"Kenapa aku selalu iri sama kesuksesan orang lain, tapi susah banget mensyukuri apa yang aku punya?",sukses susah syukur gampang kilau hidup hidup sendiri kecil bangga syukur sederhana favorit enak lama lama notice betapa keren,-1,0,0.80031693,True,high
3829,Aku ngerasa hancur banget setelah ditolak orang yang aku suka. Apa yang salah sama aku?,ngerasa hancur tolak salah aduh tolak sakit bukan arti salah alas sendiri nilai diri sempat kenal diri sendiri istimewa terus peluk diri sendiri laku nonton film favorit jalan jalan harga,-1,0,0.86993176,True,high
3831,Aku ngerasa sombong kalau merasa bisa ngatur hidupku sendiri. Gimana caranya biar lebih rendah hati?,ngerasa sombong ngatur hidup sendiri rendah hati keren rendah hati ngakuin luar kendali biasain refleksi syukur nyata hidup kolaborasi tuhan lama lama santai nerima,-1,0,0.8193481,True,high
3832,"Aku susah banget nerima masa laluku. Aku pengen orang lain ngerti, tapi aku sendiri masih kesel sama diri sendiri. Apa yang harus aku lakuin?",susah nerima masa sendiri kesel diri sendiri lakuin udah pertama peluk diri sendiri beneran taruh tangan dada usaha cukup masa ubah damai kesel terus berat percaya bahkan jurnal nerima diri,-1,0,0.85057175,True,high
3833,Aku ngerasa nggak cukup baik buat orang-orang di sekitarku. Gimana caranya biar lebih percaya diri?,ngerasa cukup percaya diri cukup dateng sendiri bukan fakta inget momen kecil senyum temen joke receh bukti nilai percaya diri laku kecil olahraga diri sendiri sayang sayangin diri,-1,0,0.8170068,True,high
3835,Aku takut banget orang-orang ngomongin kejelekan aku di belakang. Gimana caranya biar nggak parno?,takut ngomongin jelek belakang parno takut diomongin seringkali lebay diri sendiri ngomong kurang harga kontrol versi diri lakuin kecil senyum asing temen kuat omong cukup diri sendiri,-1,0,0.85556114,True,high
3839,"Masa laluku penuh kegagalan, aku takut masa depanku juga bakal sama gelap. Gimana caranya aku nggak takut?",masa penuh gagal takut masa depan gelap takut takut masa masa depan masa kanvas kecil masa depan cerah,-1,2,0.6647216,True,high
3840,Aku nggak bisa lepas dari pikiran tentang kegagalan masa lalu. Rasanya berat banget buat move on. Apa yang harus aku lakukan?,lepas gagal masa berat move laku gampang ingat diri sendiri nyambung kemarin syukur positif,-1,2,0.82808155,True,high
3841,Kenapa sih aku selalu ngerasa masa lalu dan masa sekarang tuh nyambung? Padahal aku pengen pisahin keduanya.,ngerasa masa masa nyambung padahal pisahin otak nyambung nyambungin bayangin hidup tiket teater nonton film sekaligus film biarin masa udah,-1,11,0.71630335,True,high
3842,"Aku stres banget lihat hasil ujianku yang jelek. Harusnya aku nyerah aja, ya?",stres hasil jelek nyerah jangan serah nilai jelek momen bukan akhir gunain stres bahan bakar giat justru gagal picu maju jadwal,-1,2,0.78072333,True,high
3848,Aku ngerasa hidupku lagi nggak baik-baik aja. Gimana aku tahu apa yang salah?,ngerasa hidup tahu salah kritik jatuh introspeksi pilih diri sendiri,-1,0,0.7647886,True,high
3850,Aku ngerasa masa laluku bikin aku nggak layak buat sukses. Gimana caranya aku lepas dari pikiran ini?,ngerasa masa layak sukses lepas masa nilai diri laku masa depan cerah tuju kecil kejar minggu,-1,2,0.78554654,True,high
3851,Aku ngerasa hidupku nggak akan pernah baik-baik aja. Apa yang salah sama aku?,ngerasa hidup salah salah hidup berat momen datang ngasah bukan hancurin kecil senyum situ,-1,2,0.7623669,True,high
3853,"Aku sering nggak enakan sama temen, tapi kok malah bikin aku capek sendiri?",enak temen malah capek sendiri temen lupa jaga diri sendiri capek butuh,-1,0,0.7541832,True,high
3854,"Aku ngerasa nggak pernah cukup buat orang-orang di sekitarku, kenapa ya?",ngerasa cukup terlalu diri sendiri ngerasa sempurna padahal expect nuntut,-1,11,0.7322875,True,high
3856,"Kadang aku ngerasa nggak ada yang peduli sama aku, apa aku salah?",ngerasa peduli salah enggak salah muncul sendiri momen kecil nunjukin peduli,-1,11,0.68549144,True,high
3861,"Aku ngerasa nggak pantas dicintai, kenapa gitu ya?",ngerasa pantas cinta terlalu kurang lupa nunjukin sayang bukti pantas cinta siapa,-1,2,0.65206707,True,high
3862,"Aku ngerasa stuck, kayak nggak bisa maju, apa yang salah sama aku?",ngerasa stuck maju salah salah hidup emang ngerasa jalan tempat inget semangat situ kecil,-1,2,0.7583486,True,high
3865,"Aku pengen lebih sayang sama diri sendiri, tapi kok susah?",sayang diri sendiri susah proses susah awal kecil puji diri sendiri lakuin senang lakuin diri senyum,-1,5,0.78180873,True,high
3867,"Aku ngerasa hidup ini nggak adil, kenapa aku yang selalu susah?",ngerasa hidup adil susah hidup imbang tengah susah momen kecil kuat syukur kecil,-1,2,0.767825,True,high
3871,Aku sering merasa nggak cukup cantik atau ganteng. Gimana cara aku menerima diri sendiri?,cukup cantik ganteng terima diri sendiri cantik ganteng relatif standar cukup diri sudut pandang fitur sifat diri bangga,-1,0,0.72772986,True,high
3873,Aku merasa capek banget mengejar sesuatu yang sepertinya nggak pernah cukup. Apa yang salah?,capek kejar cukup salah sedang jebak pola kejar habis diri butuh cukup syukur hati ringan,-1,0,0.8079136,True,high
3874,Aku sering ngerasa bersalah kalau nggak bisa bikin semua orang senang. Gimana caranya aku lepas dari ini?,ngerasa salah senang lepas bahagia penting usaha versi diri tetap batas kecil terlalu beban situasi salah,-1,0,0.8569851,True,high
3877,Aku sering ngerasa stres karena merasa harus sempurna. Apa yang bisa aku lakukan biar nggak begini?,ngerasa stres sempurna laku begini perfeksionisme capek terima kurang manusia raya kecil capai kecil hasil laku,-1,0,0.78745323,True,high
3886,"Aku sering ngerasa salah ambil keputusan, dan sekarang kayak terjebak. Apa yang bisa aku lakukan?",ngerasa salah putus jebak laku salah pilih penting hikmah putus situ rencana sesuai kecil arah udah cukup,-1,2,0.80847454,True,high
3887,"Kadang aku merasa orang lain ngatur hidupku, dan itu bikin aku nggak bebas. Gimana menghadapinya?",ngatur hidup bebas hadap sesak tetap batas jelas dengar saran ingat hidup jalan bebas kreatif jalan sendiri,-1,0,0.75890666,True,high
3890,"Aku merasa nggak cocok sama pekerjaanku sekarang, tapi takut buat ganti. Apa yang harus aku lakukan?",cocok kerja takut laku penting hati tahu cocok riset kerja sesuai potensi arah gampang yakin dukung sepenuh,-1,0,0.78553474,True,high
3895,"Aku pengen lebih disiplin buat wujudin potensiku, tapi susah banget. Ada tips nggak?",disiplin wujudin potensi susah tips disiplin tantang kecil luang kerja arah potensi jadwal sederhana raya kecil ingetin lupa,-1,3,0.8046999,True,high
3896,"Aku ngerasa hidupku nggak seimbang, kayak terlalu fokus ke kerja. Gimana caranya balance?",ngerasa hidup imbang terlalu kerja balance imbang penting sisih luar kerja temen olahraga sekadar santai prioritas jelas jangan lupa diri sendiri yakin atur ulang,-1,0,0.8170471,True,high
3900,Aku iri sama temen-temenku yang keliatannya sukses. Aku merasa ketinggalan. Apa yang bisa aku lakuin?,temen temenku liat sukses tinggal lakuin manusiawi jangan biarin ngatur hidup jalan sendiri tuju kecil capai skill nyelesain tugas maju,-1,11,0.83475924,True,high
3904,Aku ngerasa nggak pantas dapat apa yang aku punya sekarang. Gimana caranya aku lebih bersyukur?,ngerasa pantas syukur pantas lupa berkah spesial kecil lama lama betapa hidup,-1,5,0.75453365,True,high
3905,"Aku susah nerima keadaanku yang sekarang. Aku pengen berubah, tapi bingung mulai dari mana.",susah nerima ubah terima diri sendiri emang gampang awal ubah diri sendiri kecil diri situ percaya diri,-1,5,0.7827252,True,high
3910,Aku ngerasa hidupku nggak adil. Kenapa orang lain kayaknya lebih gampang?,ngerasa hidup adil gampang adil juang sendiri udah capai kecil capai bangga,-1,2,0.76462734,True,high
3913,"Aku merasa kesepian setelah menikah, seperti kehilangan kebebasan. Apa yang bisa aku lakukan?",sepi meni hilang bebas laku paham jebak giat kecil sederhana acara lokal temen lama ruang diri,-1,0,0.80731773,True,high
3914,Kenapa aku merasa nggak punya tujuan setelah berhenti dari aktivitas kampus?,tuju henti aktivitas kampus ritme hidup ubah diri semangat giat,-1,5,0.72081107,True,high
3916,Aku merasa stuck di rumah dan nggak bisa ngapa-ngapain. Ada saran?,stuck saran kurung simpel kelas gabung grup medsos kecil hidup,-1,5,0.65655255,True,high
3918,"Aku pengen ikut komunitas, tapi takut nggak cocok. Gimana ya?",takut cocok takut sesuai datang langsung penting sempat diri nyaman,-1,0,0.7890991,True,high
3920,"Aku pengen jadi lebih mandiri, tapi nggak tahu mulai dari mana. Ada saran?",mandiri tahu saran keren mandiri kecil tugas sendiri giat kecil kuat,-1,2,0.775715,True,high
3923,Aku merasa orang lain selalu lebih bahagia. Apa yang salah sama aku?,bahagia salah salah medsos mikir bahagia padahal kecil senang jalan jalan ngopi,-1,11,0.7238412,True,high
3930,"Aku bingung, apa sih visi hidup itu? Aku kayaknya nggak punya.",hidup hidup pandang jauh depan capai kecil semangat tahu potensi diri bayangin bawa,-1,5,0.8051561,True,high
3934,"Aku ngerasa hidupku stuck, nggak tahu mau ngapain. Ada saran?",ngerasa hidup stuck tahu saran hidup luangin kenal diri bahagia semangat ruang aktualisasi diri giat tantang kecil bawa ubah,-1,0,0.88983905,True,high
3936,Aku ngerasa orang lain selalu menilai aku. Gimana biar aku nggak terlalu mikirin itu?,ngerasa nilai terlalu mikirin nilai insecure diri sendiri kontrol pilih percaya potensi kuat,-1,2,0.73780835,True,high
3937,Aku sering ngerasa bersalah kalau nggak bisa nyenengin orang lain. Apa yang salah?,ngerasa salah nyenengin salah salah ingat nyenengin bahagia sesuai pandang hidup milik,-1,11,0.69687164,True,high
3938,"Aku ngerasa capek banget ngejar mimpi, tapi hasilnya nggak kelihatan. Harus lanjut nggak?",ngerasa capek ngejar mimpi hasil lanjut capek mimpi istirahat sebentar udah capai hasil langsung arti sesuai kata hati lanjut pastiin jaga diri sendiri,-1,0,0.8077858,True,high
3944,Aku capek banget berusaha memenuhi ekspektasi orang lain. Gimana cara berhentinya?,capek usaha penuh ekspektasi henti lelah tetap batas diri sendiri penting prioritas jalan hidup sesuai nilai nilai sendiri,-1,2,0.7928929,True,high
3945,"Kenapa aku merasa nggak pernah cukup, padahal aku udah usaha keras?",cukup padahal udah usaha terlalu capai lupa syukur bangga diri kecil betapa harga diri,-1,2,0.8119836,True,high
3954,Aku sering merasa bersalah kalau nggak produktif. Gimana cara menghilangkan rasa ini?,salah produktif hilang istirahat produktivitas beri diri izin henti jenak salah aktivitas santai nikmat tekan,-1,0,0.7833055,True,high
3955,"Aku pengen lebih percaya diri, tapi susah banget. Apa langkah awalnya?",percaya diri susah awal percaya diri tindak kecil laku tantang bicara depan teman tindak kecil yakin,-1,0,0.8080896,True,high
3958,"Kadang aku iri lihat orang lain sukses. Aku tahu ini nggak baik, tapi susah ngatasinnya.",sukses tahu susah ngatasinnya manusiawi time zone sendiri depan jalur bukan arti tinggal sendiri syukur proses awan sebentar hilang sibuk gerak,-1,0,0.777618,True,high
3961,Aku sering ngerasa hidupku nggak adil. Kenapa orang lain kayaknya lebih gampang sukses?,ngerasa hidup adil gampang sukses adil sisi rintang hadap kuat gampang tahu juang balik layar jalur sendiri investasi masa depan,-1,0,0.80573726,True,high
3965,Aku ngerasa orang lain selalu lebih beruntung. Ini bikin aku down. Apa yang harus aku lakukan?,ngerasa untung down laku berat udah capai kecil syukur untung unik percaya untung jalan,-1,2,0.8049147,True,high
3967,"Aku pengen punya mental yang kuat, tapi dari mana mulainya?",mental kuat mental kuat kecil nerima diri hadap takut kecil ngomong depan temen inget kuat makin makin kuat udah tinggal poles,-1,2,0.77438176,True,high
3968,Kadang aku ngerasa nggak punya dukungan dari orang terdekat. Ini bikin aku kesepian. Apa yang bisa aku lakukan?,ngerasa dukung dekat sepi laku tahu sepi berat bahkan kecil dengerin judgement dukung datang tempat sangka jangan lupa dukung diri sendiri raya kecil,-1,0,0.81520987,True,high
3969,Aku merasa usahaku nggak dihargai orang lain. Ini bikin aku males nerusin. Gimana caranya tetep semangat?,usaha harga males nerusin semangat kecewa usaha harga tuju kecil diri sendiri bukan selesain tugas rayain lama lama semangat balik kuat,-1,2,0.829142,True,high
3971,Aku merasa kecewa banget karena gagal mencapai mimpiku. Gimana caranya aku bisa menerima kenyataan ini?,kecewa gagal capai mimpi terima nyata paham berat ingat gagal bukan akhir segala bukan bawa harga sisi positif alam,-1,2,0.8308903,True,high
3972,"Aku iri lihat temenku berhasil, padahal aku juga berusaha keras. Kenapa aku merasa gini?",temenku hasil padahal usaha manusiawi diri jalan sendiri kalah harga tinggal jalan masing masing daftar capai ingat betapa,-1,2,0.7948735,True,high
3982,Aku merasa capek ngeliat orang lain sukses sementara aku masih gini-gini aja. Apa yang harus aku lakuin?,capek ngeliat sukses lakuin tahu frustrasi energi diri tuju semangat kecil laku dekat mimpi,-1,2,0.8644422,True,high
3985,Aku merasa tertekan sama ekspektasi orang lain. Gimana caranya aku bebas dari tekanan ini?,tekan ekspektasi bebas tekan ekspektasi sesak diri sendiri laku bebas diri sendiri,-1,0,0.71309906,True,high
3987,Aku merasa lelah banget karena selalu berusaha memenuhi harapan orang lain. Apa yang bisa aku lakukan?,lelah usaha penuh harap laku paham berat terus terus kejar ekspektasi luang diri sendiri kecil tolak sesuai nilai ingat prioritas sendiri,-1,2,0.84449166,True,high
3989,Aku sering merasa stres dan kayak nggak bisa ngatasin semua masalah. Ada saran?,stres ngatasin saran stres kewalahan beberapa kacau rapi kepala perlu percaya curhat,-1,0,0.81688875,True,high
3996,Aku merasa tertekan karena pekerjaan dan kehidupan pribadi nggak seimbang. Apa yang harus aku lakukan?,tekan kerja hidup pribadi imbang laku imbang sulit tetap batas henti kerja luang rileks prioritas sehat layak,-1,0,0.7817931,True,high
4003,"Aku sering merasa harus ikut tren biar diterima temen-temen, tapi kok capek ya?",tren terima temen temen capek capek kejar tren lupa pikirin nyaman bahagia situ nemuin bareng temen hilang diri sendiri,-1,0,0.7866277,True,high
4007,Kenapa aku ngerasa capek banget ngikutin apa yang orang lain harapkan dari aku?,ngerasa capek ngikutin harap nyoba penuh ekspektasi ketimbang dengerin luangin diri sendiri nulis bahagia lakuin diri sendiri,-1,11,0.7520642,True,high
4010,Aku ngerasa nggak cocok sama pilihan karier yang lagi aku jalanin. Apa yang harus aku lakuin?,ngerasa cocok pilih karier jalanin lakuin penting diri refleksi cocok terus excited luar karier situ eksplor jalan,-1,0,0.77009326,True,high
4012,Aku sering dikira egois kalau aku mau jadi diri sendiri. Aku salah nggak sih?,egois diri sendiri salah salah sekali diri sendiri arti harga salah paham komunikasi alas diri tunjukin percaya diri,-1,0,0.7913799,True,high
4013,Aku ngerasa orang lain selalu punya hidup yang lebih baik. Ini normal nggak?,ngerasa hidup sisi doang hidup hidup syukur kecil hidup nilai,-1,2,0.7193209,True,high
4015,Aku ngerasa nggak dihargai sama orang lain kalau aku jadi diri sendiri. Apa yang salah?,ngerasa harga diri sendiri salah salah butuh support rasain siapa,-1,0,0.6911762,True,high
4016,"Aku merasa takut untuk membuat keputusan besar dalam hidup, apa yang harus kulakukan?",takut putus hidup laku takut peduli masa depan nali takut kecil dekat putus kontra bicara percaya,-1,2,0.7864316,True,high
4019,"Aku sering merasa nggak cukup, apa yang salah sama diriku?",cukup salah diri salah cukup datang banding diri udah capai kecil milik bangga diri,-1,0,0.7855325,True,high
4022,Aku merasa bersalah karena nggak bisa penuhi harapan keluargaku. Apa yang harus kulakukan?,salah penuh harap keluarga laku salah berat bicara keluarga jujur tahu mimpi sendiri lama bahagia susun kata kata,-1,0,0.82546175,True,high
4030,Aku merasa terjebak sama ekspektasi orang lain. Gimana cara keluar dari situasi ini?,jebak ekspektasi keluar situasi jebak ekspektasi berat nali bukan harap komunikasi batas lembut tegas susun kata kata,-1,0,0.7757609,True,high
4033,Kenapa sih aku merasa nggak percaya diri sama sekali?,percaya diri sekali percaya diri yakin diri penting hadap tantang hidup makin kompleks kuat diri gampang terombang ambing situasi yakin gali tahu begini,-1,0,0.79249215,True,high
4034,"Aku sering bingung, apa sih pentingnya punya figur teladan?",penting figur teladan figur teladan peta navigate hidup nunjukin hidup lewat contoh bukan omong bayangin jalan hidup penuh makna ngasih inspirasi figur teladan teladan diri sendiri kenal jati diri,-1,0,0.6908413,True,high
4035,Gimana caranya aku bisa lebih nerima diri sendiri?,nerima diri sendiri terima diri sendiri instan tahu siapa renungin unik ubah takut kecil maju jangan lupa tunjukin jati diri berani rayain kecil capai kurang bukan caci syukur jalan,-1,2,0.82690084,True,high
4039,Kenapa aku susah banget buat syukuri apa yang aku punya?,susah syukur terlalu kurang lupa udah sederhana syukur kecil kurang anugerah susah meditasi refleksi bareng sisi,-1,0,0.80388665,True,high
4040,Aku sering ngerasa munafik karena omonganku nggak sama sama perbuatanku. Apa yang harus aku lakuin?,ngerasa munafik omong lakuin diri awal bagus kecil janji diri sendiri lakuin sesuai omong konsistensi perlu jangan diri sendiri contoh omong match selarasin bareng,-1,0,0.78046453,True,high
4041,"Aku pengen orang lain suka sama aku, tapi malah ngerasa nggak cukup. Gimana caranya biar percaya diri?",malah ngerasa cukup percaya diri kunci percaya diri bukan validasi diri sifat bakat nyaman diri sendiri cahaya ngerasa cukup urai bareng,-1,0,0.74692667,True,high
4048,Kenapa aku susah banget nerima kenyataan pahit dalam hidupku?,susah nerima nyata pahit hidup terima nyata berat adil emosi kecil laku lang maju,-1,2,0.8003151,True,high
4049,"Aku merasa capek berusaha tapi hasilnya nggak kelihatan, apa aku harus menyerah?",capek usaha hasil serah capek jangan serah perlu istirahat jenak tuju hasil datang pelan pelan usaha makna,-1,2,0.74842244,True,high
4051,"Aku merasa nggak pantas bahagia karena banyak kekurangan, apa ini normal?",pantas bahagia kurang pantas bahagia kurang nilai diri laku kecil senang,-1,5,0.7414679,True,high
4054,"Aku merasa terjebak sama pikiran negatif, gimana cara keluar dari situ?",jebak negatif keluar situ negatif awan datang pergi perhati aktivitas jebak urai bareng,-1,5,0.7134954,True,high
4058,"Aku merasa sendirian dengan masalahku, apa yang bisa membantuku?",sendiri sendiri bareng beban ringan bicara,-1,0,0.66253626,True,high
4062,Aku merasa tertekan karena orang tua punya ekspektasi tinggi. Apa yang harus aku lakukan?,tekan ekspektasi tinggi laku berat bicara hati hati tahu bahagia penting dengerin kata hati sendiri,-1,0,0.8141523,True,high
4064,Aku capek banget menuruti apa yang orang lain harapkan dari aku. Gimana caranya berhenti begini?,capek turut harap henti begini lelah tetap batas kecil nyaman dengar hati bahagia diri sendiri perlu penuh harap,-1,0,0.8048873,True,high
4068,Aku merasa malu dengan tubuhku karena nggak seperti model di iklan. Gimana caranya aku bisa nerima diri sendiri?,malu tubuh model iklan nerima diri sendiri tubuh udah luar bawa jauh iklan realistis usah bandingin syukur tubuh laku jalan ketawa peluk sayang cantik sendiri,-1,0,0.7976961,True,high
4070,Aku merasa hidupku dikendalikan oleh pendapat orang lain. Gimana caranya aku lepas dari ini?,hidup kendali lepas lelah kenal diri sendiri jurnal bahagia pelan pelan kuat hidup sesuai kata hati,-1,5,0.7521614,True,high
4074,"Aku takut beda dari orang lain. Kayaknya kalau beda, aku bakal dikucilkan.",takut kucil justru kuat bayangin bosan kecil bangga tepat harga,-1,2,0.71552205,True,high
4076,Kok aku susah banget percaya sama keputusanku sendiri?,susah percaya putus sendiri denger putus kecil pilih makan favorit siapa lama lama percaya insting sendiri,-1,0,0.75844705,True,high
4077,Aku ngerasa topeng yang aku pakai bikin aku capek. Tapi aku takut jadi diri sendiri.,ngerasa topeng capek takut diri sendiri topeng lelah topeng depan percaya sahabat keluarga sayang nerima kecil,-1,0,0.8012001,True,high
4078,"Aku pengen bahagia, tapi kayaknya susah banget. Apa aku salah?",bahagia susah salah salah bahagia datang kecil diri sendiri senyum situ jangan terlalu kata,-1,5,0.7534519,True,high
4082,Aku ngerasa kesalahan yang aku buat bikin aku nggak pantas bahagia.,ngerasa salah pantas bahagia salah manusiawi penting ingat salah bukti tumbuh pantas bahagia,-1,2,0.724195,True,high
4084,Aku ngerasa tekanan buat ikut apa yang orang lain lakuin. Aku capek.,ngerasa tekan lakuin capek tekan berat putus kecil pilih film awal diri sendiri kuat,-1,2,0.8203361,True,high
4087,"Aku merasa lemah dan sering sakit, apa aku bisa berhasil di hidup ini?",lemah sakit hasil hidup awal lemah justru kuat diri penting terus usaha percaya kecil bawa dekat tuju,-1,2,0.8475768,True,high
4092,"Aku merasa sendirian, kayak nggak ada yang peduli, apa yang bisa aku lakukan?",sendiri peduli laku sepi datang percaya laku senang harga yakin peduli,-1,0,0.7148708,True,high
4093,"Aku sering dikritik, itu bikin aku down, gimana caranya tetap kuat?",kritik down tetap kuat kritik sakit kembang omong negatif lepas kuat kata kata percaya,-1,0,0.75117004,True,high
4095,Kenapa aku harus terus berjuang kalau hasilnya nggak pasti?,terus juang hasil tahu lelah usaha laku bentuk tangguh hasil langsung juang arti bangga ketegar,-1,0,0.73836887,True,high
4098,"Aku merasa hidupku penuh penderitaan, apa ada harapan buatku?",hidup penuh derita harap harap derita berat situ lahir kuat bijaksana kecil senyum situ,-1,5,0.7423073,True,high
4099,"Aku pengen jadi orang yang tangguh, tapi kok rasanya jauh banget?",tangguh jauh tangguh terus jauh tuju tangguh kecil hadap takut kecil percaya,-1,5,0.73499525,True,high
4100,"Aku sering ngerasa nggak layak, gimana cara ngatasin perasaan ini?",ngerasa layak ngatasin layak kepala bukan fakta bangga diri kecil layak terus ingat,-1,2,0.7469724,True,high
4102,"Aku takut kalau aku nggak akan pernah bahagia, apa yang salah?",takut bahagia salah salah bahagia datang momen momen kecil bukan laku bahagia,-1,2,0.77767307,True,high
4104,Aku merasa hidup ini begitu dinamis dan aku bingung harus berbuat apa. Apa yang bisa kulakukan?,hidup dinamis laku hidup penuh ubah peluang kecil percaya peran penting,-1,5,0.76602507,True,high
4109,Aku merasa nggak punya kekuatan untuk menghadapi masalah. Apa yang bisa bantu aku kuat?,kuat hadap kuat kuat diri ingat momen hasil lewat tantang bukti kuat kecil meditasi singkat curhat temen,-1,0,0.798743,True,high
4111,"Aku sering dikritik orang, dan itu bikin aku down. Gimana caranya tetap optimis?",kritik down tetap optimis kritik sakit hati sempat optimis kritik masuk akal rencana kecil,-1,0,0.7126142,True,high
4118,Aku sering ngerasa hidup ini berat. Apa yang bisa bikin aku lebih semangat menjalaninya?,ngerasa hidup berat semangat jalan hidup berat kuat kecil senyum dengar favorit temen semangat datang kecil,-1,0,0.79798037,True,high
4124,"Aku sering merasa nggak nyaman sama hidupku, kayak ada yang kurang. Ini kenapa ya?",nyaman hidup kurang nyaman kembang diri sendiri kurang butuh ruang ekspresi diri seni percaya,-1,0,0.7820179,True,high
4129,Aku pengen lebih kenal sama diriku sendiri. Dari mana aku mulai?,kenal diri sendiri keren luang refleksi dekat diri sudut pandang sisi diri,-1,0,0.698635,True,high
4131,Aku sering ngerasa nggak layak dapat hal baik. Apa yang salah sama aku?,ngerasa layak salah salah layak datang diri sendiri ingat harga laku kecil ingetin diri pantas bahagia,-1,2,0.7782873,True,high
4135,"Aku kerja di tempat yang bagus, tapi kok nggak bahagia?",kerja tempat bagus bahagia kerja bukan cermin diri beri ruang eksplorasi luar kerja aktivitas semangat jangan buru buru resign celah bahagia,-1,2,0.75531685,True,high
4138,"Aku merasa capek banget memenuhi harapan orang lain, gimana caranya berhenti?",capek penuh harap henti perlu penuh ekspektasi bahagia sesuai nilai pegang perlahan selaras diri,-1,0,0.8000254,True,high
4140,"Aku sering dengar omongan orang yang bikin down, gimana ngatasinnya?",dengar omong down ngatasinnya omong perlu dengar tutup telinga diri dengar kritik tumbuh,-1,0,0.74484956,True,high
4145,Aku bingung pilih antara kerja yang aman atau ikut passionku.,pilih kerja passionku pilih salah jalan kerja stabilitas luang passionmu eksplorasi tekan,-1,0,0.6716274,True,high
4147,Aku takut dikira egois kalau fokus ke kebahagiaanku sendiri.,takut egois bahagia sendiri jaga bahagia bukan egois penting bahagia diri sendiri salah,-1,2,0.7395325,True,high
4149,Kenapa aku selalu merasa semua orang memperhatikanku? Aku takut salah langkah.,perhati takut salah terlalu persepsi fakta sibuk urus sendiri laku nyaman nilai jurnal jalan jalan santai,-1,0,0.8309375,True,high
4155,"Aku suka ngelamun tentang kesuksesan, tapi nggak pernah action. Apa yang salah?",ngelamun sukses action salah ngimpi bagus henti lamun maju kecil tuju tuju riset lamun nyata,-1,0,0.769045,True,high
4156,Kadang aku merasa dunia ini cuma tentang aku. Itu buruk nggak sih?,laku temen giat perspektif,-1,11,0.6365833,True,high
4157,Aku takut orang tahu aku nggak sepintar yang mereka kira. Apa yang harus aku lakukan?,takut tahu pintar laku takut tahu terlalu tekan diri sendiri sempurna tahu segala malah kuat,-1,2,0.75027597,True,high
4158,Aku suka merasa aku yang paling menderita di dunia ini. Gimana caranya berhenti begitu?,paling derita henti jebak syukur kecil makan enak cuaca cerah sisi hidup,-1,0,0.75914085,True,high
4161,Aku kadang merasa aku nggak layak sukses. Apa yang bisa aku lakukan?,layak sukses laku layak datang ragu diri inget hasil kecil raih situ percaya diri mampu,-1,2,0.8260367,True,high
4162,Aku merasa aku harus jadi orang lain biar diterima. Aku capek.,terima capek lari tempat capek terima diri harga asli kecil ungkapin jujur,-1,0,0.80134004,True,high
4163,"Aku merasa bangga banget karena baru saja menang lomba, tapi kok malah jadi sombong ya?",bangga menang lomba malah sombong bangga capai sombong lupa diri diri sendiri menang usaha bukan puji,-1,2,0.7852377,True,high
4166,"Aku merasa aku pantas dapat pujian karena kerja kerasku, kenapa orang lain nggak ngeliat itu?",pantas puji kerja ngeliat kerja arti notice nunggu puji bangga diri sendiri paling usaha,-1,0,0.79473007,True,high
4167,"Aku merasa nggak perlu denger kritik karena aku udah cukup bagus, bener nggak sih?",perlu denger kritik udah cukup bagus bagus tutup diri kritik stuck kritik cermin kurang kritik akhir dengar pikirin beneran,-1,0,0.76774085,True,high
4168,"Aku merasa aku lebih pinter dari temen-temenku, makanya aku nggak dengerin mereka.",pinter temen temenku makanya dengerin pinter dengerin tinggal perspektif inget temen saran nyata manfaat,-1,0,0.7178465,True,high
4170,"Aku nggak mau kerja yang nggak bikin aku terkenal, apa itu salah?",kerja kenal salah kejar tenar lupa penting kerja fondasi sukses kerja kecil hindar,-1,2,0.8031411,True,high
4171,"Aku merasa nggak perlu belajar lagi karena aku udah cukup tahu, bener nggak?",perlu udah cukup tahu tahu henti tumbuh rendah hati nyari,-1,2,0.6512408,True,high
4173,"Aku merasa orang lain nggak ngerti betapa hebatnya aku, apa yang harus kulakuin?",betapa kulakuin capek nunggu bukti lewat tindak kerjain nunjukin mampu,-1,11,0.7193031,True,high
4174,"Aku nggak suka denger orang bilang aku salah, padahal aku yakin aku bener.",denger salah padahal yakin yakin diri sendiri bagus lewatin dengar pikirin,-1,2,0.7432294,True,high
4175,"Aku suka ngeluh kalau kerjaanku nggak dihargai, apa salah?",ngeluh kerja harga salah ngeluh lupa tuju tetap semangat kerja harga,-1,0,0.72164524,True,high
4176,"Aku merasa aku nggak butuh bantuan karena aku bisa sendiri, bener nggak?",butuh sendiri mandiri terima jalan susah inget mudah,-1,2,0.7230583,True,high
4177,"Aku merasa kerja keras kok nggak cukup buat sukses, apa yang salah ya?",kerja cukup sukses salah kerja penting perlu kerja tepat refleksi proses hasil atur prioritas efektif,-1,0,0.7346643,True,high
4178,"Aku sering pura-pura tahu segalanya di depan orang lain, tapi sebenarnya takut ketahuan. Gimana caranya berhenti begini?",pura pura tahu segala depan takut tahu henti begini takut tahu pura pura terus capek sendiri jujur diri sendiri pelan pelan tahu justru respect jujur beban,-1,0,0.76866245,True,high
4180,"Kadang aku males banget kerja keras, apa aku cuma kurang bakat?",males kerja kurang bakat bukan bakat kerja enak tumbuh males kecil kerja lama lama tagih progressnya,-1,11,0.81146836,True,high
4184,"Aku pengen kelihatan sukses di mata orang lain, apa salah?",sukses mata salah manusiawi sukses lupa tuju asli diri sendiri bahagia patut kejar,-1,2,0.8043332,True,high
4187,"Aku merasa kerja keras nggak dihargai, buat apa capek-capek?",kerja harga capek capek frustrasi harga kerja investasi diri sendiri tahu tetap semangat puji dukung,-1,0,0.7632613,True,high
4189,"Aku ngerasa ego aku bikin aku susah deket sama orang, apa yang harus aku lakuin?",ngerasa susah deket lakuin bagus lupa dengerin dengar sungguh sungguh buru buru bela diri,-1,0,0.7562268,True,high
4190,"Aku sering merasa hasil kerjaku jelek dibandingkan orang lain, apa aku harus menyerah?",hasil kerja jelek banding serah bandingin diri emang down arti serah hasil jelek awal proses capai percaya,-1,2,0.782846,True,high
4194,"Aku merasa bangga banget sama pencapaianku, tapi kok malah jadi takut gagal sekarang?",bangga capai malah takut gagal bangga bangga terlalu diri sendiri perhati proses bukan hasil tetap kembang,-1,2,0.8558842,True,high
4196,Aku merasa aku lebih baik dari orang lain di timku. Gimana caranya biar ga sombong?,sombong percaya diri bagus renggang rendah hati,-1,0,0.7022619,True,high
4197,"Aku baru dapat promosi, tapi kok malah stres sendiri?",promosi malah stres sendiri selamat promosi stres bukti laku bukan ekspektasi kecil,-1,2,0.7503127,True,high
4200,Aku merasa suksesku sekarang karena keberuntungan. Apa aku pantas dapat ini?,sukses untung pantas untung jangan lupa usaha taruh situ belakang laku posisi bukti layak,-1,2,0.76918447,True,high
4202,Aku merasa nggak perlu belajar lagi karena aku udah cukup sukses. Bener nggak sih?,perlu udah cukup sukses sukses arti tahu segala terus ubah tetap relevan minggu,-1,2,0.751372,True,high
4204,Aku merasa nggak ada yang bisa ngalahin aku di pekerjaanku. Ini bahaya nggak?,ngalahin kerja bahaya yakin diri penting saing lengah tantang inspirasi terus kembang,-1,2,0.7949765,True,high
4205,Aku sering ngerasa orang lain nggak seberharga aku. Gimana caranya biar nggak gitu?,ngerasa harga muncul terlalu diri sendiri luang kenal kagum,-1,2,0.70093524,True,high
4208,Aku merasa susah banget untuk terus belajar hal baru. Kayaknya aku udah cukup tahu banyak. Gimana caranya supaya aku tetap semangat belajar?,susah terus udah cukup tahu tetap semangat udah cukup tahu justru situ tantang tualang bukan beban kecil penasaran baca artikel pendek tonton topik ingat kecil tumbuh sempat,-1,0,0.8047416,True,high
4211,Aku susah nerima kritik. Rasanya kayak diserang. Gimana caranya biar ga gitu?,susah nerima kritik serang kritik emang defensif hadiah kritik diri sendiri kritik dengar saring manfaat kritik kesal,-1,0,0.7390017,True,high
4212,"Aku pengen jadi pemimpin di timku, tapi aku takut ga bisa ngatur orang. Apa yang harus aku lakuin?",pimpin takut ngatur lakuin pimpin tahu segala dengerin kecil arah jelas pimpin bareng takut gagal pimpin,-1,2,0.73397803,True,high
4213,Aku merasa aku udah gagal total di hidup ini. Ga ada harapan. Apa yang bisa aku lakuin?,udah gagal total hidup harap lakuin berat gagal bukan akhir segala istirahat kecil lakuin jalan kaki temen kecil bawa harap hidup,-1,2,0.8293091,True,high
4215,"Aku pengen jadi orang yang rendah hati, tapi ga tahu caranya. Apa yang harus aku lakuin?",rendah hati tahu lakuin rendah hati siapa dengerin buru buru syukur rendah hati,-1,0,0.75235474,True,high
4217,Aku merasa capek banget karena selalu pengen menang di setiap situasi. Gimana caranya rileks?,capek menang situasi rileks menang capek proses bukan hasil kompetisi diri sendiri nikmat jalan nomor situasi menang,-1,0,0.7827718,True,high
4220,"Aku merasa bangga banget sama pencapaianku, tapi kok malah jadi overconfident?",bangga capai malah overconfident bangga terlalu diri sendiri lengah energi tindak nyata jaga standar kerja capai tahan lama,-1,2,0.7562956,True,high
4222,"Aku suka banget dipuji, tapi kok malah bikin aku lupa diri?",puji malah lupa diri puji enak dengar anggap serius lena dengar puji rendah hati tetap tingkat,-1,0,0.73461246,True,high
4223,Aku merasa suksesku cuma keberuntungan. Apa aku pantas bangga?,sukses untung pantas bangga untung sukses usaha tindak ragu laku terus asah perlu bukti siapa,-1,2,0.8115369,True,high
4225,Aku merasa capek banget kejar sukses. Apa aku salah jalan?,capek kejar sukses salah jalan kejar standar bukan milik henti jenak diri sendiri bahagia bukan sukses,-1,2,0.8313816,True,high
4226,Aku pengen jadi nomor satu di semua hal. Apa itu buruk?,nomor korban sehat nilai nilai sehat pilih penting kejar penuh makna,-1,0,0.7442224,True,high
4227,Aku suka ceritain kehebatanku ke orang lain. Apa itu salah?,salah bangga pamer lena usaha juang inspirasi tetap rendah hati,-1,2,0.7477313,True,high
4231,Aku pengen punya lebih banyak uang. Apa itu salah?,uang salah salah uang tuju lupa bahagia berapa butuh tuju,-1,0,0.6882652,True,high
4234,Aku merasa harus selalu jadi yang terbaik. Apa itu normal?,stres lupa nikmat proses sakit versi diri sendiri bukan saing,-1,2,0.68361723,True,high
4236,"Aku merasa harus punya segalanya, tapi kok malah bikin aku capek?",segala malah capek kewalahan sekaligus bareng paling penting lepas perlu hati ringan,-1,0,0.7438604,True,high
4242,Aku merasa apa yang aku punya sekarang nggak cukup. Aku salah nggak sih?,cukup salah manusiawi lupa udah capai kurang bareng udah,-1,11,0.7001078,True,high
4244,Aku ngerasa orang lain nggak menghargai kerja kerasku. Aku harus apa?,ngerasa harga kerja enak kerja harga komunikasi rasain,-1,0,0.7162138,True,high
4251,Aku ngerasa aku harus selalu jadi yang terbaik. Ini bikin aku capek. Apa yang harus aku lakuin?,ngerasa capek lakuin bagus capek tekan terlalu ngerasa nomor imbang,-1,11,0.7489952,True,high
4253,"Aku pengen jadi pemimpin hebat, tapi kok susah banget ngatur orang lain?",pimpin susah ngatur pimpin ngatur diri sendiri disiplin tuju mudah arah diri contoh jelas,-1,0,0.7514296,True,high
4254,"Aku merasa timku nggak kompeten, makanya aku harus turun tangan terus. Apa salah?",kompeten makanya turun tangan terus salah ngerasa kurang arah percaya komunikasi ekspektasimu jelas ruang ngurusin sendiri malah burnout,-1,11,0.7614064,True,high
4255,"Aku pengen timku nurut aja sama visiku, kenapa mereka malah debat terus?",nurut malah debat terus ngerasa didenger diskusi harga input kuat bagus fleksibel malah frustrasi,-1,0,0.66331625,True,high
4256,Aku merasa aku pantas dapet pengakuan lebih dari bosku. Gimana caranya?,pantas dapet hasil kerja bukan konsisten datang sendiri terlalu ngotot minta malah ngerasa perhati,-1,11,0.743454,True,high
4257,"Aku ngerasa timku nggak loyal sama aku. Harusnya mereka dukung aku sepenuhnya, kan?",ngerasa loyal dukung sepenuh loyalitas minta udah dukung jelas minta dukung contoh ngerasa hilang arah,-1,0,0.7300589,True,high
4260,"Aku ngerasa aku lebih pinter dari bosku. Aku harus gantiin dia, kan?",ngerasa pinter gantiin capable gantiin bukan solusi instan tunjukin mampu lewat kerja hasil nyata ngeluh nyinyir malah profesional,-1,2,0.7245416,True,high
4261,Aku merasa orang lain nggak bisa ngerjain apa-apa tanpa aku. Aku harus gimanain?,ngerjain gimanain terlalu ngontrol delegasi tugas percaya pegang capek kembang,-1,11,0.8082299,True,high
4262,"Aku pengen cepet naik jabatan, makanya aku kerja sendiri biar kelihatan hebat. Bener nggak sih?",cepet naik jabat makanya kerja sendiri kerja sendiri tonjol jabat tinggi butuh mampu kerja bareng tunjukin pimpin sukses lirik,-1,11,0.72509485,True,high
4263,"Aku suka ngomongin ide besar, tapi susah banget wujudinnya. Kenapa ya?",ngomongin susah wujudinnya keren rencana eksekusi omong pecah kecil selesain,-1,11,0.69730496,True,high
4267,Aku sering merasa dunia harus berputar sesuai keinginanku. Apa aku salah?,putar sesuai salah sesuai harap kendali diri nerima luar kuasa ubah tanggap situasi hati tenang,-1,5,0.78808576,True,high
4269,"Aku suka ngerasa orang lain gak sebanding sama aku. Tapi aku gak bilang sih, cuma dalam hati. Itu buruk gak?",ngerasa banding hati muncul lama lama isolasi sisi harga nyaman diri sendiri,-1,0,0.67749417,True,high
4271,Aku merasa hidupku gak akan lengkap tanpa pencapaian besar. Bener gak sih?,hidup lengkap capai capai keren hidup kecil tawa bareng keluarga temen hidup arti catat momen momen kecil bahagia hidup udah cukup lengkap,-1,0,0.7462077,True,high
4272,Aku sering ngerasa orang lain gak ngerti betapa pentingnya aku. Apa aku salah?,ngerasa betapa penting salah penting bukan nyampein diri tunjuk nilai diri lewat tindak kerja nunggu sendiri,-1,2,0.75868666,True,high
4276,Aku pengen semua orang suka sama aku. Apa itu mungkin?,realistis selera pandang sendiri kejar tulus peduli jauh arti,-1,0,0.81241083,True,high
4277,"Aku merasa harus selalu jadi yang terbaik di segala hal, tapi capek banget. Gimana caranya supaya aku nggak terus-terusan begini?",segala capek terus terus begini berat kejar posisi puncak proses bukan hasil nikmat bukan piala capek istirahat jenak bukan kalah peduli diri sendiri,-1,2,0.77327013,True,high
4280,Aku sering kesal kalau orang lain nggak setuju sama pendapatku. Aku harus apa biar nggak gampang emosi?,kesal tuju gampang emosi kesal sudut pandang alas sendiri dengar tuju paham tetap tenang bawa emosi kesal diskusi,-1,0,0.815808,True,high
4281,Aku merasa harus balas dendam kalau ada yang nyakitin aku. Itu bener nggak sih?,balas dendam nyakitin sakit sakit balas dendam luka tambah energi tumbuh tuju pribadi move sakit,-1,0,0.7606262,True,high
4288,Aku suka ngeluh kalau hidup nggak adil. Gimana caranya biar berhenti ngeluh?,ngeluh hidup adil henti ngeluh ngeluh syukur kecil syukur ngurangin keluh positif hidup,-1,0,0.72303385,True,high
4289,"Aku ngerasa nggak perlu dengerin saran orang lain, aku udah tahu semua. Ini buruk nggak?",ngerasa perlu dengerin saran udah tahu percaya diri bagus saran dengar siapa tahu saran masa,-1,0,0.7682492,True,high
4290,Aku pengen orang lain ngeliat aku sebagai pahlawan. Itu salah nggak?,ngeliat pahlawan salah anggap manusiawi puji lupa tuju asli laku bukan puji kecil lakuin pamrih,-1,0,0.75032616,True,high
4292,Aku pengen ngalahin semua orang di hidup ini. Tapi kok rasanya nggak tenang. Kenapa ya?,ngalahin hidup tenang menang bagus tenang terlalu kompetisi saing diri sendiri versi kemarin tingkat diri,-1,0,0.8068677,True,high
4293,Kenapa sih aku selalu merasa nggak siap menghadapi masalah besar?,siap hadap siap muncul terlalu kuasa padahal kuat inget inget lewat awal mustahil,-1,2,0.7911222,True,high
4295,Kadang aku merasa ego-ku bikin aku nggak bisa menerima kegagalan. Gimana caranya mengendalikan ego?,terima gagal kendali sulit terima nyata diri gagal proses bukan akhir segala kesal diri sendiri jaga tetap tempat,-1,2,0.8395002,True,high
4304,Aku pengen nyerah aja karena semua usahaku gagal. Apa salah kalau aku nyerah?,nyerah usaha gagal salah nyerah nyerah manusiawi udah usaha nyerah tuju tuju penting perlu istirahat nyerah,-1,2,0.7373039,True,high
4309,"Aku ngerasa hidup nggak adil, kenapa aku yang selalu apes? Gimana caranya biar nggak kesal terus?",ngerasa hidup adil apes kesal terus berat hidup adil kontrol respons situasi kecil syukur kesal hidup adil,-1,0,0.79948723,True,high
4312,"Aku sering nyalahin orang lain kalau ada masalah. Aku tahu ini salah, tapi susah berhenti. Apa yang bisa aku lakuin?",nyalahin tahu salah susah henti lakuin udah diri sendiri laku muncul solusi bukan salah situasi nyalahin,-1,0,0.82121944,True,high
4313,"Aku merasa stuck setelah kegagalan, kayak nggak bisa maju. Apa yang bisa bantu aku keluar dari situasi ini?",stuck gagal maju keluar situasi feeling stuck berat sendiri daftar tuju kecil temen kecil gerak hidup,-1,2,0.82484895,True,high
4314,Aku pengen balas dendam sama orang yang bikin aku gagal. Itu bener nggak sih?,balas dendam gagal sakit hati balas dendam lelah energi tumbuh kejar tuju pribadi move sakit,-1,0,0.81470096,True,high
4317,"Aku pengen cepet bangkit dari kegagalan, tapi nggak tahu caranya. Apa yang bisa aku coba?",cepet bangkit gagal tahu bangkit butuh kecil rencana sederhana tugas jangan lupa istirahat penting kecil,-1,2,0.85062844,True,high
4318,Aku ngerasa hidupku hancur setelah gagal. Apa masih ada harapan buat aku?,ngerasa hidup hancur gagal harap berat gagal bukan akhir sempat kecil hidup temen excited hidup,-1,2,0.8591553,True,high
4319,"Aku sering ngeluh kalau gagal, dan itu bikin aku tambah down. Gimana caranya berhenti ngeluh?",ngeluh gagal tambah down henti ngeluh ngeluh syukur positif kecil ubah pola positif alami,-1,0,0.75397563,True,high
4320,Aku ngerasa nggak pantas coba lagi karena gagal terlalu sering. Apa yang bisa bantu aku berubah pikiran?,ngerasa pantas gagal terlalu ubah gagal arti layak ingat momen kecil hasil bukti tuju kecil kejar,-1,2,0.8223159,True,high
4322,Aku ngerasa nggak ada yang bisa aku lakuin dengan baik setelah gagal. Gimana caranya biar percaya diri lagi?,ngerasa lakuin gagal percaya diri gagal ragu ingat lakuin situ laku santai percaya diri terampil,-1,2,0.8396814,True,high
4324,Aku pengen nyerah aja karena gagal terus. Apa yang bisa bikin aku tetep lanjut?,nyerah gagal terus lanjut nyerah berat udah kuat jauh alas kecil lanjut tuju pribadi sayang istirahat perlu jangan henti terus juang,-1,2,0.8250729,True,high
4328,"Aku sering banget mikirin masa depan, tapi malah bikin cemas. Apa yang salah?",mikirin masa depan malah cemas salah cemas terlalu masa depan hilang momen energi kerja kecil masa depan ringan,-1,11,0.78285617,True,high
4330,Aku pengen balas dendam sama orang yang nyakitin aku. Itu wajar gak sih?,balas dendam nyakitin sakit hati balas balas dendam jebak emosi negatif energi bangga diri sendiri jauh muas,-1,0,0.7602232,True,high
4331,Aku merasa gak dihargai sama sekali meski udah kerja keras. Apa gunanya usaha?,harga sekali udah kerja usaha tahu sakit nilai usaha diri sendiri bangga udah laku penting,-1,2,0.79591906,True,high
4333,"Aku suka ngelamun tentang kesuksesan, tapi gak tahu caranya mulai. Apa salah ngelamun?",ngelamun sukses tahu salah ngelamun ngelamun salah bahan bakar ubah lamun rencana kecil mimpi sukses konkret minggu,-1,0,0.7658641,True,high
4336,Aku pengen jadi orang jahat aja biar gak disakitin lagi. Apa itu solusi?,jahat disakitin solusi lindung diri jahat jebak lingkar sakit hati jaga batas hilang nilai nilai istimewa,-1,0,0.80830383,True,high
4337,Aku merasa semua usahaku sia-sia karena gak ada hasil. Apa aku harus berhenti?,usaha hasil henti usaha langsung hasil arti udah usaha maju istirahat perlu jangan serah,-1,0,0.7414573,True,high
4338,Aku gak bisa nerima kalau orang lain gak suka sama aku. Gimana cara ngatasinnya?,nerima ngatasinnya penting diri sendiri harga cukup,-1,11,0.7097721,True,high
4341,Aku merasa hidupku cuma tentang bertahan. Gimana caranya hidup beneran?,hidup tahan hidup beneran tahan udah bukti kuat hidup beneran penasaran excited kecil kejar bawa tempat,-1,2,0.76625025,True,high
4343,Aku merasa hancur banget setelah gagal dalam proyek besar. Apa yang harus aku lakukan?,hancur gagal proyek laku hancur momen titik balik diri gagal istirahat jenak sudut pandang,-1,13,0.7877302,True,high
4348,Aku kesal banget sama orang yang nyakitin aku. Pengen balas dendam!,kesal nyakitin balas dendam kesal balas dendam luka tambah racun harap sakit energi positif diri sendiri,-1,0,0.78704643,True,high
4354,Aku ngerasa hidupku cuma buat nunjukin ke orang lain bahwa aku sukses.,ngerasa hidup nunjukin sukses hidup lelah bahagia kejar kecil hidup milik bukan panggung,-1,2,0.81389433,True,high
4357,Aku ngerasa semua yang aku lakuin sia-sia. Buat apa capek-capek?,ngerasa lakuin capek capek stuck belakang kecil bangga bukti usaha kecil beri,-1,2,0.81694245,True,high
4358,Aku merasa sulit untuk rendah hati saat aku sedang merasa sukses. Gimana caranya supaya aku nggak terbawa ego?,sulit rendah hati sedang sukses bawa proses bukan hasil bangga ingat kecil bawa situ syukur kerja diri sendiri tetap rendah hati,-1,2,0.8594243,True,high
4359,Kadang aku merasa aku lebih baik dari orang lain. Ini buruk nggak sih?,muncul jauh nilai kecil justru bijaksana,-1,-1,0.592805,False,rejected
4362,Aku merasa susah nerima kritik. Aku harus gimana?,susah nerima kritik kritik nyaman kunci kembang dengar kritik anggap saran temen tanyain diri sendiri pelan pelan,-1,0,0.75543576,True,high
4363,Aku sering merasa apa yang aku capai nggak cukup. Ini kenapa ya?,capai cukup terlalu target lupa nikmat jalan daftar kecil udah capai kecil betapa jauh udah lang syukur,-1,5,0.710816,True,high
4366,Aku merasa krisis bikin aku panik dan egois. Gimana caranya tetap tenang?,krisis panik egois tetap tenang krisis emang diri sendiri kontrol kecil minta dukung dekat,-1,0,0.8018135,True,high
4368,Kenapa aku susah kerja sama sama orang lain kalau aku merasa aku lebih pinter?,susah kerja pinter teamwork susah kolaborasi sempat bukan kompetisi tanyain kerja asyik,-1,0,0.7375405,True,high
4369,"Aku pengen jadi pemimpin, tapi takut ego bikin aku sombong. Apa yang harus aku lakukan?",pimpin takut sombong laku pimpin keren rendah hati kunci dengar tahu harga kontribusi hormat perlu sombong,-1,0,0.727419,True,high
4370,Aku merasa kesuksesan bikin aku lupa diri. Gimana caranya tetap membumi?,sukses lupa diri tetap bumi sukses asyik lupa darat hehe rutin refleksi minggu diri tetap rendah hati habis ingat diri sendiri,-1,3,0.76560855,True,high
4372,Aku merasa ego bikin aku susah dekat sama orang. Gimana caranya berubah?,susah dekat ubah udah dengerin buru buru diri sendiri dengar hangat,-1,0,0.740096,True,high
4373,Kadang aku merasa nggak perlu bantuan orang lain. Ini salah nggak?,perlu salah salah hilang sempat sekal minta saran percaya walaupun kecil kaget betapa manfaat pandang,-1,0,0.78150517,True,high
4374,Aku pengen jadi orang yang lebih rendah hati. Mulai dari mana?,rendah hati keren niat sederhana terima kecil hati,-1,2,0.6902813,True,high
4375,Aku merasa ego bikin aku lupa bersyukur. Gimana caranya kembali ke jalur?,lupa syukur jalur lupa penting kecil syukur simpel makan enak obrol temen grounded,-1,3,0.7262708,True,high
4378,Aku pengen balas dendam sama orang yang bikin aku gagal. Apa salah kalau aku berpikir gitu?,balas dendam gagal salah kesal balas dendam rugi nyakitin diri sendiri harap sakit buang energi situ tumbuh skill proyek biarin hasil kerja bicara bukan amarahmu,-1,0,0.8312994,True,high
4381,Aku merasa semua orang menilai aku dari kegagalanku. Apa yang harus aku lakukan?,nilai gagal laku nila ilusi insecure sibuk hidup sendiri kendali usaha bangkit kritik dengar sisa abai penting tahu nilai diri opini,-1,0,0.82486224,True,high
4386,Aku ngerasa nggak punya apa-apa lagi setelah kehilangan sesuatu yang penting. Gimana caranya bangkit?,ngerasa hilang penting bangkit hilang berat diri sendiri udah cukup kecil syukur berani situ tuju sederhana kecil bawa tempat,-1,0,0.8194163,True,high
4387,Aku ngerasa kegagalanku bikin aku nggak layak dihargai. Gimana cara ngubah pikiran ini?,ngerasa gagal layak harga ngubah gagal nilai diri momen laku bukti mampu laku harga kejar nilai diri bukan gagal,-1,2,0.8238617,True,high
4390,Aku ngerasa hidupku cuma tentang kegagalan. Gimana cara lihat sisi lain?,ngerasa hidup gagal sisi lensa lensa momen hidup bangga kecil rencana kecil temen hidup gagal potensi nunggu gali,-1,2,0.8011894,True,high
4391,Aku pengen orang lain ngerasa bersalah karena aku gagal. Apa ini salah?,ngerasa salah gagal salah kesal nyalahin terus lupa ngeliat ubah ubah nyikapin gagal tuju pribadi semangat energi habis kendali,-1,0,0.8242419,True,high
4393,Aku kesal banget sama orang yang selalu nyinyir. Pengen balas dendam!,kesal nyinyir balas dendam marah balas dendam jebak lingkar negatif energi tuju nyinyir kejar,-1,0,0.7614639,True,high
4395,Aku ngerasa hidupku cuma buat nunjukin ke orang lain bahwa aku sukses. Salah nggak?,ngerasa hidup nunjukin sukses salah salah hidup hilang diri sendiri bahagia kejar kecil hidup makna,-1,2,0.83249843,True,high
4397,Aku ngerasa dunia nggak adil. Kenapa aku yang selalu kena masalah?,ngerasa adil kena stuck adil kontrol hadap kecil kuat,-1,2,0.7244124,True,high
4402,Aku ngerasa hidupku cuma buat membuktikan bahwa aku lebih baik dari orang lain.,ngerasa hidup bukti hidup bukti diri lelah cukup diri sendiri kejar tuju bahagia bukan pamer,-1,2,0.7717701,True,high
4405,Aku ngerasa dunia harus menghormati aku karena aku udah kerja keras.,ngerasa hormat udah kerja kerja harga beri harga harap puas batin usaha bangga diri sendiri perlu,-1,0,0.7930232,True,high
4414,"Aku pengen menyerah aja, capek banget berjuang.",serah capek juang capek udah usaha luar serah bukan jalan istirahat jenak diri pulih serah dengerin,-1,0,0.72646266,True,high
4415,"Aku nggak suka kerjaan aku, tapi takut buat berhenti. Apa yang harus aku lakukan?",kerja takut henti laku stuck kerja berat kerja ideal kecil riset peluang takut henti,-1,2,0.761786,True,high
4417,"Aku pengen balas dendam sama orang yang nyakitin aku, boleh nggak?",balas dendam nyakitin balas dendam luka racun harap sakit energi tumbuh tuju pribadi balas dendam,-1,0,0.75972927,True,high
4420,"Aku nggak bisa berhenti mikirin kegagalan masa lalu, gimana caranya move on?",henti mikirin gagal masa move gagal masa jebak bukan definisi diri udah capai sejak kecil bukti maju susah lepas masa,-1,2,0.87427413,True,high
4421,"Aku merasa harus selalu kuat, tapi aku capek. Apa yang salah?",kuat capek salah salah capek manusia kuat beban izin diri istirahat dekat kuat,-1,0,0.76184833,True,high
4423,"Aku merasa nggak pantas buat sukses, apa yang harus aku lakukan?",pantas sukses laku pantas datang ragu diri kejar tuju usaha udah laku pantas,-1,2,0.7740492,True,high
4428,Aku sering merasa lebih baik dari orang lain. Ini buruk nggak sih?,percaya diri lengah inspirasi bukan ancam rendah hati,-1,2,0.7197393,True,high
4432,Aku merasa apa yang aku lakukan nggak cukup. Gimana biar berhenti merasa gitu?,laku cukup henti daftar udah capai kecil lupa betapa jauh udah lang progres bukan sempurna,-1,2,0.77055514,True,high
4433,Aku takut orang lain tahu aku nggak sehebat yang mereka pikir. Apa yang harus kulakukan?,takut tahu laku perlu pura pura sempurna justru respect jujur tunjukin usaha udah,-1,2,0.8038424,True,high
4435,Aku sering ngerasa orang lain nggak ngerti aku. Apa yang salah?,ngerasa salah terlalu rasain jujur butuh tahu perspektif,-1,2,0.70016706,True,high
4436,"Aku pengen jadi pemimpin, tapi takut nggak cukup bagus. Gimana caranya?",pimpin takut cukup bagus pimpin sempurna dengar pimpin kecil percaya alam bentuk,-1,6,0.711467,True,high
4438,Aku sering ngerasa nggak pantas dapat apa yang aku punya. Normalkah ini?,ngerasa pantas nama sindrom imposter inget hasil usaha capai betapa pantas,-1,2,0.7221319,True,high
4439,Gimana caranya biar nggak terlalu ngikutin apa kata orang?,terlalu ngikutin kata dengerin jangan lupa diri sendiri penting percaya nilai tuju sendiri,-1,2,0.7504191,True,high
4440,Aku merasa stuck dan nggak berkembang. Apa yang harus kulakukan?,stuck kembang laku mundur selang stuck perlu minta pandang jangan takut kecil,-1,2,0.7866302,True,high
4442,"Aku suka banget cerita tentang rencanaku, tapi kok ga pernah jadi kenyataan?",rencana nyata bicara rencana mudah laku kurang bicara tindak kecil pertama,-1,0,0.69998527,True,high
4446,"Aku pengen orang lain kagum sama kerjaanku, tapi kok malah stres?",kagum kerja malah stres kejar kagum lupa tuju awal diri sendiri puas kerja perlu tahu,-1,0,0.7470627,True,high
4447,"Aku sering bilang ‘aku capek’ ke orang lain, tapi ga ngapa-ngapain, kenapa ya?",capek perlu validasi capek hindar tugas kecil,-1,11,0.7462481,True,high
4448,"Aku merasa ga perlu kerja keras, cukup promosi diri aja, bener ga?",perlu kerja cukup promosi diri promosi diri kerja omong kosong harga hasil nyata usaha kecil dukung mimpi,-1,2,0.74180484,True,high
4449,"Aku merasa harus selalu kelihatan sibuk biar dianggap hebat, kenapa ya?",sibuk anggap perlu bukti sibuk arti produktif penting situ,-1,0,0.7348672,True,high
4450,"Aku sering cerita soal ideku, tapi ga pernah eksekusi, gimana caranya berubah?",eksekusi ubah mudah eksekusi butuh komitmen pilih kecil mula,-1,5,0.6516078,True,high
4451,"Aku takut kalau diam, orang lupa aku ada, apa yang harus aku lakukan?",takut diam lupa laku diam bukan arti hilang justru diam karya nyata proyek kecil siapa proyek,-1,0,0.74349976,True,high
4453,"Aku merasa kerja keras ga perlu, yang penting orang tahu aku hebat, bener ga?",kerja perlu penting tahu notice kerja tahan lama usaha kecil bangga,-1,2,0.71476626,True,high
4460,Aku sering merasa harus kelihatan sukses di mata orang lain. Ini salah nggak sih?,sukses mata salah salah capek tampil diri sendiri sukses tekan luar bahagia bukan kagum sukses,-1,2,0.838006,True,high
4461,"Aku pengen ngikutin passion, tapi takut nggak bakal menghasilkan. Apa aku harus realistis aja?",ngikutin passion takut hasil realistis passion harga khawatir stabilitas jalan passion tahap side project jaga butuh passion pikirin wujudin korban,-1,0,0.7812987,True,high
4462,"Aku merasa harus selalu jadi yang terbaik. Kalau nggak, aku ngerasa gagal. Gimana caranya biar aku nggak terlalu keras sama diri sendiri?",ngerasa gagal terlalu diri sendiri berat tuntut diri ubah mindset bukan nomor kembang diri ruang salah sempurna ringanin beban,-1,2,0.8262069,True,high
4466,Aku sering ngerasa harus buktikan diri ke orang lain. Ini bikin capek. Gimana caranya biar aku bebas dari ini?,ngerasa bukti diri capek bebas terus terus bukti diri lelah bukti siapa validasi bangga diri sendiri bukti diri jalan keluar bareng,-1,0,0.7425884,True,high
4467,Aku ngerasa hidupku stuck. Aku harus mulai dari mana biar bisa move on?,ngerasa hidup stuck move stuck berat berani ngaku kecil ubah hidup pilih paling feasible dikerjain ngerasa stuck titik awal bareng,-1,2,0.78686416,True,high
4469,Aku ngerasa harus selalu setuju sama orang lain biar diterima. Ini salah nggak?,ngerasa tuju terima salah salah terima tuju senang hilang diri sendiri sopan situasi kecil tuju pikirin asertif,-1,0,0.80896133,True,high
4470,"Aku pengen cepet sukses, makanya aku rela ngelakuin apa aja. Ini bahaya nggak?",cepet sukses makanya rela ngelakuin bahaya sukses bagus ngelakuin arti ngorbankan nilai sehat bahaya evaluasi rela laku batas sukses bangga butuh jalan pintas sesal kejar pikirin sehat,-1,2,0.82222486,True,high
4471,"Aku ngerasa nggak pernah cukup baik, meski udah usaha keras. Gimana caranya biar aku nggak terus ngerasa gini?",ngerasa cukup udah usaha terus ngerasa cukup berat udah usaha luar daftar kecil udah capai kecil progress standar cukup datang sendiri harga diri,-1,2,0.77002203,True,high
4472,"Aku merasa sudah tahu segalanya tentang pekerjaanku, tapi kok hasilnya biasa saja?",tahu segala kerja hasil sudut paham alam sedang tren bidang tingkat,-1,13,0.6825869,True,high
4477,"Aku nggak suka kalau orang bilang aku salah, aku yakin aku benar.",salah yakin yakin diri sendiri penting perlu dengar jelas yakin,-1,2,0.76720726,True,high
4478,"Aku merasa udah capek belajar, pengen cepet selesai.",udah capek cepet lelah makin makin kuat jeda senang capek,-1,11,0.67856836,True,high
4482,"Aku suka banget sama ideku, tapi orang bilang aku terlalu nafsu. Itu buruk ya?",terlalu nafsu semangat lewat lupa nyata keren diri sendiri pertama realistis lewat terlalu excited,-1,2,0.79151523,True,high
4483,"Aku merasa sibuk banget, tapi kok nggak ada hasilnya. Apa aku salah jalan?",sibuk hasil salah jalan jebak paradoks passion sibuk penting kerjain kemarin beneran bawa dekat tuju,-1,11,0.76601577,True,high
4485,"Aku suka ngomongin rencanaku, tapi susah banget wujudinnya. Kenapa ya?",ngomongin rencana susah wujudinnya ngomongin rencana gampang proses tantang rangin ngomong tambah action kecil rencana,-1,11,0.7854615,True,high
4486,Aku ngerasa rendah diri karena harus mulai dari bawah. Apa ini normal?,ngerasa rendah diri bawah bawah justru sempat kuatin fondasi posisi,-1,2,0.64921594,True,high
4487,"Aku nggak suka disuruh-suruh bos, rasanya nggak dihargai. Apa aku harus protes?",suruh suruh harga protes protes situasi nunjukin mampu tugas kerjain kagum,-1,0,0.70568573,True,high
4488,"Aku pengen orang lain lihat aku hebat, tapi kok susah ya?",susah hasil bukan omong pilih proyek kecil kerjain minggu nunjukin mampu,-1,11,0.82182205,True,high
4491,Aku ngerasa harus selalu kelihatan semangat di depan orang lain. Capek banget. Apa salah kalau aku santai?,ngerasa semangat depan capek salah santai salah sekali semangat terus terus lelah diri izin santai luangin refleksi laku recharge,-1,0,0.82037896,True,high
4492,"Aku ngerasa harus selalu jadi yang terbaik, kalau nggak, aku nggak berguna. Ini wajar nggak?",ngerasa stres sepenuh harga cukup,-1,0,0.65827906,True,high
4493,"Aku pengen cepet naik jabatan, makanya aku kerja keras banget. Tapi kok nggak naik-naik?",cepet naik jabat makanya kerja naik naik kerja bagus naik jabat butuh strategi bukan usaha tahu harga tempat kerja skill proyek lirik,-1,0,0.6623938,True,high
4494,"Aku merasa bakatku sia-sia karena nggak dihargai di tempat kerja. Harusnya aku keluar aja, kan?",bakat harga tempat kerja keluar frustrasi keluar rencana situasi sulit peluang tempat tunjuk bakat inisiatif proyek ruang kembang siap keluar matang,-1,9,0.7355453,True,high
4495,Kenapa aku harus bantu orang lain kalau aku sendiri nggak dapat apa-apa?,sendiri diri bayang investasi pintu masa depan plus kuat mental,-1,2,0.6993357,True,high
4496,Aku benci kalau orang lain meremehkan aku. Pengen banget bales dendam dengan nunjukin aku lebih hebat!,benci remeh bales dendam nunjukin kesal balas dendam lewat bukti diri malah stres tuju sendiri bukan kerja bicara kata kata,-1,0,0.7321685,True,high
4500,"Kalau aku nggak suka kerjaan yang dikasih, boleh nggak sih aku tolak?",kerja tolak situasi tolak alas jelas profesional kerja peluang masuk akal bicara sopan,-1,0,0.783631,True,high
4503,Aku merasa nggak punya temen di kantor. Apa aku yang salah?,temen kantor salah salah butuh kecil ringan rekan kerja tetap nyaman luar kantor dukung,-1,0,0.76253057,True,high
4504,"Aku pengen cepet naik jabatan, tapi kok atasan nggak notice kerja keras aku. Apa yang salah?",cepet naik jabat notice kerja salah bukan salah tunjuk kerja bicara tuju karirmu proyek ingat naik jabat butuh strategi,-1,2,0.7127124,True,high
4506,Aku merasa nggak cukup baik dibandingkan orang lain. Gimana caranya aku lebih percaya diri?,cukup banding percaya diri datang ingat sendiri catat capai kecil ingat diri kembang berat bicara temen mentor dukung,-1,0,0.84561586,True,high
4509,Tips menanggapi kritik tanpa baper?,tips tanggap kritik baper pisah pesan inti abai sisa terima masuk relevansi teknik sebut decentering cognitive behavioral therapy,-1,10,0.7808528,True,high
4511,Bagaimana caranya meminta validasi profesional?,minta validasi profesional catat gejala durasi picu konsultasi struktur mudah psikolog nilai akurat,-1,10,0.7407954,True,high
4513,Aku dewasa muda takut hubungan intim. Apa yang bisa kulakukan?,dewasa muda takut intim laku terapi interpersonal paham takut intim emosional perlahan fisik,-1,12,0.7659366,True,high
4514,Apa bedanya terapi interpersonal dengan curhat ke teman?,terapi interpersonal curhat teman terap meta pola beri umpan balik profesional tetap empatik teman kerangka objektif,-1,10,0.7522433,True,high
4515,Bagaimana mempersiapkan sesi terapi pertamaku?,siap sesi terapi pertama utama harap contoh situasi sikap cepat terap paham peta,-1,10,0.6122472,True,high
4517,"Saya ingin coba terapi, tapi takut tidak cocok. Apa yang bisa saya harapkan dari terapi Adler?",terapi takut cocok harap terapi adler terapi laku alfred adler tuju tambah berani kurang inferior kembang sosial bayang ruang terap kuat jurnal capai penasaran terapi,-1,1,0.8113735,True,high
4518,"Saya ingin mencoba terapi, tapi takut tidak nyaman. Apa yang bisa saya harapkan?",terapi takut nyaman harap terapi tunjuk berani kembang terapi humanistik potensi bahagia bayang ruang hakim terap dengar dukung refleksi mimpi siap jurnal penasaran terapi,-1,1,0.8120799,True,high
4519,Saya takut terapi tidak cocok untuk saya. Apa yang akan saya rasakan?,takut terapi cocok takut terapi step terapi humanistik cipta ruang dengar potensi terap dukung empati lewat refleksi santai siap jurnal penasaran khawatir terapi,-1,1,0.83556753,True,high
4520,"Saya ingin lebih bahagia, tapi takut memulai terapi. Apa yang bisa saya harapkan?",bahagia takut terapi harap nervous pertama psikoterapi potensi bahagia bayang dengar hakim kenal diri sendiri dukung tuju terap cipta ruang santai refleksi siap jurnal penasaran terapi,-1,1,0.8424937,True,high
4523,"Saya ingin mencoba terapi, tapi takut tidak cocok. Apa yang bisa saya harapkan dari terapi Horney?",terapi takut cocok harap terapi horney terapi berani laku karen horney tuju capai realisasi diri terima diri lepas tekan sempurna bayang ruang terap dengar refleksi siap jurnal capai penasaran terapi,-1,1,0.78435004,True,high
4526,"Aku pengen coba terapi, tapi takut dihakimi. Gimana caranya biar aku berani?",terapi takut hakim berani takut hakim diri psikologi terapi rancang bukan hakim terap nyaman takut terapi takut hakim dengerin saran,-1,7,0.7855311,True,high
4529,"Aku takut kalau orang tahu aku ke psikiater, nanti dikira gila. Apa yang harus aku lakuin?",takut tahu psikiater gila lakuin takut stigma sayang salah paham sehat mental psikiater berani jaga diri bukan gila manfaat tips dekat takut tahu,-1,7,0.8300739,True,high
4532,"Aku nggak suka sama DSM, kok kayak semua orang bisa dikotak-kotakin gitu?",kotak kotakin sisi kontroversial label alam kompleks dokter nampung konteks hidup label adil siapa,-1,13,0.7242621,True,high
4537,Aku cuma pengen orang-orang nggak ngecap aku gila. Gimana caranya?,ngecap gila stigma emang frustrasi edukasi info sederhana dekat kondisi tunjukin lewat tindak diagnosis gabung ngerasa terima ngerasa hakim,-1,0,0.79099876,True,high
4540,Pernah nggak sih kerjaan bikin kamu depresi? Aku kayaknya lagi gitu.,kerja depresi depresi kerja tekan depresi penting diperhatiin depresi temuin pola solusi kecil berat saranin konselor psikolog dengerin kapan,-1,1,0.7925556,True,high
4541,"Emilia, aku kok merasa susah banget naik ke posisi yang lebih baik di hidup ini. Apa karena aku punya masalah mental?",susah naik posisi hidup mental paham stuck mental pengaruh mampu capai tuju sulit kurang percaya diri teori mental hambat sejak awal sulit naik posisi sosial tinggi arti maju detail susah pikirin bareng,-1,0,0.8145609,True,high
4542,"Emilia, aku takut kalau aku punya gangguan mental, aku bakal jadi miskin selamanya. Bener nggak sih?",takut ganggu mental miskin lama paham takut teori ganggu mental sulit tahan posisi sosial hilang kerja arti miskin lama pulih bangkit terapi dukung khawatir kecil,-1,0,0.8222416,True,high
4543,Aku nggak punya duit buat ke psikolog. Apa aku cuma harus tahan aja sama masalahku?,duit psikolog tahan akses psikolog frustrasi tahan sendiri beberapa sumber gratis hotline sehat mental kelompok dukung info down,-1,1,0.78470767,True,high
4545,"Aku merasa nggak punya temen curhat, apa ini bisa bikin aku depresi?",temen curhat depresi sendiri temen curhat berat kurang dukung sosial ningkatin risiko depresi butuh koneksi ngerasa dengar paham rasain pelan pelan,-1,0,0.84683645,True,high
4552,Aku nggak punya waktu ke dokter buat cek kesehatan mental. Apa aku bisa sembuh sendiri?,dokter sehat mental sembuh sendiri erti batas sehat mental penting sembuh sendiri sulit tahu akar kecil konselor fleksibel info,-1,0,0.8140446,True,high
4553,"Aku nggak punya asuransi kesehatan, jadi nggak bisa ke psikolog. Apa yang bisa aku lakukan?",asuransi sehat psikolog laku tahu sulit akses psikolog batas beberapa sumber gratis hotline sehat mental cocok tenang jurnal,-1,1,0.7757704,True,high
4556,"Di lingkunganku banyak kekerasan, aku takut keluar rumah. Ini bikin aku stres, normal nggak sih?",takut keluar stres stres takut tubuh lindung diri tempat santa teman lokal stres susah tidur cemas terus bicara konselor siap denger kapan,-1,0,0.8412212,True,high
4557,Aku merasa akhir-akhir ini orang-orang lebih terbuka soal masalah kesehatan mental. Apa sih yang bikin perubahan ini?,akhir akhir sehat mental ubah peran sehat mental ganggu berat cakup emosional iklan obat obat psikotropika media aware profesional plus stigma dokter terap udah kurang berani bicara solusi,-1,7,0.8111514,True,high
4567,Kadang aku merasa orang-orang takut sama aku karena aku punya masalah mental. Ini normal nggak sih?,takut mental sayang stigma hadap sehat mental salah paham takut bukan salah kurang paham terima kelompok dukung nyaman,-1,0,0.8138027,True,high
4571,"Emilia, aku pengen sembuh cepet. Apa aku harus ikut managed care biar cepet?",sembuh cepet managed care cepet paham sehat cepat managed care jamin cepet sembuh efisiensi recovery proses butuh dekat sesuai terapi dukung personal detail butuh,-1,1,0.7405699,True,high
4574,Aku sering merasa orang miskin kayak aku nggak akan dapat bantuan mental health yang layak. Bener nggak sih?,miskin mental health layak khawatir sayang fakta akses sehat mental sulit hasil rendah biaya batas organisasi tawar gratis jangkau info,-1,0,0.7276912,True,high
4576,Kenapa sih orang-orang di sekitarku kayak nggak peduli sama kesehatan mental?,peduli sehat mental kurang paham sehat mental stigma diajarin ngomongin ngenalin mental pelan pelan sharing artikel sederhana,-1,0,0.7836567,True,high
4579,"Aku ngerasa nggak ada gunanya ke terapis, toh cuma ngomong doang. Emang bermanfaat?",ngerasa terap ngomong doang emang manfaat ngerasa mikir terapi ngomong ngomong terap pola emosi paham diri sendiri terapi tahu lanjut,-1,0,0.7769842,True,high
4581,"Aku pengen ke dokter, tapi nggak punya asuransi. Apa ada cara lain?",dokter asuransi biaya kendala beberapa pilih puskesmas klinik nawarin sehat mental biaya rendah gratis organisasi nirlaba tahu daerah info,-1,7,0.7156777,True,high
4582,"Aku merasa bingung kenapa kadang orang di sekitarku bilang aku perlu ke dokter jiwa, tapi aku merasa baik-baik aja. Apa maksudnya ini?",perlu dokter jiwa dengar komentar sendiri ubah perilaku emosi valid refleksi kecil stres dengerin,-1,12,0.732477,True,high
4587,"Aku suka sih doa buat tenangin pikiran, tapi apa itu cukup buat masalahku?",tenangin cukup hati tenang bagus sehat mental berat terus muncul perlu tambah konselor terap kombinasi profesional saling dukung tenang,-1,0,0.8292862,True,high
4591,Aku dari keluarga yang nggak biasa ke dokter jiwa. Gimana caranya aku mulai?,keluarga dokter jiwa keluarga dokter jiwa konselor terlalu formal info sehat mental paham dukung,-1,7,0.7954638,True,high
4598,Aku sering stres gara-gara diskriminasi. Gimana cara ngatasinnya?,stres gara gara diskriminasi ngatasinnya stres diskriminasi nyata berat ruang temen kelompok dukung teknik relaksasi meditasi journaling terus ganggu profesional atur emosi butuh curhat,-1,1,0.823225,True,high
4599,Aku takut ke dokter karena bahasa Inggrisku nggak bagus. Ada solusi nggak?,takut dokter bahasa inggris bagus solusi khawatir bahasa staf bahasa nyaman pake tempat nawarin terjemah staf bilingual info deketmu,-1,7,0.7276157,True,high
4600,Aku merasa komunitasku nggak ngerti pentingnya kesehatan mental. Gimana caranya aku edukasi mereka?,penting sehat mental edukasi keren kecil santai temen keluarga acara ngomongin sehat mental kampanye sederhana saran,-1,0,0.75223553,True,high
4602,Aku dengar ada program kesehatan mental berbasis komunitas. Itu kayak apa?,dengar program sehat mental program lewat acara edukasi kelompok dukung sesuai tempat contoh pake seni diskusi ngomongin sehat mental keren tahu deketmu,-1,0,0.7717956,True,high
4605,"Aku merasa layanan kesehatan mental itu cuma buat ngontrol orang yang dianggap aneh, bener nggak sih?",sehat mental ngontrol anggap aneh mikir sehat mental alat kontrol utama sejarah mandiri daya dekat turut penting dengar dukung bukan tahu cocok butuh,-1,0,0.8419391,True,high
4609,Aku merasa cuma orang kaya yang bisa dapet layanan kesehatan mental yang bagus. Bener nggak?,kaya dapet sehat mental bagus sayang sehat mental pengaruh faktor ekonomi sumber daya akses program publik usaha tutup senjang tantang sulit akses opsi jangkau bareng,-1,0,0.7573513,True,high
4611,"Aku merasa nggak ada yang ngerti aku, bahkan dokter sekalipun. Apa aku salah harapan?",bahkan dokter sekalipun salah harap salah sekali paham butuh nemuin profesional nyambung dekat model sejahtera sosial sisi bukan individu tahu opsi bareng nemuin dengar,-1,1,0.7497968,True,high
4622,Aku merasa nggak ada yang peduli sama apa yang aku mau dalam pengobatan. Kayaknya cuma keluargaku yang didengerin. Gimana biar suaraku didenger?,peduli obat keluarga didengerin didenger frustrasi sejarah sehat mental keluarga dominan banding jalan awat gera dorong ganggu mental libat rencana awat bicara dokter terap perlu bawa dukung temen advokat konsumen dokter,-1,7,0.8156283,True,high
4626,"Aku pengen bikin perubahan di sistem kesehatan mental, tapi aku cuma orang biasa. Apa aku bisa ngelakuin sesuatu?",ubah sehat mental ngelakuin ubah ubah sehat mental alam gabung konsumen organisasi advokasi juang ganggu mental kecil diskusi nulis alam dampak ubah,-1,0,0.76515913,True,high
4628,Aku denger ada orang yang bilang orang gila itu berbahaya. Aku takut orang mikir gitu tentang aku. Apa bener gitu?,denger gila bahaya takut mikir stigma sakit sayang salah paham ganggu mental data tunjuk ganggu mental bahaya tindak jarang picu faktor miskin dukung sendiri ngerasa takut hakim ngalamin dekat percaya takut mikir,-1,7,0.8451618,True,high
4634,Aku merasa orang-orang di sekitar aku takut sama aku karena aku pernah dirawat di rumah sakit jiwa. Gimana cara ngatasinnya?,takut rawat sakit jiwa ngatasinnya sedih stigma salah paham dekat perlahan sikap ringan tetap jaga jarak terima kelompok dukung sehat mental penting perlu bukti siapa dukung,-1,0,0.86551946,True,high
4636,"Emilia, aku merasa takut kalau orang-orang di sekitarku menganggap aku berbahaya karena aku punya gangguan mental. Apa yang bisa aku lakukan?",takut anggap bahaya ganggu mental laku paham takut salah paham ganggu mental kurang dekat percaya alami nyaman perlu baca percaya sehat mental tetap dukung sendiri,-1,0,0.8581477,True,high
4637,Aku pernah dengar orang bilang orang dengan gangguan mental sering melakukan kejahatan. Bener nggak sih?,dengar ganggu mental laku jahat mitos stigma ganggu mental bahaya banding kecil kasus gejala psikotik deteksi obat kait perilaku risiko arti ganggu mental otomatis kriminal faktor kurang dukung peran,-1,12,0.8420791,True,high
4638,Kadang aku merasa nggak pantas hidup karena aku punya gangguan mental. Aku harus apa?,pantas hidup ganggu mental sedih dengar harga alami datang stigma beban ingat ganggu mental bukan definisi diri profesional psikolog nilai diri info kontak perlu hadap sendiri,-1,0,0.81781423,True,high
4643,Aku merasa nggak bisa hidup mandiri karena gangguan mentalku. Apa aku bakal gagal selamanya?,hidup mandiri ganggu mental gagal lama tahu takut ganggu mental arti hidup mandiri tantang rupa kelola hidup dukung tepat terapi kecil sederhana yakin,-1,0,0.8226863,True,high
4645,Aku merasa nggak ada harapan buat sembuh dari gangguan mentalku. Buat apa aku coba?,harap sembuh ganggu mental tahu berat harap sulit ganggu mental hidup awat tepat terapi obat obat sembuh total kelola gejala kecil profesional dukung,-1,0,0.79884195,True,high
4646,"Emilia, kenapa orang-orang takut sama aku cuma karena aku punya gangguan mental?",takut ganggu mental kurang paham ganggu mental takut kenal nyaman edukasi pelan pelan alam sederhana denger dukung perlu bukti,-1,0,0.8478749,True,high
4647,"Emilia, aku takut kalau gangguan mentalku bikin aku melakukan sesuatu yang nggak aku sadari, kayak menyakiti orang.",takut ganggu mental laku sakit paham takut ganggu mental otomatis sakit khawatir peduli bicara profesional evaluasi gejala rencana cegah terapi obat nemenin pikirin,-1,7,0.8643164,True,high
4648,"Aku merasa bingung, kenapa ya sistem kesehatan mental itu terasa begitu rumit?",sehat mental rumit paham belit organisasi kerja atur masing masing tahu spesifik sesuai butuh,-1,0,0.7580752,True,high
4651,"Aku merasa nggak ada yang peduli sama masalahku, apa sistem kesehatan mental beneran bisa bantu?",peduli sehat mental beneran tahu sendiri enak sehat mental sempurna beneran konselor sampe kelompok tempat nyaman,-1,0,0.7833507,True,high
4654,"Aku takut cerita ke konselor nanti malah bikin aku tambah stres, gimana dong?",takut konselor malah tambah stres takut pertama konselor bukan tambah stres tahu konselor reputasi bagus sesi singkat nyaman info,-1,1,0.7444952,True,high
4657,"Aku dengar tentang ekologi populasi, apa hubungannya sama kesehatan mental?",dengar ekologi populasi sehat mental ekologi populasi ngelihat organisasi sehat mental tumbuh adaptasi gagal pasar jelasin tempat lanjut butuhin,-1,0,0.77113235,True,high
4659,"Aku ngerasa stuck, kayak nggak ada kemajuan, apa sistem kesehatan mental bisa bantu?",ngerasa stuck maju sehat mental stuck lelah sehat mental terapi kelompok dukung jalan depan tahu cocok obrolin ngerasa,-1,0,0.8349152,True,high
4662,"Emilia, kenapa ya layanan buat orang dengan gangguan mental berat sering gagal?",ganggu mental berat gagal sayang hadap tantang dana cukup koordinasi antar lembaga kurang sendiri udah tinggal zaman bijak seragam penting masyarakat susah bukan arti harap alam sudut pandang,-1,0,0.86588573,True,high
4663,"Aku merasa nggak ada yang peduli sama orang-orang yang punya masalah mental berat. Apa bener gitu, Emilia?",peduli mental berat tahu organisasi usaha peduli sempurna program community support program ganggu mental berat lewat awat dukung sosial uang tantang sendiri dengerin,-1,0,0.7872796,True,high
4669,"Emilia, aku kadang mikir buat nggak usah ke dokter jiwa lagi. Apa salah kalau aku berhenti?",mikir usah dokter jiwa salah henti paham lelah ragu awat henti risiko awat dokter terap bahas ragu henti dengerin,-1,7,0.81907624,True,high
4672,"Aku merasa nggak ada perubahan meski udah ikut layanan kesehatan mental. Apa aku salah, Emilia?",ubah udah sehat mental salah salah ubah butuh butuh penting sedia hasil dekat case management detail saran,-1,0,0.77078956,True,high
4674,"Emilia, aku dengar soal program buat orang yang homeless dan punya masalah mental. Apa itu?",dengar program homeless mental program khusus homeless ganggu mental dukung robert wood johnson foundation awat dukung sosial stabil penting homeless sulit akses nyari info situasi,-1,1,0.7742897,True,high
4680,"Aku denger soal praktik berbasis bukti, itu apa sih? Bisa bantu aku nggak ya?",denger praktik bukti praktik bukti udah bukti lewat sehat mental contoh program dapet kerja ngelola obat dukung sosial efektif udah bukti hasil dokter konselor program daerah tahu salah jenis,-1,1,0.79201114,True,high
4685,Kadang aku ngerasa bersalah banget karena aku kena HIV. Kayaknya ini salahku sendiri.,ngerasa salah kena salah sendiri salah tahu bukan cermin nilai diri faktor infeksi nama salah depan jaga sehat dukung bicara konselor paham proses konseling,-1,0,0.8205875,True,high
4686,"Aku baru tahu aku HIV positif, dan rasanya dunia runtuh. Gimana aku bisa hadapi ini?",tahu positif runtuh hadap tahu berat kewalahan diagnosis takut sendiri akurat awat maju haart hidup sehat panjang bicara dokter konselor jelasin,-1,0,0.8460041,True,high
4687,Aku takut ngomong ke pasanganku soal status HIV-ku. Gimana caranya biar nggak dihakimi?,takut ngomong pasang status hakim bicara status pasang mudah takut pilih tenang tempat nyaman jujur tahu fakta sedang obat virus tular khawatir reaksi konselor mediasi siap rencana cakap,-1,7,0.81608105,True,high
4689,Aku pengen nyuntik narkoba lagi biar lupa sama masalah HIV-ku. Apa salahnya sih?,nyuntik narkoba lupa salah paham tekan lari nyuntik narkoba situasi risiko sehat maupun lari ngatasin bicara konselor program dukung pulih tahu program,-1,0,0.75993454,True,high
4691,"Aku dengar ada program tukar jarum suntik. Itu apa sih, dan apa bagus buat aku?",dengar program tukar jarum suntik bagus program tukar jarum suntik tempat tukar jarum bekas nyebarin sakit bagus narkoba suntik kurang risiko infeksi program pulih candu tahu lokasi program tukar jarum dekat,-1,3,0.641624,True,high
4700,Orang bilang aku cuma cari perhatian karena aku bilang aku depresi. Aku harus buktikan apa?,perhati depresi bukti kesal perlu bukti depresi nyata valid paham alami sehat dukung profesional,-1,0,0.7691018,True,high
4701,Kenapa orang suka ngejauhin aku setelah tahu aku punya gangguan mental?,ngejauhin tahu ganggu mental takut tahu hadap situasi jauh stereotip paham ganggu mental tahu sakit dukung laku jauh dengerin,-1,0,0.8267753,True,high
4702,"Aku dikasih obat sama psikiater, tapi temenku bilang itu cuma bikin ketergantungan. Aku bingung, ikutin apa nggak?",obat psikiater temenku ikutin paham saran obat psikiater rancang khawatir diskusi psikiater khawatir tahu kondisi temenmu khawatir info medis lengkap ragu obat pikirin,-1,7,0.80495596,True,high
4704,"Aku pengen gak peduli sama stigma, tapi susah banget. Gimana caranya?",peduli stigma susah tahu susah stigma beban berat peduli stigma proses instan kecil afirmasi positif diri terima kuat situ,-1,0,0.79603314,True,high
4707,Aku takut kalau gangguan mentalku bikin aku nggak bisa hidup normal. Apa iya gangguan mental selalu bikin orang nggak berfungsi?,takut ganggu mental hidup ganggu mental fungsi ganggu mental pengaruh fungsi ganggu mental tetap hidup produktif dukung tepat terapi obat jalan hidup makna khawatir,-1,12,0.8070894,True,high
4711,Aku ngerasa nggak punya kendali atas cemas aku. Apa aku harus minum obat aja?,ngerasa kendali cemas obat dengar betapa sulit ngontrol cemas obat pilih perlu bicara dokter terap tahu situasi tuju kecil kendali rencana nyapa,-1,0,0.8136264,True,high
4712,Aku takut ketemu orang gara-gara OCD-ku. Aku harus sembunyi selamanya nggak?,takut gara gara sembunyi lama tahu berat kambuh sembunyi bukan solusi jangka panjang makin isolasi kelola terapi eksposur dukung temen deket dengerin takut,-1,0,0.7726804,True,high
4722,"Aku cuma mau panikku hilang tanpa usaha, apa bisa?",panik hilang usaha cepat sembuh ganggu panik butuh usaha terapi relaksasi usaha sulit teknik kecil bareng,-1,0,0.7840169,True,high
4725,"Aku pengen cepet sembuh dari depresi, tapi kok lama banget. Apa aku gak cocok terapi?",cepet sembuh depresi lama cocok terapi cepet sembuh frustrasi lama depresi butuh proses jalan bukan arti cocok perlu sesuai udah terapi pikirin lanjut bareng,-1,0,0.7969694,True,high
4732,"Aku coba terapi perilaku kognitif, tapi kok cuma beberapa sesi nggak cukup?",terapi perilaku kognitif beberapa sesi cukup terapi perilaku kognitif butuh beberapa sesi ganggu panik sesi ubah utama sesi kuat lanjut diskusi terap sesuai rencana,-1,10,0.7248614,True,high
4735,"Aku dengar terapi bisa dilakukan dalam 6 sesi, bener nggak?",dengar terapi laku sesi sesi terapi perilaku kognitif efektif hasil kuat sesi lanjut butuh kurang terapi rencana,-1,10,0.7243192,True,high
4742,"Aku pengen coba terapi, tapi takut dianggap gila. Menurutmu gimana?",terapi takut anggap gila turut terapi berani jaga sehat mental dokter badan gila takut hakim terapi privasi dukung putus lanjut,-1,7,0.84135,True,high
4744,Aku takut banget kalau orang-orang tahu aku punya masalah mental. Aku harus cerita ke siapa?,takut tahu mental siapa takut stigma sehat mental percaya profesional terap siap bicarain takut nyaman,-1,7,0.83980477,True,high
4746,Aku cuma mau panic attack ini hilang selamanya. Apa mungkin?,panic attack hilang lama bebas panic attack rang terapi perilaku hilang penting ngatasinnya ganggu hidup bareng,-1,0,0.7589797,True,high
4749,Aku ngerasa panikku bikin aku gagal di hidup. Apa aku bisa sembuh?,ngerasa panik gagal hidup sembuh berat panik gagal panic disorder hidup penuh bahagia tepat terapi coping kecil bareng,-1,0,0.7663798,True,high
4752,Aku takut kalau orang tahu aku punya masalah mental. Apa yang harus aku lakukan?,takut tahu mental laku takut stigma sehat mental ragu mental bukan kurang harga fisik percaya konselor tips obrol udah,-1,0,0.80179524,True,high
4755,Aku takut banget kalau orang tahu aku punya masalah mental. Apa mereka bakal anggap aku aneh?,takut tahu mental anggap aneh takut stigma sendiri alami tantang mental aneh percaya nyaman dengerin ngomongin,-1,7,0.8186053,True,high
4756,Aku nggak mau minum obat buat masalah mentalku. Aku takut ketergantungan. Apa salah kalau aku tolak?,obat mental takut salah tolak khawatir obat penting nyaman pilih obat stabil suasana hati atur dokter diskusiin takut dokter konselor info lengkap dukung putus asal jaga sehat,-1,7,0.87843233,True,high
4757,Aku pengin banget sembuh cepet dari masalah mentalku. Berapa lama sih biasanya?,pengin sembuh cepet mental berapa lama pengin cepet proses pulih butuh beberapa bulan situasi penting udah usaha kecil tidur cukup pengin cepet sembuh,-1,0,0.69822836,True,high
4758,"Aku nggak suka kalau orang bilang aku sakit jiwa. Aku cuma lagi susah aja, kok. Gimana caranya biar orang nggak label aku?",sakit jiwa susah label enak label nyaman jelas rasain sendiri hadap tantang bukan arti sakit dukung,-1,0,0.8242809,True,high
4761,Aku takut banget kalo gejalaku kambuh lagi. Ada cara nggak biar aku nggak kambuh?,takut kalo gejala kambuh kambuh takut enak cegah kambuh cegah kambuh kenal awal susah tidur curiga patuh obat sehat penting dokter terap rencana cegah susun daftar perlu waspada,-1,0,0.75830615,True,high
4762,"Emilia, aku denger suara yang nyuruh aku lakuin hal berbahaya. Aku takut nurutin. Apa yang harus aku lakuin?",denger nyuruh lakuin bahaya takut nurutin lakuin takut denger nyuruh halusinasi bahaya nurutin pertama alihin perhati denger musik ngomong segera dokter terap serius dukung susun kontak,-1,7,0.7667898,True,high
4764,Aku suka kabur dari tempat ramai karena takut diserang. Normal nggak sih?,kabur tempat ramai takut serang takut sampe kabur tempat ramai tahu cemas saranin psikolog hadap situasi ramai takut kecil tempat ramai sebentar percaya,-1,0,0.7771027,True,high
4765,Aku takut kalau aku gila karena denger suara-suara. Apa aku gila?,takut gila denger gila gila denger stres cemas bahkan kondisi sehat mental penting sendiri ngatasin saranin bicara psikolog paham jauh tenang percaya,-1,7,0.8583054,True,high
4766,Aku ngerasa suara-suara itu suruh aku kabur dari orang. Apa aku harus nurut?,ngerasa suruh kabur nurut kuat nurutin malah takut isolasi lawan tetap stay situasi sebentar temen nemenin saranin bicara psikolog ngelola kecil nurutin,-1,0,0.75213176,True,high
4767,Aku ngerasa nggak bisa ngapa-ngapain karena takut diserang. Gimana dong?,ngerasa takut serang takut susah jalanin kecil pergi tempat nyaman bareng percaya saranin psikolog ngelola takut tempat,-1,0,0.7799288,True,high
4768,"Kadang aku dengar suara-suara aneh di kepalaku, dan aku takut banget. Apa ini normal?",dengar aneh kepala takut dengar sumber takut dengerin bukan arti ngalamin rupa terapi konsultasi profesional sehat mental paham info lanjut,-1,0,0.818232,True,high
4776,"Aku nggak mau ke kelompok dukungan kayak AA, soalnya malu. Apa ada cara lain?",kelompok dukung malu kelompok dukung malu siap alternatif konseling pribadi aplikasi sehat mental sendiri temen dekat dukung suatu kelompok anonim percaya,-1,1,0.755268,True,high
4777,"Aku udah coba berhenti minum, tapi selalu gagal. Aku merasa nggak punya harapan lagi.",udah henti gagal harap tahu frustasi udah hasil henti proses kambuh jalan bukan akhir tahu kambuh strategi hindar situasi minta profesional kambuh akhir,-1,0,0.7818894,True,high
4780,"Kadang aku merasa pengen nyoba obat lagi, meskipun aku udah janji buat berhenti. Normal nggak sih?",nyoba obat udah janji henti muncul arti gagal obat proses pulih otak udah obat penting strategi dukung alihin perhati aktivitas nyoba pikirin hadapinnya bareng,-1,0,0.8190721,True,high
4782,"Aku pengen nyoba treatment, tapi aku tinggal di desa, susah banget akses klinik. Ada solusi nggak?",nyoba treatment tinggal desa susah akses klinik solusi paham tinggal desa susah akses treatment program interim buprenorphine rancang sulit klinik alat khusus ngatur dosis obat lewat telepon puskesmas dekat program kendala hadap klinik,-1,1,0.7190076,True,high
4786,Aku pengen nyoba jual obatku biar dapet duit. Itu ide buruk nggak sih?,nyoba jual obat dapet duit jujur risiko jual obat hilang treatment bawa hukum serius tahu uang susah pikirin dapet duit kerja minta sosial jual obat,-1,7,0.78935754,True,high
4789,Aku takut orang tahu aku lagi treatment buat kecanduan. Gimana cara ngatasin rasa takut ini?,takut tahu treatment candu ngatasin takut takut tunjuk peduli privasi cukup percaya khawatir stigma tuju sembuh treatment berani layak bangga butuh tempat curhat hakim,-1,7,0.8413232,True,high
4794,"Aku coba hadapi ketakutan, tapi aku malah minum obat penenang biar nggak panik. Ini salah nggak?",hadap takut malah obat tenang panik salah paham tenang obat tenang hadap takut obat situasi ringan bareng turut,-1,0,0.8168679,True,high
4800,"Aku merasa hubunganku sama pasangan kayak perangkap, aku nggak bisa jadi diri sendiri. Apa yang harus aku lakukan?",pasang perangkap diri sendiri laku jebak berat muncul jebak pola jujur masing masing diri sendiri nyaman bicarain pasang psikolog paham butuh,-1,0,0.8107014,True,high
4802,Aku merasa nggak bisa ngontrol ketakutan aku pas di keramaian. Apa ada cara buat ngatasin ini?,ngontrol takut ramai ngatasin kedengeran berat teknik relaksasi terapi perilaku kognitif pelan pelan hadap takut kewalahan kecil sebentar tempat ramai bareng,-1,8,0.81649685,True,high
4804,"Aku pengen coba terapi, tapi nggak tahu mulai dari mana. Kamu punya saran?",terapi tahu saran senang dengar terapi psikolog terap spesialisasi trauma lewat rekomendasi dokter platform sehat mental contoh terap,-1,1,0.8050922,True,high
4805,Saya punya teman yang mencoba narkoba untuk merasa 'senang'. Apakah itu berbahaya bagi otak?,teman narkoba senang bahaya otak bahaya narkoba heroin kokain sabu rusak mampu memori kendali diri efek permanen henti narkoba timbul candu sosial segera profesional pusat rehabilitasi kondisi narkoba solusi,-1,0,0.69030976,True,high
4809,Apakah jawaban-jawaban ini bisa digunakan untuk dataset finetuning model Emilia yang fokus pada kesehatan mental?,dataset finetuning model sehat mental susun empatik manusiawi realistis hindar toxic positivity tegas beri praktis saran profesional bila perlu tinjau regulasi etika data model klinis,-1,10,0.78124696,True,high
4810,Bagaimana saya tahu kalau saya perlu bantuan profesional dan bukan sekadar teknik self-help?,tahu perlu profesional bukan sekadar teknik self help gejala cemas depresi ganggu fungsi langsung terus terus ganggu mampu kerja jelas profesional teknik self help dukung kondisi serius,-1,1,0.79725236,True,high
4811,Saya tertarik mencoba ginseng untuk mengurangi kecemasan. Aman kah itu?,ginseng kurang cemas dokumen sebut ginseng pengaruh respon hadap stres dukung kognisi suplemen efek periksa label dosis standar sebut beberapa produk kandung ginsenosides konsultasi dokter utama sedang obat milik kondisi medis,-1,12,0.75762945,True,high
4812,Saya sering merasa bingung tentang informasi toksin di internet. Bagaimana memilih sumber yang dapat dipercaya?,toksin internet pilih sumber percaya sumber lembaga sehat resmi publikasi medis pandu perintah hindar klaim sensasional situs jelas ragu suatu produk papar profesional sehat instansi kait,-1,10,0.72225654,True,high
4813,"Saya sedang terapi, apakah wajar meminta teman mengantar?",sedang terapi minta teman antar konkret turun beban mental tunjuk sendiri,-1,0,0.7432709,True,high
4815,"Jika keuangan terbatas, apa sumber daya alternatif?",uang batas sumber daya alternatif manfaat fasilitas gratis grup support aplikasi meditasi gratis jalur sepeda taman pustaka daring,-1,10,0.66211444,True,high
4816,Bagaimana bedakan sakit akut dan kronis agar aku nggak overthinking?,sakit akut kronis overthinking sakit akut datang dadak jelas infeksi sembuh tuntas kronis kembang perlahan faktor gaya hidup butuh manajemen jangka panjang keluh langsung bulan konsultasi evaluasi kronis,-1,0,0.7424915,True,high
4817,Temanku bilang cukup pakai herbal tanpa ke psikolog. Apa aman?,teman cukup herbal psikolog dukung teman harga putus medis ideal bukti herbal konsultasi profesional tangan seluruh masuk terapi bicara obat bila perlu,-1,1,0.7465381,True,high
4818,Aku suka self‑diagnose lewat internet dan malah makin cemas. Tipsnya dong!,self diagnose lewat internet malah makin cemas tipsnya batas sumber situs percaya kemenkes rule three minimal sumber kredibel simpul artikel cemas diskusi profesional bukan simpan sendiri,-1,10,0.76074946,True,high
4819,"Aku terbatas biaya, tapi ingin terapi. Apa ada alternatif murah?",batas biaya terapi alternatif murah puskesmas sedia konseling psikolog gratis murah daring hotline gratis terapi kelompok jangkau efektif,-1,1,0.67377067,True,high
4823,Bagaimana menemukan info layanan psikolog murah di daerahku?,info psikolog murah daerah giat posyandu karang taruna grup facebook lokal umum program sehat mental gratis puskesmas tempat,-1,10,0.6258049,True,high
4830,Bagaimana menyeimbangkan rasa takut agar tidak berlebihan tapi tetap waspada?,imbang takut tetap waspada kolom fakta medis takut banding khawatir data fakta strategi pulih kendali mobilisasi dini,-1,7,0.7229199,True,high
4833,Adakah cara meminta layanan badut medis di RS?,minta badut medis humas psikolog anak beberapa bekerjasama clown doctor jadwal kunjung rutin,-1,1,0.6824113,True,high
4834,Apakah aman menggabungkan jamu herbal dengan obat resep psikiatri?,gabung jamu herbal obat resep psikiatri konsultasi tambah herbal beberapa john wort turun efektivitas antidepresan ssri tingkat risiko serotonin syndrome catat suplemen beri dokter,-1,12,0.7271847,True,high
4840,Apakah PPO worth it untuk terapi kesehatan mental jangka panjang?,worth terapi sehat mental jangka panjang psikolog cocok beri bebas rujuk hitung selisih premi biaya network putus,-1,1,0.73824,True,high
4842,Bagaimana berdiskusi tentang integrative care tanpa membuat dokter tersinggung?,diskus integrative care dokter singgung niat kolaboratif tambah meditasi pijat pulih damping obat dokter harga,-1,1,0.6985126,True,high
4850,Cara menghentikan pikiran katastrofik?,henti katastrofik tantang bukti objektif nyata realistis nyeri fluktuatif strategi kelola,-1,10,0.696265,True,high
4851,Bagaimana mencegah kambuh setelah program rehabilitasi selesai?,cegah kambuh program rehabilitasi daftar awal overuse jadwal pelihara kontak profesional evaluasi bulan strategi tetap relevan,-1,10,0.6985683,True,high
4852,Tips agar tidak lupa jadwal obat nyeri?,tips lupa jadwal obat nyeri aplikasi reminder tempel catat tempat ulang instruksi dokter kata sendiri pulang,-1,3,0.680581,True,high
4856,Bagaimana menyusun rencana perawatan cadangan?,susun rencana awat cadang diskusi dokter kena opsi terapi efek kualitas hidup catat preferensi keluarga paham skenario,-1,12,0.6925514,True,high
4859,Perlukah saya membaca semua data kesembuhan di internet?,perlu baca data sembuh internet cukup paham garis sumber percaya rencana pribadi ingat milik jalan sehat unik,-1,3,0.7327773,True,high
4860,"Saya takut menghadapi penyakit serius, dan merasa nggak bisa ngomong sama siapa-siapa. Bagaimana konseling bisa bantu saya?",takut hadap sakit serius ngomong siapa siapa konseling takut berani ngaku konseling tempat hati takut hakim konselor dengerin takut sedih pandu jalan gelap ajarin teknik relaksasi temuin makna hidup dokter konselor takut dengerin,-1,7,0.8324393,True,high
4863,"Saya ingin bantuan profesional untuk atasi stres, tapi nggak tahu apa yang dilakukan psikolog kesehatan. Apa yang mereka lakukan, dan bagaimana mereka bisa bantu saya?",profesional stres tahu laku psikolog sehat laku keren step psikolog sehat ahli stres kelola sakit ubah sehat suportif ajarin teknik relaksasi paham emosi rencana hidup sehat bayang kuat mental psikolog sakit stres capai,-1,1,0.85904014,True,high
4870,"Saya ingin bantuan profesional untuk atasi stres makan, tapi takut ke dokter. Bagaimana praktisi swasta bisa bantu, dan apa yang bisa saya lakukan?",profesional stres makan takut dokter praktisi swasta laku tahu takut dokter berani luar praktisi swasta psikolog ahli gizi stres makan rencana personal saran diet sehat mental dengar arah dokter ramah rekomendasi temen khawatir kecil catat makan takut siapa rekomendasi,-1,1,0.84240735,True,high
4872,"Saya takut coba detoksifikasi karena minum banyak, dan itu bikin panik. Bagaimana detoksifikasi membantu, dan apa yang bisa saya lakukan?",takut detoksifikasi panik detoksifikasi laku paham takut nyata berani detoksifikasi detoksifikasi tubuh alkohol bawah awas medis kurang gejala tari tenang sehat mental info proses dokter hotline sehat takut temen dekat dukung kurang pelan pelan kuat sembuh panik siapa bicara,-1,0,0.80962455,True,high
4876,"Jika daftar gangguan semakin banyak, bagaimana aku tetap merasa normal dengan perasaanku?",daftar ganggu makin tetap manusia spektrum luas diagnosis alat praktis penting fungsi butuh bukan label,-1,10,0.71866065,True,high
4882,Bisakah aku coba latihan menyelesaikan kalimat untuk mengenal diriku?,kenal diri awal bahagia lanjut spontan refleksi hasil pola muncul bahan diskusi terapi,-1,10,0.7618041,True,high
4883,"Aku pemalu, apakah ikut group therapy bermanfaat bagiku?",malu group therapy manfaat group therapy sedia dukung jawat sendiri fasilitator atur sesuai nyaman,-1,1,0.66141456,True,high
4887,Aku remaja dan pengen terapi. Apa ceritaku bakal diceritain ke orang tuaku?,remaja terapi diceritain remaja privasi psikolog tahu bawah umur tahu kilas kembang terapi psikolog sepakat bahaya nyakitin diri sendiri percaya khawatir terapi dengerin,-1,1,0.8465998,True,high
4888,Apa sih informed consent? Aku bingung sama istilah ini.,informed consent istilah istilah emang teknis informed consent psikolog ngasih tahu terapi tuju berapa biaya batas rahasia sempat jelas pastiin tuju nyaman keren paham penasaran terapi,-1,1,0.84564584,True,high
4889,"Jadi, informed consent itu cuma sekali di awal terapi?",informed consent sekali awal terapi sekali terapi informed consent jalan terus psikolog info iring kenal tuju terapi dekat tahu nentuin jalan kedengeran nyaman mikirin terapi,-1,1,0.81323034,True,high
4890,Apa itu burnout? Aku takut psikologku kena ini.,burnout takut psikolog kena burnout lelah emosional kerja terus terus berat psikolog kurang takut psikolog kena psikolog tahu jaga diri istirahat cukup konseling sendiri kode etik khawatir psikolog penasaran,-1,1,0.8723423,True,high
4891,Gimana psikolog pilih tes yang tepat buat aku?,psikolog pilih tepat pilih penting psikolog atur ketat pilih cocok cemas depresi pastiin masuk umur latar belakang bukti akurat tinggal zaman percaya hasil ngegambarin kondisi penasaran psikologi,-1,1,0.8741863,True,high
4892,Apa risiko ikut penelitian terapi? Aku takut nggak dibantu beneran.,risiko terapi takut beneran takut terapi dapet terapi beneran plasebo masuk daftar tunggu psikolog jelasin awal tahu risiko wajib pastiin rugi mikirin khawatir,-1,1,0.8439469,True,high
4893,Aku pake asuransi buat terapi. Apa ini bikin terapi kurang bagus?,pake asuransi terapi terapi kurang bagus terapi pake asuransi managed care usaha minta psikolog rangin sesi hemat biaya psikolog ngerasa tekan psikolog usaha awat batas psikolog dampak asuransi terapi,-1,1,0.87534076,True,high
4895,Aku mau coba terapi online. Apa risikonya?,terapi risiko terapi praktis tahu risiko beberapa susah jaga rahasia koneksi internet psikolog ekspresi jelas psikolog pake teknologi jelasin batas awal nyaman mikirin terapi ragu,-1,1,0.901919,True,high
4896,Apa yang bakal psikolog jelasin sebelum terapi dimulai?,psikolog jelasin terapi terapi psikolog jelasin paham tuju terapi berapa biaya batas rahasia pihak libat asuransi informed consent tahu keren nyaman awal terapi,-1,1,0.8386719,True,high
4897,Aku takut psikologku kenal keluargaku. Apa itu salah?,takut psikolog kenal keluarga salah mikirin multiple relationships psikolog klien deket klien kenal keluarga salah psikolog hati hati kurang objektif nyakitin ngobrolin awal jelas khawatir takut,-1,1,0.85288906,True,high
4898,Aku takut psikologku capek ngurusin aku. Apa itu burnout?,takut psikolog capek ngurusin burnout psikolog burnout lelah emosional kerja terus berat psikolog kurang kode etik istirahat konseling sendiri psikolog jago jaga diri khawatir takut,-1,1,0.8492812,True,high
4899,Aku pake asuransi buat terapi. Apa ini ngaruh ke perawatan?,pake asuransi terapi ngaruh awat pake asuransi bagus terapi jangkau tahu dampak managed care psikolog ngerasa tekan rangin sesi hemat biaya ngaruh awat psikolog etis usaha batas asuransi,-1,1,0.8526099,True,high
4900,Aku takut nggak ngerti apa yang terjadi di terapi. Gimana caranya tahu?,takut terapi tahu paham terapi makanya informed consent psikolog jelasin tuju terapi biaya batas rahasia keren sekali awal info iring tahu kapan mikirin terapi,-1,1,0.85941017,True,high
4902,Aku takut nggak tahu apa yang bakal terjadi di terapi. Apa yang dijelasin?,takut tahu terapi dijelasin tahu lewat informed consent psikolog jelasin tuju terapi berapa biaya batas rahasia pihak asuransi sempat jelas nyaman awal mikirin terapi,-1,1,0.8446616,True,high
4903,Aku pake asuransi. Apa terapi bakal dibatesin?,pake asuransi terapi dibatesin pake asuransi terapi jangkau takut batas managed care minta psikolog rangin sesi hemat terapi batas psikolog etis usaha awat batas asuransi terapi,-1,1,0.8238917,True,high
4918,Apa itu studi kasus? Berguna nggak buat terapi?,studi kasus terapi studi kasus ngulik situasi unik bagus dekat idiografik spesial terapi picu penasaran terapi,-1,1,0.7480023,True,high
4920,Apa bedanya cross-sectional sama longitudinal? Mana yang lebih baik?,cross sectional longitudinal cross sectional longitudinal ulang ulang cross sectional gampang cepet longitudinal ubah mood terapi psikolog penasaran,-1,-1,0.5663547,False,rejected
4928,Aku takut penelitian analog nggak bener. Apa itu akurat?,takut analog akurat desain analog pake tiru klien mahasiswa susah dapetin klien asli hasil psikolog works nyata perlu khawatir,-1,1,0.73671126,True,high
4929,Aku pengen terapi yang ngerti aku. Apa studi kasus bantu?,terapi studi kasus terapi personal studi kasus ngeliat unik situasi dekat idiografik psikolog works spesifik terapi diri dengerin,-1,1,0.7543436,True,high
4931,Aku pengen tahu terapi works lama-lama. Desain apa yang dipake?,tahu terapi works lama lama desain dipake tahu terapi jangka panjang desain longitudinal ubah mood lama tahun cross sectional snapshot longitudinal detail progres psikolog terapi tahan lama penasaran,-1,1,0.73307216,True,high
4941,Aku pengen terapi yang bantu jangka panjang. Apa longitudinal bantu?,terapi jangka panjang longitudinal terapi tahan lama desain longitudinal ubah mood lama beberapa tahun cross sectional longitudinal psikolog tahu terapi works jangka panjang psikolog penasaran,-1,1,0.6916712,True,high
4942,Aku takut dikira punya gangguan mental. Apa sih definisi gangguan mental di DSM?,takut ganggu mental definisi ganggu mental khawatir label ganggu mental turut ganggu mental pola perilaku susah stres berat susah jalanin hidup ngerasa risiko bukan reaksi pastiin beneran serius ngerasa ganggu psikolog takut,-1,1,0.84891224,True,high
4947,DSM yang pertama kayak apa sih? Beda sama sekarang?,pertama keluar tahun tahun ngandalin dokter dokter senior teori psikoanalisis istilah neurosis terlalu pake data ilmiah jauh detail diagnosis jelas penasaran,-1,1,0.7905295,True,high
4948,Apa yang bikin DSM-III beda sama DSM sebelumnya?,tahun revolusioner pake data daftar gejala spesifik ganggu pake istilah psikoanalisis plus lima sumbu lengkap kondisi mental sehat fisik stres hidup diagnosis akurat tahu diagnosis,-1,1,0.8213048,True,high
4954,Aku takut PMDD bikin aku dikira sakit padahal cuma PMS. Bener nggak?,takut pmdd sakit padahal takut gejala sakit premenstrual dysphoric disorder pmdd diusulin alam perempuan ganggu mental pmdd gejala parah ganggu hidup psikolog hati hati label gejala khawatir,-1,12,0.756474,True,high
4955,Aku takut DSM dipengaruhi politik atau duit. Apa itu bener?,takut pengaruh politik duit khawatir beberapa putus pengaruh politik penting usaha obat bukan data ilmiah makin diagnosis makin obat laku usaha pake ngerasa ragu psikolog proses diagnosis penasaran,-1,1,0.8200349,True,high
4957,Aku takut DSM nggak ngerti pengalamanku. Siapa yang bikin aturannya?,takut alam siapa atur atur task force psikiater kritik model medis kurang agam laki laki kulit putih udah masukin sudut pandang ngerasa alam unik psikolog konteks takut,-1,1,0.8628639,True,high
4961,DSM awal nggak berdasarkan penelitian ya? Kok gitu?,awal tahun tahun ngandalin dokter dokter senior teori psikoanalisis bukan data makanya istilah kabur penuh kata kata neurosis jaman ilmu untung jauh ilmiah diagnosis jelas penasaran,-1,1,0.80075264,True,high
4962,Kenapa DSM-III disebut revolusioner?,sebut revolusioner tahun ubah main pake data bukan daftar gejala jelas ganggu buang istilah psikoanalisis plus lima sumbu ganggu mental sehat fisik stres hidup diagnosis akurat psikolog lengkap tahu,-1,1,0.84877414,True,high
4966,Aku takut PMDD bikin aku dikira lemah. Apa itu bener?,takut pmdd lemah takut gejala lemah premenstrual dysphoric disorder pmdd diusulin kritik alam perempuan ganggu mental pmdd gejala parah bukan psikolog hati hati label gejala takut,-1,12,0.7652995,True,high
4967,Aku takut DSM cuma bisnis obat. Apa itu bener?,takut bisnis obat khawatir penting balik beberapa pengaruh politik usaha obat makin diagnosis makin obat laku usaha pake data ragu psikolog pilih diagnosis penasaran,-1,1,0.82704973,True,high
4994,Aku dengar ada ujian status mental. Apa itu dan buat apa?,dengar status mental penasaran status mental lukas singkat kondisi dipake sakit cepet diagnosis detail psikolog tahu khawatir psikolog tuju penasaran,-1,1,0.8589571,True,high
4997,Aku baru mau coba wawancara psikolog. Apa yang harus aku harapkan?,wawancara psikolog harap keren wawancara turut john norcross marla hedges raymond castle plus wawancara klinis obrol alamin psikolog sejarah hidup nyaman awal degan dengerin,-1,1,0.8217393,True,high
5005,Aku takut ujian status mental bikin aku kelihatan buruk. Apa itu perlu?,takut status mental perlu takut ngerasa lukas status mental cepet kondisi sakit bukan nilai psikolog tahu khawatir tuju takut dengerin,-1,7,0.8375567,True,high
5020,Aku takut otakku bermasalah. Apa tes neuropsikologi bantu?,takut otak neuropsikologi khawatir otak neuropsikologi otak kerja efek cedera kepala sakit alzheimer psikolog saran terapi rencana pulih khawatir psikolog takut dengerin,-1,12,0.82916266,True,high
5027,Aku takut ada masalah sama otakku. Apa tes neuropsikologi perlu?,takut otak neuropsikologi perlu takut otak neuropsikologi otak kerja cedera kepala khawatir sakit otak susah psikolog saran terapi khawatir psikolog perlu takut dengerin,-1,12,0.8225304,True,high
5028,Aku takut HRB terlalu lama. Apa bener bantu otakku?,takut terlalu lama otak khawatir durasi panjang delapan tuju detail rusa otak psikolog rencana awat khawatir psikolog proses takut dengerin,-1,1,0.84003735,True,high
5036,Anakku remaja takut dites MMPI-A. Apa tes ini cocok buat dia?,anak remaja takut mmpi cocok khawatir anak robert archer mmpi khusus remaja tahun sekolah keluarga temen relevan psikolog anak alamin ngerasa aneh khawatir psikolog takut dengerin,-1,1,0.8338034,True,high
5043,Aku takut TAT bikin aku ngerasa nggak nyaman. Apa tes ini perlu?,takut ngerasa nyaman perlu takut enak leopold bellak minta jelas psikolog ngungkap keluar khawatir psikolog nyaman takut dengerin,-1,7,0.84861577,True,high
5052,Aku takut MMPI-A bikin anakku stres. Apa tes ini aman buat remaja?,takut mmpi anak stres remaja khawatir anak robert archer mmpi khusus remaja tahun alami sekolah temen psikolog anak rasain stres khawatir psikolog takut dengerin,-1,1,0.8283763,True,high
5070,Aku dengar psikolog harus lulus ujian buat praktek. Ujian apa itu?,dengar psikolog lulus praktek psikolog lisensi lulus nama examination professional practice psychology eppp ngetes tahu psikologi teori sampe klien khusus negara hukum etika praktik sana disiapin profesional keren betapa serius siapin diri,-1,1,0.86729926,True,high
5073,Aku dengar psikolog sering ngelakuin terapi. Kayak apa sih itu?,dengar psikolog ngelakuin terapi psikoterapi inti arah hadap paham diri sendiri hampir psikolog klinis ngelakuin terapi individu psikolog hati hati dengerin sudut pandang solusi kedengeran resah denger,-1,1,0.84380066,True,high
5077,Aku merasa sering cemas akhir-akhir ini. Apa psikologi klinis bisa bantu?,cemas akhir akhir psikologi klinis denger cemas enak psikologi klinis psikolog klinis paham cemas lewat teknik khusus tenang temen paham judge cemas dengerin,-1,1,0.8503256,True,high
5078,Aku merasa hidupku nggak seimbang. Apa psikolog klinis bisa bantu aku?,hidup imbang psikolog klinis kedengeran ngerasa hidup oleng psikolog klinis imbang emosi hidup pake dekat ilmu kecil hidup nyaman ngerasa imbang,-1,1,0.79555666,True,high
5089,"Aku merasa cemas, tapi nggak yakin ini serius. Ke psikolog klinis atau konseling?",cemas yakin serius psikolog klinis konseling cemas nyaman peduli berapa serius psikolog klinis konseling cemas cukup ganggu aktivitas psikolog klinis tangan berat cemas karir putus hidup psikolog konseling cocok detail cemas,-1,1,0.8387117,True,high
5091,Aku sering merasa sendiri. Apa psikolog klinis bisa bantu aku nggak kesepian?,sendiri psikolog klinis sepi sepi berat senang psikolog klinis paham ngerasa sendiri pola sepi diri sendiri ilmu dekat didenger nyaman ngerasa sepi,-1,1,0.8220737,True,high
5118,Apa hubungannya cara bayar terapi sama kualitas terapi?,bayar terapi kualitas terapi bayar terapi emang ngaruh bayar pake asuransi managed care usaha campur nentuin berapa lama terapi jalan minta lapor detail psikolog ngerasa kurang bebas putus bayar sendiri fleksibel mahal plus minus mikirin terapi bayar,-1,1,0.8263955,True,high
5119,Kenapa psikolog nggak suka sama managed care?,psikolog managed care psikolog ngerasa managed care kerja susah usaha asuransi batas minta lapor bayar rendah nolak terapi turut psikolog penting susah terapi klien ngerasa kekang mikirin terapi tahu asuransi,-1,1,0.88700086,True,high
5122,Aku dengar sekarang terapi bisa online. Itu kayak apa sih?,dengar terapi keren teknologi terapi lewat call zoom bahkan chat email situs khusus psikolog dateng kantor terapi gampang akses tinggal jauh sibuk kedengeran praktis mikirin terapi penasaran,-1,1,0.8060397,True,high
5123,Apa manfaat terapi pake teknologi buat orang kayak aku?,manfaat terapi pake teknologi terapi pake teknologi pintu masuk tinggal tempat jauh psikolog susah teknologi psikolog lewat chat murah ngerasa nyaman anonim sehat mental deket mikirin terapi obrolin,-1,1,0.85058475,True,high
5125,Apa yang bikin terapi online tetap aman buat klien?,terapi tetap klien nanya penting terapi american psychological association tahun udah atur etik khusus psikolog pastiin data pake enkripsi tahu risiko manfaat terapi siap tangan situasi darurat jarak jauh usaha ngerasa nyaman mikirin terapi khawatir,-1,1,0.8947958,True,high
5133,Aku mau coba terapi tapi pake asuransi. Apa yang harus aku tahu?,terapi pake asuransi tahu keren mikirin terapi pake asuransi managed care bagus murah usaha asuransi campur nentuin berapa sesi minta lapor kondisi terapi batas bayar sendiri bebas mahal penting psikolog mikirin,-1,1,0.8464024,True,high
5135,"Aku tinggal di desa, susah ketemu psikolog. Bisa nggak terapi online bantu?",tinggal desa susah psikolog terapi tinggal desa emang susah akses kabar terapi psikolog lewat call chat gampang daerah pencil plus murah nyaman mikirin terapi obrolin,-1,1,0.80532813,True,high
5136,Aku cemas banget akhir-akhir ini. Apa terapi online bisa bantu?,cemas akhir akhir terapi cemas tenang senang kabar terapi masuk pake komputer manjur cemas terapi tatap muka lewat call program khusus hasil bagus gampang cemas denger,-1,1,0.7721956,True,high
5138,Aku takut psikolog cuma jadi penutup resep doang. Apa risiko itu nyata?,takut psikolog tutup resep doang risiko nyata khawatir masuk akal takut psikolog resep obat ketimbang inti psikologi klinis terus risiko industri farmasi pengaruh promosi obat makanya debat psikolog jaga esensi terapi mikirin sehat mental khawatir,-1,1,0.8802096,True,high
5141,Aku cuma bisa bayar terapi pake asuransi. Apa risikonya?,bayar terapi pake asuransi risiko pake asuransi terapi bagus jangkau beberapa perlu tahu usaha asuransi ngatur berapa lama terapi jalan minta lapor kondisi psikolog ngerasa kurang bebas terapi banding bayar sendiri mending psikolog dampak mikirin,-1,1,0.8433008,True,high
5142,Aku tinggal di tempat terpencil dan susah ke psikolog. Apa teknologi bisa bantu?,tinggal tempat pencil susah psikolog teknologi tinggal tempat pencil emang susah untung teknologi terapi gampang psikolog lewat call chat program rancang jauh sehat mental plus murah mikirin terapi,-1,1,0.8412665,True,high
5143,Aku sering panik tanpa sebab. Apa terapi online bisa bantu?,panik terapi panik kabar terapi masuk pake komputer manjur ganggu panik terapi tatap muka lewat call program khusus hasil bagus gampang panik rasain denger,-1,1,0.78791153,True,high
5146,Aku pengen terapi tapi cuma bisa pake asuransi. Apa yang perlu aku perhatiin?,terapi pake asuransi perlu perhatiin pake asuransi terapi bagus jangkau tahu usaha asuransi ngatur nentuin berapa sesi minta lapor kondisi terapi banding bayar sendiri psikolog dampak awat mikirin terapi,-1,1,0.8201733,True,high
5147,Aku di daerah susah akses layanan kesehatan. Apa terapi online solusi?,daerah susah akses sehat terapi solusi tinggal daerah susah akses frustrasi terapi solusi keren psikolog lewat call chat program khusus jauh sehat mental plus murah nyaman mikirin terapi,-1,1,0.79126143,True,high
5149,Apa DSM-IV ngerti budaya yang beda-beda?,buku dipake psikolog diagnosis udah masukin info usia gender ngaruh ganggu mental plus daftar sindrom khusus kelompok psikolog sudut mikirin sehat mental bahas,-1,1,0.7918877,True,high
5151,Kenapa psikolog harus tahu budaya mereka sendiri?,psikolog tahu sendiri keren psikolog paham sendiri nilai bias ngaruh klien judge terapi adil ngerasa terima mikirin terapi dengerin,-1,1,0.8522924,True,high
5155,Apa psikolog harus ketemu orang dari budayaku biar bisa bantu?,psikolog wajib beberapa program psikologi dorong psikolog alam langsung lewat kerja klinis latar belakang pandang lewat buku penasaran terapi,-1,1,0.8197256,True,high
5159,Aku pengen psikolog yang ngerti budayaku. Apa yang mereka lakuin?,psikolog lakuin psikolog paham derald wing david kompetensi psikolog paham sendiri pake terapi cocok nilai nilai dengerin sudut pandang psikolog bahas dengerin,-1,1,0.8789265,True,high
5168,Aku pengen terapi yang ngerti budayaku. Apa yang bikin psikolog kompeten?,terapi psikolog kompeten terapi nyambung derald wing david psikolog kompeten paham sendiri pake dekat terapi sesuai nilai nilai ngerasa erti psikolog bahas dengerin,-1,1,0.8945802,True,high
5172,Aku merasa kesepian meski ada orang di sekitarku. Kenapa ya?,sepi sepi jumlah koneksi percaya giat sesuai kecil ubah terus psikolog paham,-1,0,0.78492224,True,high
5175,"Aku nggak yakin apa aku perlu metode penelitian untuk masalahku, apa saranmu?",yakin perlu metode saran butuh metode formal cukup catat rasain arah metode introspeksi kuesioner kenal diri penting nyaman yakin,-1,10,0.7839464,True,high
5180,Aku takut wawancara bikin aku grogi. Ada tips nggak supaya aku lebih santai?,takut wawancara grogi tips santai grogi wawancara serius perlahan tahan keluar bayang wawancara temen penasaran tekan butuh sebentar tenang paham,-1,0,0.804181,True,high
5182,Aku dengar tes psikologi itu standar. Apa artinya buatku kalau aku ikut tes?,dengar psikologi standar arti psikologi standar arti tugas rancang adil banding antar arti hasil beri mampu karakter berapa cepat pecah penting jangan terlalu khawatir hasil usaha jujur,-1,10,0.77632815,True,high
5183,Aku takut hasil tes psikologi menunjukkan sesuatu yang buruk tentangku. Gimana caranya supaya nggak panik?,takut hasil psikologi tunjuk panik takut hasil ingat bukan menjudge alat paham diri bukan khawatir tuju hasil proses jujur anggap sempat kenal diri sendiri,-1,0,0.80841506,True,high
5188,Kenapa ditolak rasanya seperti dunia runtuh? Apa ini normal?,tolak runtuh otak rancang reaksi kuat hadap tolak arti hilang penting tahan hidup ingat tolak definisi nilai diri laku tenang jalan jalan dengar musik percaya beban ringan,-1,0,0.8329715,True,high
5189,"Aku sering kesepian, tapi takut perasaanku ini nggak valid. Gimana cara menghadapinya?",sepi takut valid hadap valid sepi nyata buku catat ingat diri lakuin senang jalan jalan denger musik siap kecil hati ringan,-1,0,0.8486544,True,high
5191,"Aku lagi berduka, tapi nggak tahu cara yang tepat buat ngelupain kesedihan. Ada saran?",duka tahu tepat ngelupain sedih saran tepat duka sendiri nyaman duduk taman dengar musik nulis jurnal diri sedih buru buru ngelupainnya stuck dengerin hakim lang,-1,0,0.8204291,True,high
5192,Aku merasa hancur setelah kehilangan seseorang. Gimana cara mulai pulih?,hancur hilang pulih tahu hilang harap kecil nyaman duduk tempat favorit dengar tenang beri diri izin sedih lakuin sederhana makan atur jalan pagi berat dengerin pulih butuh sendiri jalan,-1,0,0.82475287,True,high
5193,"Aku lagi sedih banget karena kehilangan, tapi nggak tahu cara nenangin diri. Apa yang bisa dicoba?",sedih hilang tahu nenangin diri sedih peluk bantal dengar musik pelan nulis hati perlu buru buru sembuh tenang jalan jalan alam hangat berat suportif hadap sendiri,-1,0,0.8511392,True,high
5195,Aku kecewa karena musisi favoritku bikin lagu jelek. Rasanya nggak sesuai ekspektasi. Gimana caranya biar nggak sedih?,kecewa musisi favorit jelek sesuai ekspektasi sedih kecewa idola bete pisahin fakta cocok selera bukan arti karirnya hancur inget ngefans happy denger musisi playlist nikmat musik,-1,0,0.78897166,True,high
5196,Aku sering sakit kepala kalau stres soal kerja. Apa yang bisa aku lakuin biar nggak gitu?,sakit kepala stres kerja lakuin sakit kepala stres enak stres tutup mata tenang musik jalan kaki rangin kafein istirahat kerja catat kapan sakit muncul tahu picu kecil sore,-1,0,0.832724,True,high
5199,"Aku merasa sering ‘ngidam’ kenyamanan, normal nggak sih?",ngidam nyaman melanie klein sejak dorong nyaman lapar butuh peluk sederhana tenang diri dengar musik favorit hangat penuh butuh nyaman,-1,0,0.78503585,True,high
5200,"Aku merasa lelet banget akhir-akhir ini, apa yang bisa aku lakukan biar lebih berenergi?",lelet akhir akhir laku energi paham tenaga tubuh butuh butuh makan sehat istirahat cukup fungsi cukup makan gizi tidur tidur awal,-1,3,0.75544083,True,high
5202,"Aku merasa hidupku monoton, gimana caranya biar lebih bersemangat?",hidup monoton semangat hidup monoton lesu bahagia indah kecil senyum matahari pagi kopi enak harga hidup,-1,0,0.74407136,True,high
5203,Saya ingin lingkungan yang lebih mendukung kesehatan mental. Bagaimana cara menciptakannya?,dukung sehat mental cipta sehat luar albert bandura ubah cipta sudut tenang tanam musik relaksasi dekat positif suportif ubah kecil ruang tenang,-1,0,0.7498677,True,high
5204,Saya sering merasa pikiran saya kacau. Bagaimana cara menenangkannya?,kacau tenang kacau capek jelas nyaring masuk terlalu masuk teknik sederhana lama detik tahan detik keluar detik tenang paling ganggu keluar,-1,0,0.7706139,True,high
5205,Saya merasa kehabisan tenaga mental. Apa yang bisa membantu?,habis tenaga mental hilang tenaga mental berat solusi energi psikis bahan bakar habis ulang istirahat aktivitas senang dengar musik jalan taman batas stres media sosial kecil segar,-1,0,0.7390629,True,high
5206,Saya sering bingung antara ingin sosial atau menyendiri. Apa yang harus saya lakukan?,sosial sendiri laku tunjuk sedang jajah sisi diri kaya oposisi diri ekstraversi introversi dengar butuh tenang nikmat sendiri buku musik koneksi teman santai pola lama minggu imbang,-1,0,0.83607715,True,high
5207,Saya merasa kehabisan energi mental. Apa yang bisa saya lakukan?,habis energi mental laku hilang energi mental berat bangkit energi psikis bahan bakar habis ulang istirahat aktivitas senang dengar musik jalan jalan alam batas stres scrolling media sosial terlalu lama kecil segar,-1,0,0.797159,True,high
5209,"Saya selalu merasa lelah meski tidak sibuk. Apakah ini neurasthenia, dan apa yang bisa saya lakukan?",lelah sibuk neurasthenia laku lelah berat sendiri karen horney neurasthenia lelah mental fisik fisik jelas kait cemas pola tidur makan cukup istirahat nutrisi luang aktivitas ringan jalan kaki meditasi lelah pola kecil tambah energi,-1,12,0.758308,True,high
5227,"Aku sering merasa khawatir tentang hidupku secara keseluruhan, rasanya semua serba nggak pasti. Gimana caranya aku bisa lebih tenang?",khawatir hidup seluruh serba tenang paham khawatir penuh nali khawatir buku catat pilih paling kendali kecil jalan kaki dengar musik favorit rileks berat temen dekat teknik detik tahan keluar perlahan ringan,-1,3,0.82559836,True,high
5228,"Aku sadar khawatirku bikin aku capek banget, baik pikiran maupun fisik. Tapi susah banget ngatasinnya. Ada saran apa?",khawatir capek maupun fisik susah ngatasinnya saran tahu khawatir nyedot energi teknik sederhana khawatir muncul tahan keluar perlahan hati khawatir pilih lakuin rencana kecil badan capek istirahat dengar musik santai dekat lega pelan pelan,-1,0,0.8516135,True,high
5232,"Aku ngerasa hidupku penuh tekanan, pengen rileks tapi bingung caranya. Apa aktivitas yang bisa aku coba?",ngerasa hidup penuh tekan rileks aktivitas tekan hidup emang capek sederhana temen dekat perlu serius lucu rencana weekend aktivitas jalan kaki taman yoga youtube tubuh santai luangin lama udah lama sentuh denger musik pilih paling gampang lakuin layak istirahat,-1,0,0.82894325,True,high
5233,"Aku sayang banget sama pacarku, tapi orang tuaku nggak setuju. Aku stres mikirin ini. Gimana caranya biar nggak cemas terus?",sayang pacar tuju stres mikirin cemas terus situasi berat saranin pasang rencana depan hadap bareng pelan pelan sisi pasang tahu jaga lakuin aktivitas rileks denger musik olahraga ringan ingat sendiri kecil pasang kuat,-1,0,0.8369713,True,high
5237,"Aku notice aku jadi gampang kesal kalau di rumah, tapi nggak di luar. Kenapa ya perilakuku beda gitu?",notice gampang kesal luar perilaku jeli ubah perilaku psikologi perilaku ubah situasi tegang bising ekspektasi keluarga kesal ciptain zona tenang denger musik favorit situasi tahu picu,-1,0,0.792269,True,high
5238,Aku gampang banget terganggu kalau lagi kerja di tempat rame. Gimana caranya biar aku lebih fokus?,gampang ganggu kerja tempat rame tempat rame otak pasar penuh ganggu psikologi otak gampang stimulus tonjol lalang ciptain zona headphone musik instrumental sudut tenang atur kerja pendek istirahat suasana tempat kerja trik ngatasin ganggu,-1,0,0.7497101,True,high
5240,"Aku ngerasa stres kalau nggak cek HP setiap saat, apa ini normal?",ngerasa stres terlalu terus matiin notifikasi ninggalin tempat aktivitas tenang,-1,11,0.72118783,True,high
5241,"Aku merasa nggak punya waktu buat diri sendiri, apa itu normal?",diri sendiri ngalamin penting diri sendiri sisih baca jalan santai segar,-1,0,0.722613,True,high
5242,"Pernah nggak sih ngerasa hidup ini cuma buat sabar terus, capek banget?",ngerasa hidup sabar terus capek sabar terus terus emang lelah beban ringan tetap tuju kecil giat senang jalan jalan temen sabar berat kuat perlu dengerin,-1,0,0.78349006,True,high
5244,"Aku ngerasa nggak sabaran banget, pengen semua cepet selesai. Gimana caranya biar lebih tenang?",ngerasa sabar cepet tenang sabar tekan nikmat momen kecil kopi denger burung hasil butuh buru buru,-1,0,0.7986971,True,high
5249,"Aku pengen jadi orang yang lebih santai, tapi kok susah banget?",santai susah santai proses kecil stres beberapa luang ketawa berat susah santai pikirin bareng,-1,0,0.8102424,True,high
5250,"Aku ngerasa orang lain selalu lebih hebat dari aku, gimana caranya biar nggak gitu?",ngerasa banding emang capek udah capai kecil diri sendiri senyum nilai ngerasa obrolin bareng,-1,11,0.7724947,True,high
5255,"Aku ngerasa hidupku nggak ada artinya, apa yang salah sama aku?",ngerasa hidup arti salah muncul capek hilang arah salah kecil senang denger musik jalan taman berat percaya perspektif,-1,0,0.84044194,True,high
5257,"Kalau aku nggak punya temen buat cerita, apa yang bisa aku lakukan biar nggak stres?",temen laku stres berat tempat dukung penting kurang stres teman aktivitas rileks jurnal meditasi jalan jalan alam gabung grup perlahan teman dengerin,-1,0,0.81829095,True,high
5258,"Aku ngerasa hidupku flat, nggak buruk tapi nggak bahagia juga. Ini kenapa ya?",ngerasa hidup flat bahagia kedengeran fase languishing hidup semangat kecil excited temen neng,-1,0,0.7523342,True,high
5259,Aku pengen nyanyi keras-keras di tengah malam biar stresku hilang. Boleh nggak?,tengah stres hilang haha ngelepasin emosi tengah tetangga protes siang dengar musik pake earphone stres berat jurnal olahraga stres,-1,0,0.769902,True,high
5262,Kenapa aku lebih sering merasa sedih ketimbang temen-temenku?,sedih ketimbang temen temenku respons hidup sedang hadap tekan kerja sedih valid luang senang dengerin musik jalan jalan sedih dekat,-1,0,0.75032926,True,high
5263,"Aku sering merasa capek banget meskipun nggak ngapa-ngapain, kenapa ya?",capek capek fisik kait sehat mental depresi stres kurang motivasi energi emosional aktivitas kecil semangat jalan pagi langsung lama perlu dokter psikolog,-1,0,0.78293407,True,high
5264,"Emilia, aku merasa nggak punya energi buat ngapa-ngapain. Ini kenapa ya?",energi kurang energi datang stres kurang tidur butuh istirahat mental kecil putih jalan kaki sebentar langsung lama dokter konselor semangat,-1,0,0.8147099,True,high
5265,Aku merasa nggak punya waktu buat diri sendiri. Apa yang harus aku lakukan?,diri sendiri laku capek diri sendiri sisih lakuin baca denger musik charge energi sibuk,-1,0,0.79505837,True,high
5266,"Emilia, aku merasa stres banget karena orang tuaku sering bertengkar. Apa yang bisa aku lakukan?",stres tengkar laku tahu berat tengkar tempat tenang tenang diri dengar musik nyaman salah dewasa percaya butuh temen,-1,0,0.86185294,True,high
5267,"Emilia, aku ngerasa lingkungan rumahku bikin aku nggak bisa konsentrasi belajar. Apa yang harus aku lakukan?",ngerasa konsentrasi laku dukung tempat tenang pustaka sudut sepi earphone bising jadwal atur susah guru konselor dukung,-1,0,0.7966573,True,high
5268,Aku ngerasa hidupku nggak adil karena keluargaku susah. Gimana caranya aku tetap semangat?,ngerasa hidup adil keluarga susah tetap semangat hidup adil kuat kecil senang dengerin musik temen tuju arah ingetin,-1,0,0.8130749,True,high
5270,Aku ngerasa nggak ada yang peduli sama masalahku. Apa aku harus minum obat biar nggak sedih?,ngerasa peduli obat sedih tahu berat ngerasa sendiri obat ngerasa kurang dengar sedih dengerin bareng kecil,-1,0,0.749863,True,high
5272,"Aku ngerasa hidupku nggak bakal pernah membaik, apa gunanya coba terus?",ngerasa hidup terus tahu berat cahaya ujung terowongan kecil ubah duga ngomong konselor jalan jalan dengerin musik nemenin stuck,-1,0,0.7559987,True,high
5274,Aku ngerasa hidupku nggak ada artinya. Gimana caranya biar semangat lagi?,ngerasa hidup arti semangat berat dengerin kecil makan makan favorit dengerin musik kecil nyalain semangat neng,-1,0,0.7596996,True,high
5275,Aku ngerasa capek ngadepin hidup. Apa ini cuma fase?,ngerasa capek ngadepin hidup fase ngerasa capek ngadepin hidup berat fase butuh istirahat dukung ngerasa capek hidup ringan,-1,11,0.68196595,True,high
5278,"Aku suka ngecek ponsel tiap cemas, biar pikiranku teralihkan. Apa ini oke?",ngecek ponsel cemas ngecek ponsel ngalihin cemas hasil lupa cemas sebentar balik terlalu perhati ngecek ponsel tenang malah tambah gelisah nyata jalan kaki sebentar ajarin,-1,0,0.77378017,True,high
5280,"Kadang aku merasa khawatir terus-terusan, kayak nggak bisa berhenti. Itu normal nggak sih?",khawatir terus terus henti diam khawatir fungsi antisipasi bahaya ganggu perhatiin khawatir perlu diri sendiri ancam nyata susah alihin dengerin musik jalan jalan rileks,-1,0,0.83819497,True,high
5281,"Aku ngerasa sedih terus, tapi aku nggak mau orang tahu. Gimana caranya biar nggak ketahuan?",ngerasa sedih terus tahu tahu sedih denger ngerasa sembunyi sedih berat tambah capek simpan sendiri sehat percaya rasain tahu ngeluarin sedih dengar musik,-1,0,0.7785586,True,high
5287,"Aku pengen lebih aktif, tapi rasanya susah banget buat mulai. Gimana caranya?",susah senang denger awal susah super kecil resin meja jalan tempat denger pilih paling gampang terus bareng,-1,6,0.72744656,True,high
5292,Aku pengen nangis terus tiap inget kehilanganku. Aku takut kalau nangis bakal bikin aku tambah down. Apa aku harus tahan aja?,nang terus inget hilang takut nang tambah down tahan nang alami tubuh ngeluarin sakit perlu tahan justru diri emosi lega awal berat temenin nang tenang dengerin musik lembut peluk bantal sayang overwhelming nyaman,-1,0,0.85003334,True,high
5294,"Aku pengen nyanyi lagi, tapi tiap buka lagu, aku malah inget kehilanganku. Aku harus stop nyanyi nggak?",malah inget hilang stop perlu stop pilih terlalu emosional upbeat instrumental susah bareng temen tempat rileks kenang terus muncul terap nikmat beban,-1,0,0.8422226,True,high
5297,Aku pengen cuma minum alkohol biar nggak sedih. Itu oke nggak?,alkohol sedih sedih alkohol numb dengerin musik nulis rasain sedih,-1,0,0.7078558,True,high
5301,Aku merasa nggak punya energi buat nulis atau melakukan apa-apa. Rasanya cuma pengen di depan TV. Normalkah ini?,energi nulis laku depan dengar stuck berat energi sedang hadap tekan bukan arti tahu begini kecil senang situ baca halaman buku jalan jalan sebentar luar,-1,0,0.83399266,True,high
5308,"Kadang aku ngerasa kosong banget, kayak nggak bisa nikmatin apa-apa. Gimana caranya biar aku bisa ngerasa ‘hidup’ lagi?",ngerasa kosong nikmatin ngerasa hidup kosong berat struggle emosi koneksi diri sendiri kecil senang datar nonton film favorit jalan taman langsung ngerasa hidup lakuin,-1,0,0.8054431,True,high
5311,"Aku pengen coba sesuatu biar nggak kepikiran hal-hal negatif, ada saran?",negatif saran bagus pikirin giat lupa main alat musik bahkan resep masakan negatif datang diri sendiri bareng ngatasin,-1,0,0.78046477,True,high
5313,"Aku merasa suara-suara ini nyata banget. Aku harus percaya, kan?",nyata percaya paham nyata sisi bukti nyata dukung senang dengar musik favorit,-1,0,0.71665096,True,high
5314,Aku suka ngomong sama suara-suara itu. Apa ini buruk?,ngomong lama stres kurang interaksi perhati giat dengerin musik fokusin,-1,0,0.7737186,True,high
5315,Aku suka ngelakuin hal berulang-ulang biar suara-suara ini berhenti. Apa ini salah?,ngelakuin ulang ulang henti salah laku ulang ulang kurang stres capek perhati giat senang dengar favorit pelan pelan,-1,8,0.8181281,True,high
5316,Aku takut banget kalau dengar suara-suara itu lagi. Apa yang bisa aku lakuin?,takut dengar lakuin takut dengar musik laku kurang takut muncul saranin bicara profesional strategi spesifik aktivitas rileks,-1,0,0.8216082,True,high
5319,Aku minum banyak pas lagi sedih. Apa yang salah sama aku?,sedih salah salah sedih lari alkohol pilih cepet sedih nyaman dengerin musik nulis jurnal temen sedih profesional kelola emosi sedih,-1,0,0.838153,True,high
5321,Aku merasa hidupku nggak akan lebih baik meskipun aku berhenti minum. Buat apa coba?,hidup henti dengar putus berat bayangin ubah henti jalan bayang sehat stabil kecil catat rasain kecil hidup,-1,5,0.8376843,True,high
5325,Aku merasa nggak berguna karena nggak bisa melakukan hal-hal seperti dulu. Gimana caranya aku nggak merasa gini?,laku paham berat tubuh tetap nilai kuat bentuk kecil nikmat dengar musik obrol teman percaya diri,-1,0,0.7426272,True,high
5326,"Aku sering banget kepikiran soal sakitku, sampai nggak bisa fokus ke hal lain. Apa yang bisa aku lakukan?",sakit laku terus terus sakit capek salah teknik distraksi laku aktivitas ringan dengar podcast,-1,0,0.8141973,True,high
5328,Kadang aku merasa nggak ada gunanya ngomongin perasaanku. Buat apa sih?,ngomongin tahu buang buang ngomongin jendela ruang pengap lega berat buku aplikasi catat dengerin sesak,-1,3,0.766277,True,high
5330,"Aku sering lupa istirahat pas kerja, eh malah nyeri. Gimana caranya ingat?",lupa istirahat kerja malah nyeri ingat gampang lupa istirahat setel alarm ponsel ingetin jeda jenak teknik pacing kerja istirahat lupa istirahat,-1,3,0.792522,True,high
5333,Aku ngerasa nggak pantas bahagia setelah apa yang aku alamin. Gimana caranya move on?,ngerasa pantas bahagia alamin move pantas muncul trauma bahagia kecil nikmatin kopi pagi jalan taman diri sendiri perlu buru buru kecil neng,-1,0,0.8017522,True,high
5335,Aku sering merasa kosong dan nggak punya semangat. Apa ada aktivitas ringan yang bisa bikin aku lebih hidup?,kosong semangat aktivitas ringan hidup kosong berat butuh aktivitas sederhana otak sekaligus senang main ping pong olahraga tubuh otak sekaligus seru tenang baca novel baca beri otak alam perspektif hibur penting giat hadir hidup,-1,0,0.8157598,True,high
5336,Bagaimana cara mulai menulis syukur agar terasa nyata dan tidak klise?,syukur nyata klise detail konkret lima spesifik kopi hangat pagi pesan singkat teman hindar frasa umum kecil nyata mudah,-1,10,0.7320849,True,high
5337,Bernyanyi apakah benar membantu orang dengan masalah memori seperti demensia?,memori demensia lapor tunjuk memori sulit akses lewat musik emosi ingat jalan ingat tenang,-1,3,0.81444824,True,high
5338,"Aku sering merasa terjebak di pikiran sendiri, kayak overthinking gitu. Ada cara supaya aku bisa lebih menikmati hidup?",jebak sendiri overthinking nikmat hidup salah masuk kondisi flow larut aktivitas bahkan rapi kamar dengar musik flow otak hasil hormon rileks bahagia pilih aktivitas tantang sesuai mampu tetap stres,-1,0,0.8216083,True,high
5339,Apakah mendengarkan musik bisa membuat saya jadi lebih pintar?,dengar musik pintar musik suasana hati bukti kuat dengar musik cerdas tingkat permanen musik semangat tenang manfaat nyata jangan harap musik obat ajaib cerdas,-1,0,0.747926,True,high
5341,Saya sering melamun dan merasa ini satu-satunya cara saya 'istirahat' dari pikiran yang terus berputar. Apakah melamun itu benar-benar membantu?,lamun istirahat terus putar lamun lamun bentuk istirahat mental alami laku sengaja beri ruang liar nilai luang sendiri tempat tenang pejam mata beri izin main paksa lamun hindar penting tunda tugas hindar berat perlu tangan bukan puji konkret hadap sebut,-1,3,0.78697103,True,high
5342,Saya sulit duduk diam. Ada versi singkat?,sulit duduk diam versi singkat mindful mute detik sensasi lubang hidung pasang timer terpa,-1,9,0.64417386,True,high
5343,Aku antri BPJS berjam‑jam bikin tambah stres. Saran?,antri bpjs tambah stres saran opsi daftar datang sepi pagi sekali bawa buku musik relaksasi tetap tuju awat penting sejahtera jangka panjang,-1,0,0.798635,True,high
5345,Apakah playlist tertentu bisa membantu mengurangi stres?,playlist kurang stres pilih musik tempo lambat genre klasik instrumental akustik dengar atur efek relaksasi maksimal,-1,12,0.62400705,True,high
5346,Target apa yang realistis bagi saya saat ini?,target realistis pilih sederhana makna buku favorit bulan rawat tanam mini tuju kecil beri capai sejuk,-1,3,0.71902883,True,high
5347,Bagaimana tetap merasa mandiri dengan kondisi ini?,tetap mandiri kondisi identifikasi kontrol pilih playlist musik kunjung teman kendali kecil beri mandiri penting,-1,10,0.73614013,True,high
5353,"Aku sering merasa nggak siap buat ujian, padahal udah belajar. Ini kenapa ya?",siap padahal udah siap tekan nyaman baca buku cukup ajarin temen siap materi mental rileks dengerin musik pede,-1,0,0.78080136,True,high
5354,Aku merasa lingkunganku bikin susah fokus belajar. Apa yang bisa aku ubah?,susah ubah ngaruh tempat tenang sudut terlalu ramai bising earplug musik instrumental atur suasana sepi dukung susah,-1,0,0.72472143,True,high
5356,Aku merasa susah buat tenang pas lagi stres. Ada saran?,susah tenang stres saran stres tenang teknik sederhana lama detik tahan detik keluar detik ulang beberapa aktivitas ringan dengerin podcast stres datang tahu picu rileks,-1,0,0.81071705,True,high
5358,"Aku merasa sedih banget, tapi nggak tahu kenapa. Apa yang salah denganku?",sedih tahu salah salah sedih muncul alas jelas perhati tubuh lemas jantung pelan luang istirahat laku kecil dengerin musik jalan jalan sedih langsung lama peduli,-1,0,0.8733636,True,high
5359,"Aku pengen lebih aktif, tapi kok rasanya susah banget, ada saran?",susah saran susah butuh picu kecil gerak jalan kaki dengar musik giat penasaran tubuh pengaruh kecil rutin mood diri sendiri kecil laku,-1,0,0.8166355,True,high
5361,"Aku merasa nggak punya energi buat ngelakuin apa-apa, kenapa ya?",energi ngelakuin energi datang kurang istirahat stres yakin tuju tubuh cukup istirahat makan gerak butuh perhati lakuin kecil senang dengar musik jalan sebentar berat dekat profesional stuck,-1,0,0.8669376,True,high
5364,Aku merasa nggak punya energi buat ngapa-ngapain. Apa yang salah sama aku?,energi salah energi ngerasa mentok bukan arti salah tubuh butuh istirahat kecil jalan makan kurang tidur makan atur ngaruh terus temen profesional tahu,-1,0,0.8492868,True,high
5366,Aku ngerasa gak punya kendali atas hidupku. Gimana caranya ambil kendali?,ngerasa kendali hidup kendali kendali berat kecil atur capai terus pecah kecil daya dengerin,-1,0,0.8052497,True,high
5375,"Aku merasa hidupku stuck, kayak nggak bisa berkembang. Apa yang bisa aku lakukan?",hidup stuck kembang laku enak stuck kecil hidup hambat butuh istirahat cukup penuh tahu excited lang nyoba semangat,-1,2,0.8153824,True,high
5377,"Aku merasa tubuhku berat dan nggak bertenaga, apa ini cuma karena aku kurang olahraga?",tubuh berat tenaga kurang olahraga tubuh berat tenaga olahraga tubuh energi hidup pengaruh pola makan tidur bahkan stres dokumen sebut tubuh manusia vitalitas fisik sehat organ jantung saraf perhati pola hidup cukup istirahat langsung lama pengaruh energi,-1,0,0.7063643,True,high
5378,"Aku merasa nggak bisa menikmati hidup, apa aku kehilangan semangat?",nikmat hidup hilang semangat nikmat hidup uras energi bukan arti semangat hilang lama dokumen manusia daya hidup imbang fisik batin perhati tekan kecil senang dengar musik makan makan favorit terus lanjut eksplor lanjut,-1,0,0.84329563,True,high
5379,"Aku merasa tubuhku nggak sinkron sama pikiranku, apa yang salah?",tubuh sinkron salah tubuh sinkron nyaman dokumen tubuh sisi fisik nyata energi hidup abstrak salah ganggu kurang tidur stres imbang rawat tubuh tidur cukup gera ringan terus langsung selaras,-1,0,0.76213074,True,high
5380,"Aku merasa nggak bisa relaks, selalu tegang, apa yang bisa aku lakukan?",relaks tegang laku tegang tubuh capek dokumen tubuh vitalitas pengaruh sehat fisik batin tegang butuh jeda teknik sederhana lama beberapa dengar musik tenang tahu terus terus tegang tekan perlu ubah,-1,0,0.7637946,True,high
5381,"Aku merasa nggak punya gairah hidup, apa ini cuma fase?",gairah hidup fase hilang gairah hidup berat fase dokumen kata energi hidup pengaruh sehat fisik imbang batin perhati begini kurang istirahat beban emosional kecil jalan jalan alam teman langsung lama tahu gairah,-1,0,0.7877555,True,high
5382,"Aku merasa capek banget, tapi nggak tahu kenapa. Apa yang salah?",capek tahu salah capek tahu dokumen tubuh energi hidup kuras kurang istirahat stres emosi tumpuk perhati pola hidup cukup tidur beban istirahat cukup aktivitas ringan jalan kaki capek hilang perlu perhati,-1,0,0.80255044,True,high
5383,Aku merasa kayak nggak punya energi buat hadapi hari. Apa yang bisa bantu aku bangkit?,energi hadap bangkit energi panjang diri dorong hidup kecil mandi hangat makan atur ritme terlalu berat jangan lupa istirahat terus lanjut psikolog tahu energi drop,-1,0,0.7840878,True,high
5386,"Aku merasa nggak bisa rileks, selalu tegang. Apa yang salah?",rileks tegang salah tegang tubuh capek psikologi tegang muncul jiwa beban dokumen jaga jiwa masuk hindar rusak imbang teknik sederhana dengar musik tenang tahu terus terus tegang,-1,0,0.8279685,True,high
5387,"Aku merasa nggak punya energi untuk ngapa-ngapain, apa aku cuma malas?",energi malas kurang energi malas tubuh jiwa lelah dokumen jaga jiwa masuk penuh butuh hidup sehat perhati pola hidup cukup istirahat beban istirahat cukup aktivitas ringan jalan kaki langsung lama perlu perhati,-1,0,0.7849504,True,high
5389,Aku merasa stres karena tekanan dari lingkunganku. Apa yang bisa membantu?,stres tekan tekan stres diri sendiri laku tenang dengar musik jalan kaki teknik reda tegang stres berat rileks,-1,0,0.81887597,True,high
5390,Aku merasa nggak punya energi untuk menjalani hari. Apa yang bisa aku coba?,energi jalan habis energi berat butuh cukup tidur makan atur aktivitas kecil jalan kaki cukup langsung lama energi,-1,3,0.7387544,True,high
5392,Aku merasa tes psikologi itu terlalu serius. Ada cara nggak supaya aku lebih enjoy?,psikologi terlalu serius enjoy anggap kuis ringan kenal diri sendiri rileks dengar musik favorit putih berat kerja santai terlalu mikirin hasil ingat salah sisi diri nikmat proses,-1,0,0.86307955,True,high
5393,Aku merasa tes sering bikin aku stres. Apa yang bisa aku lakukan biar rileks?,stres laku rileks jantung siap diri mirip kaget beneran laku relaksasi sederhana dengar musik tenang ingat diri sendiri salah ngukur mampu kuat luar,-1,0,0.85197216,True,high
5395,Aku merasa susah fokus kalau ada gangguan. Apa yang bisa aku lakukan?,susah ganggu laku ganggu perhati buyar ciptain tenang headphone kerja tempat ramai susah teknik kecil atur timer istirahat stres temen profesional solusi cocok,-1,0,0.82984096,True,high
5396,Aku sering merasa overwhelmed dengan banyaknya hal di sekitarku. Apa yang bisa aku lakukan biar lebih fokus?,overwhelmed laku kewalahan perhati perhati paling tonjol energi musik situ latar belakang susah atur sederhana mati notifikasi pilih tempat tenang,-1,0,0.83899605,True,high
5397,"Kalau aku nggak bisa fokus karena semua terasa terlalu 'berisik', apa yang bisa aku lakukan?",terlalu berisik laku keren udah suasana pengaruh tempat tenang earplug pindah berisik beberapa terus pilih diperhatiin situ pelan pelan,-1,0,0.73318756,True,high
5400,Kadang aku nggak bisa bedain dua hal yang mirip banget. Apa aku perlu khawatir?,bedain mirip perlu khawatir perlu khawatir susah bedain mirip mirip capek stres diri sederhana bandingin aroma tekstur susah istirahat otak butuh jeda,-1,0,0.8019527,True,high
5401,Kadang aku merasa susah fokus karena perhatianku berpindah-pindah. Ada saran nggak?,susah perhati pindah pindah saran susah distraksi cipta tenang earphone jauh otak gampang ubah kurang stimulus perlu susah teknik pomodoro kerja istirahat,-1,3,0.8116118,True,high
5402,Aku merasa warna oranye bikin aku lebih semangat. Itu cuma perasaan atau beneran ada efeknya?,oranye semangat beneran efek bukan oranye campur merah kuning cenderung semangat sifat cerah energik hidup oranye dekorasi ruang boost mood,-1,0,0.67315274,True,high
5405,Aku suka menunda-nunda belajar. Gimana caranya biar aku lebih disiplin?,tunda nunda disiplin tunda goda tugas berat kecil konsisten suasana senang ditemenin musik favorit tempat nyaman hadiah reward kecil diri sendiri nonton episode serial penting jangan terlalu diri sendiri pelan pelan tunda,-1,0,0.80001485,True,high
5406,Aku kadang ngerasa nggak ada ide sama sekali pas lagi butuh. Gimana biar otakku nyala lagi?,ngerasa sekali butuh otak nyala otak blank ubah suasana jalan jalan denger musik otak butuh jeda nyala susah pikirin lempar,-1,0,0.78434455,True,high
5407,Kadang aku ngerasa pengen kabur dari semua masalah. Itu wajar nggak?,ngerasa kabur kabur berat kabur lega sebentar pikirin kecil ngadepinnya kabur,-1,11,0.75322855,True,high
5411,Aku merasa susah banget fokus ke satu hal. Pikiranku kayak lari ke mana-mana. Ada saran gak?,susah lari saran remote sendiri loncat loncat salah perhati kecil nafas lama tahan keluarin perhatiin lari pelan pelan nafas lama lama tenang susah,-1,0,0.7558545,True,high
5418,"Aku pengen hidup tenang, tapi kok susah banget, apa yang bisa kulakukan?",hidup tenang susah laku hidup tenang jauh kendali tindak luang nyaman jalan jalan meditasi singkat cemas diri sendiri ubah lepas pelan pelan,-1,0,0.8205011,True,high
5422,"Aku capek terus-terusan mencoba, tapi nggak ada hasil. Harusnya aku menyerah nggak?",capek terus terus hasil serah capek usaha tari gera makna langsung bawa tuju istirahat sebentar perlu kecil kecil laku tetap gerak,-1,0,0.7509812,True,high
5428,"Aku ngerasa dunia ini kejam, gimana caranya tetep kuat?",ngerasa kejam kuat emang berat kuat musik jalan jalan tenang,-1,0,0.72577876,True,high
5435,Aku merasa nggak punya energi buat ngapa-ngapain. Gimana caranya biar semangat?,energi semangat lelah istirahat cukup lakuin kecil senang denger favorit perlahan energi balik,-1,0,0.8380197,True,high
5440,Aku sering ngerasa nggak punya energi buat ngelakuin apa-apa. Apa yang bisa kulakukan?,ngerasa energi ngelakuin laku lelah butuh ulang energi laku rileks jalan jalan dengar musik kecil daftar senang lelah,-1,0,0.836274,True,high
5441,Aku merasa nggak punya keberanian untuk jadi beda dari orang lain. Apa yang bisa aku lakukan?,berani laku kuat kecil tunjuk selera musik nerima tepat hidup perlu harga,-1,2,0.80296516,True,high
5445,Aku ngerasa hidupku cuma buat bikin orang lain senang. Aku sendiri lupa bahagia.,ngerasa hidup senang sendiri lupa bahagia bahagia luang diri sendiri nikmatin kopi denger musik favorit situ,-1,0,0.7267673,True,high
5448,"Aku merasa hidupku harus kayak cerita di novel, penuh drama. Apa itu buruk?",hidup novel penuh drama bayang hidup novel seru harga nyata sulit indah sederhana temen nikmat kopi pagi,-1,0,0.74439275,True,high
5449,Aku merasa aku harus selalu kelihatan sempurna di depan orang lain. Capek banget. Gimana caranya lepas dari itu?,sempurna depan capek lepas lelah sempurna ingat dekat kecil kurang temen dekat kaget betapa lega sempurna,-1,0,0.7884958,True,high
5453,Aku merasa capek banget menghadapi masalah yang nggak kunjung selesai. Apa aku harus menyerah aja?,capek hadap kunjung serah tahu lelah putus serah istirahat jenak otak butuh jeda solusi favorit recharge jalan jalan denger musik,-1,0,0.80623674,True,high
5456,Tanda-tanda aku butuh konseling?,butuh konseling ganggu tidur makan fungsi tahan minggu kuat turut pedoman,-1,12,0.6539712,True,high
5458,"Bayi sering tidur lama setelah situasi ramai, normal kah?",tidur lama situasi ramai turun stimulus tetap nyaman kewalahan,-1,0,0.62940514,True,high
5459,Bagaimana menyeimbangkan teliti dan santai?,imbang santai standar cukup henti revisi timer kerja istirahat pomodoro jaga lelah,-1,0,0.7418994,True,high
5461,Apa contoh teknik grounding cepat?,contoh teknik grounding cepat sentuh muka meja sebut benda tekstur indera tenang,-1,10,0.658575,True,high
5463,Saya selalu merasa lelah dan susah konsentrasi. Apa yang bisa saya lakukan untuk merasa lebih baik?,lelah susah konsentrasi laku dengar sedang kewalahan turut butuh fisiologis istirahat makan sehat lelah tubuh sedang minta perhati kecil cukup tidur awal makan sehat kecil rawat tubuh,-1,0,0.8191793,True,high
5464,Saya sering merasa lelah dan sulit fokus. Apakah ini ada hubungannya dengan kebutuhan dasar saya?,lelah sulit butuh dengar sedang kewalahan turut butuh fisiologis istirahat makan fondasi penting imbang lelah tubuh sedang beri butuh perlu perhati luang tidur cukup makan makan gizi cukup kecil nikmat gelas segar tidur awal,-1,0,0.7705712,True,high
5473,"Aku pengen kerja keras terus biar dianggap hebat, tapi capek banget. Salah nggak sih?",kerja terus anggap capek salah salah prestasi capek perlu istirahat perlu bukti penting sehat bahagia diri sendiri,-1,0,0.7909864,True,high
5475,"Aku pengen lebih santai jalani hidup, tapi kok susah. Ada tips nggak?",santai jalan hidup susah tips santai gampang penuh kecil meditasi jalan kaki jangan multitasking susah santai,-1,0,0.7462235,True,high
5477,Aku takut kalo besok aku nggak bisa handle masalah lagi. Aku harus apa?,takut kalo handle takut manusiawi ingat udah lewatin bukti kuat makan sehat tidur cukup siap hadap,-1,2,0.832704,True,high
5484,"Aku susah banget fokus, apa itu normal?",susah susah stres kurang tidur bahkan cemas atur istirahat kurang distraksi gadget laku tugas susah teknik sederhana meditasi singkat bareng,-1,3,0.7897161,True,high
5486,"Aku takut banget sama laba-laba, sampe nggak bisa tidur kalau ingat. Ini wajar nggak?",takut laba laba sampe tidur ingat kedengerannya fobia spesifik takut laba laba cukup umum sampe ganggu tidur ngatasinnya teknik relaksasi,-1,8,0.7007702,True,high
5488,"Emilia, kenapa aku merasa sedih terus padahal nggak ada masalah besar?",sedih terus padahal sedih alas jelas tubuh butuh perhati perhati pola tidur makan aktivitas kecil jalan jalan sebentar temen langsung lama profesional kecil bareng,-1,0,0.8078142,True,high
5489,"Aku merasa capek banget, kayak nggak punya tenaga buat apa-apa. Apa ini cuma males?",capek tenaga males capek terus terus bukan males kewalahan stres kurang istirahat lelah kecil tidur cukup jalan jalan sebentar,-1,0,0.7948862,True,high
5491,Aku pengen coba ngatasin sendiri perasaanku yang down. Apa yang bisa aku lakuin?,ngatasin sendiri down lakuin ngatasin sendiri beberapa rutin olahraga ringan tidur cukup teknik relaksasi jurnal paham berat minta giat mood,-1,0,0.7726878,True,high
5494,"Aku merasa nggak bisa ngontrol hidupku, kayak semuanya berjalan di luar kendaliku. Apa yang bisa aku lakukan?",ngontrol hidup jalan luar kendali laku paham hilang kendali berat kecil sederhana kontrol atur tidur makan kecil atur,-1,3,0.8009966,True,high
5505,"Aku ngerasa cemas terus, sampe badanku pegel dan susah tidur. Apa yang bisa aku lakuin?",ngerasa cemas terus sampe badan susah tidur lakuin enak ngerasa cemas emang badan tegang bahkan susah tidur relaksasi sederhana pelan pelan lama detik tahan terus keluarin dekat badan rileks,-1,0,0.80348665,True,high
5506,"Aku coba meditasi buat ngurangin cemas, tapi pikiranku malah kemana-mana. Aku salah apa?",meditasi ngurangin cemas malah salah salah lari lari meditasi meditasi bukan kosong notice lari balikin perhati lembut meditasi singkat bareng,-1,0,0.7462289,True,high
5507,Aku suka ngelamun soal hal-hal buruk yang mungkin terjadi. Gimana caranya biar berhenti?,ngelamun henti ngelamun sendiri ngurangin perhati lakuin makan makan teknik grounding pegang deskripsiin tekstur contoh teknik grounding simpel,-1,4,0.72386503,True,high
5508,Aku kadang ngerasa cemas tanpa alasan jelas. Ini normal nggak sih?,ngerasa cemas alas jelas cemas muncul jelas tubuh nyala terus alarm lewat sensitif perhati kapan muncul capek kurang tidur teknik relaksasi simpel tubuh bahaya ajarin,-1,0,0.8259609,True,high
5509,"Aku pengen meditasi buat tenang, tapi nggak tahu caranya. Bisa bantu?",meditasi tenang tahu keren meditasi gampang sederhana duduk nyaman tutup mata terus rasain udara masuk keluar lari balikin pelan pelan pandu,-1,0,0.7773343,True,high
5515,Kadang aku cuma pengen tidur seharian biar nggak mikir apa-apa. Itu wajar nggak sih?,tidur mikir paham tidur lari nyaman hindar berat tahu kabur tidur terus,-1,0,0.7707461,True,high
5520,"Kadang aku merasa nggak punya energi buat ngapa-ngapain, bahkan buat bangun dari kasur. Ini normal nggak sih?",energi bahkan kasur berat alam depresi kecil duduk tepi kasur kecil kecil,-1,0,0.6265807,True,high
5521,Aku cuma pengen tidur seharian biar nggak mikir apa-apa. Apa itu oke?,tidur mikir paham tidur lari nyaman terlalu makin lelet down istirahat meditasi singkat jalan jalan ringan diri,-1,0,0.8276187,True,high
5523,"Aku pengen punya rutinitas yang sehat, tapi bingung mulai dari mana. Ada saran?",sehat saran sehat keren pilih tidur atur cukup jadwal sederhana pantau progres rencana bareng,-1,0,0.7101177,True,high
5527,"Aku pengen coba meditasi buat tenangin pikiran, tapi nggak tahu caranya. Bisa bantu?",meditasi tenangin tahu keren meditasi sederhana tempat tenang duduk nyaman keluar perlahan lari balikin aplikasi meditasi kelas meditasi,-1,0,0.7493305,True,high
5529,"Aku coba meditasi buat tenangin pikiran, tapi kok susah banget fokus?",meditasi tenangin susah meditasi emang gampang awal sederhana lama lari balik pelan pelan bareng aktivitas rileks jalan kaki,-1,0,0.7958208,True,high
5534,Aku takut kalau aku nggak akan pernah normal lagi. Apa aku bakal gini selamanya?,takut lama takut lama hadap tantang mental pulih jalan hidup butuh usaha kecil jaga pola tidur takut nemenin,-1,2,0.83098316,True,high
5536,"Aku sering banget khawatir, sampai susah tidur. Ada cara nggak sih buat tenang?",khawatir susah tidur tenang khawatir sampe susah tidur capek teknik relaksasi cepat lama detik tahan detik keluarin perlahan ngurangin tegang catat khawatir teknik bareng pandu,-1,0,0.80446804,True,high
5541,"Aku minum tiap malam, tapi cuma sedikit. Apa itu masalah?",alkohol rileks tidur perlu ngedapetin tenang baca buku meditasi tahu bareng,-1,0,0.7233757,True,high
5553,"Aku sering khawatir nggak bisa tidur, ini ngaruh nggak sih?",khawatir tidur ngaruh khawatir tidur justru susah tidur lingkar khawatir tegang tegang tidur makin susah teknik relaksasi tidur khawatir tidur,-1,0,0.726227,True,high
5559,"Aku takut kalau nggak tidur, besok bakal berantakan. Gimana ngatasin ini?",takut tidur beranta ngatasin takut tekan tambah justru tidur makin susah tidur istirahat teknik relaksasi relaksasi bareng,-1,0,0.77438056,True,high
5575,"Aku coba meditasi sebelum tidur, tapi pikiranku masih berisik. Apa aku salah meditasi?",meditasi tidur berisik salah meditasi salah meditasi butuh berisik awal keluar pelan lari bawa marah visualisasi tenang daun jatuh hutan bareng,-1,0,0.7866878,True,high
5585,"Aku coba suppress pikiran buruk sebelum tidur, tapi malah tambah parah. Kenapa?",suppress tidur malah tambah parah tekan justru muncul efek bumerang lewat lawan daun apung sungai pelan teknik tenang,-1,0,0.70262206,True,high
5588,"Aku kadang takut kalau nggak bisa tidur, akhirnya malah makin susah tidur. Gimana cara ngatasin ini?",takut tidur akhir malah makin susah tidur ngatasin takut tidur justru makin tegang lingkar setan salah ngatasinnya teknik relaksasi tenang khawatir ringan bayangin tempat tenang bareng,-1,0,0.7940844,True,high
5591,"Emilia, aku merasa nggak punya energi buat ngapa-ngapain karena kurang tidur. Apa yang bisa aku lakuin?",energi kurang tidur lakuin kurang tidur emang energi drop pertama kualitas tidur jadwal atur tidur laku aktivitas ringan jalan kaki singkat naikin energi berat lelah,-1,0,0.79910505,True,high
5602,Aku merasa tidurku buruk karena aku sering khawatir soal besok. Apa yang bisa aku lakuin?,tidur khawatir lakuin khawatir emang susah tidur teknik worry time luangin sore mikirin khawatir numpuk tidur rencana singkat tenang khawatir,-1,0,0.7734326,True,high
5603,"Emilia, aku dengar meditasi bisa bantu tidur. Gimana caranya?",dengar meditasi tidur meditasi emang bagus tenang tidur simpel duduk baring lari bawa balik pandu meditasi singkat,-1,0,0.7522563,True,high
5607,"Aku suka bayangin tempat yang tenang, tapi apa itu beneran membantu?",bayangin tempat tenang beneran visual imagery libur singkat bayangin tempat nyaman perhati detail tubuh rileks kurang stres laku tidur tempat bayangin,-1,0,0.81944764,True,high
5608,"Aku pengen coba relaksasi otot, tapi takut salah. Gimana caranya?",relaksasi takut salah keren relaksasi gampang kelompok tangan kencang lama detik lepas rileks lama detik lanjut kelompok kaki laku tempat tenang pandu,-1,0,0.7681464,True,high
5613,Setiap malam aku susah tidur karena kebayang terus kejadian buruk yang pernah aku alami. Apa yang bisa aku lakuin biar nggak gitu lagi?,susah tidur bayang terus alami lakuin berat terus muncul usaha proses sulit tidur laku rileks dengerin musik pelan bayang muncul perhati netral hitung mundur terus ulang pola stuck detail,-1,0,0.7978679,True,high
5615,Saya tidak bisa nyanyi tapi ingin manfaatnya. Apa yang bisa saya lakukan?,manfaat laku senandung humming sendiri kamar alternatif bagus aktivitas rangsang area memori otak tenang suasana hati penting nikmat proses nilai,-1,0,0.7431103,True,high
5617,Saya tidak bisa pindah kerja. Apa yang bisa saya lakukan untuk mengurangi pengaruh negatif mengemudi panjang?,pindah kerja laku kurang pengaruh negatif kemudi panjang pecah jalan istirahat singkat laku regang henti tidur cukup minimal stres kendara jaga gaya hidup sehat seluruh dampak negatif kurang,-1,0,0.7672811,True,high
5618,"Saya sering merasa cemas setiap hari, bahkan ketika tidak ada alasan jelas. Rasanya menguras energi. Apa yang bisa saya lakukan sekarang?",cemas bahkan alas jelas uras energi laku dengar betapa lelah cemas ganggu sulit nikmat sederhana kecil perlahan lama beberapa cemas naik catat kapan cemas muncul picu timbang teknik relaksasi singkat regang jalan sebentar cemas ganggu tidur aktivitas profesional dokter psikolog pandu obat terapi tepat jangan paksa diri langsung rawat cemas proses,-1,0,0.8110012,True,high
5619,Saya merasa stres kerja tinggi dan sulit tidur. Apa kaitannya stres dengan otak saya?,stres kerja tinggi sulit tidur kait stres otak stres ulang pengaruh area otak penting korteks prefrontal putus hippocampus memori sulit liput teknik manajemen stres istirahat jadwal batas beban kerja dukung bila stres terus terus ganggu fungsi,-1,12,0.81799734,True,high
5620,Saya merasa stres dan sulit tidur. Bisa pijat benar-benar membantu?,stres sulit tidur pijat dokumen sebut pijat tingkat waspada cepat pecah tidur turun hormon stres tingkat hormon nyaman pijat angkat suasana hati nyaman pijat sesi singkat sehat khusus konsultasi,-1,12,0.7503365,True,high
5621,Saya tidak mampu secara finansial untuk pijat rutin. Ada alternatif yang bisa membantu suasana hati dan tidur?,mampu finansial pijat rutin alternatif suasana hati tidur beberapa alternatif teknik relaksasi mandiri regang ringan mandi hangat tidur rutin gerak ringan terapi pijat sendiri pijat leher bahu alat sederhana giat konsisten tenang klinik jangkau tawar opsi murah,-1,10,0.69660014,True,high
5622,"Saya penasaran menaruh waktu untuk hipnosis mandiri, namun takut tertipu atau bahaya. Bagaimana caranya yang aman?",penasaran taruh hipnosis mandiri takut tipu bahaya dokumen jelas hipnosis bentuk meditasi timbul rileks tingkat kreativitas laku tempat duduk jangan baring tidur pandu percaya hindar milik riwayat ganggu psikosis kondisi mental serius saran profesional ragu konsultasi profesional sehat mental,-1,1,0.8187836,True,high
5623,Apa langkah sederhana untuk memulai hipnosis mandiri di rumah?,sederhana hipnosis mandiri ruang tenang duduk nyaman atur rileks matahari benam ulang afirmasi singkat rileks tenang beberapa lanjut afirmasi lama akhir ingat diri segar laku regang ringan,-1,0,0.7510884,True,high
5624,Saya mudah terganggu oleh kebisingan dan jadi tidak bisa fokus. Apa yang bisa saya lakukan sekarang juga?,mudah ganggu bising laku minimal bising praktis alas diam mati pejam mata perlahan cipta periode tenang lama beberapa minggu bising terus pengaruh tidur suasana hati aktivitas timbang lanjut perlu konsultasi profesional sehat,-1,0,0.75698316,True,high
5626,Kapan tepatnya saya boleh ‘mengalihkan diri’ dan kapan harus bertindak?,kapan tepat diri kapan tindak atur diri tonton film tidur maksimal turun emosi rencana aksi konkrit kecil,-1,0,0.7908207,True,high
5629,Sudah sering ke dokter tapi hasil lab normal. Kenapa aku tetap lelah?,dokter hasil tetap lelah lelah stres emosional evaluasi pola tidur beban kerja psikolog gali akar cemas beri strategi pulih energi,-1,12,0.75404114,True,high
5631,Apakah self‑hypnosis sulit dipelajari?,self hypnosis sulit rekam skrip pandu relaksasi sugesti positif dengar pilih sederhana tubuh rileks punggung ringan konsistensi kunci hasil,-1,10,0.7781693,True,high
5636,Aroma apa yang paling baik untuk relaksasi?,aroma paling relaksasi lavender chamomile sandalwood kenal turun cemas pilih aroma favorit harum otak kerja efektif,-1,10,0.6452627,True,high
5637,Saya ingin hobi baru yang bisa dilakukan di tempat tidur. Saran?,laku tempat tidur saran rajut mandala puzzle sederhana aktivitas mudah henti bila lelah beri capai,-1,10,0.7056525,True,high
5638,"Saya dengar tentang meditasi kesadaran, tapi saya nggak tahu caranya. Apa itu, dan bagaimana saya bisa mulai?",dengar meditasi tahu penasaran meditasi keren tuju tenang mindfulness meditation nikmat hakim jeda kacau duduk nyaman tutup mata perhati masuk keluar layang balik pelan pelan seru kapan luang sebentar,-1,0,0.7933698,True,high
5643,Bagaimana ‘mengumpulkan data’ tentang diriku sendiri bisa membantu proses konseling?,kumpul data diri sendiri proses konseling catat durasi tidur pola makan situasi picu stres konkret mudah terap rancang tepat sasar,-1,10,0.7870947,True,high
5644,Aku takut ‘diuji’ seperti prajurit. Bagaimana menenangkan diri sebelum mengikuti asesmen psikologis?,takut prajurit tenang diri asesmen psikologis ingat asesmen bukan lolos gagal dukung tepat siap diri tidur cukup mindset paham diri,-1,0,0.82593024,True,high
5646,Aku merasa nggak punya cukup waktu buat belajar dan istirahat. Gimana ngaturnya?,cukup istirahat ngaturnya emang musuh jadwal sederhana istirahat prioritas paling penting jangan lupa sisih tidur santai keteter kurang distraksi matiin notif kurang,-1,0,0.77979267,True,high
5653,"Aku merasa pikiranku nggak jernih, kayak susah mikir. Kenapa ya?",jernih susah mikir jernih frustrasi psikologi akal perlu rawat kerja ganggu stres kurang tidur tekan dokumen sebut jaga akal masuk hindar rusak lelah mental istirahat cukup kurang distraksi gadget tidur tahu berat,-1,0,0.8292366,True,high
5661,Kenapa aku susah banget fokus sama satu hal? Pikiranku suka kemana-mana.,susah kabur stres kurang tidur terlalu distraksi tenang matiin notifikasi tugas kecil teknik pomodoro kerja istirahat susah cemas layang,-1,0,0.791149,True,high
5664,Aku sering merasa cemas tanpa tahu kenapa. Gimana cara ngatasinnya?,cemas tahu ngatasinnya cemas jelas luang relaksasi meditasi singkat jalan jalan tempat tenang tubuh perlu reset perhati pola hidup cukup tidur makan sehat cemas muncul temen dekat konselor ungkap beban ringan,-1,0,0.8467346,True,high
5673,Bagaimana mendukung anak SD supaya percaya diri sosial?,dukung anak percaya diri sosial fasilitas klub puji usaha bukan hasil terampil alam sukses tahap laten pondasi relasi sehat,-1,6,0.75636446,True,high
5674,Aku remaja merasa canggung bicara soal seks. Apa yang harus kulakukan?,remaja canggung bicara seks laku edukasi percaya diskusi dewasa percaya tahu kurang cemas,-1,0,0.69297814,True,high
5678,"Aku pengen lebih peduli sama orang lain, tapi nggak tahu caranya. Ada saran?",peduli tahu saran peduli bahagia hati dengar temen kecil bawa barang,-1,6,0.7343664,True,high
5681,Saya sulit menghadapi tanggung jawab dewasa. Bagaimana cara mengatasinya?,sulit hadap dewasa dewasa berat hadap masa muda transisi bebas anak nyata kecil tugas raya hasil sisih senang senang imbang berat,-1,6,0.74228936,True,high
5682,"Anakku hanya mau digendong ibu, menolak ayah. Apa solusinya?",anak gendong tolak ayah solusi kenal ayah tahap ayah beri botol susu dekat perlahan percaya caregiver,-1,6,0.72396123,True,high
5686,Anakku cepat putus asa saat tugas sulit. Apa strategi menumbuhkan ketekunan?,anak cepat putus tugas sulit strategi tumbuh tekun bahas tugas kecil puji usaha bukan nilai tekun tumbuh proses harga,-1,6,0.80000865,True,high
5690,Saya merasa sulit menyesuaikan diri dengan tanggung jawab dewasa. Bagaimana cara menghadapinya?,sulit sesuai diri dewasa hadap dewasa berat hadap masa muda bebas anak anak nyata kecil tugas kerja raya hasil sisih senang senang imbang berat,-1,6,0.7395076,True,high
5691,Saya khawatir tentang masa tua. Bagaimana cara mempersiapkan diri secara mental?,khawatir masa siap diri mental khawatir masa tunjuk peduli kualitas hidup usia masa anak anak proses siap diri makna hidup waris nikmat tuju kecil keluarga damai masa depan,-1,0,0.7594552,True,high
5694,"Aku nyesel banget pernah nyakitin orang tua, susah melupain. Gimana caranya biar nggak stuck?",nyakitin susah melupain stuck masa berat ubah udah lewat anak lakuin minta maaf lakuin positif masa ngajarin nentuin masa depan lakuin kecil,-1,11,0.7697101,True,high
5695,"Aku nyesel banget pernah nyakitin orang tua, susah melupain. Gimana caranya biar nggak stuck?",nyakitin susah melupain stuck masa berat ubah udah lewat anak lakuin minta maaf lakuin positif masa ngajarin nentuin masa depan lakuin kecil,-1,11,0.7697101,True,high
5696,Aku sakit hati gara-gara dikira cupu di sekolah. Gimana caranya biar nggak terlalu peduli?,sakit hati gara gara cupu sekolah terlalu peduli cupu enak cupu kata bangga prestasi abai omong balas senyum temen keren kata kata lakuin pede outfit favorit,-1,0,0.7679297,True,high
5701,Aku takut nggak punya gadget canggih bikin aku dikira ketinggalan. Gimana caranya biar pede?,takut gadget canggih tinggal pede tahu tekan gadget canggih ragu diri selera unik laku nikmat gadgetmu pilih sesuai butuh ingat opini nentuin nilai diri luangin happy denger keren tunjukin diri asli,-1,0,0.8606125,True,high
5703,Apa itu dikotomi kendali dan bagaimana penerapannya dalam mendidik anak?,dikotomi kendali terap didik anak dikotomi kendali prinsip kendali usaha sikap cuaca hasil akhir didik anak arti upaya giat terima luar kendali nilai tenang,-1,10,0.7344513,True,high
5705,Apa perbedaan antara fixed mindset dan growth mindset dalam mendidik anak?,fixed mindset growth mindset didik anak fixed mindset percaya cerdas bakat anak tetap ubah gagal anggap bukti bodoh balik growth mindset cerdas kembang usaha gagal sempat puji anak pintar picu fixed mindset puji kerja dorong growth mindset,-1,6,0.74524045,True,high
5706,"Saya susah melepaskan kendali atas pilihan anak saya, seperti jurusan kuliahnya. Bagaimana cara berdamai dengan ini?",susah lepas kendali pilih anak jurus kuliah damai tahu lepas tali layang layang udah pegang erat lepas kendali berat laku nasihat alam anak pilih bayang tanam pohon siram pupuk arah tumbuh susah lepas hati tenang,-1,6,0.84056187,True,high
5707,Saya merasa anak saya nggak menghargai pengorbanan saya sebagai orang tua. Bagaimana cara mengatasinya?,anak harga korban paham hati ubah sudut pandang rawat anak tugas dokter rawat pasien perlu tagih balas kendali terus tunjuk sayang syarat anak santai harga hangat,-1,6,0.7696963,True,high
5708,Saya merasa gagal sebagai orang tua karena anak saya nggak berprestasi di sekolah. Bagaimana cara mengubah perasaan ini?,gagal anak prestasi sekolah ubah tahu nilai anak cermin diri hati tenang prestasi sekolah nilai kendali dukung dengar anak raya usaha bukan hasil tanyain anak susah sekolah solusi gagal ubah sudut pandang bareng percaya diri,-1,6,0.85201675,True,high
5746,"Aku ngerasa adikku nggak ngerti apa yang aku bilang soal tanggung jawab, kayak beda persepsi. Gimana caranya biar dia paham?",ngerasa adik persepsi paham persepsi adik dewasa denger anak nyambung makna butuh alam pake contoh jaga main analogi pegang kendali hidup jaga sabar contoh hidup paham kata kata jelas situasi adik bareng,-1,6,0.8202394,True,high
5748,"Anakku kok susah banget lepas dari gadget, apa ini wajar?",anak susah lepas gadget terlalu susah lepas udah ganggu aktivitas gadget kontrol anak bahkan pengaruh sehat mental sosial atur batas gadget main luar bareng keluarga,-1,6,0.7816201,True,high
5749,"Anakku jadi jarang ngobrol sama temennya gara-gara asik sama gadget, apa yang harus aku lakukan?",anak jarang temennya gara gara gadget laku sayang interaksi sosial ganggu gadget anak layar giat libat temen temen main taman klub olahraga batas gadgetnya,-1,6,0.80721366,True,high
5750,"Aku kasih anakku gadget biar dia anteng, apa salah sih?",anak gadget anteng salah erti anak anteng gadget batas riskan gadget awas ganggu sehat fisik mental anak obesitas susah atur emosi aktivitas buku main edukatif atur gadgetnya,-1,6,0.8174267,True,high
5751,"Anakku kayaknya susah konsentrasi di sekolah, apa gara-gara gadget?",anak susah konsentrasi sekolah gara gara gadget salah gadget main game media sosial anak hilang motivasi susah berapa lama gadget diskusi atur layar imbang,-1,6,0.7906084,True,high
5752,"Anakku marah-marah kalau disuruh lepas gadget, apa yang salah?",anak marah marah suruh lepas gadget salah candu gadget perilaku agresif muncul anak terlalu gadget dekat perlahan gadget atur jelas giat luar gadget,-1,6,0.7859947,True,high
5753,"Aku merasa anakku kurang aktif gara-gara gadget, apa bener?",anak kurang gara gara gadget terlalu lama gadget anak kurang gerak akhir obesitas sehat main luar sepeda jalan jalan sehat,-1,6,0.78171736,True,high
5754,"Aku kasih anakku HP biar dia belajar online, tapi kok malah main game?",anak malah main game gadget alat awas anak gampang game medsos atur aplikasi batas aktivitas layar,-1,6,0.71623206,True,high
5755,"Aku ngerasa kesepian kalau nggak buka HP, apa ini aneh?",ngerasa sepi aneh aneh terlalu gadget ngisi gadget lupa padahal interaksi sosial penting luang temen keluarga libat layar,-1,0,0.7574283,True,high
5756,"Apa sih literasi digital itu, dan kenapa penting buat anakku?",literasi digital penting anak literasi digital mampu teknologi bijak paham risiko penting anak tahu gadget sehat asal main literasi digital hindar dampak candu stres teknologi manfaat,-1,6,0.69192076,True,high
5757,"Aku nggak tahu cara batasi gadget buat anakku, mulai dari mana?",tahu batas gadget anak sederhana atur layar aktivitas main luar baca buku contoh kurang gadget depan anak penting imbang paham,-1,6,0.76114726,True,high
5758,"Aku suka kasih anakku gadget biar dia nggak rewel, apa itu oke?",anak gadget rewel erti hati hati gadget anteng solusi anak susah atur emosi kurang interaksi sosial aktivitas main batas gadgetnya,-1,6,0.7882899,True,high
5759,Apa gadget bikin anakku susah ngomong sama orang lain?,gadget anak susah ngomong terlalu lama gadget anak kurang interaksi sosial bahkan pengaruh kembang bahasa main temen baya batas layar nyata,-1,6,0.73669815,True,high
5760,"Aku nggak suka batasi gadget anakku, soalnya dia nangis, apa salah?",batas gadget anak nang salah erti anak nang batas riskan gadget kontrol ganggu sehat mental fisik anak cemas kurang gerak atur perlahan gadget aktivitas seru,-1,6,0.80896497,True,high
5761,"Aku merasa gadget bikin hidupku lebih gampang, apa salah kalau aku pakai terus?",gadget hidup gampang salah terus gadget hidup gampang terus jeda ganggu mata kurang interaksi sosial imbang olahraga keluarga istirahat layar tetap sehat,-1,0,0.75246954,True,high
5762,"Sekolah anakku nggak ngajarin soal bahaya gadget, apa yang bisa aku lakukan?",sekolah anak ngajarin bahaya gadget laku sekolah ngajarin anak efek gadget ganggu sehat kurang sumber edukasi literasi digital anak bareng diskusi guru masukin topik,-1,6,0.76475495,True,high
5763,"Aku merasa bersalah kalau ninggalin anak demi kerja, apa aku ibu yang buruk?",salah ninggalin anak kerja salah tunjuk peduli anak kerja sayang hidup khusus anak sebentar tetap dekat,-1,6,0.79076797,True,high
5764,"Aku capek harus kerja sambil urus anak, rasanya nggak pernah cukup waktu. Gimana caranya biar nggak stres?",capek kerja urus anak cukup stres paham berat terima sempurna prioritas paling penting anak diri quality time bareng sebentar jangan bandingin diri cukup laku perlu istirahat sebentar burnout,-1,0,0.82408285,True,high
5766,"Aku merasa gagal jadi orangtua karena anakku nggak nurut, apa aku salah mendidik?",gagal orangtua anak nurut salah didik jangan buru buru ngerasa gagal anak nurut bukan arti salah sisi hati rasain penting tunjukin sayang tindak sederhana bukan omong sendiri,-1,6,0.8309059,True,high
5767,"Aku pengen rumahku selalu rapi dan anakku pinter, tapi kok nggak pernah berhasil?",rapi anak pinter hasil sempurna tambah stres lepas harap bahagia rapi anak sesuai ekspektasi bukan arti gagal penting sayang laku udah cukup,-1,6,0.8128406,True,high
5768,"Aku pengen jadi orangtua yang sempurna, tapi kok susah banget?",orangtua sempurna susah orangtua sempurna anak butuh sempurna butuh hadir sayang momen momen kecil dengerin ketawa bareng jangan terlalu diri sendiri udah cukup,-1,6,0.7555843,True,high
5769,"Aku sering bandingin anakku sama anak orang lain, itu salah nggak sih?",bandingin anak anak salah banding anak lupa anak perlu anak anak spesial dukung hati jauh bahagia dibandingin,-1,6,0.80959797,True,high
5770,"Kadang aku ngerasa bersalah karena nggak bisa kasih anakku apa yang mereka mau, gimana dong?",ngerasa salah anak salah anak butuh barang penuh butuh sayang perhati tunjukin peduli lakuin sederhana bareng jauh arti kurang,-1,6,0.80157673,True,high
5771,"Aku takut anakku nanti nggak sukses karena aku nggak bisa ngajarin mereka banyak hal, apa yang harus aku lakukan?",takut anak sukses ngajarin laku sukses anak ajarin sayang dukung nilai nilai penting kerja jujur tunjukin lewat tindak hadap hidup jangan khawatir udah ngasih,-1,6,0.8125236,True,high
5773,"Aku ngerasa anakku nggak sayang aku karena mereka nggak nurut, apa aku kurang baik sebagai orangtua?",ngerasa anak sayang nurut kurang orangtua anak nurut arti sayang mandiri ngungkapin dekat sabar rasain tunjukin sayang rasain,-1,6,0.77614474,True,high
5776,Aku sering merasa bersalah karena nggak bisa selalu ada buat anakku. Aku kerja terus. Gimana biar nggak gitu?,salah anak kerja terus salah peduli jangan nyiksa kerja keluarga bentuk sayang kualitas anak bukan kuantitas weekend main bareng distraksi anak sayang tahu penting jangan terlalu diri sendiri,-1,6,0.84886706,True,high
5777,Aku benci banget sama menantu ku karena dia kayak ngambil anakku dari aku. Apa yang harus aku lakukan?,benci menantu ngambil anak laku berat sisi menantu bukan ngambil anak hidup benci menantu santai kecil campur hilang giat bahagia temen jembatan anak tetap konflik,-1,6,0.7927578,True,high
5779,Aku ngerasa hidupku nggak akan lengkap kalau nggak punya anak. Apa aku salah mikir gitu?,ngerasa hidup lengkap anak salah mikir salah cermin nilai penting hidup lengkap anak bahagia karier stres percaya rasain harga anak,-1,6,0.8328712,True,high
5780,Aku ngerasa nggak berguna karena nggak sekolah tinggi. Apa aku beneran nggak bisa apa-apa?,ngerasa sekolah tinggi beneran sekolah tinggi arti status didik stres nilai ditentuin situ kuat ngerasa sisi positif,-1,0,0.72994065,True,high
5785,"Aku ngerasa capek ngurus anak, stres banget. Apa ini wajar?",ngerasa capek ngurus anak stres ngurus anak sumber stres kronis sebut stres parenting diri sendiri sebentar paling capek ngurus anak pikirin ringanin beban,-1,0,0.75287735,True,high
5786,"Aku nggak sekolah tinggi, apa itu bikin aku lebih gampang depresi?",sekolah tinggi gampang depresi dengar khawatir didik rendah kait risiko depresi tinggi kurang sempat tekan hidup mutlak didik minim tetap bahagia dukung sosial coping down pikirin solusi bareng,-1,6,0.7981305,True,high
5788,Aku ngerasa nggak punya tujuan hidup. Apa ini karena aku nggak sekolah tinggi?,ngerasa tuju hidup sekolah tinggi tuju alami siapa didik didik rendah kurang peluang down ngerasa kecil semangat,-1,0,0.78678054,True,high
5789,"Aku sering marah-marah sama anakku, apa ini salah?",marah marah anak salah urus anak gampang emosi ledak marah marah anak tekan stres parenting ningkatin risiko depresi tenangin diri temen situasi,-1,6,0.7983577,True,high
5791,"Emilia, aku pengen cerai tapi takut anakku nanti bermasalah. Apa bener cerai bikin anak stres?",cerai takut anak cerai anak stres peduli anak bagus cerai anak stres utama kecil ubah nikah penuh konflik tetap tahan anak stres penting dukung anak lama proses cerai pikirin bareng anak,-1,6,0.797465,True,high
5792,Aku takut anakku nanti bermasalah karena aku sering bertengkar sama pasangan. Apa bener konflik orang tua bikin anak stres?,takut anak tengkar pasang konflik anak stres paham khawatir konflik intens anak stres jebak tengah tengah pasang konflik sehat komunikasi anak hadap tengkar pikirin ngurangin tegang,-1,6,0.7955127,True,high
5793,"Emilia, aku merasa anakku susah diatur setelah aku cerai. Apa ini karena cerai aku?",anak susah atur cerai cerai turut prihatin dengar anak susah atur cerai pengaruh perilaku anak ubah bukan arti cerai hadap emosi anak profesional anak susah atur,-1,6,0.6877103,True,high
5794,"Emilia, aku sering marah sama anakku karena stres kerja. Apa ini bikin dia bermasalah nanti?",marah anak stres kerja paham stres kerja emosi gampang luap marah anak stres pengaruh perilaku sendiri kelola stres temen relaksasi marah anak dengerin,-1,6,0.79663527,True,high
5796,Aku ngerasa nggak ada yang peduli sama aku di rumah. Gimana caranya aku nggak merasa sendirian?,ngerasa peduli sendiri perhati sedih temen guru saudara hati ringan laku ingetin diri sendiri harga dengerin,-1,0,0.8170048,True,high
5799,"Emilia, aku ngerasa orang tuaku nggak peduli sama perasaanku. Apa yang harus aku lakukan?",ngerasa peduli laku sedih tenang salah susah dewasa percaya guru dengar dukung,-1,6,0.82058954,True,high
5800,"Emilia, aku ngerasa nggak ada harapan karena lingkunganku buruk. Apa yang bisa aku lakukan?",ngerasa harap laku sulit putus giat positif klub sekolah organisasi pemuda tuju kecil capai terlalu berat konselor nemenin,-1,0,0.7600108,True,high
5803,"Anakku susah konsentrasi di sekolah, apa harus dikasih obat ADHD?",anak susah konsentrasi sekolah obat adhd khawatir anak susah obat adhd solusi pertama anak butuh faktor stres konsultasi guru psikolog anak tahu akar solusi tepat,-1,1,0.73290634,True,high
5805,"Aku nggak punya anak, dan kadang merasa nggak lengkap. Apa aku egois kalau nggak mau punya anak?",anak lengkap egois anak egois pilih alas sendiri anak kurang harga lengkap hidup penuh,-1,6,0.74773586,True,high
5806,Aku ngerasa orang tua nggak bakal ngerti kalau aku bilang aku butuh bantuan mental. Gimana ya?,ngerasa butuh mental ngomongin sehat mental jelasin sederhana akhir akhir ngerasa berat butuh ahli dukung dukung konselor sekolah,-1,0,0.84477174,True,high
5808,"Emilia, aku dengar ada program buat anak-anak dengan masalah mental. Apa itu?",dengar program anak anak mental program khusus child adolescent service program anak anak remaja nyediain sesuai libat keluarga sekolah anak anak awat dukung bagus anak anak serius nyari info,-1,6,0.77799827,True,high
5809,Aku takut kalau nanti anakku juga kena gangguan mental karena aku punya riwayat ini. Apa bener keturunan itu pengaruh?,takut anak kena ganggu mental riwayat turun pengaruh paham khawatir turun faktor genetik peran ganggu mental bukan faktor dukung sosial penting laku cipta sehat anak cemas konselor paling khawatir,-1,12,0.82155883,True,high
5816,Aku merasa minum bikin aku lebih santai sama anak-anak. Apa itu salah?,santai anak anak salah rileks anak anak santai situasi sehat anak anak butuh sepenuh hadir santai main bareng baca tidur stres parenting santai anak anak,-1,6,0.78450596,True,high
5818,Bagaimana cara memanfaatkan doa tanpa merasa ‘menggurui’ diri sendiri?,manfaat guru diri sendiri dialog sahabat takut minta tenang dekat hangat hati rileks,-1,0,0.78675073,True,high
5819,Apakah aku harus tetap di ruangan saat anak diambil darah?,tetap ruang anak darah panik tunjuk damping tenang anak tangkap ekspresi wajah siap semangat singkat prosedur sambut peluk,-1,6,0.7961384,True,high
5820,Kapan waktu ideal menjelaskan kepada anak tentang operasi?,kapan ideal jelas anak operasi umum usia sekolah bahasa sederhana jujur nyaman cepat hilang senang pulih,-1,6,0.77632284,True,high
5825,"Saya khawatir anak saya kena kecelakaan di rumah, dan itu bikin stres. Bagaimana intervensi ini bisa bantu, dan apa yang bisa saya lakukan?",khawatir anak kena celaka stres intervensi laku super peduli amazing intervensi cegah celaka ajarin atur simpan obat tempat kunci pasang tangga sehat mental kurang stres kendali singkir benda bahaya ajarin anak atur sederhana jangan pegang pisau checklist khawatir,-1,6,0.79382634,True,high
5827,"Sebagai orang tua, kapan sebaiknya aku mempertimbangkan asesmen psikologi anak?",kapan timbang asesmen psikologi anak anak tunjuk lambat bicara sulit frustasi asesmen dini akses intervensi kembang optimal,-1,1,0.6877935,True,high
5828,Aku takut dites kecerdasan. Apa bedanya sama tes prestasi?,takut cerdas prestasi degan cerdas berapa potensi mampu pecah sedang prestasi udah baca matematika cerdas ngukur prestasi udah psikolog pake takut dengerin,-1,2,0.77030146,True,high
5830,Aku takut nilaiku jelek di tes prestasi. Buat apa sih tes ini?,takut nilai jelek prestasi takut nilai jelek prestasi udah baca matematika berapa jauh dipake ganggu psikolog tahu butuh ekstra bukan nilai jelek sukses susah sekolah dengerin,-1,6,0.79533213,True,high
5831,Aku takut dikira nggak pinter kalau prestasiku jelek. Apa itu gangguan belajar?,takut pinter prestasi jelek ganggu takut pinter turut ganggu prestasi nilai matematika jauh rendah cerdas ukur arti potensi susah bukan arti pinter butuh khusus khawatir psikolog takut,-1,0,0.7730806,True,high
5833,Aku takut tes SB5 nggak cocok buat anakku. Apa itu bener buat semua umur?,takut cocok anak umur anak rancang usia tahun cocok anak kecil sampe dewasa data kondisi ganggu hasil relevan khawatir psikolog anak takut dengerin,-1,6,0.78014827,True,high
5835,Aku takut anakku dikira nggak pinter. Apa gangguan belajar itu?,takut anak pinter ganggu anak turut ganggu prestasi anak matematika jauh rendah cerdas ukur bukan arti pinter area butuh khusus diagnosis dapetin dukung sekolah khawatir psikolog takut,-1,6,0.8288882,True,high
5838,Apakah psikologi klinis cuma untuk anak-anak? Aku orang dewasa dan merasa butuh bantuan.,psikologi klinis anak anak dewasa butuh anak anak lightner witmer anak anak psikologi klinis usia masuk dewasa hadap stres cemas paham diri sendiri psikolog klinis lanjut,-1,1,0.82062423,True,high
5839,Psikolog sekolah itu ngapain aja? Bedanya apa sama psikolog klinis?,psikolog sekolah psikolog klinis psikolog sekolah sahabat anak anak sekolah ngelakuin ganggu adhd terus guru anak kembang program anak anak happy sekolah psikolog klinis luas segala usia lewat terapi anak butuh sekolah psikolog sekolah personal psikolog klinis,-1,1,0.82232857,True,high
5840,Aku orang dewasa dan merasa stuck. Bisa nggak sih psikolog klinis bantu?,dewasa stuck psikolog klinis stuck frustrasi tenang psikolog klinis anak anak lightner witmer awal anak anak psikologi klinis segala usia masuk dewasa tahu ngerasa stuck maju lewat ngerasa stuck lanjut,-1,1,0.8402463,True,high
5841,Anakku kayaknya susah fokus di sekolah. Harus ke psikolog sekolah atau klinis?,anak susah sekolah psikolog sekolah klinis khawatir anak susah psikolog sekolah awal bagus kerja sekolah ngelakuin adhd ganggu guru saran ngerasa anak butuh emosi perilaku luar sekolah psikolog klinis anak khawatir,-1,1,0.8676548,True,high
5842,Anakku kayaknya bermasalah di sekolah. Harus ke psikolog sekolah atau klinis?,anak sekolah psikolog sekolah klinis khawatir anak tenang psikolog sekolah awal bagus kerja sekolah ngelakuin ganggu adhd guru anak emosi perilaku luar sekolah psikolog klinis lewat terapi anak saran,-1,1,0.86375403,True,high
5844,"Aku pernah dengar tentang tes Binet. Itu apa, dan apakah aku perlu khawatir kalau ikut?",dengar perlu khawatir ukur mampu anak anak dewasa berapa pecah paham banding usia perlu khawatir bukan nilai diri cukup kerja santai jujur hasil kecil mampu,-1,0,0.78835535,True,high
5845,Aku nggak yakin apa yang aku pelajari di sekolah berguna. Ada tes yang bisa nunjukin kemampuanku?,yakin sekolah nunjukin mampu langsung manfaat sebut prestasi nunjukin berapa jauh kuasa terampil bicara guru konselor sesuai hasil kuat nemuin passion,-1,1,0.78853965,True,high
5846,Aku merasa tes nggak selalu nunjukin kemampuan asliku. Apa bener gitu?,nunjukin mampu asli benernya ngasih mampu lemah cocok gaya cermin diri tahu jenis praktek guru psikolog nilai mampu adil,-1,1,0.8167422,True,high
5848,Aku pengen tahu apa yang aku pelajari di sekolah udah bener-bener nyantol. Gimana caranya?,tahu sekolah udah nyantol tahu berapa nempel prestasi ngukur udah kuasa sekolah minta guru kuis mirip materi ringkas sendiri diri jelas temen seru paham,-1,6,0.82165235,True,high
5853,Aku merasa nggak bisa ngikutin pelajaran di kelas. Apa aku emang nggak cocok buat sekolah?,ngikutin kelas emang cocok sekolah ngikutin frustrasi bukan arti cocok sekolah stres susah guru temen minta jelas sederhana susah konselor ngerasa ngikutin pikirin solusi,-1,0,0.7951347,True,high
5859,Kenapa aku selalu merasa takut mengingat masa kecilku yang penuh konflik?,takut ingat masa kecil penuh konflik kenang masa kecil sulit takut sudut kenang kartu hidup pilih kendali kecil laku damai masa meditasi temen dekat,-1,6,0.7719949,True,high
5860,"Aku merasa terjebak dalam hubungan yang nggak sehat, tapi nggak tahu cara keluar, apa saranmu?",jebak sehat tahu keluar saran berat kuat tugas laku tetap batas dukung teman kecil jalan keluar,-1,6,0.79140157,True,high
5861,"Di sekolah atau kerja, aku sering merasa ditekan sama atasan atau guru. Aku pengen ngomong, tapi takut. Apa yang bisa aku lakukan?",sekolah kerja tekan guru ngomong takut laku takut otoritas sudut pandang nilai nilai adil perlu bicara hormat tegas kecil jelas sopan,-1,6,0.7508366,True,high
5864,"Aku ngerasa nggak bisa balas pengorbanan keluargaku, apa aku anak yang buruk?",ngerasa balas korban keluarga anak enggak korban keluarga tulus bahagia tunjukin sayang sederhana terima lakuin,-1,6,0.778075,True,high
5866,Kenapa kebiasaan ngemil bisa sulit diubah?,ngemil sulit ubah dinamisme pola otomatis pecah tegang perlu pola hangat stres,-1,0,0.75347894,True,high
5867,Aku sering ngemil saat stres. Ada kaitan dengan tahap oral?,ngemil stres kait tahap oral sesap hangat beri perhati kalori,-1,-1,0.59925336,False,rejected
5868,Aku ingin pertemanan lebih sehat. Tips memilih lingkungan?,teman sehat tips pilih energik kuras pilih kelompok saling semangat tuju sehat,-1,0,0.73155034,True,high
5869,"Setelah kehilangan, aku sulit terhubung sama orang lain. Gimana cara membuka diri lagi?",hilang sulit diri tutup diri hilang protecting yourself kecil kirim pesan temen nanya kabar perlu berat cukup ringan siap ngopi bareng tanam butuh usaha tumbuh laku perlahan,-1,0,0.83633184,True,high
5871,"Aku sering lupa makan gara-gara stres, apa efeknya ke hidupku?",lupa makan gara gara stres efek hidup stres emang lupa butuh butuh makan penting pengaruh energi atur ingat makan atur sehat kuat hadap stres,-1,0,0.7884495,True,high
5872,Saya sering lupa makan atau istirahat karena sibuk. Bagaimana cara mengatur diri?,lupa makan istirahat sibuk atur diri sibuk lupa jaga diri butuh fisiologis makan istirahat atur ingat ponsel makan siang istirahat kecil bawa sehat break kecil jaga diri minggu,-1,3,0.75736153,True,high
5873,"Aku orang tua baru, dan aku khawatir banget soal biaya sekolah anak nanti. Rasanya nggak siap. Apa yang bisa aku lakuin dari sekarang?",khawatir biaya sekolah anak siap lakuin penuh tantang mikirin masa depan anak saranin rencana uang sederhana bulan sisih tabung didik kecil info investasi reksadana jaga sehat anak pola hidup sehat biaya sehat bengkak overwhelmd pasang,-1,6,0.7390812,True,high
5874,"Aku ngerasa stresku udah lama banget, dan sekarang lambungku sering bermasalah. Apa yang bisa aku lakuin biar nggak tambah parah?",ngerasa stres udah lama lambung lakuin tambah parah stres lama tubuh kena imbas lambung jaga pola makan hindar makan pedas asam makan porsi kecil stres aktivitas rileks jalan kaki taman yoga ringan stres kendali temen rangin kafein berat timbang konsultasi dokter sendiri bareng,-1,0,0.8148964,True,high
5875,"Aku baru punya anak, dan aku stres mikirin biaya kesehatan mereka nanti. Gimana caranya biar lebih siap?",anak stres mikirin biaya sehat siap emang mikir jauh depan biaya sehat kecil pastiin anak keluarga pola hidup sehat makan cukup tidur gampang sakit sisih tabung bulan dana darurat sehat ribu asuransi sehat jangkau pasang sendiri kecil,-1,6,0.7889235,True,high
5876,Saya sering makan berlebihan saat stres. Bagaimana saya bisa mengendalikan kebiasaan ini?,makan stres kendali paham makan lari stres peluk hangat musonius rufus filsuf stoa makan hidup bukan hidup makan kecil pengin ngemil stres pause butuhin temen jalan jalan sebentar siap porsi kecil makan sehat bablas makan hadap stres makan,-1,0,0.839543,True,high
5877,"Aku notice aku susah konsen kalau lagi laper atau capek. Kenapa ya, dan apa yang bisa aku lakukan?",notice susah konsen laper capek laku laper capek otak mobil habis bensin psikologi butuh biologis lapar lelah otak tubuh tugas solusi jaga bahan bakar tubuh makan sehat kacang kerja istirahat capek putih otak segar susah konsen saran ngepas,-1,3,0.816684,True,high
5878,"Aku susah makan teratur karena sibuk, apa dampaknya serius?",susah makan atur sibuk dampak serius makan atur tubuh lemas susah siap makan sederhana sehat gampang bawa dengar tubuh makan cukup energi stabil,-1,3,0.78481865,True,high
5879,"Aku suka makan banyak kalau stres, tapi malah bikin aku tambah nggak enak badan. Apa yang salah sama aku?",makan stres malah tambah enak badan salah salah makan stres tubuh nyaman malah enak kelola stres jalan kaki sebentar teknik bareng,-1,0,0.8008597,True,high
5880,"Aku suka melakukan hal-hal yang beresiko, kayak pacaran sama orang yang nggak bener. Apa ini tanda aku depresi?",laku resiko pacar depresi laku risiko pilih pasang sehat berat arti depresi penting perlu pikirin pilih kurang hidup tahu pilih diri,-1,0,0.8444369,True,high
5881,"Aku sering ngelakuin hal-hal bodoh kayak nyuri makanan. Aku nggak mau gitu, tapi susah berhenti. Apa yang salah sama aku?",ngelakuin bodoh nyuri makan susah henti salah senang jujur perilaku nyuri makan tekan hidup lapar stres bukan salah penting bicara konselor sosial solusi akses makan kelola stres sendiri jalan keluar bareng,-1,0,0.84852123,True,high
5882,Aku merasa nggak punya kontrol atas hidupku sejak tahu aku HIV positif. Gimana caranya aku balik lagi?,kontrol hidup sejak tahu positif balik hilang kontrol berat kecil daya sederhana obat tepat makan sehat teknik problem focused coping daftar tuju kecil kecil kontrol,-1,10,0.7654987,True,high
5885,Aku muntahkan makanan kalau merasa kebanyakan makan. Apa itu bahaya?,muntah makan makan bahaya khawatir dengar muntah makan bahaya tubuh sehat mental pengaruh tubuh fisik tekan penting bicara profesional pikirin lanjut,-1,0,0.8157139,True,high
5886,Aku merasa bersalah kalau makan makanan yang aku anggap ‘berat’. Normal nggak sih?,salah makan makan anggap berat salah makan alami terus terus nyaman pola perlu bareng makan atur ketat makan makan,-1,0,0.7896224,True,high
5887,Aku kadang makan banyak karena lagi stres. Apa yang bisa aku lakuin?,makan stres lakuin stres nyaman makan batas kelola stres jalan jalan stres makan,-1,0,0.8026989,True,high
5888,Aku merasa nggak bisa kontrol diri kalau sudah mulai makan. Aku takut banget. Apa yang salah?,kontrol diri makan takut salah dengar sedang kewalahan pola makan takut hilang kontrol kait atur makan ketat emosi berat lanjut kapan,-1,0,0.8064158,True,high
5889,"Aku nggak mau makan kalau ada orang lain, soalnya takut dikira gendut. Gimana caranya biar nggak gitu?",makan takut gendut paham nyaman hindar makan bareng takut datang khawatir nilai kecil makan bareng percaya situasi,-1,0,0.8099407,True,high
5890,Aku kadang sengaja nggak makan biar orang notice aku kurus. Apa itu salah?,sengaja makan notice kurus salah erti perhati lewat makan capai tubuh lelah harga khawatir malah sehat perlu laku,-1,0,0.78451854,True,high
5891,Aku takut banget kalau nggak bisa berhenti makan banyak. Apa yang harus aku lakuin?,takut henti makan lakuin takut berat makan emosi stres atur makan ketat catat kapan paham pola momen henti,-1,0,0.81656957,True,high
5893,"Aku susah banget makan teratur, kadang lupa makan, kadang makan kebanyakan. Gimana caranya biar bisa lebih teratur?",susah makan atur lupa makan makan atur pola makan susah atur kecil jadwal makan sederhana makan rencanain kapan makan lupa lupa makan makan picu stres sibuk rencana bareng,-1,3,0.73642194,True,high
5894,"Aku suka makan banyak banget pas lagi stres, terus nyesel. Kenapa sih aku gini?",makan stres terus makan stres arti salah stres nyaman lewat makan tahu stres ngatasinnya jalan jalan dengerin musik ingetin diri sendiri makan rusak stres,-1,0,0.8426553,True,high
5896,"Kadang aku makan banyak, terus muntahin. Aku tahu ini nggak baik, tapi susah berhenti. Aku harus apa?",makan terus muntahin tahu susah henti sayang denger ngalamin senang lakuin bahaya tubuh susah henti susah ubah sendiri terap dokter paham muntahin makan,-1,0,0.8031925,True,high
5898,"Aku coba makan teratur, tapi kok masih suka binge eating. Aku gagal nggak sih?",makan atur binge eating gagal gagal sekali makan atur binge eating perlu picu stres emosi catat kapan binge eating pola bareng kapan akhir,-1,3,0.7328846,True,high
5902,"Aku suka makan banyak pas malam, terus ngerasa bersalah. Gimana caranya biar nggak gitu?",makan terus ngerasa salah makan ngerasa salah utama siang kurang makan stres pola makan tambah sore terlalu lapar tahu makan,-1,0,0.7603125,True,high
5903,Aku nggak mau makan makanan tertentu karena takut gemuk. Apa salah sih?,makan makan takut gemuk salah takut makan makan atur ketat makan malah stres hindar makan cemas terus perlu ubah makan makan hindar paling takut rencana kecil bareng,-1,0,0.77188903,True,high
5905,"Aku suka muntah setelah makan banyak. Ini membantu aku tenang, normal nggak?",muntah makan tenang paham tenang muntah makan bahaya tubuh sulit hadap emosi sehat tenang bicara relaksasi muntah,-1,0,0.7699436,True,high
5906,Aku nggak mau makan sama temen karena takut dinilai. Gimana cara ngatasin ini?,makan temen takut nilai ngatasin takut nilai makan bareng temen cemas hindar hilang momen seru makan bareng temen nyaman pilih makan stres rencana kecil bareng kapan,-1,0,0.8116698,True,high
5909,Kadang aku merasa nggak punya motivasi untuk ubah kebiasaanku yang buruk. Gimana caranya biar aku lebih termotivasi?,motivasi ubah motivasi paham motivasi sulit datang stuck salah motivasi kecil ubah bukan langsung kait pola makan tambah jenis makan sehat terus alas pribadi ubah sehat bahagia daftar kecil turut,-1,0,0.78305614,True,high
5910,"Aku pengen berhenti makan berlebihan, tapi tiap stres aku selalu makan banyak. Gimana caranya berhenti?",henti makan stres makan henti stres lari makan mudah henti tahu salah tahu stres alternatif makan jalan jalan sebentar dengar musik terapi pola makan kenal picu rencana sehat penting terlalu diri sendiri aktivitas kurang stres,-1,0,0.77728355,True,high
5912,Aku takut kalau aku nggak bisa sembuh dari gangguan makan yang aku alami. Apa aku bakal gini selamanya?,takut sembuh ganggu makan alami lama bayang betapa takut tahu alami ganggu makan pulih tepat terapi pola makan emosi proses instan dukung profesional kelola penting serah psikolog kelompok dukung jalan,-1,1,0.84563386,True,high
5913,"Aku pengen makan apa aja yang aku suka tanpa mikir kalori, tapi aku takut gemuk. Gimana caranya?",makan mikir kalori takut gemuk paham makan bebas takut gemuk dilema tahu obsesi kalori makan sehat pelan pelan nikmat makan salah mindful eating nikmat takut terus muncul terapi pola makan,-1,0,0.81996274,True,high
5914,"Aku sering merasa bersalah kalau makan banyak, apa ini normal?",salah makan salah makan alami stres pola perlu perhati tahu salah kait makan tubuh hukum diri sendiri terus ganggu bicara psikolog paham akar,-1,0,0.8046185,True,high
5915,"Aku kadang sengaja nggak makan biar kurus, tapi aku tahu ini nggak sehat. Aku harus mulai dari mana?",sengaja makan kurus tahu sehat senang sehat sengaja makan bahaya penting tindak tahu pertama bicara profesional psikolog ahli gizi pola makan sehat negatif tubuh dukung teman keluarga nyaman,-1,0,0.79727846,True,high
5916,"Aku sering merasa kalau aku terlalu berlebihan dalam banyak hal, entah makan manis, kopi, atau main medsos. Aku bingung bagaimana cara menyeimbangkannya.",terlalu entah makan manis kopi main medsos imbang cenderung enak terlalu justru lelah hilang dekat moderasi henti total nali batas sehat kopi segar cangkir cukup situ medsos atur penting bukan siksa diri imbang nyaman,-1,0,0.8211787,True,high
5919,Saya minum suplemen vitamin D. Apa ada risiko kelebihan?,suplemen vitamin risiko vitamin bahaya asal suplemen bukan sinar matahari batas umum dewasa konsumsi suplemen konsultasi dosis sedia sehat,-1,10,0.6092353,True,high
5923,Saya sering skip sarapan supaya cepat turun berat badan. Apa saran yang lebih sehat?,skip sarap cepat turun berat badan saran sehat lewat sarap kontrol nafsu makan pilih sarap imbang tinggi serat rendah lemak gandum utuh energi pagi atur nafsu makan panjang turun berat badan rencana makan imbang lewat makan,-1,0,0.61873156,True,high
5932,Apa langkah sederhana untuk menjaga kesehatan usus yang juga bisa membantu suasana hati saya?,sederhana jaga sehat usus suasana hati perhati pola makan imbang gejala sindrom iritasi usus bimbing dokter jaga hidrasi aktivitas fisik perlu konsultasi profesional sehat saran personal,-1,12,0.7320279,True,high
5933,"Saya mudah tergoda makan manis terus, padahal khawatir ini memengaruhi mood dan ingatan. Apa yang realistis untuk dilakukan?",mudah goda makan manis terus padahal khawatir pengaruh mood ingat realistis laku khawatir valid konsumsi gula ganggu kognisi suasana hati cemas depresi kecil catat jenis makan manis konsumsi manis perhati porsi hindar salah diri sendiri bila gelincir ubah pola makan proses tahap,-1,0,0.7939556,True,high
5936,Saya merasa melakukan hal yang sama terus membuatnya tidak lagi menyenangkan. Bagaimana mengatasinya?,laku terus senang fenomena sebut habituasi ulang alam turun efek senang awal salah variasi alam otak terus rangsang penting nilai kejar sensasi sehat hindar pilih risiko obat pola makan sehat,-1,0,0.8287258,True,high
5939,Saya tergoda minum banyak suplemen agar cepat 'cerdas'. Apa risikonya?,goda suplemen cepat cerdas risiko konsumsi suplemen sembarang timbul overdosis nutrisi interaksi obat efek konsultasi dosis anjur utama makan gizi sumber utama nutrisi,-1,12,0.7026708,True,high
5940,Bagaimana cara sederhana melindungi saraf saya dalam kehidupan sehari-hari?,sederhana lindung saraf hidup praktik sederhana kurang papar bahan bahaya baca label produk hindar pestisida sendiri alat lindung konsumsi makan rendah cemar jaga pola hidup sehat kecil turun risiko signifikan,-1,10,0.6938499,True,high
5942,Saya sering makan berlebihan saat stres. Ada cara agar saya tidak terus menerus makan berlebih?,makan stres terus terus makan makan akar emosi praktik sederhana makan beri nilai lapar bukan lapar nyata pilih porsi kecil laku giat tenang jalan singkat makan lambat nikmat tekstur pola makan kait stres bicara profesional solusi jangka panjang perlu,-1,0,0.8177881,True,high
5946,Apakah placebo membantu untuk tekanan darah tinggi?,placebo tekan darah tinggi tekan darah parameter objektif placebo dampak kecil ubah gaya hidup obat antihipertensi tetap utama sikap positif patuh terapi,-1,12,0.7092947,True,high
5947,Cara menganggarkan biaya pijat rutin agar tidak mengganggu keuangan?,anggar biaya pijat rutin ganggu uang masuk wellness hasil bulan banding paket bundling promo membership prioritas stress tinggi tunda budget ketat,-1,12,0.6295768,True,high
5948,Apakah diet bisa memengaruhi nyeri artritis?,diet pengaruh nyeri artritis kurang gula rafinasi tingkat ikan lemak kunyit hijau pasien lapor kaku sendi turun minggu,-1,12,0.6335008,True,high
5951,Saya merasa bingung tentang apa itu kesehatan psikologis. Bisa jelaskan apa yang dimaksud dengan kesehatan psikologis dan bagaimana itu membantu saya merasa lebih baik?,sehat psikologis jelas sehat psikologis paham istilah sehat psikologis sehat seluruh libat imbang tubuh sosial bayang taman kecil diri rawat tidur cukup makan sehat kelola stres taman mekar indah sehat psikologis tenang bahagia dukung positif bicara teman sedih teknik relaksasi berat,-1,0,0.7986644,True,high
5952,"Saya sering merasa kesehatan saya dipengaruhi oleh banyak hal, tapi saya tidak yakin bagaimana. Apa itu model biopsikososial, dan bagaimana ini bisa membantu saya memahami diri saya?",sehat pengaruh yakin model biopsikososial paham diri keren peka tubuh model biopsikososial peta tunjuk sehat padu elemen biologis genetik hormon psikologis stres pola sosial dukung keluarga teman sedang stres badan lelah susah tidur teman dengar keluh kesah ringan paham imbang meditasi sayang tekan,-1,0,0.8016143,True,high
5954,"Saya merasa nggak nyaman sama tubuh saya dan kadang nggak mau makan. Apa itu gangguan makan, dan bagaimana saya bisa mulai atasi ini?",nyaman tubuh makan ganggu makan aduh tahu nyaman diri sendiri sendiri ganggu makan anoreksia kondisi khawatir berat badan bentuk tubuh batas makan pola makan sehat tubuh lelah pertama percaya temen keluarga bahkan konselor makan kecil atur ingat harga nyaman siapa bicara,-1,0,0.80632806,True,high
5957,Saya khawatir tentang kesehatan mental orang tua saya yang sudah lansia. Bagaimana saya bisa bantu mereka tetap sehat secara mental?,khawatir sehat mental lansia tetap sehat mental anak super peduli bangga sehat mental lansia penting tetap bahagia rutin dengerin jalan jalan ringan aktivitas main kartu tanam bunga segar lansia senang laku bareng minggu,-1,0,0.7671504,True,high
5958,Saya khawatir tentang kesehatan mental saya saat tua nanti. Bagaimana saya bisa persiapkan diri untuk tetap sehat secara mental?,khawatir sehat mental siap diri tetap sehat mental keren mikirin masa depan bawa tantang siapin diri jaga tetap baca buku main teka teki tetap temen keluarga dukung sosial kuat olahraga ringan jalan yoga tubuh sehat kecil temen minggu excited masa depan laku,-1,0,0.80305254,True,high
5964,"Saya punya diabetes dan ingin lihat sisi positif, tapi susah, bikin down. Bagaimana ini membantu, dan apa yang bisa saya lakukan?",diabetes sisi positif susah down laku sisi positif inspiratif diabetes empati makna harga hidup naikin sehat mental positif diabetes peduli sehat laku jalan santai naikin mood alam temen inspirasi positif diabetes susah positif,-1,0,0.7969038,True,high
5966,"Saya ingin hidup lebih sehat, tapi bingung mulai dari mana. Apa itu kebiasaan kesehatan, dan bagaimana saya bisa memulainya untuk bantu kesehatan mental saya?",hidup sehat sehat mula sehat mental semangat hidup sehat luar sehat kecil laku jaga tubuh jalan kaki makan tidur cukup tanam benih taman batin tenang bahagia sehat mental olahraga ringan ningkatin mood makan sehat jernih jalan denger musik favorit sehat kapan,-1,0,0.770663,True,high
5968,"Saya merasa kebiasaan buruk saya dari kecil susah diubah. Bagaimana kebiasaan masa kecil memengaruhi saya sekarang, dan apa yang bisa saya lakukan?",kecil susah ubah masa kecil pengaruh laku kecil tempel sehat makan berapa masa kanak kanak bentuk pola kabar ubah pola jarang olahraga jalan kaki nikmat udara segar alas ubah happy motivasi lama ubah,-1,5,0.7811716,True,high
5970,"Saya merasa temen saya bikin saya susah hidup sehat. Bagaimana pengaruh sosial memengaruhi kesehatan mental saya, dan apa yang bisa saya lakukan?",temen susah hidup sehat pengaruh sosial pengaruh sehat mental laku tahu sosial susah gampang jaga sehat sendiri teman keluarga dorong olahraga bareng ngajak makan sehat stres cemas sehat mental temen suportif jalan santai masak sehat bareng temenmu susah batas diri siapa dukung laku bareng,-1,0,0.7966056,True,high
5971,"Saya susah ke dokter karena biaya, dan itu bikin saya stres. Bagaimana akses kesehatan memengaruhi saya, dan apa yang bisa saya lakukan?",susah dokter biaya stres akses sehat pengaruh laku tahu biaya sehat stres sendiri akses dokter saran gaya hidup olahraga diet penting jaga tubuh dokter tetap laku sehat sendiri jalan kaki gratis taman makan klinik gratis sehat daerah kurang stres meditasi susah dokter sehat,-1,0,0.7466217,True,high
5972,"Saya merasa kebiasaan buruk saya karena orang tua dulu nggak ngajarin. Bagaimana ini memengaruhi saya sekarang, dan apa yang bisa saya lakukan?",ngajarin pengaruh laku paham kecil bekas ubah peran bentuk sehat makan sehat olahraga lewat contoh diajarin susah kuasa pilih sehat makan porsi laku pelan pelan inspirasi temen pertama,-1,0,0.82357085,True,high
5975,"Keluarga saya punya riwayat diabetes, dan itu bikin saya cemas. Bagaimana fokus pada risiko bisa bantu, dan apa yang bisa saya lakukan?",keluarga riwayat diabetes cemas risiko laku tahu cemas riwayat keluarga berat peduli risiko arti perhati ekstra riwayat sakit diabetes cegah sehat mental proaktif gula darah rutin makan rendah gula jalan dokter saran spesifik cemas sehat,-1,12,0.7772458,True,high
5976,Saya merasa saran kesehatan umum nggak cocok sama budaya saya. Bagaimana intervensi sesuai budaya bisa bantu kesehatan mental saya?,saran sehat umum cocok intervensi sesuai sehat mental tahu saran sehat nyambung sendiri intervensi sesuai saran sehat nilai gaya hidup masak makan sehat khas olahraga sesuai norma sehat mental harga motivasi lokal promosi sehat dokter paham latar belakang nilai penting sehat nyambung,-1,1,0.7098788,True,high
5978,"Saya nggak tahu kenapa saya makan berlebihan, dan itu bikin cemas. Bagaimana pemantauan diri bisa bantu, dan apa yang bisa saya lakukan?",tahu makan cemas pantau diri laku tahu cemas makan enak paham pantau diri detektif diri sendiri catat kapan makan stres bosan sehat mental pola ubah buku catat kecil makan picu denger musik bosan makan kapan catat,-1,0,0.7799212,True,high
5981,"Saya sering cemas, dan itu bikin saya makan nggak sehat. Bagaimana pelatihan relaksasi bisa bantu, dan apa yang bisa saya lakukan?",cemas makan sehat relaksasi laku cemas berat luar ubah relaksasi meditasi tenangin kurang dorong makan sehat ningkatin sehat mental teknik detik tahan detik keluar detik bayangin tempat damai pantai relaksasi pandu cemas kapan teknik,-1,0,0.8168067,True,high
5985,"Saya merasa nggak punya dukungan untuk hidup sehat, dan itu bikin down. Bagaimana komunitas bisa bantu kesehatan mental saya, dan apa yang bisa saya lakukan?",dukung hidup sehat down sehat mental laku tahu sendiri enak sendiri intervensi kelompok lari kelas masak sehat dukung sosial semangat jaga sehat sehat mental bahagia lokal klub jalan kaki grup acara aktivitas info,-1,0,0.77040005,True,high
5986,"Saya lihat iklan kesehatan di TV, tapi susah ubah kebiasaan, dan itu bikin frustrasi. Bagaimana media massa bisa bantu, dan apa yang bisa saya lakukan?",iklan sehat susah ubah frustrasi media massa laku frustrasi susah ubah perhati iklan media massa iklan antirokok mata risiko sehat mikir sehat mental ningkatin motivasi ubah pilih pesan iklan kurang soda rencana kecil soda lemon iklan inspiratif dorong pesan sehat perhati,-1,0,0.7602886,True,high
5987,"Saya dari keluarga dengan ekonomi terbatas dan merasa sulit hidup sehat, yang bikin saya stres. Bagaimana faktor sosial memengaruhi saya, dan apa yang bisa saya lakukan?",keluarga ekonomi batas sulit hidup sehat stres faktor sosial pengaruh laku tahu hidup batas ekonomi tantang kuat ubah faktor sosial rendah sehat makan gizi olahraga sulit akses batas tambah stres kecil jalan kaki masak murah kolplay lokal gratis dukung kelompok olahraga paling stres kecil,-1,12,0.7649126,True,high
5989,"Saya merasa depresi dan berat badan saya terus naik, yang bikin saya tambah down. Bagaimana depresi dan obesitas saling terkait, dan apa yang bisa saya lakukan?",depresi berat badan terus naik tambah down depresi obesitas saling kait laku tahu lingkar depresi naik berat badan beban berat luar solusi depresi dorong makan lari emosi obesitas tambah rendah diri depresi putus lingkar aktivitas ningkatin mood jalan santai meditasi singkat curhat teman konselor depresi aktivitas kecil,-1,12,0.7945707,True,high
5992,"Saya dari keluarga sederhana dan merasa sulit jaga berat badan, yang bikin cemas. Mengapa ini terjadi, dan apa yang bisa saya lakukan?",keluarga sederhana sulit jaga berat badan cemas laku paham betapa sulit jaga sehat sumber daya batas usaha wanita rendah hadap tantang akses makan sehat batas obesitas tingkat cemas kecil masak lokal murah bayam jalan kaki gratis kelompok jalan kaki cemas sehat,-1,0,0.7718468,True,high
5993,"Saya makan banyak saat stres, dan itu bikin saya merasa bersalah. Bagaimana stres memengaruhi makan saya, dan apa yang bisa saya lakukan?",makan stres salah stres pengaruh makan laku tahu salah berat sendiri stres makan otak nyaman makan utama manis lemak sehat mental ganggu makan aktivitas stres denger musik simpan sehat dekat paham picu stres aktivitas,-1,0,0.8157103,True,high
5996,"Saya nggak tahu kenapa saya makan berlebihan, dan itu bikin cemas. Bagaimana pemantauan diri bisa membantu, dan apa yang bisa saya lakukan?",tahu makan cemas pantau diri laku tahu cemas tekan paham pantau diri detektif pola makan catat kapan makan stres bosan sehat mental pola ubah buku catat kecil makan emosi picu jalan kaki bosan makan kapan catat,-1,3,0.7732148,True,high
6000,"Saya merasa sendiri coba turunkan berat badan, dan itu bikin down. Bagaimana dukungan sosial membantu, dan apa yang bisa saya lakukan?",sendiri turun berat badan down dukung sosial laku tahu sendiri sulit sendiri dukung sosial temen keluarga makan sehat semangat kurang stres sehat mental temen masak resep sehat gabung grup olahraga lokal sehat bareng forum diet motivasi siapa dukung aktivitas sehat bareng,-1,0,0.7666754,True,high
6002,"Saya selalu makan berlebihan di pesta, dan itu bikin stres. Bagaimana pencegahan kekambuhan membantu, dan apa yang bisa saya lakukan?",makan pesta stres cegah kambuh laku pesta penuh goda cegah kambuh ajarin koping situasi risiko pesta rencana makan sehat pergi sehat mental kendali strategi pesta pilih bawa afirmasi pilih sehat makan pesta strategi,-1,0,0.7024102,True,high
6003,"Saya khawatir teman saya punya gangguan makan, dan itu bikin saya cemas. Bagaimana gangguan ini memengaruhi kesehatan mental, dan apa yang bisa saya lakukan?",khawatir teman ganggu makan cemas ganggu pengaruh sehat mental laku khawatir tunjuk teman peduli luar ganggu makan anoreksia bulimia cemas depresi rendah harga diri obsesi tubuh makan serius teman bicara lembut khawatir dorong konselor dokter dukung dengar khawatir dekat teman,-1,0,0.793666,True,high
6004,"Saya takut adik saya menunjukkan tanda-tanda anoreksia, dan itu bikin saya panik. Bagaimana anoreksia memengaruhi kesehatan mental, dan apa yang bisa saya lakukan?",takut adik tunjuk anoreksia panik anoreksia pengaruh sehat mental laku tahu panik adik berat peduli anoreksia adik cemas depresi obsesi tubuh ganggu sehat mental dekat penuh sayang khawatir dorong dokter konselor lembut tunjuk dukung makan sehat bareng komentar tubuh siapa bicara adik,-1,12,0.7540754,True,high
6005,"Saya khawatir anoreksia adik saya terkait keluarga kami, dan itu bikin stres. Bagaimana keluarga memengaruhi, dan apa yang bisa saya lakukan?",khawatir anoreksia adik kait keluarga stres keluarga pengaruh laku paham stres berat luar adik faktor genetik pola keluarga tekan sempurna konflik picu anoreksia sehat mental ganggu obrol keluarga dukung adik bareng dorong adik konselor libat keluarga terapi perlu tunjuk sayang tampil dinamika keluarga khawatir,-1,12,0.78938335,True,high
6006,"Saya takut teman saya dengan anoreksia nggak mau ke dokter, dan itu bikin cemas. Bagaimana terapi membantu, dan apa yang bisa saya lakukan?",takut teman anoreksia dokter cemas terapi laku khawatir tunjuk teman luar terapi anoreksia naik berat badan sakit ubah pola kurang cemas tingkatin sehat mental teman bicara empati tahu susah tawar nemenin dokter info terapi teman takut dukung,-1,7,0.82599974,True,high
6007,"Saya khawatir teman saya bulimia karena dia makan banyak lalu muntah, dan itu bikin saya stres. Bagaimana bulimia memengaruhi kesehatan mental, dan apa yang bisa saya lakukan?",khawatir teman bulimia makan muntah stres bulimia pengaruh sehat mental laku tahu teman stres peduli bulimia cemas depresi hilang kontrol siklus makan muntah ganggu sehat mental dekat teman lembut khawatir rasain dorong konselor dokter tunjuk dukung judgement khawatir teman,-1,0,0.7928325,True,high
6008,"Saya merasa makan banyak saat sedih, dan itu bikin saya merasa buruk. Bagaimana emosi negatif memengaruhi, dan apa yang bisa saya lakukan?",makan sedih emosi negatif pengaruh laku paham betapa sulit makan sendiri emosi negatif sedih picu makan otak nyaman sehat mental drop makan aktivitas sedih simpan sehat kacang temen curhat sedih aktivitas,-1,0,0.86311066,True,high
6009,"Saya pikir saya punya bulimia, tapi takut ke dokter, dan itu bikin cemas. Bagaimana terapi membantu, dan apa yang bisa saya lakukan?",bulimia takut dokter cemas terapi laku berani luar takut terapi bulimia atur pola makan pantau ubah negatif kombinasi obat kurang dorong makan sehat mental kendali konselor ramah hotline sehat mental bicara siap layak sembuh takut kecil,-1,7,0.8208143,True,high
6010,"Saya coba atasi bulimia, tapi kambuh saat stres, dan itu bikin down. Bagaimana pencegahan kekambuhan membantu, dan apa yang bisa saya lakukan?",bulimia kambuh stres down cegah kambuh laku kuat udah usaha bulimia kambuh cegah kambuh ajarin koping situasi stres rencana stres meditasi sehat mental siap picu stres solusi denger musik jalan kaki simpan jurnal lacak progres hadap situasi kambuh koping,-1,0,0.779083,True,high
6011,Mengapa kegiatan sederhana seperti makan teratur dan jalan santai bisa membantu kesehatan mentalku?,giat sederhana makan atur jalan santai sehat mental tenang saraf makan imbang gera ringan beri otak tubuh cemas sedih cenderung reda,-1,0,0.8322871,True,high
6012,Bagaimana menerapkan konsep ‘values’ dari ACT untuk memotivasi diri bangun pagi?,terap konsep values motivasi diri pagi tindak kecil nilai penting sehat keluarga ingat diri awal energi main adik,-1,0,0.76514626,True,high
6013,"Aku merasa lapar padahal baru saja makan, apa yang salah denganku?",lapar padahal makan salah kondisi lapar muncul bukan perut kosong makan makan goda perhati stres bosan tahu picu,-1,0,0.77879876,True,high
6014,Aku nggak yakin aku bisa pilih gaya hidup baru. Aku nggak tahu caranya mulai dari mana. Kamu punya saran?,yakin pilih gaya hidup tahu saran paham berat sederhana syukur sudut positif daftar bareng turut pertama,-1,0,0.7648237,True,high
6015,Apa sebenarnya rumination itu?,rumination rumination kunyah ulang ulang timbul stres tambah tonton ulang film sedih tombol henti george slavich sebut cognitive looping hambat masuk,-1,8,0.68756497,True,high
6019,Kenangan buruk sering muncul di pikiran saya. Apa yang bisa saya lakukan?,kenang muncul laku kenang muncul berat sendiri pribadi simpan alam tekan lupa kenang kertas situ teman dekat jurnal ringan beban kenang proses,-1,3,0.7722697,True,high
6021,"Sebagai dewasa, bagaimana memulihkan harapan saat hidup terasa berat?",dewasa pulih harap hidup berat ingat momen kecil catat otak nali positif,-1,0,0.701265,True,high
6023,Kadang saya merasa overwhelmed dengan pikiran saya. Bagaimana cara mengatasinya?,overwhelmed lari kewalahan tugas nyaring masuk terlalu masuk teknik sederhana lama detik tahan detik keluar detik tenang paling ganggu keluar kepala,-1,0,0.7939433,True,high
6024,Saya sering teringat kenangan buruk. Apakah itu normal?,ingat kenang sendiri kenang muncul sekal pribadi simpan alam tekan lupa kenang muncul ingat perlu proses kenang kertas teman dekat ringan,-1,3,0.70947766,True,high
6038,"Aku suka hitung-hitung angka di kepala kalau lagi stres, kayak ritual gitu. Tapi aku nggak tahu kenapa. Apa ini aneh?",hitung hitung angka kepala stres ritual tahu aneh aneh kurang cemas jelas hitung beri kontrol perhati hitung situ perhati aktivitas tenang lanjut kapan,-1,0,0.7722482,True,high
6039,Aku ngerasa capek banget sama pikiran yang muter-muter di kepala. Ada cara cepat buat berhentiin ini?,ngerasa capek muter muter kepala cepat berhentiin tahu lelah sayang cepat henti kelola teknik grounding sentuh benda perhati terus ganggu terapi kognitif papar muncul situ,-1,0,0.8526375,True,high
6041,"Aku coba mindfulness, tapi pikiranku malah kemana-mana. Aku gagal nggak sih?",mindfulness malah gagal haha gagal sekali lari lari justru mindfulness bukan kosong notice lari terus balikin fokusin udah usah lama lari,-1,2,0.746382,True,high
6042,Aku nggak bisa berhenti nangis tiap inget kehilangan yang aku alami. Apa aku lemah?,henti nang inget hilang alami lemah nang bukan lemah sedang hilang mudah mata proses kenang tenang nemenin,-1,0,0.7939606,True,high
6043,"Aku pengen lebih mindful, tapi nggak tahu mulai dari mana. Ada saran?",mindful tahu saran keren mindfulness sederhana perhati udara masuk keluar nilai perhati dengar sentuh mikir terlalu jauh laku lama lama mudah buku aplikasi mindfulness,-1,3,0.79551774,True,high
6045,Aku pengen suara-suara itu berhenti. Apa ada cara cepet?,henti cepet hilang sayang instan teknik relaksasi perhati aktivitas hasil bicara psikolog tahu muncul ngelolanya lupa,-1,0,0.83916044,True,high
6047,Kadang aku minum banyak biar lupa sama masalahku. Itu salah nggak sih?,lupa salah paham lari diri lupa tambah rumit tadi dilupain malah ngatasin curhat percaya teknik relaksasi lupa,-1,0,0.7605607,True,high
6049,"Aku sering merasa sedih tiba-tiba, tapi sulit mengalihkan pikiran. Ada cara sederhana buat memperbaikinya?",sedih sulit sederhana sedih datang nyata valid otak butuh ringan stimulasi game trivia pilih usaha ingat otak kerja puas hasil picu dopamin mood angkat ahli cukup main santai bahkan sendiri manfaat,-1,3,0.8443183,True,high
6050,"Akhir-akhir ini aku gampang stres. Rasanya nggak tenang, bahkan di rumah.",akhir akhir gampang stres tenang bahkan lelah salah luang hewan pelihara sekadar elus kucing main bahkan ikan akuarium tenang otak tonton hewan reda tegang inti beri ruang kecil tubuh rileks tuntut,-1,0,0.75558877,True,high
6051,"Aku merasa otakku makin lambat, gampang lupa, dan sulit fokus. Apa itu berarti aku mulai sakit?",otak makin lambat gampang lupa sulit arti sakit arti sakit serius otak kurang otak butuh rutin tantang diri baca buku rumit puzzle terampil bukan sempurna otak tetap stimulasi gejala makin berat tetap diskusi tenaga medis,-1,3,0.84643483,True,high
6053,Apakah menutup mata bisa bikin otak lebih segar?,tutup mata otak segar betul tutup mata jenak beri sempat indra kerja optimal tingkat memori bahkan kreativitas lelah luang duduk tenang mata pejam sederhana tenang,-1,3,0.79847145,True,high
6054,"Aku sering merasa otakku terpisah dari tubuhku, padahal rasanya aku butuh keseimbangan. Bagaimana caranya?",otak pisah tubuh padahal butuh imbang utama terlalu ingat otak erat seluruh tubuh jaga sehat fisik emosi imbang stabil diri bukan pisah pisah,-1,0,0.7787534,True,high
6055,Saya sering merasa kewalahan saat multitasking. Apa itu tanda masalah fokus?,kewalahan multitasking multitasking otak tugas lelah lelah salah kerja sekaligus beri prioritas tugas efektif kurang beban mental,-1,0,0.7064197,True,high
6056,Kenapa sih aku sering cepat lupa dan susah ambil keputusan ketika lagi banyak tekanan?,cepat lupa susah putus tekan stres ganggu kerja otak rentan lupa sulit bahkan susah putus bukan lemah tubuh sedang kerja hadap tekan ringan istirahat sebentar atur laku kecil tenang otak pelan pelan jernih,-1,3,0.8265558,True,high
6057,"Aku sering nulis to-do list, tapi kadang malah bikin tambah tertekan karena nggak semuanya selesai. Apa gunanya sebenarnya?",nulis list malah tambah tekan justru list otak kurang beban perlu ingat sekaligus bahkan kecil coret otak hasil dopamin suasana hati penting maju kecil raya,-1,3,0.82169175,True,high
6058,Aku merasa lebih tenang kalau nulis diary. Apakah itu memang ada manfaatnya buat kesehatan mental?,tenang nulis diary manfaat sehat mental jurnal manfaat tangan otak daya ingat tingkat emosi salur proses refleksi paham sendiri bahkan gera ulang tubuh rileks lanjut sehat rawat diri,-1,3,0.78257906,True,high
6059,"Aku sering multitasking biar cepet selesai, tapi malah jadi capek dan hasilnya nggak maksimal. Kenapa bisa gitu ya?",multitasking cepet malah capek hasil maksimal otak rancang multitasking otak bolak balik pindah tugas energi cepat kuras kualitas kerja turun bukan kurang pintar kerja otak kerja lanjut tugas hasil,-1,3,0.7724574,True,high
6061,"Kalau aku lagi kepikiran terus sampai stres, apa ada cara simpel untuk nenangin diri?",terus stres simpel nenangin diri salah laku aktivitas ulang rapi kamar cuci piring main game sederhana aktivitas otak henti lingkar stres justru ruang kreativitas tetap produktif sekaligus tenang,-1,0,0.79669297,True,high
6063,Seberapa sering saya harus melatih memori agar ada perubahan nyata?,berapa memori ubah nyata konsistensi penting kecil ulang nama hafal baris diri pagi kuat koneksi saraf simpan memori,-1,3,0.8169222,True,high
6064,Saya sering lupa minum air dan merasa pusing. Seberapa penting hidrasi untuk otak?,lupa pusing berapa penting hidrasi otak penting otak dehidrasi pusing kurang konsentrasi ganggu fungsi kognitif usaha cangkir periksa urin jernih kuning pucat hidrasi,-1,3,0.7491162,True,high
6065,"Saya ingin melatih ingatan saya, tapi tidak tahu harus mulai dari mana. Ada saran sederhana?",ingat tahu saran sederhana bagus senang lama tonton picu kenang teman masa main memori singkat aktivitas nostalgia stimulasi memori jangka panjang tingkat fungsi kognitif laku rutin jangan paksa lelah,-1,3,0.8590785,True,high
6066,Saya sering merasa otak 'lelah' saat mengerjakan tugas sulit. Kenapa rasanya begitu berat padahal tubuh saya tidak capek?,otak lelah kerja tugas sulit berat padahal tubuh capek umum harap tekan mental tugas lelah sikap ekspektasimu pengaruh alam lelah mental ubah dekat tugas kecil beri jeda singkat ingat lelah bukan mampu kurang istirahat strategi,-1,0,0.8187333,True,high
6067,Kadang saya rindu masa lalu dan merasa lebih baik setelah melihat foto lama. Apakah itu buruk?,rindu masa lama sekali nostalgia beri nyaman optimisme hadap masa depan unjung kenang lewat stimulasi memori mood jaga imbang apresiasi masa rawat butuh hidup,-1,0,0.7599077,True,high
6068,Bagaimana saya bisa mencegah 'penyusutan otak' saat menua? Saya takut kehilangan memori.,cegah susut otak takut hilang memori beberapa nyata henti kurang konsumsi alkohol kelola stres tetap fisik terus aktivitas intelektual sosial sangga efek otak khawatir memori bicara tenaga medis nilai saran spesifik,-1,12,0.8311585,True,high
6069,Saya merasa otak saya 'malas' dan susah fokus. Apakah belajar lebih banyak bisa membantu?,otak malas susah erti frustasi tingkat kelas tantang bukan kenal tajam mental panjang daya ingat pilih topik perlahan tingkat sulit sesi singkat konsisten ubah kecil rutin seringkali pengaruh usaha sekali,-1,3,0.84403396,True,high
6070,"Saya selalu mengandalkan GPS, tapi kadang saya merasa jarang melatih ingatan arah. Apakah itu berpengaruh?",andal jarang ingat arah pengaruh andal otak kurang memori spasial sekal peta kertas rute kendara jalan pecah memori ruang beri otak tantang sehat,-1,3,0.80236113,True,high
6072,Saya kesulitan mengubah kebiasaan lama. Apakah otak memang membatasi perubahan?,sulit ubah lama otak batas ubah alam bentuk sirkuit saraf proses mielinasi jalur efisien alami sulit ubah ulang perhati konsistensi jalur bentuk kuat kecil beri,-1,13,0.75549746,True,high
6073,Saya sering menunda dan merasa terjebak dalam pola lama. Bagaimana cara mempelajari respons yang lebih tepat?,tunda jebak pola lama respons tepat pola respons lewat praktik kala jalur saraf bentuk ulang perilaku konteks kecil alami beri diri apresiasi maju kecil bukan tunggu ubah sekaligus,-1,10,0.7597046,True,high
6074,Saya ingin memperbaiki rutinitas agar otak lebih 'sehat'. Rutinitas pagi sederhana apa yang bisa saya coba?,otak sehat pagi sederhana timbang singkat beberapa relaksasi sarap tugas kecil rangsang baca teka teki singkat konsistensi otak adaptasi sehat,-1,3,0.7282103,True,high
6075,Saya merasa sulit merasakan kebahagiaan. Apakah ada cara realistis untuk melatih otak saya supaya bisa menikmati hal-hal kecil lagi?,sulit bahagia realistis otak nikmat kecil dengar sedang lelah susah bahagia berat salah dekat tahap laku aktivitas kecil nyaman senang lama turut turut tuju bukan paksa diri langsung bahagia beri otak sesuai diri suatu sulit ulang tindak kecil,-1,0,0.8394128,True,high
6077,"Saya ingin belajar bahasa baru, tapi takut mulai karena terasa sulit. Apakah itu benar-benar berguna untuk otak?",bahasa takut sulit otak putus bahasa bagus bahasa tantang otak sehat memori konsentrasi fleksibilitas target kecil hadiah diri capai tonggak kecil proses motivasi,-1,3,0.81624013,True,high
6080,Orang tua saya menyuruh saya belajar catur untuk meningkatkan IQ. Apakah bermain catur benar-benar membantu?,suruh catur tingkat main catur dokumen sebut main catur tingkat terampil konsentrasi mampu kenal pola khusus main beberapa minggu lama beberapa bulan beberapa main catur aktivitas sosial tantang senang manfaat muncul konsisten bukan janji instan,-1,3,0.7284709,True,high
6081,Saya merasa sendirian dalam mencari stimulasi mental. Apa lagi selain catur yang bisa membantu?,sendiri stimulasi mental catur timbang aktivitas tantang otak teka teki logika bahasa main strategi gabung diskusi rangsang penting aktivitas paksa beri capai kecil konsisten,-1,10,0.78322685,True,high
6083,Saya sudah mencoba membaca keras tapi tetap lupa. Apa yang harus dilakukan?,baca tetap lupa laku kombinasi teknik kecil ulang kala spaced repetition kenal tidur cukup memori signifikan konsultasi profesional medis,-1,10,0.7103748,True,high
6084,Saya sering takut istirahat lalu tidak bisa kembali fokus lagi. Bagaimana mengatur jeda efektif?,takut istirahat atur jeda efektif batas jeda singkat laku aktivitas kognitif jalan sebentar timer kerja segera jeda struktur segar otak ganggu ritme kerja,-1,3,0.70947695,True,high
6085,Apakah istirahat sama dengan multitasking?,istirahat multitasking multitasking paksa otak tugas rupa justru lelah istirahat saran laku beri otak sempat reset bukan tugas tetap tuntut,-1,3,0.740659,True,high
6086,Saya malas melatih memori karena merasa sudah 'tua' dan tidak bisa berubah. Masih ada harapan?,malas memori ubah harap otak tunjuk ingat lewat tepat sederhana kelompok visual ingat urut ulang struktur hasil tahap beri diri puji konsistensi bukan ekspektasi instan,-1,3,0.7962509,True,high
6087,Saya selalu memakai kalkulator untuk hal kecil dan merasa kemampuan berpikir cepat saya menurun. Apa yang bisa saya lakukan?,kalkulator kecil mampu cepat turun laku kurang kalkulator tugas bagus otak tantang kecil hitung mental belanja sederhana laku tahap frustasi bukan tolak teknologi beri ruang mampu kognitif,-1,3,0.81897295,True,high
6088,Bolehkah saya menghadiahi diri dengan sesuatu saat mencapai target sederhana?,hadiah diri capai target sederhana hadiah sehat mandi hangat tonton episode serial favorit maju otak kait usaha senang,-1,0,0.76226544,True,high
6089,Mengapa nostalgia justru membuat saya senang?,nostalgia justru senang nostalgia otak produksi hormon bahagia ingat hidup penuh momen harga layak syukur,-1,0,0.7366346,True,high
6090,Bagaimana menghentikan pikiran negatif di malam hari?,henti negatif khawatir kertas parking simpan kata diri tinjau teknik beri otak izin istirahat,-1,0,0.7314928,True,high
6091,"Saya ingin lebih aktif, tapi selalu lupa, dan itu bikin frustrasi. Bagaimana penugasan perilaku bisa bantu, dan apa yang bisa saya lakukan?",lupa frustrasi tugas perilaku laku frustrasi lupa tugas perilaku tugas kecil catat berapa jalan rencanain jalan makan sehat mental organisir sukses jurnal aktivitas lama minggu taruh ingat ponsel tugas kecil kapan,-1,3,0.8069519,True,high
6093,Bagaimana membuat ‘reward’ kecil bisa membantuku keluar dari siklus malas?,reward kecil keluar siklus malas tugas mini pasang hadiah sederhana tonton favorit kerja otak asosiasi usaha senang mudah konsistensi,-1,3,0.7652239,True,high
6098,"Aku merasa sulit untuk belajar akhir-akhir ini, rasanya otakku nggak bisa nyambung. Apa yang bisa aku lakukan?",sulit akhir akhir otak nyambung laku tahu otak kerja sisi proses cipta suasana nyaman tempat stres pecah materi kecil overwhelning stuck istirahat sebentar metode catat visual,-1,10,0.82019424,True,high
6099,Kenapa ya aku susah banget ngapalin pelajaran? Padahal aku udah usaha.,susah ngapalin padahal udah usaha ngapalin frustasi materi ulang materi temen diskusi otak butuh klik favorit ngapalin,-1,3,0.7335833,True,high
6101,Aku merasa belajar itu nggak ada hasilnya. Apa yang salah?,hasil salah jalan tempat pengin paham ngejar nilai otak tuju kecil paham topik reward diri sendiri nonton serial favorit hasil,-1,0,0.7630667,True,high
6103,"Aku merasa nggak bisa tenang, selalu khawatir. Apa yang bisa membantu?",tenang khawatir khawatir tubuh lelah psikologi akal perlu rawat jebak cemas dokumen jaga akal masuk hindar rusak teknik sederhana khawatir sisih khusus sisa perhati aktivitas rileks terus ganggu tahu picu,-1,0,0.83607864,True,high
6111,Aku takut lupa sama kenangan penting dalam hidupku. Apa yang bisa aku lakuin?,takut lupa kenang penting hidup lakuin kenang penting harga takut hilang ingat kerja simpan jejak jejak alam jejak pudar kenang jurnal simpan ingat ingat kabur bangkit momen,-1,5,0.7274974,True,high
6115,Aku merasa ingatanku penuh. Bisa nggak sih otak kehabisan ruang?,ingat penuh otak habis ruang hehe otak penuh hard disk tenang otak habis ruang kewalahan terlalu masuk sekaligus kurang distraksi tidur cukup otak sortir ingat atur,-1,3,0.8118406,True,high
6119,Aku merasa otakku lambat nyerna informasi. Apa yang salah?,otak lambat nyerna salah salah otak proses lambat otak capek terlalu distraksi tempat tenang pecah kecil jangan lupa otak istirahat kerja optimal,-1,3,0.8058347,True,high
6123,Aku pengen simpan kenangan bahagia lebih lama. Ada saran?,simpan kenang bahagia lama saran kenang bahagia harta simpan lama otak momen album ngobrolin kenang dekat jejak kuat ingat sederhana catat momen bahagia minggu,-1,3,0.7470746,True,high
6130,Aku merasa apa yang aku lihat kadang nggak sesuai sama kenyataan. Kenapa?,sesuai nyata otak kosong jauh burung padahal daun dekat perhati lama otak proses capek stres istirahat penting,-1,3,0.814749,True,high
6135,Aku suka bingung bedain mana yang bener-bener perlu aku perhatiin. Apa yang salah sama aku?,bedain perlu perhatiin salah salah otak kewalahan pilih depan paling deket tuju buku baca rangin distraksi benda relevan jernih,-1,0,0.8082815,True,high
6137,Aku kadang merasa pusing kalau lihat sesuatu yang warnanya terlalu mencolok. Itu kenapa?,pusing terlalu colok colok otak kerja proses capek stres pusing nyaman istirahat mata netral hijau biru cukup istirahat,-1,0,0.79297566,True,high
6138,Aku suka notice gerakan di keramaian lebih cepat. Itu bikin aku susah fokus. Ada saran?,notice gera ramai cepat susah saran otak rancang peka gera penting susah diri meditasi singkat teknik kurang distraksi visual kerja,-1,0,0.79052067,True,high
6144,Kenapa ya aku gampang ingat hal yang bikin sedih ketimbang yang bikin senang?,gampang ingat sedih ketimbang senang otak cenderung nempel emosi kuat masuk sedih ingat berat luang catat momen momen bahagia otak ingat senang layak ingat senyum,-1,3,0.83629084,True,high
6153,Aku takut lupa kenangan penting dalam hidupku. Apa yang bisa aku lakukan?,takut lupa kenang penting hidup laku takut kenang penting diri jaga kenang jurnal momen momen benda kecil ingat ingat simpan detail jaga paling arti kenang khusus takut lupa,-1,3,0.8110448,True,high
6155,Aku kadang nggak bisa ngomong karena lupa kata yang mau aku ucapkan. Apa ini serius?,ngomong lupa kata serius sedang lelah stres otak beban nama blocking serius sekal beri sebentar kata muncul frustrasi tahu tekan,-1,3,0.82626295,True,high
6161,"Aku pernah coba belajar semaleman, tapi malah lupa semua. Kenapa ya gitu?",maleman malah lupa maleman kurang efektif otak butuh istirahat proses begadang otak malah lelah susah nyimpan memori sesi pendek lama beberapa tidur tidur otak simpan jangan paksain diri otak,-1,3,0.7970302,True,high
6165,Aku sering ngerasa otakku penuh kalau belajar banyak. Gimana ngatasinnya?,ngerasa otak penuh ngatasinnya penuh otak butuh jeda atur jadwal sesi pendek istirahat teknik otak lelah jangan lupa tidur cukup tidur otak atur ulang berat pilih topik ringkas lanjut pelan pelan perlu buru buru,-1,3,0.8222305,True,high
6170,"Aku sering lupa sama hal yang nggak penting, tapi kenapa susah lupa sama kenangan buruk?",lupa penting susah lupa kenang otak cenderung kuat simpan kenang emosi kuat otak lindung bahaya kecil penting cepat lupa otak anggap prioritas kenang ganggu percaya ringanin beban emosional,-1,3,0.8548771,True,high
6172,Aku merasa otakku lambat nyerna pelajaran. Apa aku kurang pinter?,otak lambat nyerna kurang pinter pinter cepat lambat pecah kecil paham cocok catat jelasin temen penting jangan bandingin diri otak nyerna pelan pelan,-1,3,0.8151829,True,high
6177,Aku bingung sama banyak informasi di kepalaku. Gimana cara ngaturnya?,kepala ngaturnya kepala penuh peta pisahin penting tunda topik ulang pelan pelan otak perlu istirahat overload urutin,-1,3,0.808723,True,high
6179,Aku suka kepikiran masalah lama yang nggak selesai. Kayaknya pikiranku nggak bisa lepas. Apa yang bisa aku lakuin?,lama lepas lakuin berat terus muter otak nyari solusi luang curhat kertas lega urutin,-1,11,0.73020065,True,high
6184,Bagaimana menghentikan drama internal?,henti drama internal time worry beri khusus khawatir diri aktivitas fisik batas terus lebar,-1,10,0.7206483,True,high
6185,Tips singkat atasi stres di kantor?,tips singkat stres kantor micro break diri regang bahu cukup segar,-1,10,0.6736429,True,high
6186,"Aku cemas mikirin kesehatan, takut sakit parah. Gimana caranya biar pikiranku lebih kuat?",cemas mikirin sehat takut sakit parah kuat khawatir sehat lelah benteng fakta sehat jaga diri syukur tubuh keluarga kecil makan sehat olahraga ringan tenang kuat jalan kaki sore,-1,0,0.7911405,True,high
6187,"Aku takut sakit parah, rasanya pasti kena penyakit. Gimana caranya biar nggak cemas terus?",takut sakit parah kena sakit cemas terus takut sakit tenang bukti sakit sehat jalan makan enak kecil makan tidur cukup cemas bayangin tempat tenang temen tambah porsi,-1,0,0.82936525,True,high
6188,Saya stres karena takut kehilangan pekerjaan. Bagaimana cara mengelola ketakutan ini?,stres takut hilang kerja kelola takut takut sendiri hadap butuh stabilitas kerja penting tenang rencana kecil sisih tabung update siap laku aktivitas tenang jalan kaki meditasi singkat kecil,-1,0,0.841504,True,high
6189,Aku sering sakit kepala kalau lagi stres. Apa bener ini karena pikiranku? Gimana caranya biar nggak gampang sakit gara-gara stres?,sakit kepala stres gampang sakit gara gara stres pengaruh tubuh sakit kepala muncul stres tegang lakuin relaksasi sederhana luangin meditasi ringan aplikasi meditasi gratis jaga pola makan tidur tubuh sehat kuat stres tinggi cemas kecil ngatasinnya jaga diri,-1,0,0.82694703,True,high
6190,"Aku takut banget sakit, padahal udah jaga kesehatan. Gimana caranya biar nggak khawatir berlebihan?",takut sakit padahal udah jaga sehat khawatir takut sakit udah usaha jaga sehat lakuin makan sehat tidur cukup olahraga ringan syukur tubuh mata sehat kaki kuat khawatir muncul lakuin luangin rileks meditasi udah lanjutin,-1,0,0.81317365,True,high
6191,Aku takut banget kena penyakit meski udah hidup sehat. Gimana caranya biar nggak cemas terus?,takut kena sakit udah hidup sehat cemas terus takut sakit udah usaha sehat lakuin makan gizi olahraga ringan tidur cukup syukur tubuh kaki kuat tangan lincah cemas muncul udah lakuin luangin rileks meditasi lanjutin gaya hidup sehat,-1,0,0.82133687,True,high
6192,"Aku takut banget sakit, bikin cemas tiap hari. Gimana caranya biar nggak khawatir berlebihan?",takut sakit cemas khawatir takut sakit tahu syukur tubuh mata kaki laku makan sehat olahraga ringan tidur cukup ingat sehat sepenuh tangan usaha harga luangin tenang meditasi sehat,-1,0,0.81457555,True,high
6193,"Aku pengen liburan, tapi ga jadi terus. Apa itu bikin stres juga?",libur terus stres stres masuk nonevent kecewa aktivitas rileks tempat giat dekat,-1,0,0.7954126,True,high
6194,Aku merasa nggak bisa ngontrol hidupku karena aku selalu kekurangan. Gimana caranya biar nggak gitu?,ngontrol hidup kurang berat hidup luar kendali kecil kontrol respons stres rencana sederhana kecil atur,-1,8,0.71794236,True,high
6196,"Kesehatanku lagi nggak baik, dan aku takut nggak bisa ngapa-ngapain lagi. Gimana caranya biar aku nggak stres?",sehat takut stres sehat berat takut laku kecil pikirin aktivitas ringan khawatir sehat,-1,0,0.7947258,True,high
6197,"Aku merasa fisikku lelet banget akhir-akhir ini, dan itu bikin aku nggak bisa ngapa-ngapain. Apa ini normal?",fisik lelet akhir akhir fisik ubah frustrasi tubuh istirahat perlu detail capek terus nyeri pikirin kecil dokter langsung lama udah ganggu aktivitas,-1,0,0.81355417,True,high
6198,Aku merasa nggak bisa ngapa-ngapain karena badanku sakit-sakitan. Apa aku cuma harus terima aja?,badan sakit sakit terima sakit emang frustrasi stuck jangan buru buru nyerah dokter pastiin badan sederhana jaga sehat makan atur udah badan enak,-1,0,0.7856849,True,high
6199,Aku sering merasa stres gara-gara HIV. Ada cara nggak sih buat ngatasinnya?,stres gara gara ngatasinnya stres nyata senang beberapa relaksasi meditasi aktifitas senang jalan jalan jurnal stres berat konseling kelompok dukung aktivitas rileks,-1,1,0.7662194,True,high
6201,"Kalau aku ngerasa gelisah dan nggak bisa diem, itu kenapa ya?",ngerasa gelisah diem gelisah diem cemas stres tubuh reaksi tenang khawatir akhir akhir tenang,-1,0,0.7618997,True,high
6204,"Aku sering banget sakit kepala, apa ini karena stres atau cemas?",sakit kepala stres cemas sakit kepala kait stres cemas muncul tegang perhatiin pola overthinking teknik relaksasi istirahat cukup dokter bagus kepala sakit,-1,12,0.79017395,True,high
6205,"Aku sering banget kepikiran hal-hal buruk, kayak nggak bisa berhenti. Apa ini cuma aku aja?",henti sendiri putar putar alami utama stres cemas pola negatif otak stuck aktivitas susah profesional,-1,0,0.78338736,True,high
6206,Kadang aku merasa orang-orang di sekitarku ingin menyakiti aku. Aku harus apa?,sakit curiga cemas bukti nyata dukung tindak spesifik reaksi stres singkat tenang bareng,-1,0,0.7535107,True,high
6207,Aku kadang minum banyak pas lagi stres. Apa yang bisa aku lakukan biar nggak gitu?,stres laku stres lari solusi kenal stres ngatasinnya curhat meditasi olahraga daftar aktivitas tenang taruh tempat gampang rencana ngelola stres,-1,0,0.7749221,True,high
6208,"Aku merasa sakit terus-terusan di tubuhku, tapi dokter bilang tidak ada masalah fisik. Apa yang salah denganku?",sakit terus terus tubuh dokter fisik salah sakit nyata fisik jelas sakit pengaruh stres emosi berat bicara tekan kelola sakit teknik relaksasi,-1,0,0.80594784,True,high
6209,Kenapa aku selalu takut kalau rasa sakitku bakal tambah parah? Aku jadi menghindari banyak aktivitas.,takut sakit tambah parah hindar aktivitas takut sakit hidup ganggu hindar aktivitas lemah isolasi kecil jalan jalan ringan teman nyaman,-1,0,0.77610886,True,high
6210,Kadang aku merasa semua ini cuma ada di kepalaku. Apa iya sakitku nggak nyata?,kepala sakit nyata sakit nyata bukan kepala tubuh saling stres emosi kuat sakit dengerin bareng,-1,0,0.76572,True,high
6211,"Aku pengen aktif lagi, tapi takut sakitku kambuh. Apa yang harus aku lakukan?",takut sakit kambuh laku aktivitas ringan jalan kaki sebentar atur ritme beban tubuh rencana,-1,0,0.6686531,True,high
6212,"Aku nggak suka minum obat, tapi sakitku bikin aku nggak bisa ngapa-ngapain. Apa ada cara lain?",obat sakit khawatir obat teknik relaksasi meditasi aktivitas ringan sesuai kondisi paling cocok aktivitas,-1,10,0.6774396,True,high
6213,Aku merasa stres banget akhir-akhir ini karena sakit yang nggak kunjung sembuh. Apa yang bisa aku lakukan?,stres akhir akhir sakit kunjung sembuh laku tahu berat tubuh terus enak diafragma tenang tubuh perlahan lewat hidung lama detik perut kembang hembus perlahan lewat mulut lama detik laku pagi ingat,-1,0,0.79261684,True,high
6214,"Aku pengen aktif lagi, tapi takut sakitku tambah parah. Apa yang harus aku lakukan?",takut sakit tambah parah laku takut hindar aktivitas makin lemah malah nambah sakit tuju kecil jalan kaki sekali minggu khawatir konsultasi dokter aktivitas tuju kecil minggu,-1,7,0.73608774,True,high
6215,"Aku coba jalan kaki, tapi malah capek dan sakit. Apa aku harus berhenti?",jalan kaki malah capek sakit henti capek sakit jalan perlu atur ulang bukan henti kurang durasi jalan tempat datar catat sakit pola sakit parah dokter atur ulang tuju,-1,0,0.76668775,True,high
6216,Kadang aku merasa nyeri di tubuhku makin parah kalau aku lagi stres. Apa hubungannya?,nyeri tubuh makin parah stres stres nyeri fisik saling pengaruh stres tubuh tegang nyeri teknik relaksasi meditasi ringan kurang tegang teknik,-1,12,0.73010623,True,high
6218,"Aku pengen aktif lagi, tapi takut nyeri di tubuhku makin parah. Gimana caranya mulai?",takut nyeri tubuh makin parah keren takut nyeri tambah aktivitas ringan jalan kaki pendek atur istirahat nama pacing tubuh kewalahan aktivitas laku,-1,0,0.802427,True,high
6220,Aku takut nyeri ini bikin aku nggak bisa kerja lagi. Gimana caranya tetap tenang?,takut nyeri kerja tetap tenang takut hilang mampu kerja laku atur aktivitas beban tubuh meditasi singkat tenang kerja khawatir,-1,0,0.7701067,True,high
6222,Aku ngerasa nggak ada yang ngerti nyeriku. Kamu ngerti nggak?,ngerasa nyeri dengerin tahu nyeri sendiri persis alami peduli nyeri paling kesal,-1,0,0.7431983,True,high
6223,"Aku nggak makan kalau lagi stres, biar merasa kontrol. Ini nggak apa-apa, kan?",makan stres kontrol kontrol makan stres makan sekali tubuh lelah kontrol penting sehat kontrol atur daftar tugas kecil teknik,-1,0,0.7083537,True,high
6224,Aku sering sakit kepala migrain. Rasanya mengganggu banget sampai aku takut itu merusak otak.,sakit kepala migrain ganggu takut rusak otak bayang betapa berat hidup migrain migrain dampak struktur otak penting sekali bicara dokter tangan nali picu stres alergi beberapa suplemen tetap arah medis jangan anggap remeh migrain tubuh sedang perlu perhati,-1,12,0.8243945,True,high
6225,Saya ingin mencoba aromaterapi untuk mengurangi stres. Aman nggak sebenernya?,aromaterapi kurang stres sebenernya aromaterapi jangka pendek dewasa hati hati jangan jangan kena mata jangan langsung kulit encer hindar anak kecil hamil alergi sedang jalan awat medis konsultasi,-1,0,0.71462154,True,high
6226,Saya sering merasa cemas dan ingin mengandalkan minyak esensial saja. Cukup kah itu?,cemas andal minyak esensial cukup aromaterapi gejala ringan lengkap tangan profesional bila cemas berat terus ganggu fungsi hidup gejala parah panjang penting tenaga sehat mental,-1,12,0.7511259,True,high
6227,Dokter bilang kolesterol saya agak tinggi. Saya khawatir itu memengaruhi otak. Benarkah?,dokter kolesterol tinggi khawatir pengaruh otak kadar kolesterol tinggi kait risiko stroke ganggu kognitif penting periksa profil lipoprotein lengkap bukan kolesterol total tahu bekerjasamalah dokter sesuai liput ubah gaya hidup obat perlu,-1,12,0.771524,True,high
6228,Saya susah rileks walau sudah lelah. Bagaimana cara merasakan relaksasi yang nyata?,susah rileks lelah relaksasi nyata lama kata gagas sederhana turun detak jantung tegang kondisi mirip relaksasi sesi singkat konsistensi kecil sesi panjang jarang,-1,10,0.7036144,True,high
6229,Saya sering merasa 'harus melakukan sesuatu' walau sebenarnya tidak perlu. Bagaimana hentikan rasa itu?,laku perlu henti sensasi respons kortisol otak ancam butuh mindfulness singkat periksa nyata ancam nyata turun dorong teknik relaksasi efektif kurang tegang fisik iring,-1,12,0.7935406,True,high
6230,Saya merasa rendah diri karena masalah seksual. Adakah langkah kecil yang aman untuk mencoba memperbaiki perasaan ini?,rendah diri seksual kecil kecil komunikasi pasang jaga sehat fisik tidur cukup pola makan olahraga ringan perlu konsultasi tenaga sehat hindar salah diri sendiri valid perlu konselor seks psikolog bimbing,-1,0,0.74911547,True,high
6231,Bagaimana jika suplemen membuat saya merasa lebih buruk?,suplemen muncul efek negatif mual sakit kepala reaksi kulit ubah suasana hati henti konsumsi konsultasi profesional sehat simpan botol suplemen mudah periksa kandung,-1,12,0.68590665,True,high
6232,Apa latihan sederhana supaya lebih teliti dalam merawat diri?,sederhana rawat diri alarm obat olahraga konsistensi kecil tambah bangga sekaligus manfaat sehat,-1,0,0.6194466,True,high
6233,Target apa yang realistis saat baru pulih dari depresi?,target realistis pulih depresi pagi mandi sarap ringan stabilitas awal pijak giat,-1,0,0.6748805,True,high
6234,"Kenapa ya, waktu kerja seru aku nggak merasakan sakit, tapi pas diam di rumah malah berbagai keluhan muncul?",kerja seru sakit diam malah keluh muncul serap aktivitas pusat perhati pantau tubuh detail suasana tenang kecil pegal nyeri strategi simpel jadwal aktivitas ringan jalan santai perhati terus terus tubuh,-1,0,0.80799913,True,high
6235,Aku kerja shift malam dan sering merasakan gatal di tenggorokan. Apakah karena bosan atau memang sakit?,kerja shift gatal tenggorok bosan sakit bosan tingkat waspada hadap sensasi tubuh kerja kering cukup laku regang gatal hilang libur faktor situasi tahan timbang medis,-1,0,0.74919975,True,high
6236,"Saat bad mood, nyeri kepala terasa dua kali lipat. Apa cara cepat meredakan?",mood nyeri kepala lipat cepat reda mood nyeri saling pengaruh teknik dengar favorit turun tegang mood naik rileks istirahat sebentar klien lapor nyeri kurang signifikan mood,-1,8,0.70760983,True,high
6237,"Ayahku dulu kena serangan jantung diawali rasa panas di dada. Sekarang setiap dada terasa sesak sedikit, aku takut hal yang sama.",ayah kena serang jantung awal panas dada dada sesak takut khawatir valid ingat alam keluarga bijak laku medical check kala masuk kolesterol terap pola hidup sehat data objektif takut yakin laku cegah,-1,0,0.78836834,True,high
6238,Menjelang menstruasi aku jadi sangat mudah sakit. Bagaimana menguranginya?,jelang menstruasi mudah sakit kurang teknik mindfulness sensasi label perhati giat tenang stretching ringan mandi hangat ekspektasi negatif kurang intensitas keluh turun,-1,0,0.76881737,True,high
6241,Kenapa sulit menerapkan saran 'hindari stres' dibanding minum obat?,sulit terap saran hindar stres banding obat hindar stres butuh ubah manfaat instan pecah target pilih picu stres ubah minggu contoh setel mode jangan ganggu ponsel tidur raya hasil kecil otak motivasi,-1,0,0.767069,True,high
6243,Berapa frekuensi pijat yang ideal untuk meredakan ketegangan kerja?,berapa frekuensi pijat ideal reda tegang kerja klien manfaat sesi minggu tegang tinggi minggu pertama sesi singkat kemudian awat kala,-1,10,0.64390045,True,high
6244,Apakah latihan mental bisa mengaktifkan jalur analgesia alami?,mental jalur analgesia alami meditasi visualisasi positif rangsang lepas neurotransmiter kurang nyeri praktik tubuh redam nyeri efektif,-1,12,0.750315,True,high
6245,Apakah wajar aku merasa 'bersalah' kalau tidak langsung konsumsi obat ketika sakit ringan?,salah langsung konsumsi obat sakit ringan muncul nilai obat solusi cepat padahal keluh ringan istirahat hidrasi cukup dengar tubuh buru buru,-1,0,0.75715244,True,high
6246,Bisakah latihan meditasi menggantikan painkiller?,meditasi painkiller meditasi atur kurang nyeri ringan sedang jalur endorfin nyeri akut berat kombinasi analgesik perlu,-1,12,0.67664695,True,high
6247,Mengapa rasa sakit yang sama bisa terasa berbeda bagi tiap orang?,sakit otak tafsir sakit konteks emosional bila luka arti selamat nyeri tampak ringan bila ganggu aktivitas harga nyeri berat makna modulasi saraf,-1,12,0.7163546,True,high
6249,Apakah buruk jika aku menunda tugas karena nyeri?,tunda tugas nyeri istirahat sebentar penting hindar pola hindar lama konsultasi program aktivitas tahap mood tetap jaga,-1,0,0.7509035,True,high
6250,"Kenapa setelah menggosok area yang memar, nyerinya berkurang?",gosok area memar nyeri kurang sentuh serabut nyeri tutup gerbang sumsum hambat transmisi nyeri otak mekanisme alami tubuh,-1,12,0.7138076,True,high
6251,"Mengapa setelah marah tiba-tiba, aku tak sadar luka kecil?",marah luka kecil lonjak adrenalin tekan sensasi nyeri tenang nyeri jaga stres kronis tambah sensitifitas nyeri,-1,0,0.7639762,True,high
6252,Apakah nyeri terbakar dan tertusuk menggunakan jalur yang sama?,nyeri bakar tusuk jalur persis nyeri panas cepat transmisi delta sedang nyeri tumpul fiber otak akhir integrasi alam nyeri utuh,-1,12,0.70966464,True,high
6253,Bagaimana caranya agar kecemasan tidak memperburuk nyeri punggungku?,cemas nyeri punggung journaling syukur tenang limbik emosi turun otak tafsir nyeri intensitas rendah,-1,0,0.764464,True,high
6254,Apa manfaat merasa 'mampu mengatasi nyeri'?,manfaat mampu nyeri mampu jalur otak tekan nyeri turun sensasi sakit dorong tetap,-1,12,0.6906532,True,high
6257,Aku takut kehilangan pekerjaan akibat nyeri kronis. Apa langkah pertama?,takut hilang kerja akibat nyeri kronis pertama bicara opsi kerja fleksibel program pain management integrasi fungsi tingkat absensi kurang,-1,12,0.6949316,True,high
6258,Bagaimana mulai aktif saat rasa sakit membatasi gerak?,sakit batas gerak gera sederhana regang leher tingkat perlahan konsistensi kecil kuat tekan nyeri jangka panjang,-1,8,0.6744076,True,high
6261,Berapa lama latihan relaksasi agar terasa efeknya?,berapa lama relaksasi efek praktik lama minggu tunjuk turun tegang nyeri,-1,-1,0.5713324,False,rejected
6262,Apakah biofeedback cocok untuk migrainku?,biofeedback cocok migrain studi tunjuk biofeedback suhu kulit tegang efektif turun frekuensi migrain butuh beberapa sesi konsisten,-1,12,0.6851449,True,high
6263,Apa yang dilakukan terapis CBT untuk nyeri?,laku terap nyeri terap nali daya atur aktivitas perilaku tahap,-1,10,0.60925364,True,high
6265,Berapa lama biasanya program nyeri berlangsung?,berapa lama program nyeri langsung umum minggu sesi atur hasil libat tindak lanjut mandiri program,-1,10,0.6306327,True,high
6266,Bagaimana menghindari sakit kepala akibat obat analgesik?,hindar sakit kepala akibat obat analgesik batas analgesik bulan konsultasi dokter rencana preventif alternatif relaksasi beta blocker perlu,-1,12,0.64566207,True,high
6275,"Saya punya artritis, dan nyeri bikin saya mudah marah. Bagaimana nyeri kronis memengaruhi kesehatan mental, dan apa yang bisa saya lakukan?",artritis nyeri mudah marah nyeri kronis pengaruh sehat mental laku tahu nyeri kronis frustrasi tetap juang nyeri artritis mudah marah sedih tubuh terus teriak capek mental teknik relaksasi yoga ringan kurang tegang dokter manajemen nyeri aktivitas bahagia baca buku temen,-1,0,0.7913166,True,high
6276,"Saya punya riwayat keluarga dengan penyakit jantung, dan itu bikin saya takut. Bagaimana saya bisa mencegahnya?",riwayat keluarga sakit jantung takut cegah peduli sehat riwayat keluarga ningkatin risiko sakit jantung laku jaga diri makan sehat kurang makan minyak tambah olahraga ringan jalan cepat jantung kuat kelola stres temen sehat rutin dokter khawatir minggu,-1,0,0.78915083,True,high
6279,"Saya nggak yakin perawatan kesehatan mental saya efektif. Bagaimana saya tahu perawatan saya berhasil, dan apa yang bisa saya lakukan?",yakin awat sehat mental efektif tahu awat hasil laku peka awat peduli diri sendiri tahu awat sehat mental efektif catat ubah kecil tenang tidur bicarain progres konselor dokter tanyain ukur skala suasana hati yakin jangan ragu minta jaga sehat olahraga curhat temen ragu tanyain dokter,-1,0,0.8127349,True,high
6280,"Saya sering merasa down setelah sakit. Bagaimana infeksi bisa bikin saya nggak mood, dan apa yang bisa saya lakukan?",down sakit infeksi mood laku peka tubuh kuat infeksi adang tubuh ganggu otak sedih lelah imun kerja istirahat cukup makan makan gizi aktivitas ringan jalan santai temen angkat mood down sakit naikin semangat,-1,0,0.8135936,True,high
6286,"Saya sering merasa lelet setelah flu. Bagaimana imunitas alami bekerja, dan apa yang bisa saya lakukan untuk bantu tubuh saya pulih?",lelet imunitas alami kerja laku tubuh pulih enak lelet tubuh imunitas alami tahan pertama tubuh pasu langsung lawan kuman makrofag inflamasi tubuh butuh recharge tidur cukup makan makan kaya vitamin jeruk jalan ringan naikin energi lelet pulih cepat,-1,0,0.74802876,True,high
6287,"Saya dengar tubuh punya imunitas spesifik. Apa itu, dan bagaimana itu bantu kesehatan mental saya?",dengar tubuh imunitas spesifik sehat mental penasaran tubuh keren imunitas spesifik pasu khusus tubuh lawan kuman virus antibodi butuh kuat lawan sakit masa depan tubuh sehat tenang gampang cemas sakit imunitas vaksin tidur cukup kurang stres lewat meditasi tahu imunitas sehat,-1,0,0.73855746,True,high
6288,"Saya coba berhenti minum, tapi takut kambuh lagi, dan itu bikin stres. Bagaimana pencegahan kekambuhan bisa membantu, dan apa yang bisa saya lakukan?",henti takut kambuh stres cegah kambuh laku luar usaha henti cegah kambuh ajarin koping situasi risiko stres rencana stres meditasi sehat mental siap kurang stres picu kambuh kerja solusi simpan nomor temen suportif takut kambuh koping,-1,0,0.79834867,True,high
6294,"Saya merasa capek di kerja tapi nggak tahu kenapa, dan itu bikin cemas. Bagaimana stresor objektif memengaruhi saya, dan apa yang bisa saya lakukan?",capek kerja tahu cemas stresor objektif pengaruh laku tahu capek alas cemas paham stresor objektif kerja numpuk tubuh stres ganggu sehat mental catat capek kerja lama laku relaksasi jalan istirahat tanyain kurang beban jaga energi tips manajemen stres kerja capek,-1,0,0.78476846,True,high
6297,"Saya merasa kelelahan karena kerjaan numpuk, dan itu bikin cemas. Bagaimana stres kerja memengaruhi saya, dan apa yang bisa saya lakukan?",lelah kerja numpuk cemas stres kerja pengaruh laku tahu lelah kerja cemas stres kerja beban tubuh tegang tingkatin risiko jantung ganggu sehat mental atur prioritas tugas istirahat tanyain kurang beban positif kerja atur stres tips manajemen stres kerja lelah,-1,12,0.7442839,True,high
6298,"Saya merasa nggak punya kendali di kerja, dan itu bikin down. Mengapa ini bikin stres, dan apa yang bisa saya lakukan?",kendali kerja down stres laku paham kurang kendali down kuat ubah kurang kontrol kerja stres jebak tingkatin risiko jantung ganggu sehat mental inisiatif kecil atur jadwal laku meditasi pagi kontrol kerja kendali tips manajemen stres kerja kendali,-1,0,0.764948,True,high
6299,"Saya punya artritis, nyeri terus, dan merasa depresi. Mengapa nyeri bikin depresi, dan apa yang bisa saya lakukan?",artritis nyeri terus depresi nyeri depresi laku tahu nyeri artritis berat kuat depresi nyeri disabilitas depresi batas hidup daya ganggu sehat mental laku regang ringan kurang nyeri nikmat dokter terapi nyeri hadap nyeri grup dukung artritis depresi koping,-1,12,0.7841861,True,high
6301,"Saya merasa kewalahan atasi artritis karena masalahnya beda-beda, bikin depresi. Bagaimana fleksibilitas membantu, dan apa yang bisa saya lakukan?",kewalahan artritis depresi fleksibilitas laku paham kewalahan berat kuat solusi fleksibilitas koping artritis agam nyeri batas kurang depresi sehat mental koping meditasi nyeri jalan ringan kaku koping yoga konselor fleksibel grup artritis berat koping,-1,12,0.7355398,True,high
6309,"Saya sering merasa kesehatan saya di luar kendali. Bagaimana rasa kendali bisa bantu kesehatan mental saya, dan apa yang bisa saya lakukan?",sehat luar kendali kendali sehat mental laku enak sehat luar kendali tahu kendali sehat semangat jaga pola makan olahraga tenang percaya diri pegang kemudi hidup sendiri tindak kecil pilih tidur awal catat progres kendali kendali kecil,-1,0,0.74784786,True,high
6312,"Saya baru tahu saya berisiko penyakit jantung, dan itu bikin saya takut. Apa itu momen yang dapat diajarkan, dan bagaimana saya bisa gunakan ini untuk kesehatan mental saya?",tahu risiko sakit jantung takut momen sehat mental berani hadap takut momen hidup diagnosis risiko jantung super motivasi ubah alarm jaga diri sehat mental momen olahraga ringan jalan mood naik meditasi kurang takut tuju jantung sehat tenang ubah,-1,0,0.79757977,True,high
6313,"Saya nggak sadar kenapa susah ubah kebiasaan, dan itu bikin cemas. Bagaimana otak memengaruhi ini, dan apa yang bisa saya lakukan?",susah ubah cemas otak pengaruh laku tahu cemas susah ubah berat sendiri otak kerja luar otomatis stres ubah susah arti otak sehat mental sehat otomatis taruh botol meja laku relaksasi meditasi kurang cemas ubah picu kecil,-1,0,0.81358784,True,high
6314,Aku sering cemas tanpa alasan jelas. Apa yang bisa aku coba?,cemas alas jelas cemas datang reaksi tubuh stres numpuk lari sendiri detik tahan detik keluar pelan detik ulang badan tenang perhati cemas muncul psikolog tahu akar,-1,0,0.8146195,True,high
6315,"Aku merasa nggak punya kendali atas hidupku, apa yang bisa aku ubah?",kendali hidup ubah kendali lelah kuat ubah kecil ubah aspek hidup atur pagi respons stres situ kendali kendali dengerin,-1,5,0.7834284,True,high
6316,"Aku kadang merasa rabaan di kulit, padahal nggak ada yang nyentuh. Apa ini wajar?",raba kulit padahal nyentuh diobrolin lanjut kulit super sensitif tekan raba suhu raba padahal nyentuh otak baca salah stres capek sekal khawatir dokter psikolog ganggu,-1,0,0.81454957,True,high
6317,"Kenapa ya aku merasa ada tekanan di kulit, padahal nggak ada yang nyentuh?",tekan kulit padahal nyentuh indera kulit super sensitif kulit tekan raba suhu otak salah tangkap stres capek sekal nyaman perhati pola kapan muncul dokter psikolog ganggu,-1,0,0.8326926,True,high
6318,Aku merasa ingatanku buruk setelah aku sakit. Apa hubungannya?,ingat sakit sakit utama berat pengaruh ingat tubuh otak sedang pulih ingat sakit perlu perhati beri tubuh sembuh makan makan gizi istirahat cukup langsung lama dokter percaya ganggu,-1,3,0.8007197,True,high
6319,Aku suka ngerasa panas atau pegel tanpa sebab. Itu apa ya?,ngerasa panas sensoris tubuh tubuh ngasih stres capek dokter pastiin fisik stres akhir akhir,-1,7,0.74264526,True,high
6320,"Aku takut banget kalau tiba-tiba sakit, apa yang bisa kulakukan?",takut sakit laku khawatir sehat kendali laku sehat kendali makan gizi tidur cukup khawatir terlalu ganggu luang relaksasi meditasi singkat teman ingat sakit kuat hadap,-1,0,0.82177126,True,high
6321,"Aku sering khawatir soal kesehatan, gimana caranya biar nggak cemas terus?",khawatir sehat cemas terus khawatir sehat manusiawi kendali sehat laku cukup jalan kaki cemas perhati aktivitas senang nonton film favorit teman rileks,-1,0,0.82743126,True,high
6322,Saya merasa harus mengontrol situasi agar aman. Bagaimana cara rileks?,kontrol situasi rileks kontrol capek karen horney butuh neurotik kendali muncul cemas rileks lepas kendali kecil pilih restoran makan teknik lama tenang situasi serah kontrol,-1,8,0.76797974,True,high
6350,"Aku merasa sulit banget buat berhenti minum alkohol, padahal aku tahu ini bikin hidupku berantakan. Apa yang bisa aku lakukan?",sulit henti alkohol padahal tahu hidup beranta laku paham stuck situasi henti gampang sendiri kecil catat kapan pola terus percaya profesional terapi atur nemenin,-1,0,0.85976094,True,high
6356,"Aku minum sehari cuma sedikit, tapi tiap hari. Itu masalah nggak sih?",risiko alkohol catat berapa kapan lama minggu pola hidup,-1,-1,0.5609226,False,rejected
6362,"Aku takut kalau berhenti minum, hidupku jadi membosankan. Apa iya gitu?",takut henti hidup bosan takut hilang senang henti malah hidup seru sehat nikmat kecil aktivitas excited alkohol neng,-1,0,0.82160693,True,high
6363,Aku merasa sangat sedih akhir-akhir ini karena kehilangan seseorang yang dekat. Kadang aku minum alkohol untuk meredakan rasa sakit itu. Apa yang bisa aku lakukan?,sedih akhir akhir hilang dekat alkohol reda sakit laku sedih hilang berat puruk alkohol beri makin sulit hadap sedih bicara percaya laku nyaman,-1,0,0.78725505,True,high
6364,Aku sering merasa cemas kalau harus berhenti minum alkohol. Apa yang salah denganku?,cemas henti alkohol salah cemas muncul tubuh alkohol henti takut salah perlu lewat proses bicara konselor teman dekat cemas kecil kurang,-1,0,0.78934735,True,high
6366,"Aku takut kalau berhenti minum, hidupku bakal membosankan. Apa iya begitu?",takut henti hidup bosan khawatir hidup alkohol bosan seru neng situ hidup,-1,0,0.7171217,True,high
6369,"Aku minum cuma di akhir pekan, tapi banyak. Apa itu bahaya?",akhir pekan bahaya akhir pekan dampak tubuh risiko rusa hati perilaku impulsif tahu akhir pekan nikmat alkohol akhir pekan,-1,12,0.65804225,True,high
6372,Aku sering merasa susah nolak kalau diajak minum alkohol sama temen. Gimana caranya biar bisa lebih tegas?,susah nolak alkohol temen tegas situasi emang dilema ditawarin langsung jelas makasih alkohol minta putih penting ngomong yakin santai takut anggap aneh ingat pilih jaga diri sendiri perlu dijelasin panjang panjang temen deket dukung pede,-1,0,0.8359003,True,high
6375,"Kalau aku minum cuma pas pesta, apa itu udah kelewatan?",pesta udah lewat pesta ngelakuin penting ngecek berapa berapa sekal pesta lupa diri putus mending atur batas tentuin berapa gelas maksimal alkohol tengah acara khawatir,-1,0,0.6698829,True,high
6376,Aku ngerasa temenku minum alkohol kebanyakan. Gimana cara ngomong ke dia?,ngerasa temenku alkohol ngomong ngomongin sensitif emang gampang dekat empati notice akhir akhir khawatir jangan nyerang ngasih label defensif dengar saranin rangin perlu,-1,0,0.7259363,True,high
6379,Aku ngerasa bersalah banget kalau minum alkohol. Gimana ngatasinnya?,ngerasa salah alkohol ngatasinnya salah refleksi diri sendiri ngerasa sesuai nilai ngurangin rangin perlahan aktivitas bangga diri sendiri olahraga bareng keluarga lanjut,-1,0,0.8173022,True,high
6380,"Kalau aku minum alkohol tiap akhir pekan, apa itu udah gangguan?",alkohol akhir pekan udah ganggu akhir pekan otomatis ganggu pola dampak jumlah kontrol waspada ribut produktif rangin giat nonton film jalan jalan ngerasa ganggu,-1,0,0.74522144,True,high
6381,Aku ngerasa hidupku nggak seru tanpa alkohol. Apa yang bisa aku lakuin?,ngerasa hidup seru alkohol lakuin nyari hidup asyik alkohol eksplor giat main musik masak hiking temen suasana kecil happy hour ngopi bareng saran giat seru,-1,0,0.76596946,True,high
6382,Aku minum alkohol biar nggak gugup di acara sosial. Apa ada cara lain?,alkohol gugup acara sosial gugup acara sosial alkohol rileks teknik detik tahan keluarin perlahan siapin topik obrol ringan dateng pede gugup susah konselor akar bareng,-1,0,0.816996,True,high
6383,"Aku suka minum sama pasangan, tapi dia nggak suka. Gimana caranya biar dia nggak kesel?",pasang kesel pasang rumit tahu khawatir dengar kompromi alkohol aktivitas bareng masak nonton kesel konselor bareng susun ngobrolnya,-1,0,0.7908541,True,high
6390,Aku takut banget kalau harus masuk rumah sakit buat berhenti minum. Itu kayaknya menyeramkan. Ada cara lain nggak?,takut masuk sakit henti seram takut masuk sakit takut tenang kurang perlahan konselor kelompok dukung atur nyetok alkohol hindar tempat tubuh reaksi aneh kurang konsultasi dokter dukung,-1,7,0.80668354,True,high
6391,"Aku pengen minum secukupnya aja, nggak berhenti total. Itu mungkin nggak sih?",cukup henti total situasi tubuh udah alkohol cukup sulit rencana batas jumlah minggu catat progress jujur susah kontrol perlu ahli detail berapa,-1,10,0.77883303,True,high
6394,Aku minum biar nggak malu pas ngobrol sama orang. Ada cara lain nggak?,malu nyaman malu alkohol pede sebentar sehat ringan topik teknik kurang grogi susah konselor tahu,-1,0,0.79311335,True,high
6395,"Aku merasa sulit banget buat berhenti minum alkohol, meskipun aku tahu itu bikin hidupku berantakan. Apa yang bisa aku lakukan?",sulit henti alkohol tahu hidup beranta laku dengar sedang juang berat henti alkohol bukan mudah pertama bagus hidup ganggu dukung konselor kelompok dukung paham rencana kurang perlahan dorong bicara,-1,0,0.8082226,True,high
6398,Aku kadang nggak bisa kendalikan diri kalau udah mulai minum. Itu kenapa ya?,kendali diri udah alkohol ngaruh otak nyari alkohol nyaman susah henti perhatiin stres tempat rencana hindar picu situasi bablas,-1,0,0.8349057,True,high
6403,Aku kadang nggak inget apa yang aku lakuin pas mabuk. Itu bahaya nggak?,inget lakuin mabuk bahaya terlalu bahaya putus kurang jumlah pastiin tempat bicara profesional berapa,-1,0,0.7312406,True,high
6407,"Aku suka minum sama temen di acara keluarga, itu nggak apa-apa, kan?",temen acara keluarga neng denger nikmatin keluarga wajib acara perlu dipikirin situasi sosial lupa batas tuju nikmatin suasana alkohol batas jumlah butuh tips tetap,-1,0,0.78329253,True,high
6410,Aku minum alkohol banyak biar nggak mikirin makanan. Apa itu buruk?,alkohol mikirin makan khawatir denger alkohol makan tubuh maupun emosi perlu sehat ngelola kapan,-1,0,0.82117295,True,high
6412,Saya minum alkohol hampir setiap hari untuk 'melepaskan stres'. Baru-baru ini saya baca itu bisa membuat otak mengecil. Haruskah saya berhenti?,alkohol hampir lepas stres baca otak kecil henti penting bahkan konsumsi alkohol ringan ulang dampak volume otak fungsi kognitif stres risiko timbang kurang perlahan dukung teman keluarga konselor strategi koping sehat olahraga tidur teknik relaksasi sulit kurang sendiri minta profesional berani,-1,12,0.7873159,True,high
6415,"Saya merasa sulit berhenti minum alkohol karena itu bikin saya rileks, tapi saya cemas. Bagaimana CBT bisa membantu kesehatan mental saya, dan apa yang bisa saya lakukan?",sulit henti alkohol rileks cemas sehat mental laku paham betapa sulit lepas alkohol lari ubah kurang rileks teknik seru sehat mental stabil catat kapan picu lama momen jalan santai denger musik tuju jernih cemas aktivitas,-1,0,0.8189456,True,high
6416,"Saya ingin berhenti minum, tapi merasa nggak punya banyak dukungan, dan itu bikin down. Bagaimana dukungan sosial membantu, dan apa yang bisa saya lakukan?",henti dukung down dukung sosial laku tahu sendiri berat sendiri juang dukung sosial temen keluarga semangat henti kurang depresi sehat mental grup alcoholics anonymous teman dekat tuju temen jalan bareng kuat dukung siapa bicara aktivitas bareng,-1,0,0.81185925,True,high
6422,"Saya merasa sendiri coba kurangi alkohol, dan itu bikin cemas. Bagaimana kelompok swadaya bisa bantu, dan apa yang bisa saya lakukan?",sendiri kurang alkohol cemas kelompok swadaya laku tahu sendiri berat luar ubah kelompok swadaya tempat tuju kurang alkohol saling dukung sehat mental terima kuat grup lokal alcoholics anonymous hadir alam alkohol aktivitas sosial ngopi bareng temen cemas grup,-1,0,0.761609,True,high
6425,"Saya minum lebih banyak saat stres, dan merasa sendirian. Bagaimana stres memengaruhi kebiasaan minum saya, dan apa yang bisa saya lakukan?",stres sendiri stres pengaruh laku tahu stres sendiri berat sendiri stres dorong alkohol lari sehat mental drop teknik relaksasi meditasi teman gabung lokal dukung tuju tenang alkohol picu stres aktivitas,-1,0,0.80931246,True,high
6428,"Saya ingin berhenti minum, tapi merasa nggak punya dukungan, dan itu bikin down. Bagaimana dukungan membantu, dan apa yang bisa saya lakukan?",henti dukung down dukung laku tahu sendiri sulit luar henti dukung sosial temen keluarga motivasi kurang cemas sehat mental grup dukung alcoholics anonymous teman dekat curhat alkohol herbal aktivitas seru jalan sore laku siapa dukung aktivitas,-1,0,0.78315806,True,high
6433,Aku takut dikira nggak gaul karena nggak ikut tren medsos. Gimana caranya biar pede sama diriku?,takut gaul tren medsos pede diri tekan tren medsos ragu fakta tren bukan arti bangga selera unik nyaman post konten autentik nikmat keren lakuin neng,-1,0,0.7613523,True,high
6439,Aku kecewa banget karena seleb favoritku skandal. Rasanya dikhianati. Gimana caranya biar nggak sedih?,kecewa seleb favorit skandal khianat sedih kecewa idola nyesek pisahin fakta manusia salah bukan arti hidup hancur bangga diri karya bukan drama luangin nikmat musik film happy idola denger playlist,-1,0,0.7775053,True,high
6442,Saya merasa media sosial bikin saya minder. Bagaimana cara pilih pengaruh yang baik?,media sosial minder pilih pengaruh media sosial kurang atur pengaruh albert bandura modeling simbolik media pengaruh perilaku inspiratif motivator seniman kurang minder semangat pengaruh positif media,-1,10,0.7199811,True,high
6443,Teman dewasa suka berpura‑pura sukses di media sosial. Dampaknya?,teman dewasa pura pura sukses media sosial dampak tambah stres abur identitas dorong jujur terima diri relasi autentik,-1,0,0.7628579,True,high
6447,Aku takut banget sama diskriminasi yang makin banyak di berita. Rasanya nggak bisa ngapa-ngapain. Ada saran?,takut diskriminasi makin berita saran tahu berita diskriminasi takut helpless sendiri kontrol dukung temen harga agam rangin berita negatif baca luangin tenang baca buku jalan keluarga giat sosial kecil kecil daya,-1,0,0.83943343,True,high
6456,Saya takut ikut campur saat lihat ketidakadilan karena nggak mau bikin masalah. Bagaimana cara berani speak up?,takut campur ketidakadilan berani speak tahu speak diri tengah badai degan bayang zalim pengin kecil komen sopan media sosial ketidakadilan lapor diskriminasi ingat berani salah kebaji stoisisme ketidakadilan ragu berani lang,-1,0,0.79388595,True,high
6458,Saya merasa masalah diskriminasi terlalu besar untuk diatasi. Apa yang bisa saya lakukan sebagai individu?,diskriminasi terlalu laku individu paham diskriminasi gunung kecil kecil ubah dengar komentar diskriminatif sopan turut perlu bedain dukung giat promosi agam aksi batu kecil longsor ubah adil,-1,0,0.7170943,True,high
6459,Saya takut dikucilkan kalau bela orang yang dizalimi. Bagaimana cara tetap berani?,takut kucil bela zalim tetap berani tahu takut kucil diri sendiri tengah ramai ngeri stoisisme berani kebaji puisi niemoller ingat diam korban postingan adil medsos dukung organisasi bela zalim siap tegur laku zalim sopan takut bela berani takut,-1,0,0.7608069,True,high
6462,"Saya lihat temen dizalimi karena beda keyakinan, tapi takut ikut campur. Bagaimana cara bantu tanpa risiko besar?",temen zalim yakin takut campur risiko paham takut campur diri pinggir jurang ragu puisi niemoller diam korban dukung temenmu pribadi lapor ketidakadilan pihak wenang sebut nama kecil nyalain lilin gelap temenmu zalim,-1,0,0.78227365,True,high
6463,Saya merasa nggak punya pengaruh buat ubah dunia yang penuh diskriminasi. Apa yang bisa saya lakukan?,pengaruh ubah penuh diskriminasi laku tahu diskriminasi awan gelap stoisisme bareng bareng kuat dengar lelucon diskriminatif lucu dukung acara rayain agam kecil nyala lampu gelap daya ubah kecil,-1,0,0.78845644,True,high
6468,"Aku sering ikut-ikutan pendapat kelompok meski nggak setuju, takut dikucilkan. Gimana caranya biar aku berani beda pendapat?",kelompok tuju takut kucil berani takut kucil padahal sendiri tekan kelompok kuat sopan lembut mikir tuju tunjukkin respect pegang prinsip kecil pede momen sendiri,-1,0,0.8242829,True,high
6469,Apa yang dimaksud dengan massa di media sosial menurut psikologi komunikasi?,massa media sosial turut psikologi komunikasi massa media sosial kerumun virtual penuh energi kelompok kenal peduli tuju dukung prita komen pedas artis super antusias gampang pancing impulsif bahkan heroik galang dana susah media sosial panggung emosi aksi kolektif,-1,10,0.7435689,True,high
6496,Apa yang dimaksud dengan opini publik menurut psikologi komunikasi?,opini publik turut psikologi komunikasi opini publik kolektif hati sikap rata rata masyarakat penting bijak sosial bentuk lewat obrol diskusi nilai rasional nyata medsos psikologi komunikasi opini publik cermin interaksi sosial bentuk mikir tindak bareng,-1,10,0.75110126,True,high
6512,Aku merasa dukungan dari temen-temenku nggak cukup. Apa sih dukungan sosial yang bener-bener membantu?,dukung temen temenku cukup dukung sosial dukung sosial cinta harga jaring andal jenis emosional temen dengerin curhat instrumental nyata informasional saran kurang temen temenmu,-1,0,0.7784565,True,high
6513,"Aku sering merasa dikucilkan karena warna kulitku, ini bikin aku down banget. Apa yang bisa aku lakukan?",kucil kulit down laku kucil diskriminasi berat down bukan salah begini teman dukung alam terus ganggu konselor terap butuh tempat curhat,-1,0,0.7846279,True,high
6514,"Aku pengen nggak peduli sama berita buruk, tapi susah. Gimana caranya?",peduli berita susah paham berita nempel batas konsumsi berita sisa senang seru ngalihin perhati lakuin kecil,-1,0,0.81256104,True,high
6517,Aku ngerasa bersalah banget karena aku HIV positif. Kayaknya ini salahku sendiri. Aku nggak tahu harus ngapain lagi.,ngerasa salah positif salah sendiri tahu salah berat siapa definisi nilai lanjut dukung info awat lanjut,-1,0,0.7977035,True,high
6520,Aku benci kalau orang bilang aku harus makan lebih banyak. Aku merasa diserang. Gimana ngatasinnya?,benci makan serang ngatasinnya paham nyaman salah jahat komentar sakit tanggap komentar tenang bareng,-1,0,0.840814,True,high
6524,Saya takut debat membuat hubungan saya retak. Bagaimana cara berdiskusi yang tetap ramah tapi menantang?,takut debat retak diskus tetap ramah tantang tahu bukan menang dengar ungkap pandang serang tetap batas topik panas tuju henti lanjut penting bukti salah,-1,0,0.7744731,True,high
6526,Sahabatku suportif tapi sering meremehkan masalahku. Apa yang harus kulakukan?,sahabat suportif remeh laku bicara batas butuh dengar beri saran bila pola ubah kuat jejaring sumber dukung,-1,0,0.73657465,True,high
6527,Haruskah saya berhenti menggunakan media sosial sementara?,henti media sosial manfaat detoks digital pukul beri semangat bukan balik,-1,-1,0.5883852,False,rejected
6531,"Aku benci banget kalau dikritik, rasanya kayak diserang. Kenapa gitu?",benci kritik serang nyaman kritik personal kait butuh terima hindar malu serang ngeliat kritik sisi,-1,0,0.730737,True,high
6532,"Aku merasa orang lain lebih bahagia dari aku, kenapa aku begini?",bahagia begini banding diri kurang renung bahagia media sosial ingat nunjukin sisi kecil senang temen berat bicara kurang bahagia,-1,0,0.839612,True,high
6535,Aku takut dikira jelek kalau nggak ikut standar kecantikan yang ada di media. Apa aku salah?,takut jelek standar cantik media salah salah media tunjuk standar realistis cantik tampil nyaman diri sendiri cantik spesial,-1,0,0.73095256,True,high
6538,"Aku gak suka dikritik, rasanya kayak diserang. Gimana biar gak gitu?",kritik serang kritik emang nyaman saran kembang bukan serang dengar tenang diri sendiri situ mudah nerima masuk pojok,-1,0,0.7870198,True,high
6541,Aku nggak bisa berhenti mikirin kritik pedas dari bosku. Gimana caranya move on?,henti mikirin kritik pedas move kritik pedas puruk jangan definisi kritik kecil diri ingat nilai diri komentar,-1,0,0.79937816,True,high
6544,Aku sedih karena keluargaku ribut terus. Rasanya nggak bahagia. Gimana caranya biar lebih damai?,sedih keluarga ribut terus bahagia damai keluarga ribut lelah fakta konflik bukan arti hidup hancur syukur momen kecil keluarga lakuin santai anggota keluarga nikmat sendiri damai meditasi,-1,0,0.77919745,True,high
6546,Aku ngerasa nggak ada yang bisa diandalkan pas aku stres. Gimana caranya biar nggak merasa sendiri?,ngerasa andal stres sendiri stres dukung berat nyaman keluarga temen lama santai kecil connected kenang favorit grup nilai kirim pesan minggu,-1,0,0.8494518,True,high
6547,Saya khawatir tentang masa tua. Bagaimana cara mempersiapkan diri secara mental?,khawatir masa siap diri mental khawatir masa tunjuk peduli hidup usia proses mirip anak anak siap makna nikmat waris tuju kecil keluarga damai masa depan,-1,6,0.777712,True,high
6549,"Aku nyesel banget pernah nyakitin keluarga, susah melupain. Gimana caranya biar nggak stuck?",nyakitin keluarga susah melupain stuck masa berat ubah udah lewat lakuin minta maaf keluarga lakuin positif masa ngajarin nentuin masa depan lakuin kecil keluarga,-1,11,0.7578893,True,high
6550,"Aku stres gara-gara kena banjir, rasanya hidupku susah banget. Gimana caranya biar bisa nerima?",stres gara gara kena banjir hidup susah nerima banjir berat hidup situasi tangguh solidaritas bayangin banjir sempat peduli kecil resin barang tetangga cinta momen peluang tumbuh resin sudut,-1,0,0.7908237,True,high
6551,"Aku takut jujur ke keluarga soal kegagalanku, takut mereka kecewa. Gimana caranya biar berani?",takut jujur keluarga gagal takut kecewa berani takut jujur keluarga emang grogi tenang jujur alas jujur penting hati lega ngomong santai bayangin dengerin ringan jujur tenang keluarga,-1,0,0.7942809,True,high
6552,Aku sadar akhir-akhir ini gampang kesel sama keluarga gara-gara stres. Aku nggak mau gini terus. Apa yang bisa aku lakuin?,akhir akhir gampang kesel keluarga gara gara stres terus lakuin stres sengaja nyakitin dekat udah ubah kenal stres buku catat kesel beberapa ngomong luangin quality time keluarga nonton film bareng hangat perlu minta maaf berus verses ubah,-1,0,0.826452,True,high
6553,"Aku masih kesal sama masa laluku, kenapa sih aku lahir di keluarga yang susah? Gimana caranya biar nggak menyesal terus?",kesal masa lahir keluarga susah sesal terus masa berat ubah masa ubah pandang diri tangguh situasi susah tuju kecil nabung lakuin kuat udah jauh lanjutin,-1,0,0.8316745,True,high
6554,Aku nyesel banget lahir di keluarga yang ribut terus. Gimana caranya biar nggak kesel sama keadaan?,lahir keluarga ribut terus kesel keluarga ribut capek hati ubah keluarga ubah pandang kuat tangguh momen keluarga lakuin diri sendiri temen ingat harga situasi susah tenangin hati,-1,0,0.83311826,True,high
6558,"Aku nggak tahan sama tingkah pasanganku, apa aku harus ninggalin dia?",tahan tingkah pasang ninggalin putus tahu situasi tahan pihak konselor pilih tahan tetap kuat curhat temen lakuin butuh,-1,0,0.8010595,True,high
6559,"Aku merasa orang tua ku terlalu ikut campur dalam hidupku, padahal aku sudah dewasa. Gimana cara ngatasin ini?",terlalu campur hidup padahal dewasa ngatasin paham nyaman hidup kontrol tenang harga perhati butuh ruang mandiri senang peduli putus sendiri beberapa tetap campur batas hidup pribadi penting tetap hormat tegas batas,-1,0,0.8343586,True,high
6560,Aku ngerasa suamiku nggak peduli sama aku karena dia cuma minum tiap malam. Apa yang bisa aku lakukan?,ngerasa suami peduli laku sedih frustrasi suami tenang bukan mabuk rasain kangen ngerasa jauh ubah dukung temen keluarga ngerasa sendiri situasi parah konselor perhati,-1,0,0.82462776,True,high
6561,"Aku pengen hubungan sama keluarga lebih dekat, tapi kok susah. Ada saran?",keluarga dekat susah saran keluarga emang butuh usaha sederhana makan bareng santai gadget dengar judgement jaga jarak nyaman kewalahan keluarga susah,-1,0,0.77070725,True,high
6562,"Aku pengen cuek aja sama masalah, tapi kok nggak bisa?",cuek susah cuek arti peduli terus kontrol quality time keluarga istirahat pelan pelan gampang ngelupain,-1,0,0.7696203,True,high
6563,Aku merasa keluargaku nggak harmonis. Apa hubungannya sama masalah mentalku?,keluarga harmonis mental keluarga harmonis pengaruh sehat mental psikologi keluarga tegang sisi pengaruh masuk konflik terus terus cemas sedih ngerasa keluarga harmonis pola,-1,12,0.73129237,True,high
6565,"Emilia, aku merasa keluargaku nggak mendukung aku sama sekali. Apa yang bisa aku lakukan?",keluarga dukung sekali laku berat dukung keluarga keluarga sumber stres utama konflik kurang komunikasi obrol tenang sulit dukung teman dengar nemenin,-1,0,0.80648524,True,high
6566,"Aku nggak suka ngomongin perasaan, tapi aku pengen orang ngerti aku. Gimana caranya?",ngomongin nyaman perlu tunjuk panjang enak hati percaya temen keluarga enak,-1,0,0.7589321,True,high
6568,Aku merasa keluargaku nggak ngerti aku yang lagi depresi. Gimana caranya biar mereka paham?,keluarga depresi paham berat keluarga paham alami bicara jelasin depresi sisi ilmiah ganggu suasana hati sedih sulit minta profesional mediasi udah bicara dengerin,-1,1,0.8480903,True,high
6570,Aku merasa keluargaku nggak ngertiin aku yang lagi struggle sama kesehatan mentalku. Apa yang bisa aku lakuin?,keluarga ngertiin struggle sehat mental lakuin paham keluarga berat bicara pelan pelan contoh sederhana susah dukung profesional nyari deketin keluarga alamin,-1,0,0.82061195,True,high
6573,Aku merasa keluargaku malu punya anggota keluarga kayak aku yang bermasalah mental. Apa yang harus aku lakuin?,keluarga malu anggota keluarga mental lakuin enak stigma keluarga muncul kurang paham sesi edukasi info sederhana kondisi sulit terima dukung temen sendiri ngerasa malu,-1,0,0.83010405,True,high
6574,Aku dengar ada desa di Afrika yang bantu orang dengan masalah mental. Itu kayak apa?,dengar desa afrika mental model desa integratif ganggu mental tinggal bareng keluarga desa deket fasilitas sehat giat keluarga dukung keren dekat,-1,0,0.728901,True,high
6576,"Aku pengen keluargaku lebih suportif, tapi mereka sibuk terus. Gimana caranya?",keluarga suportif sibuk terus keluarga sibuk ngerasa abai singkat butuhin spesifik dengerin susah dukung temen harap,-1,0,0.7614905,True,high
6577,Aku ngerasa keluargaku malu karena aku nggak kerja. Gimana caranya biar nggak gini?,ngerasa keluarga malu kerja kerja berat keluarga ngerasa anggur ngerasa rendah diri bicara keluarga dukung luar ngerasa pikirin kecil maju,-1,0,0.7704387,True,high
6578,"Aku nggak punya temen curhat, apa itu bikin stres?",temen curhat stres teman curhat tekan dukung sosial penting ngurangin stres dengar kecil senang curhat,-1,0,0.8192475,True,high
6579,"Emilia, aku ngerasa nggak punya siapa-siapa buat cerita. Apa ini bahaya buat kesehatan mentalku?",ngerasa siapa siapa bahaya sehat mental kurang isolasi pengaruh sehat mental dukung sosial penting hadap stres nyaman temen keluarga dekat pelan pelan,-1,0,0.8796388,True,high
6580,"Aku merasa ga ada yang peduli sama aku, beneran kesepian banget. Apa sih dukungan sosial itu?",peduli beneran sepi dukung sosial dukung sosial cinta harga andal butuh tahu sepi berat sendiri kecil koneksi,-1,0,0.8161812,True,high
6581,"Aku single, apa itu bikin aku lebih gampang stres dibandingkan yang udah nikah?",single gampang stres banding udah nikah meni dukung sosial pasang single dukung kuat temen keluarga stres aktivitas dukung,-1,0,0.79821014,True,high
6582,"Aku pengen punya hubungan yang deket sama keluarga, tapi susah. Apa itu penting?",deket keluarga susah penting deket keluarga sumber dukung sosial kuat penting sehat mental susah dukung tempat temen keluarga susah ngobrolin lanjut,-1,0,0.79640156,True,high
6583,"Aku merasa ga punya siapa-siapa buat cerita, apa itu bahaya?",siapa siapa bahaya siapa siapa rentan stres depresi dukung sosial penting kecil percaya dengerin,-1,0,0.74743867,True,high
6585,"Aku pengen kabur aja dari hidupku, apa ini wajar?",kabur hidup sedih denger ngerasa kabur muncul kewalahan butuh dukung bukan kabur ngadepinnya bareng profesional terus,-1,11,0.7364212,True,high
6587,"Aku ngerasa orang-orang di sekitarku nggak peduli sama aku, bener nggak ya?",ngerasa peduli muncul ngerasa kurang koneksi dukung butuh perhati salah temen keluarga hati hati obrol,-1,0,0.8067648,True,high
6588,Aku merasa bersalah kalau nggak bisa bantu keluargaku. Gimana caranya biar nggak gitu?,salah keluarga salah sendiri bicarain keluarga laku detail dengerin,-1,6,0.75067735,True,high
6589,"Aku pengen nikah biar nggak kesepian, tapi takut malah bikin stres. Apa nikah bikin orang lebih bahagia?",nikah sepi takut malah stres nikah bahagia nikah bawa bahagia penting sehat saling dukung sepi gabung temen senang,-1,0,0.7641835,True,high
6590,Aku nggak nikah dan orang-orang bilang aku bakal kesepian. Apa bener gitu?,nikah sepi nikah arti sepi hidup bahagia meni asal sosial kuat temen keluarga rutin hidup penuh koneksi,-1,0,0.80201834,True,high
6591,Aku takut nikah lagi setelah cerai. Apa nikah kedua itu biasanya nggak sebahagia yang pertama?,takut nikah cerai nikah bahagia pertama takut alam cerai nikah bahagia pertama tantang keluarga tambah trauma masa komunikasi saling dukung nikah bahagia takut nikah,-1,7,0.7045803,True,high
6592,Aku merasa lebih buruk setelah nikah. Apa ini normal?,nikah turut sedih dengar nikah nikah penuh konflik sehat tekan tangga ekspektasi realistis stres dengerin,-1,0,0.77637726,True,high
6594,Aku pengen nikah biar nggak dikira aneh sama orang. Apa itu alasan yang oke?,nikah aneh alas paham tekan berat nikah takut anggap aneh bukan alas nikah komitmen sehat bukan penuh ekspektasi nikah tekan malah bahagia nikah pikirin hadap pandang,-1,0,0.8022313,True,high
6595,Aku merasa nggak punya temen setelah cerai. Apa aku harus nikah lagi biar nggak kesepian?,temen cerai nikah sepi sedih dengar temen cerai isolasi nikah ngatasi sepi bukan solusi nikah butuh komitmen temen gabung reconnect temen lama sepi,-1,0,0.7340117,True,high
6596,"Emilia, aku ngerasa temenku lebih bahagia karena keluarganya harmonis. Aku iri, apa yang bisa aku lakukan?",ngerasa temenku bahagia keluarga harmonis laku ingat keluarga sendiri syukur temen peduli keluarga harmonis konselor nemenin,-1,0,0.7298194,True,high
6597,"Aku merasa keluargaku nggak ngerti aku, apa ini bisa bikin aku depresi?",keluarga depresi erti keluarga sepi lama salah faktor risiko depresi keluarga sendiri tunjuk perhati sesuai butuhin pikirin,-1,0,0.8130887,True,high
6598,Aku dengar kalau punya keluarga yang erat bisa bantu ngatasin depresi. Bener nggak?,dengar keluarga erat ngatasin depresi dukung keluarga erat saudara lindung depresi sendiri semangat keluarga dekat dukung temen dekat keluarga,-1,0,0.77023625,True,high
6599,"Aku takut kalau aku depresi, soalnya aku mulai nggak peduli sama apa-apa. Apa yang harus aku lakukan?",takut depresi peduli laku peduli depresi senang pertama bicara percaya keluarga temen konselor terap tahu alami laku kecil butuh temen,-1,0,0.83320177,True,high
6600,"Aku ngerasa depresi, dan aku pengen coba berhubungan sama banyak orang biar nggak kesepian. Apa ini salah?",ngerasa depresi sepi salah sepi mikir panjang tambah depresi berat dukung temen keluarga profesional laku harga,-1,0,0.823298,True,high
6601,"Aku udah menikah, tapi kok kadang merasa kesepian. Apa aku salah harapan dari pernikahan?",udah meni sepi salah harap nikah sepi meni arti salah nikah dukung butuh koneksi luar diri sendiri sepi pikirin ngatasinnya bareng,-1,0,0.7706113,True,high
6602,"Pernikahanku lagi nggak baik, dan aku pengen pisah. Tapi aku takut nggak bisa hidup sendiri.",nikah pisah takut hidup sendiri berat takut pisah penting pertimbangin bahagia nikah nyaman bicara percaya ragu,-1,0,0.757033,True,high
6603,"Emilia, aku ngerasa keluargaku nggak ngerti aku. Gimana caranya biar mereka paham?",ngerasa keluarga paham tahu frustrasi pelan pelan rasain sederhana sesi edukasi sehat mental susun,-1,0,0.7944479,True,high
6604,Aku ngerasa keluargaku nggak ngerti kalau aku lagi depresi. Mereka bilang cuma kurang bersyukur. Gimana caranya ngomong sama mereka?,ngerasa keluarga depresi kurang syukur ngomong berat keluarga tenang rasain contoh sederhana kosong alas jelas dukung temen,-1,0,0.82760644,True,high
6605,Aku merasa keluargaku nggak ngerti masalahku. Harusnya aku ngapain?,keluarga sedih keluarga paham tahu dukung rasain paling deket kata kata sederhana susah temen konselor,-1,0,0.799811,True,high
6606,Aku merasa keluargaku nggak dukung aku buat cari bantuan. Apa yang harus aku lakuin?,keluarga dukung lakuin berat keluarga dukung dukung temen profesional situasi keluarga butuh sehat nomor lanjut situasi keluarga pikirin lanjut,-1,0,0.78096783,True,high
6607,Kadang aku merasa keluargaku nggak ngerti apa yang aku alami. Mereka malah bilang aku cuma lelet sembuh. Apa aku salah karena nggak cepet sembuh?,keluarga alami malah lelet sembuh salah cepet sembuh salah sekali proses pulih paksa keluarga sulit paham sayang stigma pulih cepat butuhin didengerin hakim sulit dukung terima dukung keluarga,-1,0,0.792353,True,high
6608,Aku merasa takut kalau orang-orang di sekitarku tahu aku punya masalah kesehatan mental. Apa yang harus aku lakukan?,takut tahu sehat mental laku takut stigma sehat mental percaya teman dekat keluarga suportif siap daring alam penting jangan isolasi diri butuh teman,-1,0,0.82954955,True,high
6610,Aku pengen lari dari semua masalahku dan nggak ketemu orang lagi. Apa itu solusi yang bagus?,lari solusi bagus kabur isolasi malah tambah berat lari hadap pelan pelan dukung konselor temen dekat perlu hadap sekaligus lari pikirin bareng,-1,0,0.7610836,True,high
6611,"Aku merasa kesepian, apa organisasi kesehatan mental bisa bantu aku merasa lebih terhubung?",sepi organisasi sehat mental sepi berat organisasi sehat mental kelompok dukung konseling rupa tahu kelompok dekat obrol kecil nyaman,-1,0,0.75848913,True,high
6612,"Aku dengar ada layanan kesehatan mental informal, itu apa ya?",dengar sehat mental informal informal sumber nonmedis kelompok dukung temen keluarga dukung emosional awat profesional cocok butuh temen gabung kelompok,-1,1,0.7545111,True,high
6614,Aku ngerasa bersalah kalau nggak bales telepon keluargaku. Tapi aku sibuk banget. Apa yang salah sama aku?,ngerasa salah bales telepon keluarga sibuk salah salah juggling stres salah peduli keluarga batas atur khusus telepon sekali minggu keteter tahu sibuk tetap sayang udah ngomong,-1,0,0.7906868,True,high
6615,"Aku takut kalau ketemu orang, mereka bakal tanya soal kehamilanku yang gagal. Aku harus jawab apa biar nggak awkward?",takut hamil gagal awkward situasi emang nyaman singkat sopan terima nanya siap tunjuk batas suasana aneh tetap nanya ulang tegas jaga privasi,-1,0,0.7867091,True,high
6616,"Aku ngerasa keluargaku nggak pernah ngerti aku, apalagi kalau aku lagi emosi. Aku harus gimana?",ngerasa keluarga emosi frustrasi paham keluarga salah anggota keluarga sedang tenang butuh,-1,0,0.6970021,True,high
6617,Aku merasa sangat kesepian dan seperti nggak ada yang peduli sama aku. Apa yang bisa aku lakukan?,sepi peduli laku tahu berat sendiri percaya teman keluarga nyaman jurnal,-1,0,0.8277223,True,high
6618,"Keluargaku suka bilang aku berlebihan kalau aku lagi sedih. Aku bingung, apa mereka nggak ngerti aku?",keluarga sedih enak paham keluarga sepenuh tahu rasain nanggapinya bicara berat yakin peduli perlu komunikasi jelas,-1,0,0.820651,True,high
6619,Aku merasa keluargaku terlalu ikut campur kalau aku lagi down. Gimana caranya biar mereka ngerti batasanku?,keluarga terlalu campur down batas keluarga pengin lembut tegas tahu peduli butuh sendiri atur batas penting dukung nyoba komunikasiin,-1,6,0.8082583,True,high
6620,Aku merasa nggak ada gunanya cerita ke keluarga soal masalahku. Mereka pasti nggak ngerti.,keluarga yakin keluarga paham butuh jelas dukung kecil paling dekat susah dengerin pikirin dukung,-1,6,0.77641976,True,high
6621,Aku merasa keluargaku nggak peduli sama perasaanku. Aku harus apa biar mereka lebih perhatian?,keluarga peduli perhati berat diperhatiin sengaja jujur butuh dukung perlu tahu butuhin susah bareng,-1,0,0.7706816,True,high
6622,Aku pengin kabur aja dari rumah biar nggak ribut sama keluarga. Apa ini ide bagus?,pengin kabur ribut keluarga bagus pengin lari situasi stres kabur bukan solusi pikirin pengin kabur ngurangin tegang keluarga minta konselor pikirin lanjut,-1,0,0.79628396,True,high
6623,Aku nggak suka kalau keluargaku ngomongin penyakitku di depan orang lain. Gimana caranya biar mereka berhenti?,keluarga ngomongin sakit depan henti nyaman situasi keluarga pribadi urus pribadi bahas depan jaga privasi tetap tenang tegas pikirin bareng,-1,0,0.79004157,True,high
6624,"Emilia, aku ngerasa nggak berguna banget di keluarga. Gimana caranya biar aku nggak gitu?",ngerasa keluarga sedih denger ngerasa padahal nilai keluarga muncul depresi rendah harga diri ganggu psikologis kecil tugas catat lakuin ubah negatif kecil lakuin keluarga pikirin,-1,0,0.8251791,True,high
6625,Aku merasa keluargaku nggak ngerti kenapa aku minum banyak. Aku harus gimana?,keluarga berat paham keluarga khawatir tahu ngomonginnya percaya jujur rasain susah terapi keluarga komunikasi dukung,-1,0,0.8170068,True,high
6626,"Aku dengar terapi keluarga bisa bantu, tapi aku malu ngajak keluargaku. Gimana caranya?",dengar terapi keluarga malu ngajak keluarga malu ngajak keluarga terapi gampang anggota keluarga percaya terapi susah terap fasilitas obrol awal dukung pertama,-1,1,0.7745558,True,high
6627,"Keluargaku bilang aku harus berhenti minum, tapi aku nggak merasa bermasalah. Aku bingung.",keluarga henti keluarga sudut pandang khawatir catat berapa efek hidup jelas,-1,12,0.69077665,True,high
6628,Aku merasa keluargaku nggak ngerti kenapa aku minum. Gimana aku jelasin ke mereka?,keluarga jelasin bicara keluarga gampang paham jujur stres henti sulit konseling keluarga nyaman alami,-1,0,0.8024981,True,high
6629,Aku merasa keluargaku nggak ngerti kenapa aku minum. Aku harus jelasin apa nggak?,keluarga jelasin tahu erti keluarga sepi nyaman obrol jujur rasain dukung temen profesional keluarga,-1,0,0.77557194,True,high
6630,Aku merasa bersalah karena nggak bisa bantu keluargaku seperti dulu. Aku harus apa?,salah keluarga salah perlu pikul sendiri bicara keluarga rasain saran obrol ringan,-1,0,0.7886886,True,high
6631,"Aku merasa pasanganku nggak pernah ngertiin aku, kayaknya dia nggak peduli. Aku harus apa biar dia lebih perhatian?",pasang ngertiin peduli perhati betapa frustrasi paham pasang butuh tahu perhati contoh spesifik momen kesal terapi pasang komunikasi paham tema konflik perhati intim bicara hati hati,-1,0,0.7826102,True,high
6634,Bagaimana memberitahu perawat bahwa anak ingin lebih privasi saat ganti pakaian?,memberitahu awat anak privasi langsung awat anak nyaman tugas perempuan awat hormat minta sebut,-1,6,0.65935713,True,high
6635,Bukankah menerima nyeri berarti pasrah?,bukankah terima nyeri arti pasrah bukan serah henti perang sakit energi jalan aktivitas penting kumpul keluarga,-1,0,0.78843445,True,high
6636,Apa yang bisa dilakukan keluarga saat aku mengeluh nyeri?,laku keluarga keluh nyeri aktivitas ringan contoh jalan sore puji usaha positif bukan beri izin baring,-1,0,0.7587027,True,high
6637,Apa artinya benar‑benar menerima kondisi saya sekarang?,arti terima kondisi terima arti ubah juang keluarga ringan momen syukur,-1,0,0.6996658,True,high
6638,Apa manfaat layanan hospice bagi kesehatan mental saya?,manfaat hospice sehat mental hospice beri hangat awat ruang pribadi jalan nyaman tenang keluarga kualitas,-1,0,0.7087973,True,high
6640,"Saya merasa sendiri akhir-akhir ini, dan itu bikin saya stres. Bagaimana dukungan sosial bisa membantu saya merasa lebih baik?",sendiri akhir akhir stres dukung sosial aduh enak sendiri dukung sosial peluk hangat keluarga teman bahkan ketawa bareng tubuh lepas hormon bahagia stres kurang percaya santai giat siapa dengar,-1,0,0.85510385,True,high
6641,"Saya dengar tentang hospice care, tapi nggak tahu apa itu. Bagaimana hospice bisa bantu saya atau keluarga saya?",dengar hospice care tahu hospice keluarga paham istilah hospice penasaran takut hospice care awat khusus sakit serius keluarga nyaman bahagia bayang peluk hangat dokter awat konselor peduli butuh fisik emosional spiritual atur sakit dengerin dukung keluarga penasaran dokter opsi hospice dekat tahu,-1,1,0.791668,True,high
6649,Bagaimana menetapkan batas sehat ketika keluargaku suka bercanda yang menyinggung?,tetap batas sehat keluarga canda singgung pesan sedih batas jelas usul alternatif humor personal konsistensi kuat batas,-1,0,0.7649379,True,high
6652,Aku ngerasa tekanan dari keluarga bikin aku lupa siapa aku sebenarnya. Gimana cara nemuin diri aku lagi?,ngerasa tekan keluarga lupa siapa nemuin diri tekan keluarga hilang arah sendiri jalan jalan meditasi dengar hati nilai pegang keluarga terlalu ngatur komunikasi batas sopan nemuin diri sendiri proses sabar diri nikmat,-1,0,0.8835888,True,high
6653,"Aku pengen punya hubungan yang lebih dekat sama keluarga, tapi susah. Gimana caranya?",dekat keluarga susah dekat keluarga gampang jarak emosional gestur kecil santai dengar buru buru nilai konflik kepala dingin butuh konsisten hangat kecil,-1,0,0.81655633,True,high
6654,"Aku merasa nggak bisa connect sama orang lain, apa aku aneh?",connect aneh sulit connect aneh jiwa butuh nyaman diri sendiri dokumen jaga sosial rawat jiwa interaksi kecil sapa teman giat terus sulit tahu putus,-1,0,0.83088464,True,high
6655,Aku merasa sulit ngobrol sama temen karena beda pandangan. Apa yang bisa aku lakukan?,sulit temen pandang laku pandang temen frustrasi psikologi sosial saran dengar perspektif langsung hakim alas balik pandang obrol situasi saran santai,-1,1,0.78955555,True,high
6660,"Aku ngerasa orang lain lebih deket daripada keluargaku sendiri, apa itu salah?",ngerasa deket keluarga sendiri salah enggak salah perlu dekat keluarga santai salah anggota keluarga kenang seru siapa,-1,0,0.7787867,True,high
6661,Aku takut nggak bisa seimbangin hidup rumah tangga sama keinginanku. Apa yang harus aku lakukan?,takut seimbangin hidup tangga laku imbang tantang jadwal kecil giat komunikasi keluarga penting dukung ruang,-1,0,0.77150226,True,high
6663,"Aku pengen gaul, tapi selalu ngerasa takut atau nggak nyaman. Gimana cara ngatasin ini?",gaul ngerasa takut nyaman ngatasin takut nyaman diri ngerem takut hakim tahu kecil senyum sebentar temen nyaman forum musik game kuat pelan pelan,-1,0,0.8727259,True,high
6670,Aku pengen bantu temenku yang susah buka diri biar lebih terbuka. Gimana caranya ngomong biar dia nggak takut?,temenku susah diri ngomong takut temen super peduli temenmu diri nyaman ringan diri susah lega lembut denger jangan push tunjuk judge temenmu susun kata kata,-1,0,0.82492805,True,high
6671,"Aku susah banget cerita soal perasaan ke temen, takut dihakimi. Gimana caranya biar aku lebih berani buka diri?",susah temen takut hakim berani diri takut hakim hati degan diri pintu perlahan perlu buru buru temen percaya kecil tadi stres kerja respon positif efek saling suasana nyaman temen dekat trik pede,-1,0,0.8594035,True,high
6675,Kenapa ya aku merasa nggak nyaman kalau harus cerita masalahku ke orang lain?,nyaman takut hakim yakin kecil perlu buru buru cukup nyaman lama lama hati ringan,-1,0,0.79677826,True,high
6676,"Aku pengen punya temen yang bisa dengerin aku tanpa nge-judge, susah banget cari orang kayak gitu.",temen dengerin judge susah gampang nemuin dengerin ngasih vibe nyaman temen deket terlalu dekat justru dengerin dengerin kapan,-1,0,0.7132931,True,high
6678,Aku ngerasa orang-orang cuma lihat aku dari kesalahanku. Gimana caranya biar mereka lihat aku yang sebenarnya?,ngerasa salah enak ngerasa hakim salah gampang tahu lengkap tunjukin sisi diri lewat tindak giat positif siapa,-1,0,0.7334807,True,high
6679,Aku takut orang tahu aku punya masalah mental. Apa yang harus aku lakukan?,takut tahu mental laku paham takut stigma takut bicara mental berani sendiri percaya dukung takut tahu,-1,7,0.7644128,True,high
6680,"Emilia, aku takut ngomong ke orang lain soal masalahku. Apa itu salah?",takut ngomong salah salah takut ngomong yakin paham tepat ringanin beban siap ngomong tempat takut,-1,0,0.795632,True,high
6689,Kenapa ya aku ngerasa malu banget kalau mau cerita soal masalahku?,ngerasa malu malu hidup nganggap mental tabu takut anggap lemah berani kecil nulis jurnal percaya,-1,2,0.8038026,True,high
6693,Aku merasa takut banget sama stigma kalau orang tahu aku hidup dengan HIV. Apa yang bisa aku lakukan?,takut stigma tahu hidup laku paham betul takut stigma hidup cemas khawatir nilai dekat percaya teman keluarga suportif dengar hakim beban ringan siap gabung kelompok dukung sana alam sendiri kelompok,-1,0,0.81185204,True,high
6694,Kenapa sih orang suka nge-judge kalau kita punya gangguan mental?,judge ganggu mental sayang salah paham sehat mental mikir lemah padahal sehat patah tulang edukasi pelan pelan utama sendiri dukung,-1,0,0.85269177,True,high
6699,"Aku suka ngerasa nggak bisa ngatur emosi, apalagi kalau cemas. Ada cara buat belajar ini?",ngerasa ngatur emosi cemas salah cognitive reappraisal ubah situasi cemas takut hakim ingetin diri contoh situasi situasi cemas,-1,8,0.7754545,True,high
6703,Aku cemas banget kalau harus ngomong di depan orang banyak. Normal nggak sih?,cemas ngomong depan cemas bicara depan umum takut hakim salah ngomong bayangin bukan stres bareng percaya diri tips sederhana,-1,0,0.83436,True,high
6704,Aku suka menghindari acara sosial karena takut orang-orang nge-judge aku. Apa ini salah?,hindar acara sosial takut judge salah salah hindar terus nyaman jangka panjang kecil acara singkat bareng temen nyaman acara kecil,-1,0,0.7902288,True,high
6715,"Kenapa aku merasa orang-orang di sekitarku jahat sama aku, padahal nggak ada buktinya?",jahat padahal bukti curiga muncul cemas tekan sendiri bareng situasi begini sisi terlalu khawatir,-1,0,0.8139764,True,high
6718,"Aku pengen ikut kelompok dukungan, tapi takut dihakimi. Gimana caranya aku berani?",kelompok dukung takut hakim berani takut hakim kelompok dukung penuh alam rupa saling kelompok nyaman datang sekali perlu langsung kelompok cocok,-1,6,0.72483724,True,high
6720,Aku nggak suka kalau orang bilang aku harus berhenti minum total. Aku merasa mereka nggak ngerti aku. Apa yang harus aku lakukan?,henti total laku kesel paham nurutin omong khawatir kurang henti ngomong atur sendiri makasih udah peduli dukung putus judge,-1,0,0.8346026,True,high
6721,"Aku takut kalau aku coba treatment, nanti malah ketahuan orang-orang di sekitarku. Gimana ya?",takut treatment malah tahu khawatir privasi treatment rahasia klinik atur ketat jaga rahasia pasien klinik bijak privasi ngomong dekat hakim takut tahu,-1,7,0.7828963,True,high
6723,"Aku merasa kalau aku panik di depan orang, mereka bakal nganggep aku aneh. Aku harus ngapain?",panik depan nganggep aneh takut hakim seringkali notice paling takutin panik hadap situasi pelan pelan tempat,-1,0,0.7733358,True,high
6726,Pasanganku bilang aku terlalu ngatur. Aku cuma pengen yang terbaik buat kita. Apa aku salah?,pasang terlalu ngatur salah niat nyampein pasang tekan atur dengerin defend diri lanjut situasi saran,-1,0,0.80760723,True,high
6732,Aku merasa malu kalau menunjukkan emosi di depan orang. Gimana caranya aku lebih terbuka?,malu tunjuk emosi depan malu kecil percaya sahabat keluarga perlu buru buru cukup ungkapin lama lama nyaman tunjuk emosi takut hakim,-1,6,0.80546343,True,high
6733,Aku takut orang lain tahu aku sedang emosional. Gimana caranya aku lebih santai?,takut tahu sedang emosional santai takut emosional nyaman perlu langsung cukup lama lama santai tahu hakim,-1,0,0.7840725,True,high
6735,"Aku suka ngerasa orang lain punya sifat yang aku benci, tapi kadang aku takut itu sebenarnya ada di aku. Gimana ngatasinnya?",ngerasa sifat benci takut ngatasinnya paham notice nyentuh refleksi pelan pelan diri sendiri sebel sifat temuin perlu judgement ngerasa berat temen konselor jelas ngerasa disalahin,-1,0,0.7828213,True,high
6737,Aku sering merasa cemas di situasi sosial. Apakah psikologi bisa membantu aku memahami ini?,cemas situasi sosial psikologi paham cabang psikologi sebut psikologi sosial interaksi sosial pengaruh cemas situasi sosial cemas takut hakim cukup percaya diri contoh situasi cemas,-1,1,0.75417745,True,high
6739,"Aku pengen jadi pemimpin di kelompokku, tapi takut dikatain sombong. Gimana caranya?",pimpin kelompok takut dikatain sombong pimpin bagus tunjuk semangat takut hakim niat kelompok hasil bukan kuasa komunikasi nyaman pimpin,-1,6,0.7727226,True,high
6740,Aku sering merasa nggak nyaman kalau harus cerita soal diri sendiri ke orang lain. Kenapa ya rasanya susah banget buka diri?,nyaman diri sendiri susah diri nyaman diri takut hakim perlu suasana dengerin judgement kecil susah alam ragu diri nyaman obrolin pelan pelan,-1,0,0.85292566,True,high
6741,Kadang aku takut orang lain salah paham kalau aku cerita jujur. Gimana caranya biar bisa terbuka tanpa takut?,takut salah paham jujur takut takut disalahpahami yakin nangkap pilih percaya dengerin hati jelasin pelan pelan buru buru salah paham salah sudut pandang takut jujur pikirin bareng,-1,0,0.76412535,True,high
6744,"Aku bingung, kenapa hubungan sama orang lain kok selalu jadi masalah buatku?",emang tantang situ diri sendiri muncul terlalu takut hakim dengerin buru buru ngejudge lakuin,-1,2,0.73831666,True,high
6745,"Aku pengen banget jadi orang yang bebas, tapi hubungan sama orang lain bikin aku terjebak. Apa yang salah?",bebas jebak salah ekang senang jujur bebas datang diri sendiri takut hakim bicara dekat,-1,6,0.7464757,True,high
6746,Aku sering merasa orang lain menentukan hidupku. Gimana caranya biar aku lebih bebas?,hidup bebas muncul terlalu ekspektasi bebas diri sendiri laku tekan siapa kecil laku peduli omong takut hakim,-1,0,0.8171636,True,high
6748,"Aku sering ngerasa bersalah kalau nggak nurut sama perintah atasan, meskipun aku tahu itu nggak bener. Apa yang harus aku lakukan?",ngerasa salah nurut perintah tahu laku salah ingat nilai situasi perintah sesuai usul sopan begini tetap hormat tunjuk ngomong depan cermin,-1,0,0.7821192,True,high
6749,Aku takut dikira bodoh kalau bersikap apa adanya. Gimana caranya aku nggak takut gitu?,takut bodoh sikap takut takut hakim peduli sempurna temen dekat tunjuk diri asli lama lama nyaman diri sendiri,-1,0,0.78901374,True,high
6750,Kenapa aku selalu curiga orang lain bakal nyakitin aku?,curiga nyakitin curiga muncul terlalu nyari diri terima cukup diri teman bukan ancam kecil santai curiga,-1,0,0.78700423,True,high
6752,"Aku punya temen yang kayak terkunci di kamarnya, nggak mau keluar. Dia bilang pengen berubah, tapi nggak bisa. Apa yang salah sama dia?",temen kunci kamar keluar ubah salah salah temenmu cemas takut nyaman tetap situasi laku dengar dukung kecil takut keluar,-1,0,0.7999091,True,high
6753,"Aku pengen bantu temenku, tapi aku bingung mulai dari mana. Ada saran?",temenku saran keren temenmu dengerin judgement rasain kecil jalan bareng deket udah takutin,-1,11,0.7316966,True,high
6755,Aku takut orang lain nge-judge aku. Gimana caranya aku lebih percaya diri?,takut judge percaya diri takut hakim kontrol bangga diri diri,-1,2,0.704284,True,high
6756,"Aku pengen jadi diri sendiri, tapi takut orang bilang aku aneh. Harus gimana?",diri sendiri takut aneh diri sendiri degan takut hakim peduli kecil,-1,2,0.74399877,True,high
6757,Aku takut kalau orang lain nggak suka sama keputusan yang aku ambil. Gimana ngatasinnya?,takut putus ngatasinnya takut hakim ingat putus bahagia paling penting putus kecil sesuai nilai reaksi putus kecil,-1,2,0.7723807,True,high
6760,Aku merasa kekuranganku itu kayak hukuman. Gimana caranya aku lihat ini beda?,kurang hukum kurang anugerah unik malu dengar kurang sisi positif kaget betapa istimewa,-1,0,0.74731076,True,high
6761,Aku pengen orang takut sama aku biar dihormati. Apa itu salah?,takut hormat salah hormat lewat takut sehat hormat tulus datang integritas tunjuk sisi nyaman deketin dengerin minta,-1,0,0.7817892,True,high
6762,Aku pengen orang lain takut sama aku supaya dihormati. Itu oke nggak?,takut hormat hormat takut renggang respek jujur tahan lama harga takut,-1,0,0.6765003,True,high
6763,Aku merasa semua orang melihat kegagalanku dan menertawakanku. Apa yang harus aku pikirkan?,gagal tertawa paham hakim sibuk hidup sendiri ketimbang perhati gagal diri sendiri perlu bukti,-1,2,0.7738862,True,high
6766,Skorku Neurotisisme tinggi. Bagaimana mengelolanya?,skor neurotisisme tinggi kelola teknik relaksasi jurnal syukur olah raga atur regulasi emosi turun dampak neurotisisme,-1,12,0.7745683,True,high
6769,"Aku ngerasa sendirian banget, kayak nggak ada yang ngerti. Apa yang bisa aku lakukan?",ngerasa sendiri laku sendiri berat sendiri percaya sekadar ringan sesuai klub buku olahraga,-1,0,0.7751907,True,high
6770,Kenapa sih aku merasa down terus padahal aku sudah olahraga rutin?,down terus padahal olahraga rutin olahraga bagus sehat mental down pengaruh stres kurang dukung sosial ganggu tahu pelan pelan,-1,0,0.83033454,True,high
6772,"Emilia, apa aku bisa sembuh dari depresi tanpa obat?",sembuh depresi obat pulih depresi terapi bicara olahraga dukung sosial obat imbang serotonin penting cocok giat,-1,12,0.7743032,True,high
6773,Aku suka ngelupain kerjaan karena aku menghindari rasa sedih. Itu buruk nggak?,ngelupain kerja hindar sedih ngatasin sedih kurang ngebantu jangka panjang hindar sedih kerja keteter stres tambah hadepin sedih luangin rasain hati terus balik kerja aktivitas semangat olahraga ringan lupa hindar kerja,-1,0,0.79478437,True,high
6774,"Aku pernah depresi dulu, sekarang takut banget kambuh lagi. Ada cara nggak supaya nggak balik lagi?",depresi takut kambuh balik takut kambuh udah berat depresi kurang risiko terapi kognitif jaga pola positif olahraga rutin jaga sosial penting rencana ngerasa enak pikirin strategi,-1,0,0.8432429,True,high
6775,Aku pengen cepet sembuh dari depresi. Apa ada cara instan?,cepet sembuh depresi instan cepet sayang depresi butuh usaha sembuh instan kecil terapi olahraga peduli buru buru malah stres udah lama,-1,0,0.80592936,True,high
6776,"Aku sering kepikiran mantanku, dan itu bikin aku sedih banget. Gimana caranya move on?",mantan sedih move berat mantan aktivitas kuat olahraga temen muncul teknik tunda pikirin daftar aktivitas sibuk,-1,0,0.79549134,True,high
6778,"Aku pengen lebih aktif, tapi selalu berhenti di tengah jalan. Ada saran nggak?",henti tengah jalan saran keren tuju spesifik jalan kaki minggu terus pantau progres catat kecil hilang motivasi nyemangatin aktivitas,-1,0,0.75611603,True,high
6780,"Aku takut kalau nanti depresi lagi, padahal sekarang udah agak baikan. Apa yang harus aku siapin?",takut depresi padahal udah siapin keren udah jaga jaga daftar tetap imbang olahraga ringan temen catat depresi datang cepet rencana bareng,-1,11,0.79674923,True,high
6781,"Aku suka ngerasa badanku berat banget pas depresi, ada cara nggak biar nggak gitu?",ngerasa badan berat depresi berat badan datang bareng depresi gerak badan pelan pelan jalan kaki regang putih begini tahu muncul,-1,0,0.78591764,True,high
6784,Aku olahraga keras biar nggak merasa gendut. Ini salah nggak?,olahraga gendut salah olahraga bagus olahraga hindar gendut beban tahu gendut olahraga senang bukan kontrol tubuh olahraga nikmat,-1,0,0.7085568,True,high
6785,"Aku ingin olahraga, tapi tubuhku gampang capek dan aku nggak bisa ikut olahraga berat.",olahraga tubuh gampang capek olahraga berat erti olahraga lelah nama gera pelan alir tetap sehat tunjuk reda stres cemas bahkan daya ingat olahraga berat kewalahan gera lembut penting bukan berapa kuat berapa konsisten laku,-1,0,0.7916889,True,high
6787,"Saya jarang olahraga, tapi banyak orang bilang olahraga bisa meningkatkan kepercayaan diri. Apakah benar?",jarang olahraga olahraga tingkat percaya diri olahraga rutin bahkan lancar alir darah otak tingkat hormon lindung saraf efek bukan fisik emosional olahraga harga percaya diri kecil jalan cepat regang ringan,-1,12,0.73395914,True,high
6788,"Saya sedang gencar berolahraga karena ingin sehat, tapi kadang tubuh saya terasa lelah sekali. Apakah saya berlebihan?",sedang gencar olahraga sehat tubuh lelah sekali terlalu olahraga akibat bahkan turun bentuk otak tubuh beri lelah sakit kurang intensitas olahraga kuat tubuh bukan siksa dengar tubuh imbang,-1,0,0.72575045,True,high
6790,Katanya otak kita cuma kepake 10%. Apa itu berarti aku nggak bisa lebih pintar dari ini?,kata otak kepake arti pintar mitos otak jauh sekadar terus asah mampu lewat olahraga bahkan rawan makin aktivitas sehat laku otak makin,-1,0,0.74793017,True,high
6791,"Saya ingin mulai berenang, tapi cemas karena tidak terbiasa. Apa manfaatnya untuk suasana hati?",renang cemas manfaat suasana hati renang aerobik tingkat alir darah otak efek antidepresif perlahan sesi singkat perlu kelas mula arah,-1,10,0.660406,True,high
6792,Saya khawatir berenang tidak seefektif olahraga lain. Benarkah berenang lebih baik?,khawatir renang efektif olahraga renang renang beri resistensi unik libat seluruh otak tubuh tunjuk tingkat alir darah serebral pilih khusus dampak rendah sendi,-1,12,0.6715958,True,high
6793,Saya ingin mencoba yoga tetapi takut tidak bisa mengikuti pose. Apa yang perlu saya tahu?,yoga takut pose perlu tahu yoga mula tekan gera tahap manfaat masuk kurang cemas tingkat bahkan ubah struktural otak laku rutin kelas mula instruktur sertifikat pandu teknik,-1,10,0.7075052,True,high
6794,Apakah olahraga benar-benar membantu memulihkan otak atau hanya mitos?,olahraga pulih otak mitos bukan mitos olahraga tingkat alir darah otak dukung jaring picu bentuk memori perlu ekstrem jalan cepat senam ringan aktivitas rutin gerak dampak positif,-1,0,0.74415827,True,high
6795,Tips menjaga stamina saat harus menginap di RS mendampingi anak?,tips jaga stamina inap damping anak kursi lipat ergonomis bantal leher atur shift istirahat bawa cemilan sehat tinggi protein laku regang ringan koridor beberapa,-1,3,0.6878162,True,high
6796,Apakah keluarnya hormon endorfin bisa ditingkatkan alami?,keluar hormon endorfin tingkat alami olahraga aerobik tertawa aktivitas makna picu lepas endorfin reda nyeri stres,-1,12,0.6905869,True,high
6797,Apakah program ini lebih efektif daripada terapi tunggal?,program efektif terapi tunggal riset tunjuk dekat tingkat fungsi fisik turun obat banding terapi disiplin,-1,1,0.6968926,True,high
6799,Saya kurang tenaga untuk olahraga. Apa ada gerakan sederhana?,kurang tenaga olahraga gera sederhana gera kursi angkat tumit putar gelang tangan rentang tangan perlahan laku beberapa,-1,10,0.67280877,True,high
6801,"Saya remaja dengan diabetes tipe I, dan kadang merasa beda sama temen. Bagaimana diabetes bisa bikin saya stres, dan apa yang bisa saya lakukan?",remaja diabetes tipe temen diabetes stres laku luar hadap diabetes usia muda ngurus diabetes gula darah suntik insulin stres temen okay feel this temen deket konselor dukung keren main musik olahraga siapa,-1,0,0.77806175,True,high
6817,"Saya pengen olahraga, tapi nggak punya waktu, dan itu bikin stres. Bagaimana olahraga bantu kesehatan mental, dan apa yang bisa saya lakukan?",olahraga stres olahraga sehat mental laku tahu sibuk susah olahraga olahraga jalan cepat ningkatin hormon bahagia kurang stres jernih kaya vitamin jiwa sempit jalan tempat dengar musik taruh ingat ponsel layak happy olahraga singkat,-1,0,0.8190478,True,high
6822,"Saya sering berhenti olahraga karena sibuk, dan itu bikin down. Bagaimana pencegahan kekambuhan bisa bantu, dan apa yang bisa saya lakukan?",henti olahraga sibuk down cegah kambuh laku sibuk olahraga goyah konsisten cegah kambuh ajarin rintang sibuk rencana cadang olahraga sehat mental sukses rintang sibuk kerja solusi jogging tempat tetap rintang solusi,-1,0,0.7315263,True,high
6825,Aku dengar ada penelitian korelasional. Apa sih itu?,dengar korelasional korelasional olahraga mood olahraga mood bagus olahraga mood bagus psikolog nyambung neliti keren penasaran terapi,-1,1,0.78884095,True,high
6827,"Aku bingung kenapa aku nggak bisa konsisten sama kebiasaan baru, ada saran?",konsisten saran susah konsisten alami sendiri terlalu berat kurang nyambung super kecil biasain olahraga jalan kaki terus reward kecil diri hasil,-1,0,0.7878187,True,high
6828,Aku ngerasa dorongan buat nyanyi atau olahraga pas lagi stres. Itu normal nggak?,ngerasa dorong olahraga stres malah sehat olahraga alami tubuh ngeluarin stres dorong butuh ekspresi gera rutinin giat dengerin favorit jogging ringan ngerasa butuh temen makin semangat,-1,0,0.8167716,True,high
6829,"Aku pengen punya kebiasaan baik, seperti olahraga rutin. Tapi selalu berhenti di tengah jalan. Apa yang salah?",olahraga rutin henti tengah jalan salah salah proses henti tuju terlalu realistis olahraga ringan jalan kaki naik pelan pelan tempat enjoy beban olahraga tahu tuju rencana,-1,0,0.740778,True,high
6830,"Aku susah banget ngejalanin rutinitas baru, padahal tahu itu baik buat aku. Apa yang salah sama aku?",susah ngejalanin padahal tahu salah salah susah ngejalanin otak butuh sesuain diri kecil olahraga pastiin senang gagal susah terlalu target gampang,-1,2,0.8415124,True,high
6833,Apakah memperbaiki relasi bisa membantu depresi?,relasi depresi hangat tingkat hormon tenang sedia dukung terapi interpersonal aspek bukti efektif,-1,10,0.7694461,True,high
6835,"Aku nggak punya rumah sendiri, apa ini bikin aku lebih gampang depresi?",sendiri gampang depresi sendiri hidup berat ngerasa stabil milik aset langsung depresi pengaruh dukung sosial situasi saran,-1,0,0.77472436,True,high
6836,Apa bedanya gangguan mental sama masalah hidup biasa?,ganggu mental hidup ganggu mental libat fungsi diri kelola emosi derita fungsi hidup sedih putus cinta reaksi hadap situasi stuck lama move perlu perhati serius,-1,0,0.7760781,True,high
6845,Aku ngerasa hidupku berantakan gara-gara mood yang ga stabil. Apa ada harapan buat aku?,ngerasa hidup beranta gara gara mood stabil harap hidup beranta mood naik turun percaya harap ganggu mood bipolar kelola kombinasi obat terapi dukung tepat profesional teknik sederhana,-1,0,0.8197932,True,high
6847,"Aku ga suka minum obat, apa aku bisa sembuh dari mood swing tanpa obat?",obat sembuh mood swing obat obat berat mood swing utama kait ganggu bipolar obat mood stabilizer penting stabilin suasana hati terapi psikologis family focused treatment dukung keluarga obat sulit dokter opsi alas obat,-1,12,0.75528944,True,high
6850,Aku merasa keluargaku ga ngerti aku yang punya mood swing. Apa yang harus aku lakukan?,keluarga mood swing laku keluarga paham alamin mood swing kait bipolar pelan pelan jelasin rasain sesi terapi keluarga bareng contoh obrol ngerasa erti,-1,0,0.7775626,True,high
6851,Aku pengen hidup normal meskipun punya masalah mood. Apa mungkin?,hidup mood mood ganggu bipolar hidup produktif bahagia kelola tepat kombinasi obat terapi dukung sosial family focused treatment stabilin hidup kecil happy rencanain,-1,0,0.79521406,True,high
6853,"Emilia, aku merasa keluargaku sering kesal sama aku karena mood-ku. Apa yang bisa aku lakukan?",keluarga kesal mood laku berat keluarga sepenuh paham ganggu bipolar interaksi keluarga tegang ubah mood bicara sesi edukasi bareng kondisi bukan salah susun,-1,12,0.78571326,True,high
6857,"Emilia, keluargaku bilang aku dramatis karena mood-ku. Aku bingung harus bilang apa.",keluarga dramatis mood enak paham ubah mood ganggu bipolar bukan dramatis kondisi nyata jelas bukan sengaja terap edukasi bareng kondisi,-1,0,0.8019655,True,high
6863,"Emilia, aku merasa keluargaku terlalu ngatur karena aku punya bipolar. Aku kesal!",keluarga terlalu ngatur bipolar kesal frustrasi kontrol keluarga khawatir paham sepenuh bipolar terapi keluarga bareng komunikasi sehat atur,-1,12,0.81698674,True,high
6865,Aku merasa nggak punya temen karena mood-ku susah diprediksi. Gimana caranya punya temen?,temen mood susah prediksi temen berat sendiri mood stabil sosial sulit sendiri kelompok dukung bipolar situ nyaman temen,-1,0,0.8251331,True,high
6866,"Emilia, aku pengen hidup normal tanpa bipolar. Mungkin kalau aku cuek aja, hilang sendiri?",hidup bipolar cuek hilang sendiri hidup ganggu bipolar hilang abai justru kelola obat terapi hidup stabil kecil bayangin,-1,0,0.80654645,True,high
6867,"Emilia, aku merasa bersalah karena bikin keluarga khawatir. Apa yang harus aku lakukan?",salah keluarga khawatir laku salah tunjuk peduli keluarga perlu nanggung beban bipolar bukan pilih keluarga rasain sesi terapi keluarga salah,-1,0,0.79357576,True,high
6872,"Pas aku down, aku ngerasa pasanganku nggak peduli. Tapi dia bilang aku yang terlalu sensitif. Siapa yang bener?",down ngerasa pasang peduli terlalu sensitif siapa down sensitif komunikasi pasang rumit ganggu bipolar fase depresi ngerasa peduli padahal pasang bicara tenang saling dukung komunikasi bareng,-1,0,0.80646276,True,high
6873,Aku merasa pasanganku selalu nyalahin aku soal masalah kami. Apa aku harus ninggalin dia aja?,pasang nyalahin ninggalin berat salah mutusin pergi pola kait suasana hati naik turun ganggu bipolar emosi kuat konflik detail salah pikirin,-1,0,0.83150166,True,high
6875,"Pas aku lagi down, aku cuma pengen sendiri. Tapi pasangan bilang aku egois. Gimana caranya biar dia ngerti?",down sendiri pasang egois down sendiri pasang diri ganggu bipolar fase depresi butuh ruang sendiri bicara tenang jelasin rasain butuh sendiri ngomongin,-1,0,0.777616,True,high
6876,Aku merasa hidupku berantakan karena suasana hatiku naik turun. Apa aku bisa sembuh dari ini?,hidup beranta suasana hati naik turun sembuh frustrasi hidup beranta gara gara suasana hati ganggu bipolar tantang ngelolanya terapi obat dukung tepat paling beranta pikirin kecil hidup stabil,-1,0,0.80226386,True,high
6877,Aku kadang ngerasa pasanganku nggak ngerti apa yang aku alamin. Gimana caranya biar dia paham?,ngerasa pasang alamin paham pasang alamin gampang suasana hati naik turun bicara tenang contoh rasain hipomania depresi baca bareng ganggu bipolar jelasin,-1,0,0.84238803,True,high
6879,Kadang aku ngerasa nggak ada gunanya hidup pas lagi down. Apa yang harus aku lakuin?,ngerasa hidup down lakuin sedih denger muncul fase depresi ganggu bipolar bukan cermin nyata down pikirin kecil muncul profesional,-1,0,0.7586236,True,high
6882,Aku ngerasa hidupku nggak akan pernah normal karena suasana hatiku naik turun. Apa ada harapan?,ngerasa hidup suasana hati naik turun harap putus sendiri ganggu bipolar tantang hidup stabil dukung tepat terapi obat hidup pikirin kecil,-1,0,0.7931441,True,high
6883,Aku kadang ngerasa pasanganku cuma bikin suasana hatiku tambah buruk. Apa aku harus putus?,ngerasa pasang suasana hati tambah putus berat pasang suasana hati tambah mutusin kait fase bipolar hipomania depresi emosi kuat detail pikirin,-1,0,0.79181063,True,high
6885,Aku ngerasa nggak punya temen yang ngertiin aku. Apa aku salah?,ngerasa temen ngertiin salah sedih denger ngerasa sendiri salah ganggu psikologis skizofrenia bipolar ngerasa sulit connect gejala luar sana ngertiin gabung konselor paham ngerasa,-1,1,0.74722457,True,high
6886,Apa metrik sederhana memantau kemajuan?,metrik sederhana pantau maju skala mood pagi plus catat teknik coping minggu pola tingkat,-1,10,0.68630767,True,high
6887,Apakah memilih pil warna cerah bisa mempengaruhi mood-ku?,pilih cerah pengaruh mood tunjuk hangat asosiasi tingkat energi efek kecil motivasi obat salah,-1,10,0.73618066,True,high
6888,Haruskah aku ke psikolog walau nyerinya fisik?,psikolog nyeri fisik psikolog putus siklus nyeri emosi coping skills nyeri kelola mood,-1,1,0.80818236,True,high
6889,Kapan sebaiknya saya menemui psikolog?,kapan psikolog sedih cemas marah kunjung reda minggu ganggu aktivitas kuat profesional,-1,0,0.69269884,True,high
6891,"Saya punya penyakit jantung dan merasa depresi, bikin nggak semangat. Mengapa depresi muncul, dan apa yang bisa saya lakukan?",sakit jantung depresi semangat depresi muncul laku paham depresi berat luar solusi depresi muncul sakit jantung ubah hidup hilang kendali ganggu sehat mental jalan santai naikin mood bangga konselor dokter obat layak bahagia pasien jantung depresi koping,-1,0,0.8205899,True,high
6893,Aku merasa warna bikin moodku berubah. Apa warna memang punya efek gitu?,moodku ubah efek pengaruh suasana hati cerah kuning semangat biru tenang otak kait emosi perhati,-1,0,0.7654952,True,high
6896,Latihan praktis apa untuk mengalihkan tekanan?,praktis tekan teknik sebut dengar cium sensasi tubuh geser evaluasi diri alam indrawi,-1,13,0.7382551,True,high
6897,Aku merasa lebih stres di rumah yang berantakan. Apa hubungannya lingkungan sama perasaanku?,stres beranta beranta hati beranta psikologi pengaruh mood kacau visual otak overwhelmed rapi sudut kecil meja tambahin elemen nyaman lilin aroma tanam suasana tenang,-1,0,0.8201145,True,high
6898,Apa yang dimaksud dengan sensasi dalam proses pengolahan informasi?,sensasi proses olah sensasi pintu masuk otak bayang dengar musik bunga warni cium aroma kopi panca indra tangkap luar ubah impuls saraf erti otak pesan rahasia terjemah sensasi pertama jalan persepsi lanjut,-1,13,0.8112391,True,high
6899,Bagaimana persepsi berbeda dari sensasi?,persepsi sensasi sensasi kamera tangkap persepsi otak tafsir makna sensasi tangkap stimulus dengar persepsi lang jauh olah stimulus perhati alam emosi paham temenku tenang persepsi hidup penuh makna,-1,13,0.80471826,True,high
6900,"Aku sering salah nangkap omongan temen, kayak mereka kesel padahal enggak. Gimana caranya biar aku nggak salah persepsi?",salah nangkap omong temen kesel padahal enggak salah persepsi salah nangkap omong otak main tebak tebak sendiri persepsi pengaruh alam ekspektasi jernih dengar penuh perhati ulang ragu langsung santai emosi buru buru nilai momen salah persepsi ngatasinnya,-1,13,0.82033896,True,high
6901,"Aku sering salah denger omongan orang, kayak otakku buru-buru kasih makna. Gimana caranya biar aku lebih teliti?",salah denger omong otak buru buru makna salah denger otak main loncat loncat proses persepsi cepet buru buru makna registrasi dengar pelan pelan ulang kata kata hati yakin santai tadi stres otak jernih momen salah denger ngatasin,-1,13,0.7951194,True,high
6905,Aku suka ngelakuin hal-hal aneh kalau kaget. Apa ini normal?,ngelakuin aneh kaget reaksi kaget respons alami tubuh ganggu mirip sebut latah beberapa reaksi otomatis kaget nyaman konsultasi profesional kaget tahu,-1,0,0.76631474,True,high
6907,"Emilia, aku ngerasa nggak bisa percaya orang lagi setelah kejadian buruk. Apa yang harus aku lakuin?",ngerasa percaya lakuin hilang percaya alam otak lindung diri interaksi kecil perlu buru buru pelan pelan percaya,-1,0,0.8324771,True,high
6909,Aku ngerasa orang-orang nggak suka sama aku. Mungkin aku nggak cukup baik. Gimana ngatasin pikiran gini?,ngerasa cukup ngatasin aduh berat otak ngerasa kurang padahal diri sendiri bukti temen percaya terapi kognitif jernih ngerasa dengerin,-1,0,0.771586,True,high
6910,Kenapa aku selalu berpikir negatif tentang diriku sendiri?,negatif diri sendiri negatif muncul otak jebak pola utama sedang down perhati negatif muncul diri tadi fakta,-1,0,0.7644108,True,high
6912,Mengapa saya mudah panik dan merasa semua masalah jadi berat?,mudah panik berat bila otak negatif jeda detik sebut milik pelan pelan otak imbang sudut pandang,-1,13,0.7893574,True,high
6913,Aku dengar HRB itu panjang. Apa bener bantu cek otak?,dengar panjang otak penasaran baterai delapan panjang rancang rusa otak psikolog ganggu kognitif detail rencana awat khawatir durasi psikolog proses penasaran dengerin,-1,13,0.7877871,True,high
6914,Aku sering merasa bingung kenapa reaksi orang berbeda-beda saat menghadapi situasi yang sama. Apa ya yang memengaruhi ini?,reaksi hadap situasi pengaruh pandang alam hidup unik reaksi telepon bunyi langsung angkat penting cuek ganggu pengaruh suasana hati situasi sudut,-1,13,0.7300639,True,high
6915,Kenapa aku lebih gampang ingat hal buruk daripada yang baik?,gampang ingat erti nempel otak cenderung peka alam emosi kuat sedih takut otak lindung otak perhati positif lama lama otak imbang ingat,-1,3,0.77965695,True,high
6916,"Aku suka bingung sama apa yang aku lihat, kayak salah lihat sesuatu. Normalkah ini?",salah otak paham cepat salah tangkap bayang perhati detail pelan pelan otak jelas proses,-1,13,0.8314913,True,high
6917,Aku sering salah paham sama omongan orang. Kenapa ya?,salah paham omong otak proses terlalu cepat capek dengar penuh perhati ulang hati ulang tunjuk peduli paham,-1,3,0.81435794,True,high
6918,Aku sering nggak yakin sama keputusan yang aku ambil. Normalkah?,yakin putus putus ragu otak paham sekaligus kontra putus jelas ragu bicara temen percaya sudut pandang,-1,0,0.80674505,True,high
6921,Aku suka bingung kenapa aku lebih notice satu hal ketimbang yang lain. Apa yang bikin aku fokus gitu?,notice ketimbang pengaruh perhati perhati lampu sorot otak alam lampu nyala terang musik langsung notice putar kafe ngeh susah perhati diri nikmat momen kecil dengar detail,-1,0,0.82785165,True,high
6925,Aku kadang lihat sesuatu yang nggak ada hubungannya jadi kayak nyambung. Ini wajar nggak?,nyambung otak nyambung nyambungin dekat mirip makna benda dekat otak rapi overthinking beneran nyambung pola otak,-1,4,0.7454868,True,high
6926,Aku susah pindah fokus dari satu hal ke hal lain. Apa aku bermasalah?,susah pindah perhati statis arti cenderung lama kuat stuck diri jeda kecil pandang sebentar susah percaya,-1,5,0.7906421,True,high
6928,Aku kadang merasa apa yang aku dengar atau lihat nggak cukup kuat. Ini kenapa?,dengar cukup kuat dengar cukup kuat otak sepenuh terlalu pelan cahaya redup otak nangkep batas minimal ganggu periksa perlu terang tenang profesional khawatir,-1,0,0.7835706,True,high
6930,Kenapa ya aku lebih gampang notice hal-hal yang keras atau mencolok?,gampang notice colok kuat gampang perhati otak cenderung prioritas tonjol terang diri imbang perhati kecil lembut detail kecil pelan pelan,-1,0,0.78637105,True,high
6932,Kenapa ya aku cuma notice hal-hal yang besar atau jelas banget?,notice jelas otak rancang gampang nangkap tonjol cerah peka halus diri perhati detail kecil aroma kopi pola baju awal susah lama lama gampang,-1,3,0.8155122,True,high
6933,"Aku merasa susah banget nangkap perbedaan halus, kayak warna yang mirip. Normal nggak sih?",susah nangkap halus mirip totally langsung peka halus main urutin kertas paling terang gelap mata otak bedain kecil,-1,13,0.73901373,True,high
6934,Aku sering nggak notice apa yang orang lain anggap jelas. Aku takut dianggap nggak peduli.,notice anggap jelas takut anggap peduli khawatir bukan arti peduli otak sibuk diri mindful mata susah jujur peka,-1,0,0.85810447,True,high
6935,Kenapa ya aku lebih gampang dengar suara keras ketimbang yang pelan?,gampang dengar ketimbang pelan gampang nyedot perhati otak peka pelan dengar lembut daun alir tempat tenang lama lama gampang nangkap kecil,-1,3,0.7441703,True,high
6936,Aku ngerasa otakku lambat nangkap hal-hal kecil. Apa aku bisa improve ini?,ngerasa otak lambat nangkap kecil improve otak makin makin kuat game kecil dengar tebak instrumen gampang terus tingkat kaget berapa cepat improve,-1,0,0.7686654,True,high
6938,Aku sering merasa bingung kenapa iklan tertentu lebih menarik perhatianku dibandingkan yang lain. Apa ya yang bikin iklan itu menonjol?,iklan perhati banding iklan tonjol iklan elemen khusus ukur kontras ubah ubah mata iklan cenderung langsung notice perhati iklan penasaran,-1,10,0.69918555,True,high
6939,Kadang aku ngerasa perhatianku gampang banget teralih. Apa yang bikin perhatian kita bisa berpindah-pindah gitu?,ngerasa perhati gampang perhati pindah pindah perhati pindah pindah manusiawi otak respons ubah colok otak rancang notice kurang distraksi mati notifikasi,-1,8,0.74791014,True,high
6941,Aku merasa orang-orang tertentu lebih gampang menarik perhatianku. Apa yang bikin seseorang menonjol di keramaian?,gampang perhati tonjol ramai kontras gera colok otak cenderung perhati pengaruh ramah perhati,-1,0,0.7559966,True,high
6942,"Aku suka notice bunyi tertentu, kayak ketokan berulang, tapi bunyi lain biasa aja. Kenapa gitu?",notice bunyi ulang bunyi bunyi ulang otak pola ulang monoton bunyi sekali terlalu perhati ulang otak penasaran perhati bunyi peka,-1,3,0.75299275,True,high
6943,"Aku sering nggak sadar sama bunyi jam di rumah, tapi kalau tiba-tiba berhenti, aku langsung notice. Apa yang bikin gitu?",bunyi henti langsung notice otak cenderung abai monoton bunyi terus terus ubah henti otak langsung waspada otak jaga tetap aware keren kerja otak,-1,3,0.7473003,True,high
6958,Pernah nggak sih otak kita nyambungin dua hal yang sebenarnya nggak berhubungan?,otak nyambungin otak koneksi antar bahkan nyambung awan inget temen awan sebut asosiasi otak hidup asyik pola unik sendiri,-1,13,0.78351533,True,high
6960,"Aku suka bikin kesimpulan cepet tentang orang lain, tapi kadang salah. Gimana biar nggak gampang judge?",simpul cepet salah gampang judge bagus buru buru simpul otak nyari pola cepet tunda simpul fakta jutek capek bukan arti jahat situasi pikirin perhatiin,-1,0,0.7929847,True,high
6963,"Kadang aku ngerasa apa yang aku rasain nggak nyata, kayak cuma di kepala. Gimana caranya biar lebih grounded?",ngerasa rasain nyata kepala grounded muncul terlalu sibuk kewalahan grounded panca indera pegang dengar cium kopi otak balik perhati kapan muncul pola ngerasa nyata obrolin jelas,-1,0,0.83654416,True,high
6965,"Kenapa ya, aku suka ngerasa seneng cuma gara-gara lihat bunga di taman?",ngerasa neng gara gara bunga taman spesial bunga taman neng otak indah harmonis bunga otak langsung ngeliat pola bentuk cerah keren kecil bahagia neng,-1,0,0.7254926,True,high
6966,Aku sering ngerasa apa yang aku lihat itu kayak punya cerita sendiri. Itu normal gak?,ngerasa sendiri turut malah keren otak nyambungin alam pohon inget masa kecil ngerasa tenang otak arti ngerasa,-1,0,0.7486463,True,high
6968,"Kenapa ya, aku suka ngerasa sesuatu itu familiar, padahal aku yakin belum pernah lihat sebelumnya?",ngerasa familiar padahal yakin otak nyambungin pola alam mirip masa otak keren otak koneksi ngerasa tempat,-1,0,0.72896296,True,high
6972,"Aku pengen lebih positif, tapi selalu balik lagi ke pikiran negatif. Apa yang salah?",positif balik negatif salah salah negatif ubah momen positif kecil lama lama otak sisi,-1,5,0.75642526,True,high
6973,Aku 25 tahun masih sangat bergantung pada orang tua. Apa ini fixation?,tahun fixation kembang mandiri finansial kecil atur budget bulan perlahan lepas,-1,5,0.6790085,True,high
6974,"Aku cemas mikirin utang, rasanya nggak bisa tenang. Gimana caranya biar pikiranku lebih kuat?",cemas mikirin utang tenang kuat utang kacau benteng fakta utang atur syukur keluarga sehat rencana bayar kecil kecil pilih hemat makan siang tenang catat rencana bayar sore,-1,0,0.7513763,True,high
6975,"Saya sering khawatir tentang masa depan, terutama soal uang. Bagaimana cara mengurangi kecemasan ini?",khawatir masa depan utama uang kurang cemas khawatir masa depan sendiri jelas butuh stabilitas finansial penting tenang kurang cemas rencana sederhana sisih uang minggu daftar keluar teknik relaksasi lama kecil,-1,0,0.73649645,True,high
6976,Akhir-akhir ini saya khawatir tentang pekerjaan dan keuangan. Bagaimana cara agar merasa lebih tenang?,akhir akhir khawatir kerja uang tenang khawatir sendiri jelas butuh penting butuh penuh ketidakpastian kerja uang gelisah kecil daftar prioritas uang sederhana rencana anggar kecil minggu okay start small luang relaksasi lama kecil laku stabil,-1,3,0.77125996,True,high
6977,"Aku takut kehilangan pekerjaan, rasanya hidupku bergantung sama gaji. Gimana caranya biar nggak cemas?",takut hilang kerja hidup gaji cemas takut hilang kerja penuh kerja pinjam nikmat siap hidup arti keluarga lakuin tingkatin skill nabung bayangin diri situasi ubah temen dekat kursus gratis minggu,-1,0,0.8407077,True,high
6978,"Aku stres gara-gara kena krisis keuangan, rasanya hidupku susah banget. Gimana caranya biar bisa nerima?",stres gara gara kena krisis uang hidup susah nerima krisis uang berat jalan situasi hemat kreativitas bayangin krisis sempat bijak ngatur duit kecil catat keluar side hustle cinta momen peluang tumbuh catat keluar,-1,0,0.82696676,True,high
6982,"Aku pengen kerja paruh waktu biar bisa urus keluarga, tapi takut dianggap nggak serius. Gimana?",kerja paruh urus keluarga takut anggap serius pilih kerja paruh putus valid penting jelasin alas paham kualitas kerja harga,-1,0,0.7573006,True,high
6983,"Aku merasa hidupku nggak seimbang antara kerja dan keluarga, apa solusinya?",hidup imbang kerja keluarga solusi imbang susah batas jelas khusus keluarga ganggu kerja jangan ragu minta keluarga teman kewalahan,-1,0,0.76690716,True,high
6984,"Aku pengen hidupku selalu teratur, tapi kok chaos terus. Apa aku yang salah?",hidup atur chaos terus salah hidup chaos arti salah kecil daftar prioritas atur istirahat terima atur keluarga bahagia udah usaha udah luar,-1,0,0.78956115,True,high
6985,"Aku merasa nggak dihargai sama keluargaku, padahal aku yang nyari uang. Gimana biar mereka ngerti?",harga keluarga padahal nyari uang enak usaha harga keluarga tenang rasain kerja ngerasa anggap dengar susah libat urus uang diskusi anggar juang,-1,0,0.82665193,True,high
6986,Aku selalu disalahin sama keluarga karena kerja mulu. Aku capek dengernya. Apa yang harus aku lakukan?,disalahin keluarga kerja mulu capek dengernya laku enak terus disalahin padahal kerja keluarga jujur kerja butuh dukung bukan kritik dengar rasain kangen atur khusus keluarga makan bareng tetap nyalahin ingat usaha harga jangan lupa diri sendiri burnout,-1,0,0.819082,True,high
6987,"Aku pengen berhenti kerja biar fokus ke keluarga, tapi takut nyesel. Gimana caranya yakin?",henti kerja keluarga takut yakin putus ragu paling penting keluarga karier diskusi keluarga dekat opsi kerja paruh takut,-1,10,0.7168757,True,high
6988,"Aku merasa bingung, sebenarnya untuk apa sih kita bekerja?",kerja kerja penuh butuh hidup makan tempat tinggal jaga keluarga tahu ragu tuju kerja ganjal,-1,5,0.72158176,True,high
6989,"Aku merasa kerjaanku bikin aku jauh dari keluarga, apa aku egois kalau pengen berhenti?",kerja jauh keluarga egois henti egois sekali kerja jauh keluarga sedih henti keluarga penting kerja jauh keluarga pikirin imbang perlu opsi dukung keluarga,-1,0,0.7938728,True,high
6993,"Emilia, aku merasa hidupku nggak adil. Kenapa aku harus susah terus?",hidup adil susah terus dengar betapa frustrasi kesal hidup adil hadap tantang imbang situasi ekonomi sosial sulit kecil kontrol senang adil dengerin,-1,0,0.7875847,True,high
6997,Aku merasa hidupku lebih susah karena aku ga punya banyak duit. Apa itu ngaruh sama dukungan sosial?,hidup susah duit ngaruh dukung sosial kondisi ekonomi ngaruh ekonomi rendah dukung sosial tekan hidup dukung uang obrol tekan pikirin dukung,-1,0,0.71424234,True,high
6998,"Kalau aku nggak kerja, apa aku bakal jadi beban buat keluarga?",kerja beban keluarga berat kerja otomatis beban keluarga peduli bahagia ketimbang duit keluarga ekspektasi kerja kecil bareng,-1,11,0.74722826,True,high
7001,Kenapa sih orang miskin kayak aku selalu punya masalah mental lebih banyak?,miskin mental dengar frustrasi berat ekonomi rendah cenderung rentan hadap mental tekan hidup sulit bayar tagih kurang akses sehat bukan lemah struggle bangkit support,-1,0,0.76815164,True,high
7002,Aku merasa nggak punya masa depan karena aku dari keluarga miskin. Apa ini cuma perasaanku?,masa depan keluarga miskin dengar putus berat bukan latar belakang ekonomi rendah hadap hambat akses didik kerja hasil lampau tantang tekad dukung kecil masa depan pikirin,-1,0,0.7612826,True,high
7003,Aku merasa hidupku nggak akan pernah membaik karena aku nggak punya uang. Apa bener gitu?,hidup uang dengar keputusasaanmu dukung uang pengaruh akses peluang segala bawah hasil tuju dukung pikirin kecil harap nyari gratis senang stres,-1,0,0.8322593,True,high
7004,Aku merasa hidupku nggak ada harapan karena aku selalu kesulitan finansial. Apa yang bisa aku lakukan?,hidup harap sulit finansial laku paham berat uang terus stres kontrol anggar sederhana sumber daya saran penting jaga sehat mental detail paling harap,-1,0,0.85699606,True,high
7007,Aku merasa cuma orang miskin yang punya masalah mental. Apa bener gitu?,miskin mental ganggu mental alami siapa peduli status sosial tekan ekonomi susah ngatasinnya kurang sumber daya sendiri berat,-1,0,0.7960532,True,high
7008,Aku ngerasa hidupku cuma buat bayar utang. Apa aku cuma harus terima aja?,ngerasa hidup bayar utang terima jebak utang akhir terima atur ulang uang ahli uang gratis ringan beban,-1,0,0.7257068,True,high
7009,Aku merasa stres banget karena keuangan keluargaku lagi susah. Apa hubungannya sih keuangan sama kesehatan mental?,stres uang keluarga susah uang sehat mental situasi uang sulit stres uang ketat cemas sedih tekan penuh butuh tunjuk rendah cenderung rentan alami depresi cemas detail stres pikirin kecil ngurangin beban,-1,0,0.8128036,True,high
7010,Aku merasa hidupku nggak adil dibandingkan orang lain. Apa ini cuma perasaanku?,hidup adil banding adil utama ngerasa timpang hidup ekonomi sempat timpang sosial tekan ngerasa hidup adil denger,-1,0,0.7407102,True,high
7011,"Aku ngerasa hidupku stuck, kayak nggak bisa maju. Apa ini karena aku miskin?",ngerasa hidup stuck maju miskin stuck berat situasi ekonomi ngerasa jebak timpang sosial kurang kendali hidup ngerasa stuck kecil hidup ringan,-1,0,0.73672605,True,high
7012,"Aku merasa hidupku nggak adil, kenapa aku yang selalu susah?",hidup adil susah adil frustrasi timpang senjang ekonomi kurang dukung bukan arti salah tahu susah temuin hadap bareng,-1,0,0.789894,True,high
7013,Aku ngerasa hidupku berantakan karena aku orang miskin. Apa bener kemiskinan bikin gila?,ngerasa hidup beranta miskin miskin gila miskin gila tekan miskin susah akses sehat stres uang pengaruh sehat mental tahu berat hidup beranta,-1,0,0.78848004,True,high
7015,Aku merasa nggak punya kontrol atas hidupku karena keluargaku susah banget secara ekonomi. Gimana caranya aku nggak depresi?,kontrol hidup keluarga susah ekonomi depresi ekonomi sulit tekan kecil kontrol senang temen keluarga terlalu berat konselor sekolah sendiri dengerin,-1,0,0.7808216,True,high
7016,Aku ngerasa down karena keluargaku nggak punya uang banyak. Apa yang bisa aku lakukan biar nggak sedih terus?,ngerasa down keluarga uang laku sedih terus ekonomi sulit puruk bahagia temen laku perlu biaya bicara keluarga sedih terus terus konselor,-1,0,0.80231136,True,high
7017,Aku ngerasa nggak dihargai di rumah. Apa yang salah sama aku?,ngerasa harga salah salah keluarga sibuk stres lupa nunjukin perhati salah anggota keluarga santai laku harga jurnal dengerin,-1,0,0.8187601,True,high
7018,Aku ngerasa nggak bisa ngapa-ngapain karena keluargaku selalu ribut. Gimana caranya aku tetap fokus?,ngerasa keluarga ribut tetap ribut susah tempat tenang kerja pustaka teknik istirahat susah konselor sekolah dukung,-1,0,0.7797966,True,high
7019,Aku merasa orang-orang di sekitarku nggak peduli sama perasaanku. Apa yang salah sama aku?,peduli salah salah sibuk urus sendiri peduli tetap penting bicara jujur giat harga volunteering sendiri konselor,-1,0,0.7606926,True,high
7020,"Aku tinggal di daerah yang miskin, dan aku merasa nggak bisa ngapa-ngapain. Ini bikin aku sedih terus.",tinggal daerah miskin sedih terus tinggal sulit jebak sedih kuat peluang kecil gabung lokal gampang tuju kecil sedih berat bicara peduli ringanin siap denger kapan,-1,0,0.7855392,True,high
7021,Kenapa ya aku selalu merasa cemas kalau soal uang? Tiap bayar tagihan rasanya deg-degan.,cemas uang bayar tagih degan cemas uang ketat tahu sulit ekonomi rencana kecil catat keluar hemat area paling cemas tagih,-1,3,0.7968727,True,high
7022,Aku ngerasa cuma orang miskin yang selalu kena musibah. Apa bener hidup itu nggak adil buat orang kayak aku?,ngerasa miskin kena musibah hidup adil paham utama hidup penuh tantang musibah pilih pilih status lakuin dukung temen tempat ngerasa sendiri,-1,0,0.77618504,True,high
7025,"Aku merasa capek banget ngurusin hidupku yang berantakan, kayak nggak ada harapan. Aku harus apa?",capek ngurusin hidup beranta harap berat dengerin kecil percaya konselor resin program situasi sulit dapetin dukung finansial tempat tinggal tahu bareng ringan,-1,0,0.8378265,True,high
7026,"Emilia, aku takut banget aku punya gen depresi dari keluargaku. Apa aku pasti kena?",takut depresi keluarga kena tingkat risiko depresi bukan jamin alam faktor hadap stres dukung sosial pengaruh kerja sehat jaga sehat mental,-1,12,0.83961976,True,high
7027,"Aku takut gagal di pekerjaan baru. Kalau aku nggak berhasil, aku nggak berharga.",takut gagal kerja hasil harga takut gagal nilai diri kerja sisi harga kerja bukan hasil takut rencana kecil percaya diri,-1,2,0.8310989,True,high
7028,Aku takut kalau nanti aku nggak dapet kerja. Apa artinya aku nggak berharga?,takut dapet kerja arti harga tahu takut dapet kerja berat nilai kerja sisi harga usaha bangga diri sendiri,-1,2,0.79769284,True,high
7031,"Saya merasa sulit akses layanan kesehatan mental karena biaya. Bagaimana disparitas kesehatan memengaruhi saya, dan apa yang bisa saya lakukan?",sulit akses sehat mental biaya disparitas sehat pengaruh laku tahu biaya akses sehat mental susah sendiri disparitas sehat beberapa ekonomi sulit awat adil diri gratis murah konseling dukung jaga sehat mental sederhana olahraga ringan curhat temen dekat sumber daya,-1,0,0.7995745,True,high
7032,"Saya stres karena masalah uang, dan itu bikin depresi. Bagaimana stresor ini memengaruhi saya, dan apa yang bisa saya lakukan?",stres uang depresi stresor pengaruh laku paham uang berat sendiri stresor uang tubuh tegang ningkatin depresi sehat mental anggar sederhana kurang cemas sisih meditasi curhat temen keluarga dukung atur kecil tips manajemen uang depresi,-1,0,0.80451375,True,high
7034,"Saya ibu bekerja dan merasa kewalahan, bikin stres. Bagaimana peran ganda ini memengaruhi, dan apa yang bisa saya lakukan?",kerja kewalahan stres peran ganda pengaruh laku paham kewalahan berat luar peran ganda kerja keluarga stres numpuk ningkatin cemas sehat mental minta pasang keluarga tugas sisih relaksasi meditasi bangga imbang hidup tips kerja kewalahan koping,-1,0,0.79877245,True,high
7036,"Aku merasa cemas soal keuangan, apa yang bisa kulakukan?",cemas uang laku cemas uang kepala penuh uang sepenuh kendali laku anggar sederhana hemat kecil catat keluar lama minggu cemas ganggu teman keluarga,-1,0,0.7946141,True,high
7037,"Aku merasa hidupku nggak seimbang, terlalu fokus ke kerjaan sampe lupa sama keluarga. Apa yang salah sama aku?",hidup imbang terlalu kerja sampe lupa keluarga salah sendiri jebak kerja paling jelas harga hidup imbang kerja kantor kerja ngurus anak sekadar temen penting ngerasa hidup utuh situ kecil luar kerja,-1,11,0.8014095,True,high
7038,"Aku ngerasa hidupku cuma soal kerja, kerja, kerja. Gimana caranya biar aku nggak terjebak gitu?",ngerasa hidup kerja kerja kerja jebak ngerasa habis hidup kerja emang lupa penting keluarga temen kecil luangin sayang jalan jalan santai ngerasa hidup,-1,0,0.81446207,True,high
7039,Aku ngerasa hidupku nggak harmonis. Apa yang bisa aku ubah?,ngerasa hidup harmonis ubah hidup harmonis terlalu condong aspek kerja sampe lupa ngerasa kosong kurang keluarga temen diri sendiri kecil luangin sayang lakuin udah lama tinggal hidup imbang,-1,0,0.786034,True,high
7040,"Kamu bilang dunia penuh ketidakadilan, tapi kenapa aku harus terima kalau hidupku susah? Aku pengen kehidupan yang lebih baik!",penuh ketidakadilan terima hidup susah hidup dengar hidup terima bukan arti serah beri ruang ubah kecil turut hidup kerjain,-1,5,0.79846346,True,high
7045,Saya merasa ada sisi diri saya yang belum saya kenal. Bagaimana cara menjelajahinya?,sisi diri kenal jelajah sedang siap tualang batin pribadi gabung kaya kenal sisi sembunyi perhati mimpi muncul jurnal santai diri penasaran,-1,0,0.80077994,True,high
7050,Saya merasa ada bagian diri saya yang tidak saya pahami. Bagaimana cara mengenalnya?,diri paham kenal sedang jajah sisi misterius diri sendiri tualang turut pribadi sisi saling lengkap kenal sembunyi perhati mimpi muncul jurnal kecil sendiri wawas penasaran diri,-1,0,0.7983621,True,high
7061,Aku ngerasa gak punya masa depan karena stigma ini. Apa masih ada harapan buat aku?,ngerasa masa depan stigma harap tahu stigma berat harap alam rupa tetap capai mimpi butuh usaha ekstra kecil tuju semangat pikirin harap,-1,2,0.8215778,True,high
7062,"Aku ngerasa kayak hubunganku cuma jadi rutinitas, nggak ada gairah lagi. Apa yang salah?",ngerasa gairah salah datar udah lama jebak lupa momen spesial bareng lakuin pergi jalan mimpi distraksi nyalain gairah kangenin,-1,0,0.7683104,True,high
7063,Aku ngerasa kayak nggak punya masa depan karena masa laluku buruk banget. Apa masih ada harapan buat aku?,ngerasa masa depan masa harap sedih denger ngerasa masa masa depan masa berat kecil capai masa depan sederhana situ kecil arah sana yakin harap,-1,2,0.7478637,True,high
7066,"Aku merasa jauh dari orang-orang, padahal mereka ada di sekitarku. Apa yang bisa aku lakukan?",jauh padahal laku isolasi keliling hati sepi hati butuh koneksi sekadar hadir fisik mimpi takut giat sesuai hilang psikolog tahu putus,-1,0,0.8478968,True,high
7069,"Aku suka ngelamun tentang masa depan, tapi takut cuma buang waktu. Gimana caranya biar bermanfaat?",ngelamun masa depan takut buang manfaat ngelamun masa depan bagus rencana arah lamun tuju spesifik bayangin dekat mimpi lamun angan angan ngelamunmu dorong gerak maju,-1,9,0.78600335,True,high
7070,Aku sering ngerasa kesepian meskipun banyak orang di sekitarku. Kenapa ya?,ngerasa sepi sepi jumlah koneksi emosional ngertiin percaya mimpi takut susah sesuai klub buku olahraga koneksi butuh klik,-1,0,0.8204857,True,high
7072,"Aku pengen menulis novel, tapi takut hasilnya jelek. Harus mulai dari mana?",novel takut hasil jelek keren impi takut hasil sempurna jangan henti paragraf perlu sempurna penting kata tuju mimpi novel,-1,2,0.73304415,True,high
7073,"Aku merasa hidupku kayak mimpi buruk, apa aku salah jalan?",hidup mimpi salah jalan jalan salah hidup mimpi ubah renung jebak situ lang arah pelan pelan,-1,5,0.77209824,True,high
7074,"Aku punya mimpi dari kecil, tapi sekarang rasanya mustahil. Harusnya aku coba wujudkan nggak?",mimpi kecil mustahil wujud wujud mimpi masa kecil cermin hati kecil perlu buru buru penting gerak tuju mimpi yakin,-1,5,0.7596561,True,high
7083,Aku ngerasa stuck dan nggak tahu tujuan hidupku. Apa yang bisa aku lakuin?,ngerasa stuck tahu tuju hidup lakuin stuck refleksi diri sendiri excited takut gagal kecil inspiratif daftar mimpi kecil gerak,-1,2,0.83341837,True,high
7084,"Aku selalu bilang aku bakal sukses besar, tapi kok nggak maju-maju ya?",sukses maju maju mimpi bagus ngomong cukup tindak kecil udah laku deketin mimpi situ,-1,2,0.81215113,True,high
7086,"Aku suka ngomong besar soal mimpiku, tapi ga pernah mulai, salah ga sih?",ngomong mimpi salah ngomong salah henti situ hilang energi tindak pilih kecil tuju mimpi,-1,0,0.7896089,True,high
7087,Aku ngerasa orang lain nggak ngerti betapa pentingnya mimpiku. Apa aku harus lebih keras ngotot?,ngerasa betapa penting mimpi ngotot ngotot nunjukin hasil konkret mimpi nyata tunjukin bulan depan,-1,11,0.74432564,True,high
7088,Aku ngerasa pekerjaanku sekarang nggak sesuai sama mimpiku. Harus cabut nggak?,ngerasa kerja sesuai mimpi cabut cabut kerja mimpi mundur sebentar lompat jauh,-1,2,0.7571037,True,high
7098,Aku merasa stuck dan bosan dengan rutinitas. Cara menghindari stagnasi?,stuck bosan hindar stagnasi tantang diri proyek alat musik kursus proyek sosial aktivitas fresh nyala kreativitas,-1,10,0.7429022,True,high
7104,Kadang aku merasa orang lain nggak suka sama aku karena penampilanku. Gimana cara ngatasinnya?,tampil ngatasinnya enak nilai tampil nilai diri luar kualitas diri kreativitas nyaman perlu harga dukung,-1,0,0.7699226,True,high
7106,"Aku suka nyanyi-nyanyi pas marahan sama pasangan, biar dia kesel. Apa ini salah?",marah pasang kesel salah hehe kreatif sengaja pasang kesel lewat tuju kesel ngungkapin rasain tambah ribut,-1,0,0.73581725,True,high
7107,Bagaimana konsep kecerdasan majemuk membantu meningkatkan kepercayaan diriku?,konsep cerdas majemuk tingkat percaya diri cerdas hadir bentuk sosial kreatif praktis raya area kuat jebak angka,-1,10,0.7576022,True,high
7108,"Aku merasa nggak sehebat orang lain, apa aku memang kurang berbakat?",kurang bakat jangan bandingin diri masing masing bakat eksplor siapa tahu sinar,-1,2,0.6448263,True,high
7110,Aku ngerasa gak punya bakat apa-apa. Apa ini karena keturunan?,ngerasa bakat turun usah khawatir turun potensi perlu tepat nemuinnya inget inget neng penasaran situ pelan pelan eksplor,-1,0,0.74595046,True,high
7111,Aku ngerasa bakatku gak berkembang. Apa karena lingkunganku?,ngerasa bakat kembang malah nahan bakat tempat dukung bakat kursus kecil rutin bakat kembang saran,-1,6,0.6657187,True,high
7113,Aku pengen tahu bakatku apa. Tes apa yang bisa bantu aku?,tahu bakat penasaran bakat khusus sebut bakat nunjukin paling sinar musik logika kreativitas tahu lewat aktivitas excited pecah teka teki main alat musik formal psikolog konselor sekolah rekomendasi,-1,1,0.79829717,True,high
7116,Aku merasa orang lain lebih mudah ngerti sesuatu daripada aku. Apa aku bodoh?,mudah bodoh bodoh cepat butuh cocok tonton catat warni eksplor nyaman jangan banding diri potensi unik,-1,0,0.8102285,True,high
7124,Aku ngerasa orang lain selalu lebih kreatif dari aku. Apa aku emang nggak punya bakat?,ngerasa kreatif emang bakat jangan buru buru kreativitas bukan bakat berani kecil terus kembangin situ kreatif sendiri pikirin,-1,2,0.75345296,True,high
7125,"Aku suka banget nulis cerita, tapi temen bilang itu nggak penting. Bener nggak sih?",nulis temen penting nulis keren tunjuk mampu kreatif kuasa penting senang arti penasaran,-1,0,0.78959346,True,high
7126,"Aku ngerasa nggak pinter soal pelajaran, apa aku nggak akan sukses?",ngerasa pinter sukses sukses nilai sukses kreativitas kerja lakuin mimpi pikirin sana,-1,2,0.8281313,True,high
7127,Aku pengen tahu apakah aku punya bakat tertentu. Ada cara nggak buat nemuin itu?,tahu bakat nemuin tahu bakat seru lakuin lupa tunjuk kursus klik jelas temen keluarga penasaran bakat eksplor bareng,-1,6,0.75924885,True,high
7128,Apakah keyakinan bahwa dunia sederhana bisa membantu mengatasi rasa cemas?,yakin sederhana cemas percaya sederhana kurang cemas jebak kerumit cipta sendiri,-1,0,0.7517595,True,high
7129,"Kalau aku nggak punya pendidikan tinggi, apa aku nggak bisa sukses?",didik tinggi sukses didik tinggi sukses hasil kerja kreativitas berani bakat potensi kembang situ kecil arti,-1,9,0.74292904,True,high
7130,Aku merasa nggak bisa ngapa-ngapain karena aku nggak cukup pintar. Apa bener gitu?,cukup pintar stuck bukan nyata kuat masing masing pintar nilai gelar kuasa pecah kreativitas kembang situ,-1,0,0.7636954,True,high
7132,Aku ngerasa nggak punya bakat apa-apa. Gimana biar aku nemuin potensi diri?,ngerasa bakat nemuin potensi diri potensi perlu nemuinnya eksplor workshop inspirasi pelan pelan nemuin sinar,-1,0,0.69514996,True,high
7134,Aku merasa nggak punya potensi apa-apa. Apa bener aku bisa melakukan sesuatu yang berarti?,potensi laku arti potensi masuk bayang cipta mampu tahu kuasa kecil kembang sana,-1,9,0.7901122,True,high
7137,Aku merasa nggak punya bakat apa-apa. Gimana caranya menemukan potensi diri?,bakat potensi diri istimewa masuk ingat ingat laku kecil eksplorasi kursus nemuin bakat,-1,2,0.7436154,True,high
7141,"Aku pengen deket sama seseorang, tapi kok dia cuek banget. Aku harus maksa nggak?",deket cuek maksa maksain malah capek hati cuek siap cocok sabun usaha dekat ruang diri,-1,0,0.77168286,True,high
7147,"Aku pernah coba nggak cuci tangan setelah pegang gagang pintu, tapi cemas banget. Harusnya aku tahan nggak sih?",cuci tangan pegang gagang pintu cemas tahan udah berani tantang diri sendiri cemas utama cuci tangan ngurangin takut mirip dekat terapi eksposur emang cemas awal pelan pelan tahan lama yakin tips,-1,8,0.8607217,True,high
7149,"Emilia, aku suka ngelupas kulit jari sampe berdarah pas cemas. Aku harus diapain?",ngelupas kulit jari sampe darah cemas diapain aduh sakit sampe darah ngelupas kulit kompulsif mirip ganggu eksoriasi pertama jaga kulit infeksi terus ngelola cemas aktivitas bareng,-1,8,0.77010804,True,high
7153,"Aku suka cuci tangan sampe perih, tapi aku ngerasa nggak bisa berhenti. Apa aku harus terus gini?",cuci tangan sampe perih ngerasa henti terus dengar sakit fisik maupun mental cuci tangan sehat perih terus begini kurang jumlah cuci awal cemas kulit perih konsultasi dokter kulit penting dukung pertama,-1,0,0.7806705,True,high
7163,"Aku coba berhenti cuci tangan terus-terusan, tapi rasanya gelisah banget. Gimana caranya biar nggak gitu?",henti cuci tangan terus terus gelisah nyaman henti gelisah awal tahan sebentar cuci tangan cemas cemas pelan pelan reda sendiri kecil bareng,-1,0,0.7452422,True,high
7166,"Aku coba nggak cuci tangan setelah pegang sesuatu, tapi malah stres berat. Apa aku harus terus maksa?",cuci tangan pegang malah stres berat terus maksa tahu berat stres nyaman maksa diri terus strategi tambah overwhelm atur kecil tahan cuci tangan dukung,-1,0,0.8256843,True,high
7170,Aku takut kuman dari sepatu nyebar ke rumah. Makanya aku selalu cuci sepatu. Apa itu salah?,takut kuman sepatu nyebar makanya cuci sepatu salah salah cuci sepatu capek makan takut kuman kuman bahaya kurang frekuensi cuci sepatu perlahan,-1,8,0.7013556,True,high
7171,"Aku coba nggak mandi setelah pulang dari luar, tapi rasanya nggak tahan. Apa aku lemah?",mandi pulang luar tahan lemah lemah sekali bayangin udah berani tantang diri mandi udah kuat tahan awal kecil tunda mandi,-1,2,0.73614717,True,high
7172,Aku takut nyentuh apa pun di rumah tetangga karena kotor. Gimana caranya biar nggak takut?,takut nyentuh tetangga kotor takut takut nyaman nyentuh terlalu cemas pegang pintu tetangga tahan diri cuci tangan nemenin,-1,0,0.74982816,True,high
7176,"Aku ngerasa harus cuci tangan berkali-kali biar nggak kena penyakit. Tapi temenku bilang ini lebay. Aku bingung, ini normal nggak?",ngerasa cuci tangan kena sakit temenku lebay neng cuci tangan ulang ulang utama ngerasa paksa cemas bukan arti lebay kerja ngelindungin diri cuci tangan dengerin,-1,0,0.77623844,True,high
7179,Saya khawatir tentang ingatan saya yang makin menurun. Apakah infeksi di masa lalu bisa berpengaruh?,khawatir ingat makin turun infeksi masa pengaruh khawatir ingat erti beberapa tunjuk riwayat infeksi utama kronis memori kognisi bukan salah tubuh otak saling laku jaga cuci tangan tangan infeksi sedang profesional sehat bicara riwayat medis dokter periksa kognitif perlu,-1,12,0.80677843,True,high
7180,"Dokter bilang cuci tangan biasa saja, tapi saya mau tahu, apakah benar itu membantu menjaga otak?",dokter cuci tangan tahu jaga otak saran sederhana cuci tangan hindar infeksi akut kronis kurang beban tubuh potensi dampak sehat otak cuci tangan makan kamar mandi praktik sehat jaga alat pribadi nyata lindung sehat jangka panjang,-1,12,0.715876,True,high
7181,"Sebagai pengunjung, apakah penting mencuci tangan sebelum masuk ruang pasien?",unjung penting cuci tangan masuk ruang pasien penting hand sanitizer pintu masuk sentuh pasien sederhana cegah tular kuman bahaya,-1,8,0.66450727,True,high
7199,Aku dari budaya minoritas. Apa terapi bakal cocok buat aku?,minoritas terapi cocok terapi derald wing david terapi emang kurang libat minoritas hasil cocok kelompok mayoritas usaha terapi works masuk psikolog alam khawatir,-1,1,0.8299228,True,high
7200,Aku orang Asia. Apa terapi yang dites bakal cocok buat aku?,asia terapi cocok terapi derald wing david terapi kurang libat asia minoritas hasil cocok mayoritas usaha terapi works psikolog alam asia khawatir,-1,1,0.78141725,True,high
7201,Aku Latino. Apa terapi yang diteliti bakal cocok buat budayaku?,latino terapi cocok terapi nyambung latino derald wing david terapi kurang libat latino minoritas hasil cocok mayoritas usaha terapi works psikolog alam latino khawatir,-1,1,0.795146,True,high
7202,Aku pengen terapi yang personal banget. Apa studi kasus bantu psikolog?,terapi personal studi kasus psikolog terapi studi kasus ngeliat hidup psikolog unik situasi dekat idiografik terapi diri dengerin,-1,1,0.7807039,True,high
7203,Aku ngerasa kepribadianku bikin susah. Apa Big Five bantu?,ngerasa pribadi susah five pribadi hidup susah five lima sifat neuroticism extraversion openness agreeableness conscientiousness psikolog berapa tinggi rendah sifat pribadi bukan label ganggu terapi susah dengerin,-1,1,0.7386386,True,high
7204,Aku pengen psikolog tahu budayaku. Apa mereka tanya soal ini?,psikolog tahu paham lisa fontes psikolog latar belakang bahasa pake agama penting sudut pandang sendiri nyambung dengerin,-1,1,0.83788514,True,high
7208,Di mana aja psikolog udah boleh kasih resep obat?,psikolog udah resep obat tempat amerika lampu hijau psikolog klinis resep obat mexico sejak louisiana sejak sana psikolog khusus debat profesi kembang mikirin sehat mental lanjut,-1,1,0.84613734,True,high
7219,Gimana cara tahu psikologku bener-bener ngerti budaya?,tahu psikolog nanya nunjukin psikolog paham susah ngecek kompetensi psikolog bagus nunjukin lewat dengerin hindarin asumsi program nilai mahasiswa psikolog alam khawatir,-1,1,0.8779887,True,high
7228,Aku dari keluarga yang suka deket-deketan. Apa psikolog bakal judge?,keluarga deket deketan psikolog judge keluarga deket nilai spesial psikolog kompeten judge mirip italia dekat keluarga mandiri sesuain dekat sesuai nilai nilai psikolog keluarga dengerin,-1,1,0.8161098,True,high
7232,Aku dari keluarga yang selalu bareng. Apa psikolog bakal ngerti nilai ini?,keluarga bareng psikolog nilai keluarga bareng ikat kuat psikolog kompeten mirip italia dekat keluarga mandiri sesuain dekat sesuai nilai nilai psikolog keluarga dengerin,-1,1,0.82888854,True,high
7233,Saya susah peduli sama penderitaan orang yang jauh atau beda dari saya. Bagaimana cara lebih peka?,susah peduli derita jauh peka tahu derita jauh buku nyata peduli kecil baca berita global posisi rasain donasi bencana daerah kecil hati susah peduli hati peka,-1,0,0.77171457,True,high
7234,"Emilia, apa sih yang bikin orang bisa punya gangguan kepribadian ganda?",ganggu pribadi ganda ganggu pribadi ganda kait trauma berat leceh masa kecil cipta personality lindung biologis libat otak kelola stres kompleks perlu tangan profesional penasaran,-1,12,0.7847253,True,high
7238,"Aku pernah ngalamin kejadian buruk banget, sampai sekarang masih kepikiran. Itu trauma ya?",ngalamin trauma kedengerannya sebut trauma utama berat pengaruh trauma situasi ulang takut nyaman tenang,-1,8,0.7588116,True,high
7240,Aku ngerasa hidupku berantakan setelah kejadian besar. Apa yang harus aku lakuin?,ngerasa hidup beranta lakuin hilang bencana hidup kacau masuk stres traumatik kecil sederhana percaya dengerin,-1,0,0.82724285,True,high
7241,"Kalau aku terus-terusan teringat kejadian buruk, itu kenapa ya?",terus terus ingat sedang alami mirip gejala stres pasca trauma ingat hidup momen cemas laku rileks journaling terus langsung profesional info,-1,0,0.7817621,True,high
7242,"Aku pernah lihat kecelakaan mengerikan, sekarang tiap lewat tempat itu aku panik. Apa ini normal?",celaka keri lewat tempat panik alami stres pasca trauma seram susah lupa tubuh reaksi ingat panik terus ganggu profesional dukung,-1,0,0.78712106,True,high
7245,Aku pernah trauma gara-gara perang di negara asalku. Susah banget ngelupain. Apa yang bisa aku lakuin?,trauma gara gara perang negara asal susah ngelupain lakuin trauma gampang dilupain sedih dengerinnya penting profesional utama trauma imigran ungsi teknik relaksasi pelan pelan percaya butuh temen,-1,0,0.81911147,True,high
7247,"Aku dulu pernah trauma, dan sekarang suka tiba-tiba takut tanpa sebab. Apa yang bisa aku lakuin?",trauma takut lakuin waduh trauma takut muncul trauma pengaruh terapi khusus terapi interpersonal ngatasin lakuin tenang denger musik lanjut takut,-1,1,0.79842746,True,high
7250,"Aku pernah trauma karena kecelakaan mobil, sekarang tiap lewat jalan itu aku panik. Normalkah ini?",trauma celaka mobil lewat jalan panik alam trauma reaksi tempat ingat ptsd rasain lewat jalan tenang,-1,0,0.7597754,True,high
7252,Aku ngerasa dunia ini nggak adil karena aku ngalamin trauma. Aku harus gimana?,ngerasa adil ngalamin trauma valid trauma adil gampang kecil syukur momen sederhana senyum kecil,-1,0,0.73262966,True,high
7254,Aku ngerasa hidupku nggak akan pernah normal lagi setelah trauma. Apa aku bisa sembuh?,ngerasa hidup trauma sembuh trauma hidup berat pelan pelan pulih nemuin instan dukung kecil arah,-1,2,0.7655314,True,high
7255,"Aku sering tiba-tiba teringat kejadian buruk di masa lalu, kayak flashback gitu. Itu kenapa ya?",ingat masa flashback salah gejala ganggu stres pascatrauma ptsd kenang muncul otak proses trauma dengerin bicara profesional lanjut ganggu,-1,12,0.7831429,True,high
7256,"Kalau aku menghindari tempat atau orang yang bikin aku teringat trauma, itu normal nggak?",hindar tempat ingat trauma hindar ingat trauma otak lindung diri sakit hindar batas hidup hadap detail hindar,-1,0,0.7036587,True,high
7259,Aku merasa nggak bisa percaya orang lagi. Gimana caranya balikin kepercayaan itu?,percaya balikin percaya trauma sulit percaya respons alami lindung diri percaya butuh kecil interaksi percaya,-1,0,0.7875168,True,high
7260,"Aku pengen sembuh dari trauma, tapi takut hadapi kenangannya. Apa yang harus aku lakukan?",sembuh trauma takut hadap kenang laku takut hadap kenang berat pulih libat hadap kenang kontrol terap kecil nyaman,-1,0,0.7167818,True,high
7261,Aku cuma pengen trauma ini hilang seketika. Apa ada cara cepat buat sembuh?,trauma hilang cepat sembuh paham trauma hilang cepat sayang pulih trauma butuh proses jalan pintas terapi teknik relaksasi teknik sederhana,-1,0,0.7062812,True,high
7268,Apa pelajaran pemulihan veteran PTSD yang relevan untuk traumaku sendiri?,pulih veteran ptsd relevan trauma sendiri pulih butuh kombinasi terapi dukung sosial sehat profesional awal kecil risiko gejala tetap bukti program veteran,-1,1,0.67647755,True,high
7269,"Aku mengalami kecelakaan lalu lintas, apakah itu termasuk trauma yang valid?",alami celaka lintas masuk trauma valid kini anggap alam ancam nyawa masuk celaka picu ptsd valid,-1,9,0.64082944,True,high
7270,"Aku merasa nggak bisa move on dari kesalahan masa lalu, gimana caranya?",move salah masa jebak salah masa berat psikologi jiwa simpan luka perlu proses dokumen jaga jiwa masuk hidup sesuai nilai terima salah jalan surat diri sendiri lepas sulit percaya,-1,0,0.78724617,True,high
7271,Pasti ada alasan dong kenapa dia nggak bisa keluar? Mungkin trauma atau apa gitu?,alas keluar trauma alam takut penting tuju sengaja cemas sendiri perlu keluar zona nyaman temenmu capai turut siap,-1,0,0.7962583,True,high
7274,"Aku trauma sama kegagalan di masa lalu, tapi aku pengen orang lain nggak ngejudge aku karena itu. Gimana caranya?",trauma gagal masa ngejudge trauma berat udah kuat ngungkapin ngejudge kejam paling penting damai gagal gagal akhir gagal guru bukan musuh ngejudge ingetin diri sendiri nentuin nilai diri masa,-1,2,0.81013787,True,high
7276,Aku takut gagal lagi karena trauma masa lalu. Apa trauma ini bakal terus bikin aku stuck?,takut gagal trauma masa trauma terus stuck trauma henti hati hati anggap trauma alarm ngingetin lang bijak laku mantap,-1,2,0.83612275,True,high
7279,Aku merasa nggak punya siapa-siapa buat cerita. Apa emang bener kesepian bisa bikin orang sakit jiwa?,siapa siapa emang sepi sakit jiwa sedih dengar sendiri sepi lama stres berat bahkan pengaruh sehat mental cemas depresi udah pikirin bareng tetangga,-1,0,0.83910376,True,high
7280,"Aku pengen bunuh diri aja, hidup kok susah banget. Bantu aku dong.",bunuh diri hidup susah sedih denger ngerasa serius hadapin sendiri profesional dekat percaya ngerasa begini siap denger cepat,-1,0,0.8182545,True,high
7286,"Aku pengen mati aja, Emilia. Aku nggak kuat lagi.",mati kuat sedih denger peduli berat sendiri saranin profesional hotline krisis layak nemenin langsung penting begini,-1,0,0.7686755,True,high
7287,Aku pengen bunuh diri aja biar nggak susah lagi. Apa aku jahat?,bunuh diri susah jahat jahat sekali sedih dengar sanggup dengerin profesional bareng sendiri,-1,0,0.7510217,True,high
7291,"Aku pengen bunuh diri aja, rasanya nggak ada harapan. Bisa bantu apa?",bunuh diri harap sedih denger ngerasa senang serius sendiri darurat profesional nemenin langsung,-1,0,0.7590299,True,high
7292,Aku pengen bunuh diri aja biar selesai semua. Apa salah kalau aku mikir gitu?,bunuh diri salah mikir sedih denger syukur salah juang pantas lewatin lanjut begini bareng,-1,2,0.74905163,True,high
7293,"Aku pernah coba bunuh diri, tapi sekarang aku takut orang menilai aku. Gimana cara menghadapi ini?",bunuh diri takut nilai hadap berat berani paham bukan arti peduli suportif kelompok dukung terap terima nilai ingat juang definisi nilai manusia bangga,-1,0,0.81535226,True,high
7297,"Emilia, aku pengen bunuh diri aja karena hidupku berantakan gara-gara HIV. Aku nggak kuat lagi.",bunuh diri hidup beranta gara gara kuat sedih denger ngerasa begini dengerin serius hadapin sendiri lanjut profesional bareng,-1,11,0.7722881,True,high
7303,"Aku pernah coba bunuh diri, dan sekarang takut kejadian lagi. Aku harus apa?",bunuh diri takut khawatir denger syukur bunuh diri serius hadap sendiri percaya profesional psikolog hotline krisis tahu tenang takut,-1,0,0.86581576,True,high
7306,"Kadang aku mikir buat bunuh diri, tapi aku takut. Apa yang bisa aku lakuin?",mikir bunuh diri takut lakuin sedih denger ngerasa syukur bunuh diri hadap berat dekat krisis kalo desak jalan jalan denger musik mikir,-1,0,0.82928705,True,high
7307,Kadang aku mikir buat akhiri hidupku supaya semua masalah hilang. Apa salah sih mikir gitu?,mikir akhir hidup hilang salah mikir peduli dengar mikir khawatir muncul tekan bukan solusi salah butuh dukung stuck laku datang langsung terap hotline krisis,-1,0,0.85531485,True,high
7308,"Aku pernah nyoba bunuh diri, dan sekarang takut kejadian lagi. Apa yang bisa aku lakukan?",nyoba bunuh diri takut laku bangga rencana bareng daftar aktivitas tenang datang ingetin diri lewatin masa sulit saranin terap awal,-1,2,0.8108014,True,high
7313,Gimana kalau aku lagi krisis pas terapi online?,krisis terapi senang nanya penting krisis psikolog udah siap tahu sumber daya darurat daerah nomor hotline lokal hubungin sana makanya minta info lokasi cepet berat denger,-1,1,0.75419796,True,high
7314,"Kalau aku lagi parah banget pas terapi online, apa yang dilakukan psikolog?",parah terapi laku psikolog senang nanya penting krisis bunuh diri psikolog udah siap tahu nomor hotline darurat daerah hubungin sana makanya minta info lokasi awal ngerasa berat denger,-1,1,0.83292675,True,high
7316,"Kenapa, ya, aku jadi menjauh dari teman setelah melakukan kesalahan?",jauh teman laku salah salah proses timbul cemas otak pilih hindar semu salah maaf tulus susun koneksi pulih,-1,0,0.81687546,True,high
7317,Seperti apa contoh permintaan maaf yang efektif?,contoh minta maaf efektif pertama rangkum inti peristiwa kemarin batal janji kabar maaf spesifik maaf tunggu komitmen abar tambah tindak nyata kalender formula populer winch,-1,10,0.73087454,True,high
7326,"Aku nyesel banget pernah nyakitin pacar, susah melupain. Gimana caranya biar nggak stuck?",nyakitin pacar susah melupain stuck masa berat ubah udah lewat lakuin minta maaf pacar lakuin positif masa ngajarin nentuin masa depan lakuin kecil,-1,11,0.744079,True,high
7327,Saya sulit memaafkan seseorang yang sangat menyakiti saya. Bagaimana saya bisa mulai melakukannya?,sulit maaf sakit laku tahu betapa berat maaf sakit trying lift mountain right dengar maaf bukan arti bebas hati beban dendam wenny hilang anak anak pilih ampun kendali kecil kertas kata lepas sakit diri sendiri bayang maaf hadiah damai hati siapa susah maaf ringan beban,-1,0,0.7691318,True,high
7330,"Aku sering bohong kecil ke temen biar nggak ribut, tapi ini bikin aku nggak enak. Gimana caranya biar aku lebih jujur?",bohong kecil temen ribut enak jujur bohong kecil hindar ribut plester selesain jujur temen nyaman bohong jujur lembut kesel pilih santai salah paham momen bohong enak jujur drama,-1,6,0.7421395,True,high
7331,Aku sering kesal sama orang lain karena mereka nggak ngerti aku. Apa yang salah sama aku?,kesal salah salah pandang sendiri bukan arti peduli rasain tenang nyalahin tetap garis jaga hati sendiri,-1,0,0.7566973,True,high
7332,"Aku ngerasa hidup ini nggak adil, kenapa aku nggak bisa kayak orang lain? Aku salah nggak?",ngerasa hidup adil salah hidup adil bukan salah tantang sendiri kontrol usaha sikap syukur ringan hidup adil,-1,0,0.77764183,True,high
7335,Aku merasa nggak ada yang peduli sama aku karena aku punya gangguan mental. Kamu pikir aku salah nggak?,peduli ganggu mental salah sendiri arti layak cinta paham alami bukan arti peduli kelompok dukung ngertiin dukung nemenin,-1,0,0.82207394,True,high
7340,"Aku pengen orang lain peduli sama aku, tapi rasanya nggak ada yang ngerti. Apa aku minta terlalu banyak?",peduli minta terlalu perhati manusiawi dekat bahkan dukung,-1,0,0.66712976,True,high
7341,Aku nggak bisa berhenti mikirin mantanku. Apa aku nggak normal?,henti mikirin mantan susah move penting terus terus sedih temen lupa sebentar,-1,11,0.72215164,True,high
7344,"Aku pernah bohong sama pasanganku, sekarang aku takut dia tahu. Apa yang harus aku lakuin?",bohong pasang takut tahu lakuin berani ngaku jujur mudah kuat pikirin bohong sakit hati jujur lembut takut kecewa pikirin,-1,2,0.7482261,True,high
7345,Aku ngerasa nggak pantas dicintai karena kesalahan yang pernah aku buat. Gimana caranya aku bisa nerima diri sendiri?,ngerasa pantas cinta salah nerima diri sendiri pantas cinta sedih ngerasa lupa salah layak cinta nulis diri sendiri kecil bareng diri,-1,0,0.74909294,True,high
7347,"Kalau gagal dan saya merasa malu, apa yang sebaiknya saya lakukan?",gagal malu laku malu manusiawi ingat diri momen siapa laku tenang bila perlu bicara teman dekat percaya,-1,0,0.81499517,True,high
7350,Aku susah bilang ‘nggak’ ke orang. Gimana caranya biar bisa tegas?,susah tegas susah datang kecewa batas penting jaga diri sopan maaf awal nyaman lama lama gampang bukan arti egois prioritas diri situasi kecil,-1,0,0.82678676,True,high
7352,Aku merasa malu banget kalau orang lain tahu kesalahan aku. Gimana biar nggak gitu?,malu tahu salah malu muncul nilai salah terima salah malu dengerin judgement,-1,0,0.71137077,True,high
7355,"Tapi kalau aku nggak peduli sama pendapat orang lain, bukannya aku jadi egois?",peduli bukan egois egois justru terlalu bebas diri sendiri tulus bukan arti cuek pisah bukan atur atur respons,-1,0,0.6954168,True,high
7356,"Kalau aku nggak sempurna, apakah aku masih bisa diterima orang lain?",sempurna terima sempurna tulus terima penting terima diri sendiri masuk kurang nyaman,-1,0,0.72180384,True,high
7357,"Tapi kalau aku bantu orang lain, bukannya aku cuma cari kepuasan buat diriku sendiri? Itu munafik, kan?",bukan puas diri sendiri munafik munafik niat teman bukan musuh alami bukan pura pura salah bahagia senang,-1,0,0.7586265,True,high
7358,Aku merasa dunia ini penuh orang yang nggak adil. Semua orang kayaknya cuma bikin aku rugi. Apa aku salah lihat?,penuh adil rugi salah gampang jebak mikir jahat kesal perhati kesal malah dukung imbang,-1,0,0.76206684,True,high
7359,"Aku takut salah ngomong dan bikin orang lain tersinggung, gimana cara ngatasin ini?",takut salah ngomong singgung ngatasin takut singgung komunikasi jujur empati tulus nyata singgung minta maaf jelasin penting udah usaha jujur,-1,0,0.7696191,True,high
7361,Kenapa aku merasa bersalah sama orang tua aku?,salah korban balas harap salah,-1,-1,0.59243494,False,rejected
7364,Aku sering ngerasa bersalah atas kesalahan di masa lalu. Gimana caranya move on?,ngerasa salah salah masa move salah jangan biarin nahan maafin diri sendiri anggap harga salah depan layak bahagia,-1,2,0.742507,True,high
7366,"Aku merasa nggak adil, kenapa orang lain berhasil tapi aku nggak?",adil hasil banding lupa jalan sendiri masing masing laku kecil arti,-1,2,0.67236686,True,high
7368,Aku sering merasa bersalah karena nggak bisa membantu orang-orang yang kesusahan. Apa yang bisa aku lakukan?,salah susah laku peduli tunjuk hati perlu salah kecil dengar temen butuh curhat kecil arti,-1,0,0.77789783,True,high
7374,Aku nggak bisa berhenti bohong buat nutupin kesalahan. Apa aku orang jahat?,henti bohong nutupin salah jahat bohong datang takut bukan jahat tambah jujur kecil takut berani ringan,-1,2,0.75890243,True,high
7377,Aku pengen orang lain minta maaf karena bikin aku gagal. Apa aku salah mikir gitu?,minta maaf gagal salah mikir adil nungguin maaf stuck kendali laku kendali respons capai urus karma sendiri tumbuh,-1,0,0.8343465,True,high
7380,Aku nggak bisa berhenti bohong buat nutupin kegagalan. Apa aku orang jahat?,henti bohong nutupin gagal jahat bohong datang takut bukan jahat tambah jujur kecil takut jujur tuju bebas beban,-1,2,0.79695654,True,high
7381,"Aku nggak bisa nerima kesalahan aku, rasanya nyesel terus.",nerima salah terus peduli jangan biarin nahan salah salah susah nerima salah,-1,11,0.6846525,True,high
7382,Aku suka ngerokok lebih banyak kalau stres soal berita. Apa itu salah?,ngerokok stres berita salah nyari ngatasin stres ngerokok sehat ganggu stres hilang sehat jalan kaki ngunyah permen alternatif bareng,-1,0,0.7986264,True,high
7383,"Saya merokok buat tenangin pikiran, tapi saya tahu itu nggak baik. Mengapa merokok buruk buat kesehatan mental, dan bagaimana saya bisa kurangi?",rokok tenangin tahu rokok sehat mental kurang keren kurang rokok rokok tenang nikotin justru otak cemas plus tubuh rentan sakit kurang rokok aktivitas ngunyah permen ngerokok catat alas henti sehat motivasi kuat ngerokok,-1,0,0.7866175,True,high
7385,"Saya merokok untuk kurangi stres, tapi tahu itu buruk, dan bikin cemas. Bagaimana merokok memengaruhi kesehatan mental, dan apa yang bisa saya lakukan?",rokok kurang stres tahu cemas rokok pengaruh sehat mental laku berani rokok kurang stres nikotin tingkatin cemas depresi ganggu otak sehat mental rokok ngunyah permen rokok alas henti tenang dukung temen aplikasi henti rokok cemas rokok,-1,0,0.7488202,True,high
7386,"Saya merokok, tapi khawatir bikin keluarga sakit, dan itu bikin stres. Bagaimana asap rokok pasif memengaruhi mereka, dan apa yang bisa saya lakukan?",rokok khawatir keluarga sakit stres asap rokok pasif pengaruh laku peduli keluarga luar asap rokok pasif keluarga utama anak anak risiko kena ganggu paru jantung stres sehat mental bebas rokok rokok luar kurang rokok nikotin patch konsultasi dokter keluarga sehat grup dukung henti rokok khawatir lindung keluarga,-1,12,0.7008455,True,high
7387,"Saya merokok saat stres, dan itu bikin saya takut kena penyakit. Bagaimana ini memengaruhi kesehatan mental saya, dan apa yang bisa saya lakukan?",rokok stres takut kena sakit pengaruh sehat mental laku tahu takut berat ubah rokok stres gabung bahaya tingkatin risiko jantung cemas tambah parah sehat mental rokok teknik relaksasi meditasi jalan tuju jantung kuat simpan permen rokok relaksasi picu stres koping,-1,0,0.7874297,True,high
7388,"Saya merokok dan merasa depresi, yang bikin saya tambah down. Bagaimana merokok dan depresi saling terkait, dan apa yang bisa saya lakukan?",rokok depresi tambah down rokok depresi saling kait laku paham lingkar depresi rokok berat kuat solusi rokok tingkatin depresi nikotin ganggu otak depresi rokok sehat mental kurang rokok nikotin patch aktivitas ningkatin mood jalan santai curhat temen layak bahagia konselor depresi depresi,-1,12,0.77886546,True,high
7389,"Saya merokok karena keluarga dan temen juga merokok, dan itu bikin stres. Bagaimana faktor ini memengaruhi saya, dan apa yang bisa saya lakukan?",rokok keluarga temen rokok stres faktor pengaruh laku tahu sulit keluar rokok ubah genetik mudah candu nikotin temen keluarga rokok tingkatin stres temen rokok dukung rokok olahraga alas henti bebas pilih sehat siapa dukung aktivitas,-1,0,0.7524406,True,high
7390,"Anak remaja saya merokok, dan saya khawatir itu bikin dia cemas. Mengapa remaja rentan, dan apa yang bisa saya lakukan?",anak remaja rokok khawatir cemas remaja rentan laku peduli luar remaja rentan rokok tekan temen contoh ningkatin cemas nikotin ganggu santai anak rasain dengar judgement dorong sehat musik olahraga tunjuk contoh rokok kuat bareng khawatir dekat anak,-1,6,0.8073877,True,high
7391,"Saya merasa jadi perokok adalah bagian dari diri saya, dan itu bikin susah berhenti. Bagaimana identitas memengaruhi, dan apa yang bisa saya lakukan?",okok diri susah henti identitas pengaruh laku paham identitas kuat luar ubah diri okok otak susah lepas rokok diri okok semangat kurang cemas afirmasi pagi okok sehat rokok herbal sukses henti rokok okok identitas,-1,0,0.73622763,True,high
7392,"Saya merokok buat naikin mood, tapi tahu itu buruk, dan bikin cemas. Bagaimana nikotin memengaruhi kesehatan mental, dan apa yang bisa saya lakukan?",rokok naikin mood tahu cemas nikotin pengaruh sehat mental laku berani hadap keren nikotin tendang dopamin mood naik sebentar lama lama cemas depresi ganggu otak sehat mental rokok olahraga ringan jalan naikin dopamin tuju mood stabil simpan permen rokok workout seru rokok,-1,0,0.76025796,True,high
7393,"Saya ingin berhenti merokok, tapi takut nggak kuat, dan itu bikin stres. Bagaimana terapi pengganti nikotin membantu, dan apa yang bisa saya lakukan?",henti rokok takut kuat stres terapi nikotin laku henti rokok inspiratif sendiri terapi nikotin patch dosis nikotin kecil kurang craving tenang kurang stres konsultasi dokter pilih patch rokok aktivitas ngunyah permen meditasi kuat alas henti sehat takut,-1,0,0.7574313,True,high
7394,"Saya cuma mikir-mikir buat berhenti merokok, tapi belum mulai, dan itu bikin frustrasi. Bagaimana tahap perubahan membantu, dan apa yang bisa saya lakukan?",mikir mikir henti rokok frustrasi tahap ubah laku tahu frustrasi nyata mikirin henti model tahap ubah tahap kontemplasi kontemplasi alas kuat henti kurang cemas baca artikel bahaya rokok sukses henti kontra rokok motivasi kecil ragu info,-1,0,0.7170297,True,high
7395,"Saya coba berhenti merokok, tapi temen merokok bikin susah, dan itu bikin down. Bagaimana dukungan sosial membantu, dan apa yang bisa saya lakukan?",henti rokok temen rokok susah down dukung sosial laku tahu tantang luar usaha dukung sosial temen keluarga rokok semangat kurang depresi okok picu kambuh temen okok gabung grup henti rokok rokok aktivitas bareng temen nonton film sehat bareng siapa dukung aktivitas,-1,0,0.7687131,True,high
7397,"Anak remaja saya merokok dan bilang itu bikin dia merasa bebas, tapi saya khawatir. Bagaimana teori ini membantu, dan apa yang bisa saya lakukan?",anak remaja rokok bebas khawatir teori laku peduli luar teori diri remaja henti rokok otonomi pilih henti sendiri kurang cemas percaya diri anak bebas rokok dengar usulin aktivitas bebas seni olahraga tunjuk contoh sehat khawatir dukung anak,-1,6,0.78336626,True,high
7398,"Saya coba berhenti merokok, tapi kambuh saat minum kopi, dan itu bikin down. Bagaimana pencegahan kekambuhan membantu, dan apa yang bisa saya lakukan?",henti rokok kambuh kopi down cegah kambuh laku kuat udah henti kambuh cegah kambuh ajarin koping situasi kopi kopi herbal ngunyah permen sehat mental siap picu kopi pagi solusi simpan sehat dekat situasi kambuh koping,-1,0,0.7252457,True,high
7399,"Saya ingin berhenti merokok, tapi takut ke dokter, dan itu bikin cemas. Bagaimana intervensi singkat membantu, dan apa yang bisa saya lakukan?",henti rokok takut dokter cemas intervensi singkat laku tahu takut dokter berani henti intervensi singkat dokter saran simpel nikotin patch tenang pandu dokter ramah rekomendasi temen khawatir catat berapa rokok kurang layak sehat takut,-1,7,0.78630686,True,high
7400,"Saya merokok di kantor, tapi ingin berhenti, dan itu bikin stres. Bagaimana lingkungan bebas rokok membantu, dan apa yang bisa saya lakukan?",rokok kantor henti stres bebas rokok laku henti inspiratif sendiri bebas rokok kantor kurang goda rokok tenang sehat mental atur bebas rokok spot rokok istirahat rokok stres kerja pilih sehat kantor aplikasi henti rokok motivasi susah henti kantor,-1,0,0.6920228,True,high
7401,"Saya pengen berhenti merokok sendiri, tapi takut gagal, dan itu bikin cemas. Bagaimana bantuan mandiri membantu, dan apa yang bisa saya lakukan?",henti rokok sendiri takut gagal cemas mandiri laku tahu takut gagal berat sendiri mandiri nikotin patch quitlines alat dukung hotline rokok kurang cemas beli patch apotek quit kalender rokok jalan kuat henti nomor quitline lokal takut alat mandiri,-1,0,0.69299245,True,high
7402,"Saya coba berhenti merokok, tapi susah tanpa bantuan, dan itu bikin down. Bagaimana internet membantu, dan apa yang bisa saya lakukan?",henti rokok susah down internet laku paham susah henti luar terus usaha intervensi internet situs henti rokok tips instan forum dukung dukung kurang depresi situs smokefree aplikasi quit smoking baca artikel rencana rokok permen internet sehat susah situs,-1,0,0.6825423,True,high
7403,"Saya khawatir anak remaja saya mulai merokok karena temennya, dan itu bikin stres. Bagaimana program ini membantu, dan apa yang bisa saya lakukan?",khawatir anak remaja rokok temennya stres program laku super peduli luar program cegah rokok ajarin remaja nolak rokok keren butuh image okok okok independen sehat mental sekolah program dukung anak giat seru klub olahraga santai bahaya rokok judgement khawatir aktivitas usulin anak,-1,6,0.7977749,True,high
7404,"Saya merokok dan kadang batuk, tapi susah berhenti. Bagaimana gejala seperti ini bisa bantu saya, dan apa yang bisa saya lakukan untuk kesehatan mental saya?",rokok batuk susah henti gejala laku sehat mental peka tubuh batuk okok tubuh minta perhati picu ubah rokok cemas stres tambah parah nikotin ganggu otak sehat mental rokok aktivitas ngerokok ngunyah permen alas henti tenang susah henti rokok,-1,0,0.77000034,True,high
7405,"Anak remaja saya mulai coba-coba rokok, dan saya khawatir. Mengapa remaja rentan, dan bagaimana saya bisa bantu kesehatan mental mereka?",anak remaja rokok khawatir remaja rentan sehat mental khawatir peduli remaja rentan hadap rokok alkohol tekan temen kurang awas sehat mental goyah nikotin cemas tambah parah santai anak rasain dengar judgement dorong aktivitas sehat olahraga bangga khawatir dekat anak,-1,6,0.80265397,True,high
7406,"Saya merokok dan kadang merasa nggak apa-apa, tapi khawatir. Mengapa saya meremehkan risiko, dan bagaimana saya bisa ubah pola pikir untuk kesehatan mental saya?",rokok khawatir remeh risiko ubah pola sehat mental peka keren masuk okok remeh risiko otak cenderung lindung diri stres tahu risiko hati sehat mental alas henti tenang batuk rokok aktivitas seru denger musik olahraga ringan ragu henti,-1,0,0.8065568,True,high
7407,"Saya takut kena penyakit karena merokok, tapi malah makin stres. Bagaimana pesan ketakutan memengaruhi saya, dan apa yang bisa saya lakukan?",takut kena sakit rokok malah makin stres pesan takut pengaruh laku tahu takut stres tambah parah sendiri pesan takut rokok kanker dorong ubah terlalu takut otak malah defensif sehat mental positif rokok permen alas henti tenang dukung temen aplikasi henti rokok takut kecil,-1,0,0.81101614,True,high
7408,"Saya coba kurangi merokok, tapi selalu kambuh saat stres. Bagaimana pencegahan kekambuhan bisa bantu, dan apa yang bisa saya lakukan?",kurang rokok kambuh stres cegah kambuh laku udah kurang rokok mudah cegah kambuh ajarin siap hadap situasi risiko stres teknik koping denger musik sehat mental kurang gagal percaya diri rencana stres jalan simpan permen rokok situasi kambuh teknik koping,-1,0,0.7884289,True,high
7409,"Saya merokok, tapi tempat kerja baru larang rokok, dan itu bikin cemas. Bagaimana rekayasa sosial bisa bantu, dan apa yang bisa saya lakukan?",rokok tempat kerja larang rokok cemas rekayasa sosial laku ubah atur cemas hadap rekayasa sosial larang rokok dukung sehat kurang dorong rokok sehat mental kurang stres nikotin manfaat atur rokok ngunyah permen istirahat alas henti jernih dukung rekan kerja cemas rokok,-1,0,0.7044117,True,high
7410,"Saya pengen berhenti merokok, tapi nggak tahu caranya, dan itu bikin cemas. Bagaimana internet bisa bantu, dan apa yang bisa saya lakukan?",henti rokok tahu cemas internet laku berani henti rokok luar internet penuh sumber daya situs henti rokok forum dukung tips motivasi sehat mental dukung kurang cemas situs smokefree grup facebook henti rokok baca artikel rencana rokok permen cemas sumber,-1,0,0.6807877,True,high
7411,"Anak remaja saya mulai merokok, dan saya khawatir itu memengaruhi kesehatan mentalnya. Mengapa remaja rentan terhadap kebiasaan ini, dan apa yang bisa saya lakukan?",anak remaja rokok khawatir pengaruh sehat mental remaja rentan hadap laku khawatir peduli remaja rokok tekan teman tahu stres sehat mental nikotin tingkat cemas dekat anak obrol santai hakim dorong aktivitas sehat olahraga seni rokok tunjuk contoh hidup sehat paling khawatir dekat anak,-1,6,0.76773185,True,high
7412,"Emilia, kalau aku merasa cemas terus, itu lebih karena genetik atau lingkungan, ya?",cemas terus genetik cemas datang genetik rentan tekan kerja keluarga nyala cemas tenang risiko cemas kurang cemas akhir akhir,-1,12,0.7916352,True,high
7422,"Aku kadang denger suara-suara, tapi nggak ada orang. Aku takut banget.",denger takut denger sumber perlu perhati gejala skizofrenia stres berat tahu takut penting profesional tahu lanjut,-1,12,0.82167614,True,high
7425,Aku ngerasa temenku berubah setelah tahu aku skizofrenia. Aku harus ngomong apa ke dia?,ngerasa temenku ubah tahu skizofrenia ngomong tahu sedih temenmu takut paham skizofrenia pelan pelan ubah alam info sederhana skizofrenia temen suportif pikirin,-1,12,0.77560526,True,high
7426,"Emilia, aku takut kalau gangguan mentalku ini bakal tambah parah karena aku punya beberapa gejala barengan. Itu normal nggak?",takut ganggu mental tambah parah beberapa gejala bareng khawatir ganggu mental alami sebut komorbiditas arti beberapa ganggu muncul kondisi berat cukup umum tangan profesional udah bicara psikolog psikiater,-1,12,0.83968496,True,high
7429,"Aku dengar obat untuk skizofrenia itu cuma nutupin gejala, nggak sembuhin. Bener nggak, Emilia?",dengar obat skizofrenia nutupin gejala sembuhin obat skizofrenia kurang gejala halusinasi delusi atur neurotransmiter dopamin arti nutupin obat jalan hidup stabil obat sembuh sepenuh penasaran,-1,12,0.7801194,True,high
7440,"Emilia, aku dengar suara-suara di kepalaku, kayak ada yang ngomong. Aku takut banget, ini kenapa sih?",dengar kepala ngomong takut sayang ngeri dengar alam psikotik beberapa skizofrenia tenang sendiri terapi kelola perhati tantang pikirin laku lanjut,-1,12,0.82059956,True,high
7441,Aku merasa orang-orang di sekitarku bisa dengar pikiranku. Apa aku gila?,dengar gila takut muncul delusi alami ganggu psikotik gila otak main trik ecek perilaku percaya dekat susun,-1,13,0.79883665,True,high
7443,Aku ngerasa hidupku nggak akan pernah normal lagi karena skizofrenia. Ada harapan nggak sih?,ngerasa hidup skizofrenia harap ngerasa stuck percaya harap skizofrenia hidup makna terapi obat tepat rangin gejala percaya diri bayangin hidup kecil sana bareng,-1,12,0.7751845,True,high
7446,"Saya takut tahu soal risiko genetik saya, tapi pengen paham. Apa itu konseling genetik, dan bagaimana itu bisa bantu saya?",takut tahu risiko genetik paham konseling genetik berani tahu risiko genetik luar konseling genetik proses ahli paham risiko genetikmu sakit turun saran laku cegah pandu ketidakpastian jelas konselor cemas dokter konselor genetik daerah takut konseling,-1,1,0.7891319,True,high
7447,"Saya takut tahu risiko genetik saya karena sering depresi. Bagaimana ini bisa memengaruhi saya, dan apa yang bisa saya lakukan?",takut tahu risiko genetik depresi pengaruh laku tahu takut nyata riwayat depresi sendiri tahu risiko genetik sakit cemas ketidakpastian berat rentan depresi kuat konselor genetik jelas jelas dukung emosional jaga sehat mental laku relaksasi meditasi temen dekat takut siapa bicara,-1,1,0.8041104,True,high
7449,Apakah distraksi berarti lari dari masalah?,distraksi arti lari bukan distraksi jeda rencana emosi reda analisis rasional laku ibarat tepi mobil panas kendara,-1,0,0.7452817,True,high
7451,"Aku merasa motivasi hidupku naik-turun, apa yang bisa bikin stabil?",motivasi hidup naik turun stabil motivasi naik turun motivasi pengaruh sisi hidup semangat kurang tidur sendiri tuju kecil excited,-1,0,0.763455,True,high
7453,Kenapa saya tidak termotivasi meskipun hidup saya stabil?,motivasi hidup stabil stabilitas butuh penuh butuh tinggi tuju excited aktivitas teman dekat semangat minggu,-1,0,0.79528975,True,high
7455,"Apakah teori Maslow berlaku untuk semua orang, termasuk saya yang merasa berbeda dari orang lain?",teori laku masuk bagus teori paham butuh beberapa cocok individu unik kejar bahagia butuh paling penting kejar makna dukung,-1,0,0.78679645,True,high
7456,Kenapa saya tidak punya motivasi meskipun hidup saya cukup stabil?,motivasi hidup cukup stabil stabilitas butuh penuh butuh tinggi tuju hidup excited kecil aktivitas teman dekat semangat minggu,-1,0,0.8150457,True,high
7460,"Aku merasa stuck di hidup, nggak tahu mau ngapain. Gimana caranya aku nemuin motivasi buat maju?",stuck hidup tahu nemuin motivasi maju stuck yakin perlu sulut diri sendiri kecil excited nulis psikologi tumbuh kejar hidup lakuin kecil arah googling inspirasi stuck jalan keluar bareng,-1,0,0.82780993,True,high
7462,"Aku coba berhenti minum, tapi tiba-tiba craving banget. Apa yang bisa aku lakuin?",henti craving lakuin craving muncul proses henti perhati aktivitas jalan jalan dengar musik putih kurang dorong craving dukung tambah kelompok dukung craving muncul,-1,6,0.74300086,True,high
7463,Aku merasa nggak punya alasan kuat buat berhenti minum. Harusnya aku mulai dari mana?,alas kuat henti motivasi jelas pikirin bareng kurang sehat sayang hidup atur alas alas kecil baca ulang kecil hidup henti,-1,0,0.8262944,True,high
7464,Aku suka niat olahraga tapi sering hilang motivasi di tengah jalan. Apa ada cara biar lebih konsisten?,niat olahraga hilang motivasi tengah jalan konsisten alami salah efektif teman pribadi damping ingat dukung mudah jaga komitmen target kecil realistis,-1,0,0.79708594,True,high
7465,Saya sering bingung mengapa saya tertarik pada hal-hal yang membuat saya 'bahagia' meski kadang merugikan. Kenapa begitu?,bahagia rugi otak hadiah picu lepas dopamin harap senang motivasi kejar hadiah rentan beri puas cepat makan perilaku adiktif pola pertama pilih bijak,-1,3,0.76674557,True,high
7466,"Kalau saya mencoba kebiasaan baru dan gagal beberapa kali, apakah artinya saya tidak bisa berubah?",gagal beberapa arti ubah gagal proses bukan ubah ubah butuh tekun perlu beberapa habit alami ulang kecil beri kuat maju kecil tahan diri frustasi strategi perlu sesuai bukan tuju mustahil,-1,5,0.8054706,True,high
7467,Apakah selalu baik mengelilingi diri dengan orang yang lebih pintar? Saya khawatir merasa inferior.,keliling diri pintar khawatir inferior sikap imbang dekat tantang rangsang didik terus terus rendah sehat tantang sekaligus suportif dorong rendah,-1,0,0.7744906,True,high
7468,Apakah mencari dukungan malah bikin aku sulit sembuh?,dukung malah sulit sembuh dukung emosional penting dorong aktivitas sehat bukan izin malas malas tetap target progresif dekat,-1,0,0.76673484,True,high
7469,Aku merasa nggak termotivasi buat belajar. Apa yang bisa aku lakukan?,motivasi laku motivasi naik turun tahu semangat materi bosan target kecil gampang capai selesain reward kecil semangat excited,-1,0,0.783107,True,high
7471,"Aku merasa sulit buat ngerti apa yang bikin aku termotivasi, apa yang bisa aku lakukan?",sulit motivasi laku gampang tahu semangat capek kecil diri sendiri senang bangga laku motivasi datang puas luar dukung temen kecil semangat pola muncul situ,-1,0,0.8271581,True,high
7475,Aku merasa kayak nggak punya motivasi buat ngapa-ngapain. Gimana caranya bangkit?,motivasi bangkit habis motivasi baterai perlu charge super kecil resin meja jalan aksi kecil nyalain semangat diri sendiri penasaran perlu tuju cukup spark kecil gerak,-1,0,0.7828081,True,high
7476,"Aku merasa nggak punya motivasi untuk ngapa-ngapain, apa aku cuma males?",motivasi males kurang motivasi arti males tubuh jiwa lelah butuh gairah dokumen manusia daya hidup lemah rawat aktivitas kecil dengar musik jalan jalan motivasi kunjung balik stres butuh emosional perlu perhati,-1,0,0.84116817,True,high
7478,Kadang aku pengen ngelakuin hal yang aku tahu nggak baik. Gimana caranya aku ngontrol diri?,ngelakuin tahu ngontrol diri dorong ngelakuin kuat datang hawa nafsu puas cepat kenal picu dorong stres bosan dorong muncul aktivitas jalan jalan psikolog teknik ngelola dorong kuasa,-1,0,0.8124466,True,high
7480,"Aku merasa nggak punya motivasi, apa aku harus paksa diri sendiri?",motivasi paksa diri sendiri kurang motivasi stuck paksa diri sendiri dokumen jaga jiwa masuk penuh butuh hidup sehat tahu hilang motivasi lelah kurang tuju aktivitas kecil dengar musik jalan jalan terus langsung tahu semangat,-1,0,0.853145,True,high
7482,"Aku merasa nggak punya motivasi, apa yang salah sama aku?",motivasi salah kurang motivasi stuck salah perlu istirahat ubah motivasi pengaruh alami lelah tuju jelas kecil excited nonton film favorit jalan jalan semangat,-1,0,0.8270986,True,high
7484,"Aku merasa hidupku stuck, nggak ada kemajuan. Apa aku kurang berusaha?",hidup stuck maju kurang usaha waduh enak bukan arti kurang usaha sedang butuh dorong tuju nali potensi gali semangat,-1,2,0.8095951,True,high
7486,"Aku merasa nggak punya motivasi, apa yang bisa aku lakukan?",motivasi laku habis motivasi berat salah begini tahu lesu renung jenak kecil laku kecil nyalain semangat excited,-1,0,0.824008,True,high
7487,Aku merasa nggak punya motivasi buat belajar lagi. Gimana caranya biar semangat balik?,motivasi semangat balik hilang motivasi ngerasa stuck salah dirasain tahu excited topik seru kecil baca halaman santai reward kecil berat stres perlu semangat solusi,-1,0,0.84608436,True,high
7490,Aku sering ngerasa hidupku stagnan. Gimana caranya biar merasa bergerak maju?,ngerasa hidup stagnan gerak maju stagnan frustrasi tuju kecil spesifik skill progressmu kecil inget gerak maju deket tuju,-1,0,0.77365613,True,high
7491,Aku merasa nggak ada yang mendukung aku. Gimana caranya aku tetap kuat?,dukung tetap kuat dukung dukung diri sendiri ingat momen hasil lewat tantang kuat laku bareng dukung,-1,2,0.6924269,True,high
7492,Aku merasa hidupku nggak punya arah. Gimana caranya nemuin motivasi lagi?,hidup arah nemuin motivasi hilang arah inget inget semangat kecil situ laku tindak sederhana hidup yakin percik,-1,2,0.8204094,True,high
7493,"Aku pengen punya semangat buat ngelakuin sesuatu, tapi selalu kehilangan motivasi. Apa yang salah?",semangat ngelakuin hilang motivasi salah habis motivasi tahu semangat musik favorit tuju kecil rencana sederhana reward kecil diri,-1,0,0.8500076,True,high
