question;answer;from;filename;document_preprocessed;Topic;Probability;Top_n_words;Name;Document
Saya merasa aneh membaca catatan dengan suara keras di tempat umum. Adakah alternatif?;Jika tidak nyaman, coba rekam suaramu membacakan poin penting dan dengarkan ulang, atau baca di kamar tertutup. Menggunakan gerakan tubuh saat mengulang informasi juga membantu—yang penting menambah 'jalur' sensorik saat belajar.;GPT;D13_GPT_BrainPower79-89_30.json;aneh baca catat tempat umum alternatif nyaman rekam baca poin penting dengar ulang baca kamar tutup gera tubuh ulang penting tambah jalur sensorik;3;1.0;otak - lupa - ingat - ulang - kecil - susah - catat - lama - materi - istirahat;3_lupa_ingat_ulang_otak;aneh baca catat tempat umum alternatif nyaman rekam baca poin penting dengar ulang baca kamar tutup gera tubuh ulang penting tambah jalur sensorik
Apa tanda bandwidth kognitifku tersedot rumination?;Kamu membaca satu halaman buku tapi tak ingat isinya, atau sering lupa menaruh barang. Itu sinyal pikiran repetitif mengambil ruang fokus.;GPT;A1_GPT_EmotionalFirstAid23-45_50.json;bandwidth kognitif sedot rumination baca halaman buku ingat lupa taruh barang repetitif ruang;3;1.0;otak - lupa - ingat - ulang - kecil - susah - catat - lama - materi - istirahat;3_lupa_ingat_ulang_otak;bandwidth kognitif sedot rumination baca halaman buku ingat lupa taruh barang repetitif ruang
Aku susah banget nginget daftar belanjaan kalau lebih dari lima barang. Ada cara nggak biar aku lebih gampang nginget?;"Daftar belanjaan itu emang suka kabur dari otak, ya, apalagi kalau panjang! Otak kita cuma bisa nyimpen sekitar tujuh hal di memori jangka pendek, jadi wajar kok. Coba pakai teknik ‘chunking’: kelompokkan barang jadi kategori, misalnya ‘sayur: bayam, kolplay; dapur: garam, minyak.’ Atau, bikin lagu pendek dari daftarnya—kocak tapi bikin nempel! Juga, tulis di HP kalau mendadak lupa. Ceritain daftar yang suka bikin pusing, aku bantu bikin trik yang seru!";GROK;A3_GROK_PsikologiKomunikasi35-46_25.json;susah nginget daftar belanja lima barang gampang nginget daftar belanja emang kabur otak panjang otak nyimpen tujuh memori jangka pendek teknik chunking kelompok barang kategori bayam kolplay dapur garam minyak pendek daftar kocak nempel dadak lupa daftar pusing trik seru;3;1.0;otak - lupa - ingat - ulang - kecil - susah - catat - lama - materi - istirahat;3_lupa_ingat_ulang_otak;susah nginget daftar belanja lima barang gampang nginget daftar belanja emang kabur otak panjang otak nyimpen tujuh memori jangka pendek teknik chunking kelompok barang kategori bayam kolplay dapur garam minyak pendek daftar kocak nempel dadak lupa daftar pusing trik seru
Aku lebih gampang inget wajah orang daripada apa yang mereka bilang. Apa ini normal?;Keren, kamu kayak punya kamera batin buat wajah orang! Itu normal banget, lho. Secara psikologi, memori ikonis (visual) sering lebih kuat buat sebagian orang dibanding memori ekosis (auditif), karena wajah punya detail yang gampang nempel. Biar lebih gampang inget omongan, coba sambungkan kata-kata mereka dengan gambar di kepala, misalnya bayangin temenmu bilang ‘kopi’ sambil pegang cangkir. Ceritain momen susah inget omongan, aku bantu kasih trik seru!;GROK;A3_GROK_PsikologiKomunikasi35-46_25.json;gampang inget wajah keren kamera batin wajah psikologi memori ikonis visual kuat banding memori ekosis auditif wajah detail gampang nempel gampang inget omong sambung kata kata kepala bayangin temenmu kopi pegang cangkir momen susah inget omong trik seru;3;1.0;otak - lupa - ingat - ulang - kecil - susah - catat - lama - materi - istirahat;3_lupa_ingat_ulang_otak;gampang inget wajah keren kamera batin wajah psikologi memori ikonis visual kuat banding memori ekosis auditif wajah detail gampang nempel gampang inget omong sambung kata kata kepala bayangin temenmu kopi pegang cangkir momen susah inget omong trik seru
Aku pengen bisa nginget pelajaran buat ujian lebih lama. Gimana caranya biar info nempel di memori jangka panjang?;Nginget pelajaran buat ujian itu kayak nyanyi lagu favorit, harus sering dilatih biar nempel! Secara psikologi, biar masuk memori jangka panjang, coba pakai teknik rehearsal—ulang materi dengan cara seru, seperti bikin flashcards atau ceritain ke temen. Juga, gunakan ‘chunking’, misalnya kelompokkan materi jadi 3-4 bagian kecil. Visualisasikan konsepnya, kayak bayangin grafik di kepala. Ceritain mata pelajaran yang susah diinget, aku bantu kasih strategi yang asyik!;GROK;A3_GROK_PsikologiKomunikasi35-46_25.json;nginget lama info nempel memori jangka panjang nginget favorit nempel psikologi masuk memori jangka panjang teknik rehearsal ulang materi seru flashcards temen chunking kelompok materi kecil visualisasi konsep bayangin grafik kepala mata susah diinget strategi asyik;3;1.0;otak - lupa - ingat - ulang - kecil - susah - catat - lama - materi - istirahat;3_lupa_ingat_ulang_otak;nginget lama info nempel memori jangka panjang nginget favorit nempel psikologi masuk memori jangka panjang teknik rehearsal ulang materi seru flashcards temen chunking kelompok materi kecil visualisasi konsep bayangin grafik kepala mata susah diinget strategi asyik
Aku sering tiba-tiba inget momen masa kecil pas cium bau tertentu. Apa itu, dan gimana caranya aku manfaatin?;Wah, bau yang bikin flashback itu kayak mesin waktu alami! Itu disebut redintegrasi, di mana bau atau petunjuk kecil bisa nyanyi ulang memori lama. Keren, kan? Buat manfaatin, coba pakai bau positif buat bantu mood, misalnya taruh lavender di meja belajar biar fokus. Atau, kalau mau inget momen spesifik, simpan benda yang related, kayak foto lama. Ceritain bau apa yang bikin kamu inget masa kecil, aku bantu kasih ide buat pakai ‘sihir’ ini!;GROK;A3_GROK_PsikologiKomunikasi35-46_25.json;inget momen masa kecil cium manfaatin flashback mesin alami sebut redintegrasi tunjuk kecil ulang memori lama keren manfaatin positif mood taruh lavender meja inget momen spesifik simpan benda related lama inget masa kecil sihir;3;1.0;otak - lupa - ingat - ulang - kecil - susah - catat - lama - materi - istirahat;3_lupa_ingat_ulang_otak;inget momen masa kecil cium manfaatin flashback mesin alami sebut redintegrasi tunjuk kecil ulang memori lama keren manfaatin positif mood taruh lavender meja inget momen spesifik simpan benda related lama inget masa kecil sihir
Aku pengen inget nomor telepon temen tanpa buka HP. Ada cara nggak biar nempel lama di kepala?;Inget nomor telepon itu kayak latih otak main puzzle, seru! Biar nempel di memori jangka panjang, coba teknik chunking: misalnya nomor 08123456789 jadi 081-234-567-89. Ulang-ulang nomor itu sambil nyanyi atau bikin cerita, kayak ‘081 itu kode kota, 234 itu tanggal ultah’. Juga, visualisasikan nomor itu di kepala, misalnya bayangin ditulis di papan. Ceritain nomor yang pengen diinget, aku bantu bikin cara yang fun!;GROK;A3_GROK_PsikologiKomunikasi35-46_25.json;inget nomor telepon temen nempel lama kepala inget nomor telepon otak main puzzle seru nempel memori jangka panjang teknik chunking nomor ulang ulang nomor kode kota tanggal ultah visualisasi nomor kepala bayangin papan nomor diinget;3;1.0;otak - lupa - ingat - ulang - kecil - susah - catat - lama - materi - istirahat;3_lupa_ingat_ulang_otak;inget nomor telepon temen nempel lama kepala inget nomor telepon otak main puzzle seru nempel memori jangka panjang teknik chunking nomor ulang ulang nomor kode kota tanggal ultah visualisasi nomor kepala bayangin papan nomor diinget
Aku sering lupa hal baru, tapi inget banget momen kecil waktu SD. Kenapa ya memoriku gitu?;Memorimu kayak buku diary yang pilih-pilih, ya! Secara psikologi, memori bisa memudar seiring waktu, tapi momen yang punya emosi kuat—kayak kenangan SD—bisa nempel erat karena terikat sama perasaan. Buat hal baru, coba kasih ‘emosi’ ke memorinya, misalnya sambungkan info baru sama cerita lucu. Juga, ulang info itu di hari yang sama biar nggak cepet lupa. Ceritain kenangan SD yang masih nempel, aku bantu kasih trik buat hal baru!;GROK;A3_GROK_PsikologiKomunikasi35-46_25.json;lupa inget momen kecil memori memori buku diary pilih pilih psikologi memori pudar iring momen emosi kuat kenang nempel erat ikat emosi memori sambung info lucu ulang info cepet lupa kenang nempel trik;3;1.0;otak - lupa - ingat - ulang - kecil - susah - catat - lama - materi - istirahat;3_lupa_ingat_ulang_otak;lupa inget momen kecil memori memori buku diary pilih pilih psikologi memori pudar iring momen emosi kuat kenang nempel erat ikat emosi memori sambung info lucu ulang info cepet lupa kenang nempel trik
Aku sering tiba-tiba inget momen masa kecil pas cium bau tertentu. Apa itu, dan gimana caranya aku manfaatin?;Wah, bau yang bikin flashback itu kayak mesin waktu alami! Itu disebut redintegrasi, di mana bau atau petunjuk kecil bisa nyanyi ulang memori lama, lengkap sama emosinya. Keren, kan? Buat manfaatin, coba pakai bau positif buat bantu mood, misalnya taruh lavender di meja belajar biar fokus. Atau, kalau mau inget momen spesifik, simpan benda yang related, kayak foto lama. Ceritain bau apa yang bikin kamu inget masa kecil, aku bantu kasih ide buat pakai ‘sihir’ ini!;GROK;A3_GROK_PsikologiKomunikasi47-63_36.json;inget momen masa kecil cium manfaatin flashback mesin alami sebut redintegrasi tunjuk kecil ulang memori lama lengkap emosi keren manfaatin positif mood taruh lavender meja inget momen spesifik simpan benda related lama inget masa kecil sihir;3;1.0;otak - lupa - ingat - ulang - kecil - susah - catat - lama - materi - istirahat;3_lupa_ingat_ulang_otak;inget momen masa kecil cium manfaatin flashback mesin alami sebut redintegrasi tunjuk kecil ulang memori lama lengkap emosi keren manfaatin positif mood taruh lavender meja inget momen spesifik simpan benda related lama inget masa kecil sihir
Ada banyak informasi setiap hari, saya cepat lupa hal baru. Ada trik agar tidak lupa?;Coba aturan delapan detik: fokuskan perhatian pada informasi baru setidaknya selama delapan detik agar berpindah dari memori jangka pendek ke jangka panjang. Ulangi informasi itu beberapa kali, lalu tes diri Anda. Teknik sederhana ini meningkatkan kemungkinan Anda mengingatnya nanti.;GPT;D13_GPT_BrainPower57-67_19.json;cepat lupa trik lupa atur delapan detik perhati lama delapan detik pindah memori jangka pendek jangka panjang ulang beberapa diri teknik sederhana tingkat ingat;3;1.0;otak - lupa - ingat - ulang - kecil - susah - catat - lama - materi - istirahat;3_lupa_ingat_ulang_otak;cepat lupa trik lupa atur delapan detik perhati lama delapan detik pindah memori jangka pendek jangka panjang ulang beberapa diri teknik sederhana tingkat ingat
Aku sering lupa sama hal-hal yang udah aku pelajari, apa ini normal?;Lupa itu hal yang sangat manusiawi. Ingatan kita kadang perlu pengulangan supaya lebih kuat. Coba ulang materi pelan-pelan, mungkin dengan catatan kecil atau ceritain ke temen. Dengan latihan rutin, kamu pasti bisa mengingat lebih lama.;GROK;D3_GROK_PengantarPsikologiAdnan100-110_20.json;lupa udah lupa manusiawi ingat perlu ulang kuat ulang materi pelan pelan catat kecil temen rutin ingat lama;3;1.0;otak - lupa - ingat - ulang - kecil - susah - catat - lama - materi - istirahat;3_lupa_ingat_ulang_otak;lupa udah lupa manusiawi ingat perlu ulang kuat ulang materi pelan pelan catat kecil temen rutin ingat lama
Aku sering lupa sama yang udah aku pelajari. Gimana biar inget terus?;Lupa itu manusiawi banget, apalagi kalau materinya banyak. Coba ulang materi secara rutin, tapi nggak usah lama-lama, cukup 5-10 menit sehari. Bikin catatan kecil atau flashcard juga bisa membantu. Kalau kamu suka visual, bikin peta pikiran biar koneksi antar ide lebih jelas. Yang penting, jangan terlalu tegang, santai aja biar otak nggak stres. Apa yang biasanya bikin kamu inget sesuatu?;GROK;D3_GROK_PengantarPsikologiAdnan111-121_20.json;lupa udah inget terus lupa manusiawi materi ulang materi rutin usah lama lama cukup catat kecil flashcard visual peta koneksi antar jelas penting jangan terlalu tegang santai otak stres inget;3;1.0;otak - lupa - ingat - ulang - kecil - susah - catat - lama - materi - istirahat;3_lupa_ingat_ulang_otak;lupa udah inget terus lupa manusiawi materi ulang materi rutin usah lama lama cukup catat kecil flashcard visual peta koneksi antar jelas penting jangan terlalu tegang santai otak stres inget
Aku sering lupa sama pelajaran yang udah lama aku pelajari. Gimana caranya biar ingat terus?;Lupa itu manusiawi banget, apalagi kalau pelajarannya sudah lama. Ingatan kita kadang pilih-pilih mana yang disimpan. Coba ulang materi itu dengan cara yang seru, seperti bikin catatan warna-warni atau ajak temen diskusi tentang topik itu. Mengaitkan pelajaran dengan sesuatu yang kamu suka, misalnya lagu atau cerita, juga bisa bikin ingatan lebih nempel.;GROK;D3_GROK_PengantarPsikologiAdnan69-79_20.json;lupa udah lama ingat terus lupa manusiawi lama ingat pilih pilih simpan ulang materi seru catat warni temen diskusi topik kait ingat nempel;3;1.0;otak - lupa - ingat - ulang - kecil - susah - catat - lama - materi - istirahat;3_lupa_ingat_ulang_otak;lupa udah lama ingat terus lupa manusiawi lama ingat pilih pilih simpan ulang materi seru catat warni temen diskusi topik kait ingat nempel
Aku merasa ingatanku lelet kalau disuruh mengingat cepet. Gimana caranya biar lebih baik?;Ingatan yang terasa lelet itu bisa dilatih, kok. Kadang otak kita butuh waktu buat nyambungin informasi. Coba main game memori, seperti mencocokkan kartu, atau ulang informasi kecil dengan suara keras, misalnya nama-nama benda. Jangan lupa istirahat yang cukup dan makan makanan sehat, karena otak yang segar lebih gampang nyimpan informasi.;GROK;D3_GROK_PengantarPsikologiAdnan69-79_20.json;ingat lelet suruh ingat cepet ingat lelet otak butuh nyambungin main game memori cocok kartu ulang kecil nama nama benda jangan lupa istirahat cukup makan makan sehat otak segar gampang nyimpan;3;1.0;otak - lupa - ingat - ulang - kecil - susah - catat - lama - materi - istirahat;3_lupa_ingat_ulang_otak;ingat lelet suruh ingat cepet ingat lelet otak butuh nyambungin main game memori cocok kartu ulang kecil nama nama benda jangan lupa istirahat cukup makan makan sehat otak segar gampang nyimpan
Aku merasa belajar itu sia-sia karena cepet lupa. Apa yang salah?;Belajar memang bisa terasa berat kalau informasinya cepat hilang dari ingatan. Tapi, nggak ada yang salah denganmu kok. Proses belajar itu melibatkan cara otak menyimpan informasi, dan kadang butuh pengulangan biar ‘nempel’. Coba pecah materi jadi bagian kecil dan ulang pelan-pelan. Juga, pastikan kamu belajar di tempat yang nyaman, biar otakmu lebih fokus.;GROK;D3_GROK_PengantarPsikologiAdnan80-88_20.json;cepet lupa salah berat cepat hilang ingat salah proses libat otak simpan butuh ulang nempel pecah materi kecil ulang pelan pelan tempat nyaman otak;3;1.0;otak - lupa - ingat - ulang - kecil - susah - catat - lama - materi - istirahat;3_lupa_ingat_ulang_otak;cepet lupa salah berat cepat hilang ingat salah proses libat otak simpan butuh ulang nempel pecah materi kecil ulang pelan pelan tempat nyaman otak
Aku merasa otakku lelet buat mengingat pelajaran. Ada saran?;Belajar itu memang kadang terasa berat, tapi kamu bisa coba teknik belajar ulang. Setelah belajar, coba ulas lagi materi itu dalam beberapa hari, misalnya dengan bikin catatan ringkas atau ceritain ke temen. Ini membantu otak menyimpan informasi lebih lama. Jangan lupa istirahat cukup, karena otak yang lelah susah menyerap informasi. Kamu pasti bisa, asal konsisten!;GROK;D3_GROK_PengantarPsikologiAdnan89-99_20.json;otak lelet ingat saran berat teknik ulang ulas materi beberapa catat ringkas temen otak simpan lama jangan lupa istirahat cukup otak lelah susah serap asal konsisten;3;1.0;otak - lupa - ingat - ulang - kecil - susah - catat - lama - materi - istirahat;3_lupa_ingat_ulang_otak;otak lelet ingat saran berat teknik ulang ulas materi beberapa catat ringkas temen otak simpan lama jangan lupa istirahat cukup otak lelah susah serap asal konsisten
Aku susah bedain mana yang penting buat diingat. Ada saran?;Kadang informasi memang terasa menumpuk. Coba pilah mana yang paling relevan dengan tujuanmu, misalnya kalau belajar, fokus pada inti materinya. Tulis poin-poin penting di kertas atau ponsel, dan ulas sesering mungkin. Dengan latihan, otakmu akan lebih terbiasa memilih mana yang perlu diingat.;GROK;D3_GROK_PengantarPsikologiAdnan89-99_20.json;susah bedain penting ingat saran tumpuk pilah paling relevan tuju inti materi poin poin penting kertas ponsel ulas otak pilih perlu ingat;3;1.0;otak - lupa - ingat - ulang - kecil - susah - catat - lama - materi - istirahat;3_lupa_ingat_ulang_otak;susah bedain penting ingat saran tumpuk pilah paling relevan tuju inti materi poin poin penting kertas ponsel ulas otak pilih perlu ingat
Aku merasa lambat nangkap pelajaran baru. Apa yang salah?;Nggak ada yang salah denganmu. Setiap orang punya kecepatan belajar sendiri. Coba pecah materi jadi bagian kecil, lalu pelajari satu per satu. Misalnya, baca satu topik, tulis ringkasannya, lalu istirahat. Dengan cara ini, otakmu punya waktu untuk mencerna. Konsisten aja, kamu pasti bisa.;GROK;D3_GROK_PengantarPsikologiAdnan89-99_20.json;lambat nangkap salah salah cepat sendiri pecah materi kecil baca topik ringkas istirahat otak cerna konsisten;3;1.0;otak - lupa - ingat - ulang - kecil - susah - catat - lama - materi - istirahat;3_lupa_ingat_ulang_otak;lambat nangkap salah salah cepat sendiri pecah materi kecil baca topik ringkas istirahat otak cerna konsisten
Aku sering lupa apa yang baru aku pelajari. Apa yang bisa aku lakukan?;Itu bisa terjadi kalau informasi nggak sering diulang. Coba ulas materi itu dalam beberapa hari, misalnya dengan bikin flashcard atau ceritain ke orang lain. Juga, pastikan kamu cukup tidur, karena otak menyimpan informasi lebih baik saat kita istirahat. Sabun-sabun, ya, nggak perlu buru-buru.;GROK;D3_GROK_PengantarPsikologiAdnan89-99_20.json;lupa laku ulang ulas materi beberapa flashcard cukup tidur otak simpan istirahat sabun sabun perlu buru buru;3;1.0;otak - lupa - ingat - ulang - kecil - susah - catat - lama - materi - istirahat;3_lupa_ingat_ulang_otak;lupa laku ulang ulas materi beberapa flashcard cukup tidur otak simpan istirahat sabun sabun perlu buru buru
Kenapa aku sulit banget mengingat pelajaran yang baru aku baca?;Itu bisa terjadi karena otak kita butuh waktu dan cara yang tepat untuk menyimpan informasi. Kalau kamu merasa pelajaran itu nggak 'nyangkut', mungkin karena materinya terasa nggak berarti buat kamu atau cara belajarnya kurang cocok. Coba ubah sedikit caranya, misalnya bikin catatan dengan kata-kata sendiri atau hubungkan pelajaran itu dengan sesuatu yang kamu suka. Belajar sedikit tapi sering juga lebih membantu daripada membaca banyak sekaligus. Apa biasanya kamu belajar dengan cara apa?;GROK;D4_GROK_PengantarPsikologiBimoW156-166_20.json;sulit ingat baca otak butuh tepat simpan nyangkut materi arti kurang cocok ubah catat kata kata sendiri baca sekaligus;3;1.0;otak - lupa - ingat - ulang - kecil - susah - catat - lama - materi - istirahat;3_lupa_ingat_ulang_otak;sulit ingat baca otak butuh tepat simpan nyangkut materi arti kurang cocok ubah catat kata kata sendiri baca sekaligus
Aku lebih gampang mengenali sesuatu daripada mengingatnya. Ini normal nggak?;Benar-benar normal! Otak kita memang cenderung lebih mudah mengenali sesuatu, seperti wajah atau lagu, daripada mengingat detailnya tanpa petunjuk. Misalnya, kamu bisa kenal sepeda yang pernah kamu lihat, tapi susah nginget di mana kamu taruh. Ini karena mengenali biasanya dibantu oleh petunjuk di depan mata. Kalau ingin melatih ingatan, coba ulang-ulang informasi tanpa melihat petunjuk. Apa kamu sering merasa ini jadi masalah?;GROK;D4_GROK_PengantarPsikologiBimoW156-166_20.json;gampang nali ingat otak cenderung mudah nali wajah ingat detail tunjuk kenal sepeda susah nginget taruh nali tunjuk depan mata ingat ulang ulang tunjuk;3;1.0;otak - lupa - ingat - ulang - kecil - susah - catat - lama - materi - istirahat;3_lupa_ingat_ulang_otak;gampang nali ingat otak cenderung mudah nali wajah ingat detail tunjuk kenal sepeda susah nginget taruh nali tunjuk depan mata ingat ulang ulang tunjuk
Aku pernah lupa semua yang aku pelajari setelah ujian. Ini kenapa ya?;Itu sering terjadi, terutama kalau kamu belajar cuma untuk ujian dan nggak mengulang materinya setelahnya. Otak kita cenderung 'membuang' informasi yang nggak sering dipakai. Untuk membantu, coba ulas kembali pelajaran itu sesekali, meski cuma sekilas. Juga, hubungkan materi itu dengan sesuatu yang menarik buat kamu, biar otakmu merasa itu penting. Apa kamu sering merasa lupa begini setelah belajar intens?;GROK;D4_GROK_PengantarPsikologiBimoW156-166_20.json;lupa utama ulang materi otak cenderung buang ulas sekal kilas materi otak penting lupa begini intens;3;1.0;otak - lupa - ingat - ulang - kecil - susah - catat - lama - materi - istirahat;3_lupa_ingat_ulang_otak;lupa utama ulang materi otak cenderung buang ulas sekal kilas materi otak penting lupa begini intens
Aku sering lupa sama pelajaran yang baru aku pelajari. Apa ya yang bisa aku lakukan biar ingat lebih lama?;Wajar kok kalau kamu merasa cepat lupa, apalagi kalau materinya banyak. Coba deh ulang-ulang pelajaran itu sesering mungkin, misalnya dengan bikin catatan kecil atau mind map. Belajar sedikit-sedikit tapi sering lebih oke daripada belajar lama sekaligus. Misalnya, luangkan 2 jam sehari selama beberapa hari, daripada 8 jam nonstop. Oh iya, setelah belajar, coba istirahat atau tidur, soalnya itu membantu otak menyimpan informasi lebih baik.;GROK;D4_GROK_PengantarPsikologiBimoW167-177_20.json;lupa laku ingat lama cepat lupa materi ulang ulang catat kecil mind lama sekaligus luang lama beberapa nonstop istirahat tidur otak simpan;3;1.0;otak - lupa - ingat - ulang - kecil - susah - catat - lama - materi - istirahat;3_lupa_ingat_ulang_otak;lupa laku ingat lama cepat lupa materi ulang ulang catat kecil mind lama sekaligus luang lama beberapa nonstop istirahat tidur otak simpan
Aku suka bingung kalau disuruh ngingat banyak hal sekaligus. Ada tips nggak biar nggak kewalahan?;Pasti rasanya overwhelming ya kalau banyak yang harus diingat. Coba pecah-pecah informasinya jadi bagian kecil, lalu ulang satu per satu. Misalnya, kalau lagi belajar, fokus dulu sama satu topik, bikin ringkasan, baru lanjut ke topik lain. Jangan lupa istirahat, soalnya otak butuh waktu buat nyerna. Kalau masih kewalahan, mungkin coba teknik asosiasi, seperti menghubungkan info baru sama sesuatu yang udah kamu tahu.;GROK;D4_GROK_PengantarPsikologiBimoW167-177_20.json;suruh ngingat sekaligus tips kewalahan overwhelming ingat pecah pecah kecil ulang topik ringkas lanjut topik jangan lupa istirahat otak butuh nyerna kewalahan teknik asosiasi info udah tahu;3;1.0;otak - lupa - ingat - ulang - kecil - susah - catat - lama - materi - istirahat;3_lupa_ingat_ulang_otak;suruh ngingat sekaligus tips kewalahan overwhelming ingat pecah pecah kecil ulang topik ringkas lanjut topik jangan lupa istirahat otak butuh nyerna kewalahan teknik asosiasi info udah tahu
Aku merasa belajar tuh capek banget, apalagi kalau harus ulang-ulang. Ada cara biar lebih seru nggak?;Belajar emang bisa bikin lelah, apalagi kalau monoton. Coba bikin prosesnya lebih fun, misalnya pakai kartu flash, aplikasi kuis, atau ajak temen buat belajar bareng sambil bikin tantangan. Ulang-ulang itu penting biar otak makin kuat nyimpan info, tapi kamu bisa coba variasi, seperti bikin lagu dari materi atau ceritain ulang pakai kata-katamu sendiri. Jadi nggak cuma hafalan, tapi lebih kayak petualangan.;GROK;D4_GROK_PengantarPsikologiBimoW167-177_20.json;capek ulang ulang seru emang lelah monoton proses kartu flash aplikasi kuis temen bareng tantang ulang ulang penting otak makin kuat nyimpan info variasi materi ulang kata kata sendiri hafal tualang;3;1.0;otak - lupa - ingat - ulang - kecil - susah - catat - lama - materi - istirahat;3_lupa_ingat_ulang_otak;capek ulang ulang seru emang lelah monoton proses kartu flash aplikasi kuis temen bareng tantang ulang ulang penting otak makin kuat nyimpan info variasi materi ulang kata kata sendiri hafal tualang
Aku takut lupa sama pelajaran penting pas ujian. Gimana caranya biar nggak blank?;Rasa takut blank pas ujian itu wajar, kok. Biar nggak lupa, coba biasakan ulang-ulang materi secara rutin, tapi jangan cuma baca. Coba tulis ringkasan, ajarin temen, atau bikin soal sendiri. Ini bikin otak lebih aktif mengingat. Pas ujian, kalau tiba-tiba blank, tarik napas dalam-dalam, fokus ke satu pertanyaan dulu, biar ingatanmu pelan-pelan balik. Jangan lupa tidur cukup sebelum ujian ya, itu penting banget.;GROK;D4_GROK_PengantarPsikologiBimoW167-177_20.json;takut lupa penting blank takut blank lupa ulang ulang materi rutin jangan baca ringkas ajarin temen sendiri otak ingat blank ingat pelan pelan balik jangan lupa tidur cukup penting;3;1.0;otak - lupa - ingat - ulang - kecil - susah - catat - lama - materi - istirahat;3_lupa_ingat_ulang_otak;takut lupa penting blank takut blank lupa ulang ulang materi rutin jangan baca ringkas ajarin temen sendiri otak ingat blank ingat pelan pelan balik jangan lupa tidur cukup penting
Aku susah banget ngingat nomor telepon atau daftar panjang. Ada trik khusus nggak?;Ngingat daftar panjang emang challenging. Coba pakai teknik asosiasi berpasangan, misalnya hubungkan nomor telepon dengan sesuatu yang familiar, seperti tanggal ulang tahun atau nama temen. Atau, pecah daftar jadi kelompok-kelompok kecil, lalu ulang satu per satu. Bikin cerita dari daftar itu juga bisa, misalnya bayangin nomor-nomor itu sebagai kode rahasia dalam petualangan. Makin seru caranya, makin gampang diingat.;GROK;D4_GROK_PengantarPsikologiBimoW167-177_20.json;susah ngingat nomor telepon daftar panjang trik khusus ngingat daftar panjang emang challenging teknik asosiasi pasang nomor telepon familiar tanggal ulang tahun nama temen pecah daftar kelompok kelompok kecil ulang daftar bayangin nomor nomor kode rahasia tualang makin seru makin gampang ingat;3;1.0;otak - lupa - ingat - ulang - kecil - susah - catat - lama - materi - istirahat;3_lupa_ingat_ulang_otak;susah ngingat nomor telepon daftar panjang trik khusus ngingat daftar panjang emang challenging teknik asosiasi pasang nomor telepon familiar tanggal ulang tahun nama temen pecah daftar kelompok kelompok kecil ulang daftar bayangin nomor nomor kode rahasia tualang makin seru makin gampang ingat
Kadang aku merasa belajar itu sia-sia karena cepat lupa. Apa aku yang salah?;Nggak ada yang salah sama kamu, kok. Lupa itu bagian alami dari cara otak kita bekerja, karena nggak semua informasi bisa disimpan selamanya. Yang penting, coba ubah cara belajarmu biar lebih nempel. Misalnya, ulang materi secara rutin, bikin catatan yang menarik, atau hubungkan sama pengalaman pribadi. Belajar itu kayak menanam benih, butuh waktu dan perawatan biar tumbuh kuat. Kamu pasti bisa!;GROK;D4_GROK_PengantarPsikologiBimoW167-177_20.json;cepat lupa salah salah lupa alami otak kerja simpan lama penting ubah nempel ulang materi rutin catat alam pribadi tanam benih butuh awat tumbuh kuat;3;1.0;otak - lupa - ingat - ulang - kecil - susah - catat - lama - materi - istirahat;3_lupa_ingat_ulang_otak;cepat lupa salah salah lupa alami otak kerja simpan lama penting ubah nempel ulang materi rutin catat alam pribadi tanam benih butuh awat tumbuh kuat
Aku pengen belajar lebih efektif. Apa sih rahasia belajar yang bikin cepat ngerti?;Nggak ada rahasia instan, tapi ada cara yang bikin belajar lebih efektif. Pertama, pecah materi jadi bagian kecil biar nggak overwheliming. Kedua, ulang-ulang dengan cara yang variatif, seperti bikin catatan, kuis, atau ceritain ke temen. Ketiga, pastikan kamu istirahat dan tidur cukup, karena otak nyerna informasi pas kita tidur. Yang terakhir, bikin koneksi sama apa yang kamu suka, biar materi terasa lebih personal dan gampang diingat.;GROK;D4_GROK_PengantarPsikologiBimoW167-177_20.json;efektif rahasia cepat rahasia instan efektif pertama pecah materi kecil overwheliming ulang ulang variatif catat kuis temen istirahat tidur cukup otak nyerna tidur akhir koneksi materi personal gampang ingat;3;1.0;otak - lupa - ingat - ulang - kecil - susah - catat - lama - materi - istirahat;3_lupa_ingat_ulang_otak;efektif rahasia cepat rahasia instan efektif pertama pecah materi kecil overwheliming ulang ulang variatif catat kuis temen istirahat tidur cukup otak nyerna tidur akhir koneksi materi personal gampang ingat
Aku suka males ulang-ulang pelajaran. Ada cara biar tetep ingat tanpa ulang terus?;Hehe, males ulang-ulang itu manusiawi banget. Tapi sayangnya, ulang-ulang itu kunci biar otak simpan info lebih lama. Biar nggak bosen, coba ubah caranya, misalnya bikin video pendek tentang materi, atau jelasin ke temen pake gaya santai. Kalau pengen minim ulang, pastikan pas belajar pertama kali kamu bener-bener paham, bikin koneksi sama pengalamanmu, biar lebih nempel di otak.;GROK;D4_GROK_PengantarPsikologiBimoW167-177_20.json;males ulang ulang ingat ulang terus hehe males ulang ulang manusiawi sayang ulang ulang kunci otak simpan info lama bosen ubah pendek materi jelasin temen pake gaya santai minim ulang pertama paham koneksi alam nempel otak;3;1.0;otak - lupa - ingat - ulang - kecil - susah - catat - lama - materi - istirahat;3_lupa_ingat_ulang_otak;males ulang ulang ingat ulang terus hehe males ulang ulang manusiawi sayang ulang ulang kunci otak simpan info lama bosen ubah pendek materi jelasin temen pake gaya santai minim ulang pertama paham koneksi alam nempel otak
Aku pengen hafal banyak hal dalam waktu singkat. Apa yang harus aku lakuin?;Hafal banyak dalam waktu singkat itu sulit, tapi bukan nggak mungkin. Pertama, pecah materi jadi bagian kecil, lalu fokus satu per satu. Gunakan teknik asosiasi, seperti bikin cerita atau gambar dari info itu. Ulang-ulang dengan interval, misalnya 1 jam setelah belajar, lalu keesokan harinya. Jangan lupa tidur, karena tidur bantu otak simpan memori. Tapi jangan terlalu ngoyo ya, kasih waktu otakmu istirahat.;GROK;D4_GROK_PengantarPsikologiBimoW167-177_20.json;hafal singkat lakuin hafal singkat sulit bukan pertama pecah materi kecil teknik asosiasi info ulang ulang interval esok jangan lupa tidur tidur otak simpan memori jangan terlalu ngoyo otak istirahat;3;1.0;otak - lupa - ingat - ulang - kecil - susah - catat - lama - materi - istirahat;3_lupa_ingat_ulang_otak;hafal singkat lakuin hafal singkat sulit bukan pertama pecah materi kecil teknik asosiasi info ulang ulang interval esok jangan lupa tidur tidur otak simpan memori jangan terlalu ngoyo otak istirahat
Aku pengen belajar efektif tanpa buang waktu. Apa yang harus aku perhatiin?;Biar belajar efektif, pertama, pecah materi jadi bagian kecil biar nggak kewalahan. Kedua, ulang-ulang dengan cara yang variatif, seperti bikin catatan, kuis, atau ajarin temen. Ketiga, pastikan kamu istirahat dan tidur cukup, karena otak nyerna informasi pas kita tidur. Terakhir, fokus sama apa yang kamu pelajari, matiin distraksi seperti HP. Dengan cara ini, waktu belajarmu bakal lebih maksimal.;GROK;D4_GROK_PengantarPsikologiBimoW167-177_20.json;efektif buang perhatiin efektif pertama pecah materi kecil kewalahan ulang ulang variatif catat kuis ajarin temen istirahat tidur cukup otak nyerna tidur akhir matiin distraksi maksimal;3;1.0;otak - lupa - ingat - ulang - kecil - susah - catat - lama - materi - istirahat;3_lupa_ingat_ulang_otak;efektif buang perhatiin efektif pertama pecah materi kecil kewalahan ulang ulang variatif catat kuis ajarin temen istirahat tidur cukup otak nyerna tidur akhir matiin distraksi maksimal
Aku sering lupa sama pelajaran yang udah aku pelajari. Gimana biar inget terus?;Lupa itu wajar kok, otak kita kadang perlu diingetin ulang. Coba ulang materi itu dengan cara yang beda, misalnya bikin ringkasan atau ajarin temen. Latihan rutin, meski sebentar, juga bikin informasi lebih nempel. Dan pastikan kamu cukup tidur, soalnya tidur itu kayak 'save button' buat otak. Apa yang biasanya bikin kamu lupa? Mungkin kita bisa cari polanya.;GROK;D4_GROK_PengantarPsikologiBimoW178-188_20.json;lupa udah inget terus lupa otak perlu diingetin ulang ulang materi ringkas ajarin temen rutin sebentar nempel cukup tidur tidur save button otak lupa pola;3;1.0;otak - lupa - ingat - ulang - kecil - susah - catat - lama - materi - istirahat;3_lupa_ingat_ulang_otak;lupa udah inget terus lupa otak perlu diingetin ulang ulang materi ringkas ajarin temen rutin sebentar nempel cukup tidur tidur save button otak lupa pola
Aku gampang terganggu sama notif HP pas lagi belajar. Gimana caranya biar aku nggak kepo sama notif?;Notif HP itu kayak magnet yang nyanyi ‘lihat aku!’ ya! Secara psikologi, otak kita gampang tergoda sama stimulus yang menonjol. Biar nggak kepo, coba matiin notif atau taruh HP di laci selama 30 menit—janji, dunia nggak kiamat! Buat fokus, kasih otakmu ‘hadiah’ kecil, misalnya cokelat setelah sejam belajar. Ceritain kebiasaanmu pas terganggu notif, aku bantu kasih trik biar belajarmu lancar!;GROK;A3_GROK_PsikologiKomunikasi35-46_25.json;gampang ganggu notif kepo notif notif magnet psikologi otak gampang goda stimulus tonjol kepo matiin notif taruh laci lama janji kiamat otak hadiah kecil cokelat ganggu notif trik lancar;3;1.0;otak - lupa - ingat - ulang - kecil - susah - catat - lama - materi - istirahat;3_lupa_ingat_ulang_otak;gampang ganggu notif kepo notif notif magnet psikologi otak gampang goda stimulus tonjol kepo matiin notif taruh laci lama janji kiamat otak hadiah kecil cokelat ganggu notif trik lancar
Aku pengen simpan kenangan bahagia lebih lama. Ada saran?;Kenangan bahagia itu kayak harta, ya, pengen disimpan selamanya. Kamu bisa bantu otakmu dengan menulis cerita tentang momen itu atau bikin album foto. Kadang, ngobrolin kenangan itu sama orang terdekat juga bikin jejaknya lebih kuat di ingatan. Coba mulai dari yang sederhana, seperti catat satu momen bahagia tiap minggu.;GROK;D3_GROK_PengantarPsikologiAdnan80-88_20.json;simpan kenang bahagia lama saran kenang bahagia harta simpan lama otak momen album ngobrolin kenang dekat jejak kuat ingat sederhana catat momen bahagia minggu;3;0.7925509546561864;otak - lupa - ingat - ulang - kecil - susah - catat - lama - materi - istirahat;-1_kecil_diri_sendiri_hidup;simpan kenang bahagia lama saran kenang bahagia harta simpan lama otak momen album ngobrolin kenang dekat jejak kuat ingat sederhana catat momen bahagia minggu
Kadang aku teringat momen memalukan dari masa lalu. Kenapa ya itu kebawa terus?;Wah, momen memalukan emang suka nempel di kepala, ya. Itu karena otak kita cenderung lebih ingat hal yang punya emosi kuat, apalagi kalau bikin kita merasa nggak nyaman. Coba deh, kalau keingat lagi, alihkan pikiran ke sesuatu yang bikin senang atau tarik napas dalam-dalam. Lama-lama, momen itu nggak akan terasa sebesar dulu.;GROK;D4_GROK_PengantarPsikologiBimoW145-155_20.json;ingat momen malu masa bawa terus momen malu emang nempel kepala otak cenderung ingat emosi kuat nyaman ingat senang lama lama momen;3;0.7907867172595731;otak - lupa - ingat - ulang - kecil - susah - catat - lama - materi - istirahat;-1_kecil_diri_sendiri_hidup;ingat momen malu masa bawa terus momen malu emang nempel kepala otak cenderung ingat emosi kuat nyaman ingat senang lama lama momen
Kenapa ya aku susah banget ngapalin pelajaran? Padahal aku udah usaha.;Ngapalin memang bisa bikin frustasi kalau nggak ketemu cara yang pas. Mungkin kamu bisa coba hubungkan materi dengan sesuatu yang kamu suka, seperti bikin cerita atau lagu dari pelajaran itu. Atau, coba ulang materi dengan cara yang berbeda, misalnya ajak temen buat diskusi. Kadang, otak kita butuh 'klik' dari cara yang nggak biasa. Apa kamu punya cara favorit buat ngapalin sesuatu?;GROK;D3_GROK_PengantarPsikologiAdnan111-121_20.json;susah ngapalin padahal udah usaha ngapalin frustasi materi ulang materi temen diskusi otak butuh klik favorit ngapalin;3;0.7617095628885189;otak - lupa - ingat - ulang - kecil - susah - catat - lama - materi - istirahat;-1_kecil_diri_sendiri_hidup;susah ngapalin padahal udah usaha ngapalin frustasi materi ulang materi temen diskusi otak butuh klik favorit ngapalin
Saya merasa hidup saya berantakan dan sulit fokus. Bagaimana cara lebih terorganisir?;Hidup yang terasa berantakan bisa bikin stres, tapi kamu bisa ubah itu! Robert R. McCrae dan Paul T. Costa Jr. bilang conscientiousness adalah tentang keteraturan dan tanggung jawab. Coba buat daftar tiga tugas kecil untuk hari ini, seperti rapikan meja atau atur jadwal. Rayakan setiap tugas yang selesai! Apa satu hal kecil yang bisa kamu atur hari ini untuk merasa lebih terkontrol?;GROK;A1_GROK_PsikologiKepribadian174-185_25.json;hidup beranta sulit organisir hidup beranta stres ubah robert mccrae paul costa conscientiousness atur daftar tugas kecil rapi meja atur jadwal raya tugas kecil atur kontrol;3;0.7506298124926164;otak - lupa - ingat - ulang - kecil - susah - catat - lama - materi - istirahat;-1_kecil_diri_sendiri_hidup;hidup beranta sulit organisir hidup beranta stres ubah robert mccrae paul costa conscientiousness atur daftar tugas kecil rapi meja atur jadwal raya tugas kecil atur kontrol
Saya ingin lebih aktif, tapi selalu lupa, dan itu bikin frustrasi. Bagaimana penugasan perilaku bisa bantu, dan apa yang bisa saya lakukan?;Frustrasi karena lupa itu wajar, tapi kamu hebat karena pengen aktif! Penugasan perilaku adalah tugas kecil, seperti catat berapa langkah kamu jalan tiap hari atau rencanain jalan 10 menit setelah makan malam. Ini bantu kesehatan mental karena bikin kamu merasa terorganisir dan sukses. Coba buat jurnal aktivitas selama seminggu, dan taruh pengingat di ponsel. Bilang, ‘Aku bisa lebih aktif!’ Apa tugas kecil yang pengen kamu coba, dan kapan kamu mulai?;GROK;D1_GROK_HealthPsycology56-95_67.json;lupa frustrasi tugas perilaku laku frustrasi lupa tugas perilaku tugas kecil catat berapa jalan rencanain jalan makan sehat mental organisir sukses jurnal aktivitas lama minggu taruh ingat ponsel tugas kecil kapan;3;0.7252026397389004;otak - lupa - ingat - ulang - kecil - susah - catat - lama - materi - istirahat;-1_kecil_diri_sendiri_hidup;lupa frustrasi tugas perilaku laku frustrasi lupa tugas perilaku tugas kecil catat berapa jalan rencanain jalan makan sehat mental organisir sukses jurnal aktivitas lama minggu taruh ingat ponsel tugas kecil kapan
Aku sering merasa pikiranku penuh, tapi nggak tahu apa yang aku pikirkan. Apa yang bisa aku lakukan?;Perasaan pikiran penuh tanpa kejelasan itu bisa terasa membingungkan, ya. Kadang, pikiran kita mencoba memproses banyak hal sekaligus. Coba luangkan waktu untuk menulis apa saja yang ada di pikiranmu, nggak perlu rapi, cukup tulis bebas. Ini bisa membantu 'mengurai' kekacauan. Kalau masih terasa berat, mungkin ngobrol dengan seseorang yang terpercaya atau profesional bisa membantu. Apa yang biasanya bikin pikiranmu terasa lebih ringan?;GROK;D3_GROK_PengantarPsikologiAdnan25-35_20.json;penuh tahu laku penuh jelas proses sekaligus luang perlu rapi cukup bebas urai kacau berat percaya profesional ringan;3;0.7186908273114035;otak - lupa - ingat - ulang - kecil - susah - catat - lama - materi - istirahat;-1_kecil_diri_sendiri_hidup;penuh tahu laku penuh jelas proses sekaligus luang perlu rapi cukup bebas urai kacau berat percaya profesional ringan
Aku merasa kesuksesan bikin aku lupa diri. Gimana caranya tetap membumi?;Sukses itu asyik, tapi bisa bikin lupa daratan, hehe. Coba rutin refleksi, misalnya tiap minggu tanya diri, ‘Apa yang bikin aku tetap rendah hati?’ Atau habiskan waktu sama orang-orang yang mengingatkanmu jadi diri sendiri.;GROK;D9_GROK_EgoIsTheEnemy25-36_20.json;sukses lupa diri tetap bumi sukses asyik lupa darat hehe rutin refleksi minggu diri tetap rendah hati habis ingat diri sendiri;3;0.6936080518793062;otak - lupa - ingat - ulang - kecil - susah - catat - lama - materi - istirahat;-1_kecil_diri_sendiri_hidup;sukses lupa diri tetap bumi sukses asyik lupa darat hehe rutin refleksi minggu diri tetap rendah hati habis ingat diri sendiri
Aku kadang lupa sama hal yang baru aku pelajari. Apa itu wajar?;Lupa sama hal baru itu wajar banget, karena otak kita nggak simpan semuanya langsung. Biasanya, kita perlu ngulang beberapa kali biar informasi nempel. Coba ulang pelajaran itu dengan cara yang beda, seperti bikin peta pikiran atau ceritain ke temen. Juga, pastikan kamu nggak terlalu capek, karena otak yang lelah susah nyimpan informasi baru.;GROK;D3_GROK_PengantarPsikologiAdnan69-79_20.json;lupa lupa otak simpan langsung perlu ngulang beberapa nempel ulang peta temen terlalu capek otak lelah susah nyimpan;3;0.6751727044360355;otak - lupa - ingat - ulang - kecil - susah - catat - lama - materi - istirahat;3_lupa_ingat_ulang_otak;lupa lupa otak simpan langsung perlu ngulang beberapa nempel ulang peta temen terlalu capek otak lelah susah nyimpan
Saya ingin tahu lebih banyak tentang diri saya. Apa itu tes asosiasi kata?;Keinginan untuk mengenal diri sendiri adalah petualangan yang luar biasa! Carl Gustav Jung menciptakan tes asosiasi kata untuk mengungkap perasaan tersembunyi di alam bawah sadar. Caranya, kamu mendengar kata dan bilang apa yang langsung terpikir. Misalnya, kalau kata ‘rumah’, apa yang kamu pikirkan? Coba mainkan ini sendiri dengan menulis 5 kata acak dan jawabanmu. Mau ceritain apa yang kamu temukan?;GROK;A1_GROK_PsikologiKepribadian61-83_99.json;tahu diri asosiasi kata kenal diri sendiri tualang luar cipta asosiasi kata ungkap sembunyi alam bawah dengar kata langsung kata main sendiri kata acak;3;0.6674034169783242;otak - lupa - ingat - ulang - kecil - susah - catat - lama - materi - istirahat;-1_kecil_diri_sendiri_hidup;tahu diri asosiasi kata kenal diri sendiri tualang luar cipta asosiasi kata ungkap sembunyi alam bawah dengar kata langsung kata main sendiri kata acak
Aku susah banget fokus, apa itu normal?;Susah fokus bisa disebabkan oleh banyak hal, seperti stres, kurang tidur, atau bahkan kecemasan. Coba atur waktu istirahatmu, kurangi distraksi seperti gadget, dan lakukan satu tugas dalam satu waktu. Kalau masih susah, mungkin kita bisa coba teknik sederhana seperti meditasi singkat. Mau coba bareng?;GROK;D11_GROK_AHandbookfortheSMH281-291_20.json;susah susah stres kurang tidur bahkan cemas atur istirahat kurang distraksi gadget laku tugas susah teknik sederhana meditasi singkat bareng;3;0.6672461679841789;otak - lupa - ingat - ulang - kecil - susah - catat - lama - materi - istirahat;-1_kecil_diri_sendiri_hidup;susah susah stres kurang tidur bahkan cemas atur istirahat kurang distraksi gadget laku tugas susah teknik sederhana meditasi singkat bareng
Aku sering lupa istirahat pas kerja, eh malah nyeri. Gimana caranya ingat?;Gampang lupa istirahat itu sering terjadi, kok. Coba setel alarm di ponsel setiap 30 menit untuk ingetin kamu jeda sejenak. Atau pakai teknik pacing: kerja 25 menit, istirahat 5 menit. Apa yang biasanya bikin kamu lupa istirahat?;GROK;D12_GROK_ClinicalHandbookPsychologicalDisorders715-725_20.json;lupa istirahat kerja malah nyeri ingat gampang lupa istirahat setel alarm ponsel ingetin jeda jenak teknik pacing kerja istirahat lupa istirahat;3;0.6608159928720713;otak - lupa - ingat - ulang - kecil - susah - catat - lama - materi - istirahat;-1_kecil_diri_sendiri_hidup;lupa istirahat kerja malah nyeri ingat gampang lupa istirahat setel alarm ponsel ingetin jeda jenak teknik pacing kerja istirahat lupa istirahat
Saya ingin memperbaiki rutinitas agar otak lebih 'sehat'. Rutinitas pagi sederhana apa yang bisa saya coba?;Pertimbangkan kebiasaan singkat: beberapa menit latihan pernapasan atau relaksasi, sarapan dengan buah/ sayur, dan satu tugas kecil yang merangsang pikiran (mis. membaca 10 menit atau teka-teki singkat). Konsistensi harian akan membantu otak beradaptasi ke kebiasaan sehat.;GPT;D13_GPT_BrainPower57-67_19.json;otak sehat pagi sederhana timbang singkat beberapa relaksasi sarap tugas kecil rangsang baca teka teki singkat konsistensi otak adaptasi sehat;3;0.6593716666704096;otak - lupa - ingat - ulang - kecil - susah - catat - lama - materi - istirahat;-1_kecil_diri_sendiri_hidup;otak sehat pagi sederhana timbang singkat beberapa relaksasi sarap tugas kecil rangsang baca teka teki singkat konsistensi otak adaptasi sehat
Perlukah saya membaca semua data kesembuhan di internet?;Cukup pahami garis besar dari sumber tepercaya lalu fokus pada rencana pribadi. Ingat, setiap orang memiliki perjalanan kesehatan unik.;GPT;D1_GPT_HealthPsycology250-268_50.json;perlu baca data sembuh internet cukup paham garis sumber percaya rencana pribadi ingat milik jalan sehat unik;3;0.6592842393012175;otak - lupa - ingat - ulang - kecil - susah - catat - lama - materi - istirahat;-1_kecil_diri_sendiri_hidup;perlu baca data sembuh internet cukup paham garis sumber percaya rencana pribadi ingat milik jalan sehat unik
Aku selalu pengen segalanya rapi, apa itu aneh?;Nggak aneh sama sekali! Keinginan buat segalanya rapi bisa jadi tanda kamu menghargai keteraturan, yang bikin hidup terasa lebih terkontrol. Tapi, apa kadang ini bikin kamu stres kalau nggak sempurna? Ceritain yuk, biar kita ngobrol lebih lanjut.;GROK;D4_GROK_PengantarPsikologiBimoW233-248_22.json;segala rapi aneh aneh sekali segala rapi harga atur hidup kontrol stres sempurna lanjut;3;0.6569005312939382;otak - lupa - ingat - ulang - kecil - susah - catat - lama - materi - istirahat;-1_kecil_diri_sendiri_hidup;segala rapi aneh aneh sekali segala rapi harga atur hidup kontrol stres sempurna lanjut
Aku sering multitasking biar cepet selesai, tapi malah jadi capek dan hasilnya nggak maksimal. Kenapa bisa gitu ya?;Karena sebenarnya otak kita tidak dirancang untuk benar-benar multitasking. Yang terjadi adalah otak bolak-balik pindah tugas, sehingga energi cepat terkuras dan kualitas kerja menurun. Jadi bukan kamu yang kurang pintar, tapi memang begitu cara kerja otak. Coba kerjakan satu hal dulu sampai selesai, baru lanjut ke tugas berikutnya. Itu bisa membuatmu lebih fokus dan hasilnya juga lebih baik.;GPT;D13_GPT_BrainPower2-12_12.json;multitasking cepet malah capek hasil maksimal otak rancang multitasking otak bolak balik pindah tugas energi cepat kuras kualitas kerja turun bukan kurang pintar kerja otak kerja lanjut tugas hasil;3;0.6492419534403465;otak - lupa - ingat - ulang - kecil - susah - catat - lama - materi - istirahat;-1_kecil_diri_sendiri_hidup;multitasking cepet malah capek hasil maksimal otak rancang multitasking otak bolak balik pindah tugas energi cepat kuras kualitas kerja turun bukan kurang pintar kerja otak kerja lanjut tugas hasil
Aku pengen bisa lebih cepat paham sesuatu, tapi kok lambat banget. Normal nggak sih?;Totally normal! Setiap orang punya kecepatan sendiri dalam memahami sesuatu. Yang penting, kamu tetap mencoba dan nggak menyerah. Coba cari cara yang cocok buatmu, misalnya pakai gambar atau ceritain ke orang lain biar lebih nempel di kepala. Kalau merasa lambat, mungkin kamu cuma perlu lebih banyak latihan atau istirahat yang cukup. Apa sih yang lagi kamu pelajari? Mungkin bisa kita pikirin cara seru buat memahaminya!;GROK;D4_GROK_PengantarPsikologiBimoW178-188_20.json;cepat paham lambat totally cepat sendiri paham penting tetap serah cocok nempel kepala lambat perlu istirahat cukup pikirin seru paham;3;0.6491830844824398;otak - lupa - ingat - ulang - kecil - susah - catat - lama - materi - istirahat;-1_kecil_diri_sendiri_hidup;cepat paham lambat totally cepat sendiri paham penting tetap serah cocok nempel kepala lambat perlu istirahat cukup pikirin seru paham
Aku sering salah paham sama omongan orang. Kenapa ya?;Bisa jadi karena otak kita kadang mencoba memproses informasi terlalu cepat, apalagi kalau lagi capek atau banyak pikiran. Coba dengarkan dengan penuh perhatian dan ulang dalam hati apa yang mereka bilang. Kalau masih bingung, nggak apa-apa tanya ulang, 'Maksudnya gini, ya?' Itu menunjukkan kamu peduli dan ingin paham.;GROK;D3_GROK_PengantarPsikologiAdnan89-99_20.json;salah paham omong otak proses terlalu cepat capek dengar penuh perhati ulang hati ulang tunjuk peduli paham;3;0.6475255754099833;otak - lupa - ingat - ulang - kecil - susah - catat - lama - materi - istirahat;-1_kecil_diri_sendiri_hidup;salah paham omong otak proses terlalu cepat capek dengar penuh perhati ulang hati ulang tunjuk peduli paham
Apakah istirahat sama dengan multitasking?;Tidak. Multitasking memaksa otak berganti-ganti tugas serupa dan justru melelahkan. Istirahat yang disarankan adalah melakukan sesuatu berbeda yang memberi otak kesempatan untuk ‘reset’, bukan berganti tugas lain yang tetap menuntut fokus sama.;GPT;D13_GPT_BrainPower79-89_30.json;istirahat multitasking multitasking paksa otak tugas rupa justru lelah istirahat saran laku beri otak sempat reset bukan tugas tetap tuntut;3;0.6462843292871827;otak - lupa - ingat - ulang - kecil - susah - catat - lama - materi - istirahat;-1_kecil_diri_sendiri_hidup;istirahat multitasking multitasking paksa otak tugas rupa justru lelah istirahat saran laku beri otak sempat reset bukan tugas tetap tuntut
Aku sering salah denger apa yang orang bilang. Normalkah ini?;Iya, itu normal, apalagi kalau kamu lagi capek atau nggak fokus. Coba dengarkan dengan penuh perhatian dan ulang dalam hati apa yang mereka bilang. Kalau masih salah denger, nggak apa-apa tanya ulang dengan sopan, seperti, 'Bisa diulang, nggak?' Itu membantu memastikan kamu paham.;GROK;D3_GROK_PengantarPsikologiAdnan89-99_20.json;salah denger capek dengar penuh perhati ulang hati salah denger ulang sopan ulang paham;3;0.6461410772130187;otak - lupa - ingat - ulang - kecil - susah - catat - lama - materi - istirahat;-1_kecil_diri_sendiri_hidup;salah denger capek dengar penuh perhati ulang hati salah denger ulang sopan ulang paham
Aku pernah coba belajar semaleman, tapi malah lupa semua. Kenapa ya gitu?;Wah, belajar semaleman itu sebenarnya kurang efektif, karena otak butuh istirahat buat memproses informasi. Kalau kamu begadang, otak malah kelelahan dan susah nyimpan memori. Lebih baik belajar dalam sesi pendek, misalnya 2 jam sehari selama beberapa hari. Setelah belajar, coba tidur, karena tidur membantu otak menyimpan apa yang kamu pelajari. Jadi, jangan paksain diri ya, kasih waktu buat otakmu bernapas.;GROK;D4_GROK_PengantarPsikologiBimoW167-177_20.json;maleman malah lupa maleman kurang efektif otak butuh istirahat proses begadang otak malah lelah susah nyimpan memori sesi pendek lama beberapa tidur tidur otak simpan jangan paksain diri otak;3;0.6446710280868717;otak - lupa - ingat - ulang - kecil - susah - catat - lama - materi - istirahat;-1_kecil_diri_sendiri_hidup;maleman malah lupa maleman kurang efektif otak butuh istirahat proses begadang otak malah lelah susah nyimpan memori sesi pendek lama beberapa tidur tidur otak simpan jangan paksain diri otak
Saya sering takut istirahat lalu tidak bisa kembali fokus lagi. Bagaimana mengatur jeda efektif?;Batasi jeda singkat (mis. 5–10 menit), lakukan aktivitas yang berbeda secara kognitif (jalan sebentar, minum air), dan gunakan timer supaya kamu kembali bekerja segera. Jeda yang terstruktur biasanya membantu menyegarkan otak tanpa mengganggu ritme kerja.;GPT;D13_GPT_BrainPower79-89_30.json;takut istirahat atur jeda efektif batas jeda singkat laku aktivitas kognitif jalan sebentar timer kerja segera jeda struktur segar otak ganggu ritme kerja;3;0.644453686202825;otak - lupa - ingat - ulang - kecil - susah - catat - lama - materi - istirahat;-1_kecil_diri_sendiri_hidup;takut istirahat atur jeda efektif batas jeda singkat laku aktivitas kognitif jalan sebentar timer kerja segera jeda struktur segar otak ganggu ritme kerja
Bagaimana membuat ‘reward’ kecil bisa membantuku keluar dari siklus malas?;Tentukan tugas mini, pasangkan dengan hadiah sederhana—misalnya menonton video favorit setelah menyelesaikan pekerjaan. Otak akan mengasosiasikan usaha dengan kesenangan, memudahkan konsistensi.;GPT;D2_GPT_DrAndrewClinicalPsychology44-64_60.json;reward kecil keluar siklus malas tugas mini pasang hadiah sederhana tonton favorit kerja otak asosiasi usaha senang mudah konsistensi;3;0.640610456761603;otak - lupa - ingat - ulang - kecil - susah - catat - lama - materi - istirahat;-1_kecil_diri_sendiri_hidup;reward kecil keluar siklus malas tugas mini pasang hadiah sederhana tonton favorit kerja otak asosiasi usaha senang mudah konsistensi
Kenapa aku suka impulsif belanja online tengah malam?;Itu ‘id’ yang mencari kesenangan cepat. Menunda klik selama 10 menit memberi ruang bagi ‘ego’ menilai apakah barang itu benar‑benar perlu.;GPT;A1_GPT_PsikologiKepribadian14-33_50.json;impulsif belanja tengah senang cepat tunda klik lama beri ruang nilai barang perlu;3;0.6405571514060241;otak - lupa - ingat - ulang - kecil - susah - catat - lama - materi - istirahat;-1_kecil_diri_sendiri_hidup;impulsif belanja tengah senang cepat tunda klik lama beri ruang nilai barang perlu
Aku sering lupa pelajaran lama pas belajar yang baru. Kenapa ya, dan gimana caranya biar nggak gitu?;Itu kayak otak kita lagi main ‘overwrite’ sama memori lama! Fenomena ini disebut inhibisi retroaktif, di mana info baru bisa bikin info lama kabur. Biar nggak lupa, coba ulas pelajaran lama sebentar sebelum belajar yang baru—misalnya, baca catatan 10 menit. Juga, pakai teknik pengelompokan atau ceritain pelajaran itu ke temen, biar nempel di memori jangka panjang. Ceritain pelajaran apa yang suka lupa, aku bantu kasih trik buat ngingetnya!;GROK;A3_GROK_PsikologiKomunikasi35-46_25.json;lupa lama otak main overwrite memori lama fenomena sebut inhibisi retroaktif info info lama kabur lupa ulas lama sebentar baca catat teknik kelompok temen nempel memori jangka panjang lupa trik ngingetnya;3;0.6403702257239859;otak - lupa - ingat - ulang - kecil - susah - catat - lama - materi - istirahat;3_lupa_ingat_ulang_otak;lupa lama otak main overwrite memori lama fenomena sebut inhibisi retroaktif info info lama kabur lupa ulas lama sebentar baca catat teknik kelompok temen nempel memori jangka panjang lupa trik ngingetnya
Kenapa sih aku sering cepat lupa dan susah ambil keputusan ketika lagi banyak tekanan?;Itu terjadi karena stres mengganggu kerja otak, membuatmu lebih rentan lupa, sulit fokus, bahkan susah mengambil keputusan. Jadi bukan karena kamu lemah, tapi memang tubuhmu sedang bekerja keras menghadapi tekanan. Supaya lebih ringan, coba istirahat sebentar, atur napas, atau lakukan hal kecil yang menenangkan. Dengan begitu, otakmu bisa pelan-pelan kembali jernih.;GPT;D13_GPT_BrainPower2-12_12.json;cepat lupa susah putus tekan stres ganggu kerja otak rentan lupa sulit bahkan susah putus bukan lemah tubuh sedang kerja hadap tekan ringan istirahat sebentar atur laku kecil tenang otak pelan pelan jernih;3;0.6390831226731389;otak - lupa - ingat - ulang - kecil - susah - catat - lama - materi - istirahat;-1_kecil_diri_sendiri_hidup;cepat lupa susah putus tekan stres ganggu kerja otak rentan lupa sulit bahkan susah putus bukan lemah tubuh sedang kerja hadap tekan ringan istirahat sebentar atur laku kecil tenang otak pelan pelan jernih
Aku merasa otakku lambat nyerna informasi. Apa yang salah?;Nggak ada yang salah denganmu, kok. Setiap orang punya cara otak memproses informasi yang berbeda. Kalau merasa lambat, mungkin otakmu lagi capek atau terlalu banyak distraksi. Coba belajar di tempat tenang dan pecah informasi jadi bagian kecil. Juga, jangan lupa kasih otakmu waktu istirahat, biar kerjanya lebih optimal.;GROK;D3_GROK_PengantarPsikologiAdnan80-88_20.json;otak lambat nyerna salah salah otak proses lambat otak capek terlalu distraksi tempat tenang pecah kecil jangan lupa otak istirahat kerja optimal;3;0.6382622035401975;otak - lupa - ingat - ulang - kecil - susah - catat - lama - materi - istirahat;-1_kecil_diri_sendiri_hidup;otak lambat nyerna salah salah otak proses lambat otak capek terlalu distraksi tempat tenang pecah kecil jangan lupa otak istirahat kerja optimal
Aku merasa belajar nggak ngaruh apa-apa di hidupku. Gimana biar termotivasi?;Wajar kok merasa gitu, apalagi kalau hasilnya belum kelihatan. Coba cari tahu kenapa kamu belajar materi itu, misalnya buat capai mimpi atau bantu orang lain. Set goal kecil, seperti kuasai satu bab hari ini, lalu kasih reward ke diri sendiri. Ulang materi dengan cara yang menarik, seperti bikin kuis atau cerita. Ingat, belajar itu investasi buat masa depanmu, meski sekarang mungkin nggak langsung terasa.;GROK;D4_GROK_PengantarPsikologiBimoW167-177_20.json;ngaruh hidup motivasi hasil tahu materi capai mimpi goal kecil kuasa reward diri sendiri ulang materi kuis ingat investasi masa depan langsung;3;0.636814640264366;otak - lupa - ingat - ulang - kecil - susah - catat - lama - materi - istirahat;-1_kecil_diri_sendiri_hidup;ngaruh hidup motivasi hasil tahu materi capai mimpi goal kecil kuasa reward diri sendiri ulang materi kuis ingat investasi masa depan langsung
Aku sering ngerasa otakku penuh kalau belajar banyak. Gimana ngatasinnya?;Rasa ‘penuh’ itu tanda otakmu butuh jeda. Coba atur jadwal belajar dengan sesi pendek, misalnya 25 menit belajar, 5 menit istirahat. Teknik ini bikin otak nggak kelelahan. Jangan lupa tidur cukup, karena tidur membantu otak mengatur ulang informasi. Kalau masih terasa berat, coba pilih satu topik dulu, bikin ringkasan, baru lanjut. Pelan-pelan aja, nggak perlu buru-buru.;GROK;D4_GROK_PengantarPsikologiBimoW167-177_20.json;ngerasa otak penuh ngatasinnya penuh otak butuh jeda atur jadwal sesi pendek istirahat teknik otak lelah jangan lupa tidur cukup tidur otak atur ulang berat pilih topik ringkas lanjut pelan pelan perlu buru buru;3;0.6351517886995233;otak - lupa - ingat - ulang - kecil - susah - catat - lama - materi - istirahat;-1_kecil_diri_sendiri_hidup;ngerasa otak penuh ngatasinnya penuh otak butuh jeda atur jadwal sesi pendek istirahat teknik otak lelah jangan lupa tidur cukup tidur otak atur ulang berat pilih topik ringkas lanjut pelan pelan perlu buru buru
Aku bingung sama banyak informasi di kepalaku. Gimana cara ngaturnya?;Banyak informasi bisa bikin kepala penuh, ya. Coba tulis semua yang ada di pikiranmu, kayak bikin peta pikiran. Pisahin mana yang penting dan mana yang bisa ditunda. Kalau lagi belajar, fokus pada satu topik dulu, dan ulang pelan-pelan. Kadang, otak kita juga perlu istirahat biar nggak overload. Apa yang lagi bikin kamu bingung? Ceritain, mungkin aku bisa bantu urutin!;GROK;D4_GROK_PengantarPsikologiBimoW178-188_20.json;kepala ngaturnya kepala penuh peta pisahin penting tunda topik ulang pelan pelan otak perlu istirahat overload urutin;3;0.6335320484204965;otak - lupa - ingat - ulang - kecil - susah - catat - lama - materi - istirahat;-1_kecil_diri_sendiri_hidup;kepala ngaturnya kepala penuh peta pisahin penting tunda topik ulang pelan pelan otak perlu istirahat overload urutin
Aku sering nulis to-do list, tapi kadang malah bikin tambah tertekan karena nggak semuanya selesai. Apa gunanya sebenarnya?;Justru dengan menulis to-do list, kamu membantu otakmu mengurangi beban karena nggak perlu mengingat semuanya sekaligus. Bahkan menyelesaikan hal kecil dan mencoretnya bisa bikin otakmu menghasilkan dopamin yang membuat suasana hati lebih baik. Jadi nggak masalah kalau nggak semua selesai dalam sehari, yang penting ada kemajuan kecil yang bisa kamu rayakan.;GPT;D13_GPT_BrainPower2-12_12.json;nulis list malah tambah tekan justru list otak kurang beban perlu ingat sekaligus bahkan kecil coret otak hasil dopamin suasana hati penting maju kecil raya;3;0.6329278382091116;otak - lupa - ingat - ulang - kecil - susah - catat - lama - materi - istirahat;-1_kecil_diri_sendiri_hidup;nulis list malah tambah tekan justru list otak kurang beban perlu ingat sekaligus bahkan kecil coret otak hasil dopamin suasana hati penting maju kecil raya
Saya ingin belajar bahasa baru, tapi takut mulai karena terasa sulit. Apakah itu benar-benar berguna untuk otak?;Keputusanmu ingin belajar bahasa baru adalah langkah yang bagus. Belajar bahasa menantang otak secara sehat — membantu memori, konsentrasi, dan fleksibilitas berpikir. Mulailah dengan target kecil, misalnya 10 menit sehari. Hadiahi diri ketika mencapai tonggak kecil agar prosesnya terasa memotivasi.;GPT;D13_GPT_BrainPower68-78_21.json;bahasa takut sulit otak putus bahasa bagus bahasa tantang otak sehat memori konsentrasi fleksibilitas target kecil hadiah diri capai tonggak kecil proses motivasi;3;0.6327358981063332;otak - lupa - ingat - ulang - kecil - susah - catat - lama - materi - istirahat;-1_kecil_diri_sendiri_hidup;bahasa takut sulit otak putus bahasa bagus bahasa tantang otak sehat memori konsentrasi fleksibilitas target kecil hadiah diri capai tonggak kecil proses motivasi
Aku dengar ada program tukar jarum suntik. Itu apa sih, dan apa bagus buat aku?;Program tukar jarum suntik itu tempat di mana kamu bisa tukar jarum bekas dengan yang bersih, biar nggak nyebarin penyakit seperti HIV. Ini bagus banget buat orang yang masih pakai narkoba suntik, karena bisa kurangi risiko infeksi. Tapi, kalau kamu bisa, coba juga cari program pemulihan dari kecanduan. Apa kamu mau aku bantu cari tahu lokasi program tukar jarum di dekatmu?;GROK;D11_GROK_AHandbookfortheSMH578-588_20.json;dengar program tukar jarum suntik bagus program tukar jarum suntik tempat tukar jarum bekas nyebarin sakit bagus narkoba suntik kurang risiko infeksi program pulih candu tahu lokasi program tukar jarum dekat;3;0.6266928199415867;otak - lupa - ingat - ulang - kecil - susah - catat - lama - materi - istirahat;-1_kecil_diri_sendiri_hidup;dengar program tukar jarum suntik bagus program tukar jarum suntik tempat tukar jarum bekas nyebarin sakit bagus narkoba suntik kurang risiko infeksi program pulih candu tahu lokasi program tukar jarum dekat
Aku pengen lebih disiplin buat wujudin potensiku, tapi susah banget. Ada tips nggak?;Disiplin itu memang tantangan! Coba mulai dari kebiasaan kecil, misalnya luangkan 10 menit sehari buat kerja ke arah potensimu. Buat jadwal sederhana dan rayakan setiap langkah kecil. Aku di sini buat ingetin kamu kalau lupa!;GROK;D8_GROK_BerdamaiDenganDiriSendiri109-119_20.json;disiplin wujudin potensi susah tips disiplin tantang kecil luang kerja arah potensi jadwal sederhana raya kecil ingetin lupa;3;0.6250620349546596;otak - lupa - ingat - ulang - kecil - susah - catat - lama - materi - istirahat;-1_kecil_diri_sendiri_hidup;disiplin wujudin potensi susah tips disiplin tantang kecil luang kerja arah potensi jadwal sederhana raya kecil ingetin lupa
Aku merasa ingatanku penuh. Bisa nggak sih otak kehabisan ruang?;Hehe, rasanya kayak otak penuh ya, kayak hard disk? Tenang, otak kita nggak benar-benar kehabisan ruang, tapi memang bisa kewalahan kalau terlalu banyak informasi masuk sekaligus. Coba kurangi distraksi saat belajar atau fokus pada satu hal dulu. Juga, tidur yang cukup bisa bantu otak menyortir informasi, jadi ingatanmu lebih teratur.;GROK;D3_GROK_PengantarPsikologiAdnan80-88_20.json;ingat penuh otak habis ruang hehe otak penuh hard disk tenang otak habis ruang kewalahan terlalu masuk sekaligus kurang distraksi tidur cukup otak sortir ingat atur;3;0.6245984930246217;otak - lupa - ingat - ulang - kecil - susah - catat - lama - materi - istirahat;-1_kecil_diri_sendiri_hidup;ingat penuh otak habis ruang hehe otak penuh hard disk tenang otak habis ruang kewalahan terlalu masuk sekaligus kurang distraksi tidur cukup otak sortir ingat atur
Saya merasa otak saya 'malas' dan susah fokus. Apakah belajar lebih banyak bisa membantu?;"Saya mengerti rasa frustasi itu—meningkatkan pembelajaran memang bisa membantu. Mengikuti kelas atau pelatihan yang menantang pikiran Anda (bukan yang sudah sangat dikenal) dapat melatih ketajaman mental dan memperpanjang daya ingat. Coba pilih topik yang membuat Anda berpikir, lalu perlahan tingkatkan kesulitannya. Mulailah dari sesi singkat dan konsisten; perubahan kecil yang rutin seringkali lebih berpengaruh daripada usaha besar sekali waktu.";GPT;D13_GPT_BrainPower57-67_19.json;otak malas susah erti frustasi tingkat kelas tantang bukan kenal tajam mental panjang daya ingat pilih topik perlahan tingkat sulit sesi singkat konsisten ubah kecil rutin seringkali pengaruh usaha sekali;3;0.6148741646835522;otak - lupa - ingat - ulang - kecil - susah - catat - lama - materi - istirahat;-1_kecil_diri_sendiri_hidup;otak malas susah erti frustasi tingkat kelas tantang bukan kenal tajam mental panjang daya ingat pilih topik perlahan tingkat sulit sesi singkat konsisten ubah kecil rutin seringkali pengaruh usaha sekali
Apakah menutup mata bisa bikin otak lebih segar?;Betul, menutup mata sejenak bisa memberi kesempatan indra lain bekerja lebih optimal. Itu bisa meningkatkan fokus, memori, bahkan kreativitas. Jadi kalau merasa lelah, coba luangkan waktu duduk tenang dengan mata terpejam. Itu sederhana, tapi bisa menenangkan pikiranmu.;GPT;D13_GPT_BrainPower112-122_10.json;tutup mata otak segar betul tutup mata jenak beri sempat indra kerja optimal tingkat memori bahkan kreativitas lelah luang duduk tenang mata pejam sederhana tenang;3;0.6146080891671435;otak - lupa - ingat - ulang - kecil - susah - catat - lama - materi - istirahat;-1_kecil_diri_sendiri_hidup;tutup mata otak segar betul tutup mata jenak beri sempat indra kerja optimal tingkat memori bahkan kreativitas lelah luang duduk tenang mata pejam sederhana tenang
Saya sering lupa makan atau istirahat karena sibuk. Bagaimana cara mengatur diri?;Sibuk itu bisa bikin kita lupa jaga diri, dan kamu hebat karena menyadarinya! Abraham Harold Maslow bilang kebutuhan fisiologis seperti makan dan istirahat adalah dasar untuk merasa baik. Coba atur pengingat di ponsel untuk makan siang atau istirahat 5 menit setiap 2 jam. Mulai kecil, seperti bawa camilan sehat atau tarik napas dalam saat break. Apa satu kebiasaan kecil yang bisa kamu coba untuk jaga diri minggu ini?;GROK;A1_GROK_PsikologiKepribadian61-83_99.json;lupa makan istirahat sibuk atur diri sibuk lupa jaga diri butuh fisiologis makan istirahat atur ingat ponsel makan siang istirahat kecil bawa sehat break kecil jaga diri minggu;3;0.6094446493481381;otak - lupa - ingat - ulang - kecil - susah - catat - lama - materi - istirahat;-1_kecil_diri_sendiri_hidup;lupa makan istirahat sibuk atur diri sibuk lupa jaga diri butuh fisiologis makan istirahat atur ingat ponsel makan siang istirahat kecil bawa sehat break kecil jaga diri minggu
Aku coba baca buku, tapi nggak selesai-selesai. Aku merasa nggak berguna. Gimana caranya biar nggak gitu?;Hei, kamu nggak nggak berguna hanya karena buku belum selesai. Membaca itu nggak harus buru-buru, yang penting kamu mencoba. Mungkin kita bisa atur target yang lebih ringan, seperti baca satu halaman sehari, atau coba audiobook kalau fokusnya susah. Buku apa yang lagi kamu baca? Aku bisa bantu bikin rencana biar lebih mudah.;GROK;D12_GROK_ClinicalHandbookPsychologicalDisorders385-395_20.json;baca buku buku baca buru buru penting atur target ringan baca halaman audiobook susah buku baca rencana mudah;3;0.6056447850710964;otak - lupa - ingat - ulang - kecil - susah - catat - lama - materi - istirahat;3_lupa_ingat_ulang_otak;baca buku buku baca buru buru penting atur target ringan baca halaman audiobook susah buku baca rencana mudah
Bagaimana memanfaatkan hak tersebut agar tidak mengganggu perawatan?;"Buat jadwal bergantian dengan pasangan agar kamu cukup istirahat. Saat staf melakukan tindakan, tetap di samping ranjang tetapi biarkan tim bekerja; hadirnya wajah dikenal sudah cukup menenangkan anak.";GPT;D1_GPT_HealthPsycology184-208_50.json;manfaat sebut ganggu awat jadwal pasang cukup istirahat staf laku tindak tetap ranjang kerja hadir wajah kenal cukup tenang anak;3;0.6027694664312729;otak - lupa - ingat - ulang - kecil - susah - catat - lama - materi - istirahat;-1_kecil_diri_sendiri_hidup;manfaat sebut ganggu awat jadwal pasang cukup istirahat staf laku tindak tetap ranjang kerja hadir wajah kenal cukup tenang anak
Aku merasa otakku makin lambat, gampang lupa, dan sulit fokus. Apa itu berarti aku mulai sakit?;Tidak selalu berarti ada penyakit serius. Kadang otak kita hanya kurang dilatih. Sama seperti otot, otak juga butuh latihan rutin. Coba tantang dirimu dengan hal-hal baru: membaca buku yang agak rumit, menyelesaikan puzzle, atau belajar keterampilan baru. Bukan untuk jadi sempurna, tapi supaya otak tetap terstimulasi. Kalau gejalanya semakin berat, tetap baik untuk diskusi dengan tenaga medis ya.;GPT;D13_GPT_BrainPower101-111_10.json;otak makin lambat gampang lupa sulit arti sakit arti sakit serius otak kurang otak butuh rutin tantang diri baca buku rumit puzzle terampil bukan sempurna otak tetap stimulasi gejala makin berat tetap diskusi tenaga medis;3;0.5981813717996187;otak - lupa - ingat - ulang - kecil - susah - catat - lama - materi - istirahat;-1_kecil_diri_sendiri_hidup;otak makin lambat gampang lupa sulit arti sakit arti sakit serius otak kurang otak butuh rutin tantang diri baca buku rumit puzzle terampil bukan sempurna otak tetap stimulasi gejala makin berat tetap diskusi tenaga medis
Target apa yang realistis bagi saya saat ini?;Pilih hal sederhana namun bermakna: menyelesaikan buku favorit dalam sebulan, atau merawat tanaman mini. Tujuan kecil memberi rasa pencapaian yang menyejukkan.;GPT;D1_GPT_HealthPsycology250-268_50.json;target realistis pilih sederhana makna buku favorit bulan rawat tanam mini tuju kecil beri capai sejuk;3;0.5977486574893764;otak - lupa - ingat - ulang - kecil - susah - catat - lama - materi - istirahat;-1_kecil_diri_sendiri_hidup;target realistis pilih sederhana makna buku favorit bulan rawat tanam mini tuju kecil beri capai sejuk
Aku sering merasa khawatir tentang hidupku secara keseluruhan, rasanya semua serba nggak pasti. Gimana caranya aku bisa lebih tenang?;Aku paham banget, rasa khawatir itu bisa bikin pikiran kita penuh, ya. Coba mulai dengan mengenali apa yang bikin kamu khawatir—mungkin tulis di buku catatan apa saja yang ada di pikiranmu. Lalu, pilih satu hal yang paling bisa kamu kendalikan, misalnya rutinitas kecil seperti jalan kaki 10 menit sambil dengar musik favorit. Ini bisa bantu pikiranmu lebih rileks. Kalau masih terasa berat, ngobrol sama temen dekat atau coba teknik pernapasan dalam—tarik napas dalam 4 detik, tahan, lalu keluarkan perlahan. Sedikit-sedikit, kamu akan merasa lebih ringan.;GROK;A2_GROK_FilosofiTeras31-44_30.json;khawatir hidup seluruh serba tenang paham khawatir penuh nali khawatir buku catat pilih paling kendali kecil jalan kaki dengar musik favorit rileks berat temen dekat teknik detik tahan keluar perlahan ringan;3;0.5974395112123672;otak - lupa - ingat - ulang - kecil - susah - catat - lama - materi - istirahat;-1_kecil_diri_sendiri_hidup;khawatir hidup seluruh serba tenang paham khawatir penuh nali khawatir buku catat pilih paling kendali kecil jalan kaki dengar musik favorit rileks berat temen dekat teknik detik tahan keluar perlahan ringan
Saya selalu memakai kalkulator untuk hal kecil dan merasa kemampuan berpikir cepat saya menurun. Apa yang bisa saya lakukan?;Mengurangi ketergantungan pada kalkulator untuk tugas sehari-hari adalah latihan yang bagus untuk otak. Coba tantangan kecil: hitung mental untuk belanja, tip, atau pembagian sederhana. Lakukan secara bertahap supaya tidak membuat frustasi. Ini bukan soal menolak teknologi, melainkan memberi 'ruang berlatih' pada kemampuan kognitif Anda.;GPT;D13_GPT_BrainPower90-100_10.json;kalkulator kecil mampu cepat turun laku kurang kalkulator tugas bagus otak tantang kecil hitung mental belanja sederhana laku tahap frustasi bukan tolak teknologi beri ruang mampu kognitif;3;0.5964310061314801;otak - lupa - ingat - ulang - kecil - susah - catat - lama - materi - istirahat;-1_kecil_diri_sendiri_hidup;kalkulator kecil mampu cepat turun laku kurang kalkulator tugas bagus otak tantang kecil hitung mental belanja sederhana laku tahap frustasi bukan tolak teknologi beri ruang mampu kognitif
Kenapa aku lupa sama pelajaran padahal udah belajar keras?;Aku tahu rasanya frustrasi kalau udah belajar keras tapi lupa. Ingatan itu nggak cuma soal belajar, tapi juga cara informasi disimpan di otak. Mungkin kamu bisa coba ulang materi dalam porsi kecil tiap hari, daripada belajar banyak sekaligus. Itu bantu otak menyimpan lebih kuat. Sabun sabun, kamu pasti bisa!;GROK;D3_GROK_PengantarPsikologiAdnan80-88_20.json;lupa padahal udah tahu frustrasi udah lupa ingat simpan otak ulang materi porsi kecil sekaligus otak simpan kuat sabun sabun;3;0.5919635287680806;otak - lupa - ingat - ulang - kecil - susah - catat - lama - materi - istirahat;3_lupa_ingat_ulang_otak;lupa padahal udah tahu frustrasi udah lupa ingat simpan otak ulang materi porsi kecil sekaligus otak simpan kuat sabun sabun
Tips menjaga stamina saat harus menginap di RS mendampingi anak?;Gunakan kursi lipat ergonomis dan bantal leher. Atur shift istirahat bergantian, bawa cemilan sehat tinggi protein, dan lakukan peregangan ringan di koridor tiap beberapa jam.;GPT;D1_GPT_HealthPsycology184-208_50.json;tips jaga stamina inap damping anak kursi lipat ergonomis bantal leher atur shift istirahat bawa cemilan sehat tinggi protein laku regang ringan koridor beberapa;3;0.5889769194913752;otak - lupa - ingat - ulang - kecil - susah - catat - lama - materi - istirahat;-1_kecil_diri_sendiri_hidup;tips jaga stamina inap damping anak kursi lipat ergonomis bantal leher atur shift istirahat bawa cemilan sehat tinggi protein laku regang ringan koridor beberapa
Aku coba catat panikku, tapi susah banget, apa aku salah cara?;Nggak salah, kadang catat panik memang susah, apalagi kalau lagi cemas. Coba mulai dengan catat waktu, tempat, dan satu gejala aja, seperti ‘jantungan cepat’. Aku bisa bantu bikin format sederhana. Apa yang bikin susah buatmu?;GROK;D12_GROK_ClinicalHandbookPsychologicalDisorders33-43_20.json;catat panik susah salah salah catat panik susah cemas catat tempat gejala jantung cepat format sederhana susah;3;0.584332735154967;otak - lupa - ingat - ulang - kecil - susah - catat - lama - materi - istirahat;-1_kecil_diri_sendiri_hidup;catat panik susah salah salah catat panik susah cemas catat tempat gejala jantung cepat format sederhana susah
Aku kadang nggak bisa ngomong karena lupa kata yang mau aku ucapkan. Apa ini serius?;Itu bisa terjadi kalau kamu sedang lelah, stres, atau otakmu kelebihan beban. Namanya ‘blocking’, dan biasanya nggak serius kalau cuma sesekali. Coba tarik napas dalam dan beri waktu sebentar, biasanya kata itu muncul lagi. Tapi kalau sering banget dan bikin frustrasi, mungkin kita bisa coba cari tahu apa yang lagi bikin kamu tertekan. Ceritain, kejadian ini sering nggak?;GROK;D4_GROK_PengantarPsikologiBimoW156-166_20.json;ngomong lupa kata serius sedang lelah stres otak beban nama blocking serius sekal beri sebentar kata muncul frustrasi tahu tekan;3;0.5821038129517447;otak - lupa - ingat - ulang - kecil - susah - catat - lama - materi - istirahat;-1_kecil_diri_sendiri_hidup;ngomong lupa kata serius sedang lelah stres otak beban nama blocking serius sekal beri sebentar kata muncul frustrasi tahu tekan
Kadang aku merasa susah fokus karena perhatianku berpindah-pindah. Ada saran nggak?;Susah fokus itu wajar, apalagi kalau banyak distraksi. Coba ciptakan lingkungan yang lebih tenang, seperti pakai earphone atau jauhkan HP. Otak kita gampang teralih sama perubahan di sekitar, jadi kurangi stimulus yang nggak perlu. Kalau masih susah, mungkin coba teknik fokus kayak pomodoro, kerja 25 menit, istirahat 5 menit.;GROK;D4_GROK_PengantarPsikologiBimoW123-133_20.json;susah perhati pindah pindah saran susah distraksi cipta tenang earphone jauh otak gampang ubah kurang stimulus perlu susah teknik pomodoro kerja istirahat;3;0.5799798216586755;otak - lupa - ingat - ulang - kecil - susah - catat - lama - materi - istirahat;-1_kecil_diri_sendiri_hidup;susah perhati pindah pindah saran susah distraksi cipta tenang earphone jauh otak gampang ubah kurang stimulus perlu susah teknik pomodoro kerja istirahat
Saya sering bingung mengapa saya tertarik pada hal-hal yang membuat saya 'bahagia' meski kadang merugikan. Kenapa begitu?;Otak Anda punya 'sistem hadiah' yang memicu pelepasan zat seperti dopamin saat Anda mengharapkan sesuatu yang menyenangkan. Ini memotivasi Anda mengejar hadiah itu. Namun sistem ini juga membuat kita rentan pada kebiasaan yang memberi kepuasan cepat tapi bermasalah—seperti makanan berlebihan atau perilaku adiktif. Menyadari pola ini adalah langkah pertama untuk membuat pilihan yang lebih bijak.;GPT;D13_GPT_BrainPower57-67_19.json;bahagia rugi otak hadiah picu lepas dopamin harap senang motivasi kejar hadiah rentan beri puas cepat makan perilaku adiktif pola pertama pilih bijak;3;0.5795167272285077;otak - lupa - ingat - ulang - kecil - susah - catat - lama - materi - istirahat;-1_kecil_diri_sendiri_hidup;bahagia rugi otak hadiah picu lepas dopamin harap senang motivasi kejar hadiah rentan beri puas cepat makan perilaku adiktif pola pertama pilih bijak
Aku sering merasa sedih tiba-tiba, tapi sulit mengalihkan pikiran. Ada cara sederhana buat memperbaikinya?;Perasaan sedih yang datang tiba-tiba itu nyata dan valid. Kadang otak kita butuh sesuatu yang ringan tapi menstimulasi. Game trivia bisa jadi pilihan. Saat kamu berusaha mengingat jawaban, otakmu bekerja dan ada rasa puas ketika berhasil menjawab. Itu bisa memicu dopamin, zat kimia yang bikin mood sedikit terangkat. Kamu tidak harus jadi ahli, cukup main santai, bahkan sendirian pun bisa bermanfaat.;GPT;D13_GPT_BrainPower101-111_10.json;sedih sulit sederhana sedih datang nyata valid otak butuh ringan stimulasi game trivia pilih usaha ingat otak kerja puas hasil picu dopamin mood angkat ahli cukup main santai bahkan sendiri manfaat;3;0.5734765889710154;otak - lupa - ingat - ulang - kecil - susah - catat - lama - materi - istirahat;-1_kecil_diri_sendiri_hidup;sedih sulit sederhana sedih datang nyata valid otak butuh ringan stimulasi game trivia pilih usaha ingat otak kerja puas hasil picu dopamin mood angkat ahli cukup main santai bahkan sendiri manfaat
Aku merasa apa yang aku lihat kadang nggak sesuai sama kenyataan. Kenapa?;Itu bisa terjadi karena otak kita kadang mencoba mengisi kekosongan informasi. Misalnya, lihat sesuatu dari jauh dan kira itu burung, padahal cuma daun. Coba dekati atau perhatikan lebih lama, biar otak punya waktu memproses dengan benar. Kalau sering bingung, mungkin kamu lagi capek atau stres, jadi istirahat juga penting.;GROK;D3_GROK_PengantarPsikologiAdnan89-99_20.json;sesuai nyata otak kosong jauh burung padahal daun dekat perhati lama otak proses capek stres istirahat penting;3;0.5693141888387223;otak - lupa - ingat - ulang - kecil - susah - catat - lama - materi - istirahat;-1_kecil_diri_sendiri_hidup;sesuai nyata otak kosong jauh burung padahal daun dekat perhati lama otak proses capek stres istirahat penting
Saya selalu mengandalkan GPS, tapi kadang saya merasa jarang melatih ingatan arah. Apakah itu berpengaruh?;Ya, tergantung pada kebiasaan. Mengandalkan GPS membuat otak Anda kurang dilatih untuk memori spasial. Coba sesekali gunakan peta kertas atau ambil rute baru saat berkendara atau berjalan — itu melatih pemecahan masalah dan memori ruang, serta memberi otak tantangan yang sehat.;GPT;D13_GPT_BrainPower57-67_19.json;andal jarang ingat arah pengaruh andal otak kurang memori spasial sekal peta kertas rute kendara jalan pecah memori ruang beri otak tantang sehat;3;0.5666443104641492;otak - lupa - ingat - ulang - kecil - susah - catat - lama - materi - istirahat;-1_kecil_diri_sendiri_hidup;andal jarang ingat arah pengaruh andal otak kurang memori spasial sekal peta kertas rute kendara jalan pecah memori ruang beri otak tantang sehat
Aku coba catat kapan aku panik, tapi malah takut lihat catatannya. Gimana dong?;Catat panik itu emang bisa bikin cemas awalnya, karena kamu jadi ingat hal-hal yang menakutkan. Tapi, itu justru langkah bagus buat kenali pola panikmu. Coba mulai dengan catat hal kecil, seperti apa yang kamu rasain dan apa yang terjadi setelahnya. Kalau takut, kita bisa lihat catatannya bareng dan cari tahu apa yang bikin cemas. Mau coba buat satu catatan simpel sekarang?;GROK;D12_GROK_ClinicalHandbookPsychologicalDisorders55-65_20.json;catat kapan panik malah takut catat catat panik emang cemas awal ingat takut justru bagus kenal pola panik catat kecil rasain takut catat bareng tahu cemas catat simpel;3;0.5617126779485723;otak - lupa - ingat - ulang - kecil - susah - catat - lama - materi - istirahat;-1_kecil_diri_sendiri_hidup;catat kapan panik malah takut catat catat panik emang cemas awal ingat takut justru bagus kenal pola panik catat kecil rasain takut catat bareng tahu cemas catat simpel
Tips agar tidak lupa jadwal obat nyeri?;Gunakan aplikasi reminder, box pil harian, dan tempel catatan di tempat sering dilihat. Ulangi instruksi dokter dengan kata sendiri sebelum pulang.;GPT;D1_GPT_HealthPsycology209-229_50.json;tips lupa jadwal obat nyeri aplikasi reminder tempel catat tempat ulang instruksi dokter kata sendiri pulang;3;0.5576687942512651;otak - lupa - ingat - ulang - kecil - susah - catat - lama - materi - istirahat;-1_kecil_diri_sendiri_hidup;tips lupa jadwal obat nyeri aplikasi reminder tempel catat tempat ulang instruksi dokter kata sendiri pulang
Saya sering teringat kenangan buruk. Apakah itu normal?;Kamu tidak sendiri, dan wajar banget kalau kenangan buruk muncul sesekali. Carl Gustav Jung bilang tak sadar pribadi kita menyimpan pengalaman yang mungkin kita tekan atau lupakan. Kenangan itu bisa muncul untuk mengingatkan kita ada sesuatu yang perlu diproses. Coba tulis kenangan itu di kertas dan pikirkan: apa pelajaran yang bisa diambil? Atau, ceritakan ke teman dekat untuk meringankan. Kalau mau, coba share apa yang lagi bikin kamu terpikirkan.;GROK;A1_GROK_PsikologiKepribadian61-83_99.json;ingat kenang sendiri kenang muncul sekal pribadi simpan alam tekan lupa kenang muncul ingat perlu proses kenang kertas teman dekat ringan;3;0.5512637749773249;otak - lupa - ingat - ulang - kecil - susah - catat - lama - materi - istirahat;-1_kecil_diri_sendiri_hidup;ingat kenang sendiri kenang muncul sekal pribadi simpan alam tekan lupa kenang muncul ingat perlu proses kenang kertas teman dekat ringan
Seberapa sering saya harus melatih memori agar ada perubahan nyata?;Konsistensi penting. Latihan kecil setiap hari—mengulang nama, menghafal satu baris atau menguji diri setiap pagi—akan membantu memperkuat koneksi saraf yang menyimpan memori.;GPT;D13_GPT_BrainPower35-45_20.json;berapa memori ubah nyata konsistensi penting kecil ulang nama hafal baris diri pagi kuat koneksi saraf simpan memori;3;0.5500694881362168;otak - lupa - ingat - ulang - kecil - susah - catat - lama - materi - istirahat;-1_kecil_diri_sendiri_hidup;berapa memori ubah nyata konsistensi penting kecil ulang nama hafal baris diri pagi kuat koneksi saraf simpan memori
Aku takut lupa kenangan penting dalam hidupku. Apa yang bisa aku lakukan?;Rasa takut itu wajar, karena kenangan penting adalah bagian dari diri kita. Untuk menjaga kenangan, coba tulis cerita atau buat jurnal tentang momen-momen itu. Foto atau benda kecil juga bisa membantu mengingatkan. Ingatan kita memang nggak selalu simpan semua detail, tapi dengan cara ini, kamu bisa menjaga yang paling berarti. Apa ada kenangan khusus yang kamu takut lupa?;GROK;D4_GROK_PengantarPsikologiBimoW156-166_20.json;takut lupa kenang penting hidup laku takut kenang penting diri jaga kenang jurnal momen momen benda kecil ingat ingat simpan detail jaga paling arti kenang khusus takut lupa;3;0.54853158668835;otak - lupa - ingat - ulang - kecil - susah - catat - lama - materi - istirahat;-1_kecil_diri_sendiri_hidup;takut lupa kenang penting hidup laku takut kenang penting diri jaga kenang jurnal momen momen benda kecil ingat ingat simpan detail jaga paling arti kenang khusus takut lupa
Aku takut jika tidak mengecek kunci berulang. Apa langkah awal yang aman?;Latihan menunda satu kali pengecekan selama 5 menit sambil bernapas perlahan. Catat bahwa konsekuensi buruk tidak terjadi, naikkan durasi bertahap.;GPT;D2_GPT_DrAndrewClinicalPsychology44-64_60.json;takut ecek kunci ulang awal tunda kece lama perlahan catat konsekuensi naik durasi tahap;3;0.5451615131508599;otak - lupa - ingat - ulang - kecil - susah - catat - lama - materi - istirahat;-1_kecil_diri_sendiri_hidup;takut ecek kunci ulang awal tunda kece lama perlahan catat konsekuensi naik durasi tahap
Aku pengen jadi yang pertama di bidangku, pokoknya nomor satu!;Ambisi itu keren, tapi fokus ke 'nomor satu' bisa bikin lupa proses. Coba fokus dulu ke apa yang bisa kamu lakukan hari ini untuk jadi lebih baik. Apa langkah pertamamu?;GROK;D9_GROK_EgoIsTheEnemy72-82_20.json;pertama bidang pokok nomor ambisi keren nomor lupa proses laku pertama;3;0.5434138135277659;otak - lupa - ingat - ulang - kecil - susah - catat - lama - materi - istirahat;-1_kecil_diri_sendiri_hidup;pertama bidang pokok nomor ambisi keren nomor lupa proses laku pertama
Aku sering lupa sama hal-hal kecil, seperti di mana aku taruh kunci. Apa ini normal?;Wah, lupa taruh kunci itu memang sering bikin frustrasi, ya. Tenang, ini cukup normal kok. Ingatan kita kadang bekerja dengan cara yang unik, apalagi kalau pikiran sedang sibuk. Berdasarkan apa yang kita tahu, ingatan itu melibatkan proses menerima, menyimpan, dan mengingat kembali informasi. Kalau kamu sering lupa hal kecil, coba catat di tempat yang gampang dilihat, seperti sticky note di pintu. Itu bisa bantu otakmu lebih rileks dan nggak overthinking.;GROK;D3_GROK_PengantarPsikologiAdnan80-88_20.json;lupa kecil taruh kunci lupa taruh kunci frustrasi tenang cukup ingat kerja unik sedang sibuk tahu ingat libat proses terima simpan ingat lupa kecil catat tempat gampang sticky note pintu otak rileks overthinking;3;0.5343187612396774;otak - lupa - ingat - ulang - kecil - susah - catat - lama - materi - istirahat;3_lupa_ingat_ulang_otak;lupa kecil taruh kunci lupa taruh kunci frustrasi tenang cukup ingat kerja unik sedang sibuk tahu ingat libat proses terima simpan ingat lupa kecil catat tempat gampang sticky note pintu otak rileks overthinking
Aku sering nggak sadar sama bunyi jam di rumah, tapi kalau tiba-tiba berhenti, aku langsung notice. Apa yang bikin gitu?;Itu karena otak kita cenderung mengabaikan hal yang monoton, seperti bunyi jam yang terus-menerus. Tapi begitu ada perubahan, seperti jam berhenti, otak langsung 'waspada' karena ada sesuatu yang beda. Ini cara otak kita menjaga kita tetap aware sama lingkungan. Keren, kan, cara kerja otak kita?;GROK;D4_GROK_PengantarPsikologiBimoW123-133_20.json;bunyi henti langsung notice otak cenderung abai monoton bunyi terus terus ubah henti otak langsung waspada otak jaga tetap aware keren kerja otak;3;0.5340009776702321;otak - lupa - ingat - ulang - kecil - susah - catat - lama - materi - istirahat;-1_kecil_diri_sendiri_hidup;bunyi henti langsung notice otak cenderung abai monoton bunyi terus terus ubah henti otak langsung waspada otak jaga tetap aware keren kerja otak
Kenapa ya aku cuma notice hal-hal yang besar atau jelas banget?;Itu karena otak kita dirancang buat lebih gampang nangkap sesuatu yang menonjol, kayak warna cerah atau suara keras. Tapi kalau kamu mau lebih peka sama yang halus, coba latih diri buat perhatikan detail kecil, misalnya aroma kopi atau pola di baju. Awalnya mungkin susah, tapi lama-lama bakal lebih gampang.;GROK;D4_GROK_PengantarPsikologiBimoW112-122_20.json;notice jelas otak rancang gampang nangkap tonjol cerah peka halus diri perhati detail kecil aroma kopi pola baju awal susah lama lama gampang;3;0.5336727940493392;otak - lupa - ingat - ulang - kecil - susah - catat - lama - materi - istirahat;-1_kecil_diri_sendiri_hidup;notice jelas otak rancang gampang nangkap tonjol cerah peka halus diri perhati detail kecil aroma kopi pola baju awal susah lama lama gampang
Aku merasa lebih tenang kalau nulis diary. Apakah itu memang ada manfaatnya buat kesehatan mental?;Ya, menulis jurnal harian sangat bermanfaat. Dengan menulis tangan, otakmu lebih aktif, daya ingat meningkat, dan emosimu bisa tersalurkan. Prosesnya juga bikin refleksi, sehingga kamu bisa lebih memahami perasaanmu sendiri. Bahkan gerakan menulis yang berulang bisa membantu tubuhmu lebih rileks. Jadi lanjutkan aja, itu bisa jadi cara yang sehat untuk merawat dirimu.;GPT;D13_GPT_BrainPower2-12_12.json;tenang nulis diary manfaat sehat mental jurnal manfaat tangan otak daya ingat tingkat emosi salur proses refleksi paham sendiri bahkan gera ulang tubuh rileks lanjut sehat rawat diri;3;0.5292489399872097;otak - lupa - ingat - ulang - kecil - susah - catat - lama - materi - istirahat;-1_kecil_diri_sendiri_hidup;tenang nulis diary manfaat sehat mental jurnal manfaat tangan otak daya ingat tingkat emosi salur proses refleksi paham sendiri bahkan gera ulang tubuh rileks lanjut sehat rawat diri
Kenangan buruk sering muncul di pikiran saya. Apa yang bisa saya lakukan?;Kenangan buruk yang muncul bisa terasa berat, dan kamu tidak sendiri. Carl Gustav Jung bilang tak sadar pribadi menyimpan pengalaman yang kita tekan atau lupakan. Coba tulis kenangan itu di kertas dan pikirkan: apa yang bisa kamu pelajari dari situ? Berbagi dengan teman dekat atau menulis jurnal juga bisa ringankan beban. Apa satu kenangan yang ingin kamu coba proses dengan cara ini?;GROK;A1_GROK_PsikologiKepribadian34-60_47.json;kenang muncul laku kenang muncul berat sendiri pribadi simpan alam tekan lupa kenang kertas situ teman dekat jurnal ringan beban kenang proses;3;0.5279163825575571;otak - lupa - ingat - ulang - kecil - susah - catat - lama - materi - istirahat;-1_kecil_diri_sendiri_hidup;kenang muncul laku kenang muncul berat sendiri pribadi simpan alam tekan lupa kenang kertas situ teman dekat jurnal ringan beban kenang proses
Aku merasa sulit mengingat hal-hal kecil, seperti nama seseorang atau di mana aku taruh kunci. Apa yang bisa aku lakukan?;Wajar kok kalau kadang lupa hal-hal kecil, apalagi kalau pikiran lagi penuh. Ingatan itu seperti lemari penyimpanan, kadang perlu dirapihkan. Coba buat catatan kecil atau gunakan pengingat di ponsel untuk hal-hal penting. Juga, coba latih pikiranmu dengan permainan sederhana seperti teka-teki atau mengingat daftar belanja. Istirahat cukup juga membantu, karena otak yang lelah susah menyimpan informasi.;GROK;D3_GROK_PengantarPsikologiAdnan69-79_20.json;sulit ingat kecil nama taruh kunci laku lupa kecil penuh ingat lemari simpan perlu dirapihkan catat kecil ingat ponsel penting main sederhana teka teki ingat daftar belanja istirahat cukup otak lelah susah simpan;3;0.5237921698611104;otak - lupa - ingat - ulang - kecil - susah - catat - lama - materi - istirahat;3_lupa_ingat_ulang_otak;sulit ingat kecil nama taruh kunci laku lupa kecil penuh ingat lemari simpan perlu dirapihkan catat kecil ingat ponsel penting main sederhana teka teki ingat daftar belanja istirahat cukup otak lelah susah simpan
Aku merasa ingatanku nggak bisa dipercaya lagi. Apa yang salah?;Perasaan itu bisa muncul kalau kamu merasa ingatanmu sering gagal atau berubah. Ingatan manusia memang nggak selalu sempurna, dan itu nggak berarti ada yang salah denganmu. Coba mulai dengan melatih ingatan, seperti mengingat daftar sederhana atau bermain permainan memori. Juga, perhatikan apakah kamu sedang stres atau kurang tidur, karena itu bisa memengaruhi. Kalau masih merasa nggak nyaman, ceritain apa yang bikin kamu merasa ingatanmu nggak bisa dipercaya.;GROK;D4_GROK_PengantarPsikologiBimoW156-166_20.json;ingat percaya salah muncul ingat gagal ubah ingat manusia sempurna arti salah ingat ingat daftar sederhana main main memori perhati sedang stres kurang tidur pengaruh nyaman ingat percaya;3;0.5047409606010347;otak - lupa - ingat - ulang - kecil - susah - catat - lama - materi - istirahat;3_lupa_ingat_ulang_otak;ingat percaya salah muncul ingat gagal ubah ingat manusia sempurna arti salah ingat ingat daftar sederhana main main memori perhati sedang stres kurang tidur pengaruh nyaman ingat percaya
Kenapa ya aku gampang ingat hal yang bikin sedih ketimbang yang bikin senang?;Otak kita memang cenderung lebih nempel sama hal yang punya emosi kuat, termasuk yang bikin sedih, karena itu kayak peringatan buat kita. Tapi ini bisa bikin berat, ya. Coba luangkan waktu untuk catat atau ceritain momen-momen bahagia, biar otakmu juga terbiasa ingat yang menyenangkan. Kamu layak ingat hal-hal yang bikin senyum juga.;GROK;D4_GROK_PengantarPsikologiBimoW145-155_20.json;gampang ingat sedih ketimbang senang otak cenderung nempel emosi kuat masuk sedih ingat berat luang catat momen momen bahagia otak ingat senang layak ingat senyum;3;0.4939440945156355;otak - lupa - ingat - ulang - kecil - susah - catat - lama - materi - istirahat;-1_kecil_diri_sendiri_hidup;gampang ingat sedih ketimbang senang otak cenderung nempel emosi kuat masuk sedih ingat berat luang catat momen momen bahagia otak ingat senang layak ingat senyum
Aku sering lupa hal-hal kecil, seperti di mana aku taruh kunci. Apa yang bisa aku lakukan untuk mengurangi lupa?;Wajar kok kalau kadang lupa hal kecil, apalagi kalau pikiran lagi penuh. Coba biasakan mengulang-ulang informasi penting, misalnya taruh kunci di tempat yang sama setiap hari dan bilang dalam hati, 'Kunci di laci.' Ini membantu otak menyimpan informasi lebih kuat. Juga, kalau kamu sering lupa karena banyak pikiran, coba tulis catatan kecil atau pakai pengingat di ponsel. Sedikit demi sedikit, kebiasaan ini bisa membantu.;GROK;D3_GROK_PengantarPsikologiAdnan89-99_20.json;lupa kecil taruh kunci laku kurang lupa lupa kecil penuh ulang ulang penting taruh kunci tempat hati kunci laci otak simpan kuat lupa catat kecil ingat ponsel;3;0.4923981128040882;otak - lupa - ingat - ulang - kecil - susah - catat - lama - materi - istirahat;3_lupa_ingat_ulang_otak;lupa kecil taruh kunci laku kurang lupa lupa kecil penuh ulang ulang penting taruh kunci tempat hati kunci laci otak simpan kuat lupa catat kecil ingat ponsel
Bagaimana pola napas yang benar?;Tarik lewat hidung 4 hitungan, tahan 2, hembus perlahan 6 hitungan melalui mulut sambil rasakan perut mengempis.;GPT;D1_GPT_HealthPsycology152-167_50.json;pola lewat hidung hitung tahan hembus perlahan hitung mulut perut kempis;3;0.4914459303099311;otak - lupa - ingat - ulang - kecil - susah - catat - lama - materi - istirahat;-1_kecil_diri_sendiri_hidup;pola lewat hidung hitung tahan hembus perlahan hitung mulut perut kempis
Aku susah banget ngingat detail sesuatu, padahal aku merhatiin. Apa aku bermasalah?;Nggak perlu khawatir dulu. Setiap orang punya kemampuan ingatan yang beda. Kadang kita susah ingat detail karena banyak hal lain yang bikin kita teralihkan, seperti stres atau kurang tidur. Coba deh catat hal-hal penting atau ulang informasi itu dalam pikiranmu beberapa kali. Kalau masih susah, mungkin coba ngobrol sama orang terdekat atau profesional untuk cek apakah ada pola yang perlu diperhatikan.;GROK;D4_GROK_PengantarPsikologiBimoW145-155_20.json;susah ngingat detail padahal merhatiin perlu khawatir mampu ingat susah ingat detail stres kurang tidur catat penting ulang beberapa susah dekat profesional pola perlu perhati;3;0.4832330902176673;otak - lupa - ingat - ulang - kecil - susah - catat - lama - materi - istirahat;3_lupa_ingat_ulang_otak;susah ngingat detail padahal merhatiin perlu khawatir mampu ingat susah ingat detail stres kurang tidur catat penting ulang beberapa susah dekat profesional pola perlu perhati
Aku sering lupa sama hal yang nggak penting, tapi kenapa susah lupa sama kenangan buruk?;Otak kita memang cenderung lebih kuat menyimpan kenangan yang punya emosi kuat, apalagi yang buruk, karena itu cara otak melindungi kita dari bahaya. Hal-hal kecil yang nggak penting biasanya cepat lupa karena otak nggak anggap prioritas. Kalau kenangan buruk mengganggu, coba tulis apa yang kamu rasakan atau ceritain ke orang terpercaya. Itu bisa bantu ringanin beban emosionalnya.;GROK;D4_GROK_PengantarPsikologiBimoW167-177_20.json;lupa penting susah lupa kenang otak cenderung kuat simpan kenang emosi kuat otak lindung bahaya kecil penting cepat lupa otak anggap prioritas kenang ganggu percaya ringanin beban emosional;3;0.4817042735220599;otak - lupa - ingat - ulang - kecil - susah - catat - lama - materi - istirahat;-1_kecil_diri_sendiri_hidup;lupa penting susah lupa kenang otak cenderung kuat simpan kenang emosi kuat otak lindung bahaya kecil penting cepat lupa otak anggap prioritas kenang ganggu percaya ringanin beban emosional
Saya merasa sulit berpikir jernih seperti dulu. Apa yang bisa saya lakukan?;Kadang pikiran terasa berkabut, dan itu wajar! Carl Gustav Jung bilang di usia 6-8 tahun, kita mulai berpikir logis karena ego berkembang. Untuk kembali jernih, coba rutinitas sederhana: tulis tiga hal yang harus dilakukan hari ini untuk fokus. Juga, istirahat sejenak dengan napas dalam atau jalan kaki bisa membantu. Apa yang lagi bikin pikiranmu terasa penuh?;GROK;A1_GROK_PsikologiKepribadian61-83_99.json;sulit jernih laku kabut usia tahun logis kembang jernih sederhana laku istirahat jenak jalan kaki penuh;3;0.4788038794994289;otak - lupa - ingat - ulang - kecil - susah - catat - lama - materi - istirahat;-1_kecil_diri_sendiri_hidup;sulit jernih laku kabut usia tahun logis kembang jernih sederhana laku istirahat jenak jalan kaki penuh
Kenapa aku bisa ingat sesuatu dengan jelas, tapi kadang ingatannya berubah?;Itu bisa terjadi karena ingatan kita nggak selalu tersimpan seperti rekaman video. Kadang, detailnya berubah karena emosi, waktu, atau hal lain yang kita alami setelahnya. Misalnya, kamu ingat kejadian seru, tapi beberapa bagiannya terasa berbeda sekarang. Ini wajar, tapi kalau bikin bingung, coba tulis kenangan penting segera setelah kejadian. Apa ada contoh ingatan yang berubah yang ingin kamu ceritain?;GROK;D4_GROK_PengantarPsikologiBimoW156-166_20.json;ingat jelas ingat ubah ingat simpan rekam detail ubah emosi alami ingat seru beberapa kenang penting segera contoh ingat ubah;3;0.4783787344634291;otak - lupa - ingat - ulang - kecil - susah - catat - lama - materi - istirahat;3_lupa_ingat_ulang_otak;ingat jelas ingat ubah ingat simpan rekam detail ubah emosi alami ingat seru beberapa kenang penting segera contoh ingat ubah
Aku kadang nggak ngerti kenapa aku gagal di tes tertentu. Apa yang salah?;Gagal di tes nggak berarti kamu nggak mampu, mungkin tesnya kurang cocok dengan caramu berpikir. Coba lihat lagi jenis tesnya, apakah verbal atau peraga, dan apa kamu merasa nyaman mengerjakannya. Kalau verbal, mungkin perlu latihan lebih dengan kata-kata. Kalau peraga, coba asah keterampilan praktekmu. Minta feedback dari penguji juga bisa bantu kamu tahu apa yang perlu diperbaiki.;GROK;D3_GROK_PengantarPsikologiAdnan69-79_20.json;gagal salah gagal arti mampu kurang cocok jenis verbal nyaman kerja verbal perlu kata kata asah terampil praktek minta feedback tahu perlu;3;0.4738398833567669;otak - lupa - ingat - ulang - kecil - susah - catat - lama - materi - istirahat;-1_kecil_diri_sendiri_hidup;gagal salah gagal arti mampu kurang cocok jenis verbal nyaman kerja verbal perlu kata kata asah terampil praktek minta feedback tahu perlu
Aku sering lupa hal-hal kecil, seperti di mana aku taruh kunci. Apa ini normal?;Wajar kok kalau sesekali lupa hal-hal kecil, apalagi kalau kamu sedang stres atau banyak pikiran. Ingatan kita memang punya batas, dan kadang hal sederhana bisa terlewat. Coba mulai dengan kebiasaan kecil, seperti selalu menaruh kunci di tempat yang sama. Kalau lupa-lupanya terasa sering banget dan mengganggu, mungkin kita bisa coba latihan sederhana untuk melatih ingatan, seperti mencatat atau mengulang informasi penting. Apa kamu merasa ini sering terjadi akhir-akhir ini?;GROK;D4_GROK_PengantarPsikologiBimoW156-166_20.json;lupa kecil taruh kunci sekal lupa kecil sedang stres ingat batas sederhana lewat kecil taruh kunci tempat lupa lupa ganggu sederhana ingat catat ulang penting akhir akhir;3;0.4720154756684022;otak - lupa - ingat - ulang - kecil - susah - catat - lama - materi - istirahat;3_lupa_ingat_ulang_otak;lupa kecil taruh kunci sekal lupa kecil sedang stres ingat batas sederhana lewat kecil taruh kunci tempat lupa lupa ganggu sederhana ingat catat ulang penting akhir akhir
Bernyanyi apakah benar membantu orang dengan masalah memori seperti demensia?;Banyak laporan menunjukkan bernyanyi membantu mengaktifkan memori yang mungkin sulit diakses lewat cara lain. Musik sering terhubung dengan emosi dan ingatan sehingga bisa menjadi jalan untuk mengingat dan menenangkan.;GPT;D13_GPT_BrainPower123-133_27.json;memori demensia lapor tunjuk memori sulit akses lewat musik emosi ingat jalan ingat tenang;3;0.469161518451799;otak - lupa - ingat - ulang - kecil - susah - catat - lama - materi - istirahat;-1_kecil_diri_sendiri_hidup;memori demensia lapor tunjuk memori sulit akses lewat musik emosi ingat jalan ingat tenang
Aku sering tiba-tiba inget sesuatu tanpa sengaja. Itu kenapa ya?;Wah, itu kayak momen déjà vu yang seru, ya! Ingatan kita punya cara kerja yang menarik, kadang informasi yang tersimpan muncul lagi tanpa kita sadari, terutama kalau ada sesuatu yang memicunya, seperti bau atau suara. Itu namanya ingatan implisit, yang muncul otomatis. Nikmati aja momen itu, dan kalau bikin penasaran, coba tulis apa yang kamu ingat biar lebih jelas.;GROK;D3_GROK_PengantarPsikologiAdnan80-88_20.json;inget sengaja momen seru ingat kerja simpan muncul utama picu nama ingat implisit muncul otomatis nikmat momen penasaran ingat jelas;3;0.4667449338321127;otak - lupa - ingat - ulang - kecil - susah - catat - lama - materi - istirahat;3_lupa_ingat_ulang_otak;inget sengaja momen seru ingat kerja simpan muncul utama picu nama ingat implisit muncul otomatis nikmat momen penasaran ingat jelas
Aku suka notice bunyi tertentu, kayak ketokan berulang, tapi bunyi lain biasa aja. Kenapa gitu?;Bunyi yang berulang, seperti ketokan, biasanya lebih menarik karena otak kita suka pola yang berulang tapi nggak monoton. Kalau bunyinya cuma sekali, mungkin kita nggak terlalu perhatikan. Tapi kalau berulang, otak kita mulai penasaran, 'Ini apa sih?' Coba perhatikan, bunyi apa lagi yang biasanya bikin kamu peka?;GROK;D4_GROK_PengantarPsikologiBimoW123-133_20.json;notice bunyi ulang bunyi bunyi ulang otak pola ulang monoton bunyi sekali terlalu perhati ulang otak penasaran perhati bunyi peka;3;0.4588230818616289;otak - lupa - ingat - ulang - kecil - susah - catat - lama - materi - istirahat;-1_kecil_diri_sendiri_hidup;notice bunyi ulang bunyi bunyi ulang otak pola ulang monoton bunyi sekali terlalu perhati ulang otak penasaran perhati bunyi peka
Aku sering lupa nama orang yang baru ketemu, padahal pengen banget inget. Ada tips nggak biar memoriku lebih tajam?;Lupa nama orang itu wajar banget, kayak otak kita main petak umpet! Biar memorimu lebih tajam, coba trik encoding: pas ketemu orang, ulang nama mereka dalam hati atau sambungkan dengan sesuatu yang unik, misalnya, ‘Dina yang pakai jaket merah.’ Saat ngobrol, sebut namanya sekali-dua, ini bantu nyimpan di memori jangka panjang. Juga, visualisasikan wajah mereka sambil bayangin namanya ditulis di dahi mereka—kocak tapi works! Ceritain momen lupa nama yang bikin frustrasi, aku bantu kasih ide!;GROK;A3_GROK_PsikologiKomunikasi35-46_25.json;lupa nama padahal inget tips memori tajam lupa nama otak main petak umpet memori tajam trik encoding ulang nama hati sambung unik dina jaket merah sebut nama sekali nyimpan memori jangka panjang visualisasi wajah bayangin nama dahi kocak works momen lupa nama frustrasi;3;0.4583351339452698;otak - lupa - ingat - ulang - kecil - susah - catat - lama - materi - istirahat;3_lupa_ingat_ulang_otak;lupa nama padahal inget tips memori tajam lupa nama otak main petak umpet memori tajam trik encoding ulang nama hati sambung unik dina jaket merah sebut nama sekali nyimpan memori jangka panjang visualisasi wajah bayangin nama dahi kocak works momen lupa nama frustrasi
Aku suka main teka-teki silang, tapi kok aku tetap merasa mudah lupa ya?;Itu wajar, teka-teki silang memang menyenangkan tapi tidak selalu melatih memori secara nyata. Otak lebih terlatih ketika kita menghadapi masalah di dunia nyata, misalnya menghafal daftar belanja atau mencoba cara baru dalam rutinitas. Jadi tetap boleh main teka-teki, tapi tambahkan aktivitas yang menantang pikiranmu sehari-hari juga.;GPT;D13_GPT_BrainPower24-34_11.json;main teka teki silang tetap mudah lupa teka teki silang senang memori nyata otak hadap nyata hafal daftar belanja tetap main teka teki tambah aktivitas tantang;3;0.4547497512460943;otak - lupa - ingat - ulang - kecil - susah - catat - lama - materi - istirahat;3_lupa_ingat_ulang_otak;main teka teki silang tetap mudah lupa teka teki silang senang memori nyata otak hadap nyata hafal daftar belanja tetap main teka teki tambah aktivitas tantang
Saya sering melamun dan merasa ini satu-satunya cara saya 'istirahat' dari pikiran yang terus berputar. Apakah melamun itu benar-benar membantu?;Melamun bisa menjadi bentuk istirahat mental yang alami — ketika dilakukan dengan aman dan sengaja memberi ruang untuk pikiran berkeliaran tanpa menilai. Coba luangkan waktu sendiri di tempat tenang, pejamkan mata, beri izin pada pikiran untuk 'bermain' tanpa memaksa fokus. Namun, jika melamun menjadi cara menghindari masalah penting (mis. menunda tugas, menghindari perasaan berat), itu perlu ditangani berbeda — bukan dipuji, melainkan dicari penyebabnya dan langkah konkret untuk menghadapi masalah tersebut.;GPT;D13_GPT_BrainPower90-100_10.json;lamun istirahat terus putar lamun lamun bentuk istirahat mental alami laku sengaja beri ruang liar nilai luang sendiri tempat tenang pejam mata beri izin main paksa lamun hindar penting tunda tugas hindar berat perlu tangan bukan puji konkret hadap sebut;3;0.453938208885536;otak - lupa - ingat - ulang - kecil - susah - catat - lama - materi - istirahat;-1_kecil_diri_sendiri_hidup;lamun istirahat terus putar lamun lamun bentuk istirahat mental alami laku sengaja beri ruang liar nilai luang sendiri tempat tenang pejam mata beri izin main paksa lamun hindar penting tunda tugas hindar berat perlu tangan bukan puji konkret hadap sebut
Aku merasa sulit fokus sama satu hal. Apa yang salah?;Fokus memang bisa sulit kalau banyak hal yang bikin pikiranmu terpecah. Coba mulai dengan memberi perhatian penuh pada satu hal kecil, misalnya baca satu paragraf tanpa cek ponsel. Latih ini setiap hari, dan lama-lama otakmu akan lebih mudah konsentrasi. Juga, pastikan kamu cukup tidur dan nggak terlalu stres, karena itu bisa bikin susah fokus.;GROK;D3_GROK_PengantarPsikologiAdnan89-99_20.json;sulit salah sulit pecah beri perhati penuh kecil baca paragraf ponsel lama lama otak mudah konsentrasi cukup tidur terlalu stres susah;3;0.4528846800789939;otak - lupa - ingat - ulang - kecil - susah - catat - lama - materi - istirahat;3_lupa_ingat_ulang_otak;sulit salah sulit pecah beri perhati penuh kecil baca paragraf ponsel lama lama otak mudah konsentrasi cukup tidur terlalu stres susah
Aku sering lupa hal kecil, seperti di mana taruh kunci. Apa itu pertanda buruk?;Tenang, lupa hal kecil seperti taruh kunci itu biasa banget, apalagi kalau kamu lagi sibuk atau stres. Itu bukan pertanda buruk, cuma tanda otakmu lagi penuh. Coba bikin kebiasaan, seperti selalu taruh kunci di tempat yang sama, atau gunakan pengingat di ponsel. Kalau ini sering bikin frustrasi, mungkin coba relaksasi untuk kurangi tekanan.;GROK;D4_GROK_PengantarPsikologiBimoW145-155_20.json;lupa kecil taruh kunci tenang lupa kecil taruh kunci sibuk stres bukan otak penuh taruh kunci tempat ingat ponsel frustrasi relaksasi kurang tekan;3;0.4528760144740479;otak - lupa - ingat - ulang - kecil - susah - catat - lama - materi - istirahat;3_lupa_ingat_ulang_otak;lupa kecil taruh kunci tenang lupa kecil taruh kunci sibuk stres bukan otak penuh taruh kunci tempat ingat ponsel frustrasi relaksasi kurang tekan
Kenapa aku lebih gampang ingat hal buruk daripada yang baik?;Aku mengerti, kadang hal buruk memang terasa lebih nempel di pikiran. Otak kita cenderung lebih peka sama pengalaman yang bikin emosi kuat, seperti kesedihan atau ketakutan, karena itu cara otak melindungi kita. Tapi, kamu bisa latih otakmu untuk lebih memperhatikan hal baik. Coba tiap malam tulis tiga hal positif yang terjadi hari itu. Lama-lama, otakmu akan lebih seimbang dalam mengingat.;GROK;D3_GROK_PengantarPsikologiAdnan80-88_20.json;gampang ingat erti nempel otak cenderung peka alam emosi kuat sedih takut otak lindung otak perhati positif lama lama otak imbang ingat;3;0.4516324328915888;otak - lupa - ingat - ulang - kecil - susah - catat - lama - materi - istirahat;-1_kecil_diri_sendiri_hidup;gampang ingat erti nempel otak cenderung peka alam emosi kuat sedih takut otak lindung otak perhati positif lama lama otak imbang ingat
Orang tua saya menyuruh saya belajar catur untuk meningkatkan IQ. Apakah bermain catur benar-benar membantu?;Dalam dokumen disebutkan bermain catur dapat meningkatkan keterampilan berpikir, konsentrasi, dan kemampuan pengenalan pola—khususnya jika dimainkan beberapa jam seminggu selama beberapa bulan. Untuk beberapa orang, bermain catur juga bisa jadi aktivitas sosial dan menantang yang menyenangkan. Namun, manfaat muncul dengan latihan konsisten, bukan janji instan.;GPT;D13_GPT_BrainPower79-89_30.json;suruh catur tingkat main catur dokumen sebut main catur tingkat terampil konsentrasi mampu kenal pola khusus main beberapa minggu lama beberapa bulan beberapa main catur aktivitas sosial tantang senang manfaat muncul konsisten bukan janji instan;3;0.4497429961040741;otak - lupa - ingat - ulang - kecil - susah - catat - lama - materi - istirahat;-1_kecil_diri_sendiri_hidup;suruh catur tingkat main catur dokumen sebut main catur tingkat terampil konsentrasi mampu kenal pola khusus main beberapa minggu lama beberapa bulan beberapa main catur aktivitas sosial tantang senang manfaat muncul konsisten bukan janji instan
Aku merasa ingatanku nggak setajam dulu. Apa ini pertanda buruk?;Perasaan itu bisa muncul karena banyak hal, seperti kurang tidur, stres, atau bahkan usia yang memengaruhi cara otak menyimpan informasi. Nggak selalu pertanda buruk, tapi kalau kamu khawatir, coba perhatikan pola hidupmu. Apakah kamu cukup istirahat atau ada hal yang bikin pikiranmu penuh? Latihan kecil seperti mengingat daftar belanjaan atau bermain teka-teki bisa membantu menjaga ingatan tetap aktif. Kalau masih merasa nggak nyaman, mungkin ceritain lebih detail apa yang kamu rasakan, aku bantu dengar.;GROK;D4_GROK_PengantarPsikologiBimoW156-166_20.json;ingat tajam muncul kurang tidur stres bahkan usia pengaruh otak simpan khawatir perhati pola hidup cukup istirahat penuh kecil ingat daftar belanja main teka teki jaga ingat tetap nyaman detail dengar;3;0.4492248156347929;otak - lupa - ingat - ulang - kecil - susah - catat - lama - materi - istirahat;3_lupa_ingat_ulang_otak;ingat tajam muncul kurang tidur stres bahkan usia pengaruh otak simpan khawatir perhati pola hidup cukup istirahat penuh kecil ingat daftar belanja main teka teki jaga ingat tetap nyaman detail dengar
Aku suka lupa hal-hal kecil, dan pasanganku bilang aku sengaja bohong. Aku harus gimana?;Pasti frustrasi kalau merasa disalahpahami gitu. Lupa hal kecil bisa terjadi karena banyak hal, seperti stres atau kelelahan, dan nggak berarti kamu bohong. Coba ajak pasanganmu ngobrol dengan tenang, misalnya, 'Aku nggak sengaja lupa, mungkin aku lagi kewalahan.’ Kalau ini sering terjadi, mungkin kita bisa coba cara buat bantu kamu mengingat, seperti catatan atau pengingat di ponsel.;GROK;D12_GROK_ClinicalHandbookPsychologicalDisorders517-527_20.json;lupa kecil pasang sengaja bohong frustrasi disalahpahami lupa kecil stres lelah arti bohong pasang tenang sengaja lupa kewalahan ingat catat ingat ponsel;3;0.4479935564579754;otak - lupa - ingat - ulang - kecil - susah - catat - lama - materi - istirahat;3_lupa_ingat_ulang_otak;lupa kecil pasang sengaja bohong frustrasi disalahpahami lupa kecil stres lelah arti bohong pasang tenang sengaja lupa kewalahan ingat catat ingat ponsel
Aku susah makan teratur karena sibuk, apa dampaknya serius?;Iya, makan nggak teratur bisa bikin tubuh lemas dan susah fokus. Coba siapkan makanan sederhana atau camilan sehat yang gampang dibawa. Dengarkan tubuhmu, makan secukupnya biar energimu stabil.;GROK;D10_GROK_HidupDamaiTanpaBerpikirBerlebihan107-118_20.json;susah makan atur sibuk dampak serius makan atur tubuh lemas susah siap makan sederhana sehat gampang bawa dengar tubuh makan cukup energi stabil;3;0.4455105983051006;otak - lupa - ingat - ulang - kecil - susah - catat - lama - materi - istirahat;-1_kecil_diri_sendiri_hidup;susah makan atur sibuk dampak serius makan atur tubuh lemas susah siap makan sederhana sehat gampang bawa dengar tubuh makan cukup energi stabil
Aku coba catat apa yang aku makan, tapi kok ngerasa malu sama apa yang aku tulis. Normalkah ini?;Perasaan malu waktu nyatet makanan itu wajar, apalagi kalau kamu lagi berusaha paham pola makanmu. Catatan itu cuma alat buat bantu kita lihat polanya, bukan buat nilai dirimu. Mungkin kita bisa coba fokus ke apa yang kamu pelajari dari catatan itu, bukan ke rasa malunya. Mau ceritain apa yang bikin kamu malu sama catatanmu?;GROK;D12_GROK_ClinicalHandbookPsychologicalDisorders737-747_20.json;catat makan ngerasa malu malu nyatet makan usaha paham pola makan catat alat pola bukan nilai diri catat bukan malu malu catat;3;0.443462141891793;otak - lupa - ingat - ulang - kecil - susah - catat - lama - materi - istirahat;-1_kecil_diri_sendiri_hidup;catat makan ngerasa malu malu nyatet makan usaha paham pola makan catat alat pola bukan nilai diri catat bukan malu malu catat
Aku suka lupa sama hal-hal kecil, kayak di mana taruh kunci. Apa ini normal, atau aku harus khawatir?;Lupa hal kecil kayak taruh kunci itu biasa banget, apalagi kalau kamu lagi sibuk atau stres. Nggak perlu khawatir dulu, coba bikin kebiasaan sederhana, seperti selalu taruh kunci di tempat yang sama. Kalau sering banget lupa dan bikin bingung, coba catat kapan kamu lupa—mungkin ada pola, seperti kurang tidur. Apa yang lagi bikin kamu ngerasa pelupa? Ceritain, biar kita lihat apa yang bisa dibantu.;GROK;D4_GROK_PengantarPsikologiBimoW68-78_20.json;lupa kecil taruh kunci khawatir lupa kecil taruh kunci sibuk stres perlu khawatir sederhana taruh kunci tempat lupa catat kapan lupa pola kurang tidur ngerasa lupa;3;0.4370187499484631;otak - lupa - ingat - ulang - kecil - susah - catat - lama - materi - istirahat;3_lupa_ingat_ulang_otak;lupa kecil taruh kunci khawatir lupa kecil taruh kunci sibuk stres perlu khawatir sederhana taruh kunci tempat lupa catat kapan lupa pola kurang tidur ngerasa lupa
Saya sering lupa minum obat asma, bikin cemas. Mengapa kepatuhan sulit, dan apa yang bisa saya lakukan?;Saya tahu lupa obat bikin cemas, tapi kamu hebat karena ingin perbaiki! Kepatuhan sulit karena rutinitas atau kurang paham pentingnya obat, yang ganggu kesehatan mental kalau asma kambuh. Coba edukasi diri dengan baca info asma. Taruh obat di tempat kelihatan, seperti dekat sikat gigi, dan set alarm pengingat. Tulis tiga alasan minum obat, seperti ‘Aku ingin napas lega.’ Bilang, ‘Aku bisa patuh!’ Cari aplikasi pengingat obat online. Apa yang bikin lupa, dan langkah apa yang bisa kamu coba?;GROK;D1_GROK_HealthPsycology230-249_50.json;lupa obat asma cemas patuh sulit laku tahu lupa obat cemas patuh sulit kurang paham penting obat ganggu sehat mental asma kambuh edukasi diri baca info asma taruh obat tempat dekat sikat gigi alarm ingat alas obat lega patuh aplikasi ingat obat lupa;3;0.421388477624616;otak - lupa - ingat - ulang - kecil - susah - catat - lama - materi - istirahat;-1_kecil_diri_sendiri_hidup;lupa obat asma cemas patuh sulit laku tahu lupa obat cemas patuh sulit kurang paham penting obat ganggu sehat mental asma kambuh edukasi diri baca info asma taruh obat tempat dekat sikat gigi alarm ingat alas obat lega patuh aplikasi ingat obat lupa
Kenapa ya aku lebih gampang dengar suara keras ketimbang yang pelan?;Itu karena suara keras lebih gampang nyedot perhatian otak kita. Kalau mau lebih peka sama suara pelan, coba dengar sesuatu yang lembut, kayak suara daun atau air mengalir, di tempat yang tenang. Lama-lama, kamu bakal lebih gampang nangkap suara-suara kecil.;GROK;D4_GROK_PengantarPsikologiBimoW112-122_20.json;gampang dengar ketimbang pelan gampang nyedot perhati otak peka pelan dengar lembut daun alir tempat tenang lama lama gampang nangkap kecil;3;0.4172531964541248;otak - lupa - ingat - ulang - kecil - susah - catat - lama - materi - istirahat;-1_kecil_diri_sendiri_hidup;gampang dengar ketimbang pelan gampang nyedot perhati otak peka pelan dengar lembut daun alir tempat tenang lama lama gampang nangkap kecil
Aku pengen belajar lebih baik, tapi nggak tahu mulai dari mana, saran dong?;Keren banget kamu mau belajar lebih baik! Mulai dari bikin tujuan kecil, misalnya belajar satu topik per hari. Buat jadwal yang realistis, dan coba metode yang seru, seperti bikin mind map atau ajak temen belajar bareng. Langkah kecil bakal bawa kamu jauh.;GROK;D3_GROK_PengantarPsikologiAdnan100-110_20.json;tahu saran keren tuju kecil topik jadwal realistis metode seru mind temen bareng kecil bawa jauh;3;0.4172034072001201;otak - lupa - ingat - ulang - kecil - susah - catat - lama - materi - istirahat;-1_kecil_diri_sendiri_hidup;tahu saran keren tuju kecil topik jadwal realistis metode seru mind temen bareng kecil bawa jauh
Aku pengen lebih mindful, tapi nggak tahu mulai dari mana. Ada saran?;Keren banget kamu mau coba mindfulness! Mulai dari hal sederhana aja, seperti ambil waktu 1-2 menit buat fokus ke napasmu—perhatikan udara yang masuk dan keluar tanpa menilai apa pun. Atau, coba perhatikan apa yang kamu lihat, dengar, atau sentuh di sekitarmu tanpa mikir terlalu jauh. Lakukan ini tiap hari, dan lama-lama kamu akan lebih mudah fokus ke saat ini. Kalau mau lebih dalam, ada buku atau aplikasi mindfulness yang bisa bantu.;GROK;D12_GROK_ClinicalHandbookPsychologicalDisorders473-483_20.json;mindful tahu saran keren mindfulness sederhana perhati udara masuk keluar nilai perhati dengar sentuh mikir terlalu jauh laku lama lama mudah buku aplikasi mindfulness;3;0.4156084774885739;otak - lupa - ingat - ulang - kecil - susah - catat - lama - materi - istirahat;-1_kecil_diri_sendiri_hidup;mindful tahu saran keren mindfulness sederhana perhati udara masuk keluar nilai perhati dengar sentuh mikir terlalu jauh laku lama lama mudah buku aplikasi mindfulness
Aku pengen lebih cepet nangkep pelajaran, ada tips nggak?;Pasti bisa ditingkatkan, kok. Coba pecah materi jadi bagian kecil supaya nggak overwheliming. Latihan rutin juga membantu, misalnya bikin ringkasan atau ajak temen diskusi. Yang penting, jangan terlalu keras sama diri sendiri, ya, belajar itu proses.;GROK;D3_GROK_PengantarPsikologiAdnan100-110_20.json;cepet nangkep tips tingkat pecah materi kecil overwheliming rutin ringkas temen diskusi penting jangan terlalu diri sendiri proses;3;0.4139014612713657;otak - lupa - ingat - ulang - kecil - susah - catat - lama - materi - istirahat;3_lupa_ingat_ulang_otak;cepet nangkep tips tingkat pecah materi kecil overwheliming rutin ringkas temen diskusi penting jangan terlalu diri sendiri proses
Aku sering lupa sama janji kecil. Gimana caranya biar lebih ingat?;Lupa janji kecil itu wajar, apalagi kalau hidup lagi sibuk. Coba pakai pengingat, seperti catatan di ponsel atau sticky note di tempat yang sering kamu lihat. Juga, coba ulang janji itu dalam hati, misalnya, 'Besok jam 3 ketemu Ani.' Kebiasaan ini bisa bikin otak lebih siap mengingat.;GROK;D3_GROK_PengantarPsikologiAdnan89-99_20.json;lupa janji kecil ingat lupa janji kecil hidup sibuk ingat catat ponsel sticky note tempat ulang janji hati otak siap ingat;3;0.413584632496419;otak - lupa - ingat - ulang - kecil - susah - catat - lama - materi - istirahat;3_lupa_ingat_ulang_otak;lupa janji kecil ingat lupa janji kecil hidup sibuk ingat catat ponsel sticky note tempat ulang janji hati otak siap ingat
Aku merasa lelet banget akhir-akhir ini, apa yang bisa aku lakukan biar lebih berenergi?;Aku paham, kadang kita merasa nggak bertenaga, ya. Abraham Maslow bilang bahwa tubuh kita butuh kebutuhan dasar seperti makanan sehat, air, dan istirahat yang cukup untuk berfungsi baik. Coba cek, apa kamu cukup makan bergizi atau tidur? Mulai dengan minum air lebih banyak atau tidur lebih awal, itu bisa bikin beda.;GROK;A1_GROK_PsikologiKepribadian147-173_52.json;lelet akhir akhir laku energi paham tenaga tubuh butuh butuh makan sehat istirahat cukup fungsi cukup makan gizi tidur tidur awal;3;0.4094340064116962;otak - lupa - ingat - ulang - kecil - susah - catat - lama - materi - istirahat;-1_kecil_diri_sendiri_hidup;lelet akhir akhir laku energi paham tenaga tubuh butuh butuh makan sehat istirahat cukup fungsi cukup makan gizi tidur tidur awal
Aku merasa ingatanku buruk setelah aku sakit. Apa hubungannya?;Sakit, terutama yang berat, bisa memengaruhi ingatan karena tubuh dan otak kita sedang fokus pulih. Kalau kamu merasa ingatanmu nggak sama setelah sakit, itu bisa wajar, tapi perlu diperhatikan. Coba beri waktu tubuhmu untuk sembuh, makan makanan bergizi, dan istirahat cukup. Kalau ini berlangsung lama, mungkin ceritain ke dokter atau seseorang yang kamu percaya. Apa kamu merasa ini sering mengganggu?;GROK;D4_GROK_PengantarPsikologiBimoW156-166_20.json;ingat sakit sakit utama berat pengaruh ingat tubuh otak sedang pulih ingat sakit perlu perhati beri tubuh sembuh makan makan gizi istirahat cukup langsung lama dokter percaya ganggu;3;0.4083790615783185;otak - lupa - ingat - ulang - kecil - susah - catat - lama - materi - istirahat;-1_kecil_diri_sendiri_hidup;ingat sakit sakit utama berat pengaruh ingat tubuh otak sedang pulih ingat sakit perlu perhati beri tubuh sembuh makan makan gizi istirahat cukup langsung lama dokter percaya ganggu
Aku merasa ingatanku nggak sekuat dulu. Apa ada cara untuk memperbaikinya?;Merasa ingatan melemah itu wajar kok, terutama kalau kamu lagi stres atau capek. Ingatan itu kayak otot, bisa dilatih biar lebih kuat. Coba mulai dengan hal sederhana, seperti main teka-teki atau rutin mencatat hal-hal penting. Juga, pastikan kamu cukup istirahat, karena otak butuh waktu untuk menyimpan informasi dengan baik. Sabun perlahan, ya, nggak perlu buru-buru.;GROK;D3_GROK_PengantarPsikologiAdnan80-88_20.json;ingat kuat ingat lemah utama stres capek ingat kuat sederhana main teka teki rutin catat penting cukup istirahat otak butuh simpan sabun perlahan perlu buru buru;3;0.4081878448250399;otak - lupa - ingat - ulang - kecil - susah - catat - lama - materi - istirahat;3_lupa_ingat_ulang_otak;ingat kuat ingat lemah utama stres capek ingat kuat sederhana main teka teki rutin catat penting cukup istirahat otak butuh simpan sabun perlahan perlu buru buru
Aku merasa nggak punya energi untuk menjalani hari. Apa yang bisa aku coba?;Merasa kehabisan energi bisa terasa berat. Coba cek dulu kebutuhan dasarmu, seperti cukup tidur atau makan teratur. Aktivitas kecil seperti jalan kaki atau minum air cukup juga bisa membantu. Kalau ini berlangsung lama, ngobrol dengan seseorang bisa membantu menemukan penyebabnya. Apa satu hal yang biasanya bikin kamu sedikit lebih berenergi?;GROK;D3_GROK_PengantarPsikologiAdnan25-35_20.json;energi jalan habis energi berat butuh cukup tidur makan atur aktivitas kecil jalan kaki cukup langsung lama energi;3;0.4031519623265011;otak - lupa - ingat - ulang - kecil - susah - catat - lama - materi - istirahat;-1_kecil_diri_sendiri_hidup;energi jalan habis energi berat butuh cukup tidur makan atur aktivitas kecil jalan kaki cukup langsung lama energi
Aku pernah lupa sesuatu yang penting banget, dan itu bikin aku takut. Kenapa ini terjadi?;Lupa sesuatu yang penting memang bisa bikin panik, dan itu wajar. Kadang, otak kita nggak menyimpan informasi dengan baik kalau kita sedang stres, cemas, atau terlalu banyak hal yang dipikirkan. Ini bukan berarti ada yang salah denganmu, tapi mungkin sinyal untuk lebih memperhatikan diri sendiri. Coba mulai dengan menulis hal-hal penting di buku catatan atau ponsel. Kalau kejadian ini sering bikin takut, mungkin kita bisa coba cari tahu apa yang lagi bikin kamu tertekan. Mau cerita lebih lanjut?;GROK;D4_GROK_PengantarPsikologiBimoW156-166_20.json;lupa penting takut lupa penting panik otak simpan sedang stres cemas terlalu bukan arti salah perhati diri sendiri penting buku catat ponsel takut tahu tekan lanjut;3;0.4026981866147716;otak - lupa - ingat - ulang - kecil - susah - catat - lama - materi - istirahat;3_lupa_ingat_ulang_otak;lupa penting takut lupa penting panik otak simpan sedang stres cemas terlalu bukan arti salah perhati diri sendiri penting buku catat ponsel takut tahu tekan lanjut
Aku notice aku susah konsen kalau lagi laper atau capek. Kenapa ya, dan apa yang bisa aku lakukan?;Laper atau capek memang bisa bikin otak kita kayak mobil kehabisan bensin! Secara psikologi, kebutuhan biologis seperti lapar atau lelah bikin otak lebih fokus ke sinyal tubuh daripada tugas lain. Solusinya, coba jaga ‘bahan bakar’ tubuhmu: makan camilan sehat seperti kacang atau buah sebelum kerja, dan istirahat 10 menit kalau capek. Juga, minum air putih biar otak segar. Ceritain kebiasaanmu pas lagi susah konsen, biar aku kasih saran yang lebih ngepas!;GROK;A3_GROK_PsikologiKomunikasi35-46_25.json;notice susah konsen laper capek laku laper capek otak mobil habis bensin psikologi butuh biologis lapar lelah otak tubuh tugas solusi jaga bahan bakar tubuh makan sehat kacang kerja istirahat capek putih otak segar susah konsen saran ngepas;3;0.3964319972997767;otak - lupa - ingat - ulang - kecil - susah - catat - lama - materi - istirahat;-1_kecil_diri_sendiri_hidup;notice susah konsen laper capek laku laper capek otak mobil habis bensin psikologi butuh biologis lapar lelah otak tubuh tugas solusi jaga bahan bakar tubuh makan sehat kacang kerja istirahat capek putih otak segar susah konsen saran ngepas
Saya nggak tahu kenapa saya makan berlebihan, dan itu bikin cemas. Bagaimana pemantauan diri bisa membantu, dan apa yang bisa saya lakukan?;Saya tahu kecemasan itu bisa terasa menekan, tapi kamu hebat karena ingin paham! Pemantauan diri adalah seperti jadi detektif pola makanmu—catat apa, kapan, dan kenapa kamu makan, misalnya karena stres atau bosan. Ini bantu kesehatan mental karena kamu lihat pola dan bisa ubah. Coba buku catatan kecil, tulis 3 hari apa yang kamu makan dan emosimu. Ganti satu pemicu, seperti jalan kaki saat bosan. Apa yang bikin makan berlebihan, dan kapan kamu bisa mulai mencatat?;GROK;D1_GROK_HealthPsycology96-113_30.json;tahu makan cemas pantau diri laku tahu cemas tekan paham pantau diri detektif pola makan catat kapan makan stres bosan sehat mental pola ubah buku catat kecil makan emosi picu jalan kaki bosan makan kapan catat;3;0.3947376653939342;otak - lupa - ingat - ulang - kecil - susah - catat - lama - materi - istirahat;-1_kecil_diri_sendiri_hidup;tahu makan cemas pantau diri laku tahu cemas tekan paham pantau diri detektif pola makan catat kapan makan stres bosan sehat mental pola ubah buku catat kecil makan emosi picu jalan kaki bosan makan kapan catat
Aku pengen ingatan yang lebih tajam. Apa yang bisa aku coba?;Ingatan yang tajam itu memang bikin hidup lebih mudah, ya. Kamu bisa latih otakmu dengan main puzzle, baca buku, atau coba teknik mengingat seperti mengaitkan informasi dengan gambar lucu. Juga, pastikan kamu cukup tidur, karena saat tidur otak menyimpan informasi lebih baik. Pelan-pelan, kamu akan lihat perubahan.;GROK;D3_GROK_PengantarPsikologiAdnan80-88_20.json;ingat tajam ingat tajam hidup mudah otak main puzzle baca buku teknik ingat kait lucu cukup tidur tidur otak simpan pelan pelan ubah;3;0.3946469330258148;otak - lupa - ingat - ulang - kecil - susah - catat - lama - materi - istirahat;3_lupa_ingat_ulang_otak;ingat tajam ingat tajam hidup mudah otak main puzzle baca buku teknik ingat kait lucu cukup tidur tidur otak simpan pelan pelan ubah
Aku merasa bersalah karena minum, tapi nggak bisa berhenti. Aku harus mulai dari mana?;Rasa bersalah itu menunjukkan kamu peduli sama diri sendiri, dan itu udah langkah awal yang bagus. Berhenti itu nggak gampang, tapi kamu bisa mulai dengan langkah kecil, seperti mencatat kapan dan kenapa kamu minum, biar kita tahu polanya. Dari situ, kita bisa bikin rencana bareng. Apa kamu mau coba catat selama beberapa hari dan kita bahas lagi?;GROK;D12_GROK_ClinicalHandbookPsychologicalDisorders594-604_20.json;salah henti salah tunjuk peduli diri sendiri udah awal bagus henti gampang kecil catat kapan tahu pola situ rencana bareng catat lama beberapa bahas;3;0.3944211963960235;otak - lupa - ingat - ulang - kecil - susah - catat - lama - materi - istirahat;-1_kecil_diri_sendiri_hidup;salah henti salah tunjuk peduli diri sendiri udah awal bagus henti gampang kecil catat kapan tahu pola situ rencana bareng catat lama beberapa bahas
Aku coba makan teratur, tapi kok masih suka binge eating. Aku gagal nggak sih?;Kamu nggak gagal sama sekali! Makan teratur itu langkah besar, dan kalau masih ada binge eating, itu cuma tanda kita perlu cek lagi apa pemicunya. Mungkin ada stres, emosi, atau kebiasaan tertentu. Coba kita catat kapan binge eating terjadi, biar kita cari polanya bareng. Apa kamu mau ceritain kapan terakhir kali itu terjadi?;GROK;D12_GROK_ClinicalHandbookPsychologicalDisorders737-747_20.json;makan atur binge eating gagal gagal sekali makan atur binge eating perlu picu stres emosi catat kapan binge eating pola bareng kapan akhir;3;0.3934641337825709;otak - lupa - ingat - ulang - kecil - susah - catat - lama - materi - istirahat;-1_kecil_diri_sendiri_hidup;makan atur binge eating gagal gagal sekali makan atur binge eating perlu picu stres emosi catat kapan binge eating pola bareng kapan akhir
Aku susah banget makan teratur, kadang lupa makan, kadang makan kebanyakan. Gimana caranya biar bisa lebih teratur?;Wah, aku ngerti banget kalau pola makan kadang susah diatur. Coba kita mulai dari langkah kecil, misalnya buat jadwal makan sederhana dengan 3 kali makan dan 1-2 camilan sehari. Rencanain dulu kapan dan apa yang mau dimakan, biar nggak lupa. Kalau lupa makan atau makan kebanyakan, kita bisa cek apa pemicunya, mungkin stres atau kesibukan? Apa kamu punya waktu buat kita bikin rencana bareng?;GROK;D12_GROK_ClinicalHandbookPsychologicalDisorders737-747_20.json;susah makan atur lupa makan makan atur pola makan susah atur kecil jadwal makan sederhana makan rencanain kapan makan lupa lupa makan makan picu stres sibuk rencana bareng;3;0.3860521917561927;otak - lupa - ingat - ulang - kecil - susah - catat - lama - materi - istirahat;-1_kecil_diri_sendiri_hidup;susah makan atur lupa makan makan atur pola makan susah atur kecil jadwal makan sederhana makan rencanain kapan makan lupa lupa makan makan picu stres sibuk rencana bareng
Aku suka lupa kata-kata pas ngobrol. Ini normal nggak?;Haha, lupa kata-kata pas ngobrol itu sering banget terjadi, kok. Itu bisa jadi karena otak kita lagi kerja keras nyari informasi yang tepat, apalagi kalau nervous. Coba tarik napas pelan dan kasih otakmu waktu sebentar. Kalau sering banget, mungkin latihan ngobrol santai sama temen bisa bantu otak lebih lincah.;GROK;D3_GROK_PengantarPsikologiAdnan80-88_20.json;lupa kata kata haha lupa kata kata otak kerja nyari tepat nervous pelan otak sebentar santai temen otak lincah;3;0.3816036015531202;otak - lupa - ingat - ulang - kecil - susah - catat - lama - materi - istirahat;3_lupa_ingat_ulang_otak;lupa kata kata haha lupa kata kata otak kerja nyari tepat nervous pelan otak sebentar santai temen otak lincah
Saya sungkan bertanya detail rencana pengobatan. Apa yang harus saya lakukan?;Catat pertanyaan di kertas lalu bawa saat kontrol. Ingat, tidak ada pertanyaan bodoh—semakin jelas informasimu, semakin terarah pula keputusan perawatanmu.;GPT;D1_GPT_HealthPsycology250-268_50.json;sungkan detail rencana obat laku catat kertas bawa kontrol ingat bodoh makin jelas makin arah putus awat;3;0.3711621383652831;otak - lupa - ingat - ulang - kecil - susah - catat - lama - materi - istirahat;3_lupa_ingat_ulang_otak;sungkan detail rencana obat laku catat kertas bawa kontrol ingat bodoh makin jelas makin arah putus awat
Aku pengen bisa belajar lebih cepat. Gimana caranya?;Pengen belajar lebih cepat itu semangat yang keren! Setiap orang punya kecepatan belajar yang beda, tapi kamu bisa coba trik sederhana, seperti bikin ringkasan dengan kata-katamu sendiri atau ajak temen diskusi materi. Itu bikin otakmu lebih aktif menyimpan informasi. Jangan lupa istirahat, ya, biar otak nggak kelelahan.;GROK;D3_GROK_PengantarPsikologiAdnan80-88_20.json;cepat cepat semangat keren cepat trik sederhana ringkas kata kata sendiri temen diskusi materi otak simpan jangan lupa istirahat otak lelah;3;0.3672168715606039;otak - lupa - ingat - ulang - kecil - susah - catat - lama - materi - istirahat;3_lupa_ingat_ulang_otak;cepat cepat semangat keren cepat trik sederhana ringkas kata kata sendiri temen diskusi materi otak simpan jangan lupa istirahat otak lelah
Aku sering blank pas ngerjain soal ujian. Gimana biar tenang dan ingat materi?;Blank pas ujian itu wajar, biasanya karena panik atau capek. Biar tenang, coba tarik napas dalam-dalam, lalu fokus ke satu soal dulu. Sebelum ujian, pastikan kamu ulang materi secara rutin, bikin ringkasan, atau coba simulasi ujian. Tidur cukup juga penting, karena kurang tidur bikin otak susah ngingat. Kalau masih sering blank, mungkin coba latihan meditasi ringan biar lebih rileks pas tegang.;GROK;D4_GROK_PengantarPsikologiBimoW167-177_20.json;blank ngerjain tenang ingat materi blank panik capek tenang ulang materi rutin ringkas simulasi tidur cukup penting kurang tidur otak susah ngingat blank meditasi ringan rileks tegang;3;0.3658885090718585;otak - lupa - ingat - ulang - kecil - susah - catat - lama - materi - istirahat;3_lupa_ingat_ulang_otak;blank ngerjain tenang ingat materi blank panik capek tenang ulang materi rutin ringkas simulasi tidur cukup penting kurang tidur otak susah ngingat blank meditasi ringan rileks tegang
Kadang aku merasa hidupku nggak berarti karena aku cuma melakukan pekerjaan rutin yang biasa-biasa aja. Gimana caranya aku bisa merasa lebih berharga?;Wah, aku ngerti banget perasaan itu. Tapi tahu nggak, nilai dirimu nggak ditentukan dari seberapa 'besar' pekerjaanmu. Setiap hal kecil yang kamu lakukan, seperti merapikan buku di perpustakaan, itu membantu orang lain, lho. Coba kita lihat dari sisi ini: apa ada momen kecil di kerjaanmu yang bikin kamu merasa membantu seseorang? Mungkin dari situ kamu bisa mulai melihat nilai dirimu.;GROK;D6_GROK_BeraniTidakDisukaiW251-261_15.json;hidup arti laku kerja rutin harga tahu nilai diri berapa kerja kecil laku rapi buku pustaka sisi momen kecil kerja situ nilai diri;3;0.3630359758250573;otak - lupa - ingat - ulang - kecil - susah - catat - lama - materi - istirahat;-1_kecil_diri_sendiri_hidup;hidup arti laku kerja rutin harga tahu nilai diri berapa kerja kecil laku rapi buku pustaka sisi momen kecil kerja situ nilai diri
Aku pengen banget punya kebiasaan baru, misalnya bangun pagi lebih rajin. Tapi susah banget! Gimana caranya supaya bisa konsisten?;Membentuk kebiasaan baru memang nggak gampang, tapi pasti bisa! Salah satu caranya adalah dengan membiasakan diri sedikit demi sedikit. Misalnya, kalau mau bangun pagi, coba set alarm 10 menit lebih awal dari biasanya, lalu tingkatkan pelan-pelan. Yang penting, jangan terlalu keras sama diri sendiri kalau kadang gagal. Coba juga kasih reward kecil, seperti ngopi enak setelah bangun pagi, biar kamu makin semangat. Apa sih yang bikin kamu pengen bangun pagi? Mungkin kita bisa mulai dari tujuan itu.;GROK;D4_GROK_PengantarPsikologiBimoW24-34_20.json;pagi rajin susah konsisten bentuk gampang salah diri pagi alarm awal tingkat pelan pelan penting jangan terlalu diri sendiri gagal reward kecil ngopi enak pagi makin semangat pagi tuju;3;0.3596850758326516;otak - lupa - ingat - ulang - kecil - susah - catat - lama - materi - istirahat;-1_kecil_diri_sendiri_hidup;pagi rajin susah konsisten bentuk gampang salah diri pagi alarm awal tingkat pelan pelan penting jangan terlalu diri sendiri gagal reward kecil ngopi enak pagi makin semangat pagi tuju
Aku kadang salah mengenali orang atau benda. Apa artinya ini?;Itu bisa terjadi, dan nggak selalu berarti ada masalah besar. Kadang otak kita bikin kesalahan kecil, seperti mengira orang baru adalah seseorang yang kita kenal, karena informasi di ingatan kita bercampur. Kalau ini cuma sesekali, nggak perlu khawatir. Tapi kalau sering banget dan bikin bingung, mungkin coba perhatikan apakah kamu sedang lelah atau stres. Ceritain dong, kejadian kayak gini sering nggak?;GROK;D4_GROK_PengantarPsikologiBimoW156-166_20.json;salah nali benda arti arti otak salah kecil kenal ingat campur sekal perlu khawatir perhati sedang lelah stres;3;0.3586877204658333;otak - lupa - ingat - ulang - kecil - susah - catat - lama - materi - istirahat;3_lupa_ingat_ulang_otak;salah nali benda arti arti otak salah kecil kenal ingat campur sekal perlu khawatir perhati sedang lelah stres
Aku merasa sulit untuk belajar hal baru, seperti otakku nggak bisa menyerap informasi. Apa yang bisa aku lakukan?;Wah, rasanya pasti bikin frustrasi ya kalau merasa informasi nggak 'nyantol'. Coba kita mulai dari langkah kecil, seperti memastikan kamu dalam kondisi siap untuk belajar—misalnya, cukup istirahat dan nggak terlalu stres. Latihan rutin juga bisa membantu otakmu lebih mudah menyerap informasi. Misalnya, coba ulang materi pelan-pelan dengan cara yang seru, seperti bikin catatan warna-warni atau ajak temen diskusi. Kalau masih susah, mungkin coba cari tahu apakah ada hal lain, seperti kecemasan, yang bikin fokusmu terganggu. Apa kamu merasa ada hal lain yang mengganggu?;GROK;D4_GROK_PengantarPsikologiBimoW178-188_20.json;sulit otak serap laku frustrasi nyantol kecil kondisi siap cukup istirahat terlalu stres rutin otak mudah serap ulang materi pelan pelan seru catat warni temen diskusi susah tahu cemas ganggu ganggu;3;0.3552605108235055;otak - lupa - ingat - ulang - kecil - susah - catat - lama - materi - istirahat;3_lupa_ingat_ulang_otak;sulit otak serap laku frustrasi nyantol kecil kondisi siap cukup istirahat terlalu stres rutin otak mudah serap ulang materi pelan pelan seru catat warni temen diskusi susah tahu cemas ganggu ganggu
Kenapa ya aku gampang banget lupa nama orang, padahal baru ketemu?;Hehe, itu hal yang banyak orang alami. Nama orang sering lupa karena otak kita kadang lebih fokus ke kesan pertama ketimbang detail seperti nama. Coba trik ini: ulang nama orang itu dalam hati atau gunakan dalam obrolan, seperti 'Senang ketemu, Budi!' Itu bantu otak menyimpan informasinya lebih lama.;GROK;D4_GROK_PengantarPsikologiBimoW145-155_20.json;gampang lupa nama padahal hehe alami nama lupa otak kesan pertama ketimbang detail nama trik ulang nama hati obrol senang budi otak simpan lama;3;0.3547151811141119;otak - lupa - ingat - ulang - kecil - susah - catat - lama - materi - istirahat;3_lupa_ingat_ulang_otak;gampang lupa nama padahal hehe alami nama lupa otak kesan pertama ketimbang detail nama trik ulang nama hati obrol senang budi otak simpan lama
Kalau aku panik, aku suka telepon temen. Itu salah nggak sih?;Nggak salah, tapi itu bisa jadi kebiasaan yang bikin kamu bergantung pada orang lain buat merasa aman. Coba deh catat dulu apa yang kamu rasakan saat panik, seperti di buku harian panik. Itu bisa bantu kamu kenali pemicunya dan atasi sendiri sedikit demi sedikit.;GROK;D12_GROK_ClinicalHandbookPsychologicalDisorders33-43_20.json;panik telepon temen salah salah catat panik buku panik kenal picu sendiri;3;0.352449600539707;otak - lupa - ingat - ulang - kecil - susah - catat - lama - materi - istirahat;-1_kecil_diri_sendiri_hidup;panik telepon temen salah salah catat panik buku panik kenal picu sendiri
Kenapa ya aku lebih gampang ingat lagu ketimbang pelajaran?;Haha, lagu emang punya kekuatan spesial! Otak kita lebih mudah ingat sesuatu yang berirama atau punya emosi, seperti lagu. Pelajaran kadang terasa kering, jadi coba bikin catatanmu lebih hidup, misalnya pakai warna atau bikin singkatan lucu. Atau, coba nyanyi-nyanyikan materi pelajaran, siapa tahu nempel!;GROK;D4_GROK_PengantarPsikologiBimoW145-155_20.json;gampang ingat ketimbang haha emang kuat spesial otak mudah ingat irama emosi kering catat hidup singkat lucu materi siapa tahu nempel;3;0.3488350841646299;otak - lupa - ingat - ulang - kecil - susah - catat - lama - materi - istirahat;3_lupa_ingat_ulang_otak;gampang ingat ketimbang haha emang kuat spesial otak mudah ingat irama emosi kering catat hidup singkat lucu materi siapa tahu nempel
Aku kadang lupa minum obat treatmentku. Gimana caranya biar nggak lupa?;Lupa minum obat itu wajar, kok. Coba set alarm di HP-mu setiap hari buat inget waktu minum obat. Kalau kamu pakai alat kayak Med-O-Wheel, itu juga bantu ngatur dosis. Atau, taruh obat di tempat yang selalu kamu lihat, seperti deket cangkir kopi. Apa yang biasanya bikin kamu lupa?;GROK;D12_GROK_ClinicalHandbookPsychologicalDisorders638-648_20.json;lupa obat treatmentku lupa lupa obat alarm inget obat alat wheel ngatur dosis taruh obat tempat deket cangkir kopi lupa;3;0.3397696714881452;otak - lupa - ingat - ulang - kecil - susah - catat - lama - materi - istirahat;3_lupa_ingat_ulang_otak;lupa obat treatmentku lupa lupa obat alarm inget obat alat wheel ngatur dosis taruh obat tempat deket cangkir kopi lupa
Aku takut lupa hal-hal penting karena aku pernah lupa sesuatu yang besar. Apa yang bisa aku lakukan?;Rasa takut itu wajar, apalagi kalau pernah lupa sesuatu yang bikin kamu merasa nggak nyaman. Untuk membantu, coba buat sistem sederhana, seperti menulis pengingat di ponsel atau buku. Otak kita kadang nggak bisa simpan semua hal dengan sempurna, jadi alat bantu ini bisa ringankan beban. Juga, coba perhatikan apakah kamu cukup istirahat, karena kurang tidur bisa bikin lupa. Kalau rasa takut ini masih kuat, mungkin kita bisa ngobrol lebih dalam tentang apa yang bikin kamu khawatir.;GROK;D4_GROK_PengantarPsikologiBimoW156-166_20.json;takut lupa penting lupa laku takut lupa nyaman sederhana ingat ponsel buku otak simpan sempurna alat ringan beban perhati cukup istirahat kurang tidur lupa takut kuat khawatir;3;0.3383644225260679;otak - lupa - ingat - ulang - kecil - susah - catat - lama - materi - istirahat;3_lupa_ingat_ulang_otak;takut lupa penting lupa laku takut lupa nyaman sederhana ingat ponsel buku otak simpan sempurna alat ringan beban perhati cukup istirahat kurang tidur lupa takut kuat khawatir
Aku merasa belajar sesuatu baru itu susah banget. Apa otakku bermasalah?;Nggak berarti otakmu bermasalah. Belajar sesuatu yang baru memang bisa terasa sulit, apalagi kalau materinya nggak menarik atau kamu merasa tertekan. Otak kita lebih mudah menyerap kalau kita belajar dengan cara yang menyenangkan. Coba pecah materinya jadi bagian kecil dan hubungkan dengan sesuatu yang kamu suka. Apa yang lagi kamu pelajari yang terasa susah?;GROK;D4_GROK_PengantarPsikologiBimoW156-166_20.json;susah otak arti otak sulit materi tekan otak mudah serap senang pecah materi kecil susah;3;0.3344090199480786;otak - lupa - ingat - ulang - kecil - susah - catat - lama - materi - istirahat;3_lupa_ingat_ulang_otak;susah otak arti otak sulit materi tekan otak mudah serap senang pecah materi kecil susah
Aku kadang bingung sama data yang banyak, susah nyusun pikiran. Gimana biar nggak overwhelm?;Banyak data emang bisa bikin pusing. Coba pilah-pilah dulu, mana yang penting dan mana yang bisa disisihkan. Bikin catatan atau diagram sederhana juga bisa bantu. Kalau masih bingung, ceritain apa yang lagi kamu hadepin, aku bantu urutin bareng!;GROK;D4_GROK_PengantarPsikologiBimoW189-199_20.json;data susah nyusun overwhelm data emang pusing pilah pilah penting sisih catat diagram sederhana hadepin urutin bareng;3;0.3308187363350008;otak - lupa - ingat - ulang - kecil - susah - catat - lama - materi - istirahat;-1_kecil_diri_sendiri_hidup;data susah nyusun overwhelm data emang pusing pilah pilah penting sisih catat diagram sederhana hadepin urutin bareng
Aku susah fokus, jadi sering lupa apa yang baru dipelajari. Ada saran nggak?;Fokus emang kadang susah, apalagi kalau banyak distraksi. Coba belajar dalam waktu singkat, misalnya 25 menit, lalu istirahat. Atau, gunakan catatan visual seperti peta pikiran untuk bantu otak menyimpan info. Kalau masih susah, cek juga apakah kamu cukup istirahat atau ada hal lain yang bikin pikiran terpecah. Kamu pasti bisa menemukan cara yang cocok!;GROK;D4_GROK_PengantarPsikologiBimoW145-155_20.json;susah lupa saran emang susah distraksi singkat istirahat catat visual peta otak simpan info susah cukup istirahat pecah cocok;3;0.3292254080783003;otak - lupa - ingat - ulang - kecil - susah - catat - lama - materi - istirahat;3_lupa_ingat_ulang_otak;susah lupa saran emang susah distraksi singkat istirahat catat visual peta otak simpan info susah cukup istirahat pecah cocok
Aku suka lupa janji sama temen, dan mereka bilang aku nggak peduli. Gimana caranya biar aku nggak lupa lagi?;Lupa janji emang bisa bikin temen salah paham, padahal kamu mungkin nggak sengaja. Coba pakai pengingat di ponsel atau buku catatan kecil buat nyatet janji. Kalau ini sering banget terjadi, mungkin ada faktor lain, seperti stres atau kelelahan. Ceritain ke aku, apa yang lagi bikin kamu susah ingat janji?;GROK;D12_GROK_ClinicalHandbookPsychologicalDisorders517-527_20.json;lupa janji temen peduli lupa lupa janji emang temen salah paham padahal sengaja ingat ponsel buku catat kecil nyatet janji faktor stres lelah susah ingat janji;3;0.3259842928200263;otak - lupa - ingat - ulang - kecil - susah - catat - lama - materi - istirahat;3_lupa_ingat_ulang_otak;lupa janji temen peduli lupa lupa janji emang temen salah paham padahal sengaja ingat ponsel buku catat kecil nyatet janji faktor stres lelah susah ingat janji
Aku susah nginget nama orang baru. Ada tips nggak?;Lupa nama orang baru itu wajar banget, kok, apalagi kalau kamu ketemu banyak orang sekaligus. Otak kita kadang butuh waktu untuk menyimpan informasi baru. Coba ulang nama orang itu dalam hati atau gunakan dalam obrolan, misalnya, “Senang ketemu, Budi!” Itu bisa bantu otakmu lebih cepat menyimpan namanya.;GROK;D3_GROK_PengantarPsikologiAdnan80-88_20.json;susah nginget nama tips lupa nama sekaligus otak butuh simpan ulang nama hati obrol senang budi otak cepat simpan nama;3;0.3218280819555319;otak - lupa - ingat - ulang - kecil - susah - catat - lama - materi - istirahat;3_lupa_ingat_ulang_otak;susah nginget nama tips lupa nama sekaligus otak butuh simpan ulang nama hati obrol senang budi otak cepat simpan nama
Aku pengen lebih disiplin, tapi selalu balik ke kebiasaan lama. Gimana caranya biar bisa berubah?;Balik ke kebiasaan lama itu wajar, karena otak kita suka yang udah familiar. Buat lebih disiplin, coba mulai dari satu kebiasaan kecil, misalnya beresin tempat tidur tiap pagi. Lakuin konsisten, dan catat progress kamu biar termotivasi. Kalau balik lagi, cari tahu apa pemicunya—mungkin kamu terlalu capek? Apa yang pengen kamu ubah? Ceritain, biar kita susun langkah yang pas buat kamu.;GROK;D4_GROK_PengantarPsikologiBimoW68-78_20.json;disiplin balik lama ubah balik lama otak udah familiar disiplin kecil resin tempat tidur pagi lakuin konsisten catat progress motivasi balik tahu picu terlalu capek ubah susun;3;0.3205386290107717;otak - lupa - ingat - ulang - kecil - susah - catat - lama - materi - istirahat;3_lupa_ingat_ulang_otak;disiplin balik lama ubah balik lama otak udah familiar disiplin kecil resin tempat tidur pagi lakuin konsisten catat progress motivasi balik tahu picu terlalu capek ubah susun
Aku kadang lupa apa yang baru saja aku lakukan. Apa ini berbahaya?;Lupa sesuatu yang baru saja dilakukan bisa bikin khawatir, tapi seringkali ini cuma karena otak kita kelebihan beban atau kurang fokus. Misalnya, kalau kamu taruh kunci sambil mikirin hal lain, otakmu mungkin nggak mencatatnya. Coba biasakan melakukan satu hal dengan penuh perhatian. Tapi kalau ini sering terjadi dan bikin cemas, mungkin ceritain lebih detail, biar kita coba cari tahu penyebabnya bareng.;GROK;D4_GROK_PengantarPsikologiBimoW156-166_20.json;lupa laku bahaya lupa laku khawatir seringkali otak beban kurang taruh kunci mikirin otak catat laku penuh perhati cemas detail tahu bareng;3;0.3174783142820228;otak - lupa - ingat - ulang - kecil - susah - catat - lama - materi - istirahat;3_lupa_ingat_ulang_otak;lupa laku bahaya lupa laku khawatir seringkali otak beban kurang taruh kunci mikirin otak catat laku penuh perhati cemas detail tahu bareng
Aku suka lupa sama janji sama temen. Gimana caranya biar nggak gitu lagi?;Lupa janji itu memang bikin nggak enak hati, ya. Ingatan kita kadang kewalahan kalau ada banyak hal yang dipikirkan. Coba pakai pengingat di ponsel atau tulis di buku kecil yang selalu kamu bawa. Cara ini bisa bantu otakmu fokus dan nggak lupa hal penting. Mungkin juga ceritain ke temen kalau kamu lagi berusaha lebih terorganisir, biar mereka support kamu.;GROK;D3_GROK_PengantarPsikologiAdnan80-88_20.json;lupa janji temen lupa janji enak hati ingat kewalahan ingat ponsel buku kecil bawa otak lupa penting temen usaha organisir support;3;0.3169088491023552;otak - lupa - ingat - ulang - kecil - susah - catat - lama - materi - istirahat;3_lupa_ingat_ulang_otak;lupa janji temen lupa janji enak hati ingat kewalahan ingat ponsel buku kecil bawa otak lupa penting temen usaha organisir support
Kenapa aku lebih gampang ingat lagu daripada pelajaran sekolah?;Lagu lebih gampang diingat karena biasanya punya ritme, emosi, dan cerita yang bikin otak tertarik. Pelajaran sekolah kadang terasa kering, jadi kurang nempel. Coba bikin pelajaranmu kayak lagu, misalnya bikin rima atau cerita dari materi itu. Atau, hubungkan sama sesuatu yang kamu suka, seperti film atau hobi. Makin seru caranya, makin gampang otak nyimpan.;GROK;D4_GROK_PengantarPsikologiBimoW167-177_20.json;gampang ingat sekolah gampang ingat ritme emosi otak sekolah kering kurang nempel rima materi film makin seru makin gampang otak nyimpan;3;0.312713753981213;otak - lupa - ingat - ulang - kecil - susah - catat - lama - materi - istirahat;3_lupa_ingat_ulang_otak;gampang ingat sekolah gampang ingat ritme emosi otak sekolah kering kurang nempel rima materi film makin seru makin gampang otak nyimpan
Aku merasa nggak bisa ngontrol hidupku, kayak semuanya berjalan di luar kendaliku. Apa yang bisa aku lakukan?;Aku paham rasanya kayak kehilangan kendali, itu berat banget. Coba kita mulai dari hal kecil, seperti bikin rutinitas harian sederhana yang bisa kamu kontrol, misalnya atur waktu tidur atau makan. Kadang, punya sesuatu yang pasti dalam sehari bisa bantu. Apa ada satu hal kecil yang kamu pikir bisa kamu atur sekarang?;GROK;D11_GROK_AHandbookfortheSMH402-412_20.json;ngontrol hidup jalan luar kendali laku paham hilang kendali berat kecil sederhana kontrol atur tidur makan kecil atur;3;0.3120465938678227;otak - lupa - ingat - ulang - kecil - susah - catat - lama - materi - istirahat;-1_kecil_diri_sendiri_hidup;ngontrol hidup jalan luar kendali laku paham hilang kendali berat kecil sederhana kontrol atur tidur makan kecil atur
Akhir-akhir ini saya khawatir tentang pekerjaan dan keuangan. Bagaimana cara agar merasa lebih tenang?;Kekhawatiran itu wajar, dan kamu tidak sendiri merasakannya. Abraham Harold Maslow menjelaskan bahwa rasa aman adalah kebutuhan penting setelah kebutuhan dasar terpenuhi. Ketidakpastian soal pekerjaan atau keuangan bisa bikin gelisah, tapi ada langkah kecil yang bisa membantu. Coba buat daftar prioritas keuangan sederhana atau rencanakan anggaran kecil untuk minggu ini—it’s okay to start small! Juga, luangkan waktu untuk relaksasi, seperti menarik napas dalam-dalam selama 5 menit. Apa satu hal kecil yang bisa kamu lakukan hari ini untuk merasa lebih stabil?;GROK;A1_GROK_PsikologiKepribadian61-83_99.json;akhir akhir khawatir kerja uang tenang khawatir sendiri jelas butuh penting butuh penuh ketidakpastian kerja uang gelisah kecil daftar prioritas uang sederhana rencana anggar kecil minggu okay start small luang relaksasi lama kecil laku stabil;3;0.3112126337303664;otak - lupa - ingat - ulang - kecil - susah - catat - lama - materi - istirahat;-1_kecil_diri_sendiri_hidup;akhir akhir khawatir kerja uang tenang khawatir sendiri jelas butuh penting butuh penuh ketidakpastian kerja uang gelisah kecil daftar prioritas uang sederhana rencana anggar kecil minggu okay start small luang relaksasi lama kecil laku stabil
Aku susah ngingat pelajaran kalau ujian. Ada tips?;Ujian memang bikin tegang, dan itu bisa bikin otak susah mengingat. Coba latih materi dengan cara menjelaskan ke temen atau ke diri sendiri, kayak ngajar. Ini membantu otak menyimpan lebih kuat. Juga, sebelum ujian, tarik napas dalam-dalam beberapa kali biar tenang. Kalau pikiran rileks, ingatan lebih mudah keluar.;GROK;D3_GROK_PengantarPsikologiAdnan89-99_20.json;susah ngingat tips tegang otak susah ingat materi jelas temen diri sendiri ngajar otak simpan kuat beberapa tenang rileks ingat mudah keluar;3;0.3100445354387062;otak - lupa - ingat - ulang - kecil - susah - catat - lama - materi - istirahat;3_lupa_ingat_ulang_otak;susah ngingat tips tegang otak susah ingat materi jelas temen diri sendiri ngajar otak simpan kuat beberapa tenang rileks ingat mudah keluar
Kenapa ya aku selalu merasa cemas kalau soal uang? Tiap bayar tagihan rasanya deg-degan.;Rasa cemas soal uang itu wajar, apalagi kalau lagi ketat. Berdasarkan apa yang aku tahu, kesulitan ekonomi bisa bikin kita merasa nggak aman, dan itu normal. Mungkin kita bisa coba buat rencana kecil, seperti catat pengeluaran atau cari cara hemat di satu area. Apa kamu mau coba ceritain apa yang paling bikin cemas soal tagihanmu?;GROK;D11_GROK_AHandbookfortheSMH391-401_20.json;cemas uang bayar tagih degan cemas uang ketat tahu sulit ekonomi rencana kecil catat keluar hemat area paling cemas tagih;3;0.3093935571462619;otak - lupa - ingat - ulang - kecil - susah - catat - lama - materi - istirahat;-1_kecil_diri_sendiri_hidup;cemas uang bayar tagih degan cemas uang ketat tahu sulit ekonomi rencana kecil catat keluar hemat area paling cemas tagih
Aku coba baca buku, tapi susah banget mulai. Aku merasa gagal terus. Apa yang salah sama aku?;Nggak ada yang salah sama kamu. Memulai sesuatu yang baru itu memang sulit, apalagi kalau kamu sedang merasa down. Mungkin kita bisa bikin langkahnya lebih kecil lagi, seperti memilih buku yang bener-bener menarik buatmu dan baca hanya satu paragraf dulu. Kalau nggak berhasil sekali, nggak apa-apa, kita coba lagi. Aku di sini buat dukung kamu. Buku apa yang kira-kira bisa bikin kamu penasaran?;GROK;D12_GROK_ClinicalHandbookPsychologicalDisorders385-395_20.json;baca buku susah gagal terus salah salah sulit sedang down kecil pilih buku baca paragraf hasil sekali dukung buku penasaran;3;0.3086331011605746;otak - lupa - ingat - ulang - kecil - susah - catat - lama - materi - istirahat;3_lupa_ingat_ulang_otak;baca buku susah gagal terus salah salah sulit sedang down kecil pilih buku baca paragraf hasil sekali dukung buku penasaran
Kenapa ya aku gampang lupa nama orang yang baru ketemu?;Itu bisa terjadi karena nama itu belum sering kamu ulang di pikiranmu. Saat ketemu orang baru, coba ulang nama mereka dalam hati atau gunakan namanya dalam obrolan, seperti, 'Senang ketemu, Budi.' Ini membantu otak menyimpannya lebih baik. Kalau masih sulit, mungkin ada banyak informasi lain yang bikin pikiranmu penuh. Coba santai sejenak sebelum ketemu orang baru, biar pikiran lebih fokus.;GROK;D3_GROK_PengantarPsikologiAdnan89-99_20.json;gampang lupa nama nama ulang ulang nama hati nama obrol senang budi otak simpan sulit penuh santai jenak;3;0.308624172005837;otak - lupa - ingat - ulang - kecil - susah - catat - lama - materi - istirahat;3_lupa_ingat_ulang_otak;gampang lupa nama nama ulang ulang nama hati nama obrol senang budi otak simpan sulit penuh santai jenak
Aku kadang lupa minum obat, dan aku jadi kacau. Gimana caranya biar aku disiplin?;Lupa minum obat itu wajar, kok, terutama kalau hidup lagi hectic. Coba set pengingat di ponsel atau taruh obat di tempat yang selalu kamu lihat, seperti dekat sikat gigi. Kalau masih susah, mungkin ceritain ke dokter atau temen dekat biar mereka bantu ingetin. Yang penting, jangan terlalu nyalahin diri sendiri. Kita cari cara bareng, ya.;GROK;D11_GROK_AHandbookfortheSMH501-511_20.json;lupa obat kacau disiplin lupa obat utama hidup hectic ingat ponsel taruh obat tempat dekat sikat gigi susah dokter temen dekat ingetin penting jangan terlalu nyalahin diri sendiri bareng;3;0.308264293142343;otak - lupa - ingat - ulang - kecil - susah - catat - lama - materi - istirahat;3_lupa_ingat_ulang_otak;lupa obat kacau disiplin lupa obat utama hidup hectic ingat ponsel taruh obat tempat dekat sikat gigi susah dokter temen dekat ingetin penting jangan terlalu nyalahin diri sendiri bareng
Aku cuma ngerasa aman kalau semua barang di rakku rapi banget. Kalau nggak, aku panik. Apa ini wajar?;Aku dengar itu bikin kamu stres kalau nggak teratur. Keinginan untuk bikin semuanya rapi banget bisa jadi bagian dari OCD, terutama kalau itu sampai bikin panik. Mungkin kita bisa coba biarkan satu barang sedikit ‘berantakan’ dan lihat apa yang terjadi, untuk latih otakmu nggak terlalu bergantung pada kerapihan. Mau coba langkah kecil kayak gitu? Ceritain apa yang biasanya bikin panik kalau nggak rapi.;GROK;D12_GROK_ClinicalHandbookPsychologicalDisorders165-175_20.json;ngerasa barang rapi panik dengar stres atur rapi utama panik barang beranta otak terlalu kerapihan kecil panik rapi;3;0.307447025713969;otak - lupa - ingat - ulang - kecil - susah - catat - lama - materi - istirahat;-1_kecil_diri_sendiri_hidup;ngerasa barang rapi panik dengar stres atur rapi utama panik barang beranta otak terlalu kerapihan kecil panik rapi
Saya sering lupa minum air dan merasa pusing. Seberapa penting hidrasi untuk otak?;"Sangat penting. Otak sekitar 73% air—dehidrasi menyebabkan pusing, kurang konsentrasi, dan gangguan fungsi kognitif. Usahakan minum 8–12 cangkir sehari dan periksa warna urin; yang jernih atau kuning pucat menandakan hidrasi baik.";GPT;D13_GPT_BrainPower35-45_20.json;lupa pusing berapa penting hidrasi otak penting otak dehidrasi pusing kurang konsentrasi ganggu fungsi kognitif usaha cangkir periksa urin jernih kuning pucat hidrasi;3;0.3011074461555207;otak - lupa - ingat - ulang - kecil - susah - catat - lama - materi - istirahat;-1_kecil_diri_sendiri_hidup;lupa pusing berapa penting hidrasi otak penting otak dehidrasi pusing kurang konsentrasi ganggu fungsi kognitif usaha cangkir periksa urin jernih kuning pucat hidrasi
Saya mudah lupa nama orang baru. Apa latihan sederhana untuk menguatkan memori?;Coba ulangi nama orang itu tiga kali saat diperkenalkan, gunakan namanya dalam percakapan, dan uji diri keesokan harinya. Menghafal baris puisi favorit atau mengulang informasi baru beberapa kali juga membantu memperkuat jejak memori.;GPT;D13_GPT_BrainPower35-45_20.json;mudah lupa nama sederhana kuat memori ulang nama kenal nama cakap diri esok hafal baris puisi favorit ulang beberapa kuat jejak memori;3;0.2964179018473845;otak - lupa - ingat - ulang - kecil - susah - catat - lama - materi - istirahat;3_lupa_ingat_ulang_otak;mudah lupa nama sederhana kuat memori ulang nama kenal nama cakap diri esok hafal baris puisi favorit ulang beberapa kuat jejak memori
Meja kerja saya berantakan dan saya sering merasa cemas karenanya. Apa yang bisa saya lakukan?;Kekacauan bisa membuat otak Anda kewalahan karena terus 'mencari' hal yang terlihat di sekeliling. Cobalah langkah sederhana: tutup pintu rak yang berisi barang berantakan, gunakan kotak atau laci untuk menyimpan, dan biasakan mengembalikan barang setelah dipakai. Jangan paksakan semuanya sekaligus—lakukan bertahap dan rutin. Kalau butuh, minta teman yang tegas membantu Anda menilai barang mana yang benar-benar penting.;GPT;D13_GPT_BrainPower57-67_19.json;meja kerja beranta cemas laku kacau otak kewalahan terus keliling sederhana tutup pintu barang beranta kotak laci simpan barang jangan paksa sekaligus laku tahap rutin butuh minta teman tegas nilai barang penting;3;0.2958617733491472;otak - lupa - ingat - ulang - kecil - susah - catat - lama - materi - istirahat;3_lupa_ingat_ulang_otak;meja kerja beranta cemas laku kacau otak kewalahan terus keliling sederhana tutup pintu barang beranta kotak laci simpan barang jangan paksa sekaligus laku tahap rutin butuh minta teman tegas nilai barang penting
Skill apa yang cocok untuk meningkatkan mood cepat?;Coba belajar 3 chord gitar dasar atau resep smoothie sehat. Pencapaian singkat memicu dopamin penyemangat.;GPT;D1_GPT_HealthPsycology152-167_50.json;skill cocok tingkat mood cepat chord gitar resep smoothie sehat capai singkat picu dopamin semangat;3;0.2957525129437761;otak - lupa - ingat - ulang - kecil - susah - catat - lama - materi - istirahat;3_lupa_ingat_ulang_otak;skill cocok tingkat mood cepat chord gitar resep smoothie sehat capai singkat picu dopamin semangat
Aku kadang lupa nama orang yang baru aku kenal. Gimana caranya biar ingat?;Lupa nama orang baru itu sering banget terjadi! Untuk membantu, coba ulang nama mereka dalam percakapan, misalnya, “Senang ketemu, Budi!”. Atau hubungkan nama mereka dengan sesuatu yang kamu ingat, seperti “Budi yang suka kopi”. Ini bikin otakmu lebih mudah menyimpan. Kalau masih susah, nggak apa-apa tulis di catatan. Apa kamu sering lupa nama atau cuma sesekali?;GROK;D4_GROK_PengantarPsikologiBimoW156-166_20.json;lupa nama kenal ingat lupa nama ulang nama cakap senang budi nama ingat budi kopi otak mudah simpan susah catat lupa nama sekal;3;0.2951140118998366;otak - lupa - ingat - ulang - kecil - susah - catat - lama - materi - istirahat;3_lupa_ingat_ulang_otak;lupa nama kenal ingat lupa nama ulang nama cakap senang budi nama ingat budi kopi otak mudah simpan susah catat lupa nama sekal
Kenapa sih aku susah banget mengingat pelajaran di sekolah?;Aku paham, belajar itu kadang terasa berat, apalagi kalau informasinya banyak. Setiap orang punya kecepatan berbeda dalam memasukkan informasi ke ingatan. Ada yang cepat, ada yang butuh waktu lebih. Mungkin kamu bisa coba belajar dengan cara yang lebih cocok buatmu, seperti bikin catatan warna-warni atau jelasin materi ke temen. Itu bisa bantu otakmu lebih mudah nyimpan informasi.;GROK;D3_GROK_PengantarPsikologiAdnan80-88_20.json;susah ingat sekolah paham berat cepat masuk ingat cepat butuh cocok catat warni jelasin materi temen otak mudah nyimpan;3;0.2893504944755872;otak - lupa - ingat - ulang - kecil - susah - catat - lama - materi - istirahat;3_lupa_ingat_ulang_otak;susah ingat sekolah paham berat cepat masuk ingat cepat butuh cocok catat warni jelasin materi temen otak mudah nyimpan
Aku merasa sering menghindari masalah dengan menonton TV sepanjang malam. Apa yang bisa aku lakukan?;Aku paham, kadang TV jadi pelarian yang mudah, tapi itu bisa bikin masalah lain menumpuk, seperti tagihan yang belum dibayar atau rumah yang berantakan. Mungkin kita bisa mulai dengan sesuatu yang kecil, seperti mengganti satu jam menonton TV dengan aktivitas yang kamu suka dulu, misalnya membaca buku. Apa ada buku atau hobi yang dulu kamu nikmati?;GROK;D12_GROK_ClinicalHandbookPsychologicalDisorders385-395_20.json;hindar tonton panjang laku paham lari mudah tumpuk tagih bayar beranta kecil tonton aktivitas baca buku buku nikmat;3;0.2786156313249697;otak - lupa - ingat - ulang - kecil - susah - catat - lama - materi - istirahat;3_lupa_ingat_ulang_otak;hindar tonton panjang laku paham lari mudah tumpuk tagih bayar beranta kecil tonton aktivitas baca buku buku nikmat
Aku merasa otakku lambat nyerna pelajaran. Apa aku kurang pinter?;Nggak ada hubungannya sama pinter atau nggak, kok. Setiap orang punya cara dan kecepatan belajar yang beda. Kalau merasa lambat, coba pecah pelajaran jadi bagian kecil, lalu pahami satu per satu. Gunakan cara yang cocok buatmu, seperti bikin gambar, catatan, atau jelasin ke temen. Yang penting, jangan bandingin diri sama orang lain, dan kasih waktu buat otakmu nyerna. Kamu pasti bisa, pelan-pelan aja.;GROK;D4_GROK_PengantarPsikologiBimoW167-177_20.json;otak lambat nyerna kurang pinter pinter cepat lambat pecah kecil paham cocok catat jelasin temen penting jangan bandingin diri otak nyerna pelan pelan;3;0.2711877553477578;otak - lupa - ingat - ulang - kecil - susah - catat - lama - materi - istirahat;-1_kecil_diri_sendiri_hidup;otak lambat nyerna kurang pinter pinter cepat lambat pecah kecil paham cocok catat jelasin temen penting jangan bandingin diri otak nyerna pelan pelan
Aku susah ngingat kalau materinya rumit. Ada saran biar gampang paham?;Materi rumit emang bikin pusing, tapi coba pecah jadi bagian kecil dulu, lalu pahami satu per satu. Bikin visualisasi, seperti diagram atau mind map, biar lebih jelas. Kalau masih susah, coba hubungkan sama sesuatu yang kamu suka atau udah tahu, biar lebih relatable. Ulang-ulang dengan cara yang fun, seperti bikin cerita atau kuis, biar otak lebih gampang nyerna.;GROK;D4_GROK_PengantarPsikologiBimoW167-177_20.json;susah ngingat materi rumit saran gampang paham materi rumit emang pusing pecah kecil paham visualisasi diagram mind jelas susah udah tahu relatable ulang ulang kuis otak gampang nyerna;3;0.2687680485177884;otak - lupa - ingat - ulang - kecil - susah - catat - lama - materi - istirahat;3_lupa_ingat_ulang_otak;susah ngingat materi rumit saran gampang paham materi rumit emang pusing pecah kecil paham visualisasi diagram mind jelas susah udah tahu relatable ulang ulang kuis otak gampang nyerna
Aku susah banget ngerti konsep baru. Apa otakku bermasalah?;Nggak ada yang bermasalah dengan otakmu, kok. Susah ngerti konsep baru itu biasa, apalagi kalau konsepnya rumit. Coba pecah konsep itu jadi bagian kecil, lalu hubungkan sama sesuatu yang udah kamu tahu. Misalnya, bikin analogi atau gambar biar lebih jelas. Kalau masih susah, mungkin cara penyampaiannya kurang cocok buatmu—coba cari sumber lain, seperti video atau diskusi sama temen. Konsep apa yang lagi bikin pusing?;GROK;D4_GROK_PengantarPsikologiBimoW178-188_20.json;susah konsep otak otak susah konsep konsep rumit pecah konsep kecil udah tahu analogi jelas susah kurang cocok sumber diskusi temen konsep pusing;3;0.2587843518680577;otak - lupa - ingat - ulang - kecil - susah - catat - lama - materi - istirahat;3_lupa_ingat_ulang_otak;susah konsep otak otak susah konsep konsep rumit pecah konsep kecil udah tahu analogi jelas susah kurang cocok sumber diskusi temen konsep pusing
Saya sulit mengingat hal-hal kecil, apakah berbicara keras bisa membantu?;"Dokumen menyatakan berbicara keras dapat membantu memori karena melibatkan jalur pendengaran selain visual. Coba baca informasi penting dengan suara keras atau jelaskan sesuatu pada orang lain; teknik multisensor seperti itu bisa membantu retensi.";GPT;D13_GPT_BrainPower79-89_30.json;sulit ingat kecil bicara dokumen nyata bicara memori libat jalur dengar visual baca penting jelas teknik multisensor retensi;3;0.257876835358319;otak - lupa - ingat - ulang - kecil - susah - catat - lama - materi - istirahat;3_lupa_ingat_ulang_otak;sulit ingat kecil bicara dokumen nyata bicara memori libat jalur dengar visual baca penting jelas teknik multisensor retensi
Kadang aku merasa nggak ada gunanya ngomongin perasaanku. Buat apa sih?;Aku tahu rasanya kayak buang-buang waktu, tapi ngomongin perasaan itu kayak buka jendela di ruangan pengap. Bantu pikiranmu lebih lega. Coba tulis satu perasaan yang lagi berat hari ini, misalnya di buku harian atau aplikasi catatan. Kalau mau, aku bisa dengerin juga. Apa satu hal yang lagi bikin kamu sesak sekarang?;GROK;D12_GROK_ClinicalHandbookPsychologicalDisorders704-714_20.json;ngomongin tahu buang buang ngomongin jendela ruang pengap lega berat buku aplikasi catat dengerin sesak;3;0.2478206056205388;otak - lupa - ingat - ulang - kecil - susah - catat - lama - materi - istirahat;-1_kecil_diri_sendiri_hidup;ngomongin tahu buang buang ngomongin jendela ruang pengap lega berat buku aplikasi catat dengerin sesak
Aku merasa otakku nggak bisa nyanyi sama pelajaran, apa aku kurang usaha?;Bukan kurang usaha, mungkin caranya yang belum pas. Coba ganti metode belajar, misalnya dari baca buku ke nonton video penjelasan. Atau, cek apakah kamu lagi stres, soalnya itu bisa bikin susah nyanyi. Kamu udah berusaha, tinggal cari pendekatan yang lebih cocok.;GROK;D3_GROK_PengantarPsikologiAdnan100-110_20.json;otak kurang usaha bukan kurang usaha metode baca buku nonton jelas stres susah udah usaha tinggal dekat cocok;3;0.2455995205217366;otak - lupa - ingat - ulang - kecil - susah - catat - lama - materi - istirahat;3_lupa_ingat_ulang_otak;otak kurang usaha bukan kurang usaha metode baca buku nonton jelas stres susah udah usaha tinggal dekat cocok
Aku merasa susah belajar hal baru, kayak otakku lambat. Apa aku kurang usaha, atau ada cara lain?;Susah belajar hal baru nggak berarti kamu kurang usaha, kok. Setiap orang punya cara dan kecepatan belajar yang beda. Coba pecah materi jadi bagian kecil, dan fokus ke satu bagian dulu. Pakai cara yang seru buat kamu, misalnya nonton video atau gambar diagram. Kalau masih susah, mungkin kamu butuh istirahat lebih atau ganti suasana belajar. Apa yang lagi bikin belajarmu terasa lambat? Ceritain, biar kita pikirin solusi.;GROK;D4_GROK_PengantarPsikologiBimoW68-78_20.json;susah otak lambat kurang usaha susah arti kurang usaha cepat pecah materi kecil seru nonton diagram susah butuh istirahat suasana lambat pikirin solusi;3;0.2437348471680259;otak - lupa - ingat - ulang - kecil - susah - catat - lama - materi - istirahat;3_lupa_ingat_ulang_otak;susah otak lambat kurang usaha susah arti kurang usaha cepat pecah materi kecil seru nonton diagram susah butuh istirahat suasana lambat pikirin solusi
Aku kadang lupa sama hal yang baru aja terjadi. Ini serius nggak?;Lupa hal yang baru terjadi bisa bikin khawatir, ya. Tapi ini sering terjadi, terutama kalau kamu lagi stres atau nggak fokus. Ingatan jangka pendek kita kadang cuma nyimpan informasi sebentar. Coba perhatikan pola hidupmu, seperti tidur dan makan yang seimbang. Kalau masih khawatir, ngobrol sama orang terdekat atau profesional bisa bantu kasih gambaran lebih jelas.;GROK;D3_GROK_PengantarPsikologiAdnan80-88_20.json;lupa serius lupa khawatir utama stres ingat jangka pendek nyimpan sebentar perhati pola hidup tidur makan imbang khawatir dekat profesional jelas;3;0.2397656320724941;otak - lupa - ingat - ulang - kecil - susah - catat - lama - materi - istirahat;3_lupa_ingat_ulang_otak;lupa serius lupa khawatir utama stres ingat jangka pendek nyimpan sebentar perhati pola hidup tidur makan imbang khawatir dekat profesional jelas
Aku merasa belajar cuma buang waktu karena nanti juga lupa. Gimana biar semangat lagi?;Wajar kok merasa gitu, apalagi kalau hasilnya belum kelihatan. Tapi ingat, belajar itu nggak cuma soal hafalan, tapi juga melatih otakmu berpikir dan memahami. Biar semangat, coba set goal kecil, misalnya kuasai satu topik hari ini, lalu reward diri dengan sesuatu yang kamu suka. Ulang-ulang pelajaran dengan cara yang fun, seperti bikin kuis atau cerita, biar nggak terasa sia-sia.;GROK;D4_GROK_PengantarPsikologiBimoW167-177_20.json;buang lupa semangat hasil ingat hafal otak paham semangat goal kecil kuasa topik reward diri ulang ulang kuis;3;0.2387749457550502;otak - lupa - ingat - ulang - kecil - susah - catat - lama - materi - istirahat;3_lupa_ingat_ulang_otak;buang lupa semangat hasil ingat hafal otak paham semangat goal kecil kuasa topik reward diri ulang ulang kuis
Aku merasa apa yang aku pelajari nggak berguna. Gimana biar semangat lagi?;Rasanya bikin lelet, ya, kalau kayak gitu. Coba cari tahu, apa sih tujuanmu belajar ini? Mungkin hubungkan materi sama kehidupan sehari-hari atau cita-citamu. Kalau masih susah, coba diskusi sama temen atau guru, mereka mungkin bisa kasih sudut pandang baru. Kadang, istirahat sejenak juga bisa bikin pikiran fresh. Apa yang bikin kamu merasa materinya nggak berguna?;GROK;D3_GROK_PengantarPsikologiAdnan111-121_20.json;semangat lelet tahu tuju materi hidup cita cita susah diskusi temen guru sudut pandang istirahat jenak fresh materi;3;0.2385408389191192;otak - lupa - ingat - ulang - kecil - susah - catat - lama - materi - istirahat;3_lupa_ingat_ulang_otak;semangat lelet tahu tuju materi hidup cita cita susah diskusi temen guru sudut pandang istirahat jenak fresh materi
Aku merasa sulit memahami pelajaran matematika, apa aku kurang pintar?;Nggak gitu, kok. Setiap orang punya kelebihan di bidang tertentu. Mungkin matematika bukan kekuatan utamamu sekarang, tapi kamu bisa punya kemampuan lain, seperti memahami cerita atau melihat pola gambar. Coba ceritain, bagian matematika mana yang susah? Kita pikirin cara belajar yang lebih cocok buatmu.;GROK;D4_GROK_PengantarPsikologiBimoW200-210_20.json;sulit paham matematika kurang pintar bidang matematika bukan kuat utama mampu paham pola matematika susah pikirin cocok;3;0.227005217349674;otak - lupa - ingat - ulang - kecil - susah - catat - lama - materi - istirahat;3_lupa_ingat_ulang_otak;sulit paham matematika kurang pintar bidang matematika bukan kuat utama mampu paham pola matematika susah pikirin cocok
Saya malas melatih memori karena merasa sudah 'tua' dan tidak bisa berubah. Masih ada harapan?;"Otak bisa dilatih — penelitian menunjukkan perbaikan ingatan lewat latihan yang tepat. Mulai dengan latihan sederhana: mengelompokkan informasi, membuat gambaran visual untuk mengingat urutan, atau latihan pengulangan yang terstruktur. Hasilnya bertahap; beri diri Anda pujian untuk konsistensi, bukan ekspektasi instan.";GPT;D13_GPT_BrainPower90-100_10.json;malas memori ubah harap otak tunjuk ingat lewat tepat sederhana kelompok visual ingat urut ulang struktur hasil tahap beri diri puji konsistensi bukan ekspektasi instan;3;0.1978267859263248;otak - lupa - ingat - ulang - kecil - susah - catat - lama - materi - istirahat;-1_kecil_diri_sendiri_hidup;malas memori ubah harap otak tunjuk ingat lewat tepat sederhana kelompok visual ingat urut ulang struktur hasil tahap beri diri puji konsistensi bukan ekspektasi instan
Aku merasa nggak produktif di kerja. Apa yang salah denganku?;Nggak ada yang salah denganmu, kok. Kadang kita cuma perlu cara baru buat ngatur energi. Psikologi industri bilang produktivitas bisa dipengaruhi banyak hal, seperti stres, kurang istirahat, atau lingkungan kerja. Coba cek, apa kamu kebanyakan tugas atau kurang tidur? Kalau mau, kita bisa coba cari tahu apa yang bikin kamu nggak produktif dan bikin rencana kecil buat ngatasinnya.;GROK;D3_GROK_PengantarPsikologiAdnan36-46_20.json;produktif kerja salah salah perlu ngatur energi psikologi industri produktivitas pengaruh stres kurang istirahat kerja tugas kurang tidur tahu produktif rencana kecil ngatasinnya;3;0.1958942333113089;otak - lupa - ingat - ulang - kecil - susah - catat - lama - materi - istirahat;-1_kecil_diri_sendiri_hidup;produktif kerja salah salah perlu ngatur energi psikologi industri produktivitas pengaruh stres kurang istirahat kerja tugas kurang tidur tahu produktif rencana kecil ngatasinnya
Kenapa aku selalu lambat nangkap kalau orang ngomong cepat?;Itu bisa jadi karena kecepatan memproses informasi tiap orang beda. Ada yang cepat menangkap detail lisan, ada yang lebih kuat di hal lain, seperti membaca atau visual. Nggak apa-apa, kok. Kalau sering begitu, mungkin coba minta orang bicara pelan atau catat poin penting. Kamu biasa kesulitan di situasi kayak apa?;GROK;D4_GROK_PengantarPsikologiBimoW200-210_20.json;lambat nangkap ngomong cepat cepat proses cepat tangkap detail lisan kuat baca visual minta bicara pelan catat poin penting sulit situasi;3;0.189469117410768;otak - lupa - ingat - ulang - kecil - susah - catat - lama - materi - istirahat;-1_kecil_diri_sendiri_hidup;lambat nangkap ngomong cepat cepat proses cepat tangkap detail lisan kuat baca visual minta bicara pelan catat poin penting sulit situasi
Aku merasa ego bikin aku lupa bersyukur. Gimana caranya kembali ke jalur?;Aku ngerti, ego kadang bikin kita lupa yang penting. Coba buat kebiasaan kecil, misalnya tiap malam tulis tiga hal yang kamu syukuri hari ini. Bisa sesimpel makanan enak atau obrolan sama temen. Itu bikin kamu lebih grounded.;GROK;D9_GROK_EgoIsTheEnemy25-36_20.json;lupa syukur jalur lupa penting kecil syukur simpel makan enak obrol temen grounded;3;0.1779059386029705;otak - lupa - ingat - ulang - kecil - susah - catat - lama - materi - istirahat;-1_kecil_diri_sendiri_hidup;lupa syukur jalur lupa penting kecil syukur simpel makan enak obrol temen grounded
Saya ingin melatih ingatan saya, tapi tidak tahu harus mulai dari mana. Ada saran sederhana?;Bagus kamu mau mencoba. Mulailah dengan hal-hal yang menyenangkan: lihat foto lama atau tonton video yang memicu kenangan, bercerita dengan teman tentang masa lalu, atau coba permainan memori singkat. Aktivitas nostalgia ini dapat menstimulasi memori jangka panjang dan membantu meningkatkan fungsi kognitif. Lakukan secara rutin, tapi jangan paksa kalau terasa melelahkan.;GPT;D13_GPT_BrainPower46-56_22.json;ingat tahu saran sederhana bagus senang lama tonton picu kenang teman masa main memori singkat aktivitas nostalgia stimulasi memori jangka panjang tingkat fungsi kognitif laku rutin jangan paksa lelah;3;0.1640839297932705;otak - lupa - ingat - ulang - kecil - susah - catat - lama - materi - istirahat;-1_kecil_diri_sendiri_hidup;ingat tahu saran sederhana bagus senang lama tonton picu kenang teman masa main memori singkat aktivitas nostalgia stimulasi memori jangka panjang tingkat fungsi kognitif laku rutin jangan paksa lelah
Aku ingin hubunganku dengan keluarga membaik, tapi aku nggak tahu harus mulai dari mana, ada saran?;Langkah pertama itu selalu yang paling sulit, tapi juga paling berarti. Coba mulai dengan sesuatu yang sederhana, seperti menghubungi mereka untuk ngobrol ringan atau membantu dalam hal kecil. Yang penting, lakukan tanpa mengharapkan mereka langsung berubah. Fokus pada usahamu, dan itu akan bikin kamu merasa lebih ringan.;GROK;D6_GROK_BeraniTidakDisukaiW196-206_15.json;keluarga tahu saran pertama paling sulit paling arti sederhana ringan kecil penting laku harap langsung ubah usaha ringan;3;0.156153256530234;otak - lupa - ingat - ulang - kecil - susah - catat - lama - materi - istirahat;-1_kecil_diri_sendiri_hidup;keluarga tahu saran pertama paling sulit paling arti sederhana ringan kecil penting laku harap langsung ubah usaha ringan
Aku merasa cepat banget emosian akhir-akhir ini. Normal nggak sih?;Perasaan yang gampang emosi itu bisa muncul karena banyak hal, seperti stres atau kurang istirahat. Nggak apa-apa kok merasa begitu, tapi penting untuk tahu kenapa. Coba perhatikan, apa yang biasanya bikin kamu kesal? Kalau bisa, catat momen-momen itu. Lalu, coba teknik sederhana seperti jeda sejenak sebelum bereaksi, tarik napas perlahan, atau jalan-jalan sebentar. Kalau ini terus berlangsung, mungkin ngobrol dengan teman dekat atau profesional bisa membantu lho.;GROK;D3_GROK_PengantarPsikologiAdnan188-198_20.json;cepat emosi akhir akhir gampang emosi muncul stres kurang istirahat penting tahu perhati kesal catat momen momen teknik sederhana jeda jenak reaksi perlahan jalan jalan sebentar terus langsung teman dekat profesional;3;0.1507574363211957;otak - lupa - ingat - ulang - kecil - susah - catat - lama - materi - istirahat;-1_kecil_diri_sendiri_hidup;cepat emosi akhir akhir gampang emosi muncul stres kurang istirahat penting tahu perhati kesal catat momen momen teknik sederhana jeda jenak reaksi perlahan jalan jalan sebentar terus langsung teman dekat profesional
