question;answer;from;filename;document_preprocessed;Topic;Probability;Top_n_words;Name;Document
Anak saya introver dan susah bergaul. Bagaimana cara membantu dia bersosialisasi tanpa memaksanya?;Hai, punya anak introver itu seperti punya bunga yang mekar dengan caranya sendiri, cantik banget, kan? Anak introver memang butuh pendekatan khusus. Coba ajak dia ke kelompok kecil, seperti klub buku atau kegiatan seni, di mana dia bisa berinteraksi tanpa tekanan. Biarkan dia punya waktu untuk ‘recharge’ setelahnya. Yang penting, tunjukkan kamu mendukung sifatnya. Apa yang biasanya bikin anakmu nggak nyaman saat bergaul? Yuk, kita pikirkan cara yang pas buat dia!;GROK;A3_GROK_FilosofiTeras261-289_46.json;anak introver susah gaul sosial paksa anak introver bunga mekar sendiri cantik anak introver butuh dekat khusus kelompok kecil klub buku giat seni interaksi tekan recharge penting tunjuk dukung sifat anak nyaman gaul;6;1.0;anak - salah - takut - kecil - gadget - dukung - sendiri - peduli - main - tahu;6_anak_puji_main_salah;anak introver susah gaul sosial paksa anak introver bunga mekar sendiri cantik anak introver butuh dekat khusus kelompok kecil klub buku giat seni interaksi tekan recharge penting tunjuk dukung sifat anak nyaman gaul
Aku merasa lingkunganku bikin aku pengen cepet-cepet dewasa, kayak buru-buru punya pacar. Ini normal nggak?;Perasaan itu bisa muncul kalau lingkunganmu bikin kamu merasa harus buru-buru dewasa. Tapi, nggak ada salahnya nikmatin masa remajamu tanpa tekanan. Punya pacar atau nggak, itu pilihanmu, bukan karena lingkungan. Coba cari kegiatan yang bikin kamu senang, seperti olahraga atau seni, biar fokus ke dirimu sendiri. Kalau mau cerita lebih, aku siap denger.;GROK;D11_GROK_AHandbookfortheSMH369-379_20.json;cepet cepet dewasa buru buru pacar muncul buru buru dewasa salah nikmatin masa remaja tekan pacar pilih bukan giat senang olahraga seni diri sendiri siap denger;6;1.0;anak - salah - takut - kecil - gadget - dukung - sendiri - peduli - main - tahu;6_anak_puji_main_salah;cepet cepet dewasa buru buru pacar muncul buru buru dewasa salah nikmatin masa remaja tekan pacar pilih bukan giat senang olahraga seni diri sendiri siap denger
Apakah baik membiarkan anak bermain pura‑pura pahlawan tiap hari?;Ya! Berpura‑pura melatih empati, bahasa, dan pemecahan masalah sambil menjaga semangat ceria.;GROK;A1_GROK_PsikologiKepribadian61-83_99.json;anak main pura pura pahlawan pura pura empati bahasa pecah jaga semangat ceria;6;1.0;anak - salah - takut - kecil - gadget - dukung - sendiri - peduli - main - tahu;6_anak_puji_main_salah;anak main pura pura pahlawan pura pura empati bahasa pecah jaga semangat ceria
Saya khawatir anak saya yang berusia dua tahun tidak bisa fokus lama. Apa yang bisa saya lakukan?;Hai, wajar kok kamu khawatir, menjadi orang tua memang penuh pertanyaan, ya! Untuk anak usia dua tahun, kemampuan fokusnya memang sekitar 4 menit, jadi nggak perlu panik kalau dia cepat beralih perhatian. Coba ajak dia main dengan cara yang seru, seperti menyortir mainan warna-warni atau main ‘dance and freeze’ untuk latih kontrol diri. Yang penting, buat prosesnya menyenangkan! Apa yang biasanya bikin anakmu sulit fokus? Ceritain, yuk, biar kita cari ide bareng!;GROK;A3_GROK_FilosofiTeras261-289_46.json;khawatir anak usia tahun lama laku khawatir penuh anak usia tahun mampu perlu panik cepat perhati main seru sortir main warni main dance freeze kontrol diri penting proses senang anak sulit bareng;6;1.0;anak - salah - takut - kecil - gadget - dukung - sendiri - peduli - main - tahu;6_anak_puji_main_salah;khawatir anak usia tahun lama laku khawatir penuh anak usia tahun mampu perlu panik cepat perhati main seru sortir main warni main dance freeze kontrol diri penting proses senang anak sulit bareng
Anak saya susah mengambil keputusan sendiri, selalu minta pendapat saya. Bagaimana cara melatihnya?;Wah, anak yang suka minta pendapat itu sebenarnya tanda dia percaya sama kamu, lho! Tapi, biar dia lebih mandiri, coba mulai dari pilihan kecil, seperti ‘Mau pakai baju biru atau merah?’ atau ‘Mau main apa sore ini?’ Beri dua opsi dulu biar nggak bingung, dan puji dia kalau sudah memilih, ‘Wah, pilihan keren!’ Ini bikin dia merasa dihargai dan percaya diri. Apa yang biasanya bikin anakmu susah memilih? Ceritain, yuk, biar kita cari cara seru buat latih dia!;GROK;A3_GROK_FilosofiTeras261-289_46.json;anak susah putus sendiri minta anak minta percaya mandiri pilih kecil baju biru merah main sore beri opsi puji pilih pilih keren harga percaya diri anak susah pilih seru;6;1.0;anak - salah - takut - kecil - gadget - dukung - sendiri - peduli - main - tahu;6_anak_puji_main_salah;anak susah putus sendiri minta anak minta percaya mandiri pilih kecil baju biru merah main sore beri opsi puji pilih pilih keren harga percaya diri anak susah pilih seru
Anak saya diejek temennya di sekolah, dan saya marah banget. Bagaimana cara saya menangani ini dengan tenang?;Aku tahu, dengar anak diejek itu seperti ada api di dada, pengin langsung protes, kan? Tapi, coba tarik napas dalam dulu, lalu ajak anakmu ngobrol santai, ‘Apa yang kamu rasakan waktu diejek?’ Dengarkan dia, lalu bantu dia lihat bahwa ejekan itu nggak mendefinisikan dirinya. Misalnya, tanyain, ‘Menurut kamu, kamu orang yang keren nggak?’ Ini bikin dia belajar nggak reaktif. Kalau perlu, ajak diskusi sama guru. Apa yang lagi bikin kamu marah? Yuk, kita susun cara buat tangani ini dengan kepala dingin!;GROK;A3_GROK_FilosofiTeras261-289_46.json;anak ejek temennya sekolah marah tangan tenang tahu dengar anak ejek dada pengin langsung protes anak santai ejek dengar ejek definisi diri tanyain turut keren reaktif perlu diskusi guru marah susun tangan kepala dingin;6;1.0;anak - salah - takut - kecil - gadget - dukung - sendiri - peduli - main - tahu;6_anak_puji_main_salah;anak ejek temennya sekolah marah tangan tenang tahu dengar anak ejek dada pengin langsung protes anak santai ejek dengar ejek definisi diri tanyain turut keren reaktif perlu diskusi guru marah susun tangan kepala dingin
Anak saya takut salah dan nggak mau coba hal baru, seperti ikut lomba. Bagaimana cara membantu dia?;Hai, takut salah itu seperti bayangan yang bikin anak ragu melangkah, ya? Coba tunjukkan bahwa salah itu wajar dengan contoh dari kamu sendiri, misalnya, ‘Mama tadi salah masak, tapi nggak apa, besok coba lagi!’ Ajak dia mulai dari langkah kecil, seperti ikut lomba yang dia suka, dan puji usahanya, ‘Kamu berani coba, keren banget!’ Ini bikin dia merasa aman untuk gagal. Apa yang biasanya bikin anakmu takut salah? Ceritain, yuk, biar kita cari cara buat bikin dia lebih berani!;GROK;A3_GROK_FilosofiTeras261-289_46.json;anak takut salah lomba takut salah bayang anak ragu lang tunjuk salah contoh sendiri mama tadi salah masak kecil lomba puji usaha berani keren gagal anak takut salah berani;6;1.0;anak - salah - takut - kecil - gadget - dukung - sendiri - peduli - main - tahu;6_anak_puji_main_salah;anak takut salah lomba takut salah bayang anak ragu lang tunjuk salah contoh sendiri mama tadi salah masak kecil lomba puji usaha berani keren gagal anak takut salah berani
Saya stres karena anak saya belum bisa jalan padahal temen sebayanya sudah. Bagaimana cara saya menghadapi ini?;Aku tahu, lihat anak lain udah jalan bikin hati nggak tenang, seperti lomba yang nggak kita ikutin, ya? Tapi, setiap anak punya ritme sendiri, kok. Yang bisa kamu lakukan adalah fokus pada stimulasi, seperti ajak dia main yang melatih keseimbangan, misalnya berdiri sambil pegang tanganmu. Rayakan setiap kemajuan kecil, seperti ‘Wah, kamu berdiri lebih lama!’ Apa yang lagi bikin kamu stres soal perkembangan anakmu? Yuk, kita pikirkan langkah kecil yang bikin kamu lebih santai!;GROK;A3_GROK_FilosofiTeras261-289_46.json;stres anak jalan padahal temen baya hadap tahu anak udah jalan hati tenang lomba ikutin anak ritme sendiri laku stimulasi main imbang diri pegang tangan raya maju kecil diri lama stres kembang anak kecil santai;6;1.0;anak - salah - takut - kecil - gadget - dukung - sendiri - peduli - main - tahu;6_anak_puji_main_salah;stres anak jalan padahal temen baya hadap tahu anak udah jalan hati tenang lomba ikutin anak ritme sendiri laku stimulasi main imbang diri pegang tangan raya maju kecil diri lama stres kembang anak kecil santai
Anak saya nangis karena kalah lomba dan bilang dia bodoh. Bagaimana cara saya menghiburnya?;Aku tahu, lihat anak sedih gitu bikin hati ikut perih, ya? Coba peluk dia dulu, lalu bilang, ‘Kalah itu wajar, kok, semua orang pernah kalah.’ Ceritain pengalaman kamu sendiri, misalnya, ‘Dulu Mama juga pernah kalah, tapi coba lagi dan jadi lebih baik.’ Tanyain, ‘Apa yang kamu pelajari dari lomba ini?’ Ini bantu dia lihat kegagalan sebagai langkah maju. Apa yang lagi bikin anakmu down? Yuk, kita cari cara buat bikin dia semangat lagi!;GROK;A3_GROK_FilosofiTeras261-289_46.json;anak nang kalah lomba bodoh hibur tahu anak sedih hati perih peluk kalah kalah alam sendiri mama kalah tanyain lomba gagal maju anak down semangat;6;1.0;anak - salah - takut - kecil - gadget - dukung - sendiri - peduli - main - tahu;6_anak_puji_main_salah;anak nang kalah lomba bodoh hibur tahu anak sedih hati perih peluk kalah kalah alam sendiri mama kalah tanyain lomba gagal maju anak down semangat
Saya ingin anak saya pintar akademis sejak kecil, tapi dia cepat bosan belajar. Apa yang salah?;Hai, keinginan anak pintar itu wajar banget, seperti mimpi buat kasih dia masa depan cerah, kan? Tapi, anak kecil memang punya waktu fokus pendek, dan itu normal. Coba ubah cara belajar jadi lebih fun, seperti main sambil kenalin warna atau angka lewat lagu. Yang penting, biarkan dia menikmati proses belajar tanpa tekanan. Apa yang biasanya bikin anakmu bosan? Ceritain, yuk, biar kita cari cara seru buat bikin dia suka belajar!;GROK;A3_GROK_FilosofiTeras261-289_46.json;anak pintar akademis sejak kecil cepat bosan salah anak pintar mimpi masa depan cerah anak kecil pendek ubah main kenalin angka lewat penting nikmat proses tekan anak bosan seru;6;1.0;anak - salah - takut - kecil - gadget - dukung - sendiri - peduli - main - tahu;6_anak_puji_main_salah;anak pintar akademis sejak kecil cepat bosan salah anak pintar mimpi masa depan cerah anak kecil pendek ubah main kenalin angka lewat penting nikmat proses tekan anak bosan seru
Saya sering marah kalau anak saya ceroboh, seperti menumpahkan air. Bagaimana cara lebih sabar?;Aku tahu, anak ceroboh itu kadang bikin gemes, seperti ujian kesabaran setiap hari, ya? Coba tarik napas dalam saat kejadian, lalu bilang, ‘Nggak apa, yuk kita bersihin bareng.’ Ini tunjukkan bahwa kesalahan itu wajar, dan anakmu merasa aman sama kamu. Catat tiga hal kecil yang anakmu lakukan dengan baik setiap hari biar kamu fokus pada sisi positifnya. Apa yang lagi bikin kamu gampang marah? Yuk, kita cari cara buat bikin suasana lebih santai!;GROK;A3_GROK_FilosofiTeras261-289_46.json;marah anak ceroboh tumpah sabar tahu anak ceroboh gemes sabar bersihin bareng tunjuk salah anak catat kecil anak laku sisi positif gampang marah suasana santai;6;1.0;anak - salah - takut - kecil - gadget - dukung - sendiri - peduli - main - tahu;6_anak_puji_main_salah;marah anak ceroboh tumpah sabar tahu anak ceroboh gemes sabar bersihin bareng tunjuk salah anak catat kecil anak laku sisi positif gampang marah suasana santai
Anak saya suka coba-coba sendiri, tapi sering bikin berantakan. Haruskah saya larang?;Wah, anak yang suka coba-coba itu seperti penutup kecil yang penuh semangat, ya! Jangan larang, karena inisiatif itu bikin dia tangguh. Coba arahkan, misalnya, ‘Kalau mau coba masak, kita bersihin bareng setelahnya, ya?’ Puji usahanya, ‘Keren, kamu berani coba!’ Ini bikin dia merasa dihargai. Apa yang biasanya anakmu coba tapi bikin berantakan? Ceritain, biar kita cari cara buat dukung semangatnya tanpa pusing bersihin!;GROK;A3_GROK_FilosofiTeras261-289_46.json;anak sendiri beranta larang anak tutup kecil penuh semangat jangan larang inisiatif tangguh arah masak bersihin bareng puji usaha keren berani harga anak beranta dukung semangat pusing bersihin;6;1.0;anak - salah - takut - kecil - gadget - dukung - sendiri - peduli - main - tahu;6_anak_puji_main_salah;anak sendiri beranta larang anak tutup kecil penuh semangat jangan larang inisiatif tangguh arah masak bersihin bareng puji usaha keren berani harga anak beranta dukung semangat pusing bersihin
Saya takut anak saya malu kalau gagal. Bagaimana cara mengajarkan dia santai menghadapi kesalahan?;Aku tahu, kita pasti pengin anak percaya diri meski gagal, kan? Coba tunjukkan dulu bahwa kesalahan itu oke dengan contoh dari kamu, seperti, ‘Oops, Papa salah masukin garam, haha, besok coba lagi!’ Ajak anakmu ceritain kegagalannya, lalu tanyain, ‘Apa yang seru dari coba-coba ini?’ Puji keberaniannya, ‘Kamu hebat, lho, mau coba!’ Apa yang lagi bikin anakmu takut gagal? Yuk, kita bantu dia lihat kesalahan sebagai petualangan!;GROK;A3_GROK_FilosofiTeras261-289_46.json;takut anak malu gagal santai hadap salah tahu pengin anak percaya diri gagal tunjuk salah contoh oops papa salah masukin garam haha anak gagal tanyain seru puji berani anak takut gagal salah tualang;6;1.0;anak - salah - takut - kecil - gadget - dukung - sendiri - peduli - main - tahu;6_anak_puji_main_salah;takut anak malu gagal santai hadap salah tahu pengin anak percaya diri gagal tunjuk salah contoh oops papa salah masukin garam haha anak gagal tanyain seru puji berani anak takut gagal salah tualang
Saya cemas karena anak saya belum bisa bicara jelas padahal sudah tiga tahun. Bagaimana cara tenang?;Hai, cemas soal perkembangan anak itu wajar banget, seperti nunggu bunga mekar dengan sabun, kan? Setiap anak punya waktu sendiri, kok. Yang bisa kamu lakukan adalah kasih stimulasi, seperti ngobrol sambil main atau nyanyi bareng, dan rayakan kemajuan kecil, seperti ‘Wah, kamu bilang ‘mama’ jelas!’ Kalau masih khawatir, konsultasi ke dokter atau terapis bisa membantu. Apa yang lagi bikin kamu cemas? Ceritain, yuk, biar kita cari cara buat hatimu lebih ringan!;GROK;A3_GROK_FilosofiTeras261-289_46.json;cemas anak bicara jelas padahal tahun tenang cemas kembang anak nunggu bunga mekar sabun anak sendiri laku stimulasi main bareng raya maju kecil mama jelas khawatir konsultasi dokter terap cemas hati ringan;6;1.0;anak - salah - takut - kecil - gadget - dukung - sendiri - peduli - main - tahu;6_anak_puji_main_salah;cemas anak bicara jelas padahal tahun tenang cemas kembang anak nunggu bunga mekar sabun anak sendiri laku stimulasi main bareng raya maju kecil mama jelas khawatir konsultasi dokter terap cemas hati ringan
Anak saya nggak tahu mau jadi apa saat dewasa. Bagaimana cara membantu dia menemukan minatnya?;Wah, anak yang belum tahu tujuannya itu seperti kapal yang masih cari arah, ya! Coba ajak dia eksplorasi lewat pilihan kecil, seperti ‘Mau coba kursus musik atau lukis?’ Biarkan dia coba berbagai hobi, dan tanyain, ‘Apa yang bikin kamu happy saat ngelakuin ini?’ Puji keberaniannya mencoba, ‘Keren, kamu mau eksplor!’ Apa yang anakmu suka lakukan sekarang? Ceritain, biar kita cari cara buat bantu dia kenal dirinya sendiri!;GROK;A3_GROK_FilosofiTeras261-289_46.json;anak tahu dewasa anak tahu tuju kapal arah eksplorasi lewat pilih kecil kursus musik lukis tanyain happy ngelakuin puji berani keren eksplor anak laku kenal diri sendiri;6;1.0;anak - salah - takut - kecil - gadget - dukung - sendiri - peduli - main - tahu;6_anak_puji_main_salah;anak tahu dewasa anak tahu tuju kapal arah eksplorasi lewat pilih kecil kursus musik lukis tanyain happy ngelakuin puji berani keren eksplor anak laku kenal diri sendiri
Saya sering kesal karena anak saya nggak rapi atau lupa tugas. Bagaimana cara lebih santai?;Aku tahu, anak yang nggak rapi atau lupa tugas itu kadang bikin kepala panas, ya? Tapi, nggak ada anak atau orang tua yang sempurna, kok. Coba tarik napas dalam, lalu ajak anakmu beresin bareng, ‘Yuk, kita rapiin kamar, seru!’ Atau, buat reminder lucu untuk tugasnya. Catat tiga hal yang anakmu lakukan dengan baik biar kamu fokus ke sisi positif. Apa yang lagi bikin kamu kesal? Yuk, kita cari cara buat bikin hari-hari lebih santai!;GROK;A3_GROK_FilosofiTeras261-289_46.json;kesal anak rapi lupa tugas santai tahu anak rapi lupa tugas kepala panas anak sempurna anak resin bareng rapiin kamar seru reminder lucu tugas catat anak laku sisi positif kesal santai;6;1.0;anak - salah - takut - kecil - gadget - dukung - sendiri - peduli - main - tahu;6_anak_puji_main_salah;kesal anak rapi lupa tugas santai tahu anak rapi lupa tugas kepala panas anak sempurna anak resin bareng rapiin kamar seru reminder lucu tugas catat anak laku sisi positif kesal santai
Saya khawatir anak saya terlalu pendiam dan nggak percaya diri. Bagaimana cara membantunya?;Hai, punya anak pendiam itu seperti punya permata yang bersinar pelan-pelan, ya! Yang penting, bikin dia merasa aman jadi dirinya sendiri. Coba puji sifat uniknya, seperti ‘Kamu pendiam, tapi selalu perhatian, keren!’ Ajak dia ke aktivitas yang dia suka, seperti menggambar atau main di kelompok kecil, biar dia nyaman buka diri. Apa yang lagi bikin kamu khawatir soal anakmu? Ceritain, yuk, biar kita cari cara buat bikin dia lebih pede!;GROK;A3_GROK_FilosofiTeras261-289_46.json;khawatir anak terlalu diam percaya diri anak diam permata sinar pelan pelan penting diri sendiri puji sifat unik diam perhati keren aktivitas main kelompok kecil nyaman diri khawatir anak pede;6;1.0;anak - salah - takut - kecil - gadget - dukung - sendiri - peduli - main - tahu;6_anak_puji_main_salah;khawatir anak terlalu diam percaya diri anak diam permata sinar pelan pelan penting diri sendiri puji sifat unik diam perhati keren aktivitas main kelompok kecil nyaman diri khawatir anak pede
Saya sering memarahi anak karena kesalahan kecil, seperti lupa naruh sepatu. Bagaimana cara berubah?;Aku tahu, kadang kesalahan kecil anak bikin kita gemes, seperti tombol yang gampang kepencet, ya? Tapi, memarahi bisa bikin dia takut coba-coba. Coba ganti dengan pendekatan ringan, seperti, ‘Sepatu lupa ditaruh, yuk kita taruh bareng!’ Puji usaha dia, ‘Kamu ingat naruh kaos kaki, hebat!’ Catat satu hal kecil yang kamu suka dari anakmu setiap hari biar lebih sabar. Apa yang lagi bikin kamu gampang marah? Yuk, kita cari cara buat bikin suasana lebih hangat!;GROK;A3_GROK_FilosofiTeras261-289_46.json;parah anak salah kecil lupa naruh sepatu ubah tahu salah kecil anak gemes tombol gampang pencet parah takut dekat ringan sepatu lupa taruh taruh bareng puji usaha ingat naruh kaos kaki catat kecil anak sabar gampang marah suasana hangat;6;1.0;anak - salah - takut - kecil - gadget - dukung - sendiri - peduli - main - tahu;6_anak_puji_main_salah;parah anak salah kecil lupa naruh sepatu ubah tahu salah kecil anak gemes tombol gampang pencet parah takut dekat ringan sepatu lupa taruh taruh bareng puji usaha ingat naruh kaos kaki catat kecil anak sabar gampang marah suasana hangat
Anak saya malu kalau salah jawab di kelas. Bagaimana cara mengajarkan dia santai?;Aku tahu, malu karena salah itu seperti spotlight yang bikin grogi, ya? Coba tunjukkan bahwa salah itu asyik dengan ceritain kesalahanmu sambil ketawa, ‘Dulu Papa salah nyanyi lagu, lucu banget!’ Ajak anakmu main kuis ringan di rumah, dan kalau salah, bilang, ‘Haha, seru ya coba-coba!’ Puji keberaniannya, ‘Kamu mau jawab, hebat!’ Apa yang lagi bikin anakmu malu? Ceritain, biar kita cari cara buat bikin dia lebih santai!;GROK;A3_GROK_FilosofiTeras261-289_46.json;anak malu salah kelas santai tahu malu salah spotlight grogi tunjuk salah asyik salah ketawa papa salah lucu anak main kuis ringan salah haha seru puji berani anak malu santai;6;1.0;anak - salah - takut - kecil - gadget - dukung - sendiri - peduli - main - tahu;6_anak_puji_main_salah;anak malu salah kelas santai tahu malu salah spotlight grogi tunjuk salah asyik salah ketawa papa salah lucu anak main kuis ringan salah haha seru puji berani anak malu santai
Saya frustrasi karena anak saya susah nurut, beda sama kakaknya. Bagaimana cara menghadapi ini?;Hai, punya anak yang beda sifat itu seperti punya dua lagu dengan irama berbeda, kadang bikin pusing, ya? Setiap anak memang punya karakter bawaan sendiri, dan itu di luar kendali kita. Coba fokus pada apa yang bisa kamu lakukan: dengarkan dia, tanya, ‘Kenapa kamu nggak suka nurut?’ Beri aturan sederhana dan puji kalau dia coba nurut, ‘Wah, kamu dengar Mama, keren!’ Apa yang lagi bikin kamu frustrasi? Yuk, kita cari cara buat bikin hubungan kalian lebih harmonis!;GROK;A3_GROK_FilosofiTeras261-289_46.json;frustrasi anak susah nurut kakak hadap anak sifat irama pusing anak karakter bawa sendiri luar kendali laku dengar nurut beri atur sederhana puji nurut dengar mama keren frustrasi harmonis;6;1.0;anak - salah - takut - kecil - gadget - dukung - sendiri - peduli - main - tahu;6_anak_puji_main_salah;frustrasi anak susah nurut kakak hadap anak sifat irama pusing anak karakter bawa sendiri luar kendali laku dengar nurut beri atur sederhana puji nurut dengar mama keren frustrasi harmonis
Saya ingin anak saya jujur, tapi saya sendiri kadang bohong kecil. Bagaimana cara memperbaiki ini?;Wah, keinginan anak jujur itu seperti menanam bunga yang indah, tapi kadang kita sendiri lupa menyiram, ya? Anak itu penutup ulung, jadi coba mulai dari diri kamu: kalau bohong kecil, akui, ‘Tadi Mama bilang salah, maaf ya.’ Tunjukkan jujur dalam hal kecil, seperti ‘Mama bilang ke Papa kalau lupa beli susu.’ Ajak anakmu ceritain kejujuran mereka, dan puji, ‘Keren, kamu jujur!’ Apa yang lagi bikin kamu susah jujur? Ceritain, biar kita cari cara buat jadi teladan bareng!;GROK;A3_GROK_FilosofiTeras261-289_46.json;anak jujur sendiri bohong kecil anak jujur tanam bunga indah sendiri lupa siram anak tutup ulung diri bohong kecil tadi mama salah maaf tunjuk jujur kecil mama papa lupa beli susu anak jujur puji keren jujur susah jujur teladan bareng;6;1.0;anak - salah - takut - kecil - gadget - dukung - sendiri - peduli - main - tahu;6_anak_puji_main_salah;anak jujur sendiri bohong kecil anak jujur tanam bunga indah sendiri lupa siram anak tutup ulung diri bohong kecil tadi mama salah maaf tunjuk jujur kecil mama papa lupa beli susu anak jujur puji keren jujur susah jujur teladan bareng
Anak saya takut coba main alat musik baru karena takut salah. Bagaimana cara mendukungnya?;Hai, anak yang takut coba baru itu seperti burung yang ragu terbang, tapi pasti bisa melayang tinggi, kok! Coba dukung inisiatifnya dengan bilang, ‘Nggak apa salah, yang penting coba, seru!’ Main bareng alat musik itu, dan kalau salah, ketawa bareng, ‘Haha, bunyinya lucu!’ Puji keberaniannya, ‘Kamu mau coba, hebat!’ Apa yang lagi bikin anakmu takut? Ceritain, yuk, biar kita cari cara buat bikin dia semangat eksplor!;GROK;A3_GROK_FilosofiTeras261-289_46.json;anak takut main alat musik takut salah dukung anak takut burung ragu terbang layang tinggi dukung inisiatif salah penting seru main bareng alat musik salah ketawa bareng haha bunyi lucu puji berani anak takut semangat eksplor;6;1.0;anak - salah - takut - kecil - gadget - dukung - sendiri - peduli - main - tahu;6_anak_puji_main_salah;anak takut main alat musik takut salah dukung anak takut burung ragu terbang layang tinggi dukung inisiatif salah penting seru main bareng alat musik salah ketawa bareng haha bunyi lucu puji berani anak takut semangat eksplor
Saya sering bilang ke anak bahwa sekolah mahal, tapi dia nggak peduli. Bagaimana cara menjelaskan?;Aku tahu, kadang kita pengin anak ngerti pengorbanan kita, tapi rasanya seperti ngomong ke tembok, ya? Anak kecil memang belum paham konsep biaya sekolah, jadi coba ganti pendekatan. Kalau dia nggak semangat sekolah, tanya, ‘Apa yang bikin kamu nggak suka sekolah?’ Bantu dia temuin hal seru di sekolah, seperti main sama temen. Apa yang lagi bikin anakmu nggak peduli? Ceritain, biar kita cari cara buat bikin dia lebih antusias!;GROK;A3_GROK_FilosofiTeras261-289_46.json;anak sekolah mahal peduli jelas tahu pengin anak korban ngomong tembok anak kecil paham konsep biaya sekolah dekat semangat sekolah sekolah temuin seru sekolah main temen anak peduli antusias;6;1.0;anak - salah - takut - kecil - gadget - dukung - sendiri - peduli - main - tahu;6_anak_puji_main_salah;anak sekolah mahal peduli jelas tahu pengin anak korban ngomong tembok anak kecil paham konsep biaya sekolah dekat semangat sekolah sekolah temuin seru sekolah main temen anak peduli antusias
Anak saya susah berteman di sekolah. Bagaimana cara membantu dia lebih mudah bergaul?;Hai, lihat anak susah berteman pasti bikin kita pengin bantu kasih ‘peta’ buat dia, ya? Coba mulai dari lingkungan kecil, seperti ajak satu temen main ke rumah untuk aktivitas seru, seperti main lego. Puji keberaniannya berinteraksi, ‘Kamu ngobrol sama temen, keren!’ Ajak dia ceritain apa yang dia suka dari temennya. Apa yang lagi bikin anakmu susah berteman? Yuk, kita cari cara buat bikin dia nyaman bergaul!;GROK;A3_GROK_FilosofiTeras261-289_46.json;anak susah teman sekolah mudah gaul anak susah teman pengin peta kecil temen main aktivitas seru main lego puji berani interaksi temen keren temennya anak susah teman nyaman gaul;6;1.0;anak - salah - takut - kecil - gadget - dukung - sendiri - peduli - main - tahu;6_anak_puji_main_salah;anak susah teman sekolah mudah gaul anak susah teman pengin peta kecil temen main aktivitas seru main lego puji berani interaksi temen keren temennya anak susah teman nyaman gaul
Anak saya gagal masuk tim basket sekolah dan saya ikut sedih. Bagaimana cara mendukungnya?;Aku tahu, lihat anak gagal itu seperti ikut merasakan lukanya, ya? Coba peluk dia, lalu bilang, ‘Gagal masuk tim nggak berarti kamu nggak hebat, kok.’ Tanyain, ‘Apa yang kamu suka dari basket? Mau coba latihan lagi?’ Ceritain pengalaman gagalmu yang akhirnya bikin kamu lebih kuat. Puji usahanya, ‘Kamu berani coba, itu luar biasa!’ Apa yang lagi bikin kamu sedih? Yuk, kita bantu anakmu bangkit bareng!;GROK;A3_GROK_FilosofiTeras261-289_46.json;anak gagal masuk basket sekolah sedih dukung tahu anak gagal luka peluk gagal masuk arti tanyain basket alam gagal akhir kuat puji usaha berani luar sedih anak bangkit bareng;6;1.0;anak - salah - takut - kecil - gadget - dukung - sendiri - peduli - main - tahu;6_anak_puji_main_salah;anak gagal masuk basket sekolah sedih dukung tahu anak gagal luka peluk gagal masuk arti tanyain basket alam gagal akhir kuat puji usaha berani luar sedih anak bangkit bareng
Anak saya takut salah mengerjakan PR dan minta saya cek terus. Bagaimana cara bikin dia lebih mandiri?;Wah, anak yang takut salah itu seperti pelukis yang ragu coret kuas, ya! Coba bilang, ‘Nggak apa salah, yang penting coba dulu!’ Biarkan dia kerjain PR sendiri, lalu cek bareng sambil puji, ‘Kamu berani coba sendiri, hebat!’ Ceritain kalau kamu juga pernah salah tapi belajar dari situ. Apa yang lagi bikin anakmu takut salah? Ceritain, biar kita cari cara buat bikin dia lebih percaya diri!;GROK;A3_GROK_FilosofiTeras261-289_46.json;anak takut salah kerja minta terus mandiri anak takut salah peluk ragu coret kuas salah penting kerjain sendiri bareng puji berani sendiri salah situ anak takut salah percaya diri;6;1.0;anak - salah - takut - kecil - gadget - dukung - sendiri - peduli - main - tahu;6_anak_puji_main_salah;anak takut salah kerja minta terus mandiri anak takut salah peluk ragu coret kuas salah penting kerjain sendiri bareng puji berani sendiri salah situ anak takut salah percaya diri
Saya merasa bersalah karena sering marah ke anak. Bagaimana cara jadi orang tua yang lebih baik?;Hai, rasa bersalah itu tanda kamu peduli banget sama anakmu, lho! Nggak ada orang tua sempurna, kok. Coba mulai dari hal kecil: kalau marah, tarik napas dalam, lalu bilang, ‘Maaf ya, Mama tadi kesal.’ Tunjukkan kasih sayang lewat waktu bareng, seperti main atau ngobrol santai. Tulis tiga hal yang kamu suka dari anakmu setiap hari biar fokus ke positif. Apa yang lagi bikin kamu merasa bersalah? Yuk, kita cari cara buat bikin hubungan kalian lebih hangat!;GROK;A3_GROK_FilosofiTeras261-289_46.json;salah marah anak salah peduli anak sempurna kecil marah maaf mama tadi kesal tunjuk sayang lewat bareng main santai anak positif salah hangat;6;1.0;anak - salah - takut - kecil - gadget - dukung - sendiri - peduli - main - tahu;6_anak_puji_main_salah;salah marah anak salah peduli anak sempurna kecil marah maaf mama tadi kesal tunjuk sayang lewat bareng main santai anak positif salah hangat
Saya khawatir anak saya nggak juara di lomba, padahal dia sudah latihan keras. Bagaimana cara mendukungnya?;Aku tahu, pengin lihat anak juara itu seperti mimpi indah, kan? Tapi, yang lebih penting adalah dia enjoy latihannya. Coba bilang, ‘Kamu latihan keras banget, itu udah hebat!’ Tanyain, ‘Apa yang paling seru dari lomba ini?’ Puji usahanya, ‘Kamu berani ikut, luar biasa!’ Kalau nggak juara, ceritain kegagalanmu yang bikin kamu lebih kuat. Apa yang lagi bikin kamu khawatir? Yuk, kita bantu anakmu nikmati perjalanannya!;GROK;A3_GROK_FilosofiTeras261-289_46.json;khawatir anak juara lomba padahal dukung tahu pengin anak juara mimpi indah penting enjoy udah tanyain paling seru lomba puji usaha berani luar juara gagal kuat khawatir anak nikmat jalan;6;1.0;anak - salah - takut - kecil - gadget - dukung - sendiri - peduli - main - tahu;6_anak_puji_main_salah;khawatir anak juara lomba padahal dukung tahu pengin anak juara mimpi indah penting enjoy udah tanyain paling seru lomba puji usaha berani luar juara gagal kuat khawatir anak nikmat jalan
Saya khawatir anak saya terlalu sensitif dan mudah menangis. Bagaimana cara membantunya?;Hai, anak yang sensitif itu seperti bunga yang lembut, butuh pelukan ekstra, ya! Yang penting, bikin dia merasa aman jadi dirinya. Coba peluk dia saat nangis, lalu bilang, ‘Nggak apa, boleh sedih, kok.’ Tanyain, ‘Apa yang bikin kamu sedih?’ Ajak dia ceritain perasaannya lewat gambar atau cerita. Puji sifat sensitifnya, ‘Kamu perhatian banget, itu keren!’ Apa yang lagi bikin anakmu mudah nangis? Ceritain, biar kita cari cara buat bikin dia lebih kuat!;GROK;A3_GROK_FilosofiTeras261-289_46.json;khawatir anak terlalu sensitif mudah menang anak sensitif bunga lembut butuh peluk ekstra penting diri peluk nang sedih tanyain sedih lewat puji sifat sensitif perhati keren anak mudah nang kuat;6;1.0;anak - salah - takut - kecil - gadget - dukung - sendiri - peduli - main - tahu;6_anak_puji_main_salah;khawatir anak terlalu sensitif mudah menang anak sensitif bunga lembut butuh peluk ekstra penting diri peluk nang sedih tanyain sedih lewat puji sifat sensitif perhati keren anak mudah nang kuat
Anak saya bilang temennya jual dan saya pengin marah ke orang tua temennya. Bagaimana cara tenang?;Aku tahu, dengar anak diperlakukan jahat itu seperti ada badai di hati, kan? Tapi, coba tarik napas dalam dulu, lalu ajak anakmu ngobrol, ‘Apa yang kamu rasakan?’ Bantu dia lihat bahwa perbuatan temennya nggak mendefinisikan dirinya. Kalau perlu, bicara santai sama guru atau orang tua temennya dengan kepala dingin. Apa yang lagi bikin kamu marah? Yuk, kita cari cara buat tangani ini dengan tenang biar anakmu juga belajar!;GROK;A3_GROK_FilosofiTeras261-289_46.json;anak temennya jual pengin marah temennya tenang tahu dengar anak laku jahat badai hati anak temennya definisi diri perlu bicara santai guru temennya kepala dingin marah tangan tenang anak;6;1.0;anak - salah - takut - kecil - gadget - dukung - sendiri - peduli - main - tahu;6_anak_puji_main_salah;anak temennya jual pengin marah temennya tenang tahu dengar anak laku jahat badai hati anak temennya definisi diri perlu bicara santai guru temennya kepala dingin marah tangan tenang anak
Anak saya stres kalau salah main piano di depan orang. Bagaimana cara bikin dia lebih santai?;Wah, main piano di depan orang itu memang seperti tampil di panggung besar, bikin deg-degan, ya! Coba tunjukkan bahwa salah itu seru dengan ceritain kesalahanmu, ‘Dulu Mama salah nyanyi, semua ketawa, lucu!’ Ajak dia main piano bareng di rumah, dan kalau salah, bilang, ‘Haha, nada kita unik!’ Puji keberaniannya, ‘Kamu mau main, hebat!’ Apa yang lagi bikin anakmu stres? Ceritain, biar kita cari cara buat bikin dia enjoy main piano!;GROK;A3_GROK_FilosofiTeras261-289_46.json;anak stres salah main piano depan santai main piano depan tampil panggung degan tunjuk salah seru salah mama salah ketawa lucu main piano bareng salah haha unik puji berani main anak stres enjoy main piano;6;1.0;anak - salah - takut - kecil - gadget - dukung - sendiri - peduli - main - tahu;6_anak_puji_main_salah;anak stres salah main piano depan santai main piano depan tampil panggung degan tunjuk salah seru salah mama salah ketawa lucu main piano bareng salah haha unik puji berani main anak stres enjoy main piano
Saya kesal karena anak saya nggak seaktif anak lain. Bagaimana cara menerima sifatnya?;Hai, kadang kita pengin anak kita kayak kembang api, tapi setiap anak punya sinar sendiri, kan? Sifat anak itu sebagian bawaan, dan itu di luar kendali kita. Coba fokus pada keunikannya, seperti ‘Kamu nggak terlalu aktif, tapi selalu mikir dalam, keren!’ Ajak dia ke aktivitas yang cocok, seperti baca buku atau main puzzle. Puji sifatnya, ‘Kamu tenang, itu istimewa!’ Apa yang lagi bikin kamu kesal? Yuk, kita cari cara buat peluk sifat anakmu!;GROK;A3_GROK_FilosofiTeras261-289_46.json;kesal anak anak terima sifat pengin anak kembang anak sinar sendiri sifat anak bawa luar kendali terlalu mikir keren aktivitas cocok baca buku main puzzle puji sifat tenang istimewa kesal peluk sifat anak;6;1.0;anak - salah - takut - kecil - gadget - dukung - sendiri - peduli - main - tahu;6_anak_puji_main_salah;kesal anak anak terima sifat pengin anak kembang anak sinar sendiri sifat anak bawa luar kendali terlalu mikir keren aktivitas cocok baca buku main puzzle puji sifat tenang istimewa kesal peluk sifat anak
Saya ingin anak saya peduli sama orang lain, tapi saya sendiri sibuk. Bagaimana cara mencontohkan?;Wah, keinginan anak peduli itu seperti menanam pohon kebaikan, tapi kadang kita lupa menyiram karena sibuk, ya? Coba mulai dari hal kecil: ajak anakmu bantu tetangga, seperti bawa kue, dan bilang, ‘Seru ya bikin orang senang!’ Tunjukkan peduli dalam keseharian, seperti tanya kabar temen di depan anakmu. Puji kalau dia peduli, ‘Kamu perhatian banget, hebat!’ Apa yang lagi bikin kamu susah nunjukin peduli? Ceritain, biar kita cari cara bareng!;GROK;A3_GROK_FilosofiTeras261-289_46.json;anak peduli sendiri sibuk contoh anak peduli tanam pohon lupa siram sibuk kecil anak tetangga bawa seru senang tunjuk peduli kabar temen depan anak puji peduli perhati susah nunjukin peduli bareng;6;1.0;anak - salah - takut - kecil - gadget - dukung - sendiri - peduli - main - tahu;6_anak_puji_main_salah;anak peduli sendiri sibuk contoh anak peduli tanam pohon lupa siram sibuk kecil anak tetangga bawa seru senang tunjuk peduli kabar temen depan anak puji peduli perhati susah nunjukin peduli bareng
Anak saya takut coba olahraga baru karena takut jatuh. Bagaimana cara mendukungnya?;Hai, anak yang takut coba baru itu seperti burung kecil yang ragu terbang, tapi pasti bisa, kok! Coba dukung inisiatifnya dengan bilang, ‘Jatuh nggak apa, yang penting coba, seru!’ Ajak dia coba olahraga ringan, seperti sepeda, dan kalau jatuh, ketawa bareng, ‘Haha, kita petualang!’ Puji keberaniannya, ‘Kamu mau coba, hebat!’ Apa yang lagi bikin anakmu takut? Ceritain, yuk, biar kita cari cara buat bikin dia semangat!;GROK;A3_GROK_FilosofiTeras261-289_46.json;anak takut olahraga takut jatuh dukung anak takut burung kecil ragu terbang dukung inisiatif jatuh penting seru olahraga ringan sepeda jatuh ketawa bareng haha tualang puji berani anak takut semangat;6;1.0;anak - salah - takut - kecil - gadget - dukung - sendiri - peduli - main - tahu;6_anak_puji_main_salah;anak takut olahraga takut jatuh dukung anak takut burung kecil ragu terbang dukung inisiatif jatuh penting seru olahraga ringan sepeda jatuh ketawa bareng haha tualang puji berani anak takut semangat
Saya sering bilang ke anak bahwa sekolah mahal, tapi dia nggak peduli. Bagaimana cara menjelaskan?;Aku tahu, kadang kita pengin anak ngerti pengorbanan kita, tapi rasanya seperti ngomong ke tembok, ya? Anak kecil memang belum paham konsep biaya sekolah, jadi coba ganti pendekatan. Kalau dia nggak semangat sekolah, tanya, ‘Apa yang bikin kamu nggak suka sekolah?’ Bantu dia temuin hal seru di sekolah, seperti main sama temen. Apa yang lagi bikin anakmu nggak peduli? Ceritain, biar kita cari cara buat bikin dia lebih antusias!;GROK;A3_GROK_FilosofiTeras261-289_46.json;anak sekolah mahal peduli jelas tahu pengin anak korban ngomong tembok anak kecil paham konsep biaya sekolah dekat semangat sekolah sekolah temuin seru sekolah main temen anak peduli antusias;6;1.0;anak - salah - takut - kecil - gadget - dukung - sendiri - peduli - main - tahu;6_anak_puji_main_salah;anak sekolah mahal peduli jelas tahu pengin anak korban ngomong tembok anak kecil paham konsep biaya sekolah dekat semangat sekolah sekolah temuin seru sekolah main temen anak peduli antusias
Aku takut anakku nanti bermasalah kalau rumahku nggak harmonis, apa yang harus aku lakukan?;Kekhawatiranmu wajar banget. Anak memang peka sama suasana rumah. Coba ciptain momen-momen kecil yang bikin mereka merasa dicintai, seperti dengerin cerita mereka atau kasih pelukan. Nggak perlu sempurna, yang penting mereka tahu kamu ada buat mereka. Kalau rumah lagi tegang, coba atur emosi dulu biar nggak memengaruhi anak.;GROK;D10_GROK_HidupDamaiTanpaBerpikirBerlebihan119-130_20.json;takut anak harmonis laku khawatir anak peka suasana ciptain momen momen kecil cinta dengerin peluk perlu sempurna penting tahu tegang atur emosi pengaruh anak;6;1.0;anak - salah - takut - kecil - gadget - dukung - sendiri - peduli - main - tahu;6_anak_puji_main_salah;takut anak harmonis laku khawatir anak peka suasana ciptain momen momen kecil cinta dengerin peluk perlu sempurna penting tahu tegang atur emosi pengaruh anak
Anakku udah besar, tapi aku susah banget lepasin dia. Takut dia salah jalan. Apa yang harus aku lakukan?;Wajar kok kamu khawatir, itu tanda kamu peduli. Tapi, anakmu juga perlu belajar dari pengalamannya sendiri supaya bisa mandiri. Coba mulai dengan kasih dia tanggung jawab kecil, seperti ngurus keuangan atau ambil keputusan sederhana. Dukung dia dari jauh, tapi jangan langsung ikut campur. Kalau kamu takut dia salah jalan, mungkin bisa rutin ngobrol ringan, tanya kabar, tanpa ngasih saran kalau dia nggak minta. Ingat, dia tetep anakmu, tapi hidupnya sekarang punya ‘jembatan’ sendiri.;GROK;D10_GROK_HidupDamaiTanpaBerpikirBerlebihan131-141_20.json;anak udah susah lepasin takut salah jalan laku khawatir peduli anak perlu alam sendiri mandiri kecil ngurus uang putus sederhana dukung jauh jangan langsung campur takut salah jalan rutin ringan kabar ngasih saran minta ingat anak hidup jembatan sendiri;6;1.0;anak - salah - takut - kecil - gadget - dukung - sendiri - peduli - main - tahu;6_anak_puji_main_salah;anak udah susah lepasin takut salah jalan laku khawatir peduli anak perlu alam sendiri mandiri kecil ngurus uang putus sederhana dukung jauh jangan langsung campur takut salah jalan rutin ringan kabar ngasih saran minta ingat anak hidup jembatan sendiri
Aku pengen anakku nurut aja sama apa yang aku bilang. Apa salah kalau aku pengen yang terbaik buat dia?;Nggak salah kok kamu pengen yang terbaik buat anakmu. Tapi, kalau kamu terlalu ngatur, dia bisa kehilangan kesempatan buat belajar mandiri. Anakmu punya cara sendiri buat tumbuh, dan kadang mereka perlu bikin kesalahan biar belajar. Coba kasih saran, tapi biarkan dia yang pilih jalannya. Misalnya, kalau dia mau ambil keputusan, tanya, 'Kamu udah pikirkan risikonya?’ Biar dia merasa didengar, tapi tetap belajar tanggung jawab.;GROK;D10_GROK_HidupDamaiTanpaBerpikirBerlebihan131-141_20.json;anak nurut salah salah anak terlalu ngatur hilang sempat mandiri anak sendiri tumbuh perlu salah saran pilih jalan putus udah risiko dengar tetap;6;1.0;anak - salah - takut - kecil - gadget - dukung - sendiri - peduli - main - tahu;6_anak_puji_main_salah;anak nurut salah salah anak terlalu ngatur hilang sempat mandiri anak sendiri tumbuh perlu salah saran pilih jalan putus udah risiko dengar tetap
Aku ngerasa lingkunganku bikin aku pengen cepet punya anak, padahal aku masih muda. Apa ini wajar?;Tekanan dari lingkungan bisa bikin kamu merasa harus buru-buru punya anak, tapi ini nggak berarti kamu harus ikut. Kamu masih muda, dan punya waktu untuk pikirkan apa yang kamu mau. Coba fokus ke tujuan pribadimu, seperti sekolah atau hobi. Kalau tekanan ini bikin stres, ngobrol sama temen atau konselor bisa bantu. Aku ada di sini kalau kamu mau diskusi.;GROK;D11_GROK_AHandbookfortheSMH369-379_20.json;ngerasa cepet anak padahal muda tekan buru buru anak arti muda tuju pribadi sekolah tekan stres temen konselor diskusi;6;1.0;anak - salah - takut - kecil - gadget - dukung - sendiri - peduli - main - tahu;6_anak_puji_main_salah;ngerasa cepet anak padahal muda tekan buru buru anak arti muda tuju pribadi sekolah tekan stres temen konselor diskusi
Aku punya anak, tapi kok rasanya aku nggak cukup sebagai orang tua. Aku takut gagal.;Jadi orang tua itu tantangan besar, dan rasa takut gagal itu menunjukkan kamu peduli. Anak-anak memang bisa bikin stres, apalagi kalau keuangan atau waktu terbatas. Coba ceritain, apa yang bikin kamu merasa nggak cukup? Mungkin kita bisa cari satu cara kecil buat bikin kamu merasa lebih percaya diri.;GROK;D11_GROK_AHandbookfortheSMH391-401_20.json;anak cukup takut gagal tantang takut gagal tunjuk peduli anak anak stres uang batas cukup kecil percaya diri;6;1.0;anak - salah - takut - kecil - gadget - dukung - sendiri - peduli - main - tahu;6_anak_puji_main_salah;anak cukup takut gagal tantang takut gagal tunjuk peduli anak anak stres uang batas cukup kecil percaya diri
Aku takut kalau aku punya anak, aku bakal jadi orang tua yang buruk. Aku nggak mau mereka menderita karena aku.;Wah, kepedulian kamu buat anak kamu kelihatan banget, dan itu udah tanda bahwa kamu nggak mau jadi orang tua yang buruk. Coba kita pikir, apa sih yang bikin kamu takut bakal gagal? Mungkin kamu bisa coba pelajari hal-hal kecil tentang parenting, kayak cara dengerin anak dengan baik. Apa kamu mau coba baca atau ngobrol sama orang tua lain yang kamu percaya?;GROK;D12_GROK_ClinicalHandbookPsychologicalDisorders110-120_20.json;takut anak derita peduli anak udah takut gagal kecil parenting dengerin anak baca percaya;6;1.0;anak - salah - takut - kecil - gadget - dukung - sendiri - peduli - main - tahu;6_anak_puji_main_salah;takut anak derita peduli anak udah takut gagal kecil parenting dengerin anak baca percaya
Aku takut kalau aku nggak ikut campur, anakku nanti nggak belajar dan gagal. Apa yang harus aku lakukan?;Aku ngerti kekhawatiranmu sebagai orang tua, pasti ingin yang terbaik buat anak. Tapi, belajar itu sebenarnya tugas anakmu, bukan kamu. Kalau kamu terlalu ikut campur, dia mungkin nggak belajar bertanggung jawab. Coba dukung dengan cara lain, seperti bilang, ‘Aku tahu belajar kadang berat, tapi aku yakin kamu bisa. Kalau butuh bantuan, bilang ya!’ Dengan begitu, kamu nunjukin cinta tanpa mengambil alih tugasnya.;GROK;D6_GROK_BeraniTidakDisukaiW163-173_13.json;takut campur anak gagal laku khawatir anak tugas anak bukan terlalu campur dukung tahu berat yakin butuh nunjukin cinta tugas;6;1.0;anak - salah - takut - kecil - gadget - dukung - sendiri - peduli - main - tahu;6_anak_puji_main_salah;takut campur anak gagal laku khawatir anak tugas anak bukan terlalu campur dukung tahu berat yakin butuh nunjukin cinta tugas
Aku pengen anakku selalu nurut, makanya aku keras sama mereka. Itu bener nggak sih?;Keras boleh, tapi kalau terlalu, anak bisa takut atau malah memberontak. Coba tegas tapi penuh kasih, ajak mereka ngobrol kenapa kamu minta mereka nurut. Kasih tahu aturan dengan alasan yang jelas, dan dengerin juga pendapat mereka. Itu bikin mereka lebih mengerti daripada cuma takut.;GROK;D10_GROK_HidupDamaiTanpaBerpikirBerlebihan119-130_20.json;anak nurut makanya terlalu anak takut malah berontak tegas penuh minta nurut tahu atur alas jelas dengerin erti takut;6;1.0;anak - salah - takut - kecil - gadget - dukung - sendiri - peduli - main - tahu;6_anak_puji_main_salah;anak nurut makanya terlalu anak takut malah berontak tegas penuh minta nurut tahu atur alas jelas dengerin erti takut
Emilia, aku ngerasa orang tuaku nggak peduli sama perasaanku. Apa yang harus aku lakukan?;Itu pasti bikin sedih. Coba ajak ngobrol orang tuamu dengan cara yang tenang, misalnya bilang apa yang kamu rasakan tanpa menyalahkan. Kalau susah, mungkin cerita ke orang dewasa lain yang kamu percaya, seperti guru. Kamu berhak merasa didengar, dan aku di sini buat dukung kamu.;GROK;D11_GROK_AHandbookfortheSMH347-357_20.json;ngerasa peduli laku sedih tenang salah susah dewasa percaya guru dengar dukung;6;0.7759586023121559;anak - salah - takut - kecil - gadget - dukung - sendiri - peduli - main - tahu;-1_kecil_diri_sendiri_hidup;ngerasa peduli laku sedih tenang salah susah dewasa percaya guru dengar dukung
Aku nggak punya anak, dan kadang merasa nggak lengkap. Apa aku egois kalau nggak mau punya anak?;Nggak ada yang egois dari pilihan itu. Setiap orang punya alasan sendiri soal anak, dan itu nggak bikin kamu kurang berharga. Coba ceritain, apa yang bikin kamu merasa nggak lengkap? Mungkin kita bisa cari hal lain yang bikin hidupmu terasa penuh.;GROK;D11_GROK_AHandbookfortheSMH391-401_20.json;anak lengkap egois anak egois pilih alas sendiri anak kurang harga lengkap hidup penuh;6;0.7581780648958757;anak - salah - takut - kecil - gadget - dukung - sendiri - peduli - main - tahu;-1_kecil_diri_sendiri_hidup;anak lengkap egois anak egois pilih alas sendiri anak kurang harga lengkap hidup penuh
Aku suka minum pas mancing, soalnya seru. Gimana caranya mancing tanpa minum?;Mancing emang asyik, dan wajar kalau minum jadi bagian dari kesenangan itu. Coba bawa minuman lain yang kamu suka, kayak soda atau jus, dan simpan di cooler biar rasanya mirip. Ajak temen atau anakmu yang nggak minum, biar fokus ke obrolan atau kompetisi mancing. Sebelum berangkat, pastikan nggak mampir ke tempat yang jual alkohol. Apa kamu punya ide minuman yang bisa bikin mancing tetep seru?;GROK;D12_GROK_ClinicalHandbookPsychologicalDisorders616-626_20.json;mancing seru mancing mancing emang asyik senang bawa soda simpan cooler mirip temen anak obrol kompetisi mancing berangkat mampir tempat jual alkohol mancing seru;6;0.7487130643443397;anak - salah - takut - kecil - gadget - dukung - sendiri - peduli - main - tahu;-1_kecil_diri_sendiri_hidup;mancing seru mancing mancing emang asyik senang bawa soda simpan cooler mirip temen anak obrol kompetisi mancing berangkat mampir tempat jual alkohol mancing seru
Aku merasa bersalah kalau nggak bisa bantu keluargaku. Gimana caranya biar nggak gitu?;Merasa bersalah itu wajar, tapi kamu nggak bisa tanggung semuanya sendiri. Coba bicarain sama keluargamu, mungkin mereka juga pengen bantu. Fokus ke apa yang bisa kamu lakukan sekarang. Mau ceritain lebih detail? Aku dengerin.;GROK;D11_GROK_AHandbookfortheSMH314-324_20.json;salah keluarga salah sendiri bicarain keluarga laku detail dengerin;6;0.7324034848661469;anak - salah - takut - kecil - gadget - dukung - sendiri - peduli - main - tahu;-1_kecil_diri_sendiri_hidup;salah keluarga salah sendiri bicarain keluarga laku detail dengerin
Aku merasa nggak ada gunanya cerita ke keluarga soal masalahku. Mereka pasti nggak ngerti.;Aku ngerti rasanya kalau nggak yakin keluarga bakal paham. Tapi kadang, mereka cuma butuh sedikit penjelasan biar bisa mendukungmu. Mungkin mulai dari cerita kecil, atau ajak satu orang yang paling dekat sama kamu buat ngobrol. Kalau masih susah, aku di sini buat dengerin, dan kita bisa pikirin cara lain buat kamu dapat dukungan.;GROK;D12_GROK_ClinicalHandbookPsychologicalDisorders517-527_20.json;keluarga yakin keluarga paham butuh jelas dukung kecil paling dekat susah dengerin pikirin dukung;6;0.725797711723682;anak - salah - takut - kecil - gadget - dukung - sendiri - peduli - main - tahu;-1_kecil_diri_sendiri_hidup;keluarga yakin keluarga paham butuh jelas dukung kecil paling dekat susah dengerin pikirin dukung
Aku merasa keluargaku terlalu ikut campur kalau aku lagi down. Gimana caranya biar mereka ngerti batasanku?;Wah, kadang keluarga memang pengin bantu, tapi caranya bisa terasa berlebihan, ya. Coba deh sampaikan dengan lembut tapi tegas, misalnya, 'Aku tahu kalian peduli, tapi aku butuh waktu sendiri dulu buat atur perasaanku.' Menentukan batasan itu penting, dan aku dukung kamu buat nyoba komunikasiin ini!;GROK;D12_GROK_ClinicalHandbookPsychologicalDisorders517-527_20.json;keluarga terlalu campur down batas keluarga pengin lembut tegas tahu peduli butuh sendiri atur batas penting dukung nyoba komunikasiin;6;0.7247375325919403;anak - salah - takut - kecil - gadget - dukung - sendiri - peduli - main - tahu;-1_kecil_diri_sendiri_hidup;keluarga terlalu campur down batas keluarga pengin lembut tegas tahu peduli butuh sendiri atur batas penting dukung nyoba komunikasiin
Aku merasa nggak punya siapa-siapa yang mendukungku untuk berhenti minum. Aku harus apa?;Rasanya pasti berat kalau merasa sendirian dalam perjuangan ini. Tapi kamu nggak benar-benar sendiri, aku di sini untuk mendengarmu. Mungkin kamu bisa cari komunitas atau kelompok dukungan, seperti yang berbasis online atau di daerahmu, di mana orang-orang punya pengalaman serupa. Mereka bisa bantu kasih semangat. Apa kamu tertarik untuk mencari tahu lebih banyak tentang kelompok seperti itu?;GROK;D12_GROK_ClinicalHandbookPsychologicalDisorders594-604_20.json;siapa siapa dukung henti berat sendiri juang sendiri dengar kelompok dukung daerah alam rupa semangat tahu kelompok;6;0.7179987204923411;anak - salah - takut - kecil - gadget - dukung - sendiri - peduli - main - tahu;-1_kecil_diri_sendiri_hidup;siapa siapa dukung henti berat sendiri juang sendiri dengar kelompok dukung daerah alam rupa semangat tahu kelompok
Emilia, aku merasa anakku susah diatur setelah aku cerai. Apa ini karena cerai aku?;Aku turut prihatin dengar anakmu susah diatur. Cerai bisa memengaruhi perilaku anak, karena mereka mungkin merasa bingung atau nggak aman dengan perubahan besar itu. Tapi, bukan berarti cuma karena cerai. Bisa juga karena mereka lagi cari cara buat hadapi emosi mereka. Mungkin kamu bisa coba ngobrol sama anakmu atau cari bantuan profesional buat bantu mereka. Apa yang biasanya bikin anakmu susah diatur? Mau ceritain?;GROK;D11_GROK_AHandbookfortheSMH336-346_20.json;anak susah atur cerai cerai turut prihatin dengar anak susah atur cerai pengaruh perilaku anak ubah bukan arti cerai hadap emosi anak profesional anak susah atur;6;0.7105789968977232;anak - salah - takut - kecil - gadget - dukung - sendiri - peduli - main - tahu;-1_kecil_diri_sendiri_hidup;anak susah atur cerai cerai turut prihatin dengar anak susah atur cerai pengaruh perilaku anak ubah bukan arti cerai hadap emosi anak profesional anak susah atur
Aku takut kotoran anjing di taman nempel ke sepatuku. Makanya aku nggak pernah ke taman. Apa itu wajar?;Aku ngerti rasa takutmu, tapi menghindari taman sama sekali mungkin bikin kamu kehilangan momen seru di luar. Kotoran anjing memang nggak enak, tapi nggak selalu bahaya. Apa kamu mau coba jalan di taman tanpa cek sepatu sesudahnya?;GROK;D12_GROK_ClinicalHandbookPsychologicalDisorders187-197_20.json;takut kotor taman nempel sepatu makanya taman takut hindar taman sekali hilang momen seru luar kotor enak bahaya jalan taman sepatu;6;0.686693219708235;anak - salah - takut - kecil - gadget - dukung - sendiri - peduli - main - tahu;-1_kecil_diri_sendiri_hidup;takut kotor taman nempel sepatu makanya taman takut hindar taman sekali hilang momen seru luar kotor enak bahaya jalan taman sepatu
Anak saya selalu bilang ‘terserah’ saat disuruh memilih. Bagaimana cara melatih dia lebih tegas?;Wah, anak yang bilang ‘terserah’ itu kayak puzzle yang butuh dikit dorongan, ya! Coba mulai dari pilihan simpel, seperti ‘Mau makan apel atau pisang?’ dan beri dua opsi biar nggak bingung. Kalau dia memilih, puji dia, ‘Wah, pilihan bagus!’ Ini bikin dia merasa pendapatnya berarti. Jangan lupa tunjukkan kamu juga suka memilih, misalnya, ‘Mama pilih teh hari ini!’ Apa yang biasanya bikin anakmu bilang terserah? Ceritain, biar kita cari cara seru buat latih dia!;GROK;A3_GROK_FilosofiTeras261-289_46.json;anak serah suruh pilih tegas anak serah puzzle butuh dikit dorong pilih simpel makan apel pisang beri opsi pilih puji pilih bagus arti jangan lupa tunjuk pilih mama pilih anak serah seru;6;0.6721424932499411;anak - salah - takut - kecil - gadget - dukung - sendiri - peduli - main - tahu;6_anak_puji_main_salah;anak serah suruh pilih tegas anak serah puzzle butuh dikit dorong pilih simpel makan apel pisang beri opsi pilih puji pilih bagus arti jangan lupa tunjuk pilih mama pilih anak serah seru
Mengapa pendidikan untuk anak laki-laki dan perempuan harus setara?;Pendidikan untuk anak laki-laki dan perempuan harus setara karena keduanya punya kemampuan nalar, kreativitas, dan potensi yang sama untuk berkembang. Memberikan pendidikan yang setara memungkinkan mereka mengembangkan kebajikan, seperti kejujuran atau ketangguhan, tanpa dibatasi stereotip gender, sehingga mereka bisa mencapai potensi penuh sebagai individu.;GROK;A3_GROK_FilosofiTeras261-289_46.json;didik anak laki laki perempuan tara didik anak laki laki perempuan tara mampu nalar kreativitas potensi kembang beri didik tara kembang kebaji jujur tangguh batas stereotip gender capai potensi penuh individu;6;0.6705989312242191;anak - salah - takut - kecil - gadget - dukung - sendiri - peduli - main - tahu;-1_kecil_diri_sendiri_hidup;didik anak laki laki perempuan tara didik anak laki laki perempuan tara mampu nalar kreativitas potensi kembang beri didik tara kembang kebaji jujur tangguh batas stereotip gender capai potensi penuh individu
Aku belanja berlebihan lalu beri hadiah ke teman agar tak merasa bersalah. Apakah sehat?;Memberi itu baik, tapi jika motifnya menghapus rasa bersalah, lebih baik kelola keuangan dan hadapi emosi secara langsung.;GPT;A1_GPT_PsikologiKepribadian14-33_50.json;belanja beri hadiah teman salah sehat beri motif hapus salah kelola uang hadap emosi langsung;6;0.6685078559212164;anak - salah - takut - kecil - gadget - dukung - sendiri - peduli - main - tahu;-1_kecil_diri_sendiri_hidup;belanja beri hadiah teman salah sehat beri motif hapus salah kelola uang hadap emosi langsung
Kenapa aku selalu merasa takut mengingat masa kecilku yang penuh konflik?;Wajar kalau kenangan masa kecil yang sulit bikin kamu takut. Tapi coba lihat dari sudut lain: kenangan itu seperti kartu dalam hidupmu. Kamu bisa memilih untuk tidak membiarkannya mengendalikan hubunganmu sekarang. Coba tulis apa yang kamu rasakan, lalu pikirkan satu hal kecil yang bisa kamu lakukan untuk berdamai dengan masa lalu, seperti meditasi atau ngobrol sama temen dekat.;GROK;D6_GROK_BeraniTidakDisukaiW196-206_15.json;takut ingat masa kecil penuh konflik kenang masa kecil sulit takut sudut kenang kartu hidup pilih kendali kecil laku damai masa meditasi temen dekat;6;0.6651727949270974;anak - salah - takut - kecil - gadget - dukung - sendiri - peduli - main - tahu;-1_kecil_diri_sendiri_hidup;takut ingat masa kecil penuh konflik kenang masa kecil sulit takut sudut kenang kartu hidup pilih kendali kecil laku damai masa meditasi temen dekat
Saya ingin tahu lebih banyak tentang diri saya. Apa itu tes asosiasi kata?;Keinginan mengenal diri sendiri adalah petualangan seru! Carl Gustav Jung menciptakan tes asosiasi kata untuk ungkap perasaan tersembunyi. Caranya, kamu dengar kata dan bilang apa yang langsung terpikir. Misalnya, kalau ‘hutan’, apa yang kamu pikirkan? Coba mainkan dengan 5 kata acak dan tulis jawabanmu. Mau ceritain apa yang kamu temukan?;GROK;A1_GROK_PsikologiKepribadian34-60_47.json;tahu diri asosiasi kata kenal diri sendiri tualang seru cipta asosiasi kata ungkap sembunyi dengar kata langsung hutan main kata acak;6;0.6645638839080953;anak - salah - takut - kecil - gadget - dukung - sendiri - peduli - main - tahu;-1_kecil_diri_sendiri_hidup;tahu diri asosiasi kata kenal diri sendiri tualang seru cipta asosiasi kata ungkap sembunyi dengar kata langsung hutan main kata acak
Bagaimana memilih teman sebagai buddy olahraga?;Pilih yang jadwalnya mirip dan memiliki semangat saling dukung, bukan menghakimi. Sepakati target realistis bersama.;GPT;D1_GPT_HealthPsycology152-167_50.json;pilih teman buddy olahraga pilih jadwal mirip milik semangat saling dukung bukan hakim sepakat target realistis;6;0.658251456776266;anak - salah - takut - kecil - gadget - dukung - sendiri - peduli - main - tahu;-1_kecil_diri_sendiri_hidup;pilih teman buddy olahraga pilih jadwal mirip milik semangat saling dukung bukan hakim sepakat target realistis
Saya sulit menghadapi tanggung jawab dewasa. Bagaimana cara mengatasinya?;Tanggung jawab dewasa bisa terasa berat, dan kamu hebat karena menghadapinya! Carl Gustav Jung bilang masa muda adalah transisi dari kebebasan anak ke dunia nyata. Fokus pada satu tanggung jawab kecil setiap hari, seperti menyelesaikan tugas, dan rayakan keberhasilanmu. Sisihkan waktu untuk bersenang-senang agar seimbang. Apa tanggung jawab yang lagi terasa berat?;GROK;A1_GROK_PsikologiKepribadian34-60_47.json;sulit hadap dewasa dewasa berat hadap masa muda transisi bebas anak nyata kecil tugas raya hasil sisih senang senang imbang berat;6;0.656013040148309;anak - salah - takut - kecil - gadget - dukung - sendiri - peduli - main - tahu;-1_kecil_diri_sendiri_hidup;sulit hadap dewasa dewasa berat hadap masa muda transisi bebas anak nyata kecil tugas raya hasil sisih senang senang imbang berat
Aku iri teman cepat paham coding. Bagaimana mengubah iri jadi dorongan positif?;Gunakan sebagai peta ‘keterampilan ingin dikuasai’. Susun rencana belajar dan minta mentoring—fokus aksi, bukan perbandingan.;GROK;A1_GROK_PsikologiKepribadian61-83_99.json;teman cepat paham coding ubah dorong positif peta terampil asai susun rencana minta mentoring aksi bukan banding;6;0.6516463308077894;anak - salah - takut - kecil - gadget - dukung - sendiri - peduli - main - tahu;-1_kecil_diri_sendiri_hidup;teman cepat paham coding ubah dorong positif peta terampil asai susun rencana minta mentoring aksi bukan banding
Saya merasa sulit menyesuaikan diri dengan tanggung jawab dewasa. Bagaimana cara menghadapinya?;Tanggung jawab dewasa memang bisa terasa berat, dan kamu hebat karena menghadapinya! Carl Gustav Jung bilang masa muda adalah saat kita beralih dari kebebasan anak-anak ke dunia nyata. Coba fokus pada satu tanggung jawab kecil setiap hari, seperti menyelesaikan tugas kerja, dan rayakan keberhasilanmu. Juga, sisihkan waktu untuk bersenang-senang agar seimbang. Apa tanggung jawab yang lagi terasa berat buatmu?;GROK;A1_GROK_PsikologiKepribadian61-83_99.json;sulit sesuai diri dewasa hadap dewasa berat hadap masa muda bebas anak anak nyata kecil tugas kerja raya hasil sisih senang senang imbang berat;6;0.6514835182317233;anak - salah - takut - kecil - gadget - dukung - sendiri - peduli - main - tahu;-1_kecil_diri_sendiri_hidup;sulit sesuai diri dewasa hadap dewasa berat hadap masa muda bebas anak anak nyata kecil tugas kerja raya hasil sisih senang senang imbang berat
Aku pengen banget jadi orang yang bebas, tapi hubungan sama orang lain bikin aku terjebak. Apa yang salah?;Hubungan dengan orang lain memang bisa terasa mengekang kalau kamu merasa harus selalu menyenangkan mereka. Coba lihat, apa kamu bisa lebih jujur dengan perasaanmu dalam hubungan itu? Kebebasan dalam hubungan datang kalau kamu bisa jadi diri sendiri tanpa takut dihakimi. Mungkin mulai dengan bicara apa yang kamu rasakan ke orang terdekat, sedikit demi sedikit.;GROK;D6_GROK_BeraniTidakDisukaiW152-162_10.json;bebas jebak salah ekang senang jujur bebas datang diri sendiri takut hakim bicara dekat;6;0.6511547067938578;anak - salah - takut - kecil - gadget - dukung - sendiri - peduli - main - tahu;-1_kecil_diri_sendiri_hidup;bebas jebak salah ekang senang jujur bebas datang diri sendiri takut hakim bicara dekat
Emilia, aku dengar ada program buat anak-anak dengan masalah mental. Apa itu?;Iya, ada program khusus kayak Child and Adolescent Service System Program yang fokus ke anak-anak dan remaja. Mereka nyediain layanan yang disesuaikan, melibatkan keluarga, sekolah, dan komunitas, supaya anak-anak bisa dapat perawatan di lingkungan yang mendukung. Ini bagus buat bantu anak-anak yang punya masalah serius. Kamu lagi nyari info buat seseorang?;GROK;D11_GROK_AHandbookfortheSMH534-544_20.json;dengar program anak anak mental program khusus child adolescent service program anak anak remaja nyediain sesuai libat keluarga sekolah anak anak awat dukung bagus anak anak serius nyari info;6;0.6494607052984327;anak - salah - takut - kecil - gadget - dukung - sendiri - peduli - main - tahu;-1_kecil_diri_sendiri_hidup;dengar program anak anak mental program khusus child adolescent service program anak anak remaja nyediain sesuai libat keluarga sekolah anak anak awat dukung bagus anak anak serius nyari info
Saya ingin peduli lingkungan, tapi bingung mulai dari mana. Apa langkah sederhana yang bisa saya coba?;Wah, keinginan peduli lingkungan itu kayak menanam pohon untuk masa depan, keren banget! Stoisisme bilang hidup selaras dengan alam itu penting, jadi coba mulai dari hal kecil: bawa botol minum sendiri, kurangi plastik sekali pakai, atau tanam tanaman di rumah. Tiap langkah itu kayak kasih napas baru buat bumi. Apa yang lagi bikin kamu bingung soal lingkungan? Ceritain, yuk, biar kita cari langkah simpel buat mulai!;GROK;A3_GROK_FilosofiTeras291-303_25.json;peduli sederhana peduli tanam pohon masa depan keren stoisisme hidup selaras alam penting kecil bawa botol sendiri kurang plastik sekali tanam tanam bumi simpel;6;0.6476867115130569;anak - salah - takut - kecil - gadget - dukung - sendiri - peduli - main - tahu;-1_kecil_diri_sendiri_hidup;peduli sederhana peduli tanam pohon masa depan keren stoisisme hidup selaras alam penting kecil bawa botol sendiri kurang plastik sekali tanam tanam bumi simpel
Saya merasa anak saya nggak menghargai pengorbanan saya sebagai orang tua. Bagaimana cara mengatasinya?;Aku paham, rasanya seperti kasih semua hati tapi nggak dilihat, ya? Coba kita ubah sudut pandang: merawat anak itu memang tugas kita sebagai orang tua, seperti dokter yang merawat pasien—nggak perlu ditagih balasannya. Fokus pada apa yang bisa kamu kendalikan, seperti terus tunjukkan kasih sayang tanpa syarat. Ajak anakmu ngobrol santai, tanya apa yang dia rasakan. Apa yang lagi bikin kamu merasa nggak dihargai? Ceritain, biar kita cari cara buat hubungan kalian lebih hangat!;GROK;A3_GROK_FilosofiTeras261-289_46.json;anak harga korban paham hati ubah sudut pandang rawat anak tugas dokter rawat pasien perlu tagih balas kendali terus tunjuk sayang syarat anak santai harga hangat;6;0.6142412375948737;anak - salah - takut - kecil - gadget - dukung - sendiri - peduli - main - tahu;-1_kecil_diri_sendiri_hidup;anak harga korban paham hati ubah sudut pandang rawat anak tugas dokter rawat pasien perlu tagih balas kendali terus tunjuk sayang syarat anak santai harga hangat
Aku merasa kesepian akhir-akhir ini, dan takut ini memengaruhi orang lain. Apa yang bisa aku lakukan?;Kamu hebat karena peduli sama orang di sekitarmu meski lagi merasa kesepian. Coba mulai dengan langkah kecil, seperti kirim pesan ke temen atau keluarga untuk menyapa. Kalau bisa, ikut kegiatan yang kamu suka, seperti kelas seni atau komunitas buku, untuk ketemu orang baru. Bahkan ngobrol ringan sama orang di sekitar bisa bikin kamu merasa lebih terhubung. Kamu nggak sendirian, dan langkah kecil ini bisa bikin perubahan.;GROK;A1_GROK_EmotionalFirstAid1-22_41.json;sepi akhir akhir takut pengaruh laku peduli sepi kecil kirim pesan temen keluarga sapa giat kelas seni buku bahkan ringan sendiri kecil ubah;6;0.6045255970228293;anak - salah - takut - kecil - gadget - dukung - sendiri - peduli - main - tahu;-1_kecil_diri_sendiri_hidup;sepi akhir akhir takut pengaruh laku peduli sepi kecil kirim pesan temen keluarga sapa giat kelas seni buku bahkan ringan sendiri kecil ubah
Aku nggak sekolah tinggi, apa itu bikin aku lebih gampang depresi?;Aku dengar kekhawatiranmu, ya. Penelitian bilang pendidikan rendah kadang terkait sama risiko depresi yang lebih tinggi, karena mungkin kurangnya kesempatan atau tekanan hidup yang lebih besar. Tapi ini nggak mutlak, lho. Banyak orang dengan pendidikan minim tetap bahagia karena mereka punya dukungan sosial atau cara coping yang baik. Apa kamu mau ceritain apa yang lagi bikin kamu down? Kita bisa pikirin solusi bareng.;GROK;D11_GROK_AHandbookfortheSMH248-258_20.json;sekolah tinggi gampang depresi dengar khawatir didik rendah kait risiko depresi tinggi kurang sempat tekan hidup mutlak didik minim tetap bahagia dukung sosial coping down pikirin solusi bareng;6;0.6020630417503248;anak - salah - takut - kecil - gadget - dukung - sendiri - peduli - main - tahu;-1_kecil_diri_sendiri_hidup;sekolah tinggi gampang depresi dengar khawatir didik rendah kait risiko depresi tinggi kurang sempat tekan hidup mutlak didik minim tetap bahagia dukung sosial coping down pikirin solusi bareng
Apa sih cara terbaik untuk membantu seseorang yang sedang menghadapi masalah tanpa memaksa mereka?;Kamu bisa membantu dengan cara mendampingi mereka secara alami, tanpa memaksakan solusi. Bayangkan seperti membawa kuda ke air—kamu bisa menunjukkan jalan, tapi kuda itu sendiri yang memilih minum. Dengarkan, beri dukungan, dan biarkan mereka menemukan solusi dengan usaha mereka sendiri.;GROK;D6_GROK_BeraniTidakDisukaiW240-250_15.json;sedang hadap paksa damping alami paksa solusi bayang bawa kuda tunjuk jalan kuda sendiri pilih dengar beri dukung solusi usaha sendiri;6;0.5980990443309071;anak - salah - takut - kecil - gadget - dukung - sendiri - peduli - main - tahu;-1_kecil_diri_sendiri_hidup;sedang hadap paksa damping alami paksa solusi bayang bawa kuda tunjuk jalan kuda sendiri pilih dengar beri dukung solusi usaha sendiri
Aku merasa minum bikin aku lebih santai sama anak-anak. Apa itu salah?;Aku ngerti kamu cuma pengen rileks sama anak-anak, tapi minum buat santai bisa bikin situasi nggak sehat, apalagi buat mereka. Anak-anak butuh kamu yang sepenuhnya hadir. Coba cari cara lain buat santai, misalnya main bareng mereka atau baca cerita sebelum tidur. Kalau kamu merasa stres sama parenting, kita bisa ngobrol soal itu. Apa yang biasanya bikin kamu nggak santai sama anak-anak?;GROK;D12_GROK_ClinicalHandbookPsychologicalDisorders616-626_20.json;santai anak anak salah rileks anak anak santai situasi sehat anak anak butuh sepenuh hadir santai main bareng baca tidur stres parenting santai anak anak;6;0.5914257749583065;anak - salah - takut - kecil - gadget - dukung - sendiri - peduli - main - tahu;-1_kecil_diri_sendiri_hidup;santai anak anak salah rileks anak anak santai situasi sehat anak anak butuh sepenuh hadir santai main bareng baca tidur stres parenting santai anak anak
Aku merasa terjebak dalam hubungan yang nggak sehat, tapi nggak tahu cara keluar, apa saranmu?;Itu pasti berat, tapi kamu punya kekuatan untuk mengambil langkah. Coba pikirkan pembagian tugas: fokus pada apa yang bisa kamu lakukan, seperti menetapkan batasan atau mencari dukungan dari teman. Mulai dengan langkah kecil, seperti menulis apa yang kamu inginkan dari hubungan itu, dan itu akan bantu kamu lihat jalan keluar.;GROK;D6_GROK_BeraniTidakDisukaiW196-206_15.json;jebak sehat tahu keluar saran berat kuat tugas laku tetap batas dukung teman kecil jalan keluar;6;0.5906361774312684;anak - salah - takut - kecil - gadget - dukung - sendiri - peduli - main - tahu;-1_kecil_diri_sendiri_hidup;jebak sehat tahu keluar saran berat kuat tugas laku tetap batas dukung teman kecil jalan keluar
Anak remaja saya mulai coba-coba rokok, dan saya khawatir. Mengapa remaja rentan, dan bagaimana saya bisa bantu kesehatan mental mereka?;Kekhawatiranmu sebagai orang tua wajar banget, dan kamu hebat karena peduli! Remaja rentan terhadap rokok atau alkohol karena tekanan temen, rasa ingin coba-coba, atau kurang pengawasan. Ini bisa bikin kesehatan mental mereka goyah karena nikotin bikin cemas tambah parah. Coba ngobrol santai sama anakmu, tanya apa yang lagi mereka rasain, dan dengarkan tanpa judgement. Dorong aktivitas sehat, seperti olahraga atau hobi, yang bikin mereka bangga. Apa yang bikin kamu khawatir, dan apa cara yang bisa kamu coba untuk dekati anakmu?;GROK;D1_GROK_HealthPsycology56-95_67.json;anak remaja rokok khawatir remaja rentan sehat mental khawatir peduli remaja rentan hadap rokok alkohol tekan temen kurang awas sehat mental goyah nikotin cemas tambah parah santai anak rasain dengar judgement dorong aktivitas sehat olahraga bangga khawatir dekat anak;6;0.5806901279988634;anak - salah - takut - kecil - gadget - dukung - sendiri - peduli - main - tahu;-1_kecil_diri_sendiri_hidup;anak remaja rokok khawatir remaja rentan sehat mental khawatir peduli remaja rentan hadap rokok alkohol tekan temen kurang awas sehat mental goyah nikotin cemas tambah parah santai anak rasain dengar judgement dorong aktivitas sehat olahraga bangga khawatir dekat anak
Saya khawatir anak remaja saya mulai merokok karena temennya, dan itu bikin stres. Bagaimana program ini membantu, dan apa yang bisa saya lakukan?;Kamu orang tua yang super peduli, dan itu luar biasa! Program pencegahan merokok ajarin remaja nolak rokok dengan keren, seperti bilang ‘Aku nggak butuh itu,’ dan ganti image perokok dengan non-perokok yang independen, yang bantu kesehatan mental mereka. Coba tanya sekolah soal program ini dan dukung anakmu dengan kegiatan seru, seperti klub olahraga. Ngobrol santai tentang bahaya rokok tanpa judgement. Apa yang bikin khawatir, dan aktivitas apa yang bisa kamu usulin ke anakmu?;GROK;D1_GROK_HealthPsycology114-151_58.json;khawatir anak remaja rokok temennya stres program laku super peduli luar program cegah rokok ajarin remaja nolak rokok keren butuh image okok okok independen sehat mental sekolah program dukung anak giat seru klub olahraga santai bahaya rokok judgement khawatir aktivitas usulin anak;6;0.5803641982007121;anak - salah - takut - kecil - gadget - dukung - sendiri - peduli - main - tahu;-1_kecil_diri_sendiri_hidup;khawatir anak remaja rokok temennya stres program laku super peduli luar program cegah rokok ajarin remaja nolak rokok keren butuh image okok okok independen sehat mental sekolah program dukung anak giat seru klub olahraga santai bahaya rokok judgement khawatir aktivitas usulin anak
Anak remaja saya merokok, dan saya khawatir itu bikin dia cemas. Mengapa remaja rentan, dan apa yang bisa saya lakukan?;Kamu orang tua yang sangat peduli, dan itu luar biasa! Remaja rentan merokok karena tekanan temen atau contoh orang tua, yang bisa ningkatin cemas karena nikotin ganggu pikiran. Coba ngobrol santai sama anakmu, tanya apa yang lagi mereka rasain, dan dengarkan tanpa judgement. Dorong hobi sehat, seperti musik atau olahraga, dan tunjukkan contoh nggak merokok. Bilang, ‘Kita kuat bareng!’ Apa yang bikin khawatir, dan cara apa yang bisa kamu coba untuk dekati anakmu?;GROK;D1_GROK_HealthPsycology114-151_58.json;anak remaja rokok khawatir cemas remaja rentan laku peduli luar remaja rentan rokok tekan temen contoh ningkatin cemas nikotin ganggu santai anak rasain dengar judgement dorong sehat musik olahraga tunjuk contoh rokok kuat bareng khawatir dekat anak;6;0.5800603133319224;anak - salah - takut - kecil - gadget - dukung - sendiri - peduli - main - tahu;-1_kecil_diri_sendiri_hidup;anak remaja rokok khawatir cemas remaja rentan laku peduli luar remaja rentan rokok tekan temen contoh ningkatin cemas nikotin ganggu santai anak rasain dengar judgement dorong sehat musik olahraga tunjuk contoh rokok kuat bareng khawatir dekat anak
Anak remaja saya mulai merokok, dan saya khawatir itu memengaruhi kesehatan mentalnya. Mengapa remaja rentan terhadap kebiasaan ini, dan apa yang bisa saya lakukan?;Kekhawatiranmu sebagai orang tua sangat wajar, dan kamu hebat karena peduli! Remaja sering mencoba merokok karena tekanan teman, rasa ingin tahu, atau untuk mengatasi stres, yang bisa memperburuk kesehatan mental karena nikotin meningkatkan kecemasan. Coba dekati anakmu dengan obrolan santai—tanya apa yang mereka rasakan tanpa menghakimi. Dorong aktivitas sehat seperti olahraga atau seni untuk menggantikan rokok, dan tunjukkan contoh hidup sehat. Apa yang membuatmu paling khawatir, dan cara apa yang bisa kamu coba untuk mendekati anakmu?;GROK;D1_GROK_HealthPsycology96-113_30.json;anak remaja rokok khawatir pengaruh sehat mental remaja rentan hadap laku khawatir peduli remaja rokok tekan teman tahu stres sehat mental nikotin tingkat cemas dekat anak obrol santai hakim dorong aktivitas sehat olahraga seni rokok tunjuk contoh hidup sehat paling khawatir dekat anak;6;0.580033945304663;anak - salah - takut - kecil - gadget - dukung - sendiri - peduli - main - tahu;-1_kecil_diri_sendiri_hidup;anak remaja rokok khawatir pengaruh sehat mental remaja rentan hadap laku khawatir peduli remaja rokok tekan teman tahu stres sehat mental nikotin tingkat cemas dekat anak obrol santai hakim dorong aktivitas sehat olahraga seni rokok tunjuk contoh hidup sehat paling khawatir dekat anak
Anak remaja saya merokok dan bilang itu bikin dia merasa bebas, tapi saya khawatir. Bagaimana teori ini membantu, dan apa yang bisa saya lakukan?;Kamu orang tua yang peduli banget, dan itu luar biasa! Teori penentuan diri bantu remaja berhenti merokok dengan kasih rasa otonomi, seperti pilih cara berhenti sendiri, yang kurangi cemas dan bikin percaya diri. Coba ngobrol sama anakmu, tanya apa yang bikin mereka merasa ‘bebas’ saat merokok, dan dengarkan. Usulin aktivitas yang kasih kebebasan, seperti seni atau olahraga. Tunjukkan contoh sehat. Apa yang bikin khawatir, dan cara apa yang bisa kamu coba untuk dukung anakmu?;GROK;D1_GROK_HealthPsycology114-151_58.json;anak remaja rokok bebas khawatir teori laku peduli luar teori diri remaja henti rokok otonomi pilih henti sendiri kurang cemas percaya diri anak bebas rokok dengar usulin aktivitas bebas seni olahraga tunjuk contoh sehat khawatir dukung anak;6;0.5793691335782138;anak - salah - takut - kecil - gadget - dukung - sendiri - peduli - main - tahu;-1_kecil_diri_sendiri_hidup;anak remaja rokok bebas khawatir teori laku peduli luar teori diri remaja henti rokok otonomi pilih henti sendiri kurang cemas percaya diri anak bebas rokok dengar usulin aktivitas bebas seni olahraga tunjuk contoh sehat khawatir dukung anak
Apakah penempatan sekamar dengan pasien yang sudah sembuh lebih dulu membantu anakku?;Ya, melihat teman sebaya yang sudah makan sendiri dan bermain ringan memberi harapan. Diskusikan dengan kepala perawat kemungkinan pengaturan kamar sesuai kondisi.;GPT;D1_GPT_HealthPsycology184-208_50.json;tempat kamar pasien sembuh anak teman baya makan sendiri main ringan beri harap diskusi kepala awat atur kamar sesuai kondisi;6;0.5786514301953096;anak - salah - takut - kecil - gadget - dukung - sendiri - peduli - main - tahu;-1_kecil_diri_sendiri_hidup;tempat kamar pasien sembuh anak teman baya makan sendiri main ringan beri harap diskusi kepala awat atur kamar sesuai kondisi
Aku baru punya anak, dan aku stres mikirin biaya kesehatan mereka nanti. Gimana caranya biar lebih siap?;Jadi orang tua emang bikin kita mikir jauh ke depan, ya. Untuk biaya kesehatan, coba mulai dari langkah kecil: pastiin anak dan keluargamu punya pola hidup sehat, seperti makan sayur dan cukup tidur, biar nggak gampang sakit. Sisihkan sedikit tabungan tiap bulan buat dana darurat kesehatan, meski cuma 50 ribu. Kalau memungkinkan, cek asuransi kesehatan yang terjangkau. Ngobrol sama pasangan atau orang tua lain juga bisa kasih ide. Kamu nggak sendiri, dan langkah kecil sekarang bakal bantu banget nanti.;GROK;A2_GROK_FilosofiTeras31-44_30.json;anak stres mikirin biaya sehat siap emang mikir jauh depan biaya sehat kecil pastiin anak keluarga pola hidup sehat makan cukup tidur gampang sakit sisih tabung bulan dana darurat sehat ribu asuransi sehat jangkau pasang sendiri kecil;6;0.5756460149775016;anak - salah - takut - kecil - gadget - dukung - sendiri - peduli - main - tahu;-1_kecil_diri_sendiri_hidup;anak stres mikirin biaya sehat siap emang mikir jauh depan biaya sehat kecil pastiin anak keluarga pola hidup sehat makan cukup tidur gampang sakit sisih tabung bulan dana darurat sehat ribu asuransi sehat jangkau pasang sendiri kecil
Di sekolah atau kerja, aku sering merasa ditekan sama atasan atau guru. Aku pengen ngomong, tapi takut. Apa yang bisa aku lakukan?;Wajar kalau kamu merasa takut, apalagi kalau kamu merasa mereka punya otoritas. Tapi coba pikirkan dari sudut pandang yang lebih besar, misalnya nilai-nilai keadilan atau kebenaran. Kalau kamu merasa perlu bicara, coba sampaikan dengan hormat tapi tegas. Mulai dari hal kecil, seperti menyampaikan pendapatmu dengan kalimat yang jelas dan sopan.;GROK;D6_GROK_BeraniTidakDisukaiW229-239_14.json;sekolah kerja tekan guru ngomong takut laku takut otoritas sudut pandang nilai nilai adil perlu bicara hormat tegas kecil jelas sopan;6;0.5719632679640747;anak - salah - takut - kecil - gadget - dukung - sendiri - peduli - main - tahu;-1_kecil_diri_sendiri_hidup;sekolah kerja tekan guru ngomong takut laku takut otoritas sudut pandang nilai nilai adil perlu bicara hormat tegas kecil jelas sopan
Aku orang tua baru, dan aku khawatir banget soal biaya sekolah anak nanti. Rasanya nggak siap. Apa yang bisa aku lakuin dari sekarang?;Jadi orang tua baru pasti penuh tantangan, ya, apalagi mikirin masa depan anak. Aku saranin mulai dari sekarang buat rencana keuangan sederhana—misalnya, tiap bulan sisihkan sedikit buat tabungan pendidikan, meski cuma kecil. Coba juga cari info soal investasi aman, kayak reksadana, tapi pelajari dulu baik-baik. Selain itu, jaga kesehatanmu dan anak dengan pola hidup sehat, biar biaya kesehatan nggak membengkak. Kalau overwhelmd, ngobrol sama pasangan atau komunitas orang tua bisa bantu kasih ide. Kamu pasti bisa, satu langkah dulu!;GROK;A2_GROK_FilosofiTeras31-44_30.json;khawatir biaya sekolah anak siap lakuin penuh tantang mikirin masa depan anak saranin rencana uang sederhana bulan sisih tabung didik kecil info investasi reksadana jaga sehat anak pola hidup sehat biaya sehat bengkak overwhelmd pasang;6;0.5639425187882994;anak - salah - takut - kecil - gadget - dukung - sendiri - peduli - main - tahu;-1_kecil_diri_sendiri_hidup;khawatir biaya sekolah anak siap lakuin penuh tantang mikirin masa depan anak saranin rencana uang sederhana bulan sisih tabung didik kecil info investasi reksadana jaga sehat anak pola hidup sehat biaya sehat bengkak overwhelmd pasang
Aku nggak bisa ngomong di depan orang banyak, apa aku nggak pinter?;Nggak bisa ngomong di depan orang banyak nggak ada hubungannya sama kepintaran, kok. Itu cuma soal keterampilan bicara publik, yang bisa dilatih. Banyak orang pinter juga grogi pas ngomong di depan orang. Mau coba latihan bareng? Kita mulai dari yang simpel dulu.;GROK;D4_GROK_PengantarPsikologiBimoW200-210_20.json;ngomong depan pinter ngomong depan pintar terampil bicara publik pinter grogi ngomong depan bareng simpel;6;0.5478428925093266;anak - salah - takut - kecil - gadget - dukung - sendiri - peduli - main - tahu;-1_kecil_diri_sendiri_hidup;ngomong depan pinter ngomong depan pintar terampil bicara publik pinter grogi ngomong depan bareng simpel
Aku ngerasa pendidikan gak ngaruh apa-apa ke hidupku. Bener gitu?;Pendidikan gak selalu ngaruh langsung, tapi bisa buka cara pandang baru. Tapi gak cuma pendidikan formal, pengalaman hidup juga ngajarin banyak. Coba pikir, apa yang lagi pengen kamu pelajari, di sekolah atau di luar? Apa yang bikin kamu merasa gitu? Aku dengerin.;GROK;D3_GROK_PengantarPsikologiAdnan155-165_20.json;ngerasa didik ngaruh hidup didik ngaruh langsung pandang didik formal alam hidup ngajarin sekolah luar dengerin;6;0.544504714137617;anak - salah - takut - kecil - gadget - dukung - sendiri - peduli - main - tahu;-1_kecil_diri_sendiri_hidup;ngerasa didik ngaruh hidup didik ngaruh langsung pandang didik formal alam hidup ngajarin sekolah luar dengerin
Aku pengen lebih peduli sama orang lain, tapi nggak tahu caranya. Ada saran?;Keinginan untuk peduli itu sudah langkah besar, lho! Abraham Maslow bilang bahwa orang yang bahagia biasanya punya hati yang terbuka untuk orang lain. Coba mulai dengan mendengarkan cerita temen atau membantu sesuatu kecil, seperti bantu bawa barang. Itu bisa bikin kamu merasa lebih terhubung.;GROK;A1_GROK_PsikologiKepribadian147-173_52.json;peduli tahu saran peduli bahagia hati dengar temen kecil bawa barang;6;0.5412254086843568;anak - salah - takut - kecil - gadget - dukung - sendiri - peduli - main - tahu;-1_kecil_diri_sendiri_hidup;peduli tahu saran peduli bahagia hati dengar temen kecil bawa barang
Kadang aku ngerasa bersalah karena nggak bisa kasih anakku apa yang mereka mau, gimana dong?;Rasa bersalah itu wajar, tapi anak nggak cuma butuh barang atau keinginan mereka terpenuhi. Mereka lebih butuh kasih sayang dan perhatianmu. Coba tunjukin kamu peduli dengan ngobrol atau lakuin hal sederhana bareng. Itu jauh lebih berarti buat mereka daripada apa yang kamu pikir ‘kurang’.;GROK;D10_GROK_HidupDamaiTanpaBerpikirBerlebihan119-130_20.json;ngerasa salah anak salah anak butuh barang penuh butuh sayang perhati tunjukin peduli lakuin sederhana bareng jauh arti kurang;6;0.5400243947742139;anak - salah - takut - kecil - gadget - dukung - sendiri - peduli - main - tahu;-1_kecil_diri_sendiri_hidup;ngerasa salah anak salah anak butuh barang penuh butuh sayang perhati tunjukin peduli lakuin sederhana bareng jauh arti kurang
Aku pengen jadi orangtua yang sempurna, tapi kok susah banget?;Nggak ada orangtua yang sempurna, dan itu nggak masalah. Anak nggak butuh kesempurnaan, mereka butuh kamu yang hadir dengan kasih sayang. Fokus ke momen-momen kecil, seperti dengerin cerita mereka atau ketawa bareng. Jangan terlalu keras sama diri sendiri, kamu udah cukup baik.;GROK;D10_GROK_HidupDamaiTanpaBerpikirBerlebihan119-130_20.json;orangtua sempurna susah orangtua sempurna anak butuh sempurna butuh hadir sayang momen momen kecil dengerin ketawa bareng jangan terlalu diri sendiri udah cukup;6;0.5397366631723001;anak - salah - takut - kecil - gadget - dukung - sendiri - peduli - main - tahu;-1_kecil_diri_sendiri_hidup;orangtua sempurna susah orangtua sempurna anak butuh sempurna butuh hadir sayang momen momen kecil dengerin ketawa bareng jangan terlalu diri sendiri udah cukup
Aku sering bohong kecil ke temen biar nggak ribut, tapi ini bikin aku nggak enak. Gimana caranya biar aku lebih jujur?;Bohong kecil buat hindari ribut itu kayak plester sementara, kelihatan oke tapi nggak selesain masalah, ya. Buat lebih jujur, coba mulai sama temen yang bikin kamu nyaman. Kalau biasanya bohong, ganti dengan jujur tapi lembut, kayak, ‘Sebenarnya aku agak kesel, tapi aku pengen ngobrol baik-baik.’ Pilih waktu santai, dan bilang, ‘Aku pengen lebih terbuka biar kita nggak salah paham.’ Ceritain momen bohong yang bikin nggak enak, aku bantu kasih cara biar jujur tanpa drama!;GROK;A3_GROK_PsikologiKomunikasi47-63_36.json;bohong kecil temen ribut enak jujur bohong kecil hindar ribut plester selesain jujur temen nyaman bohong jujur lembut kesel pilih santai salah paham momen bohong enak jujur drama;6;0.5392128622349048;anak - salah - takut - kecil - gadget - dukung - sendiri - peduli - main - tahu;-1_kecil_diri_sendiri_hidup;bohong kecil temen ribut enak jujur bohong kecil hindar ribut plester selesain jujur temen nyaman bohong jujur lembut kesel pilih santai salah paham momen bohong enak jujur drama
Aku ngerasa anakku nggak sayang aku karena mereka nggak nurut, apa aku kurang baik sebagai orangtua?;Anak nggak nurut nggak berarti mereka nggak sayang. Kadang mereka cuma lagi belajar mandiri atau bingung ngungkapin perasaan. Coba dekati mereka dengan sabar, tanya apa yang mereka rasain, dan tunjukin kamu ada buat mereka. Kasih sayangmu pasti mereka rasain, meski nggak selalu kelihatan.;GROK;D10_GROK_HidupDamaiTanpaBerpikirBerlebihan119-130_20.json;ngerasa anak sayang nurut kurang orangtua anak nurut arti sayang mandiri ngungkapin dekat sabar rasain tunjukin sayang rasain;6;0.5391667340075736;anak - salah - takut - kecil - gadget - dukung - sendiri - peduli - main - tahu;-1_kecil_diri_sendiri_hidup;ngerasa anak sayang nurut kurang orangtua anak nurut arti sayang mandiri ngungkapin dekat sabar rasain tunjukin sayang rasain
Aku ngerasa nggak bisa balas pengorbanan keluargaku, apa aku anak yang buruk?;Enggak, kamu nggak buruk. Pengorbanan keluarga itu tulus, mereka cuma pengen kamu bahagia. Coba tunjukin kasih sayangmu dengan cara sederhana, seperti bilang terima kasih atau bantu di rumah. Apa yang bisa kamu lakuin buat mereka hari ini?;GROK;D7_GROK_SeniMenyiksaDiri29-42_20.json;ngerasa balas korban keluarga anak enggak korban keluarga tulus bahagia tunjukin sayang sederhana terima lakuin;6;0.538816948120967;anak - salah - takut - kecil - gadget - dukung - sendiri - peduli - main - tahu;-1_kecil_diri_sendiri_hidup;ngerasa balas korban keluarga anak enggak korban keluarga tulus bahagia tunjukin sayang sederhana terima lakuin
Aku takut anakku nanti nggak sukses karena aku nggak bisa ngajarin mereka banyak hal, apa yang harus aku lakukan?;Sukses anak nggak cuma dari apa yang kamu ajarin, tapi juga dari kasih sayang dan dukunganmu. Coba fokus ke nilai-nilai penting, seperti kerja keras atau kejujuran, dan tunjukin lewat tindakanmu. Mereka akan belajar dari caramu hadapi hidup. Jangan khawatir berlebihan, kamu udah ngasih yang terbaik.;GROK;D10_GROK_HidupDamaiTanpaBerpikirBerlebihan119-130_20.json;takut anak sukses ngajarin laku sukses anak ajarin sayang dukung nilai nilai penting kerja jujur tunjukin lewat tindak hadap hidup jangan khawatir udah ngasih;6;0.5380030270836904;anak - salah - takut - kecil - gadget - dukung - sendiri - peduli - main - tahu;-1_kecil_diri_sendiri_hidup;takut anak sukses ngajarin laku sukses anak ajarin sayang dukung nilai nilai penting kerja jujur tunjukin lewat tindak hadap hidup jangan khawatir udah ngasih
Aku merasa gagal jadi orangtua karena anakku nggak nurut, apa aku salah mendidik?;Jangan buru-buru ngerasa gagal. Anak nggak nurut kadang wajar, bukan berarti kamu salah. Coba lihat dari sisi mereka, apa yang bikin mereka begitu. Ajak ngobrol dari hati, tanya apa yang mereka rasain. Yang penting, tunjukin kasih sayangmu dengan tindakan sederhana, bukan cuma omongan. Kamu nggak sendirian, kok.;GROK;D10_GROK_HidupDamaiTanpaBerpikirBerlebihan119-130_20.json;gagal orangtua anak nurut salah didik jangan buru buru ngerasa gagal anak nurut bukan arti salah sisi hati rasain penting tunjukin sayang tindak sederhana bukan omong sendiri;6;0.537575959750067;anak - salah - takut - kecil - gadget - dukung - sendiri - peduli - main - tahu;-1_kecil_diri_sendiri_hidup;gagal orangtua anak nurut salah didik jangan buru buru ngerasa gagal anak nurut bukan arti salah sisi hati rasain penting tunjukin sayang tindak sederhana bukan omong sendiri
Aku sering bandingin anakku sama anak orang lain, itu salah nggak sih?;Wajar sih, tapi membandingkan anak bisa bikin kamu lupa lihat keunikan mereka. Setiap anak beda, dan mereka nggak perlu sama kayak anak lain. Coba fokus ke apa yang bikin anakmu spesial, dukung mereka dari hati. Itu jauh lebih bikin mereka bahagia daripada dibandingin.;GROK;D10_GROK_HidupDamaiTanpaBerpikirBerlebihan119-130_20.json;bandingin anak anak salah banding anak lupa anak perlu anak anak spesial dukung hati jauh bahagia dibandingin;6;0.5359527055026079;anak - salah - takut - kecil - gadget - dukung - sendiri - peduli - main - tahu;-1_kecil_diri_sendiri_hidup;bandingin anak anak salah banding anak lupa anak perlu anak anak spesial dukung hati jauh bahagia dibandingin
Aku merasa bersalah kalau ninggalin anak demi kerja, apa aku ibu yang buruk?;Perasaan bersalah itu menunjukkan kamu peduli banget sama anakmu. Tapi bekerja juga bagian dari kasih sayang, lho, buat kasih mereka kehidupan yang baik. Coba cari waktu khusus buat anak, meski sebentar, biar kalian tetap dekat.;GROK;D10_GROK_HidupDamaiTanpaBerpikirBerlebihan107-118_20.json;salah ninggalin anak kerja salah tunjuk peduli anak kerja sayang hidup khusus anak sebentar tetap dekat;6;0.5355421344827747;anak - salah - takut - kecil - gadget - dukung - sendiri - peduli - main - tahu;-1_kecil_diri_sendiri_hidup;salah ninggalin anak kerja salah tunjuk peduli anak kerja sayang hidup khusus anak sebentar tetap dekat
Aku sering merasa bersalah karena nggak bisa selalu ada buat anakku. Aku kerja terus. Gimana biar nggak gitu?;Rasa bersalah itu tanda kamu peduli, tapi jangan biarkan itu nyiksa kamu. Kerja keras buat keluarga itu juga bentuk kasih sayang, lho. Coba fokus ke kualitas waktu sama anakmu, bukan kuantitas. Misalnya, pas weekend, ajak dia ngobrol atau main bareng tanpa distraksi. Bilang juga ke anakmu kalau kamu sayang dia, biar dia tahu. Yang penting, jangan terlalu keras sama diri sendiri, ya.;GROK;D10_GROK_HidupDamaiTanpaBerpikirBerlebihan131-141_20.json;salah anak kerja terus salah peduli jangan nyiksa kerja keluarga bentuk sayang kualitas anak bukan kuantitas weekend main bareng distraksi anak sayang tahu penting jangan terlalu diri sendiri;6;0.5353418552896281;anak - salah - takut - kecil - gadget - dukung - sendiri - peduli - main - tahu;-1_kecil_diri_sendiri_hidup;salah anak kerja terus salah peduli jangan nyiksa kerja keluarga bentuk sayang kualitas anak bukan kuantitas weekend main bareng distraksi anak sayang tahu penting jangan terlalu diri sendiri
Aku takut tes SB5 nggak cocok buat anakku. Apa itu bener buat semua umur?;Aku ngerti kamu pengen tes yang pas buat anakmu. SB5 dirancang buat usia 2 sampai 85 tahun ke atas, jadi cocok buat anak kecil sampe dewasa. Mereka juga punya data buat kondisi kayak gangguan belajar, yang bikin hasil lebih relevan. Kalau khawatir, tanya psikologmu soal SB5 buat anakmu. Mau ceritain apa yang bikin takut? Aku dengerin, kok.;GROK;D2_GROK_DrAndrewClinicalPsychology195-218_35.json;takut cocok anak umur anak rancang usia tahun cocok anak kecil sampe dewasa data kondisi ganggu hasil relevan khawatir psikolog anak takut dengerin;6;0.533501695541434;anak - salah - takut - kecil - gadget - dukung - sendiri - peduli - main - tahu;-1_kecil_diri_sendiri_hidup;takut cocok anak umur anak rancang usia tahun cocok anak kecil sampe dewasa data kondisi ganggu hasil relevan khawatir psikolog anak takut dengerin
Aku pengen jadi pemimpin, tapi takut nggak cukup bagus. Gimana caranya?;Pemimpin nggak harus sempurna, tapi harus mau belajar dan dengar orang lain. Mulai dari memimpin hal kecil, dan percaya bahwa pengalaman akan membentukmu.;GROK;D9_GROK_EgoIsTheEnemy39-49_20.json;pimpin takut cukup bagus pimpin sempurna dengar pimpin kecil percaya alam bentuk;6;0.5202230035879062;anak - salah - takut - kecil - gadget - dukung - sendiri - peduli - main - tahu;-1_kecil_diri_sendiri_hidup;pimpin takut cukup bagus pimpin sempurna dengar pimpin kecil percaya alam bentuk
Kapan waktu ideal menjelaskan kepada anak tentang operasi?;Umumnya 3‑5 hari sebelum hari H bagi usia sekolah dasar. Gunakan bahasa sederhana dan jujur tentang rasa 'sedikit tidak nyaman' yang akan cepat hilang, serta hal menyenangkan setelah pulih.;GPT;D1_GPT_HealthPsycology184-208_50.json;kapan ideal jelas anak operasi umum usia sekolah bahasa sederhana jujur nyaman cepat hilang senang pulih;6;0.5012667181292413;anak - salah - takut - kecil - gadget - dukung - sendiri - peduli - main - tahu;-1_kecil_diri_sendiri_hidup;kapan ideal jelas anak operasi umum usia sekolah bahasa sederhana jujur nyaman cepat hilang senang pulih
Aku sering marah-marah sama anakku, apa ini salah?;Aku ngerti mengurus anak itu nggak gampang, dan kadang emosi bisa meledak. Tapi, kalau sering marah-marah, itu bisa bikin kamu dan anakmu sama-sama tertekan. Penelitian bilang stres dari parenting bisa ningkatin risiko depresi. Mungkin coba cari waktu buat tenangin diri, kayak napas dalam atau ngobrol sama temen. Apa kamu mau ceritain situasinya?;GROK;D11_GROK_AHandbookfortheSMH270-280_20.json;marah marah anak salah urus anak gampang emosi ledak marah marah anak tekan stres parenting ningkatin risiko depresi tenangin diri temen situasi;6;0.4970846072181038;anak - salah - takut - kecil - gadget - dukung - sendiri - peduli - main - tahu;-1_kecil_diri_sendiri_hidup;marah marah anak salah urus anak gampang emosi ledak marah marah anak tekan stres parenting ningkatin risiko depresi tenangin diri temen situasi
Aku ngerasa bakatku gak berkembang. Apa karena lingkunganku?;Lingkungan bisa bantu atau malah nahan bakat. Coba cari tempat yang dukung bakatmu, seperti komunitas atau kursus. Mulai dari yang kecil, seperti latihan rutin. Apa bakat yang pengen kamu kembangkan? Ceritain, aku bantu kasih saran.;GROK;D3_GROK_PengantarPsikologiAdnan155-165_20.json;ngerasa bakat kembang malah nahan bakat tempat dukung bakat kursus kecil rutin bakat kembang saran;6;0.4925924541127497;anak - salah - takut - kecil - gadget - dukung - sendiri - peduli - main - tahu;-1_kecil_diri_sendiri_hidup;ngerasa bakat kembang malah nahan bakat tempat dukung bakat kursus kecil rutin bakat kembang saran
Aku pengen tahu apakah aku punya bakat tertentu. Ada cara nggak buat nemuin itu?;Pengen tahu bakatmu itu seru banget! Coba mulai dari hal yang kamu suka lakuin atau yang bikin kamu lupa waktu—itu biasanya petunjuk. Kamu juga bisa coba hal baru, seperti kursus atau hobi, buat lihat apa yang klik sama kamu. Kalau mau lebih jelas, ngobrol sama temen atau keluarga bisa kasih gambaran apa yang mereka lihat sebagai kelebihanmu. Apa yang lagi bikin kamu penasaran soal bakatmu? Yuk, kita eksplor bareng.;GROK;D4_GROK_PengantarPsikologiBimoW46-56_20.json;tahu bakat nemuin tahu bakat seru lakuin lupa tunjuk kursus klik jelas temen keluarga penasaran bakat eksplor bareng;6;0.4917894659119013;anak - salah - takut - kecil - gadget - dukung - sendiri - peduli - main - tahu;-1_kecil_diri_sendiri_hidup;tahu bakat nemuin tahu bakat seru lakuin lupa tunjuk kursus klik jelas temen keluarga penasaran bakat eksplor bareng
Bagaimana mendukung anak SD supaya percaya diri sosial?;Fasilitasi klub hobi, puji usaha bukan hasil, dan ajari keterampilan berbagi. Pengalaman sukses di tahap laten membangun pondasi relasi sehat.;GPT;A1_GPT_PsikologiKepribadian14-33_50.json;dukung anak percaya diri sosial fasilitas klub puji usaha bukan hasil terampil alam sukses tahap laten pondasi relasi sehat;6;0.489793299949053;anak - salah - takut - kecil - gadget - dukung - sendiri - peduli - main - tahu;-1_kecil_diri_sendiri_hidup;dukung anak percaya diri sosial fasilitas klub puji usaha bukan hasil terampil alam sukses tahap laten pondasi relasi sehat
Aku pengen rumahku selalu rapi dan anakku pinter, tapi kok nggak pernah berhasil?;Keinginan buat sempurna itu wajar, tapi kadang bikin kita tambah stres. Coba lepaskan sedikit harapan itu dan fokus ke apa yang bikin kalian bahagia. Rumah nggak rapi atau anak nggak sesuai ekspektasi bukan berarti gagal. Yang penting mereka merasa kamu sayang sama mereka. Lakukan yang kamu bisa, itu udah cukup.;GROK;D10_GROK_HidupDamaiTanpaBerpikirBerlebihan119-130_20.json;rapi anak pinter hasil sempurna tambah stres lepas harap bahagia rapi anak sesuai ekspektasi bukan arti gagal penting sayang laku udah cukup;6;0.4897097407484301;anak - salah - takut - kecil - gadget - dukung - sendiri - peduli - main - tahu;-1_kecil_diri_sendiri_hidup;rapi anak pinter hasil sempurna tambah stres lepas harap bahagia rapi anak sesuai ekspektasi bukan arti gagal penting sayang laku udah cukup
Aku takut naik wahana di taman bermain karena takut jantungan. Apa aku harus coba biar sembuh?;Naik wahana memang bisa bikin jantungan, dan itu normal, tapi kalau ketakutanmu berlebihan, mungkin kita bisa coba langkah kecil dulu, seperti nonton orang naik wahana dari jauh. Nggak perlu buru-buru, kita sesuaikan sama kesiapanmu, oke?;GROK;D12_GROK_ClinicalHandbookPsychologicalDisorders66-76_20.json;takut naik wahana taman main takut jantung sembuh naik wahana jantung takut kecil nonton naik wahana jauh perlu buru buru sesuai kesiap;6;0.4809707765854551;anak - salah - takut - kecil - gadget - dukung - sendiri - peduli - main - tahu;-1_kecil_diri_sendiri_hidup;takut naik wahana taman main takut jantung sembuh naik wahana jantung takut kecil nonton naik wahana jauh perlu buru buru sesuai kesiap
Anak saya nggak pernah bilang apa yang dia mau, selalu ikut saya. Bagaimana cara melatih dia?;Wah, anak yang selalu ikut itu seperti bayangan yang setia, tapi pasti punya warna sendiri, kan? Coba ajak dia pilih hal kecil, seperti ‘Mau makan malam apa, ayam atau ikan?’ Beri dua opsi biar nggak bingung, dan puji pilihannya, ‘Wah, ikan pilihan keren!’ Tunjukkan kamu juga suka memilih, ‘Papa pilih film ini, asyik!’ Apa yang biasanya anakmu nggak mau bilang? Ceritain, yuk, biar kita bantu dia lebih vokal!;GROK;A3_GROK_FilosofiTeras261-289_46.json;anak anak bayang setia sendiri pilih kecil makan ayam ikan beri opsi puji pilih ikan pilih keren tunjuk pilih papa pilih film asyik anak vokal;6;0.4795251673488893;anak - salah - takut - kecil - gadget - dukung - sendiri - peduli - main - tahu;6_anak_puji_main_salah;anak anak bayang setia sendiri pilih kecil makan ayam ikan beri opsi puji pilih ikan pilih keren tunjuk pilih papa pilih film asyik anak vokal
Nenek menolak kontrol rutin karena merasa merepotkan. Bagaimana membujuknya?;Libatkan nenek dalam keputusan: tanyakan apa yang dia khawatirkan. Jelaskan kontrol singkat bisa mencegah penyakit lebih serius. Jadwalkan bersama cucu sebagai momen jalan‑jalan agar terasa menyenangkan, bukan beban.;GPT;D1_GPT_HealthPsycology168-183_30.json;nenek tolak kontrol rutin repot bujuk libat nenek putus khawatir jelas kontrol singkat cegah sakit serius jadwal cucu momen jalan jalan senang bukan beban;6;0.470781696017457;anak - salah - takut - kecil - gadget - dukung - sendiri - peduli - main - tahu;6_anak_puji_main_salah;nenek tolak kontrol rutin repot bujuk libat nenek putus khawatir jelas kontrol singkat cegah sakit serius jadwal cucu momen jalan jalan senang bukan beban
Aku merasa bersalah kalau nggak bisa ngurus anak-anak dengan baik karena aku sakit. Aku buruk banget, ya?;Kamu nggak buruk sama sekali. Kamu sedang berjuang dengan kondisi yang sulit. Wajar kok merasa kewalahan. Apa kamu punya orang terdekat yang bisa bantu jaga anak-anak sementara? Atau mungkin kita pikirkan cara buat kamu tetap terhubung sama mereka meski energimu terbatas, seperti ceritain dongeng singkat.;GROK;D11_GROK_AHandbookfortheSMH325-335_20.json;salah ngurus anak anak sakit sekali sedang juang kondisi sulit kewalahan dekat jaga anak anak tetap energi batas dongeng singkat;6;0.4668159711018472;anak - salah - takut - kecil - gadget - dukung - sendiri - peduli - main - tahu;6_anak_puji_main_salah;salah ngurus anak anak sakit sekali sedang juang kondisi sulit kewalahan dekat jaga anak anak tetap energi batas dongeng singkat
Aku pengen ikut kelompok dukungan, tapi takut dihakimi. Gimana caranya aku berani?;Wajar banget merasa takut dihakimi, apalagi kalau ini sesuatu yang baru. Tapi, kelompok dukungan biasanya penuh dengan orang yang punya pengalaman serupa dan ingin saling bantu. Mungkin kamu bisa mulai dengan kelompok online, biar lebih nyaman. Atau coba datang sekali aja dulu, nggak perlu langsung cerita. Apa kamu mau aku bantu cari kelompok yang cocok untukmu?;GROK;D12_GROK_ClinicalHandbookPsychologicalDisorders594-604_20.json;kelompok dukung takut hakim berani takut hakim kelompok dukung penuh alam rupa saling kelompok nyaman datang sekali perlu langsung kelompok cocok;6;0.4667347103469693;anak - salah - takut - kecil - gadget - dukung - sendiri - peduli - main - tahu;-1_kecil_diri_sendiri_hidup;kelompok dukung takut hakim berani takut hakim kelompok dukung penuh alam rupa saling kelompok nyaman datang sekali perlu langsung kelompok cocok
Aku suka hindari rumput di taman karena takut kotor. Apa aku harus maksa jalan di rumput?;Nggak harus langsung maksa, kok, apalagi kalau itu bikin kamu cemas banget. Kita bisa mulai dari yang lebih ringan, seperti nyentuh rumput dengan tangan dulu, lalu pelan-pelan coba jalan di atasnya. Aku bakal nemenin, mau mulai dari mana?;GROK;D12_GROK_ClinicalHandbookPsychologicalDisorders187-197_20.json;hindar rumput taman takut kotor maksa jalan rumput langsung maksa cemas ringan nyentuh rumput tangan pelan pelan jalan nemenin;6;0.4574962513424472;anak - salah - takut - kecil - gadget - dukung - sendiri - peduli - main - tahu;-1_kecil_diri_sendiri_hidup;hindar rumput taman takut kotor maksa jalan rumput langsung maksa cemas ringan nyentuh rumput tangan pelan pelan jalan nemenin
Aku pengen tahu apa yang aku pelajari di sekolah udah bener-bener nyantol. Gimana caranya?;Pengen tahu seberapa nempel pelajaranmu? Tes prestasi bisa bantu ngukur apa yang udah kamu kuasai dari pelajaran sekolah. Coba minta guru untuk kasih kuis atau latihan yang mirip sama materi yang kamu pelajari. Kamu juga bisa bikin ringkasan sendiri dari pelajaran, lalu tes dirimu dengan menjelaskan ke temen. Itu cara seru buat cek pemahamanmu.;GROK;D3_GROK_PengantarPsikologiAdnan69-79_20.json;tahu sekolah udah nyantol tahu berapa nempel prestasi ngukur udah kuasa sekolah minta guru kuis mirip materi ringkas sendiri diri jelas temen seru paham;6;0.4488606027618865;anak - salah - takut - kecil - gadget - dukung - sendiri - peduli - main - tahu;-1_kecil_diri_sendiri_hidup;tahu sekolah udah nyantol tahu berapa nempel prestasi ngukur udah kuasa sekolah minta guru kuis mirip materi ringkas sendiri diri jelas temen seru paham
Anakku 6 tahun akan dioperasi. Cara apa yang efektif mempersiapkannya?;Tonton bersama video animasi tentang proses operasi anak, lalu lakukan role‑play dokter‑pasien dengan boneka. Jelaskan jadwal kunjunganmu agar ia tahu kapan Mama akan ada di sampingnya.;GPT;D1_GPT_HealthPsycology184-208_50.json;anak tahun operasi efektif siap tonton animasi proses operasi anak laku role play dokter pasien boneka jelas jadwal kunjung tahu kapan mama;6;0.4451846683990265;anak - salah - takut - kecil - gadget - dukung - sendiri - peduli - main - tahu;6_anak_puji_main_salah;anak tahun operasi efektif siap tonton animasi proses operasi anak laku role play dokter pasien boneka jelas jadwal kunjung tahu kapan mama
Aku susah nyambung sama adikku yang beda generasi. Gimana caranya biar obrolan kami lebih asyik?;Beda generasi sama adik memang bisa bikin obrolan kayak main tebak-tebakan, ya! Untuk nyambung, coba cari ‘panggung’ yang kalian sama-sama suka, seperti film, game, atau makanan. Mulai dari situ, misalnya, ‘Eh, kamu nonton film baru itu belum?’ Dengarkan ceritanya dengan antusias, dan ceritain pengalamanmu yang relate. Jangan lupa, pakai bahasa yang santai biar dia nyaman. Ceritain sedikit tentang adikmu, aku bantu kasih ide buat topik seru!;GROK;A3_GROK_PsikologiKomunikasi27-33_25.json;susah nyambung adik generasi obrol asyik generasi adik obrol main tebak tebak nyambung panggung film game makan situ nonton film dengar antusias alam relate jangan lupa bahasa santai nyaman adik topik seru;6;0.441908134210576;anak - salah - takut - kecil - gadget - dukung - sendiri - peduli - main - tahu;6_anak_puji_main_salah;susah nyambung adik generasi obrol asyik generasi adik obrol main tebak tebak nyambung panggung film game makan situ nonton film dengar antusias alam relate jangan lupa bahasa santai nyaman adik topik seru
Emilia, aku pengen cerai tapi takut anakku nanti bermasalah. Apa bener cerai bikin anak stres?;Kamu peduli banget sama anakmu, dan itu bagus. Cerai memang bisa bikin anak stres, terutama kalau mereka masih kecil, karena perubahan besar kayak gitu bisa bikin mereka merasa nggak aman. Tapi, kalau pernikahan kalian penuh konflik, tetap bertahan juga bisa bikin anak stres. Yang penting adalah dukungan yang kamu kasih ke anakmu selama proses ini. Apa yang bikin kamu pengen cerai? Mungkin kita bisa pikirin bareng apa yang terbaik buat kamu dan anakmu.;GROK;D11_GROK_AHandbookfortheSMH336-346_20.json;cerai takut anak cerai anak stres peduli anak bagus cerai anak stres utama kecil ubah nikah penuh konflik tetap tahan anak stres penting dukung anak lama proses cerai pikirin bareng anak;6;0.4394948308982693;anak - salah - takut - kecil - gadget - dukung - sendiri - peduli - main - tahu;-1_kecil_diri_sendiri_hidup;cerai takut anak cerai anak stres peduli anak bagus cerai anak stres utama kecil ubah nikah penuh konflik tetap tahan anak stres penting dukung anak lama proses cerai pikirin bareng anak
Saya bingung nilai apa yang harus saya ajarkan ke anak. Bagaimana cara menentukannya?;Wah, memilih nilai buat anak itu seperti menanam benih untuk masa depan, seru tapi bikin bingung, ya? Coba pikirkan, kualitas apa yang kamu ingin anakmu miliki saat dewasa, seperti jujur, tangguh, atau peduli? Tulis tiga nilai yang paling penting buatmu, lalu tunjukkan lewat contoh, misalnya, ‘Mama jujur bilang salah tadi, ya.’ Ajak anakmu ngobrol tentang nilai itu dalam cerita sehari-hari. Nilai apa yang lagi kamu pikirkan? Ceritain, biar kita susun rencana bareng!;GROK;A3_GROK_FilosofiTeras261-289_46.json;nilai anak pilih nilai anak tanam benih masa depan seru kualitas anak milik dewasa jujur tangguh peduli nilai paling penting tunjuk lewat contoh mama jujur salah tadi anak nilai nilai susun rencana bareng;6;0.4394523409666542;anak - salah - takut - kecil - gadget - dukung - sendiri - peduli - main - tahu;6_anak_puji_main_salah;nilai anak pilih nilai anak tanam benih masa depan seru kualitas anak milik dewasa jujur tangguh peduli nilai paling penting tunjuk lewat contoh mama jujur salah tadi anak nilai nilai susun rencana bareng
Anak meniru teman mengejek. Bagaimana mengajarinya empati?;Ajak ia membayangkan perasaan korban, buat role‑play. Puji saat ia memilih kata baik. Pemberian contoh konsisten kunci.;GPT;A1_GPT_PsikologiKepribadian102-118_50.json;anak tiru teman ejek empati bayang korban role play puji pilih kata beri contoh konsisten kunci;6;0.4378402286892702;anak - salah - takut - kecil - gadget - dukung - sendiri - peduli - main - tahu;6_anak_puji_main_salah;anak tiru teman ejek empati bayang korban role play puji pilih kata beri contoh konsisten kunci
Aku takut anakku nanti bermasalah karena aku sering bertengkar sama pasangan. Apa bener konflik orang tua bikin anak stres?;Aku paham kekhawatiranmu. Bener, konflik orang tua yang sering atau intens bisa bikin anak stres, karena mereka bisa merasa nggak aman atau terjebak di tengah-tengah. Tapi, kalau kamu dan pasangan bisa atasi konflik dengan sehat, seperti komunikasi yang baik, itu bisa bantu anak belajar cara hadapi masalah. Apa yang biasanya bikin kalian bertengkar? Mungkin aku bisa bantu pikirin cara buat ngurangin ketegangan.;GROK;D11_GROK_AHandbookfortheSMH336-346_20.json;takut anak tengkar pasang konflik anak stres paham khawatir konflik intens anak stres jebak tengah tengah pasang konflik sehat komunikasi anak hadap tengkar pikirin ngurangin tegang;6;0.4354384147784979;anak - salah - takut - kecil - gadget - dukung - sendiri - peduli - main - tahu;-1_kecil_diri_sendiri_hidup;takut anak tengkar pasang konflik anak stres paham khawatir konflik intens anak stres jebak tengah tengah pasang konflik sehat komunikasi anak hadap tengkar pikirin ngurangin tegang
Saya susah melepaskan kendali atas pilihan anak saya, seperti jurusan kuliahnya. Bagaimana cara berdamai dengan ini?;Aku tahu, rasanya seperti melepas tali layang-layang yang udah kita pegang erat, kan? Melepaskan kendali itu memang berat, tapi coba mulai dengan fokus pada apa yang bisa kamu lakukan: kasih nasihat terbaikmu, ceritain pengalamanmu, tapi biarkan anakmu yang memilih. Bayangkan ini seperti menanam pohon—kamu siram dan pupuk, tapi arah tumbuhnya dia yang tentukan. Apa yang lagi bikin kamu susah melepaskan? Ceritain, yuk, biar kita cari cara buat hatimu lebih tenang!;GROK;A3_GROK_FilosofiTeras261-289_46.json;susah lepas kendali pilih anak jurus kuliah damai tahu lepas tali layang layang udah pegang erat lepas kendali berat laku nasihat alam anak pilih bayang tanam pohon siram pupuk arah tumbuh susah lepas hati tenang;6;0.4351939700758008;anak - salah - takut - kecil - gadget - dukung - sendiri - peduli - main - tahu;-1_kecil_diri_sendiri_hidup;susah lepas kendali pilih anak jurus kuliah damai tahu lepas tali layang layang udah pegang erat lepas kendali berat laku nasihat alam anak pilih bayang tanam pohon siram pupuk arah tumbuh susah lepas hati tenang
Aku takut nilaiku jelek di tes prestasi. Buat apa sih tes ini?;Aku ngerti takutnya kalau nilai jelek. Tes prestasi itu cek apa yang udah kamu pelajari, kayak baca, tulis, atau matematika, buat lihat seberapa jauh kamu di pelajaran. Ini sering dipake buat cek gangguan belajar, biar psikolog tahu kalau kamu butuh bantuan ekstra. Bukan buat nilai jelek, tapi buat bantu kamu sukses. Mau ceritain apa yang bikin susah di sekolah? Aku dengerin, kok.;GROK;D2_GROK_DrAndrewClinicalPsychology195-218_35.json;takut nilai jelek prestasi takut nilai jelek prestasi udah baca matematika berapa jauh dipake ganggu psikolog tahu butuh ekstra bukan nilai jelek sukses susah sekolah dengerin;6;0.4297746179744757;anak - salah - takut - kecil - gadget - dukung - sendiri - peduli - main - tahu;-1_kecil_diri_sendiri_hidup;takut nilai jelek prestasi takut nilai jelek prestasi udah baca matematika berapa jauh dipake ganggu psikolog tahu butuh ekstra bukan nilai jelek sukses susah sekolah dengerin
Emilia, aku sering marah sama anakku karena stres kerja. Apa ini bikin dia bermasalah nanti?;Aku paham stres kerja bisa bikin emosi gampang meluap. Kalau kamu sering marah sama anakmu, itu bisa bikin dia merasa nggak aman atau stres, yang mungkin memengaruhi perilakunya nanti. Tapi, kamu nggak sendiri, dan ini bisa diperbaiki. Mungkin kamu bisa coba cari cara buat kelola stres, seperti ngobrol sama temen atau coba relaksasi. Apa yang biasanya bikin kamu marah sama anakmu? Aku dengerin, kok.;GROK;D11_GROK_AHandbookfortheSMH336-346_20.json;marah anak stres kerja paham stres kerja emosi gampang luap marah anak stres pengaruh perilaku sendiri kelola stres temen relaksasi marah anak dengerin;6;0.4251604556398333;anak - salah - takut - kecil - gadget - dukung - sendiri - peduli - main - tahu;-1_kecil_diri_sendiri_hidup;marah anak stres kerja paham stres kerja emosi gampang luap marah anak stres pengaruh perilaku sendiri kelola stres temen relaksasi marah anak dengerin
Anak saya belum punya sahabat dekat. Haruskah khawatir?;Dukung ia coba klub minat dan atur playdate kecil. Kesempatan bertemu teman seru menumbuhkan chumship secara alami.;GPT;A1_GPT_PsikologiKepribadian102-118_50.json;anak sahabat dekat khawatir dukung klub atur playdate kecil sempat teman seru tumbuh chumship alami;6;0.4170224686494817;anak - salah - takut - kecil - gadget - dukung - sendiri - peduli - main - tahu;6_anak_puji_main_salah;anak sahabat dekat khawatir dukung klub atur playdate kecil sempat teman seru tumbuh chumship alami
Bagaimana memberitahu perawat bahwa anak ingin lebih privasi saat ganti pakaian?;Sampaikan langsung pada perawat: “Anak saya merasa lebih nyaman jika hanya satu petugas perempuan membantu saat ganti pakaian.” Perawat biasanya akan menghormati permintaan tersebut.;GPT;D1_GPT_HealthPsycology184-208_50.json;memberitahu awat anak privasi langsung awat anak nyaman tugas perempuan awat hormat minta sebut;6;0.4166623574069298;anak - salah - takut - kecil - gadget - dukung - sendiri - peduli - main - tahu;-1_kecil_diri_sendiri_hidup;memberitahu awat anak privasi langsung awat anak nyaman tugas perempuan awat hormat minta sebut
Aku takut kalau anakku nanti nggak butuh aku lagi. Gimana biar aku nggak kepikiran?;Wajar kok takut kehilangan peran sebagai orang tua. Tapi, anakmu nggak akan berhenti sayang sama kamu, meski caranya beda nanti. Coba fokus ke hubungan yang sehat sama dia sekarang, seperti ngobrol santai atau dukung mimpinya. Kalau dia tumbuh mandiri, itu tanda kamu berhasil mendidik. Biar nggak kepikiran, coba alihkan energi ke hal lain, seperti belajar hal baru atau ketemu temen. Kamu tetep berharga buat dia, kok.;GROK;D10_GROK_HidupDamaiTanpaBerpikirBerlebihan131-141_20.json;takut anak butuh takut hilang peran anak henti sayang sehat santai dukung mimpi tumbuh mandiri hasil didik energi temen harga;6;0.4027582154753811;anak - salah - takut - kecil - gadget - dukung - sendiri - peduli - main - tahu;6_anak_puji_main_salah;takut anak butuh takut hilang peran anak henti sayang sehat santai dukung mimpi tumbuh mandiri hasil didik energi temen harga
Saya khawatir tentang masa tua. Bagaimana cara mempersiapkan diri secara mental?;Kekhawatiran tentang masa tua menunjukkan kamu peduli dengan hidupmu—itu langkah besar! Carl Gustav Jung bilang usia tua punya proses tak sadar, mirip anak-anak. Untuk persiapan, fokus pada makna: apa yang ingin kamu nikmati atau wariskan? Tulis tujuan kecil, seperti belajar baru atau cerita dengan keluarga. Apa yang bikin kamu damai memikirkan masa depan?;GROK;A1_GROK_PsikologiKepribadian34-60_47.json;khawatir masa siap diri mental khawatir masa tunjuk peduli hidup usia proses mirip anak anak siap makna nikmat waris tuju kecil keluarga damai masa depan;6;0.3882675614440286;anak - salah - takut - kecil - gadget - dukung - sendiri - peduli - main - tahu;-1_kecil_diri_sendiri_hidup;khawatir masa siap diri mental khawatir masa tunjuk peduli hidup usia proses mirip anak anak siap makna nikmat waris tuju kecil keluarga damai masa depan
Apakah aku harus tetap di ruangan saat anak diambil darah?;Jika kamu merasa akan panik, lebih baik tunjuk pendamping lain yang tenang. Anak menangkap ekspresi wajahmu. Persiapkan ucapan penyemangat singkat sebelum prosedur dan sambut ia dengan pelukan setelah selesai.;GPT;D1_GPT_HealthPsycology184-208_50.json;tetap ruang anak darah panik tunjuk damping tenang anak tangkap ekspresi wajah siap semangat singkat prosedur sambut peluk;6;0.3864747140658677;anak - salah - takut - kecil - gadget - dukung - sendiri - peduli - main - tahu;-1_kecil_diri_sendiri_hidup;tetap ruang anak darah panik tunjuk damping tenang anak tangkap ekspresi wajah siap semangat singkat prosedur sambut peluk
Balitaku menolak toilet training. Bagaimana menumbuhkan otonomi tanpa memaksa?;Gunakan pispot lucu, beri pujian tiap kemajuan, jangan hukum saat gagal. Sikap santai mendorong rasa bisa, bukan rasa malu.;GROK;A1_GROK_PsikologiKepribadian61-83_99.json;balitaku tolak toilet training tumbuh otonomi paksa pispot lucu beri puji maju jangan hukum gagal sikap santai dorong bukan malu;6;0.3816936230985692;anak - salah - takut - kecil - gadget - dukung - sendiri - peduli - main - tahu;6_anak_puji_main_salah;balitaku tolak toilet training tumbuh otonomi paksa pispot lucu beri puji maju jangan hukum gagal sikap santai dorong bukan malu
Saya khawatir anak saya kena kecelakaan di rumah, dan itu bikin stres. Bagaimana intervensi ini bisa bantu, dan apa yang bisa saya lakukan?;Kamu orang tua yang super peduli—it’s amazing! Intervensi untuk cegah kecelakaan ajarin orang tua atur rumah supaya aman, seperti simpan obat di tempat terkunci atau pasang pengaman di tangga. Ini bantu kesehatan mental karena kurangi stres dan bikin kamu merasa kendali. Coba cek rumahmu, singkirkan benda berbahaya, dan ajarin anak aturan sederhana, seperti ‘jangan pegang pisau.’ Cari checklist keamanan rumah online. Apa yang bikin khawatir, dan apa langkah keamanan yang bisa kamu coba?;GROK;D1_GROK_HealthPsycology56-95_67.json;khawatir anak kena celaka stres intervensi laku super peduli amazing intervensi cegah celaka ajarin atur simpan obat tempat kunci pasang tangga sehat mental kurang stres kendali singkir benda bahaya ajarin anak atur sederhana jangan pegang pisau checklist khawatir;6;0.3790835534606557;anak - salah - takut - kecil - gadget - dukung - sendiri - peduli - main - tahu;-1_kecil_diri_sendiri_hidup;khawatir anak kena celaka stres intervensi laku super peduli amazing intervensi cegah celaka ajarin atur simpan obat tempat kunci pasang tangga sehat mental kurang stres kendali singkir benda bahaya ajarin anak atur sederhana jangan pegang pisau checklist khawatir
Saya ingin belajar kebiasaan baru tanpa tekanan hadiah. Bagaimana caranya?;Keinginan untuk belajar tanpa tekanan itu tanda semangat mandiri! Albert Bandura bilang kita bisa belajar dengan mengamati, bukan hanya dari hadiah. Coba amati seseorang yang punya kebiasaan yang kamu inginkan, seperti olahraga, dan tiru satu langkah kecil, seperti jalan 10 menit. Tulis satu kebiasaan yang ingin kamu pelajari. Apa satu tindakan kecil yang bisa kamu mulai?;GROK;A1_GROK_PsikologiKepribadian174-185_25.json;tekan hadiah tekan semangat mandiri albert bandura bukan hadiah olahraga tiru kecil jalan tindak kecil;6;0.3742198320021352;anak - salah - takut - kecil - gadget - dukung - sendiri - peduli - main - tahu;6_anak_puji_main_salah;tekan hadiah tekan semangat mandiri albert bandura bukan hadiah olahraga tiru kecil jalan tindak kecil
Aku merasa malu kalau menunjukkan emosi di depan orang. Gimana caranya aku lebih terbuka?;Merasa malu itu wajar, apalagi kalau kita nggak terbiasa terbuka. Mulai dari hal kecil, seperti ceritain perasaanmu ke orang yang kamu percaya banget, misalnya sahabat atau keluarga. Nggak perlu buru-buru, cukup ungkapin apa adanya. Lama-lama, kamu akan lebih nyaman menunjukkan emosi tanpa takut dihakimi.;GROK;D3_GROK_PengantarPsikologiAdnan122-132_20.json;malu tunjuk emosi depan malu kecil percaya sahabat keluarga perlu buru buru cukup ungkapin lama lama nyaman tunjuk emosi takut hakim;6;0.3693096141230109;anak - salah - takut - kecil - gadget - dukung - sendiri - peduli - main - tahu;-1_kecil_diri_sendiri_hidup;malu tunjuk emosi depan malu kecil percaya sahabat keluarga perlu buru buru cukup ungkapin lama lama nyaman tunjuk emosi takut hakim
Aku remaja dulu sulit punya chum. Apakah itu sebab aku canggung berteman sekarang?;Kemungkinan ya. Kamu bisa ‘mengulang’ lewat komunitas hobi dewasa: berbagi minat menciptakan rasa aman mirip chumship.;GPT;A1_GPT_PsikologiKepribadian102-118_50.json;remaja sulit chum canggung teman ulang lewat dewasa cipta mirip chumship;6;0.3666616756384094;anak - salah - takut - kecil - gadget - dukung - sendiri - peduli - main - tahu;6_anak_puji_main_salah;remaja sulit chum canggung teman ulang lewat dewasa cipta mirip chumship
Saya merasa gagal sebagai orang tua karena anak saya nggak berprestasi di sekolah. Bagaimana cara mengubah perasaan ini?;Hai, aku tahu rasanya seperti nilai anak jadi cermin diri kita sebagai orang tua, bikin hati nggak tenang, ya? Tapi, prestasi sekolah nggak menentukan nilai kamu sebagai orang tua, kok. Coba fokus pada apa yang kamu bisa kendalikan: kasih dukungan, dengarkan anakmu, dan rayakan usaha mereka, bukan cuma hasil. Tanyain anakmu, ‘Apa yang lagi susah di sekolah?’ dan bantu dia cari solusi. Apa yang lagi bikin kamu merasa gagal? Yuk, kita ubah sudut pandang bareng biar kamu lebih percaya diri!;GROK;A3_GROK_FilosofiTeras261-289_46.json;gagal anak prestasi sekolah ubah tahu nilai anak cermin diri hati tenang prestasi sekolah nilai kendali dukung dengar anak raya usaha bukan hasil tanyain anak susah sekolah solusi gagal ubah sudut pandang bareng percaya diri;6;0.3644133095462594;anak - salah - takut - kecil - gadget - dukung - sendiri - peduli - main - tahu;-1_kecil_diri_sendiri_hidup;gagal anak prestasi sekolah ubah tahu nilai anak cermin diri hati tenang prestasi sekolah nilai kendali dukung dengar anak raya usaha bukan hasil tanyain anak susah sekolah solusi gagal ubah sudut pandang bareng percaya diri
Aku takut keluar rumah karena berita soal serangan teroris. Aku harus tetep di rumah aja nggak sih?;Kecemasan karena berita itu wajar, tapi kalau sampe nggak berani keluar, itu bisa bikin kamu terisolasi. Coba mulai dari langkah kecil, seperti pergi ke tempat yang kamu tahu aman, bareng temen misalnya. Kalau rasa takut ini terus ada, mungkin ngobrol sama profesional bisa bantu. Apa ada tempat deket rumah yang bikin kamu merasa nyaman?;GROK;D11_GROK_AHandbookfortheSMH402-412_20.json;takut keluar berita serang teroris cemas berita sampe berani keluar isolasi kecil pergi tempat tahu bareng temen takut terus profesional tempat deket nyaman;6;0.3606896494993337;anak - salah - takut - kecil - gadget - dukung - sendiri - peduli - main - tahu;-1_kecil_diri_sendiri_hidup;takut keluar berita serang teroris cemas berita sampe berani keluar isolasi kecil pergi tempat tahu bareng temen takut terus profesional tempat deket nyaman
Apa perbedaan antara fixed mindset dan growth mindset dalam mendidik anak?;Fixed mindset percaya bahwa kecerdasan atau bakat anak itu tetap dan tidak bisa berubah, sehingga kegagalan dianggap bukti ‘kebodohan.’ Sebaliknya, growth mindset melihat kecerdasan bisa dikembangkan melalui usaha, dan kegagalan adalah kesempatan untuk belajar. Misalnya, memuji anak dengan ‘Kamu pintar’ bisa memicu fixed mindset, tapi memuji ‘Kamu kerja keras banget’ mendorong growth mindset.;GROK;A3_GROK_FilosofiTeras261-289_46.json;fixed mindset growth mindset didik anak fixed mindset percaya cerdas bakat anak tetap ubah gagal anggap bukti bodoh balik growth mindset cerdas kembang usaha gagal sempat puji anak pintar picu fixed mindset puji kerja dorong growth mindset;6;0.3601941896544376;anak - salah - takut - kecil - gadget - dukung - sendiri - peduli - main - tahu;-1_kecil_diri_sendiri_hidup;fixed mindset growth mindset didik anak fixed mindset percaya cerdas bakat anak tetap ubah gagal anggap bukti bodoh balik growth mindset cerdas kembang usaha gagal sempat puji anak pintar picu fixed mindset puji kerja dorong growth mindset
Anakku cepat putus asa saat tugas sulit. Apa strategi menumbuhkan ketekunan?;Bahas tugas jadi langkah kecil, puji usaha, bukan nilai. Ketekunan tumbuh saat proses dihargai.;GROK;A1_GROK_PsikologiKepribadian61-83_99.json;anak cepat putus tugas sulit strategi tumbuh tekun bahas tugas kecil puji usaha bukan nilai tekun tumbuh proses harga;6;0.3601209982819814;anak - salah - takut - kecil - gadget - dukung - sendiri - peduli - main - tahu;-1_kecil_diri_sendiri_hidup;anak cepat putus tugas sulit strategi tumbuh tekun bahas tugas kecil puji usaha bukan nilai tekun tumbuh proses harga
Anak saya ikut banyak les, tapi dia bilang capek dan nggak suka. Haruskah saya paksa terus?;Hai, dengar anak bilang capek itu pasti bikin bingung, apalagi kalau kita pikir les itu untuk masa depannya, kan? Tapi, kalau dia nggak enjoy, prestasi pun jadi kurang bermakna. Coba ajak dia ngobrol, ‘Les mana yang kamu suka, mana yang berat?’ Kurangi satu atau dua les yang bikin dia stres, dan ganti dengan aktivitas yang dia nikmati, seperti main bola atau menggambar. Apa les yang lagi bikin anakmu capek? Yuk, kita pikirkan cara buat bikin dia semangat lagi!;GROK;A3_GROK_FilosofiTeras261-289_46.json;anak capek paksa terus dengar anak capek masa depan enjoy prestasi kurang makna berat kurang stres aktivitas nikmat main bola anak capek semangat;6;0.35954724893647;anak - salah - takut - kecil - gadget - dukung - sendiri - peduli - main - tahu;6_anak_puji_main_salah;anak capek paksa terus dengar anak capek masa depan enjoy prestasi kurang makna berat kurang stres aktivitas nikmat main bola anak capek semangat
Bagaimana mencegah anak tumbuh sinis?;Validasi emosinya, hindari ejekan berlebihan, dan contohkan kepercayaan pada orang lain secara bertahap.;GPT;A1_GPT_PsikologiKepribadian102-118_50.json;cegah anak tumbuh sinis validasi emosi hindar ejek contoh percaya tahap;6;0.3551052869559515;anak - salah - takut - kecil - gadget - dukung - sendiri - peduli - main - tahu;6_anak_puji_main_salah;cegah anak tumbuh sinis validasi emosi hindar ejek contoh percaya tahap
Apa cara orang tua mendukung self‑esteem anak pra‑remaja?;Berikan pujian spesifik terhadap usaha, dengarkan curhat tanpa mengoreksi langsung, dan libatkan mereka mengambil keputusan sederhana.;GPT;A1_GPT_PsikologiKepribadian102-118_50.json;dukung self esteem anak remaja ikan puji spesifik hadap usaha dengar curhat koreksi langsung libat putus sederhana;6;0.3487407571960413;anak - salah - takut - kecil - gadget - dukung - sendiri - peduli - main - tahu;6_anak_puji_main_salah;dukung self esteem anak remaja ikan puji spesifik hadap usaha dengar curhat koreksi langsung libat putus sederhana
Aku nggak punya waktu buat anak karena kerja, apa mereka bakal benci aku?;Anak nggak akan benci kalau mereka tahu kamu sayang sama mereka. Meski waktumu sibuk, coba curi waktu buat ngobrol atau peluk mereka, meski cuma sebentar. Yang penting mereka ngerasa diperhatiin. Bilang juga kalau kamu kerja keras buat mereka, itu bisa bikin mereka mengerti. Kamu udah berusaha, itu luar biasa.;GROK;D10_GROK_HidupDamaiTanpaBerpikirBerlebihan119-130_20.json;anak kerja benci anak benci tahu sayang sibuk curi peluk sebentar penting ngerasa diperhatiin kerja erti udah usaha luar;6;0.3482393356330902;anak - salah - takut - kecil - gadget - dukung - sendiri - peduli - main - tahu;-1_kecil_diri_sendiri_hidup;anak kerja benci anak benci tahu sayang sibuk curi peluk sebentar penting ngerasa diperhatiin kerja erti udah usaha luar
Apa maksud dari hidup selaras dengan alam dalam konteks parenting?;Hidup selaras dengan alam dalam parenting berarti mengajarkan anak untuk menggunakan nalar atau logika dalam membuat keputusan. Misalnya, orang tua bisa mendorong anak untuk berpikir dan memilih berdasarkan alasan yang masuk akal, sesuai dengan usia dan kemampuan mereka, seperti memilih mainan atau kegiatan hari ini.;GROK;A3_GROK_FilosofiTeras261-289_46.json;hidup selaras alam konteks parenting hidup selaras alam parenting arti anak nalar logika putus dorong anak pilih alas masuk akal sesuai usia mampu pilih main giat;6;0.3376264922797486;anak - salah - takut - kecil - gadget - dukung - sendiri - peduli - main - tahu;6_anak_puji_main_salah;hidup selaras alam konteks parenting hidup selaras alam parenting arti anak nalar logika putus dorong anak pilih alas masuk akal sesuai usia mampu pilih main giat
Aku cuma pengen lari dari semua masalahku. Apa ini buruk?;Keinginan buat lari dari masalah itu wajar, tapi kalau cuma menghindar, masalahnya mungkin nggak selesai. Coba hadapi pelan-pelan, mulai dari satu hal kecil yang bikin kamu cemas. Aku di sini buat nemenin, apa satu hal yang pengen kamu coba hadapi?;GROK;D12_GROK_ClinicalHandbookPsychologicalDisorders77-87_20.json;lari lari hindar hadap pelan pelan kecil cemas nemenin hadap;6;0.3339108101112771;anak - salah - takut - kecil - gadget - dukung - sendiri - peduli - main - tahu;-1_kecil_diri_sendiri_hidup;lari lari hindar hadap pelan pelan kecil cemas nemenin hadap
Aku jengkel sama tetangga yang judes tiap ketemu. Gimana caranya biar nggak kesel?;Tetangga judes emang bisa bikin bete, tapi coba balas dengan senyum ramah. Tanyain diri: ‘Kalau aku ramah, apa dia bakal lanjut judes?’ Tulis tiga hal kecil yang bikin kamu tenang, seperti cuaca cerah. Fokus ke apa yang bisa kamu lakuin, seperti sapa dia dengan sopan atau tanya kabar. Keramahan itu kekuatan, lho. Coba sapa tetangga itu dengan senyum besok, lihat reaksinya.;GROK;A2_GROK_FilosofiTeras191-227_54.json;jengkel tetangga judes kesel tetangga judes emang bete balas senyum ramah tanyain diri ramah lanjut judes kecil tenang cuaca cerah lakuin sapa sopan kabar ramah kuat sapa tetangga senyum reaksi;6;0.3327784941734564;anak - salah - takut - kecil - gadget - dukung - sendiri - peduli - main - tahu;-1_kecil_diri_sendiri_hidup;jengkel tetangga judes kesel tetangga judes emang bete balas senyum ramah tanyain diri ramah lanjut judes kecil tenang cuaca cerah lakuin sapa sopan kabar ramah kuat sapa tetangga senyum reaksi
Anak kecewa kalah lomba. Cara menumbuhkan sportivitas?;Beri pelukan, puji usaha, diskusikan apa bisa dipelajari. Ajari melihat kalah sebagai proses belajar, bukan kegagalan diri.;GPT;A1_GPT_PsikologiKepribadian102-118_50.json;anak kecewa kalah lomba tumbuh sportivitas beri peluk puji usaha diskusi kalah proses bukan gagal diri;6;0.3298884569844988;anak - salah - takut - kecil - gadget - dukung - sendiri - peduli - main - tahu;6_anak_puji_main_salah;anak kecewa kalah lomba tumbuh sportivitas beri peluk puji usaha diskusi kalah proses bukan gagal diri
Bagaimana keluar dari rasa kesepian saat tinggal sendiri?;Jadwalkan panggilan video rutin dengan teman, gabung komunitas daring sesuai hobi, dan pertimbangkan adopsi hewan peliharaan.;GPT;D1_GPT_HealthPsycology152-167_50.json;keluar sepi tinggal sendiri jadwal panggil rutin teman gabung daring sesuai timbang adopsi hewan pelihara;6;0.3190930896136491;anak - salah - takut - kecil - gadget - dukung - sendiri - peduli - main - tahu;6_anak_puji_main_salah;keluar sepi tinggal sendiri jadwal panggil rutin teman gabung daring sesuai timbang adopsi hewan pelihara
Aku benci banget sama menantu ku karena dia kayak ngambil anakku dari aku. Apa yang harus aku lakukan?;Aku ngerti perasaanmu pasti berat, tapi coba lihat dari sisi lain. Menantumu bukan ‘ngambil’ anakmu, tapi mereka lagi bangun hidup baru bersama. Daripada benci, coba bangun hubungan baik sama menantumu. Misalnya, ajak ngobrol santai atau bantu hal kecil tanpa ikut campur. Kalau kamu merasa kehilangan, coba isi waktu dengan kegiatan yang bikin kamu bahagia, seperti ketemu temen atau hobi. Biar ‘jembatan’ ke anakmu tetap terhubung tanpa konflik.;GROK;D10_GROK_HidupDamaiTanpaBerpikirBerlebihan131-141_20.json;benci menantu ngambil anak laku berat sisi menantu bukan ngambil anak hidup benci menantu santai kecil campur hilang giat bahagia temen jembatan anak tetap konflik;6;0.3112023553759132;anak - salah - takut - kecil - gadget - dukung - sendiri - peduli - main - tahu;-1_kecil_diri_sendiri_hidup;benci menantu ngambil anak laku berat sisi menantu bukan ngambil anak hidup benci menantu santai kecil campur hilang giat bahagia temen jembatan anak tetap konflik
Saya lihat tetangga didiskriminasi karena beda suku, tapi takut ikut campur. Bagaimana cara bantu tanpa konflik?;Hai, aku tahu, lihat tetangga didiskriminasi itu bikin hati nggak tenang, tapi takut konflik juga bikin ragu, ya? Puisi Niemoller bilang diam itu berisiko, jadi coba bantu dengan cara halus: ajak tetangga itu ngobrol, tunjukin kamu peduli, ‘Kamu baik-baik aja, kan?’ Atau, lapor ke RT kalau ada diskriminasi tanpa sebut nama. Kebaikan kecil itu kayak menanam benih perdamaian. Apa yang lagi bikin tetanggamu didiskriminasi? Ceritain, biar kita pikirkan cara buat bantu dengan aman!;GROK;A3_GROK_FilosofiTeras291-303_25.json;tetangga diskriminasi suku takut campur konflik tahu tetangga diskriminasi hati tenang takut konflik ragu puisi niemoller diam risiko halus tetangga tunjukin peduli lapor diskriminasi sebut nama kecil tanam benih damai tetangga diskriminasi;6;0.2944678642888925;anak - salah - takut - kecil - gadget - dukung - sendiri - peduli - main - tahu;-1_kecil_diri_sendiri_hidup;tetangga diskriminasi suku takut campur konflik tahu tetangga diskriminasi hati tenang takut konflik ragu puisi niemoller diam risiko halus tetangga tunjukin peduli lapor diskriminasi sebut nama kecil tanam benih damai tetangga diskriminasi
Anakku kayaknya susah konsentrasi di sekolah, apa gara-gara gadget?;Bisa jadi salah satu penyebabnya. Penggunaan gadget berlebihan, apalagi kalau main game atau media sosial, bisa bikin anak kehilangan motivasi belajar dan susah fokus. Coba cek berapa lama dia pakai gadget setiap hari, dan ajak diskusi buat bikin aturan waktu layar yang seimbang.;GROK;A4_GROK_DampakGadget1-19_23.json;anak susah konsentrasi sekolah gara gara gadget salah gadget main game media sosial anak hilang motivasi susah berapa lama gadget diskusi atur layar imbang;6;0.264882749992655;anak - salah - takut - kecil - gadget - dukung - sendiri - peduli - main - tahu;-1_kecil_diri_sendiri_hidup;anak susah konsentrasi sekolah gara gara gadget salah gadget main game media sosial anak hilang motivasi susah berapa lama gadget diskusi atur layar imbang
Aku merasa anakku kurang aktif gara-gara gadget, apa bener?;Iya, itu mungkin banget. Terlalu lama pakai gadget bisa bikin anak kurang gerak, yang akhirnya bisa menyebabkan obesitas atau masalah kesehatan lain. Coba ajak dia main di luar, seperti sepedaan atau jalan-jalan, biar dia lebih aktif dan sehat.;GROK;A4_GROK_DampakGadget1-19_23.json;anak kurang gara gara gadget terlalu lama gadget anak kurang gerak akhir obesitas sehat main luar sepeda jalan jalan sehat;6;0.264727192384602;anak - salah - takut - kecil - gadget - dukung - sendiri - peduli - main - tahu;-1_kecil_diri_sendiri_hidup;anak kurang gara gara gadget terlalu lama gadget anak kurang gerak akhir obesitas sehat main luar sepeda jalan jalan sehat
Anakku marah-marah kalau disuruh lepas gadget, apa yang salah?;Itu bisa jadi tanda dia mulai kecanduan gadget. Perilaku agresif sering muncul kalau anak terlalu bergantung pada gadget. Coba dekati perlahan, ajak ngobrol kenapa dia suka banget sama gadget, dan bikin aturan waktu pakai yang jelas. Mungkin juga ajak dia ikut kegiatan yang dia suka di luar gadget.;GROK;A4_GROK_DampakGadget1-19_23.json;anak marah marah suruh lepas gadget salah candu gadget perilaku agresif muncul anak terlalu gadget dekat perlahan gadget atur jelas giat luar gadget;6;0.2647016965993045;anak - salah - takut - kecil - gadget - dukung - sendiri - peduli - main - tahu;-1_kecil_diri_sendiri_hidup;anak marah marah suruh lepas gadget salah candu gadget perilaku agresif muncul anak terlalu gadget dekat perlahan gadget atur jelas giat luar gadget
Anakku jadi jarang ngobrol sama temennya gara-gara asik sama gadget, apa yang harus aku lakukan?;Sayang banget kalau interaksi sosialnya terganggu. Gadget memang bisa bikin anak lebih fokus ke layar daripada lingkungan sekitar. Coba ajak dia ikut kegiatan yang melibatkan temen-temen, seperti main di taman atau ikut klub olahraga. Juga, batasi waktu gadgetnya supaya dia punya waktu buat ngobrol sama orang lain.;GROK;A4_GROK_DampakGadget1-19_23.json;anak jarang temennya gara gara gadget laku sayang interaksi sosial ganggu gadget anak layar giat libat temen temen main taman klub olahraga batas gadgetnya;6;0.2646214599258417;anak - salah - takut - kecil - gadget - dukung - sendiri - peduli - main - tahu;-1_kecil_diri_sendiri_hidup;anak jarang temennya gara gara gadget laku sayang interaksi sosial ganggu gadget anak layar giat libat temen temen main taman klub olahraga batas gadgetnya
Aku suka kasih anakku gadget biar dia nggak rewel, apa itu oke?;Bisa dimengerti, tapi hati-hati, ya. Kasih gadget biar anteng itu cuma solusi sementara, dan kalau kebanyakan, bisa bikin anak susah atur emosi atau kurang interaksi sosial. Coba ganti dengan aktivitas yang menarik buat dia, seperti mainan atau cerita, dan batasi waktu gadgetnya.;GROK;A4_GROK_DampakGadget1-19_23.json;anak gadget rewel erti hati hati gadget anteng solusi anak susah atur emosi kurang interaksi sosial aktivitas main batas gadgetnya;6;0.264600060981287;anak - salah - takut - kecil - gadget - dukung - sendiri - peduli - main - tahu;-1_kecil_diri_sendiri_hidup;anak gadget rewel erti hati hati gadget anteng solusi anak susah atur emosi kurang interaksi sosial aktivitas main batas gadgetnya
Aku nggak suka batasi gadget anakku, soalnya dia nangis, apa salah?;Bisa dimengerti kalau nggak mau anak nangis, tapi membiarkan tanpa batasan itu riskan. Gadget yang nggak terkontrol bisa ganggu kesehatan mental dan fisik anak, seperti kecemasan atau kurang gerak. Coba buat aturan perlahan, dan ganti waktu gadget dengan aktivitas seru yang dia suka.;GROK;A4_GROK_DampakGadget1-19_23.json;batas gadget anak nang salah erti anak nang batas riskan gadget kontrol ganggu sehat mental fisik anak cemas kurang gerak atur perlahan gadget aktivitas seru;6;0.2645819926730686;anak - salah - takut - kecil - gadget - dukung - sendiri - peduli - main - tahu;-1_kecil_diri_sendiri_hidup;batas gadget anak nang salah erti anak nang batas riskan gadget kontrol ganggu sehat mental fisik anak cemas kurang gerak atur perlahan gadget aktivitas seru
Aku kasih anakku gadget biar dia anteng, apa salah sih?;Bisa dimengerti kalau pengen anak anteng, tapi kasih gadget tanpa batasan itu riskan. Banyak penelitian bilang penggunaan gadget yang nggak diawasi bisa ganggu kesehatan fisik dan mental anak, kayak obesitas atau susah atur emosi. Mungkin coba ganti dengan aktivitas lain, seperti buku cerita atau mainan edukatif, dan atur waktu pakai gadgetnya.;GROK;A4_GROK_DampakGadget1-19_23.json;anak gadget anteng salah erti anak anteng gadget batas riskan gadget awas ganggu sehat fisik mental anak obesitas susah atur emosi aktivitas buku main edukatif atur gadgetnya;6;0.2645766478981444;anak - salah - takut - kecil - gadget - dukung - sendiri - peduli - main - tahu;-1_kecil_diri_sendiri_hidup;anak gadget anteng salah erti anak anteng gadget batas riskan gadget awas ganggu sehat fisik mental anak obesitas susah atur emosi aktivitas buku main edukatif atur gadgetnya
Apa sih literasi digital itu, dan kenapa penting buat anakku?;Literasi digital itu kemampuan buat pakai teknologi dengan bijak dan paham risikonya. Penting banget buat anak supaya mereka tahu cara pakai gadget yang sehat, nggak cuma asal main. Dengan literasi digital, mereka bisa hindari dampak buruk seperti kecanduan atau stres, dan pakai teknologi buat hal yang bermanfaat.;GROK;A4_GROK_DampakGadget1-19_23.json;literasi digital penting anak literasi digital mampu teknologi bijak paham risiko penting anak tahu gadget sehat asal main literasi digital hindar dampak candu stres teknologi manfaat;6;0.2645683961202056;anak - salah - takut - kecil - gadget - dukung - sendiri - peduli - main - tahu;-1_kecil_diri_sendiri_hidup;literasi digital penting anak literasi digital mampu teknologi bijak paham risiko penting anak tahu gadget sehat asal main literasi digital hindar dampak candu stres teknologi manfaat
Aku nggak tahu cara batasi gadget buat anakku, mulai dari mana?;Mulai dari hal sederhana aja. Buat aturan waktu layar, misalnya 1-2 jam sehari, dan pastikan ada waktu buat aktivitas lain seperti main di luar atau baca buku. Juga, coba jadi contoh dengan kurangi pakai gadget di depan anak. Ngobrol sama dia soal pentingnya keseimbangan, biar dia paham.;GROK;A4_GROK_DampakGadget1-19_23.json;tahu batas gadget anak sederhana atur layar aktivitas main luar baca buku contoh kurang gadget depan anak penting imbang paham;6;0.2645662365829126;anak - salah - takut - kecil - gadget - dukung - sendiri - peduli - main - tahu;-1_kecil_diri_sendiri_hidup;tahu batas gadget anak sederhana atur layar aktivitas main luar baca buku contoh kurang gadget depan anak penting imbang paham
Sekolah anakku nggak ngajarin soal bahaya gadget, apa yang bisa aku lakukan?;Kalau sekolah belum ngajarin, kamu bisa mulai dari rumah. Ajak anak ngobrol soal efek buruk gadget, seperti gangguan kesehatan atau kurang fokus. Kamu juga bisa cari sumber edukasi online tentang literasi digital dan ajak anak belajar bareng. Kalau memungkinkan, diskusi sama guru buat masukin topik ini ke pelajaran.;GROK;A4_GROK_DampakGadget1-19_23.json;sekolah anak ngajarin bahaya gadget laku sekolah ngajarin anak efek gadget ganggu sehat kurang sumber edukasi literasi digital anak bareng diskusi guru masukin topik;6;0.2645649798621673;anak - salah - takut - kecil - gadget - dukung - sendiri - peduli - main - tahu;-1_kecil_diri_sendiri_hidup;sekolah anak ngajarin bahaya gadget laku sekolah ngajarin anak efek gadget ganggu sehat kurang sumber edukasi literasi digital anak bareng diskusi guru masukin topik
Aku kasih anakku HP biar dia belajar online, tapi kok malah main game?;Itu sering terjadi, lho. Gadget memang bisa jadi alat belajar, tapi tanpa pengawasan, anak gampang teralih ke game atau medsos. Coba atur aplikasi yang boleh dipakai dan batasi waktu penggunaan. Juga, pastikan dia punya waktu buat aktivitas lain biar nggak cuma fokus ke layar.;GROK;A4_GROK_DampakGadget1-19_23.json;anak malah main game gadget alat awas anak gampang game medsos atur aplikasi batas aktivitas layar;6;0.264559552354585;anak - salah - takut - kecil - gadget - dukung - sendiri - peduli - main - tahu;-1_kecil_diri_sendiri_hidup;anak malah main game gadget alat awas anak gampang game medsos atur aplikasi batas aktivitas layar
Anakku kok susah banget lepas dari gadget, apa ini wajar?;Hmm, itu sebenarnya nggak terlalu wajar kalau sampai susah lepas, apalagi kalau udah mengganggu aktivitas lain. Penggunaan gadget yang nggak terkontrol bisa bikin anak ketergantungan, bahkan memengaruhi kesehatan mental dan sosialnya. Mungkin coba atur batas waktu penggunaan gadget dan ajak dia main di luar atau ngobrol bareng keluarga.;GROK;A4_GROK_DampakGadget1-19_23.json;anak susah lepas gadget terlalu susah lepas udah ganggu aktivitas gadget kontrol anak bahkan pengaruh sehat mental sosial atur batas gadget main luar bareng keluarga;6;0.2645385669412676;anak - salah - takut - kecil - gadget - dukung - sendiri - peduli - main - tahu;-1_kecil_diri_sendiri_hidup;anak susah lepas gadget terlalu susah lepas udah ganggu aktivitas gadget kontrol anak bahkan pengaruh sehat mental sosial atur batas gadget main luar bareng keluarga
Apa gadget bikin anakku susah ngomong sama orang lain?;Bisa jadi, lho. Terlalu lama pakai gadget bisa bikin anak kurang latihan interaksi sosial, bahkan memengaruhi perkembangan bahasa. Coba ajak dia ngobrol atau main sama temen sebaya, dan batasi waktu layar supaya dia lebih terhubung sama dunia nyata.;GROK;A4_GROK_DampakGadget1-19_23.json;gadget anak susah ngomong terlalu lama gadget anak kurang interaksi sosial bahkan pengaruh kembang bahasa main temen baya batas layar nyata;6;0.2643710882001969;anak - salah - takut - kecil - gadget - dukung - sendiri - peduli - main - tahu;-1_kecil_diri_sendiri_hidup;gadget anak susah ngomong terlalu lama gadget anak kurang interaksi sosial bahkan pengaruh kembang bahasa main temen baya batas layar nyata
Aku pengen lebih aktif, tapi rasanya susah banget buat mulai. Gimana caranya?;Aku senang denger kamu pengen coba lebih aktif! Memang awalnya susah, tapi kita bisa mulai dari yang super kecil. Misalnya, beresin meja 5 menit atau jalan di tempat sambil denger lagu. Pilih satu yang rasanya paling gampang, terus kita coba bareng. Apa yang mau kamu mulai?;GROK;D12_GROK_ClinicalHandbookPsychologicalDisorders308-318_20.json;susah senang denger awal susah super kecil resin meja jalan tempat denger pilih paling gampang terus bareng;6;0.2581724619568019;anak - salah - takut - kecil - gadget - dukung - sendiri - peduli - main - tahu;-1_kecil_diri_sendiri_hidup;susah senang denger awal susah super kecil resin meja jalan tempat denger pilih paling gampang terus bareng
Aku ngerasa adikku nggak ngerti apa yang aku bilang soal tanggung jawab, kayak beda persepsi. Gimana caranya biar dia paham?;Beda persepsi sama adik itu kayak nyanyi lagu dewasa tapi dia denger lagu anak, nggak nyambung! Makna butuh pengalaman sama. Coba ceritain tanggung jawab pake contoh dia, ‘Kayak kamu jaga mainan, itu tanggung jawab.’ Tanya, ‘Buat kamu, tanggung jawab itu apa?’ Kasih analogi, ‘Tanggung jawab kayak pegang kendali hidupmu.’ Jaga nada sabar, kasih contoh dari hidup kalian. Kalau nggak paham, tanya, ‘Kata-kataku jelas nggak?’ Ceritain situasi adikmu, aku bantu kasih cara biar nyanyi bareng!;GROK;A3_GROK_PsikologiKomunikasi139-157_59.json;ngerasa adik persepsi paham persepsi adik dewasa denger anak nyambung makna butuh alam pake contoh jaga main analogi pegang kendali hidup jaga sabar contoh hidup paham kata kata jelas situasi adik bareng;6;0.2425607149760471;anak - salah - takut - kecil - gadget - dukung - sendiri - peduli - main - tahu;-1_kecil_diri_sendiri_hidup;ngerasa adik persepsi paham persepsi adik dewasa denger anak nyambung makna butuh alam pake contoh jaga main analogi pegang kendali hidup jaga sabar contoh hidup paham kata kata jelas situasi adik bareng
Aku coba berhenti minum, tapi tiba-tiba craving banget. Apa yang bisa aku lakuin?;Craving itu memang bisa muncul tiba-tiba, dan itu normal dalam proses berhenti. Coba alihkan perhatianmu ke aktivitas yang kamu suka, seperti jalan-jalan atau dengar musik. Minum air putih atau teh juga bisa bantu kurangi dorongan itu. Kalau craving-nya sering banget, mungkin kita bisa pikirkan untuk cari dukungan tambahan, seperti kelompok dukungan. Kamu merasa craving ini muncul karena apa?;GROK;D12_GROK_ClinicalHandbookPsychologicalDisorders583-593_20.json;henti craving lakuin craving muncul proses henti perhati aktivitas jalan jalan dengar musik putih kurang dorong craving dukung tambah kelompok dukung craving muncul;6;0.2308963398826314;anak - salah - takut - kecil - gadget - dukung - sendiri - peduli - main - tahu;-1_kecil_diri_sendiri_hidup;henti craving lakuin craving muncul proses henti perhati aktivitas jalan jalan dengar musik putih kurang dorong craving dukung tambah kelompok dukung craving muncul
Anakku hanya mau digendong ibu, menolak ayah. Apa solusinya?;Perkenalkan ayah secara bertahap: ayah memberi botol susu sambil ibu ada di dekat. Perlahan, bayi belajar percaya pada lebih dari satu caregiver.;GROK;A1_GROK_PsikologiKepribadian61-83_99.json;anak gendong tolak ayah solusi kenal ayah tahap ayah beri botol susu dekat perlahan percaya caregiver;6;0.2213939098451825;anak - salah - takut - kecil - gadget - dukung - sendiri - peduli - main - tahu;-1_kecil_diri_sendiri_hidup;anak gendong tolak ayah solusi kenal ayah tahap ayah beri botol susu dekat perlahan percaya caregiver
Aku takut anakku dikira nggak pinter. Apa gangguan belajar itu?;Aku ngerti kamu pengen yang terbaik buat anakmu. Menurut DSM-IV, gangguan belajar itu kalau prestasi anakmu, kayak di matematika, jauh lebih rendah dari kecerdasannya, yang diukur tes IQ. Bukan berarti dia nggak pinter, tapi ada area yang butuh bantuan khusus. Diagnosis ini bisa bantu dapetin dukungan di sekolah. Kalau khawatir, tanya psikologmu soal ini. Apa yang bikin takut? Ceritain, yuk.;GROK;D2_GROK_DrAndrewClinicalPsychology195-218_35.json;takut anak pinter ganggu anak turut ganggu prestasi anak matematika jauh rendah cerdas ukur bukan arti pinter area butuh khusus diagnosis dapetin dukung sekolah khawatir psikolog takut;6;0.1969345800786068;anak - salah - takut - kecil - gadget - dukung - sendiri - peduli - main - tahu;-1_kecil_diri_sendiri_hidup;takut anak pinter ganggu anak turut ganggu prestasi anak matematika jauh rendah cerdas ukur bukan arti pinter area butuh khusus diagnosis dapetin dukung sekolah khawatir psikolog takut
Aku ngerasa hidupku nggak akan lengkap kalau nggak punya anak. Apa aku salah mikir gitu?;Nggak ada yang salah dengan perasaanmu, itu cuma cerminan apa yang kamu nilai penting. Tapi, hidup yang ‘lengkap’ itu beda-beda buat tiap orang. Kalau kamu pengen punya anak, itu sah-sah aja, tapi coba pikir juga apa lagi yang bikin kamu bahagia, seperti karier, hobi, atau hubungan sama orang lain. Kalau pikiran ini bikin stres, coba ceritain ke orang terpercaya atau tulis apa yang kamu rasain. Kamu berharga, dengan atau tanpa anak, lho.;GROK;D10_GROK_HidupDamaiTanpaBerpikirBerlebihan131-141_20.json;ngerasa hidup lengkap anak salah mikir salah cermin nilai penting hidup lengkap anak bahagia karier stres percaya rasain harga anak;6;0.1772207204793796;anak - salah - takut - kecil - gadget - dukung - sendiri - peduli - main - tahu;-1_kecil_diri_sendiri_hidup;ngerasa hidup lengkap anak salah mikir salah cermin nilai penting hidup lengkap anak bahagia karier stres percaya rasain harga anak
Aku pengen jadi pemimpin di kelompokku, tapi takut dikatain sombong. Gimana caranya?;Keinginan untuk memimpin itu bagus, menunjukkan kamu punya semangat untuk mengambil tanggung jawab. Tapi wajar kok takut dihakimi. Coba fokus pada niatmu, misalnya bantu kelompok berhasil, bukan cuma pengen berkuasa. Apa kamu mau latihan cara komunikasi yang bikin orang nyaman sama kepemimpinanmu?;GROK;D4_GROK_PengantarPsikologiBimoW233-248_22.json;pimpin kelompok takut dikatain sombong pimpin bagus tunjuk semangat takut hakim niat kelompok hasil bukan kuasa komunikasi nyaman pimpin;6;0.1682449610811052;anak - salah - takut - kecil - gadget - dukung - sendiri - peduli - main - tahu;-1_kecil_diri_sendiri_hidup;pimpin kelompok takut dikatain sombong pimpin bagus tunjuk semangat takut hakim niat kelompok hasil bukan kuasa komunikasi nyaman pimpin
Aku merasa nggak perlu mentor, aku bisa cari tahu sendiri.;Keren kalau kamu mandiri, tapi mentor bisa bantu kamu lihat jalan yang lebih cepat atau hindari kesalahan. Coba pikir, apa salahnya punya seseorang yang membimbing? Apa yang bikin kamu nggak mau mentor?;GROK;D9_GROK_EgoIsTheEnemy72-82_20.json;perlu mentor tahu sendiri keren mandiri mentor jalan cepat hindar salah salah bimbing mentor;6;0.1556763677849361;anak - salah - takut - kecil - gadget - dukung - sendiri - peduli - main - tahu;-1_kecil_diri_sendiri_hidup;perlu mentor tahu sendiri keren mandiri mentor jalan cepat hindar salah salah bimbing mentor
