question;answer;from;filename;document_preprocessed;Topic;Probability;Top_n_words;Name;Document
Emilia, aku merasa depresi akhir-akhir ini. Apa sih yang menyebabkan depresi itu menurut pandangan biologis?;Aku dengar kamu merasa berat, ya. Secara biologis, depresi bisa dipengaruhi oleh faktor genetik, seperti variasi gen tertentu yang memengaruhi cara otak mengatur suasana hati. Selain itu, ketidakseimbangan neurotransmiter, seperti serotonin, juga berperan. Tapi, lingkungan juga penting, lho, seperti stres atau trauma. Mau ceritain lebih banyak apa yang lagi kamu rasakan?;GROK;D11_GROK_AHandbookfortheSMH105-115_20.json;depresi akhir akhir depresi turut pandang biologis dengar berat biologis depresi pengaruh faktor genetik variasi pengaruh otak atur suasana hati ketidakseimbangan neurotransmiter serotonin peran penting stres trauma;12;1.0;otak - stres - ganggu - mental - depresi - takut - obat - khawatir - skizofrenia - nyeri;12_skizofrenia_ganggu_otak_ganggu mental;depresi akhir akhir depresi turut pandang biologis dengar berat biologis depresi pengaruh faktor genetik variasi pengaruh otak atur suasana hati ketidakseimbangan neurotransmiter serotonin peran penting stres trauma
Emilia, apa hubungan stres sama gangguan mental dari sisi biologis?;Stres bisa memengaruhi tubuh secara biologis, lho, seperti meningkatkan hormon kortisol yang bisa ganggu fungsi otak, termasuk pengaturan emosi. Kalau stresnya kronis, ini bisa memperburuk risiko gangguan mental, apalagi kalau ada kerentanan genetik. Apa yang lagi bikin kamu stres? Mungkin kita bisa pikirin cara ngatasinnya bareng.;GROK;D11_GROK_AHandbookfortheSMH105-115_20.json;stres ganggu mental sisi biologis stres pengaruh tubuh biologis tingkat hormon kortisol ganggu fungsi otak masuk atur emosi stres kronis risiko ganggu mental rentan genetik stres pikirin ngatasinnya bareng;12;1.0;otak - stres - ganggu - mental - depresi - takut - obat - khawatir - skizofrenia - nyeri;12_skizofrenia_ganggu_otak_ganggu mental;stres ganggu mental sisi biologis stres pengaruh tubuh biologis tingkat hormon kortisol ganggu fungsi otak masuk atur emosi stres kronis risiko ganggu mental rentan genetik stres pikirin ngatasinnya bareng
Aku merasa nggak ada gunanya hidup. Apa ini cuma masalah kimia di otakku?;Aku sedih banget denger kamu merasa gitu. Perasaan itu nggak cuma soal kimia otak, meski ketidakseimbangan neurotransmiter bisa berperan. Situasi hidup, seperti tekanan atau rasa kesepian, juga bisa memengaruhi. Aku pikir penting banget buat ceritain ini ke seseorang yang bisa bantu, seperti profesional. Apa kamu mau coba bicara sama seseorang? Aku dukung kamu.;GROK;D11_GROK_AHandbookfortheSMH105-115_20.json;hidup otak sedih denger otak ketidakseimbangan neurotransmiter peran situasi hidup tekan sepi pengaruh penting profesional bicara dukung;12;1.0;otak - stres - ganggu - mental - depresi - takut - obat - khawatir - skizofrenia - nyeri;12_skizofrenia_ganggu_otak_ganggu mental;hidup otak sedih denger otak ketidakseimbangan neurotransmiter peran situasi hidup tekan sepi pengaruh penting profesional bicara dukung
Aku dengar kalau gangguan mental itu cuma soal otak yang bermasalah. Bener gitu, Emilia?;Nggak sepenuhnya gitu. Gangguan mental memang sering dikaitkan dengan fungsi otak, seperti ketidakseimbangan kimia atau struktur otak yang berbeda. Tapi, itu bukan satu-satunya penyebab. Faktor lingkungan, pengalaman hidup, dan genetik juga punya peran besar. Jadi, ini kompleks. Apa yang bikin kamu penasaran soal ini?;GROK;D11_GROK_AHandbookfortheSMH83-93_20.json;dengar ganggu mental otak sepenuh ganggu mental kait fungsi otak ketidakseimbangan struktur otak bukan faktor alam hidup genetik peran kompleks penasaran;12;1.0;otak - stres - ganggu - mental - depresi - takut - obat - khawatir - skizofrenia - nyeri;12_skizofrenia_ganggu_otak_ganggu mental;dengar ganggu mental otak sepenuh ganggu mental kait fungsi otak ketidakseimbangan struktur otak bukan faktor alam hidup genetik peran kompleks penasaran
Emilia, apa bener kalau gangguan mental itu cuma soal kimia otak yang salah?;Banyak orang berpikir gitu, tapi sebenarnya lebih rumit. Gangguan mental bisa melibatkan ketidakseimbangan neurotransmiter di otak, tapi itu cuma salah satu bagian. Faktor sosial, trauma, atau stres juga punya peran besar. Jadi, nggak cuma soal kimia. Kamu lagi mikirin apa soal ini?;GROK;D11_GROK_AHandbookfortheSMH83-93_20.json;ganggu mental otak salah rumit ganggu mental libat ketidakseimbangan neurotransmiter otak salah faktor sosial trauma stres peran mikirin;12;1.0;otak - stres - ganggu - mental - depresi - takut - obat - khawatir - skizofrenia - nyeri;12_skizofrenia_ganggu_otak_ganggu mental;ganggu mental otak salah rumit ganggu mental libat ketidakseimbangan neurotransmiter otak salah faktor sosial trauma stres peran mikirin
Aku merasa depresi banget, gak ada motivasi buat apa-apa. Apa ini cuma aku yang gagal?;Kamu gak gagal, kok. Depresi itu bukan tanda kelemahan, tapi sinyal bahwa kamu lagi berat banget. Banyak orang ngalamin ini, dan itu bisa dipengaruhi oleh banyak hal, seperti stres atau ketidakseimbangan di otak. Coba mulai dari hal kecil, seperti bangun dari tempat tidur atau minum air. Aku di sini buat dukung kamu, oke?;GROK;D12_GROK_ClinicalHandbookPsychologicalDisorders242-252_20.json;depresi motivasi gagal gagal depresi bukan lemah berat ngalamin pengaruh stres ketidakseimbangan otak kecil tempat tidur dukung;12;1.0;otak - stres - ganggu - mental - depresi - takut - obat - khawatir - skizofrenia - nyeri;12_skizofrenia_ganggu_otak_ganggu mental;depresi motivasi gagal gagal depresi bukan lemah berat ngalamin pengaruh stres ketidakseimbangan otak kecil tempat tidur dukung
Aku takut kalau aku punya skizofrenia, bakal susah dapat obat HIV. Bener nggak sih?;Kekhawatiranmu itu wajar, tapi sebenarnya banyak orang dengan kondisi seperti skizofrenia masih bisa dapat perawatan HIV yang baik. Yang penting, kamu punya dokter atau tim medis yang ngerti kedua kondisi ini. Kalau kamu khawatir soal akses, coba bicara dengan pekerja sosial atau konselor yang bisa bantu navigasi sistem kesehatan. Apa kamu sudah punya dokter yang bisa dipercaya?;GROK;D11_GROK_AHandbookfortheSMH578-588_20.json;takut skizofrenia susah obat khawatir kondisi skizofrenia awat penting dokter medis kondisi khawatir akses bicara kerja sosial konselor navigasi sehat dokter percaya;12;1.0;otak - stres - ganggu - mental - depresi - takut - obat - khawatir - skizofrenia - nyeri;12_skizofrenia_ganggu_otak_ganggu mental;takut skizofrenia susah obat khawatir kondisi skizofrenia awat penting dokter medis kondisi khawatir akses bicara kerja sosial konselor navigasi sehat dokter percaya
Dulu orang pikir gangguan mental itu apa sih?;Menarik banget, ya, cerita jaman dulu! Sekitar 460-377 SM, Hippocrates bilang gangguan mental bukan karena setan atau dewa, tapi karena ketidakseimbangan cairan tubuh, kayak darah atau empedu. Meski sekarang teorinya udah ketinggalan, dia bantu ubah cara orang lihat masalah mental jadi lebih ilmiah. Keren, kan, gimana pemikiran berkembang? Apa yang lagi bikin penasaran soal kesehatan mental? Ceritain, dong.;GROK;D2_GROK_DrAndrewClinicalPsychology150-170_38.json;ganggu mental jaman hippocrates ganggu mental bukan setan dewa ketidakseimbangan cair tubuh darah empedu teori udah tinggal ubah mental ilmiah keren kembang penasaran sehat mental;12;1.0;otak - stres - ganggu - mental - depresi - takut - obat - khawatir - skizofrenia - nyeri;12_skizofrenia_ganggu_otak_ganggu mental;ganggu mental jaman hippocrates ganggu mental bukan setan dewa ketidakseimbangan cair tubuh darah empedu teori udah tinggal ubah mental ilmiah keren kembang penasaran sehat mental
Siapa yang mulai bikin kategori gangguan mental kayak sekarang?;Kamu penasaran sama sejarah diagnosis, ya. Di akhir 1800-an, Emil Kraepelin bikin gebrakan dengan kasih nama kategori kayak mania-depresi dan demensia praecox, yang sekarang mirip bipolar dan skizofrenia. Dia bantu bikin sistem yang jadi cikal bakal DSM modern. Keren, kan, gimana dia mulai kasih struktur buat ngerti gangguan mental? Apa yang lagi bikin penasaran? Ceritain, yuk.;GROK;D2_GROK_DrAndrewClinicalPsychology150-170_38.json;siapa kategori ganggu mental penasaran sejarah diagnosis akhir emil kraepelin gebrak nama kategori mania depresi demensia praecox mirip bipolar skizofrenia cikal modern keren struktur ganggu mental penasaran;12;1.0;otak - stres - ganggu - mental - depresi - takut - obat - khawatir - skizofrenia - nyeri;12_skizofrenia_ganggu_otak_ganggu mental;siapa kategori ganggu mental penasaran sejarah diagnosis akhir emil kraepelin gebrak nama kategori mania depresi demensia praecox mirip bipolar skizofrenia cikal modern keren struktur ganggu mental penasaran
Dulu orang takut gangguan mental karena apa?;Cerita jaman dulu menarik banget! Sebelum Hippocrates sekitar 460-377 SM, orang sering takut gangguan mental karena dikira akibat setan atau dewa. Tapi Hippocrates bilang itu karena ketidakseimbangan cairan tubuh, kayak darah atau empedu. Itu langkah besar buat lihat masalah mental sebagai sesuatu yang alami. Keren, kan, gimana pemikiran berubah? Apa yang lagi bikin penasaran? Ceritain, yuk.;GROK;D2_GROK_DrAndrewClinicalPsychology150-170_38.json;takut ganggu mental jaman hippocrates takut ganggu mental akibat setan dewa hippocrates ketidakseimbangan cair tubuh darah empedu mental alami keren ubah penasaran;12;1.0;otak - stres - ganggu - mental - depresi - takut - obat - khawatir - skizofrenia - nyeri;12_skizofrenia_ganggu_otak_ganggu mental;takut ganggu mental jaman hippocrates takut ganggu mental akibat setan dewa hippocrates ketidakseimbangan cair tubuh darah empedu mental alami keren ubah penasaran
Aku takut anakku juga bakal panik kayak aku, apa yang bisa aku lakukan?;Wajar khawatir soal anak. Ada faktor genetik di gangguan panik, tapi lingkungan juga penting. Coba ajarin anak teknik relaksasi sederhana atau dorong dia coba hal baru pelan-pelan. Apa kamu lihat tanda-tanda spesifik di anakmu?;GROK;D12_GROK_ClinicalHandbookPsychologicalDisorders33-43_20.json;takut anak panik laku khawatir anak faktor genetik ganggu panik penting ajarin anak teknik relaksasi sederhana dorong pelan pelan spesifik anak;12;1.0;otak - stres - ganggu - mental - depresi - takut - obat - khawatir - skizofrenia - nyeri;12_skizofrenia_ganggu_otak_ganggu mental;takut anak panik laku khawatir anak faktor genetik ganggu panik penting ajarin anak teknik relaksasi sederhana dorong pelan pelan spesifik anak
Aku dengar alkoholisme sama depresi itu ada hubungan biologis. Bener nggak, Emilia?;Iya, ada bukti bahwa depresi dan alkoholisme bisa punya kerentanan biologis yang sama, seperti masalah di jalur neurotransmiter tertentu. Tapi, faktor sosial, seperti lingkungan atau kebiasaan, juga besar pengaruhnya. Kalau kamu khawatir soal ini, apa yang lagi bikin kamu mikir? Aku di sini buat dengerin.;GROK;D11_GROK_AHandbookfortheSMH105-115_20.json;dengar alkoholisme depresi biologis bukti depresi alkoholisme rentan biologis jalur neurotransmiter faktor sosial pengaruh khawatir mikir dengerin;12;1.0;otak - stres - ganggu - mental - depresi - takut - obat - khawatir - skizofrenia - nyeri;12_skizofrenia_ganggu_otak_ganggu mental;dengar alkoholisme depresi biologis bukti depresi alkoholisme rentan biologis jalur neurotransmiter faktor sosial pengaruh khawatir mikir dengerin
Emilia, kenapa sih gangguan mental kayak skizofrenia dianggap lebih biologis?;Skizofrenia memang sering dikaitkan dengan faktor biologis, seperti perubahan struktur otak atau ketidakseimbangan kimiawi, ditambah pengaruh genetik yang kuat. Tapi, lingkungan juga punya peran, misalnya stres berat atau trauma masa kecil. Jadi, meski biologis kuat, faktor lain juga ikut bermain. Apa yang bikin kamu penasaran sama topik ini?;GROK;D11_GROK_AHandbookfortheSMH105-115_20.json;ganggu mental skizofrenia anggap biologis skizofrenia kait faktor biologis ubah struktur otak ketidakseimbangan kimiawi tambah pengaruh genetik kuat peran stres berat trauma masa kecil biologis kuat faktor main penasaran topik;12;1.0;otak - stres - ganggu - mental - depresi - takut - obat - khawatir - skizofrenia - nyeri;12_skizofrenia_ganggu_otak_ganggu mental;ganggu mental skizofrenia anggap biologis skizofrenia kait faktor biologis ubah struktur otak ketidakseimbangan kimiawi tambah pengaruh genetik kuat peran stres berat trauma masa kecil biologis kuat faktor main penasaran topik
Aku dengar schizophrenia itu cuma ada di kota besar. Bener nggak sih?;Nggak bener, kok. Schizophrenia itu bisa muncul di mana saja, baik di kota besar, desa, atau bahkan komunitas terpencil. Penelitian menunjukkan gangguan ini ada di berbagai budaya, meskipun gejalanya mungkin beda-beda tergantung lingkungan. Kalau kamu penasaran lebih lanjut, aku bisa bantu jelasin, atau ada apa di pikiranmu soal ini?;GROK;D11_GROK_AHandbookfortheSMH160-170_20.json;dengar schizophrenia kota schizophrenia muncul kota desa bahkan pencil tunjuk ganggu gejala penasaran lanjut jelasin;12;1.0;otak - stres - ganggu - mental - depresi - takut - obat - khawatir - skizofrenia - nyeri;12_skizofrenia_ganggu_otak_ganggu mental;dengar schizophrenia kota schizophrenia muncul kota desa bahkan pencil tunjuk ganggu gejala penasaran lanjut jelasin
Aku takut kalau nanti aku kena schizophrenia. Apa yang bisa aku lakuin biar nggak kena?;Takut kena gangguan mental itu wajar, tapi schizophrenia nggak bisa dicegah sepenuhnya karena ada faktor genetik dan lingkungan. Yang bisa kamu lakuin adalah jaga kesehatan mental, kurangi stres, dan kalau ada riwayat keluarga, konsultasi sama profesional. Apa yang bikin kamu takut? Ceritain, aku bantu kasih saran.;GROK;D11_GROK_AHandbookfortheSMH160-170_20.json;takut kena schizophrenia lakuin kena takut kena ganggu mental schizophrenia cegah sepenuh faktor genetik lakuin jaga sehat mental kurang stres riwayat keluarga konsultasi profesional takut saran;12;1.0;otak - stres - ganggu - mental - depresi - takut - obat - khawatir - skizofrenia - nyeri;12_skizofrenia_ganggu_otak_ganggu mental;takut kena schizophrenia lakuin kena takut kena ganggu mental schizophrenia cegah sepenuh faktor genetik lakuin jaga sehat mental kurang stres riwayat keluarga konsultasi profesional takut saran
Aku pengen tahu, apa sih bedanya gangguan mental sama penyakit mental?;Gangguan mental biasanya soal pola pikir atau perilaku yang bikin hidupmu terganggu, kayak cemas berlebihan. Kalau penyakit mental, biasanya ada disfungsi dalam otak, kayak skizofrenia. Tapi dua-duanya bisa dipengaruhi lingkungan dan pengalaman hidup. Kamu lagi khawatir tentang apa terkait ini?;GROK;D11_GROK_AHandbookfortheSMH17-27_20.json;tahu ganggu mental sakit mental ganggu mental pola perilaku hidup ganggu cemas sakit mental disfungsi otak skizofrenia pengaruh alam hidup khawatir kait;12;1.0;otak - stres - ganggu - mental - depresi - takut - obat - khawatir - skizofrenia - nyeri;12_skizofrenia_ganggu_otak_ganggu mental;tahu ganggu mental sakit mental ganggu mental pola perilaku hidup ganggu cemas sakit mental disfungsi otak skizofrenia pengaruh alam hidup khawatir kait
Aku dengar orang bilang skizofrenia itu sama di semua negara. Bener nggak?;Nggak sepenuhnya. Meskipun skizofrenia punya gejala inti yang mirip di mana-mana, cara gejalanya muncul atau dipahami bisa beda karena budaya. Misalnya, di satu tempat orang bilang itu 'kerasukan', di tempat lain dianggap penyakit otak. Kamu penasaran soal ini karena apa?;GROK;D11_GROK_AHandbookfortheSMH17-27_20.json;dengar skizofrenia negara sepenuh skizofrenia gejala inti mirip gejala muncul paham tempat rasuk tempat anggap sakit otak penasaran;12;1.0;otak - stres - ganggu - mental - depresi - takut - obat - khawatir - skizofrenia - nyeri;12_skizofrenia_ganggu_otak_ganggu mental;dengar skizofrenia negara sepenuh skizofrenia gejala inti mirip gejala muncul paham tempat rasuk tempat anggap sakit otak penasaran
Kadang aku ngerasa schizophrenia itu salahku sendiri. Bener nggak sih?;Nggak, itu nggak benar. Schizophrenia itu gangguan berbasis biologis, bukan salah kamu. Otak kita kadang punya cara kerja yang beda, dan itu nggak ada hubungannya sama kegagalan pribadi. Yang penting, kamu fokus ke langkah buat ngelola kondisi ini, kayak konsul ke dokter atau ikut kelompok dukungan. Mau ceritain lebih lanjut apa yang bikin kamu ngerasa gitu?;GROK;D11_GROK_AHandbookfortheSMH171-181_20.json;ngerasa schizophrenia salah sendiri schizophrenia ganggu biologis bukan salah otak kerja gagal pribadi penting ngelola kondisi konsul dokter kelompok dukung lanjut ngerasa;12;1.0;otak - stres - ganggu - mental - depresi - takut - obat - khawatir - skizofrenia - nyeri;12_skizofrenia_ganggu_otak_ganggu mental;ngerasa schizophrenia salah sendiri schizophrenia ganggu biologis bukan salah otak kerja gagal pribadi penting ngelola kondisi konsul dokter kelompok dukung lanjut ngerasa
Aku takut banget kena gangguan mental kayak schizophrenia. Apa yang bikin orang kena gitu?;Takut gitu wajar, apalagi kalau kamu lagi stres. Schizophrenia biasanya muncul karena kombinasi faktor genetik dan lingkungan, kayak stres berat atau trauma. Tapi nggak usah panik, menjaga kesehatan mental bisa bantu. Apa yang bikin kamu takut kena gangguan ini? Ceritain, aku di sini buat bantu.;GROK;D11_GROK_AHandbookfortheSMH182-192_20.json;takut kena ganggu mental schizophrenia kena takut stres schizophrenia muncul kombinasi faktor genetik stres berat trauma usah panik jaga sehat mental takut kena ganggu;12;1.0;otak - stres - ganggu - mental - depresi - takut - obat - khawatir - skizofrenia - nyeri;12_skizofrenia_ganggu_otak_ganggu mental;takut kena ganggu mental schizophrenia kena takut stres schizophrenia muncul kombinasi faktor genetik stres berat trauma usah panik jaga sehat mental takut kena ganggu
Emilia, aku baca kalau skizofrenia itu pasti karena genetik. Bener nggak sih?;Nggak sepenuhnya benar. Skizofrenia memang punya komponen genetik, tapi itu bukan satu-satunya penyebab. Faktor lingkungan, seperti infeksi saat kehamilan atau trauma, juga bisa berperan. Penelitian masih berusaha memahami hubungan gen dan lingkungan ini. Kamu khawatir soal ini karena apa, boleh ceritain?;GROK;D11_GROK_AHandbookfortheSMH83-93_20.json;baca skizofrenia genetik sepenuh skizofrenia komponen genetik bukan faktor infeksi hamil trauma peran usaha paham khawatir;12;1.0;otak - stres - ganggu - mental - depresi - takut - obat - khawatir - skizofrenia - nyeri;12_skizofrenia_ganggu_otak_ganggu mental;baca skizofrenia genetik sepenuh skizofrenia komponen genetik bukan faktor infeksi hamil trauma peran usaha paham khawatir
Aku sering dengar otak orang dengan skizofrenia itu beda. Apa bedanya, Emilia?;Penelitian menunjukkan otak orang dengan skizofrenia kadang punya perbedaan, seperti ventrikel otak yang lebih besar atau aktivitas rendah di lobus frontal. Tapi, ini bukan berarti otak mereka 'rusak'. Perubahan ini cuma rata-rata dan nggak berlaku untuk semua orang. Penasaran soal ini karena apa?;GROK;D11_GROK_AHandbookfortheSMH83-93_20.json;dengar otak skizofrenia tunjuk otak skizofrenia ventrikel otak aktivitas rendah lobus frontal bukan arti otak rusak ubah rata rata laku penasaran;12;1.0;otak - stres - ganggu - mental - depresi - takut - obat - khawatir - skizofrenia - nyeri;12_skizofrenia_ganggu_otak_ganggu mental;dengar otak skizofrenia tunjuk otak skizofrenia ventrikel otak aktivitas rendah lobus frontal bukan arti otak rusak ubah rata rata laku penasaran
Emilia, aku merasa gangguan mentalku bikin aku beda dari yang lain. Apa otakku emang beneran beda?;Aku ngerti rasanya ngerasa beda. Penelitian menunjukkan beberapa gangguan mental, seperti skizofrenia, bisa terkait dengan perubahan kecil di otak, seperti ukuran ventrikel atau aktivitas lobus frontal. Tapi, ini nggak berarti otakmu 'salah'. Setiap otak unik, dan yang penting adalah menemukan cara yang bikin kamu merasa lebih baik. Mau ceritain apa yang lagi kamu rasain?;GROK;D11_GROK_AHandbookfortheSMH83-93_20.json;ganggu mental otak emang beneran ngerasa tunjuk beberapa ganggu mental skizofrenia kait ubah kecil otak ukur ventrikel aktivitas lobus frontal arti otak salah otak unik penting rasain;12;1.0;otak - stres - ganggu - mental - depresi - takut - obat - khawatir - skizofrenia - nyeri;12_skizofrenia_ganggu_otak_ganggu mental;ganggu mental otak emang beneran ngerasa tunjuk beberapa ganggu mental skizofrenia kait ubah kecil otak ukur ventrikel aktivitas lobus frontal arti otak salah otak unik penting rasain
Emilia, aku dengar skizofrenia itu karena otakku rusak. Bener nggak sih?;Nggak sepenuhnya gitu. Skizofrenia sering dikaitkan dengan perubahan kecil di otak, seperti ventrikel yang lebih besar atau koneksi saraf yang kurang optimal. Tapi, ini nggak berarti otakmu 'rusak'. Ini lebih ke soal cara otak berkomunikasi. Mau ceritain apa yang bikin kamu khawatir soal ini?;GROK;D11_GROK_AHandbookfortheSMH83-93_20.json;dengar skizofrenia otak rusak sepenuh skizofrenia kait ubah kecil otak ventrikel koneksi saraf kurang optimal arti otak rusak otak komunikasi khawatir;12;1.0;otak - stres - ganggu - mental - depresi - takut - obat - khawatir - skizofrenia - nyeri;12_skizofrenia_ganggu_otak_ganggu mental;dengar skizofrenia otak rusak sepenuh skizofrenia kait ubah kecil otak ventrikel koneksi saraf kurang optimal arti otak rusak otak komunikasi khawatir
Aku merasa gangguan mentalku bikin aku nggak bisa mikir jernih. Apa otakku emang bermasalah, Emilia?;Aku ngerti rasanya ngerasa pikiran nggak jernih. Beberapa gangguan mental, seperti skizofrenia, bisa memengaruhi fungsi otak, seperti aktivitas di lobus frontal yang berhubungan sama pemikiran. Tapi, ini nggak berarti otakmu ‘bermasalah’ secara permanen. Dengan dukungan, banyak orang bisa mengelola ini. Mau ceritain lebih lanjut apa yang kamu rasain?;GROK;D11_GROK_AHandbookfortheSMH83-93_20.json;ganggu mental mikir jernih otak emang ngerasa jernih beberapa ganggu mental skizofrenia pengaruh fungsi otak aktivitas lobus frontal arti otak permanen dukung kelola lanjut rasain;12;1.0;otak - stres - ganggu - mental - depresi - takut - obat - khawatir - skizofrenia - nyeri;12_skizofrenia_ganggu_otak_ganggu mental;ganggu mental mikir jernih otak emang ngerasa jernih beberapa ganggu mental skizofrenia pengaruh fungsi otak aktivitas lobus frontal arti otak permanen dukung kelola lanjut rasain
Emilia, aku kadang dengar suara-suara di kepalaku. Apa itu normal?;Mendengar suara-suara yang nggak ada sumbernya bukan sesuatu yang biasa, dan itu bisa jadi tanda gangguan seperti skizofrenia, mungkin terkait dopamin yang nggak seimbang. Aku khawatir sama kamu, dan sebaiknya kamu bicara sama profesional seperti psikolog atau psikiater untuk cek lebih lanjut. Aku di sini buat dukung kamu, ya.;GROK;D11_GROK_AHandbookfortheSMH94-104_20.json;dengar kepala dengar sumber bukan ganggu skizofrenia kait dopamin imbang khawatir bicara profesional psikolog psikiater lanjut dukung;12;1.0;otak - stres - ganggu - mental - depresi - takut - obat - khawatir - skizofrenia - nyeri;12_skizofrenia_ganggu_otak_ganggu mental;dengar kepala dengar sumber bukan ganggu skizofrenia kait dopamin imbang khawatir bicara profesional psikolog psikiater lanjut dukung
Emilia, apa bener semua masalah mental cuma gara-gara gen?;Nggak sepenuhnya. Gen memang berperan, seperti pada skizofrenia atau depresi, tapi lingkungan, pengalaman hidup, dan cara kita hadapi stres juga punya andil besar. Jadi, ini kombinasi banyak faktor. Kita bisa fokus ke apa yang bisa kamu kontrol, seperti pola hidup sehat, kalau kamu mau.;GROK;D11_GROK_AHandbookfortheSMH94-104_20.json;mental gara gara sepenuh peran skizofrenia depresi alam hidup hadap stres andil kombinasi faktor kontrol pola hidup sehat;12;1.0;otak - stres - ganggu - mental - depresi - takut - obat - khawatir - skizofrenia - nyeri;12_skizofrenia_ganggu_otak_ganggu mental;mental gara gara sepenuh peran skizofrenia depresi alam hidup hadap stres andil kombinasi faktor kontrol pola hidup sehat
Emilia, aku takut keturunan skizofrenia dari keluargaku. Apa yang bisa aku lakukan?;Wajar kalau kamu khawatir. Skizofrenia memang punya komponen genetik, tapi nggak pasti kamu akan mengalaminya. Kamu bisa jaga kesehatan mental dengan tidur cukup, hindari stres berlebih, dan konsultasi rutin ke psikolog. Aku di sini buat bantu kamu cari info atau ceritain kekhawatiranmu, ya.;GROK;D11_GROK_AHandbookfortheSMH94-104_20.json;takut turun skizofrenia keluarga laku khawatir skizofrenia komponen genetik alam jaga sehat mental tidur cukup hindar stres konsultasi rutin psikolog info khawatir;12;1.0;otak - stres - ganggu - mental - depresi - takut - obat - khawatir - skizofrenia - nyeri;12_skizofrenia_ganggu_otak_ganggu mental;takut turun skizofrenia keluarga laku khawatir skizofrenia komponen genetik alam jaga sehat mental tidur cukup hindar stres konsultasi rutin psikolog info khawatir
Aku kadang ngerasa dunia nggak nyata. Itu apa sih?;Perasaan dunia nggak nyata, atau derealisasi, bisa muncul karena stres berat atau gangguan seperti skizofrenia, yang mungkin terkait dopamin. Ini nggak biasa, jadi aku saranin kamu bicara sama psikolog untuk cek lebih lanjut. Aku di sini buat dengerin kalau kamu mau cerita, ya.;GROK;D11_GROK_AHandbookfortheSMH94-104_20.json;ngerasa nyata nyata derealisasi muncul stres berat ganggu skizofrenia kait dopamin saranin bicara psikolog lanjut dengerin;12;1.0;otak - stres - ganggu - mental - depresi - takut - obat - khawatir - skizofrenia - nyeri;12_skizofrenia_ganggu_otak_ganggu mental;ngerasa nyata nyata derealisasi muncul stres berat ganggu skizofrenia kait dopamin saranin bicara psikolog lanjut dengerin
Aku sering sakit kepala migrain. Rasanya mengganggu banget sampai aku takut itu merusak otak.;Aku bisa bayangkan betapa beratnya hidup dengan migrain. Memang, migrain bisa berdampak pada struktur otak kalau dibiarkan. Penting sekali untuk bicara dengan dokter soal penanganannya dan mencoba mengenali pemicu seperti stres atau alergi. Ada beberapa suplemen yang bisa membantu, tapi tetap harus dengan arahan medis. Jangan anggap remeh migrainmu, tubuhmu sedang bilang ada yang perlu diperhatikan.;GPT;D13_GPT_BrainPower101-111_10.json;sakit kepala migrain ganggu takut rusak otak bayang betapa berat hidup migrain migrain dampak struktur otak penting sekali bicara dokter tangan nali picu stres alergi beberapa suplemen tetap arah medis jangan anggap remeh migrain tubuh sedang perlu perhati;12;0.7121789311301736;otak - stres - ganggu - mental - depresi - takut - obat - khawatir - skizofrenia - nyeri;-1_kecil_diri_sendiri_hidup;sakit kepala migrain ganggu takut rusak otak bayang betapa berat hidup migrain migrain dampak struktur otak penting sekali bicara dokter tangan nali picu stres alergi beberapa suplemen tetap arah medis jangan anggap remeh migrain tubuh sedang perlu perhati
Saya khawatir terhadap bahan kimia yang merusak saraf. Haruskah saya panik mengenai lingkungan sekitar saya?;Penting untuk waspada tapi tidak panik. Dokumen menyebut beberapa neurotoksin (seperti timbal, merkuri, pestisida) yang berbahaya jika terpapar. Kamu bisa mengurangi risiko praktis—hindari pemanis buatan berlebih, waspadai sumber paparan timbal/merkuri, dan gunakan produk rumah tangga dengan aman. Jika ada paparan serius, konsultasi kesehatan lingkungan atau dokter diperlukan.;GPT;D13_GPT_BrainPower79-89_30.json;khawatir hadap bahan rusak saraf panik kena penting waspada panik dokumen sebut beberapa neurotoksin timbal merkuri pestisida bahaya papar kurang risiko praktis hindar waspada sumber papar timbal merkuri produk tangga papar serius konsultasi sehat dokter perlu;12;0.70901069594688;otak - stres - ganggu - mental - depresi - takut - obat - khawatir - skizofrenia - nyeri;-1_kecil_diri_sendiri_hidup;khawatir hadap bahan rusak saraf panik kena penting waspada panik dokumen sebut beberapa neurotoksin timbal merkuri pestisida bahaya papar kurang risiko praktis hindar waspada sumber papar timbal merkuri produk tangga papar serius konsultasi sehat dokter perlu
Saya khawatir tentang ingatan saya yang makin menurun. Apakah infeksi di masa lalu bisa berpengaruh?;Perasaan khawatir tentang ingatan sangat dimengerti. Beberapa penelitian menunjukkan bahwa riwayat infeksi, terutama yang kronis, dapat berhubungan dengan masalah memori dan kognisi. Ini bukan kesalahanmu — tubuh dan otak saling terhubung. Yang bisa kamu lakukan sekarang: jaga kebersihan (mis. cuci tangan), tangani infeksi yang sedang ada dengan profesional kesehatan, dan bicarakan riwayat medismu dengan dokter untuk pemeriksaan kognitif jika perlu.;GPT;D13_GPT_BrainPower46-56_22.json;khawatir ingat makin turun infeksi masa pengaruh khawatir ingat erti beberapa tunjuk riwayat infeksi utama kronis memori kognisi bukan salah tubuh otak saling laku jaga cuci tangan tangan infeksi sedang profesional sehat bicara riwayat medis dokter periksa kognitif perlu;12;0.7078804309242173;otak - stres - ganggu - mental - depresi - takut - obat - khawatir - skizofrenia - nyeri;-1_kecil_diri_sendiri_hidup;khawatir ingat makin turun infeksi masa pengaruh khawatir ingat erti beberapa tunjuk riwayat infeksi utama kronis memori kognisi bukan salah tubuh otak saling laku jaga cuci tangan tangan infeksi sedang profesional sehat bicara riwayat medis dokter periksa kognitif perlu
Saya sering melakukan olahraga ekstrim tanpa helm karena merasa 'aman'. Seberapa penting memakai helm sebenarnya?;"Memakai helm adalah tindakan pencegahan yang jelas dan masuk akal. Cedera kepala bisa berdampak jangka panjang; memakai helm mengurangi risiko cedera otak traumatis dan kematian. Ini bukan soal takut berlebihan — ini soal merawat diri dan mengambil langkah perlindungan yang sederhana dan efektif.";GPT;D13_GPT_BrainPower90-100_10.json;laku olahraga ekstrim helm berapa penting helm helm tindak cegah jelas masuk akal cedera kepala dampak jangka panjang helm kurang risiko cedera otak traumatis mati bukan takut rawat diri lindung sederhana efektif;12;0.7053772671094765;otak - stres - ganggu - mental - depresi - takut - obat - khawatir - skizofrenia - nyeri;-1_kecil_diri_sendiri_hidup;laku olahraga ekstrim helm berapa penting helm helm tindak cegah jelas masuk akal cedera kepala dampak jangka panjang helm kurang risiko cedera otak traumatis mati bukan takut rawat diri lindung sederhana efektif
Saya minum alkohol hampir setiap hari untuk 'melepaskan stres'. Baru-baru ini saya baca itu bisa membuat otak mengecil. Haruskah saya berhenti?;Kamu sudah melihat sesuatu penting — bahkan konsumsi alkohol ringan secara berulang bisa berdampak pada volume otak dan fungsi kognitif. Jika minum digunakan sebagai satu-satunya cara untuk mengatasi stres, itu berisiko. Pertimbangkan untuk mengurangi perlahan atau mencari dukungan (teman, keluarga, konselor) untuk strategi koping yang lebih sehat seperti olahraga, tidur lebih baik, atau teknik relaksasi. Jika sulit mengurangi sendiri, mintalah bantuan profesional — itu langkah berani dan benar.;GPT;D13_GPT_BrainPower46-56_22.json;alkohol hampir lepas stres baca otak kecil henti penting bahkan konsumsi alkohol ringan ulang dampak volume otak fungsi kognitif stres risiko timbang kurang perlahan dukung teman keluarga konselor strategi koping sehat olahraga tidur teknik relaksasi sulit kurang sendiri minta profesional berani;12;0.6992143751254108;otak - stres - ganggu - mental - depresi - takut - obat - khawatir - skizofrenia - nyeri;-1_kecil_diri_sendiri_hidup;alkohol hampir lepas stres baca otak kecil henti penting bahkan konsumsi alkohol ringan ulang dampak volume otak fungsi kognitif stres risiko timbang kurang perlahan dukung teman keluarga konselor strategi koping sehat olahraga tidur teknik relaksasi sulit kurang sendiri minta profesional berani
Saya sering merasa cemas dan ingin mengandalkan minyak esensial saja. Cukup kah itu?;Aromaterapi bisa membantu gejala ringan sebagai pelengkap, tetapi tidak menggantikan penanganan profesional bila kecemasan Anda berat atau terus mengganggu fungsi hidup. Jika gejala parah atau berkepanjangan, penting mencari bantuan dari tenaga kesehatan mental.;GPT;D13_GPT_BrainPower123-133_27.json;cemas andal minyak esensial cukup aromaterapi gejala ringan lengkap tangan profesional bila cemas berat terus ganggu fungsi hidup gejala parah panjang penting tenaga sehat mental;12;0.6976008694385841;otak - stres - ganggu - mental - depresi - takut - obat - khawatir - skizofrenia - nyeri;-1_kecil_diri_sendiri_hidup;cemas andal minyak esensial cukup aromaterapi gejala ringan lengkap tangan profesional bila cemas berat terus ganggu fungsi hidup gejala parah panjang penting tenaga sehat mental
Saya merasa stres dan sulit tidur. Bisa pijat benar-benar membantu?;Ya, dokumen menyebut pijat dapat meningkatkan kewaspadaan, mempercepat pemecahan masalah, dan membantu tidur dengan menurunkan hormon stres serta meningkatkan hormon ‘nyaman’. Pijat juga bisa mengangkat suasana hati. Kalau kamu merasa nyaman dengan pijatan, coba mulai dengan sesi singkat dan lihat bagaimana perasaanmu—jika ada masalah kesehatan khusus, konsultasikan dulu.;GPT;D13_GPT_BrainPower79-89_30.json;stres sulit tidur pijat dokumen sebut pijat tingkat waspada cepat pecah tidur turun hormon stres tingkat hormon nyaman pijat angkat suasana hati nyaman pijat sesi singkat sehat khusus konsultasi;12;0.6946827055781319;otak - stres - ganggu - mental - depresi - takut - obat - khawatir - skizofrenia - nyeri;-1_kecil_diri_sendiri_hidup;stres sulit tidur pijat dokumen sebut pijat tingkat waspada cepat pecah tidur turun hormon stres tingkat hormon nyaman pijat angkat suasana hati nyaman pijat sesi singkat sehat khusus konsultasi
Saya punya masalah memori. Bisa menari bantu mengurangi risiko demensia?;Penelitian menunjukkan aktivitas menari terhubung dengan peningkatan materi putih otak dan menurunkan risiko penurunan kognitif bila dibandingkan dengan beberapa bentuk latihan lain. Menari adalah salah satu aktivitas yang melibatkan banyak aspek otak sekaligus, sehingga bermanfaat untuk memori.;GPT;D13_GPT_BrainPower123-133_27.json;memori tari kurang risiko demensia tunjuk aktivitas tari tingkat materi putih otak turun risiko turun kognitif bila banding beberapa bentuk tari salah aktivitas libat aspek otak sekaligus manfaat memori;12;0.6919190774857547;otak - stres - ganggu - mental - depresi - takut - obat - khawatir - skizofrenia - nyeri;-1_kecil_diri_sendiri_hidup;memori tari kurang risiko demensia tunjuk aktivitas tari tingkat materi putih otak turun risiko turun kognitif bila banding beberapa bentuk tari salah aktivitas libat aspek otak sekaligus manfaat memori
Bagaimana saya bisa mencegah 'penyusutan otak' saat menua? Saya takut kehilangan memori.;Ada beberapa langkah yang nyata: hentikan atau kurangi konsumsi alkohol, kelola stres, tetap aktif secara fisik, dan terus belajar hal baru. Aktivitas intelektual dan sosial dapat 'menyangga' efek penuaan otak. Jika ada kekhawatiran besar tentang memori, bicarakan ke tenaga medis untuk penilaian dan saran spesifik.;GPT;D13_GPT_BrainPower46-56_22.json;cegah susut otak takut hilang memori beberapa nyata henti kurang konsumsi alkohol kelola stres tetap fisik terus aktivitas intelektual sosial sangga efek otak khawatir memori bicara tenaga medis nilai saran spesifik;12;0.6913015820917194;otak - stres - ganggu - mental - depresi - takut - obat - khawatir - skizofrenia - nyeri;-1_kecil_diri_sendiri_hidup;cegah susut otak takut hilang memori beberapa nyata henti kurang konsumsi alkohol kelola stres tetap fisik terus aktivitas intelektual sosial sangga efek otak khawatir memori bicara tenaga medis nilai saran spesifik
Aku susah booking psikiater. Bisakah meditasi dijadikan penanganan utama dulu?;"Meditasi, journaling, dan olahraga dapat membantu gejala ringan. Namun jika muncul pikiran bunuh diri, gangguan fungsi harian, atau insomnia berat, segera cari bantuan profesional bahkan jika harus antre; nyawa lebih penting.";GPT;D1_GPT_HealthPsycology184-208_50.json;susah booking psikiater meditasi tangan utama meditasi journaling olahraga gejala ringan muncul bunuh diri ganggu fungsi insomnia berat segera profesional bahkan antre nyawa penting;12;0.6902151098857302;otak - stres - ganggu - mental - depresi - takut - obat - khawatir - skizofrenia - nyeri;-1_kecil_diri_sendiri_hidup;susah booking psikiater meditasi tangan utama meditasi journaling olahraga gejala ringan muncul bunuh diri ganggu fungsi insomnia berat segera profesional bahkan antre nyawa penting
Apa manfaat memahami mekanisme otak saat cemas?;Mengetahui peran amigdala dan korteks membuatmu sadar gejala fisik hanyalah respons biologis, bukan pertanda bahaya nyata—ini menurunkan intensitas kepanikan.;GPT;D2_GPT_DrAndrewClinicalPsychology44-64_60.json;manfaat paham mekanisme otak cemas tahu peran amigdala korteks gejala fisik respons biologis bukan bahaya nyata turun intensitas panik;12;0.6877441227523402;otak - stres - ganggu - mental - depresi - takut - obat - khawatir - skizofrenia - nyeri;-1_kecil_diri_sendiri_hidup;manfaat paham mekanisme otak cemas tahu peran amigdala korteks gejala fisik respons biologis bukan bahaya nyata turun intensitas panik
Saya menghabiskan banyak waktu mengemudi dan merasa lelah. Apakah itu mempengaruhi otak saya?;Ya, mengemudi lebih dari dua jam sehari dikaitkan dengan penurunan kognitif pada beberapa studi — mungkin karena kombinasi ketidakaktifan, stres, dan kelelahan. Jika memungkinkan, pertimbangkan opsi kerja yang lebih dekat, berbagi perjalanan, atau alternatif transportasi.;GPT;D13_GPT_BrainPower35-45_20.json;habis kemudi lelah pengaruh otak kemudi kait turun kognitif beberapa studi kombinasi ketidakaktifan stres lelah timbang opsi kerja dekat jalan alternatif transportasi;12;0.6875803173685167;otak - stres - ganggu - mental - depresi - takut - obat - khawatir - skizofrenia - nyeri;-1_kecil_diri_sendiri_hidup;habis kemudi lelah pengaruh otak kemudi kait turun kognitif beberapa studi kombinasi ketidakaktifan stres lelah timbang opsi kerja dekat jalan alternatif transportasi
Saya merasa stres kerja tinggi dan sulit tidur. Apa kaitannya stres dengan otak saya?;Stres berulang dapat memengaruhi area otak yang penting seperti korteks prefrontal (pengambilan keputusan) dan hippocampus (memori). Hal ini membuat fokus dan pembelajaran lebih sulit. Langkah yang membantu meliputi teknik manajemen stres (napas, istirahat terjadwal), membatasi beban kerja ketika memungkinkan, dan mencari dukungan bila stres terus-menerus mengganggu fungsi sehari-hari.;GPT;D13_GPT_BrainPower46-56_22.json;stres kerja tinggi sulit tidur kait stres otak stres ulang pengaruh area otak penting korteks prefrontal putus hippocampus memori sulit liput teknik manajemen stres istirahat jadwal batas beban kerja dukung bila stres terus terus ganggu fungsi;12;0.68438824641472;otak - stres - ganggu - mental - depresi - takut - obat - khawatir - skizofrenia - nyeri;-1_kecil_diri_sendiri_hidup;stres kerja tinggi sulit tidur kait stres otak stres ulang pengaruh area otak penting korteks prefrontal putus hippocampus memori sulit liput teknik manajemen stres istirahat jadwal batas beban kerja dukung bila stres terus terus ganggu fungsi
Saya jarang olahraga, tapi banyak orang bilang olahraga bisa meningkatkan kepercayaan diri. Apakah benar?;Benar. Olahraga rutin, bahkan hanya 20–30 menit sehari, bisa memperlancar aliran darah ke otak dan meningkatkan hormon yang melindungi sel-sel saraf. Efeknya bukan hanya fisik, tapi juga emosional—olahraga bisa membuat kamu merasa lebih berharga dan percaya diri. Jadi, coba mulai dengan langkah kecil seperti jalan cepat atau peregangan ringan.;GPT;D13_GPT_BrainPower13-23_11.json;jarang olahraga olahraga tingkat percaya diri olahraga rutin bahkan lancar alir darah otak tingkat hormon lindung saraf efek bukan fisik emosional olahraga harga percaya diri kecil jalan cepat regang ringan;12;0.6835767857762562;otak - stres - ganggu - mental - depresi - takut - obat - khawatir - skizofrenia - nyeri;-1_kecil_diri_sendiri_hidup;jarang olahraga olahraga tingkat percaya diri olahraga rutin bahkan lancar alir darah otak tingkat hormon lindung saraf efek bukan fisik emosional olahraga harga percaya diri kecil jalan cepat regang ringan
Saya takut kalau suatu hari mengalami cedera otak. Apa yang bisa saya lakukan untuk melindungi otak saya?;Langkah pencegahan sangat penting. Biasakan menggunakan sabuk pengaman, hati-hati saat naik turun tangga, dan jangan menggunakan kursi sebagai pengganti tangga. Hindari perkelahian atau aktivitas yang rawan benturan kepala. Cedera otak bisa berdampak jangka panjang, jadi menjaga keselamatan dalam aktivitas sehari-hari adalah langkah terbaik.;GPT;D13_GPT_BrainPower13-23_11.json;takut suatu alami cedera otak laku lindung otak cegah penting sabuk hati hati naik turun tangga jangan kursi tangga hindar kelahi aktivitas rawan bentur kepala cedera otak dampak jangka panjang jaga selamat aktivitas;12;0.6803794780454167;otak - stres - ganggu - mental - depresi - takut - obat - khawatir - skizofrenia - nyeri;-1_kecil_diri_sendiri_hidup;takut suatu alami cedera otak laku lindung otak cegah penting sabuk hati hati naik turun tangga jangan kursi tangga hindar kelahi aktivitas rawan bentur kepala cedera otak dampak jangka panjang jaga selamat aktivitas
Apakah latihan mental bisa mengaktifkan jalur analgesia alami?;Ya, meditasi dan visualisasi positif dapat merangsang pelepasan neurotransmiter pengurang nyeri. Praktik 10‑15 menit tiap hari membantu tubuh belajar meredam sinyal nyeri lebih efektif.;GPT;D1_GPT_HealthPsycology184-208_50.json;mental jalur analgesia alami meditasi visualisasi positif rangsang lepas neurotransmiter kurang nyeri praktik tubuh redam nyeri efektif;12;0.6787595287831192;otak - stres - ganggu - mental - depresi - takut - obat - khawatir - skizofrenia - nyeri;-1_kecil_diri_sendiri_hidup;mental jalur analgesia alami meditasi visualisasi positif rangsang lepas neurotransmiter kurang nyeri praktik tubuh redam nyeri efektif
Apakah aman menggabungkan jamu herbal dengan obat resep psikiatri?;Konsultasikan selalu sebelum menambah herbal. Beberapa, seperti St. John’s Wort, dapat menurunkan efektivitas antidepresan SSRI dan meningkatkan risiko serotonin syndrome. Catat semua suplemen untuk diberikan ke dokter.;GPT;D1_GPT_HealthPsycology184-208_50.json;gabung jamu herbal obat resep psikiatri konsultasi tambah herbal beberapa john wort turun efektivitas antidepresan ssri tingkat risiko serotonin syndrome catat suplemen beri dokter;12;0.6773119812468311;otak - stres - ganggu - mental - depresi - takut - obat - khawatir - skizofrenia - nyeri;-1_kecil_diri_sendiri_hidup;gabung jamu herbal obat resep psikiatri konsultasi tambah herbal beberapa john wort turun efektivitas antidepresan ssri tingkat risiko serotonin syndrome catat suplemen beri dokter
Apakah biofeedback cocok untuk migrainku?;Banyak studi menunjukkan biofeedback suhu kulit atau ketegangan otot efektif menurunkan frekuensi migrain. Butuh beberapa sesi latihan konsisten.;GPT;D1_GPT_HealthPsycology209-229_50.json;biofeedback cocok migrain studi tunjuk biofeedback suhu kulit tegang efektif turun frekuensi migrain butuh beberapa sesi konsisten;12;0.6762199372480299;otak - stres - ganggu - mental - depresi - takut - obat - khawatir - skizofrenia - nyeri;-1_kecil_diri_sendiri_hidup;biofeedback cocok migrain studi tunjuk biofeedback suhu kulit tegang efektif turun frekuensi migrain butuh beberapa sesi konsisten
Dokter bilang cuci tangan biasa saja, tapi saya mau tahu, apakah benar itu membantu menjaga otak?;Iya, saran sederhana seperti cuci tangan memang berdasar. Menghindari infeksi akut dan kronis membantu mengurangi beban pada tubuh yang berpotensi berdampak pada kesehatan otak. Jadi cuci tangan sebelum makan atau setelah ke kamar mandi, serta praktik kesehatan lain seperti menjaga kebersihan alat pribadi, adalah langkah nyata yang bisa melindungi kesehatan jangka panjang.;GPT;D13_GPT_BrainPower46-56_22.json;dokter cuci tangan tahu jaga otak saran sederhana cuci tangan hindar infeksi akut kronis kurang beban tubuh potensi dampak sehat otak cuci tangan makan kamar mandi praktik sehat jaga alat pribadi nyata lindung sehat jangka panjang;12;0.6745506197481438;otak - stres - ganggu - mental - depresi - takut - obat - khawatir - skizofrenia - nyeri;-1_kecil_diri_sendiri_hidup;dokter cuci tangan tahu jaga otak saran sederhana cuci tangan hindar infeksi akut kronis kurang beban tubuh potensi dampak sehat otak cuci tangan makan kamar mandi praktik sehat jaga alat pribadi nyata lindung sehat jangka panjang
Saya pernah merasa sangat emosional setelah sesi meditasi atau hipnosis. Apakah itu normal?;Ya, itu bisa terjadi. Teknik relaksasi kadang membuka emosi yang tertahan. Jika emosi itu intens atau mengganggu fungsi sehari-hari, pertimbangkan untuk menghentikan praktik dan berdiskusi dengan terapis atau konselor untuk pemrosesan lebih lanjut.;GPT;D13_GPT_BrainPower79-89_30.json;emosional sesi meditasi hipnosis teknik relaksasi emosi tahan emosi intens ganggu fungsi timbang henti praktik diskus terap konselor pemrosesan lanjut;12;0.6738541696186213;otak - stres - ganggu - mental - depresi - takut - obat - khawatir - skizofrenia - nyeri;-1_kecil_diri_sendiri_hidup;emosional sesi meditasi hipnosis teknik relaksasi emosi tahan emosi intens ganggu fungsi timbang henti praktik diskus terap konselor pemrosesan lanjut
Saya tertarik mencoba ginseng untuk mengurangi kecemasan. Aman kah itu?;Dalam dokumen disebutkan ginseng dapat membantu memengaruhi respon terhadap stres dan mendukung kognisi. Namun, suplemen berefek berbeda-beda pada tiap orang. Periksa label (dosis standar yang disebutkan adalah sekitar 200 mg sehari untuk beberapa produk) dan kandungan ginsenosides, serta konsultasikan dengan dokter—terutama jika sedang minum obat lain atau memiliki kondisi medis.;GPT;D13_GPT_BrainPower79-89_30.json;ginseng kurang cemas dokumen sebut ginseng pengaruh respon hadap stres dukung kognisi suplemen efek periksa label dosis standar sebut beberapa produk kandung ginsenosides konsultasi dokter utama sedang obat milik kondisi medis;12;0.6727097548387673;otak - stres - ganggu - mental - depresi - takut - obat - khawatir - skizofrenia - nyeri;-1_kecil_diri_sendiri_hidup;ginseng kurang cemas dokumen sebut ginseng pengaruh respon hadap stres dukung kognisi suplemen efek periksa label dosis standar sebut beberapa produk kandung ginsenosides konsultasi dokter utama sedang obat milik kondisi medis
Saya merasa mudah stres di bawah tekanan. Bagaimana cara lebih kuat secara emosional?;Stres itu berat, tapi kamu punya kekuatan untuk menghadapinya! Robert R. McCrae dan Paul T. Costa Jr. bilang neuroticism bikin kita rentan stres, tapi kita bisa latih ketahanan. Coba meditasi singkat 5 menit atau tulis tiga hal yang bikin kamu bersyukur untuk alihkan fokus. Apa satu situasi stres yang ingin kamu kelola, dan cara apa yang bisa kamu coba?;GROK;A1_GROK_PsikologiKepribadian174-185_25.json;mudah stres bawah tekan kuat emosional stres berat kuat hadap robert mccrae paul costa neuroticism rentan stres tahan meditasi singkat syukur situasi stres kelola;12;0.6639593211721881;otak - stres - ganggu - mental - depresi - takut - obat - khawatir - skizofrenia - nyeri;-1_kecil_diri_sendiri_hidup;mudah stres bawah tekan kuat emosional stres berat kuat hadap robert mccrae paul costa neuroticism rentan stres tahan meditasi singkat syukur situasi stres kelola
Saya merokok dan merasa depresi, yang bikin saya tambah down. Bagaimana merokok dan depresi saling terkait, dan apa yang bisa saya lakukan?;Saya paham lingkaran depresi dan merokok itu berat, tapi kamu kuat karena ingin cari solusi! Merokok bisa tingkatin depresi karena nikotin ganggu kimia otak, dan depresi bikin kamu lebih pengen merokok. Untuk kesehatan mental, coba kurangi rokok dengan nikotin patch dan ganti dengan aktivitas yang ningkatin mood, seperti jalan santai atau curhat ke temen. Bilang, ‘Aku layak bahagia.’ Cari konselor untuk bantu atasi depresi. Apa yang bikin depresi, dan langkah apa yang bisa kamu coba?;GROK;D1_GROK_HealthPsycology114-151_58.json;rokok depresi tambah down rokok depresi saling kait laku paham lingkar depresi rokok berat kuat solusi rokok tingkatin depresi nikotin ganggu otak depresi rokok sehat mental kurang rokok nikotin patch aktivitas ningkatin mood jalan santai curhat temen layak bahagia konselor depresi depresi;12;0.6631711550626208;otak - stres - ganggu - mental - depresi - takut - obat - khawatir - skizofrenia - nyeri;-1_kecil_diri_sendiri_hidup;rokok depresi tambah down rokok depresi saling kait laku paham lingkar depresi rokok berat kuat solusi rokok tingkatin depresi nikotin ganggu otak depresi rokok sehat mental kurang rokok nikotin patch aktivitas ningkatin mood jalan santai curhat temen layak bahagia konselor depresi depresi
Emilia, aku merasa keluargaku terlalu ngatur karena aku punya bipolar. Aku kesal!;Pasti frustrasi kalau merasa dikontrol. Kadang keluarga khawatir berlebihan karena nggak paham sepenuhnya soal bipolar. Coba ajak mereka ngobrol terbuka atau ikut terapi keluarga bareng biar komunikasi lebih sehat. Apa yang biasanya mereka atur?;GROK;D12_GROK_ClinicalHandbookPsychologicalDisorders506-516_20.json;keluarga terlalu ngatur bipolar kesal frustrasi kontrol keluarga khawatir paham sepenuh bipolar terapi keluarga bareng komunikasi sehat atur;12;0.654762998182752;otak - stres - ganggu - mental - depresi - takut - obat - khawatir - skizofrenia - nyeri;-1_kecil_diri_sendiri_hidup;keluarga terlalu ngatur bipolar kesal frustrasi kontrol keluarga khawatir paham sepenuh bipolar terapi keluarga bareng komunikasi sehat atur
Aku punya fobia sama laba-laba. Bisa nggak teknologi bantu aku?;Fobia laba-laba pasti bikin jantungan tiap lihat yang kecil sekalipun, ya. Teknologi bisa bantu banget! Ada terapi virtual reality yang bikin kamu ‘ketemu’ laba-laba dalam lingkungan aman, biar pelan-pelan kamu nggak takut lagi. Ada juga program komputer khusus buat ngatasin fobia. Ini semua dirancang supaya kamu nyaman. Kedengeran menarik, kan? Mau ceritain lebih banyak soal fobiamu? Aku dengerin kok.;GROK;D2_GROK_DrAndrewClinicalPsychology65-83_51.json;fobia laba laba teknologi fobia laba laba jantung kecil sekalipun teknologi terapi virtual reality laba laba pelan pelan takut program komputer khusus ngatasin fobia rancang nyaman kedengeran fobia dengerin;12;0.6520879055077505;otak - stres - ganggu - mental - depresi - takut - obat - khawatir - skizofrenia - nyeri;-1_kecil_diri_sendiri_hidup;fobia laba laba teknologi fobia laba laba jantung kecil sekalipun teknologi terapi virtual reality laba laba pelan pelan takut program komputer khusus ngatasin fobia rancang nyaman kedengeran fobia dengerin
Aku sering tiba-tiba teringat kejadian buruk di masa lalu, kayak flashback gitu. Itu kenapa ya?;Itu bisa jadi salah satu gejala dari gangguan stres pascatrauma, atau PTSD. Kadang, kenangan buruk itu muncul tiba-tiba karena otak kita masih mencoba memproses trauma. Aku di sini buat dengerin kalau kamu mau cerita lebih, atau mungkin kamu bisa coba bicara dengan profesional untuk bantuan lebih lanjut. Apa kamu merasa ini sering mengganggu hari-harimu?;GROK;D12_GROK_ClinicalHandbookPsychologicalDisorders88-98_20.json;ingat masa flashback salah gejala ganggu stres pascatrauma ptsd kenang muncul otak proses trauma dengerin bicara profesional lanjut ganggu;12;0.6469683137586507;otak - stres - ganggu - mental - depresi - takut - obat - khawatir - skizofrenia - nyeri;-1_kecil_diri_sendiri_hidup;ingat masa flashback salah gejala ganggu stres pascatrauma ptsd kenang muncul otak proses trauma dengerin bicara profesional lanjut ganggu
Aku merasa nggak nyata waktu panik, itu normal nggak?;Itu wajar kok di gangguan panik, namanya depersonalisasi atau derealisasi. Kamu merasa terpisah dari diri sendiri atau dunia sekitar. Coba fokus ke napas atau sentuh benda di sekitar buat grounding. Apa kamu sering merasa gitu?;GROK;D12_GROK_ClinicalHandbookPsychologicalDisorders33-43_20.json;nyata panik ganggu panik nama depersonalisasi derealisasi pisah diri sendiri sentuh benda grounding;12;0.6459754343019093;otak - stres - ganggu - mental - depresi - takut - obat - khawatir - skizofrenia - nyeri;-1_kecil_diri_sendiri_hidup;nyata panik ganggu panik nama depersonalisasi derealisasi pisah diri sendiri sentuh benda grounding
Kalau aku nggak cerita ke orang lain soal perasaanku, apa itu bakal bikin depresi?;Menyimpan perasaan sendiri bisa bikin beban terasa lebih berat, tapi nggak selalu langsung menyebabkan depresi. Depresi biasanya muncul dari banyak faktor, seperti stres yang menumpuk atau kurang dukungan sosial. Coba deh, mulai ceritain sedikit ke aku apa yang ada di pikiranmu. Aku di sini buat dengerin tanpa judging.;GROK;D11_GROK_AHandbookfortheSMH358-368_20.json;depresi simpan sendiri beban berat langsung depresi depresi muncul faktor stres tumpuk kurang dukung sosial dengerin judging;12;0.6450905485309522;otak - stres - ganggu - mental - depresi - takut - obat - khawatir - skizofrenia - nyeri;-1_kecil_diri_sendiri_hidup;depresi simpan sendiri beban berat langsung depresi depresi muncul faktor stres tumpuk kurang dukung sosial dengerin judging
Aku pernah dengar soal CBT, itu apa sih? Bisa bantu aku nggak?;CBT atau terapi perilaku kognitif itu metode yang bantu kita mengelola pikiran dan perilaku yang bikin sakit atau stres terasa lebih berat. Misalnya, belajar mengubah cara kita lihat rasa sakit. Aku bisa ceritain lebih banyak atau bantu kamu cari info soal ini, tertarik?;GROK;D12_GROK_ClinicalHandbookPsychologicalDisorders693-703_20.json;dengar terapi perilaku kognitif metode kelola perilaku sakit stres berat ubah sakit info;12;0.644353847837714;otak - stres - ganggu - mental - depresi - takut - obat - khawatir - skizofrenia - nyeri;-1_kecil_diri_sendiri_hidup;dengar terapi perilaku kognitif metode kelola perilaku sakit stres berat ubah sakit info
Aku dengar banyak orang pakai antidepresan sekarang. Apa bener itu?;Iya, penggunaan antidepresan memang meningkat drastis. Data menunjukkan penggunaannya hampir tiga kali lipat dari akhir 1980-an sampai 2000. Sekitar 10% wanita dan 4% pria menggunakannya setiap bulan. Tapi, ini juga bikin kita perlu mikir, apakah semua orang yang pakai obat ini benar-benar butuh, atau ada faktor lain seperti tekanan sosial?;GROK;D11_GROK_AHandbookfortheSMH39-49_20.json;dengar antidepresan antidepresan tingkat drastis data tunjuk hampir lipat akhir wanita pria bulan perlu mikir obat butuh faktor tekan sosial;12;0.6414750430353282;otak - stres - ganggu - mental - depresi - takut - obat - khawatir - skizofrenia - nyeri;-1_kecil_diri_sendiri_hidup;dengar antidepresan antidepresan tingkat drastis data tunjuk hampir lipat akhir wanita pria bulan perlu mikir obat butuh faktor tekan sosial
Kenapa tertawa membantu setelah gagal?;Tawa menurunkan hormon stres dan mengaktifkan sistem dopamin reward. Viktor Frankl bahkan memasukkan humor sebagai strategi bertahan mental.;GPT;A1_GPT_EmotionalFirstAid23-45_50.json;tertawa gagal tawa turun hormon stres dopamin reward viktor frankl bahkan masuk humor strategi tahan mental;12;0.6385753820324163;otak - stres - ganggu - mental - depresi - takut - obat - khawatir - skizofrenia - nyeri;-1_kecil_diri_sendiri_hidup;tertawa gagal tawa turun hormon stres dopamin reward viktor frankl bahkan masuk humor strategi tahan mental
Saya selalu merasa khawatir akan hal kecil—mengapa perasaan takut itu terus muncul?;Mekanisme 'waspada' otak, yang termasuk hormon seperti kortisol, berfungsi untuk menarik perhatian saat ada ancaman atau kebutuhan. Otak kita terus memindai potensi masalah sehingga kadang membuat kita merasa harus selalu 'melakukan sesuatu'. Menyadari bahwa ini respons alami dapat membantu Anda membedakan antara ancaman nyata dan kekhawatiran yang berulang.;GPT;D13_GPT_BrainPower57-67_19.json;khawatir kecil takut terus muncul mekanisme waspada otak masuk hormon kortisol fungsi perhati ancam butuh otak terus pindai potensi laku respons alami ancam nyata khawatir ulang;12;0.6367470980740633;otak - stres - ganggu - mental - depresi - takut - obat - khawatir - skizofrenia - nyeri;-1_kecil_diri_sendiri_hidup;khawatir kecil takut terus muncul mekanisme waspada otak masuk hormon kortisol fungsi perhati ancam butuh otak terus pindai potensi laku respons alami ancam nyata khawatir ulang
Aku nggak di tempat kejadian teroris, tapi kenapa ya aku masih merasa cemas?;Itu disebut paparan tidak langsung, dan banyak orang mengalaminya. Meskipun kamu nggak di lokasi, berita atau cerita tentang terorisme bisa bikin otakmu merasa ‘terancam’. Ini wajar, tapi kalau cemasnya mengganggu, coba kurangi waktu menonton berita dan fokus pada hal-hal yang bikin kamu tenang. Apa yang biasanya bikin kamu rileks?;GROK;D11_GROK_AHandbookfortheSMH413-423_20.json;tempat teroris cemas sebut papar langsung alam lokasi berita terorisme otak ancam cemas ganggu kurang tonton berita tenang rileks;12;0.631296224365808;otak - stres - ganggu - mental - depresi - takut - obat - khawatir - skizofrenia - nyeri;-1_kecil_diri_sendiri_hidup;tempat teroris cemas sebut papar langsung alam lokasi berita terorisme otak ancam cemas ganggu kurang tonton berita tenang rileks
Banyak orang bilang kesehatan mental itu cuma soal pikiran. Bener nggak sih?;Nggak sesimpel itu. Kesehatan mental dipengaruhi banyak hal, kayak lingkungan sosial, keadaan ekonomi, bahkan budaya tempat kamu hidup. Jadi, nggak cuma soal pikiranmu, tapi juga gimana kamu terhubung sama dunia sekitar. Apa yang lagi bikin kamu penasaran soal ini?;GROK;D11_GROK_AHandbookfortheSMH39-49_20.json;sehat mental simpel sehat mental pengaruh sosial ekonomi bahkan tempat hidup penasaran;12;0.6294265914175914;otak - stres - ganggu - mental - depresi - takut - obat - khawatir - skizofrenia - nyeri;-1_kecil_diri_sendiri_hidup;sehat mental simpel sehat mental pengaruh sosial ekonomi bahkan tempat hidup penasaran
Jenis olahraga aman untuk nyeri punggung bawah?;Core strengthening seperti plank ringan, bird-dog, dan peregangan hamstring. Lakukan dengan panduan fisioterapis agar postur benar.;GPT;D1_GPT_HealthPsycology209-229_50.json;jenis olahraga nyeri punggung bawah core strengthening plank ringan bird regang hamstring laku pandu fisioterapis postur;12;0.6188347831679455;otak - stres - ganggu - mental - depresi - takut - obat - khawatir - skizofrenia - nyeri;-1_kecil_diri_sendiri_hidup;jenis olahraga nyeri punggung bawah core strengthening plank ringan bird regang hamstring laku pandu fisioterapis postur
Aku kadang denger suara-suara, tapi nggak ada orang. Aku takut banget.;Denger suara yang nggak ada sumbernya bisa jadi tanda sesuatu yang perlu diperhatikan, seperti gejala skizofrenia atau stres berat. Aku tahu ini pasti menakutkan. Penting banget buat ngobrol sama profesional soal ini. Mau aku bantu cari tahu langkah selanjutnya?;GROK;D11_GROK_AHandbookfortheSMH292-302_20.json;denger takut denger sumber perlu perhati gejala skizofrenia stres berat tahu takut penting profesional tahu lanjut;12;0.6174831004541722;otak - stres - ganggu - mental - depresi - takut - obat - khawatir - skizofrenia - nyeri;-1_kecil_diri_sendiri_hidup;denger takut denger sumber perlu perhati gejala skizofrenia stres berat tahu takut penting profesional tahu lanjut
Skorku Neurotisisme tinggi. Bagaimana mengelolanya?;Latih teknik relaksasi, jurnal syukur, dan olah raga teratur. Fokus pada regulasi emosi menurunkan dampak neurotisisme bagi keseharian.;GPT;A1_GPT_PsikologiKepribadian14-33_50.json;skor neurotisisme tinggi kelola teknik relaksasi jurnal syukur olah raga atur regulasi emosi turun dampak neurotisisme;12;0.617253222858139;otak - stres - ganggu - mental - depresi - takut - obat - khawatir - skizofrenia - nyeri;-1_kecil_diri_sendiri_hidup;skor neurotisisme tinggi kelola teknik relaksasi jurnal syukur olah raga atur regulasi emosi turun dampak neurotisisme
Aku sering banget sakit kepala, apa ini karena stres atau cemas?;Bisa banget, lho, sakit kepala itu terkait sama stres atau cemas, apalagi kalau sering muncul pas kamu lagi tegang. Coba perhatiin, apa ada pola tertentu, misalnya setelah overthinking? Teknik relaksasi atau istirahat cukup bisa membantu. Kalau ini sering banget, mungkin ngobrol sama dokter juga ide bagus. Apa yang biasanya bikin kepalamu sakit?;GROK;D12_GROK_ClinicalHandbookPsychologicalDisorders242-252_20.json;sakit kepala stres cemas sakit kepala kait stres cemas muncul tegang perhatiin pola overthinking teknik relaksasi istirahat cukup dokter bagus kepala sakit;12;0.6140011183029801;otak - stres - ganggu - mental - depresi - takut - obat - khawatir - skizofrenia - nyeri;-1_kecil_diri_sendiri_hidup;sakit kepala stres cemas sakit kepala kait stres cemas muncul tegang perhatiin pola overthinking teknik relaksasi istirahat cukup dokter bagus kepala sakit
Emilia, aku dengar suara-suara di kepalaku, kayak ada yang ngomong. Aku takut banget, ini kenapa sih?;Oh, sayang, pasti ngeri banget rasanya. Mendengar suara-suara itu bisa jadi bagian dari pengalaman psikotik, seperti yang terjadi pada beberapa orang dengan skizofrenia. Tapi tenang, kamu nggak sendiri. Ada terapi, seperti CBT, yang bisa bantu kamu belajar mengelola suara-suara itu, misalnya dengan mengalihkan perhatian atau menantang apa yang suara itu bilang. Apa kamu mau ceritain lebih banyak? Aku bisa bantu pikirin apa yang bisa kamu lakukan selanjutnya.;GROK;D12_GROK_ClinicalHandbookPsychologicalDisorders539-549_20.json;dengar kepala ngomong takut sayang ngeri dengar alam psikotik beberapa skizofrenia tenang sendiri terapi kelola perhati tantang pikirin laku lanjut;12;0.6115015322413487;otak - stres - ganggu - mental - depresi - takut - obat - khawatir - skizofrenia - nyeri;-1_kecil_diri_sendiri_hidup;dengar kepala ngomong takut sayang ngeri dengar alam psikotik beberapa skizofrenia tenang sendiri terapi kelola perhati tantang pikirin laku lanjut
Cara menganggarkan biaya pijat rutin agar tidak mengganggu keuangan?;Masukkan pos 'wellness' 5‑10% dari penghasilan bulanan. Bandingkan paket bundling atau promo membership spa. Prioritaskan ketika stress tinggi, tunda saat budget ketat.;GPT;D1_GPT_HealthPsycology184-208_50.json;anggar biaya pijat rutin ganggu uang masuk wellness hasil bulan banding paket bundling promo membership prioritas stress tinggi tunda budget ketat;12;0.6059955771052921;otak - stres - ganggu - mental - depresi - takut - obat - khawatir - skizofrenia - nyeri;-1_kecil_diri_sendiri_hidup;anggar biaya pijat rutin ganggu uang masuk wellness hasil bulan banding paket bundling promo membership prioritas stress tinggi tunda budget ketat
Saya pernah hampir pingsan karena kepanasan saat bekerja di luar. Apakah itu berbahaya untuk otak?;Ya, kepanasan berlebihan bisa menyebabkan heatstroke, kondisi darurat medis yang bisa merusak otak. Gejalanya termasuk sakit kepala, mual, napas cepat, dan perubahan kesadaran. Kalau mengalami itu, segera cari pertolongan medis. Untuk pencegahan, minum cukup air, beristirahat, dan usahakan berada di tempat sejuk atau ber-AC saat cuaca panas.;GPT;D13_GPT_BrainPower13-23_11.json;hampir pingsan panas kerja luar bahaya otak panas heatstroke kondisi darurat medis rusak otak gejala masuk sakit kepala mual cepat ubah alami segera medis cegah cukup istirahat usaha tempat sejuk cuaca panas;12;0.6027474542658057;otak - stres - ganggu - mental - depresi - takut - obat - khawatir - skizofrenia - nyeri;-1_kecil_diri_sendiri_hidup;hampir pingsan panas kerja luar bahaya otak panas heatstroke kondisi darurat medis rusak otak gejala masuk sakit kepala mual cepat ubah alami segera medis cegah cukup istirahat usaha tempat sejuk cuaca panas
Emilia, apa sih yang bikin orang bisa punya gangguan kepribadian ganda?;Gangguan kepribadian ganda sering dikaitkan dengan trauma berat, seperti pelecehan di masa kecil, yang bikin seseorang menciptakan ‘personality’ lain sebagai pelindung. Secara biologis, ini mungkin melibatkan cara otak mengelola stres. Tapi, ini kompleks dan perlu penanganan profesional. Apa yang bikin kamu penasaran sama ini?;GROK;D11_GROK_AHandbookfortheSMH105-115_20.json;ganggu pribadi ganda ganggu pribadi ganda kait trauma berat leceh masa kecil cipta personality lindung biologis libat otak kelola stres kompleks perlu tangan profesional penasaran;12;0.5976494032524678;otak - stres - ganggu - mental - depresi - takut - obat - khawatir - skizofrenia - nyeri;-1_kecil_diri_sendiri_hidup;ganggu pribadi ganda ganggu pribadi ganda kait trauma berat leceh masa kecil cipta personality lindung biologis libat otak kelola stres kompleks perlu tangan profesional penasaran
Apa langkah sederhana untuk menjaga kesehatan usus yang juga bisa membantu suasana hati saya?;Perhatikan pola makan seimbang, atasi gejala sindrom iritasi usus dengan bimbingan dokter, dan jaga hidrasi serta aktivitas fisik. Jika perlu, konsultasikan profesional kesehatan untuk saran yang terpersonalisasi.;GPT;D13_GPT_BrainPower35-45_20.json;sederhana jaga sehat usus suasana hati perhati pola makan imbang gejala sindrom iritasi usus bimbing dokter jaga hidrasi aktivitas fisik perlu konsultasi profesional sehat saran personal;12;0.5965694163571132;otak - stres - ganggu - mental - depresi - takut - obat - khawatir - skizofrenia - nyeri;-1_kecil_diri_sendiri_hidup;sederhana jaga sehat usus suasana hati perhati pola makan imbang gejala sindrom iritasi usus bimbing dokter jaga hidrasi aktivitas fisik perlu konsultasi profesional sehat saran personal
Aku takut kalau nanti anakku juga kena gangguan mental karena aku punya riwayat ini. Apa bener keturunan itu pengaruh?;Aku paham kekhawatiranmu soal keturunan, itu wajar. Memang ada penelitian yang bilang faktor genetik bisa berperan dalam gangguan mental, tapi itu bukan pasti. Banyak faktor lain, seperti lingkungan dan dukungan sosial, yang juga penting. Yang bisa kamu lakukan sekarang adalah ciptakan lingkungan yang sehat buat anakmu dan ajak mereka terbuka soal perasaan. Kalau kamu masih cemas, mungkin ngobrol sama konselor bisa bantu. Apa yang bikin kamu paling khawatir soal ini?;GROK;D11_GROK_AHandbookfortheSMH600-609_20.json;takut anak kena ganggu mental riwayat turun pengaruh paham khawatir turun faktor genetik peran ganggu mental bukan faktor dukung sosial penting laku cipta sehat anak cemas konselor paling khawatir;12;0.5963846837872335;otak - stres - ganggu - mental - depresi - takut - obat - khawatir - skizofrenia - nyeri;-1_kecil_diri_sendiri_hidup;takut anak kena ganggu mental riwayat turun pengaruh paham khawatir turun faktor genetik peran ganggu mental bukan faktor dukung sosial penting laku cipta sehat anak cemas konselor paling khawatir
Saya merasa bersalah karena tidak lagi merasakan gairah seksual seperti dulu. Apakah ini artinya ada yang salah dengan otak saya?;Terima kasih sudah berbagi, itu wajar merasa khawatir. Dari dokumen ini disebutkan bahwa aktivitas seksual dan orgasme dapat memberi manfaat bagi suasana hati dan kesehatan otak. Namun, hilangnya gairah bisa dipengaruhi banyak hal—stres, kelelahan, perubahan hormon, atau masalah hubungan. Ini bukan sekadar 'otak rusak'. Kalau kamu khawatir, penting untuk membicarakannya dengan tenaga medis atau konselor yang bisa membantu menelusuri penyebabnya tanpa menghakimi.;GPT;D13_GPT_BrainPower79-89_30.json;salah gairah seksual arti salah otak terima khawatir dokumen sebut aktivitas seksual orgasme beri manfaat suasana hati sehat otak hilang gairah pengaruh stres lelah ubah hormon bukan sekadar otak rusak khawatir penting bicara tenaga medis konselor telusur hakim;12;0.5938378080558157;otak - stres - ganggu - mental - depresi - takut - obat - khawatir - skizofrenia - nyeri;-1_kecil_diri_sendiri_hidup;salah gairah seksual arti salah otak terima khawatir dokumen sebut aktivitas seksual orgasme beri manfaat suasana hati sehat otak hilang gairah pengaruh stres lelah ubah hormon bukan sekadar otak rusak khawatir penting bicara tenaga medis konselor telusur hakim
Saya merasa kelelahan karena kerjaan numpuk, dan itu bikin cemas. Bagaimana stres kerja memengaruhi saya, dan apa yang bisa saya lakukan?;Saya tahu kelelahan kerja itu bikin cemas, tapi kamu hebat karena ingin atasi! Stres kerja, seperti beban berlebihan, bikin tubuh tegang dan tingkatin risiko jantung, yang ganggu kesehatan mental. Coba atur prioritas tugas dan istirahat 5 menit tiap jam untuk napas dalam. Tanyain atasan soal cara kurangi beban. Tulis tiga hal positif di kerja. Bilang, ‘Aku bisa atur stresku!’ Cari tips manajemen stres kerja online. Apa yang bikin kelelahan, dan langkah apa yang bisa kamu coba?;GROK;D1_GROK_HealthPsycology114-151_58.json;lelah kerja numpuk cemas stres kerja pengaruh laku tahu lelah kerja cemas stres kerja beban tubuh tegang tingkatin risiko jantung ganggu sehat mental atur prioritas tugas istirahat tanyain kurang beban positif kerja atur stres tips manajemen stres kerja lelah;12;0.5924465671217877;otak - stres - ganggu - mental - depresi - takut - obat - khawatir - skizofrenia - nyeri;-1_kecil_diri_sendiri_hidup;lelah kerja numpuk cemas stres kerja pengaruh laku tahu lelah kerja cemas stres kerja beban tubuh tegang tingkatin risiko jantung ganggu sehat mental atur prioritas tugas istirahat tanyain kurang beban positif kerja atur stres tips manajemen stres kerja lelah
Emilia, aku suka ngomong sendiri pas lagi stres. Ini aneh nggak?;Nggak aneh kok, banyak orang ngomong sendiri pas stres buat nenangin diri. Tapi kalau ini sering banget atau kayak nggak bisa dikontrol, bisa jadi tanda-tanda gejala psikotik ringan. Coba perhatiin, apa ini cuma pas stres atau ada waktu lain? Kita bisa coba teknik relaksasi, kayak latihan pernapasan, biar stresnya berkurang. Mau aku pandu coba tekniknya sekarang?;GROK;D12_GROK_ClinicalHandbookPsychologicalDisorders539-549_20.json;ngomong sendiri stres aneh aneh ngomong sendiri stres nenangin diri kontrol gejala psikotik ringan perhatiin stres teknik relaksasi stres kurang pandu teknik;12;0.5915566359842347;otak - stres - ganggu - mental - depresi - takut - obat - khawatir - skizofrenia - nyeri;-1_kecil_diri_sendiri_hidup;ngomong sendiri stres aneh aneh ngomong sendiri stres nenangin diri kontrol gejala psikotik ringan perhatiin stres teknik relaksasi stres kurang pandu teknik
Aku merasa depresi gara-gara HIV. Apa ini cuma aku yang ngerasain?;Kamu nggak sendirian merasa begitu. Banyak orang dengan HIV mengalami depresi, entah karena diagnosis, stigma, atau perubahan hidup. Itu nggak berarti kamu lemah—itu cuma tanda kamu manusia. Coba bicara dengan dokter atau konselor, karena ada perawatan seperti terapi atau obat yang bisa bantu. Apa kamu mau ceritain lebih banyak soal apa yang bikin kamu depresi?;GROK;D11_GROK_AHandbookfortheSMH578-588_20.json;depresi gara gara sendiri alami depresi entah diagnosis stigma ubah hidup arti lemah manusia bicara dokter konselor awat terapi obat depresi;12;0.5852289745892356;otak - stres - ganggu - mental - depresi - takut - obat - khawatir - skizofrenia - nyeri;-1_kecil_diri_sendiri_hidup;depresi gara gara sendiri alami depresi entah diagnosis stigma ubah hidup arti lemah manusia bicara dokter konselor awat terapi obat depresi
Saya sering merasa 'harus melakukan sesuatu' walau sebenarnya tidak perlu. Bagaimana hentikan rasa itu?;Sadari sensasi itu sebagai respons kortisol—otak yang mencari ancaman atau kebutuhan. Latihan mindfulness singkat dan memeriksa kenyataan (apakah ada ancaman nyata?) membantu menurunkan dorongan itu. Teknik relaksasi juga efektif untuk mengurangi ketegangan fisik yang mengiringinya.;GPT;D13_GPT_BrainPower57-67_19.json;laku perlu henti sensasi respons kortisol otak ancam butuh mindfulness singkat periksa nyata ancam nyata turun dorong teknik relaksasi efektif kurang tegang fisik iring;12;0.5804729081710256;otak - stres - ganggu - mental - depresi - takut - obat - khawatir - skizofrenia - nyeri;-1_kecil_diri_sendiri_hidup;laku perlu henti sensasi respons kortisol otak ancam butuh mindfulness singkat periksa nyata ancam nyata turun dorong teknik relaksasi efektif kurang tegang fisik iring
Saya merokok, tapi khawatir bikin keluarga sakit, dan itu bikin stres. Bagaimana asap rokok pasif memengaruhi mereka, dan apa yang bisa saya lakukan?;Kamu peduli sama keluargamu—itu luar biasa! Asap rokok pasif bisa bikin keluarga, terutama anak-anak, berisiko kena gangguan paru atau jantung, yang bikin stres buatmu. Untuk kesehatan mentalmu dan mereka, coba buat rumah bebas rokok dan merokok di luar. Mulai kurangi rokok dengan nikotin patch atau konsultasi dokter. Bilang, ‘Aku ingin keluargaku sehat.’ Cari grup dukungan berhenti merokok. Apa yang bikin khawatir, dan langkah apa yang bisa kamu ambil untuk lindungi keluarga?;GROK;D1_GROK_HealthPsycology114-151_58.json;rokok khawatir keluarga sakit stres asap rokok pasif pengaruh laku peduli keluarga luar asap rokok pasif keluarga utama anak anak risiko kena ganggu paru jantung stres sehat mental bebas rokok rokok luar kurang rokok nikotin patch konsultasi dokter keluarga sehat grup dukung henti rokok khawatir lindung keluarga;12;0.5799547047085263;otak - stres - ganggu - mental - depresi - takut - obat - khawatir - skizofrenia - nyeri;-1_kecil_diri_sendiri_hidup;rokok khawatir keluarga sakit stres asap rokok pasif pengaruh laku peduli keluarga luar asap rokok pasif keluarga utama anak anak risiko kena ganggu paru jantung stres sehat mental bebas rokok rokok luar kurang rokok nikotin patch konsultasi dokter keluarga sehat grup dukung henti rokok khawatir lindung keluarga
Apakah bersosialisasi benar-benar membantu mencegah penurunan kognitif?;Ya — riset menunjukkan keterlibatan sosial yang aktif berkaitan dengan hasil yang lebih baik pada tes memori dan belajar, serta menurunkan risiko demensia. Hubungan sosial memberi rangsangan mental dan emosional yang bermanfaat.;GPT;D13_GPT_BrainPower35-45_20.json;sosial cegah turun kognitif riset tunjuk libat sosial kait hasil memori turun risiko demensia sosial beri rangsang mental emosional manfaat;12;0.5797634089645259;otak - stres - ganggu - mental - depresi - takut - obat - khawatir - skizofrenia - nyeri;-1_kecil_diri_sendiri_hidup;sosial cegah turun kognitif riset tunjuk libat sosial kait hasil memori turun risiko demensia sosial beri rangsang mental emosional manfaat
Saya khawatir berenang tidak seefektif olahraga lain. Benarkah berenang lebih baik?;Berenang memberi resistensi air yang unik dan melibatkan seluruh otak dan tubuh—penelitian menunjukkan peningkatan aliran darah serebral yang baik. Ini pilihan yang sangat baik, khususnya jika Anda mencari latihan berdampak rendah pada sendi.;GPT;D13_GPT_BrainPower35-45_20.json;khawatir renang efektif olahraga renang renang beri resistensi unik libat seluruh otak tubuh tunjuk tingkat alir darah serebral pilih khusus dampak rendah sendi;12;0.5765357997485185;otak - stres - ganggu - mental - depresi - takut - obat - khawatir - skizofrenia - nyeri;-1_kecil_diri_sendiri_hidup;khawatir renang efektif olahraga renang renang beri resistensi unik libat seluruh otak tubuh tunjuk tingkat alir darah serebral pilih khusus dampak rendah sendi
Aku minum cuma di akhir pekan, tapi banyak. Apa itu bahaya?;Minum banyak dalam satu waktu, meskipun cuma di akhir pekan, bisa berdampak buruk buat tubuh dan pikiranmu, seperti risiko kerusakan hati atau perilaku impulsif. Mungkin kita bisa coba cari tahu kenapa kamu minum banyak di akhir pekan, dan cari cara untuk nikmati waktu itu tanpa alkohol. Apa yang biasanya bikin kamu minum banyak di akhir pekan?;GROK;D12_GROK_ClinicalHandbookPsychologicalDisorders594-604_20.json;akhir pekan bahaya akhir pekan dampak tubuh risiko rusa hati perilaku impulsif tahu akhir pekan nikmat alkohol akhir pekan;12;0.5761194801559046;otak - stres - ganggu - mental - depresi - takut - obat - khawatir - skizofrenia - nyeri;-1_kecil_diri_sendiri_hidup;akhir pekan bahaya akhir pekan dampak tubuh risiko rusa hati perilaku impulsif tahu akhir pekan nikmat alkohol akhir pekan
Apakah diet bisa memengaruhi nyeri artritis?;Ya. Kurangi gula rafinasi, tingkatkan ikan berlemak, kunyit, dan sayuran hijau. Banyak pasien melaporkan kekakuan sendi menurun dalam 4–6 minggu.;GPT;D1_GPT_HealthPsycology209-229_50.json;diet pengaruh nyeri artritis kurang gula rafinasi tingkat ikan lemak kunyit hijau pasien lapor kaku sendi turun minggu;12;0.5754381283121864;otak - stres - ganggu - mental - depresi - takut - obat - khawatir - skizofrenia - nyeri;-1_kecil_diri_sendiri_hidup;diet pengaruh nyeri artritis kurang gula rafinasi tingkat ikan lemak kunyit hijau pasien lapor kaku sendi turun minggu
Aku merasa nggak bisa kontrol diri kalau udah minum sedikit. Ini kenapa ya?;Aku ngerti itu bikin frustrasi. Kalau minum sedikit aja udah bikin susah kontrol, bisa jadi otakmu lagi bereaksi kuat sama alkohol karena kebiasaan atau faktor lain, kayak stres. Terapi CBT bisa bantu kamu kenali pemicu dan latih kontrol diri. Coba kita mulai dari catat situasi yang bikin susah berhenti, mau?;GROK;D12_GROK_ClinicalHandbookPsychologicalDisorders572-582_20.json;kontrol diri udah frustrasi udah susah kontrol otak reaksi kuat alkohol faktor stres terapi kenal picu kontrol diri catat situasi susah henti;12;0.5724731788159403;otak - stres - ganggu - mental - depresi - takut - obat - khawatir - skizofrenia - nyeri;-1_kecil_diri_sendiri_hidup;kontrol diri udah frustrasi udah susah kontrol otak reaksi kuat alkohol faktor stres terapi kenal picu kontrol diri catat situasi susah henti
Aku dengar stres bikin depresi. Itu dari penelitian korelasional?;Iya, banyak penelitian bilang stres sama depresi berhubungan, dan sering pake metode korelasional. Artinya, mereka lihat kalau stres tinggi, depresi cenderung muncul, tapi nggak bilang stres pasti bikin depresi. Ini langkah awal buat ngerti hubungannya. Keren, kan, gimana mereka mulai nyambungin? Apa yang lagi bikin penasaran soal stresmu? Ceritain, dong.;GROK;D2_GROK_DrAndrewClinicalPsychology131-148_47.json;dengar stres depresi korelasional stres depresi pake metode korelasional arti stres tinggi depresi cenderung muncul stres depresi awal keren nyambungin penasaran stres;12;0.5668259953526413;otak - stres - ganggu - mental - depresi - takut - obat - khawatir - skizofrenia - nyeri;-1_kecil_diri_sendiri_hidup;dengar stres depresi korelasional stres depresi pake metode korelasional arti stres tinggi depresi cenderung muncul stres depresi awal keren nyambungin penasaran stres
Apakah nyeri terbakar dan tertusuk menggunakan jalur yang sama?;"Tidak persis. Nyeri panas cepat ditransmisikan A-delta; sedangkan nyeri tumpul sering C-fiber. Namun, otak akhirnya mengintegrasikan keduanya menjadi pengalaman nyeri utuh.";GPT;D1_GPT_HealthPsycology209-229_50.json;nyeri bakar tusuk jalur persis nyeri panas cepat transmisi delta sedang nyeri tumpul fiber otak akhir integrasi alam nyeri utuh;12;0.5592369629258577;otak - stres - ganggu - mental - depresi - takut - obat - khawatir - skizofrenia - nyeri;-1_kecil_diri_sendiri_hidup;nyeri bakar tusuk jalur persis nyeri panas cepat transmisi delta sedang nyeri tumpul fiber otak akhir integrasi alam nyeri utuh
Bagaimana memahami faktor internal dan eksternal bisa memanduku mengelola stres?;Identifikasi mana yang berasal dari dalam—seperti pola pikir—dan mana yang dipicu lingkungan. Dengan begitu, kamu dapat menentukan apa yang bisa diubah dan apa yang perlu diterima atau dinegosiasi.;GPT;D2_GPT_DrAndrewClinicalPsychology44-64_60.json;paham faktor internal eksternal pandu kelola stres identifikasi asal pola picu ubah perlu terima negosiasi;12;0.5580601530786962;otak - stres - ganggu - mental - depresi - takut - obat - khawatir - skizofrenia - nyeri;-1_kecil_diri_sendiri_hidup;paham faktor internal eksternal pandu kelola stres identifikasi asal pola picu ubah perlu terima negosiasi
Aku pernah dengar tentang DBT. Itu apa sih dan apakah itu bisa bantu aku?;DBT, atau Terapi Perilaku Dialektis, adalah pendekatan yang membantu orang mengelola emosi intens dan perilaku yang sulit, seperti impulsivitas atau kecenderungan melukai diri. Ini melibatkan latihan keterampilan seperti kesadaran penuh, regulasi emosi, dan cara menangani stres. Kalau kamu tertarik, kita bisa coba beberapa teknik sederhana dari DBT, seperti latihan mindfulness. Mau coba?;GROK;D12_GROK_ClinicalHandbookPsychologicalDisorders407-417_20.json;dengar terapi perilaku dialektis dekat kelola emosi intens perilaku sulit impulsivitas cenderung luka diri libat terampil penuh regulasi emosi tangan stres beberapa teknik sederhana mindfulness;12;0.5575058019571136;otak - stres - ganggu - mental - depresi - takut - obat - khawatir - skizofrenia - nyeri;-1_kecil_diri_sendiri_hidup;dengar terapi perilaku dialektis dekat kelola emosi intens perilaku sulit impulsivitas cenderung luka diri libat terampil penuh regulasi emosi tangan stres beberapa teknik sederhana mindfulness
Bisakah latihan meditasi menggantikan painkiller?;Meditasi teratur dapat mengurangi nyeri ringan–sedang dengan mengaktifkan jalur endorfin, tapi untuk nyeri akut berat kombinasi dengan analgesik sering kali masih diperlukan.;GPT;D1_GPT_HealthPsycology209-229_50.json;meditasi painkiller meditasi atur kurang nyeri ringan sedang jalur endorfin nyeri akut berat kombinasi analgesik perlu;12;0.5571012245929123;otak - stres - ganggu - mental - depresi - takut - obat - khawatir - skizofrenia - nyeri;-1_kecil_diri_sendiri_hidup;meditasi painkiller meditasi atur kurang nyeri ringan sedang jalur endorfin nyeri akut berat kombinasi analgesik perlu
Saya khawatir anoreksia adik saya terkait keluarga kami, dan itu bikin stres. Bagaimana keluarga memengaruhi, dan apa yang bisa saya lakukan?;Saya paham stres itu berat, dan kamu luar biasa karena ingin bantu adikmu! Faktor genetik dan pola keluarga, seperti tekanan untuk sempurna atau konflik, bisa picu anoreksia, yang bikin kesehatan mental terganggu. Coba buka obrolan terbuka di keluarga, seperti ‘Ayo kita dukung adik bareng.’ Dorong adik ke konselor dan libatkan keluarga dalam terapi jika perlu. Tunjukkan kasih sayang tanpa fokus pada penampilan. Apa dinamika keluarga yang bikin khawatir, dan langkah apa yang bisa kamu coba?;GROK;D1_GROK_HealthPsycology96-113_30.json;khawatir anoreksia adik kait keluarga stres keluarga pengaruh laku paham stres berat luar adik faktor genetik pola keluarga tekan sempurna konflik picu anoreksia sehat mental ganggu obrol keluarga dukung adik bareng dorong adik konselor libat keluarga terapi perlu tunjuk sayang tampil dinamika keluarga khawatir;12;0.5536336693814053;otak - stres - ganggu - mental - depresi - takut - obat - khawatir - skizofrenia - nyeri;-1_kecil_diri_sendiri_hidup;khawatir anoreksia adik kait keluarga stres keluarga pengaruh laku paham stres berat luar adik faktor genetik pola keluarga tekan sempurna konflik picu anoreksia sehat mental ganggu obrol keluarga dukung adik bareng dorong adik konselor libat keluarga terapi perlu tunjuk sayang tampil dinamika keluarga khawatir
Kenapa setelah menggosok area yang memar, nyerinya berkurang?;Sentuhan aktifkan serabut besar non-nyeri yang menutup 'gerbang' sumsum, menghambat transmisi sinyal nyeri ke otak. Ini mekanisme alami tubuh.;GPT;D1_GPT_HealthPsycology209-229_50.json;gosok area memar nyeri kurang sentuh serabut nyeri tutup gerbang sumsum hambat transmisi nyeri otak mekanisme alami tubuh;12;0.5512766897281293;otak - stres - ganggu - mental - depresi - takut - obat - khawatir - skizofrenia - nyeri;-1_kecil_diri_sendiri_hidup;gosok area memar nyeri kurang sentuh serabut nyeri tutup gerbang sumsum hambat transmisi nyeri otak mekanisme alami tubuh
Saya takut adik saya menunjukkan tanda-tanda anoreksia, dan itu bikin saya panik. Bagaimana anoreksia memengaruhi kesehatan mental, dan apa yang bisa saya lakukan?;Saya tahu panik melihat adikmu seperti ini sangat berat, tapi kamu hebat karena peduli! Anoreksia bisa bikin adikmu cemas, depresi, atau terobsesi dengan tubuh, yang ganggu kesehatan mental. Coba dekati dengan penuh kasih, seperti ‘Aku sayang kamu dan khawatir, boleh ngobrol?’ Dorong ke dokter atau konselor dengan lembut. Tunjukkan dukungan dengan makan sehat bareng, tanpa komentar soal tubuh. Apa tanda yang kamu lihat, dan siapa yang bisa kamu ajak bicara untuk bantu adikmu?;GROK;D1_GROK_HealthPsycology96-113_30.json;takut adik tunjuk anoreksia panik anoreksia pengaruh sehat mental laku tahu panik adik berat peduli anoreksia adik cemas depresi obsesi tubuh ganggu sehat mental dekat penuh sayang khawatir dorong dokter konselor lembut tunjuk dukung makan sehat bareng komentar tubuh siapa bicara adik;12;0.5484170973044279;otak - stres - ganggu - mental - depresi - takut - obat - khawatir - skizofrenia - nyeri;-1_kecil_diri_sendiri_hidup;takut adik tunjuk anoreksia panik anoreksia pengaruh sehat mental laku tahu panik adik berat peduli anoreksia adik cemas depresi obsesi tubuh ganggu sehat mental dekat penuh sayang khawatir dorong dokter konselor lembut tunjuk dukung makan sehat bareng komentar tubuh siapa bicara adik
Emilia, aku takut kalau gangguan mentalku ini bakal tambah parah karena aku punya beberapa gejala barengan. Itu normal nggak?;Aku ngerti kekhawatiranmu. Banyak orang dengan gangguan mental mengalami apa yang disebut komorbiditas, artinya beberapa gangguan muncul bersamaan. Ini memang bisa bikin kondisi terasa lebih berat. Tapi, ini cukup umum dan bisa ditangani dengan bantuan profesional. Apa kamu udah coba bicara sama psikolog atau psikiater soal ini?;GROK;D11_GROK_AHandbookfortheSMH83-93_20.json;takut ganggu mental tambah parah beberapa gejala bareng khawatir ganggu mental alami sebut komorbiditas arti beberapa ganggu muncul kondisi berat cukup umum tangan profesional udah bicara psikolog psikiater;12;0.5413200584289931;otak - stres - ganggu - mental - depresi - takut - obat - khawatir - skizofrenia - nyeri;-1_kecil_diri_sendiri_hidup;takut ganggu mental tambah parah beberapa gejala bareng khawatir ganggu mental alami sebut komorbiditas arti beberapa ganggu muncul kondisi berat cukup umum tangan profesional udah bicara psikolog psikiater
Bagaimana jika suplemen membuat saya merasa lebih buruk?;Jika muncul efek negatif (mual, sakit kepala, reaksi kulit, perubahan suasana hati), hentikan konsumsi dan konsultasikan dengan profesional kesehatan. Simpan botol suplemen untuk memudahkan pemeriksaan kandungan.;GPT;D13_GPT_BrainPower79-89_30.json;suplemen muncul efek negatif mual sakit kepala reaksi kulit ubah suasana hati henti konsumsi konsultasi profesional sehat simpan botol suplemen mudah periksa kandung;12;0.5410073577611808;otak - stres - ganggu - mental - depresi - takut - obat - khawatir - skizofrenia - nyeri;-1_kecil_diri_sendiri_hidup;suplemen muncul efek negatif mual sakit kepala reaksi kulit ubah suasana hati henti konsumsi konsultasi profesional sehat simpan botol suplemen mudah periksa kandung
Aku dewasa muda takut hubungan intim. Apa yang bisa kulakukan?;Terapi interpersonal membantu memahami ketakutan. Mulailah dengan keintiman emosional perlahan sebelum fisik.;GPT;A1_GPT_PsikologiKepribadian102-118_50.json;dewasa muda takut intim laku terapi interpersonal paham takut intim emosional perlahan fisik;12;0.5355775940061256;otak - stres - ganggu - mental - depresi - takut - obat - khawatir - skizofrenia - nyeri;-1_kecil_diri_sendiri_hidup;dewasa muda takut intim laku terapi interpersonal paham takut intim emosional perlahan fisik
Kenapa aku merasa nggak bisa sukses kayak orang lain? Apa karena aku punya fobia sosial?;Aku paham, fobia sosial bisa bikin kita merasa terbatas, ya. Itu memang bisa menyulitkan interaksi, seperti wawancara kerja atau networking, yang kadang penting buat sukses. Tapi banyak orang dengan fobia sosial tetap bisa mencapai tujuan mereka dengan strategi yang tepat, seperti terapi atau latihan sosial kecil-kecilan. Apa kamu mau coba satu langkah kecil buat ngatasin fobiamu? Mungkin kita bisa mulai dari situ.;GROK;D11_GROK_AHandbookfortheSMH248-258_20.json;sukses fobia sosial paham fobia sosial batas sulit interaksi wawancara kerja networking penting sukses fobia sosial tetap capai tuju strategi tepat terapi sosial kecil kecil kecil ngatasin fobia situ;12;0.5352945176649502;otak - stres - ganggu - mental - depresi - takut - obat - khawatir - skizofrenia - nyeri;-1_kecil_diri_sendiri_hidup;sukses fobia sosial paham fobia sosial batas sulit interaksi wawancara kerja networking penting sukses fobia sosial tetap capai tuju strategi tepat terapi sosial kecil kecil kecil ngatasin fobia situ
Aku cemas soal anakku kalau aku sakit, sampe panik. Apa ini gangguan panik?;Kecemasanmu tentang anakmu terdengar lebih seperti generalized anxiety disorder, di mana kekhawatiran sulit dikontrol. Paniknya mungkin akibat dari cemas yang menumpuk. Apa kamu sering merasa cemas berlebihan soal hal lain juga?;GROK;D12_GROK_ClinicalHandbookPsychologicalDisorders22-32_20.json;cemas anak sakit sampe panik ganggu panik cemas anak dengar generalized anxiety disorder khawatir sulit kontrol panik akibat cemas tumpuk cemas;12;0.5347797165683414;otak - stres - ganggu - mental - depresi - takut - obat - khawatir - skizofrenia - nyeri;-1_kecil_diri_sendiri_hidup;cemas anak sakit sampe panik ganggu panik cemas anak dengar generalized anxiety disorder khawatir sulit kontrol panik akibat cemas tumpuk cemas
Emilia, kalau aku merasa cemas terus, itu lebih karena genetik atau lingkungan, ya?;Cemas itu bisa datang dari dua-duanya, lho. Genetik mungkin bikin kamu lebih rentan, tapi lingkungan, seperti tekanan di kerja atau masalah keluarga, sering kali yang ‘menyalakan’ kecemasan itu. Kalau lingkungannya lebih tenang, risiko cemas bisa berkurang. Apa yang biasanya bikin kamu cemas akhir-akhir ini?;GROK;D11_GROK_AHandbookfortheSMH105-115_20.json;cemas terus genetik cemas datang genetik rentan tekan kerja keluarga nyala cemas tenang risiko cemas kurang cemas akhir akhir;12;0.5326583024352728;otak - stres - ganggu - mental - depresi - takut - obat - khawatir - skizofrenia - nyeri;-1_kecil_diri_sendiri_hidup;cemas terus genetik cemas datang genetik rentan tekan kerja keluarga nyala cemas tenang risiko cemas kurang cemas akhir akhir
Tanda-tanda aku butuh konseling?;Jika gangguan tidur, makan, atau fungsi harian bertahan lebih dari dua minggu, itu sinyal kuat mencari bantuan, menurut pedoman DSM-5.;GPT;A1_GPT_EmotionalFirstAid23-45_50.json;butuh konseling ganggu tidur makan fungsi tahan minggu kuat turut pedoman;12;0.5307355427972885;otak - stres - ganggu - mental - depresi - takut - obat - khawatir - skizofrenia - nyeri;-1_kecil_diri_sendiri_hidup;butuh konseling ganggu tidur makan fungsi tahan minggu kuat turut pedoman
Aku takut kehilangan pekerjaan akibat nyeri kronis. Apa langkah pertama?;Bicarakan opsi kerja fleksibel ke HR dan cari program pain management terintegrasi agar fungsi harian meningkat dan absensi berkurang.;GPT;D1_GPT_HealthPsycology209-229_50.json;takut hilang kerja akibat nyeri kronis pertama bicara opsi kerja fleksibel program pain management integrasi fungsi tingkat absensi kurang;12;0.5295747190610708;otak - stres - ganggu - mental - depresi - takut - obat - khawatir - skizofrenia - nyeri;-1_kecil_diri_sendiri_hidup;takut hilang kerja akibat nyeri kronis pertama bicara opsi kerja fleksibel program pain management integrasi fungsi tingkat absensi kurang
Aku ngerasa hidupku nggak akan pernah normal lagi karena skizofrenia. Ada harapan nggak sih?;Aku ngerti rasanya ngerasa stuck, tapi percaya deh, ada harapan! Banyak orang dengan skizofrenia bisa hidup bermakna dengan bantuan terapi, seperti CBT, dan pengobatan yang tepat. CBT bisa bantu kurangin gejala dan bikin kamu lebih percaya diri. Coba ceritain, apa yang kamu bayangin kalau hidup ‘normal’? Kita bisa bikin langkah kecil buat ke sana bareng.;GROK;D12_GROK_ClinicalHandbookPsychologicalDisorders539-549_20.json;ngerasa hidup skizofrenia harap ngerasa stuck percaya harap skizofrenia hidup makna terapi obat tepat rangin gejala percaya diri bayangin hidup kecil sana bareng;12;0.5282646640547344;otak - stres - ganggu - mental - depresi - takut - obat - khawatir - skizofrenia - nyeri;-1_kecil_diri_sendiri_hidup;ngerasa hidup skizofrenia harap ngerasa stuck percaya harap skizofrenia hidup makna terapi obat tepat rangin gejala percaya diri bayangin hidup kecil sana bareng
Aku takut kalau gangguan mentalku bikin aku nggak bisa hidup normal. Apa iya gangguan mental selalu bikin orang nggak berfungsi?;Nggak selalu kok. Gangguan mental memang bisa memengaruhi fungsi sehari-hari, tapi banyak orang dengan gangguan mental tetap bisa hidup produktif dengan dukungan yang tepat, seperti terapi atau pengobatan. Fokusnya sekarang lebih ke membantu orang menjalani hidup yang bermakna. Apa yang bikin kamu khawatir soal ini?;GROK;D11_GROK_AHandbookfortheSMH83-93_20.json;takut ganggu mental hidup ganggu mental fungsi ganggu mental pengaruh fungsi ganggu mental tetap hidup produktif dukung tepat terapi obat jalan hidup makna khawatir;12;0.5240674822811912;otak - stres - ganggu - mental - depresi - takut - obat - khawatir - skizofrenia - nyeri;-1_kecil_diri_sendiri_hidup;takut ganggu mental hidup ganggu mental fungsi ganggu mental pengaruh fungsi ganggu mental tetap hidup produktif dukung tepat terapi obat jalan hidup makna khawatir
Bagaimana menghindari sakit kepala akibat obat analgesik?;Batasi penggunaan analgesik <10 hari per bulan, konsultasi dokter untuk rencana preventif alternatif seperti relaksasi atau beta blocker jika perlu.;GPT;D1_GPT_HealthPsycology209-229_50.json;hindar sakit kepala akibat obat analgesik batas analgesik bulan konsultasi dokter rencana preventif alternatif relaksasi beta blocker perlu;12;0.5108091919320709;otak - stres - ganggu - mental - depresi - takut - obat - khawatir - skizofrenia - nyeri;-1_kecil_diri_sendiri_hidup;hindar sakit kepala akibat obat analgesik batas analgesik bulan konsultasi dokter rencana preventif alternatif relaksasi beta blocker perlu
Sudah sering ke dokter tapi hasil lab normal. Kenapa aku tetap lelah?;Kelelahan bisa jadi sinyal stres emosional. Coba evaluasi pola tidur, beban kerja, dan perasaan. Psikolog dapat membantu menggali akar kecemasan dan memberi strategi pemulihan energi.;GPT;D1_GPT_HealthPsycology168-183_30.json;dokter hasil tetap lelah lelah stres emosional evaluasi pola tidur beban kerja psikolog gali akar cemas beri strategi pulih energi;12;0.5099668984485133;otak - stres - ganggu - mental - depresi - takut - obat - khawatir - skizofrenia - nyeri;-1_kecil_diri_sendiri_hidup;dokter hasil tetap lelah lelah stres emosional evaluasi pola tidur beban kerja psikolog gali akar cemas beri strategi pulih energi
Aku kadang susah dengar nada tertentu. Itu kenapa ya?;Sulit mendengar nada tertentu bisa karena beberapa hal, seperti masalah di telinga atau cara otak memproses bunyi. Telinga kita punya bagian yang menangkap getaran bunyi, dan kalau ada gangguan, bisa bikin nada tertentu susah didengar. Kalau ini sering terjadi, mungkin coba periksa ke dokter THT untuk pastikan.;GROK;D4_GROK_PengantarPsikologiBimoW123-133_20.json;susah dengar sulit dengar beberapa telinga otak proses bunyi telinga tangkap getar bunyi ganggu susah dengar periksa dokter;12;0.5062420409724371;otak - stres - ganggu - mental - depresi - takut - obat - khawatir - skizofrenia - nyeri;-1_kecil_diri_sendiri_hidup;susah dengar sulit dengar beberapa telinga otak proses bunyi telinga tangkap getar bunyi ganggu susah dengar periksa dokter
Aku merasa telingaku sensitif banget sama bunyi berulang. Itu normal nggak?;Sensitif sama bunyi berulang itu bisa jadi normal, karena otak kita cenderung notice pola berulang. Tapi kalau bikin kamu terganggu atau stres, mungkin itu tanda kamu peka banget sama stimulus bunyi. Coba pakai earplug di lingkungan berisik atau konsultasi ke dokter kalau mengganggu banget.;GROK;D4_GROK_PengantarPsikologiBimoW123-133_20.json;telinga sensitif bunyi ulang sensitif bunyi ulang otak cenderung notice pola ulang ganggu stres peka stimulus bunyi earplug berisik konsultasi dokter ganggu;12;0.50563341430956;otak - stres - ganggu - mental - depresi - takut - obat - khawatir - skizofrenia - nyeri;-1_kecil_diri_sendiri_hidup;telinga sensitif bunyi ulang sensitif bunyi ulang otak cenderung notice pola ulang ganggu stres peka stimulus bunyi earplug berisik konsultasi dokter ganggu
Kenapa kegagalan terasa seperti penyakit emosional?;"Kegagalan mengganggu self-esteem, mirip flu yang melemahkan imunitas fisik. Tanpa perawatan (dukungan dan rencana baru), ia bisa berkembang jadi ""pneumonia"" psikis berupa keputusasaan.";GPT;A1_GPT_EmotionalFirstAid23-45_50.json;gagal sakit emosional gagal ganggu self esteem mirip lemah imunitas fisik awat dukung rencana kembang pneumonia psikis keputusasaan;12;0.5036505345765466;otak - stres - ganggu - mental - depresi - takut - obat - khawatir - skizofrenia - nyeri;-1_kecil_diri_sendiri_hidup;gagal sakit emosional gagal ganggu self esteem mirip lemah imunitas fisik awat dukung rencana kembang pneumonia psikis keputusasaan
Saya merasa depresi dan berat badan saya terus naik, yang bikin saya tambah down. Bagaimana depresi dan obesitas saling terkait, dan apa yang bisa saya lakukan?;Saya tahu lingkaran depresi dan kenaikan berat badan itu terasa seperti beban berat, tapi kamu luar biasa karena mencari solusi! Depresi bisa mendorong makan berlebihan sebagai pelarian emosi, dan obesitas bisa menambah rasa rendah diri, yang memperburuk depresi. Untuk memutus lingkaran ini, coba aktivitas yang ningkatin mood, seperti jalan santai 10 menit atau meditasi singkat. Curhat ke teman atau konselor juga membantu. Apa yang biasanya bikin kamu depresi, dan aktivitas kecil apa yang bisa kamu coba untuk merasa lebih baik?;GROK;D1_GROK_HealthPsycology96-113_30.json;depresi berat badan terus naik tambah down depresi obesitas saling kait laku tahu lingkar depresi naik berat badan beban berat luar solusi depresi dorong makan lari emosi obesitas tambah rendah diri depresi putus lingkar aktivitas ningkatin mood jalan santai meditasi singkat curhat teman konselor depresi aktivitas kecil;12;0.5028065018875858;otak - stres - ganggu - mental - depresi - takut - obat - khawatir - skizofrenia - nyeri;-1_kecil_diri_sendiri_hidup;depresi berat badan terus naik tambah down depresi obesitas saling kait laku tahu lingkar depresi naik berat badan beban berat luar solusi depresi dorong makan lari emosi obesitas tambah rendah diri depresi putus lingkar aktivitas ningkatin mood jalan santai meditasi singkat curhat teman konselor depresi aktivitas kecil
Aku dengar ada hubungan antara gen dan gangguan mental. Itu beneran gitu, Emilia?;Iya, ada benarnya. Gen memang bisa memengaruhi risiko seseorang mengalami gangguan mental, misalnya melalui warisan gen yang memengaruhi fungsi otak. Tapi, gen itu nggak bekerja sendirian. Lingkungan, seperti pengalaman hidup atau stres, juga ikut menentukan. Jadi, ini kayak kombinasi, bukan cuma gen doang. Apa yang lagi bikin kamu penasaran soal ini?;GROK;D11_GROK_AHandbookfortheSMH105-115_20.json;dengar ganggu mental beneran pengaruh risiko alami ganggu mental waris pengaruh fungsi otak kerja sendiri alam hidup stres kombinasi bukan doang penasaran;12;0.4952978164581071;otak - stres - ganggu - mental - depresi - takut - obat - khawatir - skizofrenia - nyeri;-1_kecil_diri_sendiri_hidup;dengar ganggu mental beneran pengaruh risiko alami ganggu mental waris pengaruh fungsi otak kerja sendiri alam hidup stres kombinasi bukan doang penasaran
Saya punya artritis, nyeri terus, dan merasa depresi. Mengapa nyeri bikin depresi, dan apa yang bisa saya lakukan?;Saya tahu nyeri artritis itu berat, dan kamu kuat karena ingin atasi depresi! Nyeri dan disabilitas bikin depresi karena batasi hidupmu dan bikin merasa nggak berdaya, yang ganggu kesehatan mental. Coba lakukan peregangan ringan 5 menit tiap hari untuk kurangi nyeri. Tulis tiga hal yang masih bisa kamu nikmati. Ngobrol sama dokter soal terapi nyeri atau CBT. Bilang, ‘Aku bisa hadapi nyeri!’ Cari grup dukungan artritis online. Apa yang bikin depresi, dan koping apa yang pengen kamu coba?;GROK;D1_GROK_HealthPsycology230-249_50.json;artritis nyeri terus depresi nyeri depresi laku tahu nyeri artritis berat kuat depresi nyeri disabilitas depresi batas hidup daya ganggu sehat mental laku regang ringan kurang nyeri nikmat dokter terapi nyeri hadap nyeri grup dukung artritis depresi koping;12;0.4947988141696761;otak - stres - ganggu - mental - depresi - takut - obat - khawatir - skizofrenia - nyeri;-1_kecil_diri_sendiri_hidup;artritis nyeri terus depresi nyeri depresi laku tahu nyeri artritis berat kuat depresi nyeri disabilitas depresi batas hidup daya ganggu sehat mental laku regang ringan kurang nyeri nikmat dokter terapi nyeri hadap nyeri grup dukung artritis depresi koping
Aku takut kalau nanti anakku juga kena bipolar. Apa yang bisa aku lakukan?;Wajar banget khawatir soal itu. Gangguan bipolar memang punya faktor genetik, tapi bukan berarti pasti terjadi. Kamu bisa bantu anakmu dengan jaga lingkungan yang stabil dan ajarkan cara ngelola stres. Kalau ada tanda-tanda, konsultasi dini ke profesional bisa bantu. Apa yang bikin kamu khawatir soal ini?;GROK;D12_GROK_ClinicalHandbookPsychologicalDisorders506-516_20.json;takut anak kena bipolar laku khawatir ganggu bipolar faktor genetik bukan arti anak jaga stabil ngelola stres konsultasi dini profesional khawatir;12;0.4911929130489842;otak - stres - ganggu - mental - depresi - takut - obat - khawatir - skizofrenia - nyeri;12_skizofrenia_ganggu_otak_ganggu mental;takut anak kena bipolar laku khawatir ganggu bipolar faktor genetik bukan arti anak jaga stabil ngelola stres konsultasi dini profesional khawatir
Aku sering merasa telingaku capek kalau di tempat bising, bahkan sampai pusing. Apa itu berbahaya?;Ya, paparan kebisingan berlebihan bisa membuat otak dan pendengaranmu lelah. Kalau sering dibiarkan, bisa berdampak buruk jangka panjang, termasuk menurunnya fungsi kognitif. Coba lindungi telingamu di lingkungan bising, atau beri waktu istirahat dalam keheningan agar otakmu bisa pulih.;GPT;D13_GPT_BrainPower112-122_10.json;telinga capek tempat bising bahkan pusing bahaya papar bising otak dengar lelah dampak jangka panjang masuk turun fungsi kognitif lindung telinga bising beri istirahat hening otak pulih;12;0.473678407172497;otak - stres - ganggu - mental - depresi - takut - obat - khawatir - skizofrenia - nyeri;-1_kecil_diri_sendiri_hidup;telinga capek tempat bising bahkan pusing bahaya papar bising otak dengar lelah dampak jangka panjang masuk turun fungsi kognitif lindung telinga bising beri istirahat hening otak pulih
Kadang aku merasa nyeri di tubuhku makin parah kalau aku lagi stres. Apa hubungannya?;Iya, stres dan nyeri fisik memang sering saling memengaruhi. Saat stres, tubuh kita bisa jadi tegang, dan itu kadang memperburuk rasa nyeri. Mungkin kamu bisa coba teknik relaksasi, seperti menarik napas dalam-dalam atau meditasi ringan, untuk mengurangi ketegangan. Pernah coba teknik kayak gitu belum?;GROK;D12_GROK_ClinicalHandbookPsychologicalDisorders715-725_20.json;nyeri tubuh makin parah stres stres nyeri fisik saling pengaruh stres tubuh tegang nyeri teknik relaksasi meditasi ringan kurang tegang teknik;12;0.4721960839371328;otak - stres - ganggu - mental - depresi - takut - obat - khawatir - skizofrenia - nyeri;-1_kecil_diri_sendiri_hidup;nyeri tubuh makin parah stres stres nyeri fisik saling pengaruh stres tubuh tegang nyeri teknik relaksasi meditasi ringan kurang tegang teknik
Remaja saya bingung soal pergaulan pacaran. Tips menjaga aman?;Bicara terbuka soal batas fisik dan emosi, dorong aktivitas kelompok, dan pastikan ia punya akses informasi seks sehat.;GPT;A1_GPT_PsikologiKepribadian102-118_50.json;remaja gaul pacar tips jaga bicara batas fisik emosi dorong aktivitas kelompok akses seks sehat;12;0.4673756871032676;otak - stres - ganggu - mental - depresi - takut - obat - khawatir - skizofrenia - nyeri;-1_kecil_diri_sendiri_hidup;remaja gaul pacar tips jaga bicara batas fisik emosi dorong aktivitas kelompok akses seks sehat
Apakah keluarnya hormon endorfin bisa ditingkatkan alami?;Ya—olahraga aerobik, tertawa, dan aktivitas bermakna memicu pelepasan endorfin, membantu meredakan nyeri dan stres.;GPT;D1_GPT_HealthPsycology209-229_50.json;keluar hormon endorfin tingkat alami olahraga aerobik tertawa aktivitas makna picu lepas endorfin reda nyeri stres;12;0.4671240899803656;otak - stres - ganggu - mental - depresi - takut - obat - khawatir - skizofrenia - nyeri;-1_kecil_diri_sendiri_hidup;keluar hormon endorfin tingkat alami olahraga aerobik tertawa aktivitas makna picu lepas endorfin reda nyeri stres
Apakah playlist tertentu bisa membantu mengurangi stres?;Pilih musik tempo lambat 60‑80 bpm—genre klasik, lo‑fi, atau instrumental akustik. Dengarkan dengan napas teratur untuk efek relaksasi maksimal.;GPT;D1_GPT_HealthPsycology250-268_50.json;playlist kurang stres pilih musik tempo lambat genre klasik instrumental akustik dengar atur efek relaksasi maksimal;12;0.4666057368198726;otak - stres - ganggu - mental - depresi - takut - obat - khawatir - skizofrenia - nyeri;-1_kecil_diri_sendiri_hidup;playlist kurang stres pilih musik tempo lambat genre klasik instrumental akustik dengar atur efek relaksasi maksimal
Dokter bilang kolesterol saya agak tinggi. Saya khawatir itu memengaruhi otak. Benarkah?;Ya, kadar kolesterol yang tinggi terkait dengan risiko stroke dan gangguan kognitif. Penting untuk memeriksa profil lipoprotein lengkap—bukan hanya kolesterol total—agar tahu HDL dan LDL Anda. Bekerjasamalah dengan dokter untuk langkah yang sesuai, bisa meliputi perubahan gaya hidup dan pengobatan jika diperlukan.;GPT;D13_GPT_BrainPower35-45_20.json;dokter kolesterol tinggi khawatir pengaruh otak kadar kolesterol tinggi kait risiko stroke ganggu kognitif penting periksa profil lipoprotein lengkap bukan kolesterol total tahu bekerjasamalah dokter sesuai liput ubah gaya hidup obat perlu;12;0.4607818174516599;otak - stres - ganggu - mental - depresi - takut - obat - khawatir - skizofrenia - nyeri;-1_kecil_diri_sendiri_hidup;dokter kolesterol tinggi khawatir pengaruh otak kadar kolesterol tinggi kait risiko stroke ganggu kognitif penting periksa profil lipoprotein lengkap bukan kolesterol total tahu bekerjasamalah dokter sesuai liput ubah gaya hidup obat perlu
Kenapa self-esteem disebut pusat pertahanan emosional?;"Persepsi dirimu menentukan cara menilai ancaman psikologis. Self-esteem kuat ibarat antibodi; self-esteem lemah membuat stres gampang ""menginfeksi"", jelas Roy Baumeister.";GPT;A1_GPT_EmotionalFirstAid23-45_50.json;self esteem sebut pusat tahan emosional persepsi diri nilai ancam psikologis self esteem kuat ibarat antibodi self esteem lemah stres gampang infeksi jelas baumeister;12;0.4589173213896202;otak - stres - ganggu - mental - depresi - takut - obat - khawatir - skizofrenia - nyeri;-1_kecil_diri_sendiri_hidup;self esteem sebut pusat tahan emosional persepsi diri nilai ancam psikologis self esteem kuat ibarat antibodi self esteem lemah stres gampang infeksi jelas baumeister
Aku dengar dopamin itu penting. Apa bener kalau dopamin berlebih bikin orang jadi gila?;Nggak sepenuhnya gitu. Dopamin yang berlebih di bagian otak tertentu, seperti striatum, memang dikaitkan dengan gejala seperti halusinasi pada gangguan seperti skizofrenia. Tapi itu bukan berarti ‘gila’, hanya otak yang lagi nggak seimbang. Penting untuk cari bantuan profesional kalau merasa ada yang nggak biasa.;GROK;D11_GROK_AHandbookfortheSMH94-104_20.json;dengar dopamin penting dopamin gila sepenuh dopamin otak striatum kait gejala halusinasi ganggu skizofrenia bukan arti gila otak imbang penting profesional;12;0.4536444691589438;otak - stres - ganggu - mental - depresi - takut - obat - khawatir - skizofrenia - nyeri;12_skizofrenia_ganggu_otak_ganggu mental;dengar dopamin penting dopamin gila sepenuh dopamin otak striatum kait gejala halusinasi ganggu skizofrenia bukan arti gila otak imbang penting profesional
Apa manfaat merasa 'mampu mengatasi nyeri'?;Rasa mampu mengaktifkan jalur otak penekan nyeri, menurunkan fokus berlebihan pada sensasi sakit, dan mendorongmu tetap aktif.;GPT;D1_GPT_HealthPsycology209-229_50.json;manfaat mampu nyeri mampu jalur otak tekan nyeri turun sensasi sakit dorong tetap;12;0.4450047309389289;otak - stres - ganggu - mental - depresi - takut - obat - khawatir - skizofrenia - nyeri;-1_kecil_diri_sendiri_hidup;manfaat mampu nyeri mampu jalur otak tekan nyeri turun sensasi sakit dorong tetap
Emilia, aku merasa keluargaku sering kesal sama aku karena mood-ku. Apa yang bisa aku lakukan?;Pasti berat rasanya kalau keluarga nggak sepenuhnya paham. Dalam gangguan bipolar, interaksi keluarga kadang jadi tegang karena perubahan mood. Coba ajak mereka bicara terbuka atau ikut sesi edukasi bareng tentang kondisimu. Itu bisa bantu mereka ngerti bahwa ini bukan kesalahanmu. Mau aku bantu susun cara ngobrol sama mereka?;GROK;D12_GROK_ClinicalHandbookPsychologicalDisorders506-516_20.json;keluarga kesal mood laku berat keluarga sepenuh paham ganggu bipolar interaksi keluarga tegang ubah mood bicara sesi edukasi bareng kondisi bukan salah susun;12;0.4447661610818296;otak - stres - ganggu - mental - depresi - takut - obat - khawatir - skizofrenia - nyeri;-1_kecil_diri_sendiri_hidup;keluarga kesal mood laku berat keluarga sepenuh paham ganggu bipolar interaksi keluarga tegang ubah mood bicara sesi edukasi bareng kondisi bukan salah susun
Saya dari keluarga dengan ekonomi terbatas dan merasa sulit hidup sehat, yang bikin saya stres. Bagaimana faktor sosial memengaruhi saya, dan apa yang bisa saya lakukan?;Saya tahu hidup dengan keterbatasan ekonomi bisa terasa sangat menantang, tapi kamu kuat karena ingin perubahan! Faktor sosial seperti pendapatan rendah bisa membuat kebiasaan sehat, seperti makan bergizi atau olahraga, lebih sulit karena akses terbatas, dan ini bisa menambah stres. Tapi, kamu bisa mulai dengan langkah kecil, seperti jalan kaki di lingkunganmu atau memasak sayur murah seperti kolplay. Cari komunitas lokal gratis untuk dukungan, seperti kelompok olahraga. Apa yang paling bikin stres, dan langkah kecil apa yang bisa kamu coba?;GROK;D1_GROK_HealthPsycology96-113_30.json;keluarga ekonomi batas sulit hidup sehat stres faktor sosial pengaruh laku tahu hidup batas ekonomi tantang kuat ubah faktor sosial rendah sehat makan gizi olahraga sulit akses batas tambah stres kecil jalan kaki masak murah kolplay lokal gratis dukung kelompok olahraga paling stres kecil;12;0.4269409206220514;otak - stres - ganggu - mental - depresi - takut - obat - khawatir - skizofrenia - nyeri;-1_kecil_diri_sendiri_hidup;keluarga ekonomi batas sulit hidup sehat stres faktor sosial pengaruh laku tahu hidup batas ekonomi tantang kuat ubah faktor sosial rendah sehat makan gizi olahraga sulit akses batas tambah stres kecil jalan kaki masak murah kolplay lokal gratis dukung kelompok olahraga paling stres kecil
Aku ga suka minum obat, apa aku bisa sembuh dari mood swing tanpa obat?;Aku ngerti kalau minum obat kadang terasa berat. Untuk mood swing, terutama kalau terkait gangguan bipolar, obat seperti mood stabilizer sering jadi bagian penting buat stabilin suasana hati. Tapi, terapi psikologis, kayak family-focused treatment, juga bisa bantu banget, apalagi kalau kamu punya dukungan keluarga. Tanpa obat mungkin lebih sulit, tapi coba ngobrol sama dokter buat opsi lain. Apa alasan kamu ga suka obat? Ceritain ke aku!;GROK;D12_GROK_ClinicalHandbookPsychologicalDisorders495-505_20.json;obat sembuh mood swing obat obat berat mood swing utama kait ganggu bipolar obat mood stabilizer penting stabilin suasana hati terapi psikologis family focused treatment dukung keluarga obat sulit dokter opsi alas obat;12;0.4200416873314561;otak - stres - ganggu - mental - depresi - takut - obat - khawatir - skizofrenia - nyeri;-1_kecil_diri_sendiri_hidup;obat sembuh mood swing obat obat berat mood swing utama kait ganggu bipolar obat mood stabilizer penting stabilin suasana hati terapi psikologis family focused treatment dukung keluarga obat sulit dokter opsi alas obat
Aku dengar obat untuk skizofrenia itu cuma nutupin gejala, nggak sembuhin. Bener nggak, Emilia?;Obat untuk skizofrenia memang biasanya fokus mengurangi gejala, seperti halusinasi atau delusi, dengan mengatur neurotransmiter seperti dopamin. Tapi, itu nggak berarti cuma 'nutupin'. Obat bisa membantu orang menjalani hidup lebih stabil. Tapi, iya, obat nggak selalu menyembuhkan sepenuhnya. Penasaran soal ini karena apa?;GROK;D11_GROK_AHandbookfortheSMH83-93_20.json;dengar obat skizofrenia nutupin gejala sembuhin obat skizofrenia kurang gejala halusinasi delusi atur neurotransmiter dopamin arti nutupin obat jalan hidup stabil obat sembuh sepenuh penasaran;12;0.4176933888627342;otak - stres - ganggu - mental - depresi - takut - obat - khawatir - skizofrenia - nyeri;-1_kecil_diri_sendiri_hidup;dengar obat skizofrenia nutupin gejala sembuhin obat skizofrenia kurang gejala halusinasi delusi atur neurotransmiter dopamin arti nutupin obat jalan hidup stabil obat sembuh sepenuh penasaran
Keluarga saya punya riwayat diabetes, dan itu bikin saya cemas. Bagaimana fokus pada risiko bisa bantu, dan apa yang bisa saya lakukan?;Saya tahu cemas soal riwayat keluarga itu berat, tapi kamu hebat karena peduli! Fokus pada orang berisiko berarti kasih perhatian ekstra pada mereka yang punya riwayat penyakit, seperti diabetes, untuk cegah sebelum terjadi. Ini bantu kesehatan mentalmu karena kamu merasa proaktif. Coba mulai dengan cek gula darah rutin, makan rendah gula, dan jalan 20 menit sehari. Ngobrol sama dokter untuk saran spesifik. Apa yang bikin kamu cemas, dan apa langkah sehat yang pengen kamu coba?;GROK;D1_GROK_HealthPsycology56-95_67.json;keluarga riwayat diabetes cemas risiko laku tahu cemas riwayat keluarga berat peduli risiko arti perhati ekstra riwayat sakit diabetes cegah sehat mental proaktif gula darah rutin makan rendah gula jalan dokter saran spesifik cemas sehat;12;0.4143279084115893;otak - stres - ganggu - mental - depresi - takut - obat - khawatir - skizofrenia - nyeri;-1_kecil_diri_sendiri_hidup;keluarga riwayat diabetes cemas risiko laku tahu cemas riwayat keluarga berat peduli risiko arti perhati ekstra riwayat sakit diabetes cegah sehat mental proaktif gula darah rutin makan rendah gula jalan dokter saran spesifik cemas sehat
Aku pengen coba obat biar nggak cemas, apa itu solusi terbaik?;Obat bisa membantu, tapi nggak selalu solusi terbaik buat semua orang. Kecemasan kadang terkait neurotransmitter seperti GABA atau serotonin, dan obat bisa bantu seimbangkan. Tapi, terapi bicara atau teknik relaksasi juga efektif. Aku saranin konsultasi dulu sama dokter, dan kita bisa bahas apa yang kamu rasain lebih lanjut.;GROK;D11_GROK_AHandbookfortheSMH94-104_20.json;obat cemas solusi obat solusi cemas kait neurotransmitter gaba serotonin obat imbang terapi bicara teknik relaksasi efektif saranin konsultasi dokter bahas rasain lanjut;12;0.4138876588370295;otak - stres - ganggu - mental - depresi - takut - obat - khawatir - skizofrenia - nyeri;-1_kecil_diri_sendiri_hidup;obat cemas solusi obat solusi cemas kait neurotransmitter gaba serotonin obat imbang terapi bicara teknik relaksasi efektif saranin konsultasi dokter bahas rasain lanjut
Emilia, apa aku bisa sembuh dari depresi tanpa obat?;Banyak orang bisa pulih dari depresi dengan terapi bicara, olahraga, atau dukungan sosial, meski kadang obat membantu seimbangkan serotonin. Setiap orang beda, jadi penting coba apa yang cocok buatmu. Aku bisa bantu cari ide kegiatan yang bikin kamu lebih baik, mau?;GROK;D11_GROK_AHandbookfortheSMH94-104_20.json;sembuh depresi obat pulih depresi terapi bicara olahraga dukung sosial obat imbang serotonin penting cocok giat;12;0.4122988710251594;otak - stres - ganggu - mental - depresi - takut - obat - khawatir - skizofrenia - nyeri;-1_kecil_diri_sendiri_hidup;sembuh depresi obat pulih depresi terapi bicara olahraga dukung sosial obat imbang serotonin penting cocok giat
Emilia, kenapa aku susah tidur dan selalu gelisah?;Susah tidur dan gelisah bisa jadi tanda otakmu lagi overaktif, mungkin karena norepinephrine atau serotonin nggak seimbang. Coba kita mulai dengan rutinitas malam yang menenangkan, seperti meditasi ringan. Kalau masih susah, mungkin perlu bicara sama profesional. Apa kamu mau share lebih banyak?;GROK;D11_GROK_AHandbookfortheSMH94-104_20.json;susah tidur gelisah susah tidur gelisah otak overaktif norepinephrine serotonin imbang tenang meditasi ringan susah perlu bicara profesional;12;0.4108676865355223;otak - stres - ganggu - mental - depresi - takut - obat - khawatir - skizofrenia - nyeri;-1_kecil_diri_sendiri_hidup;susah tidur gelisah susah tidur gelisah otak overaktif norepinephrine serotonin imbang tenang meditasi ringan susah perlu bicara profesional
Saya selalu merasa lelah meski tidak sibuk. Apakah ini neurasthenia, dan apa yang bisa saya lakukan?;Kelelahan itu bisa terasa berat, dan kamu tidak sendiri! Karen Horney bilang neurasthenia adalah kelelahan mental dan fisik tanpa sebab fisik jelas, sering terkait kecemasan. Coba cek pola tidur dan makanmu—pastikan kamu cukup istirahat dan nutrisi. Luangkan 10 menit untuk aktivitas ringan, seperti jalan kaki atau meditasi. Tulis apa yang bikin kamu lelah untuk lihat polanya. Apa satu langkah kecil untuk tambah energi?;GROK;A1_GROK_PsikologiKepribadian84-101_46.json;lelah sibuk neurasthenia laku lelah berat sendiri karen horney neurasthenia lelah mental fisik fisik jelas kait cemas pola tidur makan cukup istirahat nutrisi luang aktivitas ringan jalan kaki meditasi lelah pola kecil tambah energi;12;0.4107376367312367;otak - stres - ganggu - mental - depresi - takut - obat - khawatir - skizofrenia - nyeri;-1_kecil_diri_sendiri_hidup;lelah sibuk neurasthenia laku lelah berat sendiri karen horney neurasthenia lelah mental fisik fisik jelas kait cemas pola tidur makan cukup istirahat nutrisi luang aktivitas ringan jalan kaki meditasi lelah pola kecil tambah energi
Mengapa rasa sakit yang sama bisa terasa berbeda bagi tiap orang?;"Otak menafsirkan rasa sakit berdasarkan konteks emosional. Bila luka berarti keselamatan, nyeri tampak ringan; bila mengganggu aktivitas berharga, nyeri terasa berat. Makna memodulasi sinyal saraf.";GPT;D1_GPT_HealthPsycology209-229_50.json;sakit otak tafsir sakit konteks emosional bila luka arti selamat nyeri tampak ringan bila ganggu aktivitas harga nyeri berat makna modulasi saraf;12;0.4106797075568674;otak - stres - ganggu - mental - depresi - takut - obat - khawatir - skizofrenia - nyeri;-1_kecil_diri_sendiri_hidup;sakit otak tafsir sakit konteks emosional bila luka arti selamat nyeri tampak ringan bila ganggu aktivitas harga nyeri berat makna modulasi saraf
Emilia, kenapa obat antidepresan bisa bikin aku lebih baik?;Obat antidepresan, seperti SSRI, membantu menjaga serotonin lebih lama di sinaps otak, sehingga komunikasi antar neuron jadi lebih lancar. Itu bisa bantu angkat mood-mu. Tapi obat bukan satu-satunya solusi, lho. Ceritain apa lagi yang kamu rasain, biar kita pikirin langkah berikutnya.;GROK;D11_GROK_AHandbookfortheSMH94-104_20.json;obat antidepresan obat antidepresan ssri jaga serotonin lama sinaps otak komunikasi antar neuron lancar angkat mood obat bukan solusi rasain pikirin;12;0.4100580277442718;otak - stres - ganggu - mental - depresi - takut - obat - khawatir - skizofrenia - nyeri;-1_kecil_diri_sendiri_hidup;obat antidepresan obat antidepresan ssri jaga serotonin lama sinaps otak komunikasi antar neuron lancar angkat mood obat bukan solusi rasain pikirin
Aku suka overthinking, apa otakku bermasalah?;Overthinking seringkali lebih tentang pola pikir daripada otak yang ‘bermasalah’. Tapi, kalau terlalu sering, mungkin ada hubungan dengan neurotransmitter seperti serotonin yang memengaruhi kecemasan. Kita bisa coba latihan mindfulness atau teknik relaksasi bareng, gimana?;GROK;D11_GROK_AHandbookfortheSMH94-104_20.json;overthinking otak overthinking seringkali pola otak terlalu neurotransmitter serotonin pengaruh cemas mindfulness teknik relaksasi bareng;12;0.4090700185309662;otak - stres - ganggu - mental - depresi - takut - obat - khawatir - skizofrenia - nyeri;-1_kecil_diri_sendiri_hidup;overthinking otak overthinking seringkali pola otak terlalu neurotransmitter serotonin pengaruh cemas mindfulness teknik relaksasi bareng
Aku merasa nggak bisa konsentrasi, kayak otakku kabut. Itu kenapa ya?;Itu bisa jadi tanda otakmu lagi kewalahan, mungkin karena stres atau neurotransmitter seperti dopamine nggak bekerja optimal. Coba ceritain apa yang lagi bikin kamu pusing, mungkin kita bisa temukan cara buat bikin pikiranmu lebih jernih.;GROK;D11_GROK_AHandbookfortheSMH94-104_20.json;konsentrasi otak kabut otak kewalahan stres neurotransmitter dopamine kerja optimal pusing jernih;12;0.4085391521012458;otak - stres - ganggu - mental - depresi - takut - obat - khawatir - skizofrenia - nyeri;-1_kecil_diri_sendiri_hidup;konsentrasi otak kabut otak kewalahan stres neurotransmitter dopamine kerja optimal pusing jernih
Emilia, kenapa sih aku susah banget keluar dari rasa sedih yang dalam?;Rasa sedih yang mendalam, seperti depresi, kadang terkait dengan kadar serotonin atau norepinephrine yang rendah di otak. Ini bukan salahmu, lho. Otak kita kompleks, dan kadang butuh bantuan ekstra, seperti terapi atau obat, untuk menyeimbangkan kembali. Apa kamu mau ceritain lebih banyak biar aku dengerin?;GROK;D11_GROK_AHandbookfortheSMH94-104_20.json;susah keluar sedih sedih depresi kait kadar serotonin norepinephrine rendah otak bukan salah otak kompleks butuh ekstra terapi obat imbang dengerin;12;0.407855403317534;otak - stres - ganggu - mental - depresi - takut - obat - khawatir - skizofrenia - nyeri;-1_kecil_diri_sendiri_hidup;susah keluar sedih sedih depresi kait kadar serotonin norepinephrine rendah otak bukan salah otak kompleks butuh ekstra terapi obat imbang dengerin
Aku merasa otakku kayak nggak beres. Apa hubungan neuron sama perasaan cemas?;Neuron itu sel-sel di otak yang saling ngobrol lewat neurotransmitter. Kalau komunikasinya terganggu, misalnya karena serotonin atau norepinephrine kurang seimbang, bisa bikin kita merasa cemas. Tapi tenang, kita bisa coba cari tahu lebih dalam dan temukan cara untuk bantu otakmu lebih rileks.;GROK;D11_GROK_AHandbookfortheSMH94-104_20.json;otak beres neuron cemas neuron otak saling lewat neurotransmitter komunikasi ganggu serotonin norepinephrine kurang imbang cemas tenang tahu otak rileks;12;0.4069855543545039;otak - stres - ganggu - mental - depresi - takut - obat - khawatir - skizofrenia - nyeri;-1_kecil_diri_sendiri_hidup;otak beres neuron cemas neuron otak saling lewat neurotransmitter komunikasi ganggu serotonin norepinephrine kurang imbang cemas tenang tahu otak rileks
Aku merasa hidupku nggak ada artinya. Apa otakku rusak?;Perasaan itu berat banget, dan aku sedih denger kamu ngerasa gitu. Bukan berarti otakmu rusak, tapi mungkin neurotransmitter seperti serotonin atau norepinephrine lagi nggak seimbang, yang bisa bikin depresi. Aku saranin ceritain ini ke profesional, dan aku di sini buat nemenin kamu, oke?;GROK;D11_GROK_AHandbookfortheSMH94-104_20.json;hidup arti otak rusak berat sedih denger ngerasa bukan arti otak rusak neurotransmitter serotonin norepinephrine imbang depresi saranin profesional nemenin;12;0.4068525153060391;otak - stres - ganggu - mental - depresi - takut - obat - khawatir - skizofrenia - nyeri;-1_kecil_diri_sendiri_hidup;hidup arti otak rusak berat sedih denger ngerasa bukan arti otak rusak neurotransmitter serotonin norepinephrine imbang depresi saranin profesional nemenin
Aku ngerasa energi habis terus, apa ini gara-gara otakku?;Kelelahan terus-menerus bisa terkait dengan banyak hal, termasuk ketidakseimbangan norepinephrine yang memengaruhi energi dan mood. Bisa juga karena stres atau pola hidup. Coba ceritain lebih detail apa yang kamu rasain, biar kita cari tahu apa yang bisa bantu kamu lebih berenergi.;GROK;D11_GROK_AHandbookfortheSMH94-104_20.json;ngerasa energi habis terus gara gara otak lelah terus terus kait masuk ketidakseimbangan norepinephrine pengaruh energi mood stres pola hidup detail rasain tahu energi;12;0.4064033190444879;otak - stres - ganggu - mental - depresi - takut - obat - khawatir - skizofrenia - nyeri;-1_kecil_diri_sendiri_hidup;ngerasa energi habis terus gara gara otak lelah terus terus kait masuk ketidakseimbangan norepinephrine pengaruh energi mood stres pola hidup detail rasain tahu energi
Emilia, kalau aku minum obat buat depresi, itu artinya cuma otakku yang diperbaiki, ya?;Obat memang bekerja pada level biologis, seperti mengatur neurotransmiter di otak untuk membantu suasana hati. Tapi, itu nggak berarti cuma otakmu yang ‘diperbaiki’. Lingkungan, dukungan sosial, dan terapi juga penting buat pemulihan. Obat cuma salah satu bagian. Apa yang lagi kamu pikirin soal pengobatan ini?;GROK;D11_GROK_AHandbookfortheSMH105-115_20.json;obat depresi arti otak obat kerja level biologis atur neurotransmiter otak suasana hati arti otak dukung sosial terapi penting pulih obat salah pikirin obat;12;0.4059857143093846;otak - stres - ganggu - mental - depresi - takut - obat - khawatir - skizofrenia - nyeri;-1_kecil_diri_sendiri_hidup;obat depresi arti otak obat kerja level biologis atur neurotransmiter otak suasana hati arti otak dukung sosial terapi penting pulih obat salah pikirin obat
Emilia, aku dengar obat buat depresi itu cuma main-main sama kimia otak. Apa bener gitu?;Obat untuk depresi memang bekerja dengan mengatur neurotransmiter di otak, seperti serotonin. Tapi, itu nggak berarti ‘main-main’. Obat bisa membantu menyeimbangkan kimia otak untuk kurangi gejala. Tapi, nggak semua orang respon sama, dan terapi lain juga penting. Kamu lagi mikirin apa soal obat ini?;GROK;D11_GROK_AHandbookfortheSMH83-93_20.json;dengar obat depresi main main otak obat depresi kerja atur neurotransmiter otak serotonin arti main main obat imbang otak kurang gejala respon terapi penting mikirin obat;12;0.40597949619771;otak - stres - ganggu - mental - depresi - takut - obat - khawatir - skizofrenia - nyeri;-1_kecil_diri_sendiri_hidup;dengar obat depresi main main otak obat depresi kerja atur neurotransmiter otak serotonin arti main main obat imbang otak kurang gejala respon terapi penting mikirin obat
Emilia, aku sering dengar tentang neurotransmitter. Itu apa sih sebenarnya?;Neurotransmitter itu seperti kurir kimia di otak kita. Mereka membawa pesan antar neuron, membantu otak berkomunikasi. Misalnya, ada dopamine yang terkait dengan rasa senang, atau serotonin yang membantu mengatur mood. Kalau mereka tidak seimbang, kadang bisa memengaruhi perasaan kita.;GROK;D11_GROK_AHandbookfortheSMH94-104_20.json;dengar neurotransmitter neurotransmitter kurir otak bawa pesan antar neuron otak komunikasi dopamine kait senang serotonin atur mood imbang pengaruh;12;0.4057607117976428;otak - stres - ganggu - mental - depresi - takut - obat - khawatir - skizofrenia - nyeri;-1_kecil_diri_sendiri_hidup;dengar neurotransmitter neurotransmitter kurir otak bawa pesan antar neuron otak komunikasi dopamine kait senang serotonin atur mood imbang pengaruh
Saya sering sakit perut dan mood saya berubah-ubah. Ada hubungan antara usus dan suasana hati?;Iya. Sistem saraf enterik di usus berhubungan erat dengan otak—banyak neurotransmitter seperti serotonin diproduksi di saluran pencernaan. Mengurus kesehatan usus, misalnya menangani masalah pencernaan, dapat membantu stabilkan suasana hati.;GPT;D13_GPT_BrainPower35-45_20.json;sakit perut mood ubah ubah usus suasana hati saraf enterik usus erat otak neurotransmitter serotonin produksi salur cerna urus sehat usus tangan cerna stabil suasana hati;12;0.4050021899600919;otak - stres - ganggu - mental - depresi - takut - obat - khawatir - skizofrenia - nyeri;-1_kecil_diri_sendiri_hidup;sakit perut mood ubah ubah usus suasana hati saraf enterik usus erat otak neurotransmitter serotonin produksi salur cerna urus sehat usus tangan cerna stabil suasana hati
Saya merasa kewalahan atasi artritis karena masalahnya beda-beda, bikin depresi. Bagaimana fleksibilitas membantu, dan apa yang bisa saya lakukan?;Saya paham kewalahan itu berat, tapi kamu kuat karena ingin cari solusi! Fleksibilitas koping bantu atasi masalah artritis yang beragam, seperti nyeri atau batasan, dengan cara beda, yang kurangi depresi dan bikin kesehatan mental lebih baik. Coba pakai koping beda tiap masalah: meditasi untuk nyeri, jalan ringan untuk kaku. Tulis tiga cara koping, seperti ‘Aku akan coba yoga.’ Ngobrol sama konselor. Bilang, ‘Aku bisa fleksibel!’ Cari grup artritis online. Apa masalah terberat, dan koping apa yang pengen kamu coba?;GROK;D1_GROK_HealthPsycology230-249_50.json;kewalahan artritis depresi fleksibilitas laku paham kewalahan berat kuat solusi fleksibilitas koping artritis agam nyeri batas kurang depresi sehat mental koping meditasi nyeri jalan ringan kaku koping yoga konselor fleksibel grup artritis berat koping;12;0.3944489117778362;otak - stres - ganggu - mental - depresi - takut - obat - khawatir - skizofrenia - nyeri;-1_kecil_diri_sendiri_hidup;kewalahan artritis depresi fleksibilitas laku paham kewalahan berat kuat solusi fleksibilitas koping artritis agam nyeri batas kurang depresi sehat mental koping meditasi nyeri jalan ringan kaku koping yoga konselor fleksibel grup artritis berat koping
Aku merasa keluargaku nggak harmonis. Apa hubungannya sama masalah mentalku?;Keluarga yang nggak harmonis memang bisa berpengaruh ke kesehatan mental, lho. Psikologi bilang, hubungan keluarga itu kayak sistem, kalau ada ketegangan di satu sisi, bisa memengaruhi yang lain, termasuk perasaanmu. Misalnya, kalau ada konflik terus-menerus, kamu mungkin merasa cemas atau sedih. Apa yang lagi bikin kamu ngerasa keluargamu nggak harmonis? Ceritain, mungkin aku bisa bantu lihat pola yang terjadi.;GROK;D11_GROK_AHandbookfortheSMH116-126_20.json;keluarga harmonis mental keluarga harmonis pengaruh sehat mental psikologi keluarga tegang sisi pengaruh masuk konflik terus terus cemas sedih ngerasa keluarga harmonis pola;12;0.386807520456806;otak - stres - ganggu - mental - depresi - takut - obat - khawatir - skizofrenia - nyeri;-1_kecil_diri_sendiri_hidup;keluarga harmonis mental keluarga harmonis pengaruh sehat mental psikologi keluarga tegang sisi pengaruh masuk konflik terus terus cemas sedih ngerasa keluarga harmonis pola
Dikatakan orgasme bisa mengurangi depresi. Kalau saya tidak mengalami orgasme, apakah artinya saya lebih mungkin depresi?;Informasi di dokumen menyebut korelasi antara orgasme dan suasana hati yang lebih baik, tapi korelasi tidak sama dengan kepastian. Tidak mengalami orgasme bukan berarti pasti akan depresi. Banyak faktor memengaruhi kesehatan mental. Jika suasana hatimu turun terus-menerus, lebih baik berkonsultasi dengan profesional kesehatan mental untuk mendapatkan penilaian dan dukungan yang tepat.;GPT;D13_GPT_BrainPower79-89_30.json;kata orgasme kurang depresi alami orgasme arti depresi dokumen sebut korelasi orgasme suasana hati korelasi alami orgasme bukan arti depresi faktor pengaruh sehat mental suasana hati turun terus terus konsultasi profesional sehat mental nilai dukung tepat;12;0.3795599105212056;otak - stres - ganggu - mental - depresi - takut - obat - khawatir - skizofrenia - nyeri;-1_kecil_diri_sendiri_hidup;kata orgasme kurang depresi alami orgasme arti depresi dokumen sebut korelasi orgasme suasana hati korelasi alami orgasme bukan arti depresi faktor pengaruh sehat mental suasana hati turun terus terus konsultasi profesional sehat mental nilai dukung tepat
Saya tergoda minum banyak suplemen agar cepat 'cerdas'. Apa risikonya?;Mengonsumsi suplemen sembarangan bisa menimbulkan overdosis nutrisi, interaksi obat, atau efek samping lain. Lebih aman berkonsultasi dulu, mengikuti dosis yang dianjurkan, dan utamakan makanan bergizi sebagai sumber utama nutrisi.;GPT;D13_GPT_BrainPower79-89_30.json;goda suplemen cepat cerdas risiko konsumsi suplemen sembarang timbul overdosis nutrisi interaksi obat efek konsultasi dosis anjur utama makan gizi sumber utama nutrisi;12;0.3688924999036194;otak - stres - ganggu - mental - depresi - takut - obat - khawatir - skizofrenia - nyeri;-1_kecil_diri_sendiri_hidup;goda suplemen cepat cerdas risiko konsumsi suplemen sembarang timbul overdosis nutrisi interaksi obat efek konsultasi dosis anjur utama makan gizi sumber utama nutrisi
Aku takut kalau depresi itu cuma karena gen, berarti nggak bisa diubah, dong?;Aku paham ketakutanmu. Tapi, meski gen berperan, itu nggak berarti depresi nggak bisa diatasi. Lingkungan, seperti dukungan sosial atau terapi, bisa sangat membantu. Bahkan gangguan genetik pun kadang bisa dikelola dengan perubahan gaya hidup. Apa yang lagi bikin kamu khawatir soal ini? Ceritain, yuk.;GROK;D11_GROK_AHandbookfortheSMH105-115_20.json;takut depresi arti ubah paham takut peran arti depresi dukung sosial terapi bahkan ganggu genetik kelola ubah gaya hidup khawatir;12;0.3015253108852306;otak - stres - ganggu - mental - depresi - takut - obat - khawatir - skizofrenia - nyeri;-1_kecil_diri_sendiri_hidup;takut depresi arti ubah paham takut peran arti depresi dukung sosial terapi bahkan ganggu genetik kelola ubah gaya hidup khawatir
Aku dengar depresi itu cuma buat orang yang nggak kuat mental. Bener nggak sih?;Itu mitos banget. Depresi bukan soal kuat atau lemah mental, tapi kondisi kesehatan yang bisa dialami siapa aja, kayak flu atau demam. Banyak faktor yang memengaruhi, seperti stres, lingkungan, atau bahkan biologi. Kamu nggak perlu merasa malu kalau merasa down. Mau ceritain apa yang lagi ada di pikiranmu? Aku di sini.;GROK;D11_GROK_AHandbookfortheSMH358-368_20.json;dengar depresi kuat mental mitos depresi bukan kuat lemah mental kondisi sehat alami siapa demam faktor pengaruh stres bahkan biologi perlu malu down;12;0.2864573910355044;otak - stres - ganggu - mental - depresi - takut - obat - khawatir - skizofrenia - nyeri;-1_kecil_diri_sendiri_hidup;dengar depresi kuat mental mitos depresi bukan kuat lemah mental kondisi sehat alami siapa demam faktor pengaruh stres bahkan biologi perlu malu down
Aku takut ada masalah sama otakku. Apa tes neuropsikologi perlu?;Aku ngerti takutnya kalau otak bermasalah. Tes neuropsikologi bantu cek gimana otakmu bekerja, misalnya kalau kamu pernah cedera kepala atau khawatir soal penyakit otak. Ini kasih gambaran apa yang lagi susah dan bantu psikolog kasih saran, kayak terapi. Kalau khawatir, tanya psikologmu apakah tes ini perlu. Mau ceritain apa yang bikin takut? Aku dengerin, kok.;GROK;D2_GROK_DrAndrewClinicalPsychology195-218_35.json;takut otak neuropsikologi perlu takut otak neuropsikologi otak kerja cedera kepala khawatir sakit otak susah psikolog saran terapi khawatir psikolog perlu takut dengerin;12;0.2305499410640432;otak - stres - ganggu - mental - depresi - takut - obat - khawatir - skizofrenia - nyeri;-1_kecil_diri_sendiri_hidup;takut otak neuropsikologi perlu takut otak neuropsikologi otak kerja cedera kepala khawatir sakit otak susah psikolog saran terapi khawatir psikolog perlu takut dengerin
Aku sering dengar depresi itu cuma buat orang dewasa. Bener nggak sih remaja juga bisa depresi?;Nggak benar kalau depresi cuma buat orang dewasa. Remaja juga bisa mengalami depresi, lho. Bahkan, banyak remaja yang merasa sedih, nggak berenergi, atau sulit konsentrasi karena depresi. Ini sering dipengaruhi oleh perubahan di tubuh, tekanan sosial, atau lingkungan sekitar. Kalau kamu merasa begitu, ceritain ke aku, ya, apa yang lagi bikin kamu tertekan.;GROK;D11_GROK_AHandbookfortheSMH358-368_20.json;dengar depresi dewasa remaja depresi depresi dewasa remaja alami depresi bahkan remaja sedih energi sulit konsentrasi depresi pengaruh ubah tubuh tekan sosial tekan;12;0.230203753573182;otak - stres - ganggu - mental - depresi - takut - obat - khawatir - skizofrenia - nyeri;-1_kecil_diri_sendiri_hidup;dengar depresi dewasa remaja depresi depresi dewasa remaja alami depresi bahkan remaja sedih energi sulit konsentrasi depresi pengaruh ubah tubuh tekan sosial tekan
Aku merasa nggak punya energi buat ngapa-ngapain. Ini depresi nggak sih?;Kehilangan energi bisa jadi salah satu tanda depresi, tapi bisa juga karena faktor lain, seperti kurang tidur atau stres. Penting buat cek apakah ini berlangsung lama atau ada gejala lain. Mau ceritain lebih banyak soal perasaanmu? Aku di sini buat bantu.;GROK;D11_GROK_AHandbookfortheSMH292-302_20.json;energi depresi hilang energi salah depresi faktor kurang tidur stres penting langsung lama gejala;12;0.2217554398793481;otak - stres - ganggu - mental - depresi - takut - obat - khawatir - skizofrenia - nyeri;-1_kecil_diri_sendiri_hidup;energi depresi hilang energi salah depresi faktor kurang tidur stres penting langsung lama gejala
Usiaku sudah 40‑an, terlambatkah mengubah sifat perfeksionis berlebihan?;"Tidak pernah terlambat. Otak tetap plastis; dengan latihan mindful dan self‑compassion, kamu bisa mengarahkan perfeksionisme menjadi standar sehat, bukan beban.";GPT;A1_GPT_PsikologiKepribadian14-33_50.json;usia lambat ubah sifat perfeksionis lambat otak tetap plastis mindful self compassion arah perfeksionisme standar sehat bukan beban;12;0.209953580033383;otak - stres - ganggu - mental - depresi - takut - obat - khawatir - skizofrenia - nyeri;-1_kecil_diri_sendiri_hidup;usia lambat ubah sifat perfeksionis lambat otak tetap plastis mindful self compassion arah perfeksionisme standar sehat bukan beban
Apakah placebo membantu untuk tekanan darah tinggi?;"Tekanan darah adalah parameter objektif; placebo berdampak kecil. Perubahan gaya hidup dan obat antihipertensi tetap utama. Sikap positif membantu kepatuhan, namun tidak menggantikan terapi.";GPT;D1_GPT_HealthPsycology184-208_50.json;placebo tekan darah tinggi tekan darah parameter objektif placebo dampak kecil ubah gaya hidup obat antihipertensi tetap utama sikap positif patuh terapi;12;0.2050604726440397;otak - stres - ganggu - mental - depresi - takut - obat - khawatir - skizofrenia - nyeri;-1_kecil_diri_sendiri_hidup;placebo tekan darah tinggi tekan darah parameter objektif placebo dampak kecil ubah gaya hidup obat antihipertensi tetap utama sikap positif patuh terapi
Aku ngerasa temenku berubah setelah tahu aku skizofrenia. Aku harus ngomong apa ke dia?;Aku tahu itu pasti bikin sedih. Temenmu mungkin bingung atau takut karena gak paham skizofrenia. Coba ajak dia ngobrol pelan-pelan, mungkin tanya apa yang bikin dia berubah. Kamu bisa ceritain sedikit soal pengalamanmu atau kasih info sederhana soal skizofrenia. Kalau dia gak mau terbuka, mungkin cari temen yang lebih suportif juga bisa bantu. Mau coba pikirin kalimat apa yang pengen kamu sampaikan ke dia?;GROK;D11_GROK_AHandbookfortheSMH600-609_20.json;ngerasa temenku ubah tahu skizofrenia ngomong tahu sedih temenmu takut paham skizofrenia pelan pelan ubah alam info sederhana skizofrenia temen suportif pikirin;12;0.2027659940470312;otak - stres - ganggu - mental - depresi - takut - obat - khawatir - skizofrenia - nyeri;-1_kecil_diri_sendiri_hidup;ngerasa temenku ubah tahu skizofrenia ngomong tahu sedih temenmu takut paham skizofrenia pelan pelan ubah alam info sederhana skizofrenia temen suportif pikirin
Aku merasa bingung kenapa kadang orang di sekitarku bilang aku perlu ke dokter jiwa, tapi aku merasa baik-baik aja. Apa maksudnya ini?;Hmm, aku dengar kamu merasa bingung dengan komentar orang-orang. Kadang, orang di sekitar kita bisa melihat sesuatu yang mungkin kita sendiri nggak sadari, seperti perubahan perilaku atau emosi. Tapi, kalau kamu merasa baik-baik aja, itu juga valid. Mungkin coba refleksi dulu: ada nggak sih hal-hal kecil yang bikin kamu stres atau beda dari biasanya? Kalau mau cerita lebih, aku dengerin, kok.;GROK;D11_GROK_AHandbookfortheSMH457-467_20.json;perlu dokter jiwa dengar komentar sendiri ubah perilaku emosi valid refleksi kecil stres dengerin;12;0.202495865153577;otak - stres - ganggu - mental - depresi - takut - obat - khawatir - skizofrenia - nyeri;-1_kecil_diri_sendiri_hidup;perlu dokter jiwa dengar komentar sendiri ubah perilaku emosi valid refleksi kecil stres dengerin
Bagaimana menyusun rencana perawatan cadangan?;Diskusikan bersama dokter mengenai opsi terapi, efek samping, dan kualitas hidup. Catat preferensimu lalu bagikan ke keluarga agar semua memahami skenario ‘jika‑maka’.;GPT;D1_GPT_HealthPsycology250-268_50.json;susun rencana awat cadang diskusi dokter kena opsi terapi efek kualitas hidup catat preferensi keluarga paham skenario;12;0.1939840020096163;otak - stres - ganggu - mental - depresi - takut - obat - khawatir - skizofrenia - nyeri;-1_kecil_diri_sendiri_hidup;susun rencana awat cadang diskusi dokter kena opsi terapi efek kualitas hidup catat preferensi keluarga paham skenario
Aku pernah dengar orang bilang orang dengan gangguan mental sering melakukan kejahatan. Bener nggak sih?;Itu mitos yang sering bikin stigma, lho. Sebenarnya, sebagian besar orang dengan gangguan mental nggak lebih berbahaya dibandingkan orang lain. Hanya sebagian kecil kasus, misalnya kalau ada gejala psikotik yang nggak terdeteksi atau nggak diobati, yang bisa terkait dengan perilaku berisiko. Tapi ini nggak berarti gangguan mental otomatis bikin seseorang jadi kriminal. Banyak faktor lain, seperti lingkungan atau kurangnya dukungan, yang lebih berperan.;GROK;D11_GROK_AHandbookfortheSMH512-522_20.json;dengar ganggu mental laku jahat mitos stigma ganggu mental bahaya banding kecil kasus gejala psikotik deteksi obat kait perilaku risiko arti ganggu mental otomatis kriminal faktor kurang dukung peran;12;0.1898809663610444;otak - stres - ganggu - mental - depresi - takut - obat - khawatir - skizofrenia - nyeri;-1_kecil_diri_sendiri_hidup;dengar ganggu mental laku jahat mitos stigma ganggu mental bahaya banding kecil kasus gejala psikotik deteksi obat kait perilaku risiko arti ganggu mental otomatis kriminal faktor kurang dukung peran
Aku takut otakku bermasalah. Apa tes neuropsikologi bantu?;Aku ngerti kekhawatiranmu soal otak. Tes neuropsikologi itu cek gimana otakmu bekerja, misalnya buat lihat efek cedera kepala atau penyakit kayak Alzheimer. Ini bantu psikolog ngerti apa yang lagi bermasalah dan kasih saran buat bantu, kayak terapi atau rencana pemulihan. Kalau khawatir, tanya psikologmu soal tes ini. Mau ceritain apa yang bikin takut? Aku dengerin, kok.;GROK;D2_GROK_DrAndrewClinicalPsychology195-218_35.json;takut otak neuropsikologi khawatir otak neuropsikologi otak kerja efek cedera kepala sakit alzheimer psikolog saran terapi rencana pulih khawatir psikolog takut dengerin;12;0.1739701408792709;otak - stres - ganggu - mental - depresi - takut - obat - khawatir - skizofrenia - nyeri;-1_kecil_diri_sendiri_hidup;takut otak neuropsikologi khawatir otak neuropsikologi otak kerja efek cedera kepala sakit alzheimer psikolog saran terapi rencana pulih khawatir psikolog takut dengerin
Emilia, aku takut banget aku punya gen depresi dari keluargaku. Apa aku pasti kena?;Gen memang bisa meningkatkan risiko depresi, tapi itu bukan jaminan kamu akan mengalaminya. Faktor lain seperti lingkungan, cara menghadapi stres, dan dukungan sosial juga sangat berpengaruh. Kita bisa kerja sama untuk bangun kebiasaan sehat buat jaga kesehatan mentalmu, mau coba?;GROK;D11_GROK_AHandbookfortheSMH94-104_20.json;takut depresi keluarga kena tingkat risiko depresi bukan jamin alam faktor hadap stres dukung sosial pengaruh kerja sehat jaga sehat mental;12;0.144532313175681;otak - stres - ganggu - mental - depresi - takut - obat - khawatir - skizofrenia - nyeri;-1_kecil_diri_sendiri_hidup;takut depresi keluarga kena tingkat risiko depresi bukan jamin alam faktor hadap stres dukung sosial pengaruh kerja sehat jaga sehat mental
Keluargaku bilang aku harus berhenti minum, tapi aku nggak merasa bermasalah. Aku bingung.;Bisa bikin bingung kalau keluarga bilang begitu tapi kamu merasa baik-baik aja. Mungkin kita bisa lihat dari sudut pandang mereka, apa yang bikin mereka khawatir. Apa kamu mau coba catat seberapa sering kamu minum dan apa efeknya ke hidupmu? Itu bisa bantu kita lihat gambaran yang lebih jelas.;GROK;D12_GROK_ClinicalHandbookPsychologicalDisorders583-593_20.json;keluarga henti keluarga sudut pandang khawatir catat berapa efek hidup jelas;12;0.1422714277247104;otak - stres - ganggu - mental - depresi - takut - obat - khawatir - skizofrenia - nyeri;-1_kecil_diri_sendiri_hidup;keluarga henti keluarga sudut pandang khawatir catat berapa efek hidup jelas
Aku takut PMDD bikin aku dikira sakit padahal cuma PMS. Bener nggak?;Aku ngerti kamu takut gejala normal dikira penyakit. Premenstrual dysphoric disorder (PMDD) lagi diusulin buat DSM, tapi banyak yang bilang ini bisa bikin pengalaman normal perempuan, kayak PMS, dikira gangguan mental. PMDD sebenarnya buat yang gejalanya bener-bener parah dan ganggu hidup. Psikolog yang baik bakal hati-hati kasih label ini. Coba ceritain gejalamu ke mereka. Apa yang lagi bikin khawatir? Ceritain, dong.;GROK;D2_GROK_DrAndrewClinicalPsychology150-170_38.json;takut pmdd sakit padahal takut gejala sakit premenstrual dysphoric disorder pmdd diusulin alam perempuan ganggu mental pmdd gejala parah ganggu hidup psikolog hati hati label gejala khawatir;12;0.1291623846349672;otak - stres - ganggu - mental - depresi - takut - obat - khawatir - skizofrenia - nyeri;-1_kecil_diri_sendiri_hidup;takut pmdd sakit padahal takut gejala sakit premenstrual dysphoric disorder pmdd diusulin alam perempuan ganggu mental pmdd gejala parah ganggu hidup psikolog hati hati label gejala khawatir
Aku takut PMDD bikin aku dikira lemah. Apa itu bener?;Aku ngerti kamu takut gejala normal dikira kelemahan. Premenstrual dysphoric disorder (PMDD) lagi diusulin buat DSM, tapi dikritik karena bisa bikin pengalaman wajar perempuan dikira gangguan mental. PMDD sebenarnya buat gejala yang bener-bener parah, bukan cuma PMS biasa. Psikolog yang baik bakal cek dengan hati-hati sebelum kasih label. Coba ceritain gejalamu ke mereka. Apa yang bikin takut? Ceritain, dong.;GROK;D2_GROK_DrAndrewClinicalPsychology150-170_38.json;takut pmdd lemah takut gejala lemah premenstrual dysphoric disorder pmdd diusulin kritik alam perempuan ganggu mental pmdd gejala parah bukan psikolog hati hati label gejala takut;12;0.1291551912897575;otak - stres - ganggu - mental - depresi - takut - obat - khawatir - skizofrenia - nyeri;-1_kecil_diri_sendiri_hidup;takut pmdd lemah takut gejala lemah premenstrual dysphoric disorder pmdd diusulin kritik alam perempuan ganggu mental pmdd gejala parah bukan psikolog hati hati label gejala takut
